seed_mode,eigenvalue,timestep,loading_rank,cell_type,initial_mode_loading,signal_real,signal_imag,signal_magnitude
0,(0.9499999999999997+5.421010862427522e-20j),0,1,MEC LIII Superficial Multipolar Interneuron,(0.6703921326931581+4.626631465745246e-05j),0.6703921326931581,4.626631465745246e-05,0.6703921342896654
0,(0.9499999999999997+5.421010862427522e-20j),0,2,CA1 Trilaminar,(0.49278939781567266+3.400927341972845e-05j),0.49278939781567266,3.400927341972845e-05,0.49278939898922736
0,(0.9499999999999997+5.421010862427522e-20j),0,3,CA1 Perforant Path Associated QuadD,(0.2874237007986321+1.98362044132841e-05j),0.2874237007986321,1.98362044132841e-05,0.2874237014831181
0,(0.9499999999999997+5.421010862427522e-20j),0,4,CA1 Perforant Path Associated,(0.2274032947156595+1.5693967566698285e-05j),0.2274032947156595,1.5693967566698285e-05,0.22740329525720973
0,(0.9499999999999997+5.421010862427522e-20j),0,5,DG Axo Axonic,(0.19408939572586015+1.3394848501955073e-05j),0.19408939572586015,1.3394848501955073e-05,0.1940893961880749
0,(0.9499999999999997+5.421010862427522e-20j),1,1,MEC LIII Superficial Multipolar Interneuron,(0.6703921326931581+4.626631465745246e-05j),0.6368725260585,4.3952998924579856e-05,0.6368725275751819
0,(0.9499999999999997+5.421010862427522e-20j),1,2,CA1 Trilaminar,(0.49278939781567266+3.400927341972845e-05j),0.4681499279248889,3.230880974874204e-05,0.4681499290397659
0,(0.9499999999999997+5.421010862427522e-20j),1,3,CA1 Perforant Path Associated QuadD,(0.2874237007986321+1.98362044132841e-05j),0.27305251575870043,1.884439419261991e-05,0.2730525164089621
0,(0.9499999999999997+5.421010862427522e-20j),1,4,CA1 Perforant Path Associated,(0.2274032947156595+1.5693967566698285e-05j),0.21603312997987648,1.4909269188363378e-05,0.2160331304943492
0,(0.9499999999999997+5.421010862427522e-20j),1,5,DG Axo Axonic,(0.19408939572586015+1.3394848501955073e-05j),0.1843849259395671,1.2725106076857326e-05,0.1843849263786711
0,(0.9499999999999997+5.421010862427522e-20j),2,1,MEC LIII Superficial Multipolar Interneuron,(0.6703921326931581+4.626631465745246e-05j),0.6050288997555748,4.175534897835089e-05,0.6050289011964226
0,(0.9499999999999997+5.421010862427522e-20j),2,2,CA1 Trilaminar,(0.49278939781567266+3.400927341972845e-05j),0.44474243152864434,3.0693369261304957e-05,0.44474243258777746
0,(0.9499999999999997+5.421010862427522e-20j),2,3,CA1 Perforant Path Associated QuadD,(0.2874237007986321+1.98362044132841e-05j),0.25939988997076535,1.7902174482988922e-05,0.2593998905885139
0,(0.9499999999999997+5.421010862427522e-20j),2,4,CA1 Perforant Path Associated,(0.2274032947156595+1.5693967566698285e-05j),0.2052314734808826,1.4163805728945218e-05,0.20523147396963168
0,(0.9499999999999997+5.421010862427522e-20j),2,5,DG Axo Axonic,(0.19408939572586015+1.3394848501955073e-05j),0.1751656796425887,1.2088850773014467e-05,0.17516568005973748
0,(0.9499999999999997+5.421010862427522e-20j),3,1,MEC LIII Superficial Multipolar Interneuron,(0.6703921326931581+4.626631465745246e-05j),0.574777454767796,3.966758152943337e-05,0.5747774561366014
0,(0.9499999999999997+5.421010862427522e-20j),3,2,CA1 Trilaminar,(0.49278939781567266+3.400927341972845e-05j),0.422505309952212,2.9158700798239725e-05,0.4225053109583885
0,(0.9499999999999997+5.421010862427522e-20j),3,3,CA1 Perforant Path Associated QuadD,(0.2874237007986321+1.98362044132841e-05j),0.24642989547222702,1.7007065758839483e-05,0.2464298960590882
0,(0.9499999999999997+5.421010862427522e-20j),3,4,CA1 Perforant Path Associated,(0.2274032947156595+1.5693967566698285e-05j),0.19496989980683843,1.3455615442497965e-05,0.19496990027115005
0,(0.9499999999999997+5.421010862427522e-20j),3,5,DG Axo Axonic,(0.19408939572586015+1.3394848501955073e-05j),0.1664073956604592,1.148440823436375e-05,0.16640739605675056
0,(0.9499999999999997+5.421010862427522e-20j),4,1,MEC LIII Superficial Multipolar Interneuron,(0.6703921326931581+4.626631465745246e-05j),0.546038582029406,3.768420245296172e-05,0.5460385833297712
0,(0.9499999999999997+5.421010862427522e-20j),4,2,CA1 Trilaminar,(0.49278939781567266+3.400927341972845e-05j),0.4013800444546013,2.7700765758327756e-05,0.40138004541046896
0,(0.9499999999999997+5.421010862427522e-20j),4,3,CA1 Perforant Path Associated QuadD,(0.2874237007986321+1.98362044132841e-05j),0.23410840069861558,1.615671247089752e-05,0.2341084012561337
0,(0.9499999999999997+5.421010862427522e-20j),4,4,CA1 Perforant Path Associated,(0.2274032947156595+1.5693967566698285e-05j),0.18522140481649643,1.2782834670373073e-05,0.18522140525759248
0,(0.9499999999999997+5.421010862427522e-20j),4,5,DG Axo Axonic,(0.19408939572586015+1.3394848501955073e-05j),0.1580870258774362,1.0910187822645568e-05,0.158087026253913
0,(0.9499999999999997+5.421010862427522e-20j),5,1,MEC LIII Superficial Multipolar Interneuron,(0.6703921326931581+4.626631465745246e-05j),0.5187366529279356,3.579999233031365e-05,0.5187366541632824
0,(0.9499999999999997+5.421010862427522e-20j),5,2,CA1 Trilaminar,(0.49278939781567266+3.400927341972845e-05j),0.38131104223187107,2.631572747041138e-05,0.3813110431399453
0,(0.9499999999999997+5.421010862427522e-20j),5,3,CA1 Perforant Path Associated QuadD,(0.2874237007986321+1.98362044132841e-05j),0.22240298066368472,1.534887684735265e-05,0.2224029811933269
0,(0.9499999999999997+5.421010862427522e-20j),5,4,CA1 Perforant Path Associated,(0.2274032947156595+1.5693967566698285e-05j),0.17596033457567156,1.2143692936854425e-05,0.1759603349947128
0,(0.9499999999999997+5.421010862427522e-20j),5,5,DG Axo Axonic,(0.19408939572586015+1.3394848501955073e-05j),0.15018267458356435,1.0364678431513294e-05,0.15018267494121731
0,(0.9499999999999997+5.421010862427522e-20j),6,1,MEC LIII Superficial Multipolar Interneuron,(0.6703921326931581+4.626631465745246e-05j),0.49279982028153857,3.4009992713797984e-05,0.4927998214551181
0,(0.9499999999999997+5.421010862427522e-20j),6,2,CA1 Trilaminar,(0.49278939781567266+3.400927341972845e-05j),0.3622454901202774,2.4999941096890825e-05,0.36224549098294795
0,(0.9499999999999997+5.421010862427522e-20j),6,3,CA1 Perforant Path Associated QuadD,(0.2874237007986321+1.98362044132841e-05j),0.21128283163050043,1.4581433004985025e-05,0.21128283213366053
0,(0.9499999999999997+5.421010862427522e-20j),6,4,CA1 Perforant Path Associated,(0.2274032947156595+1.5693967566698285e-05j),0.16716231784688793,1.153650829001171e-05,0.1671623182449771
0,(0.9499999999999997+5.421010862427522e-20j),6,5,DG Axo Axonic,(0.19408939572586015+1.3394848501955073e-05j),0.14267354085438608,9.846444509937636e-06,0.14267354119415637
0,(0.9499999999999997+5.421010862427522e-20j),7,1,MEC LIII Superficial Multipolar Interneuron,(0.6703921326931581+4.626631465745246e-05j),0.46815982926746147,3.230949307810811e-05,0.46815983038236203
0,(0.9499999999999997+5.421010862427522e-20j),7,2,CA1 Trilaminar,(0.49278939781567266+3.400927341972845e-05j),0.3441332156142634,2.3749944042046293e-05,0.3441332164338004
0,(0.9499999999999997+5.421010862427522e-20j),7,3,CA1 Perforant Path Associated QuadD,(0.2874237007986321+1.98362044132841e-05j),0.20071869004897533,1.385236135473578e-05,0.2007186905269774
0,(0.9499999999999997+5.421010862427522e-20j),7,4,CA1 Perforant Path Associated,(0.2274032947156595+1.5693967566698285e-05j),0.15880420195454348,1.0959682875511129e-05,0.15880420233272818
0,(0.9499999999999997+5.421010862427522e-20j),7,5,DG Axo Axonic,(0.19408939572586015+1.3394848501955073e-05j),0.13553986381166672,9.354122284440758e-06,0.13553986413444852
0,(0.9499999999999997+5.421010862427522e-20j),8,1,MEC LIII Superficial Multipolar Interneuron,(0.6703921326931581+4.626631465745246e-05j),0.44475183780408833,3.0694018424202716e-05,0.4447518388632439
0,(0.9499999999999997+5.421010862427522e-20j),8,2,CA1 Trilaminar,(0.49278939781567266+3.400927341972845e-05j),0.32692655483355015,2.256244683994399e-05,0.3269265556121103
0,(0.9499999999999997+5.421010862427522e-20j),8,3,CA1 Perforant Path Associated QuadD,(0.2874237007986321+1.98362044132841e-05j),0.19068275554652653,1.3159743286999e-05,0.1906827560006285
0,(0.9499999999999997+5.421010862427522e-20j),8,4,CA1 Perforant Path Associated,(0.2274032947156595+1.5693967566698285e-05j),0.15086399185681626,1.041169873173558e-05,0.15086399221609173
0,(0.9499999999999997+5.421010862427522e-20j),8,5,DG Axo Axonic,(0.19408939572586015+1.3394848501955073e-05j),0.12876287062108335,8.886416170218725e-06,0.12876287092772606
0,(0.9499999999999997+5.421010862427522e-20j),9,1,MEC LIII Superficial Multipolar Interneuron,(0.6703921326931581+4.626631465745246e-05j),0.4225142459138838,2.9159317502992596e-05,0.42251424692008155
0,(0.9499999999999997+5.421010862427522e-20j),9,2,CA1 Trilaminar,(0.49278939781567266+3.400927341972845e-05j),0.3105802270918726,2.1434324497946805e-05,0.31058022783150474
0,(0.9499999999999997+5.421010862427522e-20j),9,3,CA1 Perforant Path Associated QuadD,(0.2874237007986321+1.98362044132841e-05j),0.18114861776920016,1.2501756122649057e-05,0.18114861820059705
0,(0.9499999999999997+5.421010862427522e-20j),9,4,CA1 Perforant Path Associated,(0.2274032947156595+1.5693967566698285e-05j),0.14332079226397543,9.891113795148806e-06,0.14332079260528713
0,(0.9499999999999997+5.421010862427522e-20j),9,5,DG Axo Axonic,(0.19408939572586015+1.3394848501955073e-05j),0.12232472709002916,8.442095361707793e-06,0.12232472738133972
0,(0.9499999999999997+5.421010862427522e-20j),10,1,MEC LIII Superficial Multipolar Interneuron,(0.6703921326931581+4.626631465745246e-05j),0.40138853361818955,2.7701351627842984e-05,0.4013885345740774
0,(0.9499999999999997+5.421010862427522e-20j),10,2,CA1 Trilaminar,(0.49278939781567266+3.400927341972845e-05j),0.2950512157372789,2.036260827304948e-05,0.29505121643992943
0,(0.9499999999999997+5.421010862427522e-20j),10,3,CA1 Perforant Path Associated QuadD,(0.2874237007986321+1.98362044132841e-05j),0.1720911868807401,1.1876668316516612e-05,0.17209118729056713
0,(0.9499999999999997+5.421010862427522e-20j),10,4,CA1 Perforant Path Associated,(0.2274032947156595+1.5693967566698285e-05j),0.13615475265077662,9.396558105391372e-06,0.13615475297502275
0,(0.9499999999999997+5.421010862427522e-20j),10,5,DG Axo Axonic,(0.19408939572586015+1.3394848501955073e-05j),0.11620849073552768,8.019990593622408e-06,0.11620849101227272
1,(0.37005968990180305+0j),0,1,MEC LIII Superficial Multipolar Interneuron,(-0.04230089712519237+0.6401166362400346j),-0.04230089712519237,0.6401166362400346,0.6415128010327251
1,(0.37005968990180305+0j),0,2,CA1 Perforant Path Associated QuadD,(0.02264346794584977-0.34265137430558645j),0.02264346794584977,-0.34265137430558645,0.34339873464257525
1,(0.37005968990180305+0j),0,3,DG AIPRIM,(0.019340307997449742-0.2926664383153424j),0.019340307997449742,-0.2926664383153424,0.2933047760088886
1,(0.37005968990180305+0j),0,4,CA1 Perforant Path Associated,(0.017694531257716296-0.26776178753400354j),0.017694531257716296,-0.26776178753400354,0.2683458054448311
1,(0.37005968990180305+0j),0,5,DG Axo Axonic,(0.016566173339728797-0.25068695640691574j),0.016566173339728797,-0.25068695640691574,0.2512337322329245
1,(0.37005968990180305+0j),1,1,MEC LIII Superficial Multipolar Interneuron,(-0.04230089712519237+0.6401166362400346j),-0.039202037912191914,0.5932232729684095,0.5945171581778115
1,(0.37005968990180305+0j),1,2,CA1 Perforant Path Associated QuadD,(0.02264346794584977-0.34265137430558645j),-0.0017166046085044708,0.025976450676636287,0.026033108172818252
1,(0.37005968990180305+0j),1,3,DG AIPRIM,(0.019340307997449742-0.2926664383153424j),0.0023188710899302127,-0.035090224152158234,0.0351667597907516
1,(0.37005968990180305+0j),1,4,CA1 Perforant Path Associated,(0.017694531257716296-0.26776178753400354j),-0.0014397309656912346,0.021786671335157867,0.021834190461745076
1,(0.37005968990180305+0j),1,5,DG Axo Axonic,(0.016566173339728797-0.25068695640691574j),-0.0006871073776863234,0.010397624949621778,0.010420303313314266
1,(0.37005968990180305+0j),2,1,MEC LIII Superficial Multipolar Interneuron,(-0.04230089712519237+0.6401166362400346j),-0.03687786598080586,0.5580528340446373,0.559270008658206
1,(0.37005968990180305+0j),2,2,CA1 Perforant Path Associated QuadD,(0.02264346794584977-0.34265137430558645j),-0.010226483537211868,0.15475185367890432,0.15508938449356832
1,(0.37005968990180305+0j),2,3,DG AIPRIM,(0.019340307997449742-0.2926664383153424j),-0.0037381667092389985,0.05656765842437595,0.05669103870950799
1,(0.37005968990180305+0j),2,4,CA1 Perforant Path Associated,(0.017694531257716296-0.26776178753400354j),-0.008121161924791233,0.1228931584659475,0.12316120196208366
1,(0.37005968990180305+0j),2,5,DG Axo Axonic,(0.016566173339728797-0.25068695640691574j),-0.006730972072429424,0.10185616604956452,0.10207832555129558
1,(0.37005968990180305+0j),3,1,MEC LIII Superficial Multipolar Interneuron,(-0.04230089712519237+0.6401166362400346j),-0.034899245037223595,0.5281114316424251,0.529263300763977
1,(0.37005968990180305+0j),3,2,CA1 Perforant Path Associated QuadD,(0.02264346794584977-0.34265137430558645j),-0.01289608482626598,0.19514948856106532,0.19557513106090868
1,(0.37005968990180305+0j),3,3,DG AIPRIM,(0.019340307997449742-0.2926664383153424j),-0.0057498178676380135,0.08700888923306863,0.08719866519095011
1,(0.37005968990180305+0j),3,4,CA1 Perforant Path Associated,(0.017694531257716296-0.26776178753400354j),-0.010214271417111807,0.1545670542592448,0.1549041820060477
1,(0.37005968990180305+0j),3,5,DG Axo Axonic,(0.016566173339728797-0.25068695640691574j),-0.008643727700708832,0.130800864198631,0.13108615527077108
1,(0.37005968990180305+0j),4,1,MEC LIII Superficial Multipolar Interneuron,(-0.04230089712519237+0.6401166362400346j),-0.033104425515002,0.5009513969078849,0.5020440270062373
1,(0.37005968990180305+0j),4,2,CA1 Perforant Path Associated QuadD,(0.02264346794584977-0.34265137430558645j),-0.013428412876469821,0.20320492151947803,0.20364813380465374
1,(0.37005968990180305+0j),4,3,DG AIPRIM,(0.019340307997449742-0.2926664383153424j),-0.006275925218784966,0.09497018771145899,0.09517732813701767
1,(0.37005968990180305+0j),4,4,CA1 Perforant Path Associated,(0.017694531257716296-0.26776178753400354j),-0.010628399029091415,0.1608338238071802,0.16118462006767478
1,(0.37005968990180305+0j),4,5,DG Axo Axonic,(0.016566173339728797-0.25068695640691574j),-0.009043918142225441,0.13685673007118865,0.13715522965290627
1,(0.37005968990180305+0j),5,1,MEC LIII Superficial Multipolar Interneuron,(-0.04230089712519237+0.6401166362400346j),-0.031430754073242965,0.4756246306622641,0.47666202029764004
1,(0.37005968990180305+0j),5,2,CA1 Perforant Path Associated QuadD,(0.02264346794584977-0.34265137430558645j),-0.01319260144341856,0.19963651442718922,0.20007194362399294
1,(0.37005968990180305+0j),5,3,DG AIPRIM,(0.019340307997449742-0.2926664383153424j),-0.006263208871920714,0.09477775810042935,0.09498447881584025
1,(0.37005968990180305+0j),5,4,CA1 Perforant Path Associated,(0.017694531257716296-0.26776178753400354j),-0.010439225518965251,0.15797116322082677,0.15831571570370676
1,(0.37005968990180305+0j),5,5,DG Axo Axonic,(0.016566173339728797-0.25068695640691574j),-0.008899751345429467,0.13467513177672644,0.1349688730526009
1,(0.37005968990180305+0j),6,1,MEC LIII Superficial Multipolar Interneuron,(-0.04230089712519237+0.6401166362400346j),-0.029852388706868915,0.4517400797958614,0.4527253745986381
1,(0.37005968990180305+0j),6,2,CA1 Perforant Path Associated QuadD,(0.02264346794584977-0.34265137430558645j),-0.012694172780704371,0.19209406259601483,0.1925130408757496
1,(0.37005968990180305+0j),6,3,DG AIPRIM,(0.019340307997449742-0.2926664383153424j),-0.006061465967962932,0.09172489166394324,0.09192495374185888
1,(0.37005968990180305+0j),6,4,CA1 Perforant Path Associated,(0.017694531257716296-0.26776178753400354j),-0.010043915854964976,0.1519891555190957,0.15232066058519267
1,(0.37005968990180305+0j),6,5,DG Axo Axonic,(0.016566173339728797-0.25068695640691574j),-0.008568752935201998,0.12966631155410707,0.12994912804213538
1,(0.37005968990180305+0j),7,1,MEC LIII Superficial Multipolar Interneuron,(-0.04230089712519237+0.6401166362400346j),-0.028357242628779544,0.4291148414856303,0.43005078815500974
1,(0.37005968990180305+0j),7,2,CA1 Perforant Path Associated QuadD,(0.02264346794584977-0.34265137430558645j),-0.012119118285264444,0.18339207341157052,0.18379207169572656
1,(0.37005968990180305+0j),7,3,DG AIPRIM,(0.019340307997449742-0.2926664383153424j),-0.00579962380973294,0.08776257566256003,0.08795399549344529
1,(0.37005968990180305+0j),7,4,CA1 Perforant Path Associated,(0.017694531257716296-0.26776178753400354j),-0.00958858871845976,0.14509893581179437,0.14541541255082624
1,(0.37005968990180305+0j),7,5,DG Axo Axonic,(0.016566173339728797-0.25068695640691574j),-0.00818249808054977,0.12382132539318429,0.12409139332348164
1,(0.37005968990180305+0j),8,1,MEC LIII Superficial Multipolar Interneuron,(-0.04230089712519237+0.6401166362400346j),-0.026938445488709516,0.40764495043058374,0.40853406890601085
1,(0.37005968990180305+0j),8,2,CA1 Perforant Path Associated QuadD,(0.02264346794584977-0.34265137430558645j),-0.011535237964881453,0.17455652778368064,0.17493725477096442
1,(0.37005968990180305+0j),8,3,DG AIPRIM,(0.019340307997449742-0.2926664383153424j),-0.005524900602191217,0.08360533769693897,0.08378769013454958
1,(0.37005968990180305+0j),8,4,CA1 Perforant Path Associated,(0.017694531257716296-0.26776178753400354j),-0.009126503482932183,0.13810644944095712,0.13840767479808197
1,(0.37005968990180305+0j),8,5,DG Axo Axonic,(0.016566173339728797-0.25068695640691574j),-0.007788983327488913,0.11786647910955482,0.11812355886510964
1,(0.37005968990180305+0j),9,1,MEC LIII Superficial Multipolar Interneuron,(-0.04230089712519237+0.6401166362400346j),-0.02559117720526997,0.3872574669416202,0.38810211807305506
1,(0.37005968990180305+0j),9,2,CA1 Perforant Path Associated QuadD,(0.02264346794584977-0.34265137430558645j),-0.010966645354063095,0.1659523228101831,0.16631428308000792
1,(0.37005968990180305+0j),9,3,DG AIPRIM,(0.019340307997449742-0.2926664383153424j),-0.005254301936518781,0.0795105141964198,0.07968393537356937
1,(0.37005968990180305+0j),9,4,CA1 Perforant Path Associated,(0.017694531257716296-0.26776178753400354j),-0.008676596698205492,0.13129825299045433,0.13158462892225922
1,(0.37005968990180305+0j),9,5,DG Axo Axonic,(0.016566173339728797-0.25068695640691574j),-0.007405310848740497,0.11206057064885583,0.1123049870794422
1,(0.37005968990180305+0j),10,1,MEC LIII Superficial Multipolar Interneuron,(-0.04230089712519237+0.6401166362400346j),-0.02431149030102172,0.367892655974054,0.3686950703227537
1,(0.37005968990180305+0j),10,2,CA1 Perforant Path Associated QuadD,(0.02264346794584977-0.34265137430558645j),-0.010421336210331417,0.1577004539724281,0.15804441600866093
1,(0.37005968990180305+0j),10,3,DG AIPRIM,(0.019340307997449742-0.2926664383153424j),-0.004993676331565516,0.0755666076389073,0.07573142672204848
1,(0.37005968990180305+0j),10,4,CA1 Perforant Path Associated,(0.017694531257716296-0.26776178753400354j),-0.008245142050493622,0.12476928276634595,0.12504141829594387
1,(0.37005968990180305+0j),10,5,DG Axo Axonic,(0.016566173339728797-0.25068695640691574j),-0.00703718302553502,0.10648989106730346,0.1067221572329806
2,(0.028285916622450787-0.3099216246023441j),0,1,DG AIPRIM,(-0.5071700819196898+0.11806762504117747j),-0.5071700819196898,0.11806762504117747,0.5207316545758371
2,(0.028285916622450787-0.3099216246023441j),0,2,DG Axo Axonic,(-0.45486910782903983+0.09263850404446568j),-0.45486910782903983,0.09263850404446568,0.4642066325342445
2,(0.028285916622450787-0.3099216246023441j),0,3,CA1 Trilaminar,(0.42699384084062375+0.17857972092711805j),0.42699384084062375,0.17857972092711805,0.46283307665100526
2,(0.028285916622450787-0.3099216246023441j),0,4,DG HICAP,(-0.20545189695352198+0.10073641808330605j),-0.20545189695352198,0.10073641808330605,0.22881937830973856
2,(0.028285916622450787-0.3099216246023441j),0,5,CA1 Perforant Path Associated QuadD,(0.14282546173568442-0.16812303489475125j),0.14282546173568442,-0.16812303489475125,0.2206002433866137
2,(0.028285916622450787-0.3099216246023441j),1,1,DG AIPRIM,(-0.5071700819196898+0.11806762504117747j),-0.034528937455877325,0.20709833070792552,0.20995705776144127
2,(0.028285916622450787-0.3099216246023441j),1,2,DG Axo Axonic,(-0.45486910782903983+0.09263850404446568j),-0.052755557396795605,0.18507364789032532,0.19244584687563074
2,(0.028285916622450787-0.3099216246023441j),1,3,CA1 Trilaminar,(0.42699384084062375+0.17857972092711805j),-0.07375320758924259,-0.09185646020759825,0.11780129418462255
2,(0.028285916622450787-0.3099216246023441j),1,4,DG HICAP,(-0.20545189695352198+0.10073641808330605j),0.004977776413085767,0.08059099599558014,0.0807445781063861
2,(0.028285916622450787-0.3099216246023441j),1,5,CA1 Perforant Path Associated QuadD,(0.14282546173568442-0.16812303489475125j),-0.14763769928450426,0.008136831851678232,0.14786175395484863
2,(0.028285916622450787-0.3099216246023441j),2,1,DG AIPRIM,(-0.5071700819196898+0.11806762504117747j),0.026401463659331992,0.02452402157764113,0.03603421870522012
2,(0.028285916622450787-0.3099216246023441j),2,2,DG Axo Axonic,(-0.45486910782903983+0.09263850404446568j),0.008221639926625376,0.023871048370310094,0.025247223874730558
2,(0.028285916622450787-0.3099216246023441j),2,3,CA1 Trilaminar,(0.42699384084062375+0.17857972092711805j),-0.13931202868363718,0.00020049566094380508,0.13931217295864923
2,(0.028285916622450787-0.3099216246023441j),2,4,DG HICAP,(-0.20545189695352198+0.10073641808330605j),0.011295064432277763,0.0022675061545923483,0.011520419466773783
2,(0.028285916622450787-0.3099216246023441j),2,5,CA1 Perforant Path Associated QuadD,(0.14282546173568442-0.16812303489475125j),-0.0714642262131988,0.04779166550836496,0.0859719658976965
2,(0.028285916622450787-0.3099216246023441j),3,1,DG AIPRIM,(-0.5071700819196898+0.11806762504117747j),-0.020279352382297125,-0.013348701489346193,0.02427838471762595
2,(0.028285916622450787-0.3099216246023441j),3,2,DG Axo Axonic,(-0.45486910782903983+0.09263850404446568j),-0.031146067486315803,-0.013437615994424865,0.0339211887096511
2,(0.028285916622450787-0.3099216246023441j),3,3,CA1 Trilaminar,(0.42699384084062375+0.17857972092711805j),-0.09781322217617171,0.0042478834098271445,0.09790541836869199
2,(0.028285916622450787-0.3099216246023441j),3,4,DG HICAP,(-0.20545189695352198+0.10073641808330605j),-0.010041721491962056,-0.006361469694418594,0.011887155555268
2,(0.028285916622450787-0.3099216246023441j),3,5,CA1 Perforant Path Associated QuadD,(0.14282546173568442-0.16812303489475125j),-0.04435760173597916,0.005789423073119603,0.044733815523464025
2,(0.028285916622450787-0.3099216246023441j),4,1,DG AIPRIM,(-0.5071700819196898+0.11806762504117747j),-0.0295601470034566,-0.004628197772917933,0.029920269141356443
2,(0.028285916622450787-0.3099216246023441j),4,2,DG Axo Axonic,(-0.45486910782903983+0.09263850404446568j),-0.039483540045886924,-0.006797089988575243,0.040064327859929784
2,(0.028285916622450787-0.3099216246023441j),4,3,CA1 Trilaminar,(0.42699384084062375+0.17857972092711805j),-0.08721531236568168,-0.013908218526834049,0.08831732136808496
2,(0.028285916622450787-0.3099216246023441j),4,4,DG HICAP,(-0.20545189695352198+0.10073641808330605j),-0.012001248587592302,-0.001467104461850725,0.012090589860017934
2,(0.028285916622450787-0.3099216246023441j),4,5,CA1 Perforant Path Associated QuadD,(0.14282546173568442-0.16812303489475125j),-0.05035683750771293,-0.010102762281810541,0.051360265668130824
2,(0.028285916622450787-0.3099216246023441j),5,1,DG AIPRIM,(-0.5071700819196898+0.11806762504117747j),-0.025009408994227936,-0.002817118219136173,0.025167572256798196
2,(0.028285916622450787-0.3099216246023441j),5,2,DG Axo Axonic,(-0.45486910782903983+0.09263850404446568j),-0.035051289601914185,-0.005102928641125296,0.035420795918128016
2,(0.028285916622450787-0.3099216246023441j),5,3,CA1 Trilaminar,(0.42699384084062375+0.17857972092711805j),-0.08696905052807506,-0.01821127938464742,0.08885531186474199
2,(0.028285916622450787-0.3099216246023441j),5,4,DG HICAP,(-0.20545189695352198+0.10073641808330605j),-0.00976938641995572,-0.0011010935673760832,0.009831241939171885
2,(0.028285916622450787-0.3099216246023441j),5,5,CA1 Perforant Path Associated QuadD,(0.14282546173568442-0.16812303489475125j),-0.05165104555559099,-0.010152554907125952,0.05263938523698718
2,(0.028285916622450787-0.3099216246023441j),6,1,DG AIPRIM,(-0.5071700819196898+0.11806762504117747j),-0.02286119822340994,-0.004264309967206216,0.023255509534440565
2,(0.028285916622450787-0.3099216246023441j),6,2,DG Axo Axonic,(-0.45486910782903983+0.09263850404446568j),-0.032480800978596534,-0.0062674137076944745,0.033079947200601666
2,(0.028285916622450787-0.3099216246023441j),6,3,CA1 Trilaminar,(0.42699384084062375+0.17857972092711805j),-0.08381051262204381,-0.0171742741342609,0.08555207605902096
2,(0.028285916622450787-0.3099216246023441j),6,4,DG HICAP,(-0.20545189695352198+0.10073641808330605j),-0.009039282254576576,-0.0017654142294643417,0.00921006574783797
2,(0.028285916622450787-0.3099216246023441j),6,5,CA1 Perforant Path Associated QuadD,(0.14282546173568442-0.16812303489475125j),-0.048883511682273076,-0.009463640529759265,0.04979114586417379
2,(0.028285916622450787-0.3099216246023441j),7,1,DG AIPRIM,(-0.5071700819196898+0.11806762504117747j),-0.022066032973624212,-0.004626040628463744,0.0225457327024266
2,(0.028285916622450787-0.3099216246023441j),7,2,DG Axo Axonic,(-0.45486910782903983+0.09263850404446568j),-0.031151973545306782,-0.006505300333732562,0.03182395934197306
2,(0.028285916622450787-0.3099216246023441j),7,3,CA1 Trilaminar,(0.42699384084062375+0.17857972092711805j),-0.07943845665778707,-0.016315981817892955,0.08109673025993666
2,(0.028285916622450787-0.3099216246023441j),7,4,DG HICAP,(-0.20545189695352198+0.10073641808330605j),-0.008764659297227674,-0.0018545044579397383,0.008958707461514628
2,(0.028285916622450787-0.3099216246023441j),7,5,CA1 Perforant Path Associated QuadD,(0.14282546173568442-0.16812303489475125j),-0.046205917568647316,-0.009406966942247245,0.04715376809347439
2,(0.028285916622450787-0.3099216246023441j),8,1,DG AIPRIM,(-0.5071700819196898+0.11806762504117747j),-0.021106766566871788,-0.004396361553050171,0.021559767851569146
2,(0.028285916622450787-0.3099216246023441j),8,2,DG Axo Axonic,(-0.45486910782903983+0.09263850404446568j),-0.029728562853416615,-0.0061994661995903415,0.03036808901609394
2,(0.028285916622450787-0.3099216246023441j),8,3,CA1 Trilaminar,(0.42699384084062375+0.17857972092711805j),-0.07539639869501119,-0.015694404996229892,0.07701253978647093
2,(0.028285916622450787-0.3099216246023441j),8,4,DG HICAP,(-0.20545189695352198+0.10073641808330605j),-0.008372061902101663,-0.001742225302485653,0.00855141915106746
2,(0.028285916622450787-0.3099216246023441j),8,5,CA1 Perforant Path Associated QuadD,(0.14282546173568442-0.16812303489475125j),-0.04395445338050123,-0.009155556518751752,0.04489786394859686
2,(0.028285916622450787-0.3099216246023441j),9,1,DG AIPRIM,(-0.5071700819196898+0.11806762504117747j),-0.020039725166203497,-0.004166431965475357,0.020468261774266628
2,(0.028285916622450787-0.3099216246023441j),9,2,DG Axo Axonic,(-0.45486910782903983+0.09263850404446568j),-0.028235296398851396,-0.005883732851719282,0.02884181469674527
2,(0.028285916622450787-0.3099216246023441j),9,3,CA1 Trilaminar,(0.42699384084062375+0.17857972092711805j),-0.07166068625625742,-0.014987964693360386,0.07321129038862229
2,(0.028285916622450787-0.3099216246023441j),9,4,DG HICAP,(-0.20545189695352198+0.10073641808330605j),-0.007943379597022245,-0.0016516640111627567,0.008113277600831833
2,(0.028285916622450787-0.3099216246023441j),9,5,CA1 Perforant Path Associated QuadD,(0.14282546173568442-0.16812303489475125j),-0.041802693812279704,-0.008735627992520046,0.0427056952453289
2,(0.028285916622450787-0.3099216246023441j),10,1,DG AIPRIM,(-0.5071700819196898+0.11806762504117747j),-0.01902824944319491,-0.003974211868502419,0.01943884350593401
2,(0.028285916622450787-0.3099216246023441j),10,2,DG Axo Axonic,(-0.45486910782903983+0.09263850404446568j),-0.026815389279177006,-0.005604557624739318,0.027394820100939243
2,(0.028285916622450787-0.3099216246023441j),10,3,CA1 Trilaminar,(0.42699384084062375+0.17857972092711805j),-0.06809395804584671,-0.014249101500825688,0.06956884371563442
2,(0.028285916622450787-0.3099216246023441j),10,4,DG HICAP,(-0.20545189695352198+0.10073641808330605j),-0.007542891311889034,-0.001576268873994293,0.007705831097687926
2,(0.028285916622450787-0.3099216246023441j),10,5,CA1 Perforant Path Associated QuadD,(0.14282546173568442-0.16812303489475125j),-0.0397168729369365,-0.00830413438563273,0.04057571495098277
3,(0.028285916622450512+0.30992162460234324j),0,1,CA1 Trilaminar,(0.46902878348667404+0.34845104660846654j),0.46902878348667404,0.34845104660846654,0.5842996933265711
3,(0.028285916622450512+0.30992162460234324j),0,2,CA1 Perforant Path Associated QuadD,(-0.3624553496955136-0.061839945585186455j),-0.3624553496955136,-0.061839945585186455,0.3676928873297332
3,(0.028285916622450512+0.30992162460234324j),0,3,CA1 Perforant Path Associated,(-0.2845279597477319-0.07317918428819276j),-0.2845279597477319,-0.07317918428819276,0.2937879386416199
3,(0.028285916622450512+0.30992162460234324j),0,4,DG AIPRIM,(0.19546233079755804-0.15537508403297354j),0.19546233079755804,-0.15537508403297354,0.24969369134815478
3,(0.028285916622450512+0.30992162460234324j),0,5,DG Axo Axonic,(0.145097355405668-0.1497288569645376j),0.145097355405668,-0.1497288569645376,0.20849933609876484
3,(0.028285916622450512+0.30992162460234324j),1,1,CA1 Trilaminar,(0.46902878348667404+0.34845104660846654j),-0.2200729629857185,-0.10795358524673443,0.24512463279918928
3,(0.028285916622450512+0.30992162460234324j),1,2,CA1 Perforant Path Associated QuadD,(-0.3624553496955136-0.061839945585186455j),-0.002891723923967849,-0.0657680328692595,0.06583157460325893
3,(0.028285916622450512+0.30992162460234324j),1,3,CA1 Perforant Path Associated,(-0.2845279597477319-0.07317918428819276j),0.03716756640703393,-0.038458240090169134,0.05348330789558897
3,(0.028285916622450512+0.30992162460234324j),1,4,DG AIPRIM,(0.19546233079755804-0.15537508403297354j),0.4670148247871114,0.145270241832046,0.4890872005408417
3,(0.028285916622450512+0.30992162460234324j),1,5,DG Axo Axonic,(0.145097355405668-0.1497288569645376j),0.41416852064464155,0.11912077891514652,0.43095860991784596
3,(0.028285916622450512+0.30992162460234324j),2,1,CA1 Trilaminar,(0.46902878348667404+0.34845104660846654j),-0.019771685731708538,-0.06791348276344203,0.0707330240957771
3,(0.028285916622450512+0.30992162460234324j),2,2,CA1 Perforant Path Associated QuadD,(-0.3624553496955136-0.061839945585186455j),0.09855219095477491,0.0024983662751466725,0.0985838535259766
3,(0.028285916622450512+0.30992162460234324j),2,3,CA1 Perforant Path Associated,(-0.2845279597477319-0.07317918428819276j),0.07942248416359955,0.004867007223578114,0.07957146944748214
3,(0.028285916622450512+0.30992162460234324j),2,4,DG AIPRIM,(0.19546233079755804-0.15537508403297354j),0.05972993841372268,0.032100629919238316,0.0678094092594752
3,(0.028285916622450512+0.30992162460234324j),2,5,DG Axo Axonic,(0.145097355405668-0.1497288569645376j),0.05560186689099143,0.0227064022969113,0.060059539683822986
3,(0.028285916622450512+0.30992162460234324j),3,1,CA1 Trilaminar,(0.46902878348667404+0.34845104660846654j),-0.004520890067050689,-0.04446760536150848,0.04469682733243172
3,(0.028285916622450512+0.30992162460234324j),3,2,CA1 Perforant Path Associated QuadD,(-0.3624553496955136-0.061839945585186455j),0.006754632369561243,-0.017141287907439358,0.018424136603207526
3,(0.028285916622450512+0.30992162460234324j),3,3,CA1 Perforant Path Associated,(-0.2845279597477319-0.07317918428819276j),0.00139572333516388,-0.014796998940817756,0.014862678805749749
3,(0.028285916622450512+0.30992162460234324j),3,4,DG AIPRIM,(0.19546233079755804-0.15537508403297354j),-0.03336965147176038,-0.020359854419059395,0.039090373639964766
3,(0.028285916622450512+0.30992162460234324j),3,5,DG Axo Axonic,(0.145097355405668-0.1497288569645376j),-0.03515020033230149,-0.025739147135121276,0.0435665040902337
3,(0.028285916622450512+0.30992162460234324j),4,1,CA1 Trilaminar,(0.46902878348667404+0.34845104660846654j),-0.044364299640691586,-0.05350407058200284,0.06950450813762378
3,(0.028285916622450512+0.30992162460234324j),4,2,CA1 Perforant Path Associated QuadD,(-0.3624553496955136-0.061839945585186455j),-0.03033872076162551,-0.032514959120143884,0.04447089547149365
3,(0.028285916622450512+0.30992162460234324j),4,3,CA1 Perforant Path Associated,(-0.2845279597477319-0.07317918428819276j),-0.024444529580531765,-0.02610595994948737,0.03576389480045107
3,(0.028285916622450512+0.30992162460234324j),4,4,DG AIPRIM,(0.19546233079755804-0.15537508403297354j),-0.014841064824670763,-0.018067154359184424,0.023381173447213393
3,(0.028285916622450512+0.30992162460234324j),4,5,DG Axo Axonic,(0.145097355405668-0.1497288569645376j),-0.02122542566988069,-0.024613981481919477,0.03250179655434304
3,(0.028285916622450512+0.30992162460234324j),5,1,CA1 Trilaminar,(0.46902878348667404+0.34845104660846654j),-0.05413628655094758,-0.05675270108547116,0.07843217835826789
3,(0.028285916622450512+0.30992162460234324j),5,2,CA1 Perforant Path Associated QuadD,(-0.3624553496955136-0.061839945585186455j),-0.030640134727473813,-0.03318631702104739,0.04516801405352251
3,(0.028285916622450512+0.30992162460234324j),5,3,CA1 Perforant Path Associated,(-0.2845279597477319-0.07317918428819276j),-0.0239129876696708,-0.026169679782860458,0.035449726645311146
3,(0.028285916622450512+0.30992162460234324j),5,4,DG AIPRIM,(0.19546233079755804-0.15537508403297354j),-0.010052379015374266,-0.01442564588203937,0.017582650055743484
3,(0.028285916622450512+0.30992162460234324j),5,5,DG Axo Axonic,(0.145097355405668-0.1497288569645376j),-0.016720430379583876,-0.021121906009905225,0.026938962592679434
3,(0.028285916622450512+0.30992162460234324j),6,1,CA1 Trilaminar,(0.46902878348667404+0.34845104660846654j),-0.05131406149387037,-0.05439748691363781,0.07478114394361796
3,(0.028285916622450512+0.30992162460234324j),6,2,CA1 Perforant Path Associated QuadD,(-0.3624553496955136-0.061839945585186455j),-0.028668070632944114,-0.031294682520764325,0.0424407284090519
3,(0.028285916622450512+0.30992162460234324j),6,3,CA1 Perforant Path Associated,(-0.2845279597477319-0.07317918428819276j),-0.022630810113470436,-0.024722127735122047,0.03351622243248255
3,(0.028285916622450512+0.30992162460234324j),6,4,DG AIPRIM,(0.19546233079755804-0.15537508403297354j),-0.013038959855976017,-0.014509027495660552,0.019507084687251142
3,(0.028285916622450512+0.30992162460234324j),6,5,DG Axo Axonic,(0.145097355405668-0.1497288569645376j),-0.01900133599573405,-0.02077761766621078,0.028155996972332783
3,(0.028285916622450512+0.30992162460234324j),7,1,CA1 Trilaminar,(0.46902878348667404+0.34845104660846654j),-0.04872295994023431,-0.05158924337752338,0.0709603893563375
3,(0.028285916622450512+0.30992162460234324j),7,2,CA1 Perforant Path Associated QuadD,(-0.3624553496955136-0.061839945585186455j),-0.02815010004037373,-0.029941989137772847,0.041096847151692255
3,(0.028285916622450512+0.30992162460234324j),7,3,CA1 Perforant Path Associated,(-0.2845279597477319-0.07317918428819276j),-0.022304635805950438,-0.023697278251633116,0.03254316786933027
3,(0.028285916622450512+0.30992162460234324j),7,4,DG AIPRIM,(0.19546233079755804-0.15537508403297354j),-0.01374797274969455,-0.014403701618737837,0.019911639185360278
3,(0.028285916622450512+0.30992162460234324j),7,5,DG Axo Axonic,(0.145097355405668-0.1497288569645376j),-0.01935058766585468,-0.02031457434350458,0.028055786814340136
3,(0.028285916622450512+0.30992162460234324j),8,1,CA1 Trilaminar,(0.46902878348667404+0.34845104660846654j),-0.046719308861959,-0.04912757265619897,0.06779537016367142
3,(0.028285916622450512+0.30992162460234324j),8,2,CA1 Perforant Path Associated QuadD,(-0.3624553496955136-0.061839945585186455j),-0.027250151575326707,-0.028645047137629227,0.039536179461289386
3,(0.028285916622450512+0.30992162460234324j),8,3,CA1 Perforant Path Associated,(-0.2845279597477319-0.07317918428819276j),-0.021567945184779582,-0.02266799027491759,0.03128920009519923
3,(0.028285916622450512+0.30992162460234324j),8,4,DG AIPRIM,(0.19546233079755804-0.15537508403297354j),-0.013085187726975589,-0.013755165490053685,0.01898490757177807
3,(0.028285916622450512+0.30992162460234324j),8,5,DG Axo Axonic,(0.145097355405668-0.1497288569645376j),-0.018446830726492763,-0.019379625232992997,0.026755474916792945
3,(0.028285916622450512+0.30992162460234324j),9,1,CA1 Trilaminar,(0.46902878348667404+0.34845104660846654j),-0.044566715417708215,-0.04674914663123594,0.06458850388321276
3,(0.028285916622450512+0.30992162460234324j),9,2,CA1 Perforant Path Associated QuadD,(-0.3624553496955136-0.061839945585186455j),-0.02598058598365416,-0.027264886237384964,0.037661185185700025
3,(0.028285916622450512+0.30992162460234324j),9,3,CA1 Perforant Path Associated,(-0.2845279597477319-0.07317918428819276j),-0.020553083044111947,-0.021571096840720793,0.029794990208589035
3,(0.028285916622450512+0.30992162460234324j),9,4,DG AIPRIM,(0.19546233079755804-0.15537508403297354j),-0.01240618236351501,-0.013053772358202315,0.01800872937262809
3,(0.028285916622450512+0.30992162460234324j),9,5,DG Axo Axonic,(0.145097355405668-0.1497288569645376j),-0.017510367681988385,-0.018402792987434507,0.02540227875795382
3,(0.028285916622450512+0.30992162460234324j),10,1,CA1 Trilaminar,(0.46902878348667404+0.34845104660846654j),-0.042364759337526446,-0.04442790487580747,0.061389018279985
3,(0.028285916622450512+0.30992162460234324j),10,2,CA1 Perforant Path Associated QuadD,(-0.3624553496955136-0.061839945585186455j),-0.024694235261550387,-0.025907889662439256,0.035791395640767144
3,(0.028285916622450512+0.30992162460234324j),10,3,CA1 Perforant Path Associated,(-0.2845279597477319-0.07317918428819276j),-0.019536812951259273,-0.020497363528561994,0.028316584750186866
3,(0.028285916622450512+0.30992162460234324j),10,4,DG AIPRIM,(0.19546233079755804-0.15537508403297354j),-0.011821194660117473,-0.012409053221563783,0.017138414309614304
3,(0.028285916622450512+0.30992162460234324j),10,5,DG Axo Axonic,(0.145097355405668-0.1497288569645376j),-0.016667881750209206,-0.01749042761779046,0.024160574088628862
4,(-0.3102863465810371+3.9511019718583825e-16j),0,1,DG HICAP,(-0.331248021395069+0.09774139506143882j),-0.331248021395069,0.09774139506143882,0.34536738697610747
4,(-0.3102863465810371+3.9511019718583825e-16j),0,2,DG Granule,(-0.30605983745394366+0.09030911447874666j),-0.30605983745394366,0.09030911447874666,0.31910556287891595
4,(-0.3102863465810371+3.9511019718583825e-16j),0,3,DG AIPRIM,(0.297909736051931-0.08790426303972486j),0.297909736051931,-0.08790426303972486,0.31060806540572694
4,(-0.3102863465810371+3.9511019718583825e-16j),0,4,CA1 Perforant Path Associated QuadD,(0.28757461946334795-0.08485467889659225j),0.28757461946334795,-0.08485467889659225,0.2998324170101245
4,(-0.3102863465810371+3.9511019718583825e-16j),0,5,CA1 Basket,(-0.2655403120460458+0.07835301305385223j),-0.2655403120460458,0.07835301305385223,0.27685890264921675
4,(-0.3102863465810371+3.9511019718583825e-16j),1,1,DG HICAP,(-0.331248021395069+0.09774139506143882j),-0.9716714559145976,0.2867112179040035,1.0130887131496387
4,(-0.3102863465810371+3.9511019718583825e-16j),1,2,DG Granule,(-0.30605983745394366+0.09030911447874666j),0.012110087224187938,-0.003573324950358517,0.012626276718743914
4,(-0.3102863465810371+3.9511019718583825e-16j),1,3,DG AIPRIM,(0.297909736051931-0.08790426303972486j),-2.4514336697118995,0.7233448392207946,2.555925427985822
4,(-0.3102863465810371+3.9511019718583825e-16j),1,4,CA1 Perforant Path Associated QuadD,(0.28757461946334795-0.08485467889659225j),0.6493386816458228,-0.19160044592605177,0.6770165835196337
4,(-0.3102863465810371+3.9511019718583825e-16j),1,5,CA1 Basket,(-0.2655403120460458+0.07835301305385223j),0.2557598488983543,-0.07546709057082315,0.2666615496612398
4,(-0.3102863465810371+3.9511019718583825e-16j),2,1,DG HICAP,(-0.331248021395069+0.09774139506143882j),0.10470278769756963,-0.03089466464820549,0.10916571831562974
4,(-0.3102863465810371+3.9511019718583825e-16j),2,2,DG Granule,(-0.30605983745394366+0.09030911447874666j),0.00980823929148359,-0.0028941183932465493,0.010226313083077913
4,(-0.3102863465810371+3.9511019718583825e-16j),2,3,DG AIPRIM,(0.297909736051931-0.08790426303972486j),0.06253438511414976,-0.018452028829107917,0.06519989792564881
4,(-0.3102863465810371+3.9511019718583825e-16j),2,4,CA1 Perforant Path Associated QuadD,(0.28757461946334795-0.08485467889659225j),-0.6896777439702388,0.20350329808635578,0.7190750884712267
4,(-0.3102863465810371+3.9511019718583825e-16j),2,5,CA1 Basket,(-0.2655403120460458+0.07835301305385223j),-0.2607758533114111,0.0769471636197181,0.27189136003082975
4,(-0.3102863465810371+3.9511019718583825e-16j),3,1,DG HICAP,(-0.331248021395069+0.09774139506143882j),0.03105409308002779,-0.00916313512523468,0.032377766172889996
4,(-0.3102863465810371+3.9511019718583825e-16j),3,2,DG Granule,(-0.30605983745394366+0.09030911447874666j),0.0035726329611619617,-0.0010541772542393833,0.0037249155639472653
4,(-0.3102863465810371+3.9511019718583825e-16j),3,3,DG AIPRIM,(0.297909736051931-0.08790426303972486j),0.07371147610464657,-0.02175005446421412,0.07685340967531734
4,(-0.3102863465810371+3.9511019718583825e-16j),3,4,CA1 Perforant Path Associated QuadD,(0.28757461946334795-0.08485467889659225j),-0.00673884109017687,0.0019884306824739387,0.007026082537065727
4,(-0.3102863465810371+3.9511019718583825e-16j),3,5,CA1 Basket,(-0.2655403120460458+0.07835301305385223j),0.016288809021095887,-0.004806340913090533,0.01698311550624863
4,(-0.3102863465810371+3.9511019718583825e-16j),4,1,DG HICAP,(-0.331248021395069+0.09774139506143882j),0.00829116706702247,-0.0024464757024218707,0.008644576027534176
4,(-0.3102863465810371+3.9511019718583825e-16j),4,2,DG Granule,(-0.30605983745394366+0.09030911447874666j),-0.0015509733824427756,0.00045764590974657225,0.001617083242060764
4,(-0.3102863465810371+3.9511019718583825e-16j),4,3,DG AIPRIM,(0.297909736051931-0.08790426303972486j),0.03004146151745252,-0.008864337803541497,0.031321971438590446
4,(-0.3102863465810371+3.9511019718583825e-16j),4,4,CA1 Perforant Path Associated QuadD,(0.28757461946334795-0.08485467889659225j),0.024251981218105758,-0.007156035128236043,0.02528571596296816
4,(-0.3102863465810371+3.9511019718583825e-16j),4,5,CA1 Basket,(-0.2655403120460458+0.07835301305385223j),0.0034115841605552146,-0.0010066565645219451,0.003557002097756811
4,(-0.3102863465810371+3.9511019718583825e-16j),5,1,DG HICAP,(-0.331248021395069+0.09774139506143882j),-0.0036219735277402626,0.0010687361813842677,0.0037763592600613453
4,(-0.3102863465810371+3.9511019718583825e-16j),5,2,DG Granule,(-0.30605983745394366+0.09030911447874666j),0.001236779050129771,-0.0003649365488534806,0.0012894964534767002
4,(-0.3102863465810371+3.9511019718583825e-16j),5,3,DG AIPRIM,(0.297909736051931-0.08790426303972486j),-0.008003460541149796,0.0023615821018836444,0.008344606081636147
4,(-0.3102863465810371+3.9511019718583825e-16j),5,4,CA1 Perforant Path Associated QuadD,(0.28757461946334795-0.08485467889659225j),0.04117411202668481,-0.012149250380290563,0.04292914844239263
4,(-0.3102863465810371+3.9511019718583825e-16j),5,5,CA1 Basket,(-0.2655403120460458+0.07835301305385223j),0.011695765933357756,-0.0034510711153052705,0.012194295084619947
4,(-0.3102863465810371+3.9511019718583825e-16j),6,1,DG HICAP,(-0.331248021395069+0.09774139506143882j),0.0063901602156105596,-0.0018855453732507846,0.0066625392258327035
4,(-0.3102863465810371+3.9511019718583825e-16j),6,2,DG Granule,(-0.30605983745394366+0.09030911447874666j),0.0014032999369389787,-0.00041407188773052875,0.0014631152522004767
4,(-0.3102863465810371+3.9511019718583825e-16j),6,3,DG AIPRIM,(0.297909736051931-0.08790426303972486j),0.014146122384961084,-0.004174098099644384,0.014749097378339866
4,(-0.3102863465810371+3.9511019718583825e-16j),6,4,CA1 Perforant Path Associated QuadD,(0.28757461946334795-0.08485467889659225j),0.02668428583053608,-0.007873735554134773,0.027821696962302547
4,(-0.3102863465810371+3.9511019718583825e-16j),6,5,CA1 Basket,(-0.2655403120460458+0.07835301305385223j),0.006129910006144071,-0.0018087533114261468,0.0063911959150866485
4,(-0.3102863465810371+3.9511019718583825e-16j),7,1,DG HICAP,(-0.331248021395069+0.09774139506143882j),0.006300831672954307,-0.0018591871890078701,0.0065694030759784515
4,(-0.3102863465810371+3.9511019718583825e-16j),7,2,DG Granule,(-0.30605983745394366+0.09030911447874666j),0.0013388520894553283,-0.00039505525332097363,0.0013959203310416383
4,(-0.3102863465810371+3.9511019718583825e-16j),7,3,DG AIPRIM,(0.297909736051931-0.08790426303972486j),0.01562336939849565,-0.004609989560505339,0.016289311683119655
4,(-0.3102863465810371+3.9511019718583825e-16j),7,4,CA1 Perforant Path Associated QuadD,(0.28757461946334795-0.08485467889659225j),0.03135813839742436,-0.009252849815029574,0.03269477134728904
4,(-0.3102863465810371+3.9511019718583825e-16j),7,5,CA1 Basket,(-0.2655403120460458+0.07835301305385223j),0.008311994744623663,-0.0024526213278539145,0.008666291479779301
4,(-0.3102863465810371+3.9511019718583825e-16j),8,1,DG HICAP,(-0.331248021395069+0.09774139506143882j),0.005928268389293369,-0.0017492548943474288,0.00618095937382648
4,(-0.3102863465810371+3.9511019718583825e-16j),8,2,DG Granule,(-0.30605983745394366+0.09030911447874666j),0.0012189987923633652,-0.00035969012597275373,0.0012709583165885646
4,(-0.3102863465810371+3.9511019718583825e-16j),8,3,DG AIPRIM,(0.297909736051931-0.08790426303972486j),0.014994879794493876,-0.004424541054524741,0.0156340328640596
4,(-0.3102863465810371+3.9511019718583825e-16j),8,4,CA1 Perforant Path Associated QuadD,(0.28757461946334795-0.08485467889659225j),0.030635936451412753,-0.009039749596583014,0.031941785720650054
4,(-0.3102863465810371+3.9511019718583825e-16j),8,5,CA1 Basket,(-0.2655403120460458+0.07835301305385223j),0.007973123980755212,-0.0023526306892183995,0.00831297643280348
4,(-0.3102863465810371+3.9511019718583825e-16j),9,1,DG HICAP,(-0.331248021395069+0.09774139506143882j),0.005493698892264813,-0.0016210264185611127,0.005727866458686402
4,(-0.3102863465810371+3.9511019718583825e-16j),9,2,DG Granule,(-0.30605983745394366+0.09030911447874666j),0.0011819549572403764,-0.0003487595969145011,0.0012323354970887861
4,(-0.3102863465810371+3.9511019718583825e-16j),9,3,DG AIPRIM,(0.297909736051931-0.08790426303972486j),0.01387301476165615,-0.004093512199111786,0.014464348609647324
4,(-0.3102863465810371+3.9511019718583825e-16j),9,4,CA1 Perforant Path Associated QuadD,(0.28757461946334795-0.08485467889659225j),0.029500659790800354,-0.00870476337048683,0.030758118171122138
4,(-0.3102863465810371+3.9511019718583825e-16j),9,5,CA1 Basket,(-0.2655403120460458+0.07835301305385223j),0.007717251711150568,-0.002277130426655714,0.008046197670530943
4,(-0.3102863465810371+3.9511019718583825e-16j),10,1,DG HICAP,(-0.331248021395069+0.09774139506143882j),0.005311268344123708,-0.0015671966139269857,0.005537659853222731
4,(-0.3102863465810371+3.9511019718583825e-16j),10,2,DG Granule,(-0.30605983745394366+0.09030911447874666j),0.0011274020561552068,-0.00033266266557508507,0.0011754572919891683
4,(-0.3102863465810371+3.9511019718583825e-16j),10,3,DG AIPRIM,(0.297909736051931-0.08790426303972486j),0.013378627046845913,-0.003947633154330519,0.01394888773987971
4,(-0.3102863465810371+3.9511019718583825e-16j),10,4,CA1 Perforant Path Associated QuadD,(0.28757461946334795-0.08485467889659225j),0.027941608704822988,-0.00824473397174892,0.029132612915396903
4,(-0.3102863465810371+3.9511019718583825e-16j),10,5,CA1 Basket,(-0.2655403120460458+0.07835301305385223j),0.0072919682066065455,-0.0021516419698320633,0.007602786561025076
5,(-0.18176645895590368+2.341595860947729e-16j),0,1,CA1 Perforant Path Associated,(-0.3704142289395582-0.0008033873802207138j),-0.3704142289395582,-0.0008033873802207138,0.37041510016759593
5,(-0.18176645895590368+2.341595860947729e-16j),0,2,CA1 Radial Trilaminar,(0.32754437770390565+0.0007104074275510737j),0.32754437770390565,0.0007104074275510737,0.3275451481004594
5,(-0.18176645895590368+2.341595860947729e-16j),0,3,MEC LV VI Pyramidal Polymorphic,(-0.3052264234871925-0.0006620022601228116j),-0.3052264234871925,-0.0006620022601228116,0.3052271413910882
5,(-0.18176645895590368+2.341595860947729e-16j),0,4,DG HICAP,(-0.2757434632709851-0.0005980569893460301j),-0.2757434632709851,-0.0005980569893460301,0.27574411182986225
5,(-0.18176645895590368+2.341595860947729e-16j),0,5,CA1 Neurogliaform,(-0.2630052207100344-0.0005704291540184598j),-0.2630052207100344,-0.0005704291540184598,0.2630058393080915
5,(-0.18176645895590368+2.341595860947729e-16j),1,1,CA1 Perforant Path Associated,(-0.3704142289395582-0.0008033873802207138j),-0.013156698318772309,-2.8535419452919498e-05,0.01315672926381589
5,(-0.18176645895590368+2.341595860947729e-16j),1,2,CA1 Radial Trilaminar,(0.32754437770390565+0.0007104074275510737j),-0.0008907829776588563,-1.932009482171187e-06,0.0008907850728135366
5,(-0.18176645895590368+2.341595860947729e-16j),1,3,MEC LV VI Pyramidal Polymorphic,(-0.3052264234871925-0.0006620022601228116j),-0.050568630123990474,-0.00010967775021207061,0.050568749063288565
5,(-0.18176645895590368+2.341595860947729e-16j),1,4,DG HICAP,(-0.2757434632709851-0.0005980569893460301j),-0.10864828703579335,-0.0002356460844883471,0.1086485425806038
5,(-0.18176645895590368+2.341595860947729e-16j),1,5,CA1 Neurogliaform,(-0.2630052207100344-0.0005704291540184598j),-0.017422663396307526,-3.778782457307404e-05,0.017422704375059578
5,(-0.18176645895590368+2.341595860947729e-16j),2,1,CA1 Perforant Path Associated,(-0.3704142289395582-0.0008033873802207138j),-0.38915413368527874,-0.0008440321551877992,0.3891550489902691
5,(-0.18176645895590368+2.341595860947729e-16j),2,2,CA1 Radial Trilaminar,(0.32754437770390565+0.0007104074275510737j),-0.03835597030404783,-8.318984555952814e-05,0.03835606051871599
5,(-0.18176645895590368+2.341595860947729e-16j),2,3,MEC LV VI Pyramidal Polymorphic,(-0.3052264234871925-0.0006620022601228116j),-0.021807020081848337,-4.7297007958046444e-05,0.02180707137277031
5,(-0.18176645895590368+2.341595860947729e-16j),2,4,DG HICAP,(-0.2757434632709851-0.0005980569893460301j),-0.1472011521503363,-0.0003192629730497608,0.1472014983729188
5,(-0.18176645895590368+2.341595860947729e-16j),2,5,CA1 Neurogliaform,(-0.2630052207100344-0.0005704291540184598j),-0.07218942998826958,-0.00015657086717188738,0.07218959978049276
5,(-0.18176645895590368+2.341595860947729e-16j),3,1,CA1 Perforant Path Associated,(-0.3704142289395582-0.0008033873802207138j),-0.3325204915641041,-0.0007212000666171378,0.3325212736646627
5,(-0.18176645895590368+2.341595860947729e-16j),3,2,CA1 Radial Trilaminar,(0.32754437770390565+0.0007104074275510737j),-0.026788420044234866,-5.810111199332187e-05,0.026788483051594748
5,(-0.18176645895590368+2.341595860947729e-16j),3,3,MEC LV VI Pyramidal Polymorphic,(-0.3052264234871925-0.0006620022601228116j),-0.03281032857109174,-7.116196370315522e-05,0.03281040574220436
5,(-0.18176645895590368+2.341595860947729e-16j),3,4,DG HICAP,(-0.2757434632709851-0.0005980569893460301j),-0.07338935216479799,-0.00015917336529019862,0.07338952477928273
5,(-0.18176645895590368+2.341595860947729e-16j),3,5,CA1 Neurogliaform,(-0.2630052207100344-0.0005704291540184598j),-0.0567951386775474,-0.00012318235668758266,0.0567952722618251
5,(-0.18176645895590368+2.341595860947729e-16j),4,1,CA1 Perforant Path Associated,(-0.3704142289395582-0.0008033873802207138j),-0.3112765096113605,-0.0006751242259150749,0.3112772417452837
5,(-0.18176645895590368+2.341595860947729e-16j),4,2,CA1 Radial Trilaminar,(0.32754437770390565+0.0007104074275510737j),-0.024347848574718365,-5.2807783157902526e-05,0.024347905841763415
5,(-0.18176645895590368+2.341595860947729e-16j),4,3,MEC LV VI Pyramidal Polymorphic,(-0.3052264234871925-0.0006620022601228116j),-0.03184327184922758,-6.906452492883547e-05,0.03184334674578683
5,(-0.18176645895590368+2.341595860947729e-16j),4,4,DG HICAP,(-0.2757434632709851-0.0005980569893460301j),-0.06543004753731131,-0.00014191051631351297,0.06543020143121567
5,(-0.18176645895590368+2.341595860947729e-16j),4,5,CA1 Neurogliaform,(-0.2630052207100344-0.0005704291540184598j),-0.053841840901261775,-0.00011677698135875928,0.053841967539273304
5,(-0.18176645895590368+2.341595860947729e-16j),5,1,CA1 Perforant Path Associated,(-0.3704142289395582-0.0008033873802207138j),-0.28337428060754916,-0.0006146073858199834,0.28337494711439243
5,(-0.18176645895590368+2.341595860947729e-16j),5,2,CA1 Radial Trilaminar,(0.32754437770390565+0.0007104074275510737j),-0.021209927772330748,-4.600198096183447e-05,0.02120997765886941
5,(-0.18176645895590368+2.341595860947729e-16j),5,3,MEC LV VI Pyramidal Polymorphic,(-0.3052264234871925-0.0006620022601228116j),-0.030015322638811057,-6.509990582784342e-05,0.03001539323596581
5,(-0.18176645895590368+2.341595860947729e-16j),5,4,DG HICAP,(-0.2757434632709851-0.0005980569893460301j),-0.07006191511806091,-0.000151956523379419,0.07006207990629003
5,(-0.18176645895590368+2.341595860947729e-16j),5,5,CA1 Neurogliaform,(-0.2630052207100344-0.0005704291540184598j),-0.051394829253448966,-0.00011146968449079212,0.051394950135998124
5,(-0.18176645895590368+2.341595860947729e-16j),6,1,CA1 Perforant Path Associated,(-0.3704142289395582-0.0008033873802207138j),-0.27323103686846156,-0.0005926078151291073,0.2732316795180184
5,(-0.18176645895590368+2.341595860947729e-16j),6,2,CA1 Radial Trilaminar,(0.32754437770390565+0.0007104074275510737j),-0.02126006841791548,-4.611073046105801e-05,0.021260118422386804
5,(-0.18176645895590368+2.341595860947729e-16j),6,3,MEC LV VI Pyramidal Polymorphic,(-0.3052264234871925-0.0006620022601228116j),-0.02780529353595441,-6.030659781632697e-05,0.02780535893503855
5,(-0.18176645895590368+2.341595860947729e-16j),6,4,DG HICAP,(-0.2757434632709851-0.0005980569893460301j),-0.06593277907019222,-0.00014300088525076647,0.06593293414653983
5,(-0.18176645895590368+2.341595860947729e-16j),6,5,CA1 Neurogliaform,(-0.2630052207100344-0.0005704291540184598j),-0.04892382531993985,-0.00010611035101610477,0.04892394039059589
5,(-0.18176645895590368+2.341595860947729e-16j),7,1,CA1 Perforant Path Associated,(-0.3704142289395582-0.0008033873802207138j),-0.25920890504758265,-0.0005621953663931697,0.25920951471656417
5,(-0.18176645895590368+2.341595860947729e-16j),7,2,CA1 Radial Trilaminar,(0.32754437770390565+0.0007104074275510737j),-0.020023373310813327,-4.342847593462626e-05,0.02002342040653178
5,(-0.18176645895590368+2.341595860947729e-16j),7,3,MEC LV VI Pyramidal Polymorphic,(-0.3052264234871925-0.0006620022601228116j),-0.026534224386797534,-5.754978980508431e-05,0.02653428679627978
5,(-0.18176645895590368+2.341595860947729e-16j),7,4,DG HICAP,(-0.2757434632709851-0.0005980569893460301j),-0.062309653466268676,-0.00013514272765385518,0.06230980002089017
5,(-0.18176645895590368+2.341595860947729e-16j),7,5,CA1 Neurogliaform,(-0.2630052207100344-0.0005704291540184598j),-0.04646263535098605,-0.00010077230294207934,0.04646274463283178
5,(-0.18176645895590368+2.341595860947729e-16j),8,1,CA1 Perforant Path Associated,(-0.3704142289395582-0.0008033873802207138j),-0.2462660006349283,-0.0005341236422094314,0.24626657986171743
5,(-0.18176645895590368+2.341595860947729e-16j),8,2,CA1 Radial Trilaminar,(0.32754437770390565+0.0007104074275510737j),-0.01903791401867324,-4.129112402648685e-05,0.019037958796554802
5,(-0.18176645895590368+2.341595860947729e-16j),8,3,MEC LV VI Pyramidal Polymorphic,(-0.3052264234871925-0.0006620022601228116j),-0.02520575731123184,-5.466849205741616e-05,0.025205816596110136
5,(-0.18176645895590368+2.341595860947729e-16j),8,4,DG HICAP,(-0.2757434632709851-0.0005980569893460301j),-0.05902705005290106,-0.0001280231249212169,0.05902718888671729
5,(-0.18176645895590368+2.341595860947729e-16j),8,5,CA1 Neurogliaform,(-0.2630052207100344-0.0005704291540184598j),-0.0441194203706947,-9.569012953395133e-05,0.044119524141211675
5,(-0.18176645895590368+2.341595860947729e-16j),9,1,CA1 Perforant Path Associated,(-0.3704142289395582-0.0008033873802207138j),-0.23380153367550435,-0.0005070895957986315,0.2338020835854038
5,(-0.18176645895590368+2.341595860947729e-16j),9,2,CA1 Radial Trilaminar,(0.32754437770390565+0.0007104074275510737j),-0.018057606571788502,-3.9164945899319e-05,0.018057649043950505
5,(-0.18176645895590368+2.341595860947729e-16j),9,3,MEC LV VI Pyramidal Polymorphic,(-0.3052264234871925-0.0006620022601228116j),-0.023947233826975788,-5.193889420191071e-05,0.02394729015176006
5,(-0.18176645895590368+2.341595860947729e-16j),9,4,DG HICAP,(-0.2757434632709851-0.0005980569893460301j),-0.05615195049747549,-0.0001217873528605215,0.05615208256895067
5,(-0.18176645895590368+2.341595860947729e-16j),9,5,CA1 Neurogliaform,(-0.2630052207100344-0.0005704291540184598j),-0.04191688380599679,-9.091307200671332e-05,0.04191698239606589
5,(-0.18176645895590368+2.341595860947729e-16j),10,1,CA1 Perforant Path Associated,(-0.3704142289395582-0.0008033873802207138j),-0.2221405807736285,-0.0004817982822615447,0.2221411032565332
5,(-0.18176645895590368+2.341595860947729e-16j),10,2,CA1 Radial Trilaminar,(0.32754437770390565+0.0007104074275510737j),-0.0171651349571392,-3.7229273950467026e-05,0.01716517533017478
5,(-0.18176645895590368+2.341595860947729e-16j),10,3,MEC LV VI Pyramidal Polymorphic,(-0.3052264234871925-0.0006620022601228116j),-0.022741652684029168,-4.932412241291232e-05,0.02274170617324177
5,(-0.18176645895590368+2.341595860947729e-16j),10,4,DG HICAP,(-0.2757434632709851-0.0005980569893460301j),-0.05334185069031911,-0.00011569255804475024,0.053341976152335074
5,(-0.18176645895590368+2.341595860947729e-16j),10,5,CA1 Neurogliaform,(-0.2630052207100344-0.0005704291540184598j),-0.03982164876961719,-8.636873959366986e-05,0.039821742431615584
6,(0.15932244683420865-6.902985798513417e-18j),0,1,DG Axo Axonic,(0.4440003850954925-0.008946181102084897j),0.4440003850954925,-0.008946181102084897,0.4440905044259074
6,(0.15932244683420865-6.902985798513417e-18j),0,2,DG HICAP,(-0.3771239122179712+0.007598684437860826j),-0.3771239122179712,0.007598684437860826,0.37720045754449216
6,(0.15932244683420865-6.902985798513417e-18j),0,3,MEC LV VI Pyramidal Polymorphic,(0.32547012210317927-0.006557910203222744j),0.32547012210317927,-0.006557910203222744,0.3255361831933463
6,(0.15932244683420865-6.902985798513417e-18j),0,4,CA1 R Receiving Apical Targeting,(-0.30895972027032637+0.006225241471791553j),-0.30895972027032637,0.006225241471791553,0.30902243022295395
6,(0.15932244683420865-6.902985798513417e-18j),0,5,CA2 Basket,(-0.22913260417695178+0.004616801791553746j),-0.22913260417695178,0.004616801791553746,0.22917911151694031
6,(0.15932244683420865-6.902985798513417e-18j),1,1,DG Axo Axonic,(0.4440003850954925-0.008946181102084897j),0.3123630707879583,-0.006293815714301238,0.3124264715230267
6,(0.15932244683420865-6.902985798513417e-18j),1,2,DG HICAP,(-0.3771239122179712+0.007598684437860826j),0.16342005965149664,-0.0032927571651546767,0.16345322923162883
6,(0.15932244683420865-6.902985798513417e-18j),1,3,MEC LV VI Pyramidal Polymorphic,(0.32547012210317927-0.006557910203222744j),0.04280077960762039,-0.0008623945801258231,0.04280946693702135
6,(0.15932244683420865-6.902985798513417e-18j),1,4,CA1 R Receiving Apical Targeting,(-0.30895972027032637+0.006225241471791553j),-0.37119839853067826,0.0074792910311208965,0.3712737411480489
6,(0.15932244683420865-6.902985798513417e-18j),1,5,CA2 Basket,(-0.22913260417695178+0.004616801791553746j),-0.011749158363666367,0.00023673425079655285,0.011751543105482426
6,(0.15932244683420865-6.902985798513417e-18j),2,1,DG Axo Axonic,(0.4440003850954925-0.008946181102084897j),0.0417844889725339,-0.0008419173004224151,0.04179297002411479
6,(0.15932244683420865-6.902985798513417e-18j),2,2,DG HICAP,(-0.3771239122179712+0.007598684437860826j),0.01532943850925131,-0.00030887345529576104,0.01533254994514296
6,(0.15932244683420865-6.902985798513417e-18j),2,3,MEC LV VI Pyramidal Polymorphic,(0.32547012210317927-0.006557910203222744j),-0.019844955214606535,0.0003998567777692723,0.01984898317074371
6,(0.15932244683420865-6.902985798513417e-18j),2,4,CA1 R Receiving Apical Targeting,(-0.30895972027032637+0.006225241471791553j),-0.09319405472194545,0.0018777706487829778,0.09321297043934602
6,(0.15932244683420865-6.902985798513417e-18j),2,5,CA2 Basket,(-0.22913260417695178+0.004616801791553746j),-0.017892563201224513,0.0003605179548309433,0.017896194877838393
6,(0.15932244683420865-6.902985798513417e-18j),3,1,DG Axo Axonic,(0.4440003850954925-0.008946181102084897j),-0.08250268864367387,0.00166234989606232,0.08251943432072187
6,(0.15932244683420865-6.902985798513417e-18j),3,2,DG HICAP,(-0.3771239122179712+0.007598684437860826j),-0.029364248489995134,0.0005916613898016173,0.029370208589357405
6,(0.15932244683420865-6.902985798513417e-18j),3,3,MEC LV VI Pyramidal Polymorphic,(0.32547012210317927-0.006557910203222744j),-0.012207302397626869,0.00024596541283097417,0.01220978012952796
6,(0.15932244683420865-6.902985798513417e-18j),3,4,CA1 R Receiving Apical Targeting,(-0.30895972027032637+0.006225241471791553j),-0.048985878436437716,0.0009870183780200186,0.04899582116331966
6,(0.15932244683420865-6.902985798513417e-18j),3,5,CA2 Basket,(-0.22913260417695178+0.004616801791553746j),-0.0326397767363624,0.000657660136381007,0.03264640167391452
6,(0.15932244683420865-6.902985798513417e-18j),4,1,DG Axo Axonic,(0.4440003850954925-0.008946181102084897j),-0.08959405869194544,0.001805234188156514,0.08961224371351191
6,(0.15932244683420865-6.902985798513417e-18j),4,2,DG HICAP,(-0.3771239122179712+0.007598684437860826j),-0.027213112208734173,0.0005483180608466354,0.02721863568919294
6,(0.15932244683420865-6.902985798513417e-18j),4,3,MEC LV VI Pyramidal Polymorphic,(0.32547012210317927-0.006557910203222744j),-0.008921439698233245,0.00017975843695400666,0.008923250494347239
6,(0.15932244683420865-6.902985798513417e-18j),4,4,CA1 R Receiving Apical Targeting,(-0.30895972027032637+0.006225241471791553j),-0.05321530986502042,0.0010722373570773002,0.053226111045050546
6,(0.15932244683420865-6.902985798513417e-18j),4,5,CA2 Basket,(-0.22913260417695178+0.004616801791553746j),-0.03361648304770153,0.0006773398299986994,0.033623306228592505
6,(0.15932244683420865-6.902985798513417e-18j),5,1,DG Axo Axonic,(0.4440003850954925-0.008946181102084897j),-0.07481537223673312,0.0015074578575103915,0.07483055760926219
6,(0.15932244683420865-6.902985798513417e-18j),5,2,DG HICAP,(-0.3771239122179712+0.007598684437860826j),-0.020667489309204812,0.00041643004936995216,0.0206716842161473
6,(0.15932244683420865-6.902985798513417e-18j),5,3,MEC LV VI Pyramidal Polymorphic,(0.32547012210317927-0.006557910203222744j),-0.008880624348141707,0.00017893604687073641,0.008882426859911488
6,(0.15932244683420865-6.902985798513417e-18j),5,4,CA1 R Receiving Apical Targeting,(-0.30895972027032637+0.006225241471791553j),-0.051360191932480065,0.0010348585133930495,0.05137061657683245
6,(0.15932244683420865-6.902985798513417e-18j),5,5,CA2 Basket,(-0.22913260417695178+0.004616801791553746j),-0.029644103399026088,0.0005973001972951558,0.029650120300899942
6,(0.15932244683420865-6.902985798513417e-18j),6,1,DG Axo Axonic,(0.4440003850954925-0.008946181102084897j),-0.068988685966616,0.0013900557282615147,0.06900268868912307
6,(0.15932244683420865-6.902985798513417e-18j),6,2,DG HICAP,(-0.3771239122179712+0.007598684437860826j),-0.019221950464161468,0.0003873038307179292,0.019225851968221488
6,(0.15932244683420865-6.902985798513417e-18j),6,3,MEC LV VI Pyramidal Polymorphic,(0.32547012210317927-0.006557910203222744j),-0.00852530938146845,0.00017177679172851907,0.008527039774501496
6,(0.15932244683420865-6.902985798513417e-18j),6,4,CA1 R Receiving Apical Targeting,(-0.30895972027032637+0.006225241471791553j),-0.047243307502737364,0.0009519072482113765,0.04725289653775098
6,(0.15932244683420865-6.902985798513417e-18j),6,5,CA2 Basket,(-0.22913260417695178+0.004616801791553746j),-0.027528957912747263,0.0005546820482738558,0.027534545500815653
6,(0.15932244683420865-6.902985798513417e-18j),7,1,DG Axo Axonic,(0.4440003850954925-0.008946181102084897j),-0.06616490300502463,0.0013331592150705265,0.06617833258066454
6,(0.15932244683420865-6.902985798513417e-18j),7,2,DG HICAP,(-0.3771239122179712+0.007598684437860826j),-0.018660413058022584,0.0003759893915878014,0.01866420058611154
6,(0.15932244683420865-6.902985798513417e-18j),7,3,MEC LV VI Pyramidal Polymorphic,(0.32547012210317927-0.006557910203222744j),-0.007995667540976446,0.00016110501759646827,0.007997290431922495
6,(0.15932244683420865-6.902985798513417e-18j),7,4,CA1 R Receiving Apical Targeting,(-0.30895972027032637+0.006225241471791553j),-0.044230293732451166,0.000891197916064592,0.04423927121217648
6,(0.15932244683420865-6.902985798513417e-18j),7,5,CA2 Basket,(-0.22913260417695178+0.004616801791553746j),-0.026212745974346596,0.000528161642515357,0.02621806640918144
6,(0.15932244683420865-6.902985798513417e-18j),8,1,DG Axo Axonic,(0.4440003850954925-0.008946181102084897j),-0.06292843235526566,0.0012679474415309565,0.06294120502028644
6,(0.15932244683420865-6.902985798513417e-18j),8,2,DG HICAP,(-0.3771239122179712+0.007598684437860826j),-0.01772482681955363,0.00035713822792459457,0.017728424450497927
6,(0.15932244683420865-6.902985798513417e-18j),8,3,MEC LV VI Pyramidal Polymorphic,(0.32547012210317927-0.006557910203222744j),-0.007538891322374632,0.00015190141572603484,0.007540421500862873
6,(0.15932244683420865-6.902985798513417e-18j),8,4,CA1 R Receiving Apical Targeting,(-0.30895972027032637+0.006225241471791553j),-0.04202736472485023,0.0008468110134433258,0.04203589507323562
6,(0.15932244683420865-6.902985798513417e-18j),8,5,CA2 Basket,(-0.22913260417695178+0.004616801791553746j),-0.02491706083258967,0.0005020548319842206,0.02492211828054134
6,(0.15932244683420865-6.902985798513417e-18j),9,1,DG Axo Axonic,(0.4440003850954925-0.008946181102084897j),-0.05967910662413991,0.0012024766504548027,0.05969121976932913
6,(0.15932244683420865-6.902985798513417e-18j),9,2,DG HICAP,(-0.3771239122179712+0.007598684437860826j),-0.016788614264237417,0.00033827444457876693,0.01679202187091272
6,(0.15932244683420865-6.902985798513417e-18j),9,3,MEC LV VI Pyramidal Polymorphic,(0.32547012210317927-0.006557910203222744j),-0.007157237221292458,0.0001442114523357985,0.007158689934955905
6,(0.15932244683420865-6.902985798513417e-18j),9,4,CA1 R Receiving Apical Targeting,(-0.30895972027032637+0.006225241471791553j),-0.039925710887305975,0.0008044647081793746,0.03993381466030323
6,(0.15932244683420865-6.902985798513417e-18j),9,5,CA2 Basket,(-0.22913260417695178+0.004616801791553746j),-0.023648952435642127,0.0004765036663614049,0.023653752493998065
6,(0.15932244683420865-6.902985798513417e-18j),10,1,DG Axo Axonic,(0.4440003850954925-0.008946181102084897j),-0.05665777995405709,0.0011415998213653163,0.05666927985667804
6,(0.15932244683420865-6.902985798513417e-18j),10,2,DG HICAP,(-0.3771239122179712+0.007598684437860826j),-0.015937291735900708,0.00032112111370237976,0.015940526548545206
6,(0.15932244683420865-6.902985798513417e-18j),10,3,MEC LV VI Pyramidal Polymorphic,(0.32547012210317927-0.006557910203222744j),-0.006798608536940304,0.0001369854289666357,0.006799988459277468
6,(0.15932244683420865-6.902985798513417e-18j),10,4,CA1 R Receiving Apical Targeting,(-0.30895972027032637+0.006225241471791553j),-0.03791375535736647,0.0007639257376189965,0.037921450761156696
6,(0.15932244683420865-6.902985798513417e-18j),10,5,CA2 Basket,(-0.22913260417695178+0.004616801791553746j),-0.022456659043334562,0.0004524801002284382,0.02246121710036397
7,(-0.0426304872053855+0.10592150613141953j),0,1,CA1 R Receiving Apical Targeting,(0.09633405351469373+0.4326659962423242j),0.09633405351469373,0.4326659962423242,0.44326077445555095
7,(-0.0426304872053855+0.10592150613141953j),0,2,SUB CA1 Projecting Pyramidal,(-0.3798320912544289-0.09611895939101683j),-0.3798320912544289,-0.09611895939101683,0.39180514532242267
7,(-0.0426304872053855+0.10592150613141953j),0,3,CA1 Perforant Path Associated,(-0.2370675648755886+0.02643591877847733j),-0.2370675648755886,0.02643591877847733,0.23853697431992313
7,(-0.0426304872053855+0.10592150613141953j),0,4,CA1 LMR,(-0.1536617159367929-0.1693903833207755j),-0.1536617159367929,-0.1693903833207755,0.22870291844705193
7,(-0.0426304872053855+0.10592150613141953j),0,5,CA1 Radial Trilaminar,(0.17161934499012982-0.10649096897970989j),0.17161934499012982,-0.10649096897970989,0.20197407271498666
7,(-0.0426304872053855+0.10592150613141953j),1,1,CA1 R Receiving Apical Targeting,(0.09633405351469373+0.4326659962423242j),0.03398233735197392,0.0499309640596033,0.060397851152377585
7,(-0.0426304872053855+0.10592150613141953j),1,2,SUB CA1 Projecting Pyramidal,(-0.3798320912544289-0.09611895939101683j),0.00760807594153657,-0.005154184050833531,0.009189582839392347
7,(-0.0426304872053855+0.10592150613141953j),1,3,CA1 Perforant Path Associated,(-0.2370675648755886+0.02643591877847733j),0.07120799145910814,0.17493058664437836,0.18886844149139045
7,(-0.0426304872053855+0.10592150613141953j),1,4,CA1 LMR,(-0.1536617159367929-0.1693903833207755j),0.0405066584894717,0.0955073249720208,0.10374217322426728
7,(-0.0426304872053855+0.10592150613141953j),1,5,CA1 Radial Trilaminar,(0.17161934499012982-0.10649096897970989j),0.010866239363135636,0.0566027899450966,0.057636368617962806
7,(-0.0426304872053855+0.10592150613141953j),2,1,CA1 R Receiving Apical Targeting,(0.09633405351469373+0.4326659962423242j),0.009811828965726072,-0.10147152077057654,0.10194479641034263
7,(-0.0426304872053855+0.10592150613141953j),2,2,SUB CA1 Projecting Pyramidal,(-0.3798320912544289-0.09611895939101683j),-0.003453579142924,-0.010251419998984455,0.010817523787448683
7,(-0.0426304872053855+0.10592150613141953j),2,3,CA1 Perforant Path Associated,(-0.2370675648755886+0.02643591877847733j),-0.016756238422602304,-0.20813098512787603,0.20880440248322168
7,(-0.0426304872053855+0.10592150613141953j),2,4,CA1 LMR,(-0.1536617159367929-0.1693903833207755j),-0.011078333160650223,-0.08931275375138842,0.08999720800266255
7,(-0.0426304872053855+0.10592150613141953j),2,5,CA1 Radial Trilaminar,(0.17161934499012982-0.10649096897970989j),-0.005320445821843607,-0.026897829794595263,0.02741897867175562
7,(-0.0426304872053855+0.10592150613141953j),3,1,CA1 R Receiving Apical Targeting,(0.09633405351469373+0.4326659962423242j),-0.011496892168700193,-0.07166490548771925,0.07258124556731203
7,(-0.0426304872053855+0.10592150613141953j),3,2,SUB CA1 Projecting Pyramidal,(-0.3798320912544289-0.09611895939101683j),0.0002844159887213406,0.009338258424393595,0.00934258865922065
7,(-0.0426304872053855+0.10592150613141953j),3,3,CA1 Perforant Path Associated,(-0.2370675648755886+0.02643591877847733j),-0.03252850714766222,-0.13592671816595903,0.1397647183255616
7,(-0.0426304872053855+0.10592150613141953j),3,4,CA1 LMR,(-0.1536617159367929-0.1693903833207755j),-0.012653935363294259,-0.050416367339416464,0.051980113273072115
7,(-0.0426304872053855+0.10592150613141953j),3,5,CA1 Radial Trilaminar,(0.17161934499012982-0.10649096897970989j),-0.000998756494446694,-0.0067507912726942,0.006824272660341439
7,(-0.0426304872053855+0.10592150613141953j),4,1,CA1 R Receiving Apical Targeting,(0.09633405351469373+0.4326659962423242j),-0.035870772454858806,-0.10404133670821865,0.11005140644508447
7,(-0.0426304872053855+0.10592150613141953j),4,2,SUB CA1 Projecting Pyramidal,(-0.3798320912544289-0.09611895939101683j),0.0011829315984653232,0.005892014528705037,0.006009589201694154
7,(-0.0426304872053855+0.10592150613141953j),4,3,CA1 Perforant Path Associated,(-0.2370675648755886+0.02643591877847733j),-0.0664178271161548,-0.18420572120577453,0.19581387970154457
7,(-0.0426304872053855+0.10592150613141953j),4,4,CA1 LMR,(-0.1536617159367929-0.1693903833207755j),-0.026696132259057474,-0.0726224388199599,0.07737378172063138
7,(-0.0426304872053855+0.10592150613141953j),4,5,CA1 Radial Trilaminar,(0.17161934499012982-0.10649096897970989j),-0.006226776980765413,-0.016399936680705298,0.01754225398001446
7,(-0.0426304872053855+0.10592150613141953j),5,1,CA1 R Receiving Apical Targeting,(0.09633405351469373+0.4326659962423242j),-0.03586950538533263,-0.09427607516350518,0.10086922109753443
7,(-0.0426304872053855+0.10592150613141953j),5,2,SUB CA1 Projecting Pyramidal,(-0.3798320912544289-0.09611895939101683j),0.0029688344995894645,0.008363341226211511,0.008874652373586343
7,(-0.0426304872053855+0.10592150613141953j),5,3,CA1 Perforant Path Associated,(-0.2370675648755886+0.02643591877847733j),-0.06390159285512012,-0.16638356306794036,0.17823272322613717
7,(-0.0426304872053855+0.10592150613141953j),5,4,CA1 LMR,(-0.1536617159367929-0.1693903833207755j),-0.024619290142134247,-0.06367021943756584,0.0682642387369139
7,(-0.0426304872053855+0.10592150613141953j),5,5,CA1 Radial Trilaminar,(0.17161934499012982-0.10649096897970989j),-0.004855997802452661,-0.012275593317243386,0.013201170627932036
7,(-0.0426304872053855+0.10592150613141953j),6,1,CA1 R Receiving Apical Targeting,(0.09633405351469373+0.4326659962423242j),-0.03591752724471462,-0.09317245844709443,0.09985577487782245
7,(-0.0426304872053855+0.10592150613141953j),6,2,SUB CA1 Projecting Pyramidal,(-0.3798320912544289-0.09611895939101683j),0.0028886598607594347,0.007547891798270566,0.008081771240858208
7,(-0.0426304872053855+0.10592150613141953j),6,3,CA1 Perforant Path Associated,(-0.2370675648755886+0.02643591877847733j),-0.06328402340073355,-0.16352175415137724,0.17534033106655197
7,(-0.0426304872053855+0.10592150613141953j),6,4,CA1 LMR,(-0.1536617159367929-0.1693903833207755j),-0.02440737786877836,-0.06303782958112941,0.06759798852576049
7,(-0.0426304872053855+0.10592150613141953j),6,5,CA1 Radial Trilaminar,(0.17161934499012982-0.10649096897970989j),-0.004951757068161358,-0.012832859561494448,0.013755078428970353
7,(-0.0426304872053855+0.10592150613141953j),7,1,CA1 R Receiving Apical Targeting,(0.09633405351469373+0.4326659962423242j),-0.03439040686182467,-0.08835127210921001,0.09480847729732562
7,(-0.0426304872053855+0.10592150613141953j),7,2,SUB CA1 Projecting Pyramidal,(-0.3798320912544289-0.09611895939101683j),0.0028732913458989575,0.0074382937152583034,0.007973958650060144
7,(-0.0426304872053855+0.10592150613141953j),7,3,CA1 Perforant Path Associated,(-0.2370675648755886+0.02643591877847733j),-0.06044101267772006,-0.1549575145494659,0.1663278308908532
7,(-0.0426304872053855+0.10592150613141953j),7,4,CA1 LMR,(-0.1536617159367929-0.1693903833207755j),-0.023242363435760985,-0.05955940000136359,0.06393379064784464
7,(-0.0426304872053855+0.10592150613141953j),7,5,CA1 Radial Trilaminar,(0.17161934499012982-0.10649096897970989j),-0.0046511111268052446,-0.011921036507991969,0.012796247345951426
7,(-0.0426304872053855+0.10592150613141953j),8,1,CA1 R Receiving Apical Targeting,(0.09633405351469373+0.4326659962423242j),-0.03302420871261176,-0.08441291299841465,0.09064291611577852
7,(-0.0426304872053855+0.10592150613141953j),8,2,SUB CA1 Projecting Pyramidal,(-0.3798320912544289-0.09611895939101683j),0.0027477166201557482,0.007051396324914408,0.0075678356718216705
7,(-0.0426304872053855+0.10592150613141953j),8,3,CA1 Perforant Path Associated,(-0.2370675648755886+0.02643591877847733j),-0.05790423986244653,-0.14788659869955156,0.1588185979945987
7,(-0.0426304872053855+0.10592150613141953j),8,4,CA1 LMR,(-0.1536617159367929-0.1693903833207755j),-0.02227772466239227,-0.05687995846304272,0.061087041922905594
7,(-0.0426304872053855+0.10592150613141953j),8,5,CA1 Radial Trilaminar,(0.17161934499012982-0.10649096897970989j),-0.004486912597262382,-0.011451943836231064,0.012299569190978297
7,(-0.0426304872053855+0.10592150613141953j),9,1,CA1 R Receiving Apical Targeting,(0.09633405351469373+0.4326659962423242j),-0.03143349275981402,-0.08018436004285284,0.0861254669802326
7,(-0.0426304872053855+0.10592150613141953j),9,2,SUB CA1 Projecting Pyramidal,(-0.3798320912544289-0.09611895939101683j),0.002635294831562204,0.0067328247524093155,0.0072301941879809855
7,(-0.0426304872053855+0.10592150613141953j),9,3,CA1 Perforant Path Associated,(-0.2370675648755886+0.02643591877847733j),-0.05507566686009854,-0.1404593158071215,0.15087129772454816
7,(-0.0426304872053855+0.10592150613141953j),9,4,CA1 LMR,(-0.1536617159367929-0.1693903833207755j),-0.021176992001192132,-0.05400062379097163,0.058004589129073296
7,(-0.0426304872053855+0.10592150613141953j),9,5,CA1 Radial Trilaminar,(0.17161934499012982-0.10649096897970989j),-0.004255445855851273,-0.010847792538783107,0.011652614401779553
7,(-0.0426304872053855+0.10592150613141953j),10,1,CA1 R Receiving Apical Targeting,(0.09633405351469373+0.4326659962423242j),-0.029894894534807613,-0.07622319557482177,0.08187600541602405
7,(-0.0426304872053855+0.10592150613141953j),10,2,SUB CA1 Projecting Pyramidal,(-0.3798320912544289-0.09611895939101683j),0.002507322814661447,0.00639505574162991,0.006869017807188701
7,(-0.0426304872053855+0.10592150613141953j),10,3,CA1 Perforant Path Associated,(-0.2370675648755886+0.02643591877847733j),-0.05236561922619915,-0.13350456028759347,0.14340720238023946
7,(-0.0426304872053855+0.10592150613141953j),10,4,CA1 LMR,(-0.1536617159367929-0.1693903833207755j),-0.02013418685279231,-0.051330171928251976,0.055137755035973866
7,(-0.0426304872053855+0.10592150613141953j),10,5,CA1 Radial Trilaminar,(0.17161934499012982-0.10649096897970989j),-0.004047049865481511,-0.010317586475754826,0.011082923950761946
8,(-0.060964748121421816+0.08636199672525989j),0,1,CA1 R Receiving Apical Targeting,(-0.14707912031264728-0.4026964929634718j),-0.14707912031264728,-0.4026964929634718,0.4287152120895895
8,(-0.060964748121421816+0.08636199672525989j),0,2,DG Axo Axonic,(-0.2846707398946597-0.19294367790077746j),-0.2846707398946597,-0.19294367790077746,0.3438963404778422
8,(-0.060964748121421816+0.08636199672525989j),0,3,CA1 Neurogliaform,(-0.13025771230561398+0.22478519220783444j),-0.13025771230561398,0.22478519220783444,0.25979887269001994
8,(-0.060964748121421816+0.08636199672525989j),0,4,SUB CA1 Projecting Pyramidal,(-0.23588038896278044+0.05832024504418706j),-0.23588038896278044,0.05832024504418706,0.2429831452575397
8,(-0.060964748121421816+0.08636199672525989j),0,5,CA1 Perforant Path Associated,(-0.2099778177808047+0.09133115416943474j),-0.2099778177808047,0.09133115416943474,0.22898048755714948
8,(-0.060964748121421816+0.08636199672525989j),1,1,CA1 R Receiving Apical Targeting,(-0.14707912031264728-0.4026964929634718j),-0.2726400244939075,0.005305403898806876,0.2726916395245149
8,(-0.060964748121421816+0.08636199672525989j),1,2,DG Axo Axonic,(-0.2846707398946597-0.19294367790077746j),-0.2922987864703242,-0.17963818441987617,0.34308666233722
8,(-0.060964748121421816+0.08636199672525989j),1,3,CA1 Neurogliaform,(-0.13025771230561398+0.22478519220783444j),-0.0244689083223117,-0.009512439347780347,0.026252885114419224
8,(-0.060964748121421816+0.08636199672525989j),1,4,SUB CA1 Projecting Pyramidal,(-0.23588038896278044+0.05832024504418706j),0.00853102385001125,-0.0037267021888434497,0.009309493924687384
8,(-0.060964748121421816+0.08636199672525989j),1,5,CA1 Perforant Path Associated,(-0.2099778177808047+0.09133115416943474j),-0.38281990900695445,0.043970982318616715,0.3853369045629512
8,(-0.060964748121421816+0.08636199672525989j),2,1,CA1 R Receiving Apical Targeting,(-0.14707912031264728-0.4026964929634718j),-0.2395068485313225,-0.1263663600573033,0.27079879513679134
8,(-0.060964748121421816+0.08636199672525989j),2,2,DG Axo Axonic,(-0.2846707398946597-0.19294367790077746j),-0.18281857234177254,-0.17495458224568447,0.25304492929487027
8,(-0.060964748121421816+0.08636199672525989j),2,3,CA1 Neurogliaform,(-0.13025771230561398+0.22478519220783444j),-0.04798781933667461,-0.02532801645948169,0.0542617657514119
8,(-0.060964748121421816+0.08636199672525989j),2,4,SUB CA1 Projecting Pyramidal,(-0.23588038896278044+0.05832024504418706j),0.017843230185547426,-0.003655516262240027,0.018213831628680774
8,(-0.060964748121421816+0.08636199672525989j),2,5,CA1 Perforant Path Associated,(-0.2099778177808047+0.09133115416943474j),-0.3871453296764617,-0.21894408057502038,0.44476737370128355
8,(-0.060964748121421816+0.08636199672525989j),3,1,CA1 R Receiving Apical Targeting,(-0.14707912031264728-0.4026964929634718j),-0.1428689117132821,-0.08005860263259294,0.16377089420779567
8,(-0.060964748121421816+0.08636199672525989j),3,2,DG Axo Axonic,(-0.2846707398946597-0.19294367790077746j),-0.20097975497020018,-0.0967491048162833,0.22305436823930141
8,(-0.060964748121421816+0.08636199672525989j),3,3,CA1 Neurogliaform,(-0.13025771230561398+0.22478519220783444j),-0.04320264864396129,-0.019794326296676764,0.0475214078431277
8,(-0.060964748121421816+0.08636199672525989j),3,4,SUB CA1 Projecting Pyramidal,(-0.23588038896278044+0.05832024504418706j),0.01866808977634676,0.010466890787786667,0.02140218163321664
8,(-0.060964748121421816+0.08636199672525989j),3,5,CA1 Perforant Path Associated,(-0.2099778177808047+0.09133115416943474j),-0.24019725819325458,-0.12799328461034548,0.27217090907902314
8,(-0.060964748121421816+0.08636199672525989j),4,1,CA1 R Receiving Apical Targeting,(-0.14707912031264728-0.4026964929634718j),-0.13940615435307238,-0.06727339740888011,0.15478948888876712
8,(-0.060964748121421816+0.08636199672525989j),4,2,DG Axo Axonic,(-0.2846707398946597-0.19294367790077746j),-0.21121495618791536,-0.08585707067270495,0.22799823311148892
8,(-0.060964748121421816+0.08636199672525989j),4,3,CA1 Neurogliaform,(-0.13025771230561398+0.22478519220783444j),-0.04331981147341985,-0.019049250708610726,0.04732314464035695
8,(-0.060964748121421816+0.08636199672525989j),4,4,SUB CA1 Projecting Pyramidal,(-0.23588038896278044+0.05832024504418706j),0.010941849099045556,0.0060278332382087425,0.012492351069912266
8,(-0.060964748121421816+0.08636199672525989j),4,5,CA1 Perforant Path Associated,(-0.2099778177808047+0.09133115416943474j),-0.2446330863221714,-0.11484732940652227,0.2702503579929566
8,(-0.060964748121421816+0.08636199672525989j),5,1,CA1 R Receiving Apical Targeting,(-0.14707912031264728-0.4026964929634718j),-0.13100724211899237,-0.05786362059497281,0.14321695456887515
8,(-0.060964748121421816+0.08636199672525989j),5,2,DG Axo Axonic,(-0.2846707398946597-0.19294367790077746j),-0.20025063961850895,-0.09086072021224649,0.21989995258096373
8,(-0.060964748121421816+0.08636199672525989j),5,3,CA1 Neurogliaform,(-0.13025771230561398+0.22478519220783444j),-0.04118912946521325,-0.01848723954199859,0.04514778413150898
8,(-0.060964748121421816+0.08636199672525989j),5,4,SUB CA1 Projecting Pyramidal,(-0.23588038896278044+0.05832024504418706j),0.011134401550489562,0.005273988533036643,0.012320302469263746
8,(-0.060964748121421816+0.08636199672525989j),5,5,CA1 Perforant Path Associated,(-0.2099778177808047+0.09133115416943474j),-0.2293369805069757,-0.10145067031130138,0.25077417956135223
8,(-0.060964748121421816+0.08636199672525989j),6,1,CA1 R Receiving Apical Targeting,(-0.14707912031264728-0.4026964929634718j),-0.12540336174629826,-0.05651419340082482,0.13754947180203483
8,(-0.060964748121421816+0.08636199672525989j),6,2,DG Axo Axonic,(-0.2846707398946597-0.19294367790077746j),-0.1856093165080351,-0.08453052853173615,0.20395153499896637
8,(-0.060964748121421816+0.08636199672525989j),6,3,CA1 Neurogliaform,(-0.13025771230561398+0.22478519220783444j),-0.03899842693609782,-0.01755127303127858,0.042765926723369936
8,(-0.060964748121421816+0.08636199672525989j),6,4,SUB CA1 Projecting Pyramidal,(-0.23588038896278044+0.05832024504418706j),0.010446764619938443,0.004612948472718352,0.011419903004682317
8,(-0.060964748121421816+0.08636199672525989j),6,5,CA1 Perforant Path Associated,(-0.2099778177808047+0.09133115416943474j),-0.21919324637420648,-0.09883607537738877,0.24044593789887253
8,(-0.060964748121421816+0.08636199672525989j),7,1,CA1 R Receiving Apical Targeting,(-0.14707912031264728-0.4026964929634718j),-0.11806306632998433,-0.05321602473747215,0.1295022506371898
8,(-0.060964748121421816+0.08636199672525989j),7,2,DG Axo Axonic,(-0.2846707398946597-0.19294367790077746j),-0.17636984841571124,-0.07945635343430923,0.19344155585411016
8,(-0.060964748121421816+0.08636199672525989j),7,3,CA1 Neurogliaform,(-0.13025771230561398+0.22478519220783444j),-0.03704278210448787,-0.016653353967533226,0.04061406042749877
8,(-0.060964748121421816+0.08636199672525989j),7,4,SUB CA1 Projecting Pyramidal,(-0.23588038896278044+0.05832024504418706j),0.009990763120149041,0.004504527956613719,0.010959293765331998
8,(-0.060964748121421816+0.08636199672525989j),7,5,CA1 Perforant Path Associated,(-0.2099778177808047+0.09133115416943474j),-0.2066745136783841,-0.09309426178750989,0.22667354539504164
8,(-0.060964748121421816+0.08636199672525989j),8,1,CA1 R Receiving Apical Targeting,(-0.14707912031264728-0.4026964929634718j),-0.11214682868555452,-0.05045837717874845,0.12297544068528461
8,(-0.060964748121421816+0.08636199672525989j),8,2,DG Axo Axonic,(-0.2846707398946597-0.19294367790077746j),-0.16761320392684087,-0.0752479659795289,0.18372926417606175
8,(-0.060964748121421816+0.08636199672525989j),8,3,CA1 Neurogliaform,(-0.13025771230561398+0.22478519220783444j),-0.03519295986783132,-0.01580865590128664,0.03858053946828726
8,(-0.060964748121421816+0.08636199672525989j),8,4,SUB CA1 Projecting Pyramidal,(-0.23588038896278044+0.05832024504418706j),0.009412030213048077,0.004241449599846795,0.010323575322501907
8,(-0.060964748121421816+0.08636199672525989j),8,5,CA1 Perforant Path Associated,(-0.2099778177808047+0.09133115416943474j),-0.19639500369325652,-0.08832351105308556,0.21534168217142444
8,(-0.060964748121421816+0.08636199672525989j),9,1,CA1 R Receiving Apical Targeting,(-0.14707912031264728-0.4026964929634718j),-0.10649681955850424,-0.04784566669015409,0.11675093317443733
8,(-0.060964748121421816+0.08636199672525989j),9,2,DG Axo Axonic,(-0.2846707398946597-0.19294367790077746j),-0.15924548957324844,-0.07154985506811594,0.1745809488738447
8,(-0.060964748121421816+0.08636199672525989j),9,3,CA1 Neurogliaform,(-0.13025771230561398+0.22478519220783444j),-0.033436267043875555,-0.015021480649328995,0.03665554302868154
8,(-0.060964748121421816+0.08636199672525989j),9,4,SUB CA1 Projecting Pyramidal,(-0.23588038896278044+0.05832024504418706j),0.008942673174925057,0.004022482616172823,0.009805700888306595
8,(-0.060964748121421816+0.08636199672525989j),9,5,CA1 Perforant Path Associated,(-0.2099778177808047+0.09133115416943474j),-0.1865164497852445,-0.08379192491382437,0.20447364798735218
8,(-0.060964748121421816+0.08636199672525989j),10,1,CA1 R Receiving Apical Targeting,(-0.14707912031264728-0.4026964929634718j),-0.10117998205945149,-0.04545971261140978,0.11092328087585084
8,(-0.060964748121421816+0.08636199672525989j),10,2,DG Axo Axonic,(-0.2846707398946597-0.19294367790077746j),-0.15123137283591565,-0.06795579503664892,0.1657978232936089
8,(-0.060964748121421816+0.08636199672525989j),10,3,CA1 Neurogliaform,(-0.13025771230561398+0.22478519220783444j),-0.03176271939074041,-0.014270218207032411,0.03482110668504428
8,(-0.060964748121421816+0.08636199672525989j),10,4,SUB CA1 Projecting Pyramidal,(-0.23588038896278044+0.05832024504418706j),0.008492735244129855,0.003815356298459243,0.00931039717794456
8,(-0.060964748121421816+0.08636199672525989j),10,5,CA1 Perforant Path Associated,(-0.2099778177808047+0.09133115416943474j),-0.17720156146251942,-0.07961550625522999,0.19426533973159396
9,(-0.04263048720538579-0.10592150613141978j),0,1,CA3 Basket,(0.2446499656484752-0.252299594144338j),0.2446499656484752,-0.252299594144338,0.35143803279838365
9,(-0.04263048720538579-0.10592150613141978j),0,2,CA3 Granule,(0.3019926063304597-0.09944165116947408j),0.3019926063304597,-0.09944165116947408,0.31794366838415794
9,(-0.04263048720538579-0.10592150613141978j),0,3,SUB CA1 Projecting Pyramidal,(0.049694058127310724+0.2992084521351126j),0.049694058127310724,0.2992084521351126,0.30330710054703713
9,(-0.04263048720538579-0.10592150613141978j),0,4,CA1 Perforant Path Associated,(-0.1645458250066+0.13705281672817912j),-0.1645458250066,0.13705281672817912,0.21414668594267455
9,(-0.04263048720538579-0.10592150613141978j),0,5,CA1 Horizontal Basket,(-0.00105905447603743-0.21295138574831207j),-0.00105905447603743,-0.21295138574831207,0.212954019188438
9,(-0.04263048720538579-0.10592150613141978j),1,1,CA3 Basket,(0.2446499656484752-0.252299594144338j),0.10913822936317438,-0.07221443782662133,0.13086664257611189
9,(-0.04263048720538579-0.10592150613141978j),1,2,CA3 Granule,(0.3019926063304597-0.09944165116947408j),0.04812117593882062,-0.027746576059716255,0.05554745769855311
9,(-0.04263048720538579-0.10592150613141978j),1,3,SUB CA1 Projecting Pyramidal,(0.049694058127310724+0.2992084521351126j),0.01279442626950535,-0.003940230509434319,0.013387410505145705
9,(-0.04263048720538579-0.10592150613141978j),1,4,CA1 Perforant Path Associated,(-0.1645458250066+0.13705281672817912j),-0.25446922283351747,-0.5348348781024359,0.592286191130894
9,(-0.04263048720538579-0.10592150613141978j),1,5,CA1 Horizontal Basket,(-0.00105905447603743-0.21295138574831207j),0.21383681291999507,-0.1679427119885082,0.27190244035285155
9,(-0.04263048720538579-0.10592150613141978j),2,1,CA3 Basket,(0.2446499656484752-0.252299594144338j),0.10439679729341052,-0.06803631895166529,0.12460991927456727
9,(-0.04263048720538579-0.10592150613141978j),2,2,CA3 Granule,(0.3019926063304597-0.09944165116947408j),0.07608627650325246,-0.041183206768792106,0.08651692315316392
9,(-0.04263048720538579-0.10592150613141978j),2,3,SUB CA1 Projecting Pyramidal,(0.049694058127310724+0.2992084521351126j),0.017187174344758655,0.024484597680874593,0.0299147870718048
9,(-0.04263048720538579-0.10592150613141978j),2,4,CA1 Perforant Path Associated,(-0.1645458250066+0.13705281672817912j),0.6689856744120792,-0.5178987627698625,0.846026572305586
9,(-0.04263048720538579-0.10592150613141978j),2,5,CA1 Horizontal Basket,(-0.00105905447603743-0.21295138574831207j),0.05942291447894816,-0.053147700628539574,0.07972302582863532
9,(-0.04263048720538579-0.10592150613141978j),3,1,CA3 Basket,(0.2446499656484752-0.252299594144338j),0.11388723304625906,-0.060758280760841415,0.12908086818714132
9,(-0.04263048720538579-0.10592150613141978j),3,2,CA3 Granule,(0.3019926063304597-0.09944165116947408j),0.06803881039956741,-0.03661807748692648,0.07726683194894711
9,(-0.04263048720538579-0.10592150613141978j),3,3,SUB CA1 Projecting Pyramidal,(0.049694058127310724+0.2992084521351126j),-0.03113457002256115,0.025570529220158622,0.040289122788772024
9,(-0.04263048720538579-0.10592150613141978j),3,4,CA1 Perforant Path Associated,(-0.1645458250066+0.13705281672817912j),0.41188335446386243,-0.2877923281600343,0.5024662394949303
9,(-0.04263048720538579-0.10592150613141978j),3,5,CA1 Horizontal Basket,(-0.00105905447603743-0.21295138574831207j),0.09545018583253916,-0.06042130827182791,0.11296668742928385
9,(-0.04263048720538579-0.10592150613141978j),4,1,CA3 Basket,(0.2446499656484752-0.252299594144338j),0.1008502254451313,-0.05661562606681144,0.11565507808683036
9,(-0.04263048720538579-0.10592150613141978j),4,2,CA3 Granule,(0.3019926063304597-0.09944165116947408j),0.06496117622632581,-0.03516162734366081,0.07386673442194554
9,(-0.04263048720538579-0.10592150613141978j),4,3,SUB CA1 Projecting Pyramidal,(0.049694058127310724+0.2992084521351126j),-0.018591885192989425,0.01345318962782935,0.022948780058897132
9,(-0.04263048720538579-0.10592150613141978j),4,4,CA1 Perforant Path Associated,(-0.1645458250066+0.13705281672817912j),0.466255395639939,-0.25936220719819897,0.5335380478335894
9,(-0.04263048720538579-0.10592150613141978j),4,5,CA1 Horizontal Basket,(-0.00105905447603743-0.21295138574831207j),0.0871239247619922,-0.04883233839797856,0.09987580056924684
9,(-0.04263048720538579-0.10592150613141978j),5,1,CA3 Basket,(0.2446499656484752-0.252299594144338j),0.0988580727382093,-0.054111753280781584,0.11269871511527207
9,(-0.04263048720538579-0.10592150613141978j),5,2,CA3 Granule,(0.3019926063304597-0.09944165116947408j),0.061547596558981864,-0.03346765873167626,0.07005848145062198
9,(-0.04263048720538579-0.10592150613141978j),5,3,SUB CA1 Projecting Pyramidal,(0.049694058127310724+0.2992084521351126j),-0.02125761470413097,0.01188029908312512,0.02435215984699897
9,(-0.04263048720538579-0.10592150613141978j),5,4,CA1 Perforant Path Associated,(-0.1645458250066+0.13705281672817912j),0.41896915104227744,-0.2385487659550242,0.4821210047941819
9,(-0.04263048720538579-0.10592150613141978j),5,5,CA1 Horizontal Basket,(-0.00105905447603743-0.21295138574831207j),0.0826433747191113,-0.04547719589480452,0.094329755281236
9,(-0.04263048720538579-0.10592150613141978j),6,1,CA3 Basket,(0.2446499656484752-0.252299594144338j),0.0931870624252198,-0.05095777388767558,0.10620980803593086
9,(-0.04263048720538579-0.10592150613141978j),6,2,CA3 Granule,(0.3019926063304597-0.09944165116947408j),0.05848513992706888,-0.03184627364706525,0.0665935187348783
9,(-0.04263048720538579-0.10592150613141978j),6,3,SUB CA1 Projecting Pyramidal,(0.049694058127310724+0.2992084521351126j),-0.019028974951271607,0.010891721933626261,0.021925589943615147
9,(-0.04263048720538579-0.10592150613141978j),6,4,CA1 Perforant Path Associated,(-0.1645458250066+0.13705281672817912j),0.4095226290524947,-0.22592518671935422,0.4677082142749283
9,(-0.04263048720538579-0.10592150613141978j),6,5,CA1 Horizontal Basket,(-0.00105905447603743-0.21295138574831207j),0.07859835196504258,-0.04315044014003526,0.08966415903748542
9,(-0.04263048720538579-0.10592150613141978j),7,1,CA3 Basket,(0.2446499656484752-0.252299594144338j),0.08879117325996753,-0.04837842249689012,0.10111549936666078
9,(-0.04263048720538579-0.10592150613141978j),7,2,CA3 Granule,(0.3019926063304597-0.09944165116947408j),0.05555975511444418,-0.030259061168559583,0.0632652919947394
9,(-0.04263048720538579-0.10592150613141978j),7,3,SUB CA1 Projecting Pyramidal,(0.049694058127310724+0.2992084521351126j),-0.018643748314037048,0.010310057078327769,0.02130461518440396
9,(-0.04263048720538579-0.10592150613141978j),7,4,CA1 Perforant Path Associated,(-0.1645458250066+0.13705281672817912j),0.3870974477770287,-0.2120665621636868,0.44138040380539584
9,(-0.04263048720538579-0.10592150613141978j),7,5,CA1 Horizontal Basket,(-0.00105905447603743-0.21295138574831207j),0.07480027413288988,-0.04088738577252626,0.0852458757105988
9,(-0.04263048720538579-0.10592150613141978j),8,1,CA3 Basket,(0.2446499656484752-0.252299594144338j),0.08426695994130512,-0.045928063816503516,0.09597034741878525
9,(-0.04263048720538579-0.10592150613141978j),8,2,CA3 Granule,(0.3019926063304597-0.09944165116947408j),0.052778731313603444,-0.028748303139388746,0.06010041108401616
9,(-0.04263048720538579-0.10592150613141978j),8,3,SUB CA1 Projecting Pyramidal,(0.049694058127310724+0.2992084521351126j),-0.017623248877565795,0.009663019505653896,0.020098578232483805
9,(-0.04263048720538579-0.10592150613141978j),8,4,CA1 Perforant Path Associated,(-0.1645458250066+0.13705281672817912j),0.3685881940590514,-0.20102560423040816,0.41984348316475467
9,(-0.04263048720538579-0.10592150613141978j),8,5,CA1 Horizontal Basket,(-0.00105905447603743-0.21295138574831207j),0.07108660770566429,-0.03875971133264972,0.08096678959727467
9,(-0.04263048720538579-0.10592150613141978j),9,1,CA3 Basket,(0.2446499656484752-0.252299594144338j),0.08008593658057246,-0.04363316524650818,0.09120093391745814
9,(-0.04263048720538579-0.10592150613141978j),9,2,CA3 Granule,(0.3019926063304597-0.09944165116947408j),0.05013914712477445,-0.02731265344335608,0.057095666319928774
9,(-0.04263048720538579-0.10592150613141978j),9,3,SUB CA1 Projecting Pyramidal,(0.049694058127310724+0.2992084521351126j),-0.016782847107266685,0.009155185427237018,0.019117567241492387
9,(-0.04263048720538579-0.10592150613141978j),9,4,CA1 Perforant Path Associated,(-0.1645458250066+0.13705281672817912j),0.3499386090973505,-0.19079044211147816,0.3985699724491065
9,(-0.04263048720538579-0.10592150613141978j),9,5,CA1 Horizontal Basket,(-0.00105905447603743-0.21295138574831207j),0.0675294153564247,-0.03679849041642187,0.07690481672371387
9,(-0.04263048720538579-0.10592150613141978j),10,1,CA3 Basket,(0.2446499656484752-0.252299594144338j),0.07607510159695512,-0.04144590895912962,0.08663246765754455
9,(-0.04263048720538579-0.10592150613141978j),10,2,CA3 Granule,(0.3019926063304597-0.09944165116947408j),0.04763196333677832,-0.025947722274836767,0.05424101974122771
9,(-0.04263048720538579-0.10592150613141978j),10,3,SUB CA1 Projecting Pyramidal,(0.049694058127310724+0.2992084521351126j),-0.01593316513277872,0.00868788848048565,0.01814786922472583
9,(-0.04263048720538579-0.10592150613141978j),10,4,CA1 Perforant Path Associated,(-0.1645458250066+0.13705281672817912j),0.3325602091650665,-0.18121836705252378,0.3787299688130001
9,(-0.04263048720538579-0.10592150613141978j),10,5,CA1 Horizontal Basket,(-0.00105905447603743-0.21295138574831207j),0.06415525914283081,-0.03495468405633657,0.07305975097933257
10,(-0.06096474812142188-0.08636199672525983j),0,1,CA1 Neurogliaform,(0.3450719627189443+0.06865294283112984j),0.3450719627189443,0.06865294283112984,0.3518350267015478
10,(-0.06096474812142188-0.08636199672525983j),0,2,CA1 Oriens Alveus,(-0.2880805061252227-0.045883337225597745j),-0.2880805061252227,-0.045883337225597745,0.2917116018335959
10,(-0.06096474812142188-0.08636199672525983j),0,3,CA3 Basket,(0.21523464424268993-0.19260967405374885j),0.21523464424268993,-0.19260967405374885,0.2888328904771212
10,(-0.06096474812142188-0.08636199672525983j),0,4,CA1 Horizontal Basket,(0.22818844201110833+0.001910431517414817j),0.22818844201110833,0.001910431517414817,0.22819643909588003
10,(-0.06096474812142188-0.08636199672525983j),0,5,CA1 Radial Trilaminar,(0.21907133955690716+0.008802430691094034j),0.21907133955690716,0.008802430691094034,0.2192481119675361
10,(-0.06096474812142188-0.08636199672525983j),1,1,CA1 Neurogliaform,(0.3450719627189443+0.06865294283112984j),0.03853753614842142,-0.013427664396918771,0.040809850079939855
10,(-0.06096474812142188-0.08636199672525983j),1,2,CA1 Oriens Alveus,(-0.2880805061252227-0.045883337225597745j),0.4644050483721964,-0.01085752360342302,0.4645319523696739
10,(-0.06096474812142188-0.08636199672525983j),1,3,CA3 Basket,(0.21523464424268993-0.19260967405374885j),0.048190477912791324,-0.07628788685781478,0.09023393952772968
10,(-0.06096474812142188-0.08636199672525983j),1,4,CA1 Horizontal Basket,(0.22818844201110833+0.001910431517414817j),0.11312087814549371,-0.1509759593871673,0.18865331533074955
10,(-0.06096474812142188-0.08636199672525983j),1,5,CA1 Radial Trilaminar,(0.21907133955690716+0.008802430691094034j),0.2299273688158784,0.003110063915736559,0.22994840166470595
10,(-0.06096474812142188-0.08636199672525983j),2,1,CA1 Neurogliaform,(0.3450719627189443+0.06865294283112984j),0.01902696404339423,-0.06140147672305006,0.06428193139973219
10,(-0.06096474812142188-0.08636199672525983j),2,2,CA1 Oriens Alveus,(-0.2880805061252227-0.045883337225597745j),0.130956164853563,-0.14472822257257434,0.19518139133167944
10,(-0.06096474812142188-0.08636199672525983j),2,3,CA3 Basket,(0.21523464424268993-0.19260967405374885j),0.04650082797755748,-0.07201917371348773,0.08572682418573496
10,(-0.06096474812142188-0.08636199672525983j),2,4,CA1 Horizontal Basket,(0.22818844201110833+0.001910431517414817j),0.05822342774998178,-0.04682128679624455,0.0747141247436757
10,(-0.06096474812142188-0.08636199672525983j),2,5,CA1 Radial Trilaminar,(0.21907133955690716+0.008802430691094034j),-0.00025797437607908216,-0.051340712522790106,0.05134136064740095
10,(-0.06096474812142188-0.08636199672525983j),3,1,CA1 Neurogliaform,(0.3450719627189443+0.06865294283112984j),0.021359731507932047,-0.05326424663613435,0.05738743851929527
10,(-0.06096474812142188-0.08636199672525983j),3,2,CA1 Oriens Alveus,(-0.2880805061252227-0.045883337225597745j),0.0645182066653166,-0.09117435367984979,0.11169315896798176
10,(-0.06096474812142188-0.08636199672525983j),3,3,CA3 Basket,(0.21523464424268993-0.19260967405374885j),0.02853573854404474,-0.07300543630274048,0.07838419549888598
10,(-0.06096474812142188-0.08636199672525983j),3,4,CA1 Horizontal Basket,(0.22818844201110833+0.001910431517414817j),0.0395915975226633,-0.06481181730448597,0.07594778638450646
10,(-0.06096474812142188-0.08636199672525983j),3,5,CA1 Radial Trilaminar,(0.21907133955690716+0.008802430691094034j),0.012977649546440314,-0.017266681061845375,0.021599945894416314
10,(-0.06096474812142188-0.08636199672525983j),4,1,CA1 Neurogliaform,(0.3450719627189443+0.06865294283112984j),0.024281626375363057,-0.052084350537389294,0.05746631143839294
10,(-0.06096474812142188-0.08636199672525983j),4,2,CA1 Oriens Alveus,(-0.2880805061252227-0.045883337225597745j),0.041429783887036456,-0.0927447470850982,0.1015776309273128
10,(-0.06096474812142188-0.08636199672525983j),4,3,CA3 Basket,(0.21523464424268993-0.19260967405374885j),0.032051223856144,-0.06581900647217503,0.0732080771750008
10,(-0.06096474812142188-0.08636199672525983j),4,4,CA1 Horizontal Basket,(0.22818844201110833+0.001910431517414817j),0.025627336484452996,-0.05685754020321393,0.06236617876098762
10,(-0.06096474812142188-0.08636199672525983j),4,5,CA1 Radial Trilaminar,(0.21907133955690716+0.008802430691094034j),0.007618187094714557,-0.02462005004579134,0.02577176049220048
10,(-0.06096474812142188-0.08636199672525983j),5,1,CA1 Neurogliaform,(0.3450719627189443+0.06865294283112984j),0.022427317320702925,-0.04991967312665248,0.05472621243312323
10,(-0.06096474812142188-0.08636199672525983j),5,2,CA1 Oriens Alveus,(-0.2880805061252227-0.045883337225597745j),0.04257767284832794,-0.08404876710565759,0.09421811650187192
10,(-0.06096474812142188-0.08636199672525983j),5,3,CA3 Basket,(0.21523464424268993-0.19260967405374885j),0.02860154384976207,-0.06400828815991305,0.07010784024452849
10,(-0.06096474812142188-0.08636199672525983j),5,4,CA1 Horizontal Basket,(0.22818844201110833+0.001910431517414817j),0.02425465858855217,-0.053583578056181524,0.0588174149427712
10,(-0.06096474812142188-0.08636199672525983j),5,5,CA1 Radial Trilaminar,(0.21907133955690716+0.008802430691094034j),0.01168008826946045,-0.020494431532552655,0.02358911159465053
10,(-0.06096474812142188-0.08636199672525983j),6,1,CA1 Neurogliaform,(0.3450719627189443+0.06865294283112984j),0.02101581289701998,-0.04733515596238387,0.0517907461010725
10,(-0.06096474812142188-0.08636199672525983j),6,2,CA1 Oriens Alveus,(-0.2880805061252227-0.045883337225597745j),0.037399803735086765,-0.08140431803287179,0.08958464329236314
10,(-0.06096474812142188-0.08636199672525983j),6,3,CA3 Basket,(0.21523464424268993-0.19260967405374885j),0.026941466318250416,-0.06033205768967397,0.06607419914344456
10,(-0.06096474812142188-0.08636199672525983j),6,4,CA1 Horizontal Basket,(0.22818844201110833+0.001910431517414817j),0.023059223802493197,-0.050937132198235396,0.055913497824353446
10,(-0.06096474812142188-0.08636199672525983j),6,5,CA1 Radial Trilaminar,(0.21907133955690716+0.008802430691094034j),0.009216929353428016,-0.020813315608968853,0.02276281822061208
10,(-0.06096474812142188-0.08636199672525983j),7,1,CA1 Neurogliaform,(0.3450719627189443+0.06865294283112984j),0.019878983750618053,-0.04497131043789196,0.04916902233580191
10,(-0.06096474812142188-0.08636199672525983j),7,2,CA1 Oriens Alveus,(-0.2880805061252227-0.045883337225597745j),0.03449520792464766,-0.07680943879315029,0.08419981744329007
10,(-0.06096474812142188-0.08636199672525983j),7,3,CA3 Basket,(0.21523464424268993-0.19260967405374885j),0.025390967041406236,-0.057416125665691646,0.06277987491032673
10,(-0.06096474812142188-0.08636199672525983j),7,4,CA1 Horizontal Basket,(0.22818844201110833+0.001910431517414817j),0.02160803595804246,-0.04841873778953704,0.05302151815155803
10,(-0.06096474812142188-0.08636199672525983j),7,5,CA1 Radial Trilaminar,(0.21907133955690716+0.008802430691094034j),0.008641739274070926,-0.019307335466200934,0.02115308158367098
10,(-0.06096474812142188-0.08636199672525983j),8,1,CA1 Neurogliaform,(0.3450719627189443+0.06865294283112984j),0.01890974083257738,-0.04270938722913653,0.046708351028949574
10,(-0.06096474812142188-0.08636199672525983j),8,2,CA1 Oriens Alveus,(-0.2880805061252227-0.045883337225597745j),0.032383653941152064,-0.07301372080156564,0.07987305220078467
10,(-0.06096474812142188-0.08636199672525983j),8,3,CA3 Basket,(0.21523464424268993-0.19260967405374885j),0.024146422506689663,-0.05449720217742295,0.05960700265101813
10,(-0.06096474812142188-0.08636199672525983j),8,4,CA1 Horizontal Basket,(0.22818844201110833+0.001910431517414817j),0.02037583567299826,-0.04597908986715344,0.05029166316980182
10,(-0.06096474812142188-0.08636199672525983j),8,5,CA1 Radial Trilaminar,(0.21907133955690716+0.008802430691094034j),0.008129923520097546,-0.01843652910012527,0.020149472988204953
10,(-0.06096474812142188-0.08636199672525983j),9,1,CA1 Neurogliaform,(0.3450719627189443+0.06865294283112984j),0.0179590157169836,-0.04057991536482665,0.0443762974631656
10,(-0.06096474812142188-0.08636199672525983j),9,2,CA1 Oriens Alveus,(-0.2880805061252227-0.045883337225597745j),0.030741406305122697,-0.06931091906245665,0.07582240805262686
10,(-0.06096474812142188-0.08636199672525983j),9,3,CA3 Basket,(0.21523464424268993-0.19260967405374885j),0.02291921819104949,-0.05178733775558371,0.05663231334052883
10,(-0.06096474812142188-0.08636199672525983j),9,4,CA1 Horizontal Basket,(0.22818844201110833+0.001910431517414817j),0.019333579413919565,-0.043669982430840484,0.04775829413268706
10,(-0.06096474812142188-0.08636199672525983j),9,5,CA1 Radial Trilaminar,(0.21907133955690716+0.008802430691094034j),0.007761285857358499,-0.017479913221874314,0.01912550455292329
10,(-0.06096474812142188-0.08636199672525983j),10,1,CA1 Neurogliaform,(0.3450719627189443+0.06865294283112984j),0.017057280467092314,-0.03854961182943348,0.04215475523749422
10,(-0.06096474812142188-0.08636199672525983j),10,2,CA1 Oriens Alveus,(-0.2880805061252227-0.045883337225597745j),0.02916282589087134,-0.06585807959303445,0.07202608598017622
10,(-0.06096474812142188-0.08636199672525983j),10,3,CA3 Basket,(0.21523464424268993-0.19260967405374885j),0.021768792135920475,-0.0491931823379228,0.05379451179803599
10,(-0.06096474812142188-0.08636199672525983j),10,4,CA1 Horizontal Basket,(0.22818844201110833+0.001910431517414817j),0.01836245348489943,-0.04148619597614971,0.04536831663789826
10,(-0.06096474812142188-0.08636199672525983j),10,5,CA1 Radial Trilaminar,(0.21907133955690716+0.008802430691094034j),0.007355808524972446,-0.016619484241644205,0.018174574974791496
11,(0.0925309893146649-1.4920178982589252e-17j),0,1,CA1 Perforant Path Associated QuadD,(0.3055966397453478+7.121408081216047e-05j),0.3055966397453478,7.121408081216047e-05,0.30559664804296066
11,(0.0925309893146649-1.4920178982589252e-17j),0,2,DG AIPRIM,(-0.28045665893281413-6.535563738569864e-05j),-0.28045665893281413,-6.535563738569864e-05,0.2804566665478219
11,(0.0925309893146649-1.4920178982589252e-17j),0,3,CA1 LMR,(-0.27172594466742017-6.332109344669016e-05j),-0.27172594466742017,-6.332109344669016e-05,0.2717259520453701
11,(0.0925309893146649-1.4920178982589252e-17j),0,4,CA3 Granule,(-0.26823470824082574-6.250752038785156e-05j),-0.26823470824082574,-6.250752038785156e-05,0.268234715523981
11,(0.0925309893146649-1.4920178982589252e-17j),0,5,CA3 Mossy Fiber Associated ORDEN,(0.2468945184330592+5.7534553398295696e-05j),0.2468945184330592,5.7534553398295696e-05,0.24689452513678192
11,(0.0925309893146649-1.4920178982589252e-17j),1,1,CA1 Perforant Path Associated QuadD,(0.3055966397453478+7.121408081216047e-05j),0.7828833291031053,0.0001824375971919127,0.782883350360089
11,(0.0925309893146649-1.4920178982589252e-17j),1,2,DG AIPRIM,(-0.28045665893281413-6.535563738569864e-05j),0.1911187970662673,4.4536973542442397e-05,0.19111880225555797
11,(0.0925309893146649-1.4920178982589252e-17j),1,3,CA1 LMR,(-0.27172594466742017-6.332109344669016e-05j),0.3374039153444191,7.86262234875304e-05,0.33740392450566864
11,(0.0925309893146649-1.4920178982589252e-17j),1,4,CA3 Granule,(-0.26823470824082574-6.250752038785156e-05j),0.06026989120768133,1.4044869428580067e-05,0.060269892844139854
11,(0.0925309893146649-1.4920178982589252e-17j),1,5,CA3 Mossy Fiber Associated ORDEN,(0.2468945184330592+5.7534553398295696e-05j),-0.031771807798220954,-7.403877509928396e-06,0.03177180866089458
11,(0.0925309893146649-1.4920178982589252e-17j),2,1,CA1 Perforant Path Associated QuadD,(0.3055966397453478+7.121408081216047e-05j),0.1033699974053058,2.4088613522009503e-05,0.10337000021202586
11,(0.0925309893146649-1.4920178982589252e-17j),2,2,DG AIPRIM,(-0.28045665893281413-6.535563738569864e-05j),0.30456386959724696,7.097341135963272e-05,0.3045638778668179
11,(0.0925309893146649-1.4920178982589252e-17j),2,3,CA1 LMR,(-0.27172594466742017-6.332109344669016e-05j),0.020252538333279876,4.71950837745806e-06,0.020252538883180304
11,(0.0925309893146649-1.4920178982589252e-17j),2,4,CA3 Granule,(-0.26823470824082574-6.250752038785156e-05j),0.09055163695795276,2.1101513411140997e-05,0.09055163941662649
11,(0.0925309893146649-1.4920178982589252e-17j),2,5,CA3 Mossy Fiber Associated ORDEN,(0.2468945184330592+5.7534553398295696e-05j),0.023480743608630582,5.4717865166886036e-06,0.023480744246183797
11,(0.0925309893146649-1.4920178982589252e-17j),3,1,CA1 Perforant Path Associated QuadD,(0.3055966397453478+7.121408081216047e-05j),0.5876077842894983,0.00013693196453798843,0.5876078002443267
11,(0.0925309893146649-1.4920178982589252e-17j),3,2,DG AIPRIM,(-0.28045665893281413-6.535563738569864e-05j),0.260701364482249,6.075200320843872e-05,0.2607013715608576
11,(0.0925309893146649-1.4920178982589252e-17j),3,3,CA1 LMR,(-0.27172594466742017-6.332109344669016e-05j),0.19544973925737805,4.5546225697738264e-05,0.19544974456426323
11,(0.0925309893146649-1.4920178982589252e-17j),3,4,CA3 Granule,(-0.26823470824082574-6.250752038785156e-05j),0.08122213506682413,1.892743223619513e-05,0.08122213727218161
11,(0.0925309893146649-1.4920178982589252e-17j),3,5,CA3 Mossy Fiber Associated ORDEN,(0.2468945184330592+5.7534553398295696e-05j),0.021057217307098527,4.907025078033416e-06,0.021057217878847737
11,(0.0925309893146649-1.4920178982589252e-17j),4,1,CA1 Perforant Path Associated QuadD,(0.3055966397453478+7.121408081216047e-05j),0.6207743962138554,0.00014466087734153068,0.6207744130692293
11,(0.0925309893146649-1.4920178982589252e-17j),4,2,DG AIPRIM,(-0.28045665893281413-6.535563738569864e-05j),0.320957843969509,7.479374726330088e-05,0.32095785268421195
11,(0.0925309893146649-1.4920178982589252e-17j),4,3,CA1 LMR,(-0.27172594466742017-6.332109344669016e-05j),0.19126229780884768,4.457041394121647e-05,0.1912623030020347
11,(0.0925309893146649-1.4920178982589252e-17j),4,4,CA3 Granule,(-0.26823470824082574-6.250752038785156e-05j),0.07822266456789634,1.8228456832913453e-05,0.07822266669181167
11,(0.0925309893146649-1.4920178982589252e-17j),4,5,CA3 Mossy Fiber Associated ORDEN,(0.2468945184330592+5.7534553398295696e-05j),0.02492172700621666,5.807583101949969e-06,0.024921727682895706
11,(0.0925309893146649-1.4920178982589252e-17j),5,1,CA1 Perforant Path Associated QuadD,(0.3055966397453478+7.121408081216047e-05j),0.6392706078818958,0.00014897110376760317,0.6392706252394821
11,(0.0925309893146649-1.4920178982589252e-17j),5,2,DG AIPRIM,(-0.28045665893281413-6.535563738569864e-05j),0.2915728676454584,6.794608008920769e-05,0.29157287556229544
11,(0.0925309893146649-1.4920178982589252e-17j),5,3,CA1 LMR,(-0.27172594466742017-6.332109344669016e-05j),0.19582401321189613,4.563344385412668e-05,0.19582401852894366
11,(0.0925309893146649-1.4920178982589252e-17j),5,4,CA3 Granule,(-0.26823470824082574-6.250752038785156e-05j),0.07401832301170182,1.724870679510476e-05,0.07401832502146014
11,(0.0925309893146649-1.4920178982589252e-17j),5,5,CA3 Mossy Fiber Associated ORDEN,(0.2468945184330592+5.7534553398295696e-05j),0.02326937384413829,5.422530400745913e-06,0.02326937447595236
11,(0.0925309893146649-1.4920178982589252e-17j),6,1,CA1 Perforant Path Associated QuadD,(0.3055966397453478+7.121408081216047e-05j),0.6101162334144787,0.00014217717441984207,0.6101162499804603
11,(0.0925309893146649-1.4920178982589252e-17j),6,2,DG AIPRIM,(-0.28045665893281413-6.535563738569864e-05j),0.2911702334252332,6.785225305661375e-05,0.2911702413311378
11,(0.0925309893146649-1.4920178982589252e-17j),6,3,CA1 LMR,(-0.27172594466742017-6.332109344669016e-05j),0.18554508417959564,4.323811488921028e-05,0.1855450892175479
11,(0.0925309893146649-1.4920178982589252e-17j),6,4,CA3 Granule,(-0.26823470824082574-6.250752038785156e-05j),0.0702498861131832,1.637053689752168e-05,0.07024988802062027
11,(0.0925309893146649-1.4920178982589252e-17j),6,5,CA3 Mossy Fiber Associated ORDEN,(0.2468945184330592+5.7534553398295696e-05j),0.0227291610001686,5.296643018090126e-06,0.022729161617314714
11,(0.0925309893146649-1.4920178982589252e-17j),7,1,CA1 Perforant Path Associated QuadD,(0.3055966397453478+7.121408081216047e-05j),0.5855808821152796,0.00013645962958156623,0.5855808980150731
11,(0.0925309893146649-1.4920178982589252e-17j),7,2,DG AIPRIM,(-0.28045665893281413-6.535563738569864e-05j),0.2799832716547595,6.524532256080282e-05,0.2799832792569138
11,(0.0925309893146649-1.4920178982589252e-17j),7,3,CA1 LMR,(-0.27172594466742017-6.332109344669016e-05j),0.17829973026888912,4.1549708827749295e-05,0.17829973511011427
11,(0.0925309893146649-1.4920178982589252e-17j),7,4,CA3 Granule,(-0.26823470824082574-6.250752038785156e-05j),0.06670155020432661,1.554365777878383e-05,0.06670155201541865
11,(0.0925309893146649-1.4920178982589252e-17j),7,5,CA3 Mossy Fiber Associated ORDEN,(0.2468945184330592+5.7534553398295696e-05j),0.021662139857910566,5.04799195335198e-06,0.02166214044608474
11,(0.0925309893146649-1.4920178982589252e-17j),8,1,CA1 Perforant Path Associated QuadD,(0.3055966397453478+7.121408081216047e-05j),0.5578888030058426,0.00013000646320774714,0.557888818153736
11,(0.0925309893146649-1.4920178982589252e-17j),8,2,DG AIPRIM,(-0.28045665893281413-6.535563738569864e-05j),0.26743132156156707,6.232030483470018e-05,0.26743132882290865
11,(0.0925309893146649-1.4920178982589252e-17j),8,3,CA1 LMR,(-0.27172594466742017-6.332109344669016e-05j),0.1697406483800645,3.955516088436506e-05,0.169740652988892
11,(0.0925309893146649-1.4920178982589252e-17j),8,4,CA3 Granule,(-0.26823470824082574-6.250752038785156e-05j),0.06336000268152779,1.4764967163845762e-05,0.06336000440188956
11,(0.0925309893146649-1.4920178982589252e-17j),8,5,CA3 Mossy Fiber Associated ORDEN,(0.2468945184330592+5.7534553398295696e-05j),0.02064803288903519,4.811671633553931e-06,0.020648033449674155
11,(0.0925309893146649-1.4920178982589252e-17j),9,1,CA1 Perforant Path Associated QuadD,(0.3055966397453478+7.121408081216047e-05j),0.5307941845682893,0.00012369252484574082,0.530794198980505
11,(0.0925309893146649-1.4920178982589252e-17j),9,2,DG AIPRIM,(-0.28045665893281413-6.535563738569864e-05j),0.2542011708599708,5.9237244032706154e-05,0.254201177762085
11,(0.0925309893146649-1.4920178982589252e-17j),9,3,CA1 LMR,(-0.27172594466742017-6.332109344669016e-05j),0.1614796269905766,3.763007085290148e-05,0.1614796313750994
11,(0.0925309893146649-1.4920178982589252e-17j),9,4,CA3 Granule,(-0.26823470824082574-6.250752038785156e-05j),0.06018816769064819,1.4025825157730802e-05,0.06018816932488774
11,(0.0925309893146649-1.4920178982589252e-17j),9,5,CA3 Mossy Fiber Associated ORDEN,(0.2468945184330592+5.7534553398295696e-05j),0.01962063804797163,4.572254801947214e-06,0.01962063858071459
11,(0.0925309893146649-1.4920178982589252e-17j),10,1,CA1 Perforant Path Associated QuadD,(0.3055966397453478+7.121408081216047e-05j),0.5044025158434575,0.00011754239691598224,0.5044025295390819
11,(0.0925309893146649-1.4920178982589252e-17j),10,2,DG AIPRIM,(-0.28045665893281413-6.535563738569864e-05j),0.2416849338230498,5.632054862481795e-05,0.24168494038532098
11,(0.0925309893146649-1.4920178982589252e-17j),10,3,CA1 LMR,(-0.27172594466742017-6.332109344669016e-05j),0.15343235909559597,3.575479242488006e-05,0.15343236326161794
11,(0.0925309893146649-1.4920178982589252e-17j),10,4,CA3 Granule,(-0.26823470824082574-6.250752038785156e-05j),0.057177208765681144,1.3324172572861386e-05,0.05717721031816662
11,(0.0925309893146649-1.4920178982589252e-17j),10,5,CA3 Mossy Fiber Associated ORDEN,(0.2468945184330592+5.7534553398295696e-05j),0.01864791725816279,4.345578824780554e-06,0.01864791776449427
12,(-0.10153476660806972+1.33966346420046e-17j),0,1,EC LII III Pyramidal Tripolar,(-0.3774448923928436+0.001141012272841174j),-0.3774448923928436,0.001141012272841174,0.37744661702345683
12,(-0.10153476660806972+1.33966346420046e-17j),0,2,MEC LII Stellate,(-0.34826191214875873+0.0010527924047553034j),-0.34826191214875873,0.0010527924047553034,0.34826350343577095
12,(-0.10153476660806972+1.33966346420046e-17j),0,3,LEC LIII Complex Pyramidal,(-0.3108351816232599+0.0009396517590011437j),-0.3108351816232599,0.0009396517590011437,0.3108366018991219
12,(-0.10153476660806972+1.33966346420046e-17j),0,4,MEC LIII Superficial Trilayered Interneuron,(-0.2687355903161026+0.0008123851001293845j),-0.2687355903161026,0.0008123851001293845,0.26873681822946227
12,(-0.10153476660806972+1.33966346420046e-17j),0,5,EC LIII Pyramidal,(-0.26151740342698926+0.0007905645907142983j),-0.26151740342698926,0.0007905645907142983,0.26151859835882946
12,(-0.10153476660806972+1.33966346420046e-17j),1,1,EC LII III Pyramidal Tripolar,(-0.3774448923928436+0.001141012272841174j),-0.29797128755757196,0.0009007643311904627,0.29797264905540843
12,(-0.10153476660806972+1.33966346420046e-17j),1,2,MEC LII Stellate,(-0.34826191214875873+0.0010527924047553034j),-0.25102282558756894,0.0007588395830260665,0.2510239725673224
12,(-0.10153476660806972+1.33966346420046e-17j),1,3,LEC LIII Complex Pyramidal,(-0.3108351816232599+0.0009396517590011437j),-0.18356111853783508,0.0005549034926405405,0.18356195726987465
12,(-0.10153476660806972+1.33966346420046e-17j),1,4,MEC LIII Superficial Trilayered Interneuron,(-0.2687355903161026+0.0008123851001293845j),-0.3111685328440077,0.0009406594765295809,0.3111699546430264
12,(-0.10153476660806972+1.33966346420046e-17j),1,5,EC LIII Pyramidal,(-0.26151740342698926+0.0007905645907142983j),-0.24580670368352076,0.000743071296769965,0.24580782682963995
12,(-0.10153476660806972+1.33966346420046e-17j),2,1,EC LII III Pyramidal Tripolar,(-0.3774448923928436+0.001141012272841174j),-0.28668744160378823,0.0008666533735974049,0.2866887515431944
12,(-0.10153476660806972+1.33966346420046e-17j),2,2,MEC LII Stellate,(-0.34826191214875873+0.0010527924047553034j),-0.2464664833352342,0.0007450658042997663,0.24646760949603502
12,(-0.10153476660806972+1.33966346420046e-17j),2,3,LEC LIII Complex Pyramidal,(-0.3108351816232599+0.0009396517590011437j),-0.17899592560028132,0.000541102958378163,0.1789967434729275
12,(-0.10153476660806972+1.33966346420046e-17j),2,4,MEC LIII Superficial Trilayered Interneuron,(-0.2687355903161026+0.0008123851001293845j),-0.28568836073378895,0.0008636331617540208,0.2856896661081699
12,(-0.10153476660806972+1.33966346420046e-17j),2,5,EC LIII Pyramidal,(-0.26151740342698926+0.0007905645907142983j),-0.23167795037065822,0.0007003602116424554,0.2316790089593255
12,(-0.10153476660806972+1.33966346420046e-17j),3,1,EC LII III Pyramidal Tripolar,(-0.3774448923928436+0.001141012272841174j),-0.271108762816687,0.0008195591777320271,0.27111000157360565
12,(-0.10153476660806972+1.33966346420046e-17j),3,2,MEC LII Stellate,(-0.34826191214875873+0.0010527924047553034j),-0.23233935066242023,0.0007023596183515392,0.2323404122731742
12,(-0.10153476660806972+1.33966346420046e-17j),3,3,LEC LIII Complex Pyramidal,(-0.3108351816232599+0.0009396517590011437j),-0.16893836259618145,0.0005106990423262089,0.16893913451355996
12,(-0.10153476660806972+1.33966346420046e-17j),3,4,MEC LIII Superficial Trilayered Interneuron,(-0.2687355903161026+0.0008123851001293845j),-0.2716624668373734,0.0008212330196513591,0.27166370812429025
12,(-0.10153476660806972+1.33966346420046e-17j),3,5,EC LIII Pyramidal,(-0.26151740342698926+0.0007905645907142983j),-0.219628287959284,0.0006639341982771384,0.21962929149033333
12,(-0.10153476660806972+1.33966346420046e-17j),4,1,EC LII III Pyramidal Tripolar,(-0.3774448923928436+0.001141012272841174j),-0.25683606829046823,0.0007764129597035179,0.25683724183223516
12,(-0.10153476660806972+1.33966346420046e-17j),4,2,MEC LII Stellate,(-0.34826191214875873+0.0010527924047553034j),-0.2201805868072331,0.0006656037923728242,0.22018159286186012
12,(-0.10153476660806972+1.33966346420046e-17j),4,3,LEC LIII Complex Pyramidal,(-0.3108351816232599+0.0009396517590011437j),-0.16114358225727696,0.0004871354964681296,0.16114431855855083
12,(-0.10153476660806972+1.33966346420046e-17j),4,4,MEC LIII Superficial Trilayered Interneuron,(-0.2687355903161026+0.0008123851001293845j),-0.25717302920668844,0.0007774315893064717,0.2571742042881056
12,(-0.10153476660806972+1.33966346420046e-17j),4,5,EC LIII Pyramidal,(-0.26151740342698926+0.0007905645907142983j),-0.20801763912765725,0.0006288353187332943,0.20801858960704048
12,(-0.10153476660806972+1.33966346420046e-17j),5,1,EC LII III Pyramidal Tripolar,(-0.3774448923928436+0.001141012272841174j),-0.24376664508604884,0.0007369042192867124,0.24376775891068142
12,(-0.10153476660806972+1.33966346420046e-17j),5,2,MEC LII Stellate,(-0.34826191214875873+0.0010527924047553034j),-0.20898515104215415,0.0006317600979283778,0.20898610594231692
12,(-0.10153476660806972+1.33966346420046e-17j),5,3,LEC LIII Complex Pyramidal,(-0.3108351816232599+0.0009396517590011437j),-0.1540809366895171,0.00046578518696876466,0.15408164071997474
12,(-0.10153476660806972+1.33966346420046e-17j),5,4,MEC LIII Superficial Trilayered Interneuron,(-0.2687355903161026+0.0008123851001293845j),-0.2440750641926317,0.000737836567274147,0.24407617942650056
12,(-0.10153476660806972+1.33966346420046e-17j),5,5,EC LIII Pyramidal,(-0.26151740342698926+0.0007905645907142983j),-0.19746113637278698,0.0005969231126222835,0.1974620386171346
12,(-0.10153476660806972+1.33966346420046e-17j),6,1,EC LII III Pyramidal Tripolar,(-0.3774448923928436+0.001141012272841174j),-0.23147025106819263,0.0006997323386523813,0.23147130870783508
12,(-0.10153476660806972+1.33966346420046e-17j),6,2,MEC LII Stellate,(-0.34826191214875873+0.0010527924047553034j),-0.19847446887177062,0.0005999864070027669,0.19847537574626237
12,(-0.10153476660806972+1.33966346420046e-17j),6,3,LEC LIII Complex Pyramidal,(-0.3108351816232599+0.0009396517590011437j),-0.14653207677814603,0.0004429650561935727,0.14653274631616475
12,(-0.10153476660806972+1.33966346420046e-17j),6,4,MEC LIII Superficial Trilayered Interneuron,(-0.2687355903161026+0.0008123851001293845j),-0.2317511238523774,0.0007005814143726277,0.23175218277539078
12,(-0.10153476660806972+1.33966346420046e-17j),6,5,EC LIII Pyramidal,(-0.26151740342698926+0.0007905645907142983j),-0.1875014302117536,0.0005668150168640202,0.18750228694796353
12,(-0.10153476660806972+1.33966346420046e-17j),7,1,EC LII III Pyramidal Tripolar,(-0.3774448923928436+0.001141012272841174j),-0.2198673004003859,0.0006646567305835897,0.21986830502353685
12,(-0.10153476660806972+1.33966346420046e-17j),7,2,MEC LII Stellate,(-0.34826191214875873+0.0010527924047553034j),-0.18852921487382582,0.0005699219999942665,0.18853007630621504
12,(-0.10153476660806972+1.33966346420046e-17j),7,3,LEC LIII Complex Pyramidal,(-0.3108351816232599+0.0009396517590011437j),-0.13929059172213665,0.0004210741166444343,0.1392912281721813
12,(-0.10153476660806972+1.33966346420046e-17j),7,4,MEC LIII Superficial Trilayered Interneuron,(-0.2687355903161026+0.0008123851001293845j),-0.22013232648333642,0.0006654579018786957,0.22013333231745116
12,(-0.10153476660806972+1.33966346420046e-17j),7,5,EC LIII Pyramidal,(-0.26151740342698926+0.0007905645907142983j),-0.17810505083624592,0.0005384098525504773,0.1781058646382849
12,(-0.10153476660806972+1.33966346420046e-17j),8,1,EC LII III Pyramidal Tripolar,(-0.3774448923928436+0.001141012272841174j),-0.20885865421338826,0.0006313776992338762,0.20885960853555857
12,(-0.10153476660806972+1.33966346420046e-17j),8,2,MEC LII Stellate,(-0.34826191214875873+0.0010527924047553034j),-0.17909225102132992,0.0005413941491978393,0.1790930693341086
12,(-0.10153476660806972+1.33966346420046e-17j),8,3,LEC LIII Complex Pyramidal,(-0.3108351816232599+0.0009396517590011437j),-0.13234446095841523,0.0004000760302750022,0.132345065670026
12,(-0.10153476660806972+1.33966346420046e-17j),8,4,MEC LIII Superficial Trilayered Interneuron,(-0.2687355903161026+0.0008123851001293845j),-0.2091093836658403,0.0006321356519527403,0.2091103391336499
12,(-0.10153476660806972+1.33966346420046e-17j),8,5,EC LIII Pyramidal,(-0.26151740342698926+0.0007905645907142983j),-0.16918768063816644,0.0005114527283648172,0.16918845369473517
12,(-0.10153476660806972+1.33966346420046e-17j),9,1,EC LII III Pyramidal Tripolar,(-0.3774448923928436+0.001141012272841174j),-0.19841109801228274,0.0005997948375051435,0.19841200459721878
12,(-0.10153476660806972+1.33966346420046e-17j),9,2,MEC LII Stellate,(-0.34826191214875873+0.0010527924047553034j),-0.1701341503393382,0.0005143138971517706,0.1701349277205399
12,(-0.10153476660806972+1.33966346420046e-17j),9,3,LEC LIII Complex Pyramidal,(-0.3108351816232599+0.0009396517590011437j),-0.12574292395908973,0.0003801196475350131,0.12574349850679303
12,(-0.10153476660806972+1.33966346420046e-17j),9,4,MEC LIII Superficial Trilayered Interneuron,(-0.2687355903161026+0.0008123851001293845j),-0.19864887619459906,0.0006005136386591791,0.1986497838659971
12,(-0.10153476660806972+1.33966346420046e-17j),9,5,EC LIII Pyramidal,(-0.26151740342698926+0.0007905645907142983j),-0.1607249331179446,0.00048586992415381363,0.1607256675063164
12,(-0.10153476660806972+1.33966346420046e-17j),10,1,EC LII III Pyramidal Tripolar,(-0.3774448923928436+0.001141012272841174j),-0.18848852776897201,0.0005697990032683336,0.1884893890154527
12,(-0.10153476660806972+1.33966346420046e-17j),10,2,MEC LII Stellate,(-0.34826191214875873+0.0010527924047553034j),-0.16162618409508595,0.0004885943971737269,0.16162692260147615
12,(-0.10153476660806972+1.33966346420046e-17j),10,3,LEC LIII Complex Pyramidal,(-0.3108351816232599+0.0009396517590011437j),-0.11945959311415827,0.0003611251989336884,0.11946013895190963
12,(-0.10153476660806972+1.33966346420046e-17j),10,4,MEC LIII Superficial Trilayered Interneuron,(-0.2687355903161026+0.0008123851001293845j),-0.18871422682441083,0.0005704812893382063,0.18871508910216125
12,(-0.10153476660806972+1.33966346420046e-17j),10,5,EC LIII Pyramidal,(-0.26151740342698926+0.0007905645907142983j),-0.15268711043194583,0.00046157166362231176,0.15268780809369778
13,(0.006818384138010252+0.06428359356600864j),0,1,CA1 Perforant Path Associated QuadD,(0.083943961040414+0.40168654911630125j),0.083943961040414,0.40168654911630125,0.41036407291101556
13,(0.006818384138010252+0.06428359356600864j),0,2,SUB CA1 Projecting Pyramidal,(-0.2411257403846269+0.2783977476149056j),-0.2411257403846269,0.2783977476149056,0.3683027675066903
13,(0.006818384138010252+0.06428359356600864j),0,3,CA3 Mossy Fiber Associated ORDEN,(-0.1932413359330739-0.11247041426483223j),-0.1932413359330739,-0.11247041426483223,0.2235884791265017
13,(0.006818384138010252+0.06428359356600864j),0,4,MEC LV VI Pyramidal Polymorphic,(-0.12431746273528677+0.1712583412295501j),-0.12431746273528677,0.1712583412295501,0.21162289805603843
13,(0.006818384138010252+0.06428359356600864j),0,5,CA3 Granule,(0.09522000586524534+0.1814331354468304j),0.09522000586524534,0.1814331354468304,0.2049020062250374
13,(0.006818384138010252+0.06428359356600864j),1,1,CA1 Perforant Path Associated QuadD,(0.083943961040414+0.40168654911630125j),-1.2040397750579146,-0.2085353761747027,1.2219651316784117
13,(0.006818384138010252+0.06428359356600864j),1,2,SUB CA1 Projecting Pyramidal,(-0.2411257403846269+0.2783977476149056j),-0.01750915183166399,0.01458052224118361,0.02278512731344533
13,(0.006818384138010252+0.06428359356600864j),1,3,CA3 Mossy Fiber Associated ORDEN,(-0.1932413359330739-0.11247041426483223j),0.014293153317545758,0.06651322318872736,0.06803163301518146
13,(0.006818384138010252+0.06428359356600864j),1,4,MEC LV VI Pyramidal Polymorphic,(-0.12431746273528677+0.1712583412295501j),-0.025237883735906262,-0.01634918836126955,0.03007069562779341
13,(0.006818384138010252+0.06428359356600864j),1,5,CA3 Granule,(0.09522000586524534+0.1814331354468304j),-0.027287280486844097,-0.06556690605360836,0.0710184120197742
13,(0.006818384138010252+0.06428359356600864j),2,1,CA1 Perforant Path Associated QuadD,(0.083943961040414+0.40168654911630125j),-0.06060767585884034,0.4009136062061161,0.40546887675159854
13,(0.006818384138010252+0.06428359356600864j),2,2,SUB CA1 Projecting Pyramidal,(-0.2411257403846269+0.2783977476149056j),0.046887387823746816,0.00893268823998612,0.047730703494996043
13,(0.006818384138010252+0.06428359356600864j),2,3,CA3 Mossy Fiber Associated ORDEN,(-0.1932413359330739-0.11247041426483223j),-0.01629262991429508,-0.017699619883579196,0.02405673156410436
13,(0.006818384138010252+0.06428359356600864j),2,4,MEC LV VI Pyramidal Polymorphic,(-0.12431746273528677+0.1712583412295501j),-0.0547033502516825,-0.030677343219307974,0.06271806690064254
13,(0.006818384138010252+0.06428359356600864j),2,5,CA3 Granule,(0.09522000586524534+0.1814331354468304j),0.0021009752681942933,-0.06554345861994176,0.06557712303037991
13,(0.006818384138010252+0.06428359356600864j),3,1,CA1 Perforant Path Associated QuadD,(0.083943961040414+0.40168654911630125j),-0.1563415596738609,-0.37886485818818233,0.40985517448387415
13,(0.006818384138010252+0.06428359356600864j),3,2,SUB CA1 Projecting Pyramidal,(-0.2411257403846269+0.2783977476149056j),0.000677820497031463,-0.020622782953015603,0.02063391909825632
13,(0.006818384138010252+0.06428359356600864j),3,3,CA3 Mossy Fiber Associated ORDEN,(-0.1932413359330739-0.11247041426483223j),0.000665480705222848,-0.015478332514870647,0.015492631861950563
13,(0.006818384138010252+0.06428359356600864j),3,4,MEC LV VI Pyramidal Polymorphic,(-0.12431746273528677+0.1712583412295501j),-0.007437671561931428,0.00032493178926935466,0.007444765874817103
13,(0.006818384138010252+0.06428359356600864j),3,5,CA3 Granule,(0.09522000586524534+0.1814331354468304j),-0.0009738624680603296,-0.06051748049037295,0.06052531580264053
13,(0.006818384138010252+0.06428359356600864j),4,1,CA1 Perforant Path Associated QuadD,(0.083943961040414+0.40168654911630125j),-0.023375074295340012,-0.46007100034106996,0.4606644325896514
13,(0.006818384138010252+0.06428359356600864j),4,2,SUB CA1 Projecting Pyramidal,(-0.2411257403846269+0.2783977476149056j),0.00687033260689781,0.013288919276246536,0.014959841097418115
13,(0.006818384138010252+0.06428359356600864j),4,3,CA3 Mossy Fiber Associated ORDEN,(-0.1932413359330739-0.11247041426483223j),-0.0024544970449738184,-0.018383463118411332,0.018546597315135055
13,(0.006818384138010252+0.06428359356600864j),4,4,MEC LV VI Pyramidal Polymorphic,(-0.12431746273528677+0.1712583412295501j),-0.008337746956875218,-0.030006753012419608,0.03114359084410844
13,(0.006818384138010252+0.06428359356600864j),4,5,CA3 Granule,(0.09522000586524534+0.1814331354468304j),-0.0009244167721359452,-0.058260804907368645,0.05826813824744255
13,(0.006818384138010252+0.06428359356600864j),5,1,CA1 Perforant Path Associated QuadD,(0.083943961040414+0.40168654911630125j),-0.02928749753652767,-0.4721905998444879,0.47309800263100826
13,(0.006818384138010252+0.06428359356600864j),5,2,SUB CA1 Projecting Pyramidal,(-0.2411257403846269+0.2783977476149056j),0.0008553143373076528,0.016364211034667557,0.016386548306545203
13,(0.006818384138010252+0.06428359356600864j),5,3,CA3 Mossy Fiber Associated ORDEN,(-0.1932413359330739-0.11247041426483223j),-0.0002965147270512051,-0.016705911014079224,0.01670854224023424
13,(0.006818384138010252+0.06428359356600864j),5,4,MEC LV VI Pyramidal Polymorphic,(-0.12431746273528677+0.1712583412295501j),-0.002123269779835596,-0.0355836450806518,0.0356469363590163
13,(0.006818384138010252+0.06428359356600864j),5,5,CA3 Granule,(0.09522000586524534+0.1814331354468304j),-0.0010105990937209416,-0.054951628141637544,0.05496092017010852
13,(0.006818384138010252+0.06428359356600864j),6,1,CA1 Perforant Path Associated QuadD,(0.083943961040414+0.40168654911630125j),-0.011414718982951134,-0.44649252970991615,0.4466384162790077
13,(0.006818384138010252+0.06428359356600864j),6,2,SUB CA1 Projecting Pyramidal,(-0.2411257403846269+0.2783977476149056j),0.001168231152384608,0.016894946681744908,0.01693528822915055
13,(0.006818384138010252+0.06428359356600864j),6,3,CA3 Mossy Fiber Associated ORDEN,(-0.1932413359330739-0.11247041426483223j),-0.0005635740420314323,-0.016792571507461863,0.016802025875889835
13,(0.006818384138010252+0.06428359356600864j),6,4,MEC LV VI Pyramidal Polymorphic,(-0.12431746273528677+0.1712583412295501j),-0.0017776407712651117,-0.03626655546153935,0.036310095727725276
13,(0.006818384138010252+0.06428359356600864j),6,5,CA3 Granule,(0.09522000586524534+0.1814331354468304j),-0.0009974979817155415,-0.05207857623773578,0.052088128255612945
13,(0.006818384138010252+0.06428359356600864j),7,1,CA1 Perforant Path Associated QuadD,(0.083943961040414+0.40168654911630125j),-0.010873584672573896,-0.4327931033545111,0.4329296769163095
13,(0.006818384138010252+0.06428359356600864j),7,2,SUB CA1 Projecting Pyramidal,(-0.2411257403846269+0.2783977476149056j),0.0004202865037607473,0.016011542592396386,0.016017057686521795
13,(0.006818384138010252+0.06428359356600864j),7,3,CA3 Mossy Fiber Associated ORDEN,(-0.1932413359330739-0.11247041426483223j),-0.0003271776009627567,-0.01604122717327305,0.016044563390978435
13,(0.006818384138010252+0.06428359356600864j),7,4,MEC LV VI Pyramidal Polymorphic,(-0.12431746273528677+0.1712583412295501j),-0.0009109812267885223,-0.03467198112781236,0.034683946749511335
13,(0.006818384138010252+0.06428359356600864j),7,5,CA3 Granule,(0.09522000586524534+0.1814331354468304j),-0.0009620647400701858,-0.04944637626869535,0.0494557346995218
13,(0.006818384138010252+0.06428359356600864j),8,1,CA1 Perforant Path Associated QuadD,(0.083943961040414+0.40168654911630125j),-0.008586227247079092,-0.41331116475668317,0.4134003413289164
13,(0.006818384138010252+0.06428359356600864j),8,2,SUB CA1 Projecting Pyramidal,(-0.2411257403846269+0.2783977476149056j),0.0004050432566764213,0.015578249194371318,0.015583513981182474
13,(0.006818384138010252+0.06428359356600864j),8,3,CA3 Mossy Fiber Associated ORDEN,(-0.1932413359330739-0.11247041426483223j),-0.0003299339596919231,-0.015302811438873838,0.015306367771339023
13,(0.006818384138010252+0.06428359356600864j),8,4,MEC LV VI Pyramidal Polymorphic,(-0.12431746273528677+0.1712583412295501j),-0.0007889591556174069,-0.03334819730007516,0.033357528681153416
13,(0.006818384138010252+0.06428359356600864j),8,5,CA3 Granule,(0.09522000586524534+0.1814331354468304j),-0.0009213452888631278,-0.046970649108646005,0.04697968449052056
13,(0.006818384138010252+0.06428359356600864j),9,1,CA1 Perforant Path Associated QuadD,(0.083943961040414+0.40168654911630125j),-0.008057967367242336,-0.3934045446643976,0.3934870602709746
13,(0.006818384138010252+0.06428359356600864j),9,2,SUB CA1 Projecting Pyramidal,(-0.2411257403846269+0.2783977476149056j),0.00031145698659127455,0.014883974381495073,0.014887232746333289
13,(0.006818384138010252+0.06428359356600864j),9,3,CA3 Mossy Fiber Associated ORDEN,(-0.1932413359330739-0.11247041426483223j),-0.00028921267434297323,-0.014537635295606866,0.01454051181902051
13,(0.006818384138010252+0.06428359356600864j),9,4,MEC LV VI Pyramidal Polymorphic,(-0.12431746273528677+0.1712583412295501j),-0.0006605771057335015,-0.031814734947520566,0.03182159207037897
13,(0.006818384138010252+0.06428359356600864j),9,5,CA3 Granule,(0.09522000586524534+0.1814331354468304j),-0.0008772754208688259,-0.04461725906292044,0.04462588283106359
13,(0.006818384138010252+0.06428359356600864j),10,1,CA1 Perforant Path Associated QuadD,(0.083943961040414+0.40168654911630125j),-0.007432812097815567,-0.3738269584688794,0.37390084457483475
13,(0.006818384138010252+0.06428359356600864j),10,2,SUB CA1 Projecting Pyramidal,(-0.2411257403846269+0.2783977476149056j),0.0002919631881866135,0.014170239773171512,0.014173247254331943
13,(0.006818384138010252+0.06428359356600864j),10,3,CA3 Mossy Fiber Associated ORDEN,(-0.1932413359330739-0.11247041426483223j),-0.0002755981179926642,-0.013821810358347942,0.013824557711000218
13,(0.006818384138010252+0.06428359356600864j),10,4,MEC LV VI Pyramidal Polymorphic,(-0.12431746273528677+0.1712583412295501j),-0.0006139720213297509,-0.030273219998662414,0.030279445350441768
13,(0.006818384138010252+0.06428359356600864j),10,5,CA3 Granule,(0.09522000586524534+0.1814331354468304j),-0.000834321651179862,-0.04238427287281478,0.042392483762747964
14,(0.006818384138010231-0.06428359356600852j),0,1,SUB CA1 Projecting Pyramidal,(-0.35868357020452013-0.2386097963309038j),-0.35868357020452013,-0.2386097963309038,0.4307998821259545
14,(0.006818384138010231-0.06428359356600852j),0,2,CA3 Mossy Fiber Associated ORDEN,(-0.32231226209758046+0.011181447102505874j),-0.32231226209758046,0.011181447102505874,0.3225061535192244
14,(0.006818384138010231-0.06428359356600852j),0,3,CA3 Basket,(-0.2620800464871434-0.1046579225608995j),-0.2620800464871434,-0.1046579225608995,0.2822042372493129
14,(0.006818384138010231-0.06428359356600852j),0,4,CA1 Perforant Path Associated QuadD,(0.176662431347667-0.21766647808828277j),0.176662431347667,-0.21766647808828277,0.28033606677169826
14,(0.006818384138010231-0.06428359356600852j),0,5,MEC LV VI Pyramidal Polymorphic,(-0.18204700258435702-0.13974236648765165j),-0.18204700258435702,-0.13974236648765165,0.22949736412760396
14,(0.006818384138010231-0.06428359356600852j),1,1,SUB CA1 Projecting Pyramidal,(-0.35868357020452013-0.2386097963309038j),-0.026630865065546367,-0.013927641220295568,0.0300529892706302
14,(0.006818384138010231-0.06428359356600852j),1,2,CA3 Mossy Fiber Associated ORDEN,(-0.32231226209758046+0.011181447102505874j),0.029884849577962527,-0.03592697038825586,0.04673169626255889
14,(0.006818384138010231-0.06428359356600852j),1,3,CA3 Basket,(-0.2620800464871434-0.1046579225608995j),-0.003382179284836394,-0.007851773472089638,0.008549238759783645
14,(0.006818384138010231-0.06428359356600852j),1,4,CA1 Perforant Path Associated QuadD,(0.176662431347667-0.21766647808828277j),-1.957117923841392,-0.22722618927176116,1.9702645276490685
14,(0.006818384138010231-0.06428359356600852j),1,5,MEC LV VI Pyramidal Polymorphic,(-0.18204700258435702-0.13974236648765165j),-0.04226737971101798,0.0024616942174171368,0.04233900478347879
14,(0.006818384138010231-0.06428359356600852j),2,1,SUB CA1 Projecting Pyramidal,(-0.35868357020452013-0.2386097963309038j),0.07629789355521108,0.008358845688992684,0.07675440614202361
14,(0.006818384138010231-0.06428359356600852j),2,2,CA3 Mossy Fiber Associated ORDEN,(-0.32231226209758046+0.011181447102505874j),-0.028028439413027337,0.005898807126279899,0.02864243951626318
14,(0.006818384138010231-0.06428359356600852j),2,3,CA3 Basket,(-0.2620800464871434-0.1046579225608995j),-0.0444956432739233,0.05461327671822617,0.07044481715684824
14,(0.006818384138010231-0.06428359356600852j),2,4,CA1 Perforant Path Associated QuadD,(0.176662431347667-0.21766647808828277j),-0.05578010043481178,-0.25958040963633516,0.26550594846723347
14,(0.006818384138010231-0.06428359356600852j),2,5,MEC LV VI Pyramidal Polymorphic,(-0.18204700258435702-0.13974236648765165j),-0.0911205321488565,0.0024649441727710615,0.09115386623103634
14,(0.006818384138010231-0.06428359356600852j),3,1,SUB CA1 Projecting Pyramidal,(-0.35868357020452013-0.2386097963309038j),-0.0010526134715881344,0.012637367861653521,0.012681130138568966
14,(0.006818384138010231-0.06428359356600852j),3,2,CA3 Mossy Fiber Associated ORDEN,(-0.32231226209758046+0.011181447102505874j),-0.0005380702169823524,0.009530872103557058,0.009546048533962393
14,(0.006818384138010231-0.06428359356600852j),3,3,CA3 Basket,(-0.2620800464871434-0.1046579225608995j),-0.008768853276172255,0.05391967921510507,0.054628056842971
14,(0.006818384138010231-0.06428359356600852j),3,4,CA1 Perforant Path Associated QuadD,(0.176662431347667-0.21766647808828277j),-0.2906687103929594,0.18267579327415145,0.3433056140668932
14,(0.006818384138010231-0.06428359356600852j),3,5,MEC LV VI Pyramidal Polymorphic,(-0.18204700258435702-0.13974236648765165j),-0.011922072536691194,-0.0023765842055632038,0.012156642877713356
14,(0.006818384138010231-0.06428359356600852j),4,1,SUB CA1 Projecting Pyramidal,(-0.35868357020452013-0.2386097963309038j),0.012424229797292371,-0.006000951422989545,0.013797568772686291
14,(0.006818384138010231-0.06428359356600852j),4,2,CA3 Mossy Fiber Associated ORDEN,(-0.32231226209758046+0.011181447102505874j),-0.005855107067299946,0.010368377612512142,0.011907373055598315
14,(0.006818384138010231-0.06428359356600852j),4,3,CA3 Basket,(-0.2620800464871434-0.1046579225608995j),-0.017689492882973532,0.054315283043238884,0.05712327135698659
14,(0.006818384138010231-0.06428359356600852j),4,4,CA1 Perforant Path Associated QuadD,(0.176662431347667-0.21766647808828277j),-0.08536451414583039,0.27063887880706533,0.2837824924080044
14,(0.006818384138010231-0.06428359356600852j),4,5,MEC LV VI Pyramidal Polymorphic,(-0.18204700258435702-0.13974236648765165j),-0.016519615231797985,0.015654100020554527,0.022758482701185887
14,(0.006818384138010231-0.06428359356600852j),5,1,SUB CA1 Projecting Pyramidal,(-0.35868357020452013-0.2386097963309038j),0.003074721268326577,-0.009619318411982514,0.01009877208322901
14,(0.006818384138010231-0.06428359356600852j),5,2,CA3 Mossy Fiber Associated ORDEN,(-0.32231226209758046+0.011181447102505874j),-0.0022119623828699172,0.009989245669948084,0.01023121726080568
14,(0.006818384138010231-0.06428359356600852j),5,3,CA3 Basket,(-0.2620800464871434-0.1046579225608995j),-0.011355342958223021,0.05130880467381152,0.052550330643624
14,(0.006818384138010231-0.06428359356600852j),5,4,CA1 Perforant Path Associated QuadD,(0.176662431347667-0.21766647808828277j),-0.09612747161886416,0.27621539747788193,0.2924644193807169
14,(0.006818384138010231-0.06428359356600852j),5,5,MEC LV VI Pyramidal Polymorphic,(-0.18204700258435702-0.13974236648765165j),-0.007109336127080383,0.020839786557126674,0.022019068189058497
14,(0.006818384138010231-0.06428359356600852j),6,1,SUB CA1 Projecting Pyramidal,(-0.35868357020452013-0.2386097963309038j),0.0036328553698434765,-0.009847689892793053,0.010496410546602063
14,(0.006818384138010231-0.06428359356600852j),6,2,CA3 Mossy Fiber Associated ORDEN,(-0.32231226209758046+0.011181447102505874j),-0.0026502537391968465,0.009963217647916361,0.010309682380261717
14,(0.006818384138010231-0.06428359356600852j),6,3,CA3 Basket,(-0.2620800464871434-0.1046579225608995j),-0.011794667334770031,0.04939354420550789,0.05078224479795426
14,(0.006818384138010231-0.06428359356600852j),6,4,CA1 Perforant Path Associated QuadD,(0.176662431347667-0.21766647808828277j),-0.06472815468679163,0.2659555942189797,0.2737190386245133
14,(0.006818384138010231-0.06428359356600852j),6,5,MEC LV VI Pyramidal Polymorphic,(-0.18204700258435702-0.13974236648765165j),-0.006624685510933823,0.02135301697472532,0.022357052400566676
14,(0.006818384138010231-0.06428359356600852j),7,1,SUB CA1 Projecting Pyramidal,(-0.35868357020452013-0.2386097963309038j),0.0023387942242531906,-0.009534149174529008,0.0098168202033842
14,(0.006818384138010231-0.06428359356600852j),7,2,CA3 Mossy Fiber Associated ORDEN,(-0.32231226209758046+0.011181447102505874j),-0.0021922080522626466,0.009579351424396153,0.009826990885132936
14,(0.006818384138010231-0.06428359356600852j),7,3,CA3 Basket,(-0.2620800464871434-0.1046579225608995j),-0.010685583283592917,0.047090666950981866,0.048287810097362
14,(0.006818384138010231-0.06428359356600852j),7,4,CA1 Perforant Path Associated QuadD,(0.176662431347667-0.21766647808828277j),-0.06243527214449986,0.2578514297102083,0.2653027007238265
14,(0.006818384138010231-0.06428359356600852j),7,5,MEC LV VI Pyramidal Polymorphic,(-0.18204700258435702-0.13974236648765165j),-0.005065921165612772,0.020645338786845643,0.021257788475752517
14,(0.006818384138010231-0.06428359356600852j),8,1,SUB CA1 Projecting Pyramidal,(-0.35868357020452013-0.2386097963309038j),0.0022692828881916032,-0.009277277104073424,0.00955078610860929
14,(0.006818384138010231-0.06428359356600852j),8,2,CA3 Mossy Fiber Associated ORDEN,(-0.32231226209758046+0.011181447102505874j),-0.0021199359795807,0.009133167474647517,0.009375973372268082
14,(0.006818384138010231-0.06428359356600852j),8,3,CA3 Basket,(-0.2620800464871434-0.1046579225608995j),-0.010232796979565417,0.04478676223222566,0.04594087728016214
14,(0.006818384138010231-0.06428359356600852j),8,4,CA1 Perforant Path Associated QuadD,(0.176662431347667-0.21766647808828277j),-0.05673473280633009,0.24677150349263993,0.25320940907206363
14,(0.006818384138010231-0.06428359356600852j),8,5,MEC LV VI Pyramidal Polymorphic,(-0.18204700258435702-0.13974236648765165j),-0.004732266632770568,0.01988267272699981,0.02043807775336555
14,(0.006818384138010231-0.06428359356600852j),9,1,SUB CA1 Projecting Pyramidal,(-0.35868357020452013-0.2386097963309038j),0.0020467281803309913,-0.008885962828124195,0.00911863101715197
14,(0.006818384138010231-0.06428359356600852j),9,2,CA3 Mossy Fiber Associated ORDEN,(-0.32231226209758046+0.011181447102505874j),-0.00197499521790129,0.00868358989161321,0.008905354541873113
14,(0.006818384138010231-0.06428359356600852j),9,3,CA3 Basket,(-0.2620800464871434-0.1046579225608995j),-0.009659135719888334,0.04255366075992708,0.04363614266781816
14,(0.006818384138010231-0.06428359356600852j),9,4,CA1 Perforant Path Associated QuadD,(0.176662431347667-0.21766647808828277j),-0.05381777410991073,0.23491969230951965,0.24100542451352575
14,(0.006818384138010231-0.06428359356600852j),9,5,MEC LV VI Pyramidal Polymorphic,(-0.18204700258435702-0.13974236648765165j),-0.004366608304703831,0.01899540359653651,0.019490834407023743
14,(0.006818384138010231-0.06428359356600852j),10,1,SUB CA1 Projecting Pyramidal,(-0.35868357020452013-0.2386097963309038j),0.0019412534234460534,-0.008461188687805406,0.008681024067740347
14,(0.006818384138010231-0.06428359356600852j),10,2,CA3 Mossy Fiber Associated ORDEN,(-0.32231226209758046+0.011181447102505874j),-0.0018787540263974986,0.008255831272465446,0.008466904197587406
14,(0.006818384138010231-0.06428359356600852j),10,3,CA3 Basket,(-0.2620800464871434-0.1046579225608995j),-0.009182240179772186,0.040434346780426754,0.041463838875324004
14,(0.006818384138010231-0.06428359356600852j),10,4,CA1 Perforant Path Associated QuadD,(0.176662431347667-0.21766647808828277j),-0.05077923745140732,0.2232947462054949,0.2289957961167034
14,(0.006818384138010231-0.06428359356600852j),10,5,MEC LV VI Pyramidal Polymorphic,(-0.18204700258435702-0.13974236648765165j),-0.004131567432682849,0.018079301894155575,0.018545376955748916
15,(0.048677098637811105+0.013037140705458139j),0,1,CA1 LMR,(-0.19444150532246082-0.3144586991235277j),-0.19444150532246082,-0.3144586991235277,0.3697185043333994
15,(0.048677098637811105+0.013037140705458139j),0,2,CA1 Horizontal Basket,(-0.06020256630621151+0.3471790473021519j),-0.06020256630621151,0.3471790473021519,0.3523600997211285
15,(0.048677098637811105+0.013037140705458139j),0,3,CA1 OR LM,(0.06737314696108723+0.25633953949552685j),0.06737314696108723,0.25633953949552685,0.26504546862796774
15,(0.048677098637811105+0.013037140705458139j),0,4,SUB CA1 Projecting Pyramidal,(-0.027084740865108876+0.25689277867445537j),-0.027084740865108876,0.25689277867445537,0.25831663307424246
15,(0.048677098637811105+0.013037140705458139j),0,5,CA2 Bistratified,(0.22553866531049063-0.07818132451118717j),0.22553866531049063,-0.07818132451118717,0.2387048576220456
15,(0.048677098637811105+0.013037140705458139j),1,1,CA1 LMR,(-0.19444150532246082-0.3144586991235277j),0.1848504277146219,-0.31679364032301677,0.366780440011988
15,(0.048677098637811105+0.013037140705458139j),1,2,CA1 Horizontal Basket,(-0.06020256630621151+0.3471790473021519j),0.05004376897575656,0.03125971698951954,0.05900464998255436
15,(0.048677098637811105+0.013037140705458139j),1,3,CA1 OR LM,(0.06737314696108723+0.25633953949552685j),0.2305654511137814,-0.2498219637450555,0.3399579986067946
15,(0.048677098637811105+0.013037140705458139j),1,4,SUB CA1 Projecting Pyramidal,(-0.027084740865108876+0.25689277867445537j),-0.004871188409749682,0.01600785777535795,0.016732602519613247
15,(0.048677098637811105+0.013037140705458139j),1,5,CA2 Bistratified,(0.22553866531049063-0.07818132451118717j),0.06451235325529489,-0.11254980771202064,0.12972780325955105
15,(0.048677098637811105+0.013037140705458139j),2,1,CA1 LMR,(-0.19444150532246082-0.3144586991235277j),-0.001952600282652175,-0.00844036337328712,0.008663277770967526
15,(0.048677098637811105+0.013037140705458139j),2,2,CA1 Horizontal Basket,(-0.06020256630621151+0.3471790473021519j),0.06554899422353133,0.006327282021955765,0.06585366460191801
15,(0.048677098637811105+0.013037140705458139j),2,3,CA1 OR LM,(0.06737314696108723+0.25633953949552685j),0.10992141324959721,-0.03921933109739648,0.11670849593117007
15,(0.048677098637811105+0.013037140705458139j),2,4,SUB CA1 Projecting Pyramidal,(-0.027084740865108876+0.25689277867445537j),-0.025970328332430778,0.03769450460638921,0.04577481437663461
15,(0.048677098637811105+0.013037140705458139j),2,5,CA2 Bistratified,(0.22553866531049063-0.07818132451118717j),0.03750190921766518,0.019287407274388296,0.04217104782120225
15,(0.048677098637811105+0.013037140705458139j),3,1,CA1 LMR,(-0.19444150532246082-0.3144586991235277j),-0.004188701792066956,0.029425781226499602,0.029722412814115237
15,(0.048677098637811105+0.013037140705458139j),3,2,CA1 Horizontal Basket,(-0.06020256630621151+0.3471790473021519j),-0.02728707100551694,0.0020033171025347542,0.027360510292635833
15,(0.048677098637811105+0.013037140705458139j),3,3,CA1 OR LM,(0.06737314696108723+0.25633953949552685j),0.03264338626767813,0.024571890524865452,0.040857905856600256
15,(0.048677098637811105+0.013037140705458139j),3,4,SUB CA1 Projecting Pyramidal,(-0.027084740865108876+0.25689277867445537j),-0.0051234477042461125,0.003884090215485645,0.006429298031680915
15,(0.048677098637811105+0.013037140705458139j),3,5,CA2 Bistratified,(0.22553866531049063-0.07818132451118717j),-0.006338228262324196,0.013285835401655162,0.014720277165366105
15,(0.048677098637811105+0.013037140705458139j),4,1,CA1 LMR,(-0.19444150532246082-0.3144586991235277j),-0.07141398925593848,0.015391058450350442,0.07305369629025898
15,(0.048677098637811105+0.013037140705458139j),4,2,CA1 Horizontal Basket,(-0.06020256630621151+0.3471790473021519j),-0.03262001982607883,0.007154435102742636,0.033395383439827904
15,(0.048677098637811105+0.013037140705458139j),4,3,CA1 OR LM,(0.06737314696108723+0.25633953949552685j),-0.05638358710973505,0.019470395053422084,0.05965069302948126
15,(0.048677098637811105+0.013037140705458139j),4,4,SUB CA1 Projecting Pyramidal,(-0.027084740865108876+0.25689277867445537j),-0.0019400938212432361,-0.0033112225318949074,0.0038377283242765773
15,(0.048677098637811105+0.013037140705458139j),4,5,CA2 Bistratified,(0.22553866531049063-0.07818132451118717j),-0.02850712695526388,0.003818711773556192,0.028761760148729235
15,(0.048677098637811105+0.013037140705458139j),5,1,CA1 LMR,(-0.19444150532246082-0.3144586991235277j),-0.06822360978859879,0.006879685292610022,0.0685696069867135
15,(0.048677098637811105+0.013037140705458139j),5,2,CA1 Horizontal Basket,(-0.06020256630621151+0.3471790473021519j),-0.0364850451858175,0.004994799932837502,0.03682535198175597
15,(0.048677098637811105+0.013037140705458139j),5,3,CA1 OR LM,(0.06737314696108723+0.25633953949552685j),-0.0662246125000566,0.008609289980893397,0.06678187759233611
15,(0.048677098637811105+0.013037140705458139j),5,4,SUB CA1 Projecting Pyramidal,(-0.027084740865108876+0.25689277867445537j),0.0073176862391559835,-0.0020332208035758713,0.007594900837458416
15,(0.048677098637811105+0.013037140705458139j),5,5,CA2 Bistratified,(0.22553866531049063-0.07818132451118717j),-0.03166379335724429,0.003560805038202776,0.03186338246781653
15,(0.048677098637811105+0.013037140705458139j),6,1,CA1 LMR,(-0.19444150532246082-0.3144586991235277j),-0.07117789899623282,0.007975668559967135,0.07162335229864886
15,(0.048677098637811105+0.013037140705458139j),6,2,CA1 Horizontal Basket,(-0.06020256630621151+0.3471790473021519j),-0.03600104454417005,0.004025451318143431,0.036225398087337275
15,(0.048677098637811105+0.013037140705458139j),6,3,CA1 OR LM,(0.06737314696108723+0.25633953949552685j),-0.07157850369033364,0.008086008736346255,0.07203378185151309
15,(0.048677098637811105+0.013037140705458139j),6,4,SUB CA1 Projecting Pyramidal,(-0.027084740865108876+0.25689277867445537j),0.007855391264808068,-0.0009049296205909949,0.007907342761095275
15,(0.048677098637811105+0.013037140705458139j),6,5,CA2 Bistratified,(0.22553866531049063-0.07818132451118717j),-0.03263000505007381,0.004018493849097783,0.03287651931672632
15,(0.048677098637811105+0.013037140705458139j),7,1,CA1 LMR,(-0.19444150532246082-0.3144586991235277j),-0.06822942667720266,0.008043050489837882,0.06870185824183983
15,(0.048677098637811105+0.013037140705458139j),7,2,CA1 Horizontal Basket,(-0.06020256630621151+0.3471790473021519j),-0.03460203389774652,0.003910070742958779,0.03482225442264963
15,(0.048677098637811105+0.013037140705458139j),7,3,CA1 OR LM,(0.06737314696108723+0.25633953949552685j),-0.06959826207143206,0.008181067394286983,0.07007744249809353
15,(0.048677098637811105+0.013037140705458139j),7,4,SUB CA1 Projecting Pyramidal,(-0.027084740865108876+0.25689277867445537j),0.008312005418270504,-0.0009353187587099292,0.008364463835402297
15,(0.048677098637811105+0.013037140705458139j),7,5,CA2 Bistratified,(0.22553866531049063-0.07818132451118717j),-0.03192883749435862,0.003777608881929405,0.0321515317303234
15,(0.048677098637811105+0.013037140705458139j),8,1,CA1 LMR,(-0.19444150532246082-0.3144586991235277j),-0.06583628297796634,0.007564250917479333,0.06626940506974126
15,(0.048677098637811105+0.013037140705458139j),8,2,CA1 Horizontal Basket,(-0.06020256630621151+0.3471790473021519j),-0.0330590769323609,0.003771448606223249,0.033273508865299124
15,(0.048677098637811105+0.013037140705458139j),8,3,CA1 OR LM,(0.06737314696108723+0.25633953949552685j),-0.06742460710437433,0.007797092593864188,0.06787394416192812
15,(0.048677098637811105+0.013037140705458139j),8,4,SUB CA1 Projecting Pyramidal,(-0.027084740865108876+0.25689277867445537j),0.008047268858715635,-0.0009484698094535419,0.0081029705086406
15,(0.048677098637811105+0.013037140705458139j),8,5,CA2 Bistratified,(0.22553866531049063-0.07818132451118717j),-0.030707513212089112,0.003503180146542233,0.030906692459882458
15,(0.048677098637811105+0.013037140705458139j),9,1,CA1 LMR,(-0.19444150532246082-0.3144586991235277j),-0.06267304312655593,0.00709397241453396,0.06307324931665807
15,(0.048677098637811105+0.013037140705458139j),9,2,CA1 Horizontal Basket,(-0.06020256630621151+0.3471790473021519j),-0.031483564206643014,0.0035712936351161664,0.03168546912043492
15,(0.048677098637811105+0.013037140705458139j),9,3,CA1 OR LM,(0.06737314696108723+0.25633953949552685j),-0.0643464950577236,0.007309608451656037,0.0647603412740403
15,(0.048677098637811105+0.013037140705458139j),9,4,SUB CA1 Projecting Pyramidal,(-0.027084740865108876+0.25689277867445537j),0.007779307263986175,-0.0008972332157827568,0.007830877917003426
15,(0.048677098637811105+0.013037140705458139j),9,5,CA2 Bistratified,(0.22553866531049063-0.07818132451118717j),-0.029281979965190292,0.0033151500205176256,0.029469044272598048
15,(0.048677098637811105+0.013037140705458139j),10,1,CA1 LMR,(-0.19444150532246082-0.3144586991235277j),-0.05964257850339701,0.0067426359111914,0.06002249836157075
15,(0.048677098637811105+0.013037140705458139j),10,2,CA1 Horizontal Basket,(-0.06020256630621151+0.3471790473021519j),-0.029935625011013343,0.0033846437711222053,0.03012635819772121
15,(0.048677098637811105+0.013037140705458139j),10,3,CA1 OR LM,(0.06737314696108723+0.25633953949552685j),-0.06127868929501293,0.006931882359381091,0.061669512360314885
15,(0.048677098637811105+0.013037140705458139j),10,4,SUB CA1 Projecting Pyramidal,(-0.027084740865108876+0.25689277867445537j),0.007417648772636605,-0.0008412423517706578,0.007465199395100573
15,(0.048677098637811105+0.013037140705458139j),10,5,CA2 Bistratified,(0.22553866531049063-0.07818132451118717j),-0.02786372790584435,0.003153706126043375,0.0280416332466633
16,(0.048677098637811105-0.013037140705458137j),0,1,CA2 Bistratified,(0.3207976096113961-0.09361588561017134j),0.3207976096113961,-0.09361588561017134,0.33417815663349754
16,(0.048677098637811105-0.013037140705458137j),0,2,CA1 Horizontal Basket,(-0.298387445348026-0.14233827266856505j),-0.298387445348026,-0.14233827266856505,0.33059832335871275
16,(0.048677098637811105-0.013037140705458137j),0,3,MEC LV VI Pyramidal Polymorphic,(0.27906496912898493-0.07233100328689994j),0.27906496912898493,-0.07233100328689994,0.2882863698329334
16,(0.048677098637811105-0.013037140705458137j),0,4,CA1 LMR,(-0.027589323031125927+0.27652041652696047j),-0.027589323031125927,0.27652041652696047,0.27789334555105766
16,(0.048677098637811105-0.013037140705458137j),0,5,SUB CA1 Projecting Pyramidal,(-0.19989945796304295-0.11567408114421839j),-0.19989945796304295,-0.11567408114421839,0.23095516089162763
16,(0.048677098637811105-0.013037140705458137j),1,1,CA2 Bistratified,(0.3207976096113961-0.09361588561017134j),0.1505628020959076,0.01946897963765166,0.15181633160863406
16,(0.048677098637811105-0.013037140705458137j),1,2,CA1 Horizontal Basket,(-0.298387445348026-0.14233827266856505j),0.03948807941351891,-0.045696956822576865,0.06039470406097566
16,(0.048677098637811105-0.013037140705458137j),1,3,MEC LV VI Pyramidal Polymorphic,(0.27906496912898493-0.07233100328689994j),-0.023517061585774466,-0.03149010871966132,0.03930240619612493
16,(0.048677098637811105-0.013037140705458137j),1,4,CA1 LMR,(-0.027589323031125927+0.27652041652696047j),0.427697994674907,0.05286210523037513,0.43095240667424517
16,(0.048677098637811105-0.013037140705458137j),1,5,SUB CA1 Projecting Pyramidal,(-0.19989945796304295-0.11567408114421839j),-0.016264919259673237,-0.005320800539978932,0.01711310950441005
16,(0.048677098637811105-0.013037140705458137j),2,1,CA2 Bistratified,(0.3207976096113961-0.09361588561017134j),0.03228972573354116,-0.03212254702096656,0.045546508264207454
16,(0.048677098637811105-0.013037140705458137j),2,2,CA1 Horizontal Basket,(-0.298387445348026-0.14233827266856505j),0.07429391574927625,-0.042103944183762926,0.08539512886101866
16,(0.048677098637811105-0.013037140705458137j),2,3,MEC LV VI Pyramidal Polymorphic,(0.27906496912898493-0.07233100328689994j),0.034908073977258945,0.004905427050663067,0.03525105449984667
16,(0.048677098637811105-0.013037140705458137j),2,4,CA1 LMR,(-0.027589323031125927+0.27652041652696047j),0.00316721434284129,0.00548565057200653,0.006334319923374185
16,(0.048677098637811105-0.013037140705458137j),2,5,SUB CA1 Projecting Pyramidal,(-0.19989945796304295-0.11567408114421839j),-0.05564673398182531,-0.003933181765137059,0.05578556194609532
16,(0.048677098637811105-0.013037140705458137j),3,1,CA2 Bistratified,(0.3207976096113961-0.09361588561017134j),-0.016245222336373676,-0.003055283450069951,0.016530033445776374
16,(0.048677098637811105-0.013037140705458137j),3,2,CA1 Horizontal Basket,(-0.298387445348026-0.14233827266856505j),-0.03395099913296794,0.015149323415510424,0.03717757848589015
16,(0.048677098637811105-0.013037140705458137j),3,3,MEC LV VI Pyramidal Polymorphic,(0.27906496912898493-0.07233100328689994j),0.0032030785187207025,0.002907483639419721,0.004325872525928538
16,(0.048677098637811105-0.013037140705458137j),3,4,CA1 LMR,(-0.027589323031125927+0.27652041652696047j),-0.02419705045548307,-0.012605907091426607,0.027283807365228063
16,(0.048677098637811105-0.013037140705458137j),3,5,SUB CA1 Projecting Pyramidal,(-0.19989945796304295-0.11567408114421839j),-0.008661889506935078,0.0010456308015857792,0.008724773556005733
16,(0.048677098637811105-0.013037140705458137j),4,1,CA2 Bistratified,(0.3207976096113961-0.09361588561017134j),-0.036594265629328326,0.01494170227049879,0.03952713933097195
16,(0.048677098637811105-0.013037140705458137j),4,2,CA1 Horizontal Basket,(-0.298387445348026-0.14233827266856505j),-0.04368963972805184,0.01566944009552008,0.04641460947238551
16,(0.048677098637811105-0.013037140705458137j),4,3,MEC LV VI Pyramidal Polymorphic,(0.27906496912898493-0.07233100328689994j),-0.010427308736074826,0.0023043814688506886,0.010678901695933192
16,(0.048677098637811105-0.013037140705458137j),4,4,CA1 LMR,(-0.027589323031125927+0.27652041652696047j),-0.09547106564081721,0.03444405293900444,0.10149441934145034
16,(0.048677098637811105-0.013037140705458137j),4,5,SUB CA1 Projecting Pyramidal,(-0.19989945796304295-0.11567408114421839j),-0.00016207547193921478,0.0028480905919418356,0.0028526984555876066
16,(0.048677098637811105-0.013037140705458137j),5,1,CA2 Bistratified,(0.3207976096113961-0.09361588561017134j),-0.040202577416432995,0.016945319459227295,0.04362787047862359
16,(0.048677098637811105-0.013037140705458137j),5,2,CA1 Horizontal Basket,(-0.298387445348026-0.14233827266856505j),-0.04690544866104525,0.019068171271253348,0.050633153859144533
16,(0.048677098637811105-0.013037140705458137j),5,3,MEC LV VI Pyramidal Polymorphic,(0.27906496912898493-0.07233100328689994j),-0.021847214058068137,0.00796286548759298,0.023253128582462822
16,(0.048677098637811105-0.013037140705458137j),5,4,CA1 LMR,(-0.027589323031125927+0.27652041652696047j),-0.08610476182136186,0.036917203607163274,0.09368516387607059
16,(0.048677098637811105-0.013037140705458137j),5,5,SUB CA1 Projecting Pyramidal,(-0.19989945796304295-0.11567408114421839j),0.010080175398744463,-0.0032955390302142596,0.010605211623023778
16,(0.048677098637811105-0.013037140705458137j),6,1,CA2 Bistratified,(0.3207976096113961-0.09361588561017134j),-0.0416569199988233,0.017283422836397843,0.04510006306791691
16,(0.048677098637811105-0.013037140705458137j),6,2,CA1 Horizontal Basket,(-0.298387445348026-0.14233827266856505j),-0.045694390623681594,0.019278308469404436,0.04959466213123254
16,(0.048677098637811105-0.013037140705458137j),6,3,MEC LV VI Pyramidal Polymorphic,(0.27906496912898493-0.07233100328689994j),-0.022581049025222802,0.009335001350587267,0.024434525272551987
16,(0.048677098637811105-0.013037140705458137j),6,4,CA1 LMR,(-0.027589323031125927+0.27652041652696047j),-0.09035371020434559,0.03810659122812064,0.09806072222209024
16,(0.048677098637811105-0.013037140705458137j),6,5,SUB CA1 Projecting Pyramidal,(-0.19989945796304295-0.11567408114421839j),0.009987800097251476,-0.004192877334214551,0.01083219142751949
16,(0.048677098637811105-0.013037140705458137j),7,1,CA2 Bistratified,(0.3207976096113961-0.09361588561017134j),-0.04066102058342908,0.01699127184410749,0.044068377707449174
16,(0.048677098637811105-0.013037140705458137j),7,2,CA1 Horizontal Basket,(-0.298387445348026-0.14233827266856505j),-0.04394545858877492,0.018508098410695364,0.04768388655885461
16,(0.048677098637811105-0.013037140705458137j),7,3,MEC LV VI Pyramidal Polymorphic,(0.27906496912898493-0.07233100328689994j),-0.02280471281497239,0.009586197925267848,0.024737625537544536
16,(0.048677098637811105-0.013037140705458137j),7,4,CA1 LMR,(-0.027589323031125927+0.27652041652696047j),-0.086870246757088,0.03632409597195646,0.0941588005436415
16,(0.048677098637811105-0.013037140705458137j),7,5,SUB CA1 Projecting Pyramidal,(-0.19989945796304295-0.11567408114421839j),0.010553883272316777,-0.004447988809386887,0.011452906031838333
16,(0.048677098637811105-0.013037140705458137j),8,1,CA2 Bistratified,(0.3207976096113961-0.09361588561017134j),-0.03902096215095413,0.016407957080077015,0.042330326513362077
16,(0.048677098637811105-0.013037140705458137j),8,2,CA1 Horizontal Basket,(-0.298387445348026-0.14233827266856505j),-0.04200916301753466,0.017664470577718874,0.04557195736661854
16,(0.048677098637811105-0.013037140705458137j),8,3,MEC LV VI Pyramidal Polymorphic,(0.27906496912898493-0.07233100328689994j),-0.02204093516146003,0.009249742171844056,0.02390314943762172
16,(0.048677098637811105-0.013037140705458137j),8,4,CA1 LMR,(-0.027589323031125927+0.27652041652696047j),-0.0836950333691264,0.035150889783100735,0.09077688947745939
16,(0.048677098637811105-0.013037140705458137j),8,5,SUB CA1 Projecting Pyramidal,(-0.19989945796304295-0.11567408114421839j),0.010245741000068679,-0.004284301377056185,0.011105424212065645
16,(0.048677098637811105-0.013037140705458137j),9,1,CA2 Bistratified,(0.3207976096113961-0.09361588561017134j),-0.03719293162780844,0.015659277218175373,0.040355013642253926
16,(0.048677098637811105-0.013037140705458137j),9,2,CA1 Horizontal Basket,(-0.298387445348026-0.14233827266856505j),-0.03999379941500292,0.016833095819525714,0.043391901393195736
16,(0.048677098637811105-0.013037140705458137j),9,3,MEC LV VI Pyramidal Polymorphic,(0.27906496912898493-0.07233100328689994j),-0.02115194064399277,0.008889586213194096,0.02294404794383074
16,(0.048677098637811105-0.013037140705458137j),9,4,CA1 LMR,(-0.027589323031125927+0.27652041652696047j),-0.07960407328684256,0.03351677802277558,0.08637235027996526
16,(0.048677098637811105-0.013037140705458137j),9,5,SUB CA1 Projecting Pyramidal,(-0.19989945796304295-0.11567408114421839j),0.009891759067756627,-0.004151719056454022,0.010727705653040117
16,(0.048677098637811105-0.013037140705458137j),10,1,CA2 Bistratified,(0.3207976096113961-0.09361588561017134j),-0.03539094642716312,0.01490128084557918,0.03840009452916952
16,(0.048677098637811105-0.013037140705458137j),10,2,CA1 Horizontal Basket,(-0.298387445348026-0.14233827266856505j),-0.03802022880000384,0.016011142262489272,0.04125402373774359
16,(0.048677098637811105-0.013037140705458137j),10,3,MEC LV VI Pyramidal Polymorphic,(0.27906496912898493-0.07233100328689994j),-0.020145428603922846,0.00847956076196551,0.021857292704075177
16,(0.048677098637811105-0.013037140705458137j),10,4,CA1 LMR,(-0.027589323031125927+0.27652041652696047j),-0.07574950989265866,0.03190038774324907,0.08219259691205545
16,(0.048677098637811105-0.013037140705458137j),10,5,SUB CA1 Projecting Pyramidal,(-0.19989945796304295-0.11567408114421839j),0.00942258326564825,-0.003966028323194021,0.010223231194610225
17,(0.045909068872213805+1.896251118963013e-18j),0,1,MEC LV VI Pyramidal Polymorphic,(-0.6368831101461555+0.03974789980032903j),-0.6368831101461555,0.03974789980032903,0.6381222387035081
17,(0.045909068872213805+1.896251118963013e-18j),0,2,LEC LVI Multipolar Pyramidal,(0.25724510161276853-0.016054676847503925j),0.25724510161276853,-0.016054676847503925,0.2577456012281129
17,(0.045909068872213805+1.896251118963013e-18j),0,3,DG Granule,(0.2558396399773105-0.015966961931894768j),0.2558396399773105,-0.015966961931894768,0.2563374051071252
17,(0.045909068872213805+1.896251118963013e-18j),0,4,LEC LIII Multipolar Principal,(0.21924195787682454-0.013682899161380107j),0.21924195787682454,-0.013682899161380107,0.2196685180519134
17,(0.045909068872213805+1.896251118963013e-18j),0,5,MEC LIII Complex Pyramidal,(0.2063972742201853-0.012881261952263605j),0.2063972742201853,-0.012881261952263605,0.20679884360171166
17,(0.045909068872213805+1.896251118963013e-18j),1,1,MEC LV VI Pyramidal Polymorphic,(-0.6368831101461555+0.03974789980032903j),-0.007681797204444649,0.0004794212638147715,0.007696743014964927
17,(0.045909068872213805+1.896251118963013e-18j),1,2,LEC LVI Multipolar Pyramidal,(0.25724510161276853-0.016054676847503925j),0.014781382227373218,-0.0009225066426227863,0.014810141088368742
17,(0.045909068872213805+1.896251118963013e-18j),1,3,DG Granule,(0.2558396399773105-0.015966961931894768j),0.028529105831471023,-0.001780502610160543,0.02858461245299755
17,(0.045909068872213805+1.896251118963013e-18j),1,4,LEC LIII Multipolar Principal,(0.21924195787682454-0.013682899161380107j),-0.0248863036392038,0.0015531551829417835,0.02493472277457576
17,(0.045909068872213805+1.896251118963013e-18j),1,5,MEC LIII Complex Pyramidal,(0.2063972742201853-0.012881261952263605j),-0.038655759463904704,0.0024125074592169097,0.03873096864231561
17,(0.045909068872213805+1.896251118963013e-18j),2,1,MEC LV VI Pyramidal Polymorphic,(-0.6368831101461555+0.03974789980032903j),0.007648018021633692,-0.0004773131036955613,0.007662898110910338
17,(0.045909068872213805+1.896251118963013e-18j),2,2,LEC LVI Multipolar Pyramidal,(0.25724510161276853-0.016054676847503925j),0.020439156312282332,-0.0012756085444273954,0.02047892301651937
17,(0.045909068872213805+1.896251118963013e-18j),2,3,DG Granule,(0.2558396399773105-0.015966961931894768j),-0.031293497268565826,0.0019530283878108643,0.03135438232817435
17,(0.045909068872213805+1.896251118963013e-18j),2,4,LEC LIII Multipolar Principal,(0.21924195787682454-0.013682899161380107j),-0.0317464834188101,0.00198129927115516,0.03180824981451611
17,(0.045909068872213805+1.896251118963013e-18j),2,5,MEC LIII Complex Pyramidal,(0.2063972742201853-0.012881261952263605j),-0.0609050727215716,0.003801087969365647,0.06102357047052214
17,(0.045909068872213805+1.896251118963013e-18j),3,1,MEC LV VI Pyramidal Polymorphic,(-0.6368831101461555+0.03974789980032903j),0.010758968336571938,-0.0006714676344593565,0.01077990113365999
17,(0.045909068872213805+1.896251118963013e-18j),3,2,LEC LVI Multipolar Pyramidal,(0.25724510161276853-0.016054676847503925j),0.019639884490799127,-0.0012257259588045364,0.0196780961207638
17,(0.045909068872213805+1.896251118963013e-18j),3,3,DG Granule,(0.2558396399773105-0.015966961931894768j),-0.019932303073077962,0.0012439758139554254,0.019971083636666772
17,(0.045909068872213805+1.896251118963013e-18j),3,4,LEC LIII Multipolar Principal,(0.21924195787682454-0.013682899161380107j),-0.030580398282863328,0.0019085238522379283,0.030639895927256532
17,(0.045909068872213805+1.896251118963013e-18j),3,5,MEC LIII Complex Pyramidal,(0.2063972742201853-0.012881261952263605j),-0.06015634207369177,0.003754359660363274,0.060273383081973934
17,(0.045909068872213805+1.896251118963013e-18j),4,1,MEC LV VI Pyramidal Polymorphic,(-0.6368831101461555+0.03974789980032903j),-0.016134148059312254,0.0010069328110743252,0.016165538880155754
17,(0.045909068872213805+1.896251118963013e-18j),4,2,LEC LVI Multipolar Pyramidal,(0.25724510161276853-0.016054676847503925j),-0.001703443499278629,0.00010631197537851678,0.0017067577424296348
17,(0.045909068872213805+1.896251118963013e-18j),4,3,DG Granule,(0.2558396399773105-0.015966961931894768j),-0.018436190478203534,0.0011506033684254347,0.018472060184506613
17,(0.045909068872213805+1.896251118963013e-18j),4,4,LEC LIII Multipolar Principal,(0.21924195787682454-0.013682899161380107j),-0.034506279621410334,0.0021535382600414853,0.03457341551464681
17,(0.045909068872213805+1.896251118963013e-18j),4,5,MEC LIII Complex Pyramidal,(0.2063972742201853-0.012881261952263605j),-0.05648213514059598,0.0035250522620420203,0.056592027561226985
17,(0.045909068872213805+1.896251118963013e-18j),5,1,MEC LV VI Pyramidal Polymorphic,(-0.6368831101461555+0.03974789980032903j),-0.036594866024454595,0.002283887019099422,0.03666606550018412
17,(0.045909068872213805+1.896251118963013e-18j),5,2,LEC LVI Multipolar Pyramidal,(0.25724510161276853-0.016054676847503925j),-0.017347003961513306,0.0010826271953418556,0.0173807545315171
17,(0.045909068872213805+1.896251118963013e-18j),5,3,DG Granule,(0.2558396399773105-0.015966961931894768j),-0.01989690518058758,0.0012417666301013206,0.01993561687354886
17,(0.045909068872213805+1.896251118963013e-18j),5,4,LEC LIII Multipolar Principal,(0.21924195787682454-0.013682899161380107j),-0.038138438366993155,0.002380221429336355,0.03821264103834761
17,(0.045909068872213805+1.896251118963013e-18j),5,5,MEC LIII Complex Pyramidal,(0.2063972742201853-0.012881261952263605j),-0.054787495846217824,0.0034192897574354918,0.05489409115328023
17,(0.045909068872213805+1.896251118963013e-18j),6,1,MEC LV VI Pyramidal Polymorphic,(-0.6368831101461555+0.03974789980032903j),-0.039133860123941294,0.002442345740099069,0.03920999950158611
17,(0.045909068872213805+1.896251118963013e-18j),6,2,LEC LVI Multipolar Pyramidal,(0.25724510161276853-0.016054676847503925j),-0.019139740157820502,0.00119451193143244,0.019176978700077372
17,(0.045909068872213805+1.896251118963013e-18j),6,3,DG Granule,(0.2558396399773105-0.015966961931894768j),-0.02064717856956799,0.001288591221636185,0.020687350004775996
17,(0.045909068872213805+1.896251118963013e-18j),6,4,LEC LIII Multipolar Principal,(0.21924195787682454-0.013682899161380107j),-0.03778238895951337,0.0023580003718973817,0.03785589889623315
17,(0.045909068872213805+1.896251118963013e-18j),6,5,MEC LIII Complex Pyramidal,(0.2063972742201853-0.012881261952263605j),-0.05304166631469343,0.0033103324681276257,0.05314486491175628
17,(0.045909068872213805+1.896251118963013e-18j),7,1,MEC LV VI Pyramidal Polymorphic,(-0.6368831101461555+0.03974789980032903j),-0.03880494305435531,0.0024218180129286647,0.03888044248641603
17,(0.045909068872213805+1.896251118963013e-18j),7,2,LEC LVI Multipolar Pyramidal,(0.25724510161276853-0.016054676847503925j),-0.01930833428895214,0.001205033897746803,0.019345900850274298
17,(0.045909068872213805+1.896251118963013e-18j),7,3,DG Granule,(0.2558396399773105-0.015966961931894768j),-0.019736120919262357,0.0012317320780668745,0.01977451978814869
17,(0.045909068872213805+1.896251118963013e-18j),7,4,LEC LIII Multipolar Principal,(0.21924195787682454-0.013682899161380107j),-0.036375828992665164,0.002270216909383192,0.036446602306926625
17,(0.045909068872213805+1.896251118963013e-18j),7,5,MEC LIII Complex Pyramidal,(0.2063972742201853-0.012881261952263605j),-0.050595994483588376,0.0031576979935457193,0.050694434747827574
17,(0.045909068872213805+1.896251118963013e-18j),8,1,MEC LV VI Pyramidal Polymorphic,(-0.6368831101461555+0.03974789980032903j),-0.037442628865614884,0.0023367959311557706,0.03751547776041301
17,(0.045909068872213805+1.896251118963013e-18j),8,2,LEC LVI Multipolar Pyramidal,(0.25724510161276853-0.016054676847503925j),-0.01873855921374491,0.0011694742130303004,0.01877501721282745
17,(0.045909068872213805+1.896251118963013e-18j),8,3,DG Granule,(0.2558396399773105-0.015966961931894768j),-0.018803687861753356,0.001173538894498423,0.01884027257603114
17,(0.045909068872213805+1.896251118963013e-18j),8,4,LEC LIII Multipolar Principal,(0.21924195787682454-0.013682899161380107j),-0.034729545465401225,0.00216747229009253,0.034797115747741074
17,(0.045909068872213805+1.896251118963013e-18j),8,5,MEC LIII Complex Pyramidal,(0.2063972742201853-0.012881261952263605j),-0.04814212576816576,0.00300455195109313,0.048235791751610205
17,(0.045909068872213805+1.896251118963013e-18j),9,1,MEC LV VI Pyramidal Polymorphic,(-0.6368831101461555+0.03974789980032903j),-0.03591905392898647,0.002241709559803417,0.03598893853538824
17,(0.045909068872213805+1.896251118963013e-18j),9,2,LEC LVI Multipolar Pyramidal,(0.25724510161276853-0.016054676847503925j),-0.018053920829116034,0.0011267459046827256,0.01808904678632097
17,(0.045909068872213805+1.896251118963013e-18j),9,3,DG Granule,(0.2558396399773105-0.015966961931894768j),-0.01789676180754844,0.0011169376040032594,0.017931581993994868
17,(0.045909068872213805+1.896251118963013e-18j),9,4,LEC LIII Multipolar Principal,(0.21924195787682454-0.013682899161380107j),-0.03308545709444833,0.00206486467059305,0.033149828615792944
17,(0.045909068872213805+1.896251118963013e-18j),9,5,MEC LIII Complex Pyramidal,(0.2063972742201853-0.012881261952263605j),-0.045760687321932114,0.002855926284571961,0.04584971994591186
17,(0.045909068872213805+1.896251118963013e-18j),10,1,MEC LV VI Pyramidal Polymorphic,(-0.6368831101461555+0.03974789980032903j),-0.03422086129685526,0.002135725291248835,0.03428744187626552
17,(0.045909068872213805+1.896251118963013e-18j),10,2,LEC LVI Multipolar Pyramidal,(0.25724510161276853-0.016054676847503925j),-0.017215469733815433,0.0010744181390495047,0.017248964389012862
17,(0.045909068872213805+1.896251118963013e-18j),10,3,DG Granule,(0.2558396399773105-0.015966961931894768j),-0.017026532881628448,0.001062626582718871,0.017059659938682116
17,(0.045909068872213805+1.896251118963013e-18j),10,4,LEC LIII Multipolar Principal,(0.21924195787682454-0.013682899161380107j),-0.03146242785351109,0.00196357135222106,0.03152364158679409
17,(0.045909068872213805+1.896251118963013e-18j),10,5,MEC LIII Complex Pyramidal,(0.2063972742201853-0.012881261952263605j),-0.04348905817954417,0.0027141538209963113,0.04357367109055429
18,(-0.045219104873240906-3.257808841923297e-18j),0,1,DG Total Molecular Layer,(-0.3487965451258691+0.0015874442468434312j),-0.3487965451258691,0.0015874442468434312,0.3488001574985012
18,(-0.045219104873240906-3.257808841923297e-18j),0,2,CA3 Lucidum ORAX,(0.32728233278482327-0.0014895286766251656j),0.32728233278482327,-0.0014895286766251656,0.3272857223417396
18,(-0.045219104873240906-3.257808841923297e-18j),0,3,CA2 Basket,(0.3052245737196257-0.0013891393143576237j),0.3052245737196257,-0.0013891393143576237,0.3052277348314892
18,(-0.045219104873240906-3.257808841923297e-18j),0,4,DG MOLAX,(-0.28061598524683606+0.0012771406069737273j),-0.28061598524683606,0.0012771406069737273,0.2806188914955343
18,(-0.045219104873240906-3.257808841923297e-18j),0,5,MEC LII Stellate,(-0.2643452816038424+0.001203089314748787j),-0.2643452816038424,0.001203089314748787,0.26434801934214297
18,(-0.045219104873240906-3.257808841923297e-18j),1,1,DG Total Molecular Layer,(-0.3487965451258691+0.0015874442468434312j),-0.15750227074649487,0.0007168249716208445,0.15750390194640293
18,(-0.045219104873240906-3.257808841923297e-18j),1,2,CA3 Lucidum ORAX,(0.32728233278482327-0.0014895286766251656j),-0.05151748205980558,0.00023446657270693715,0.051518015609649664
18,(-0.045219104873240906-3.257808841923297e-18j),1,3,CA2 Basket,(0.3052245737196257-0.0013891393143576237j),-0.3004950959866864,0.0013676144961716997,0.30049820811688377
18,(-0.045219104873240906-3.257808841923297e-18j),1,4,DG MOLAX,(-0.28061598524683606+0.0012771406069737273j),-0.16098276821278967,0.0007326654257660261,0.1609844354590806
18,(-0.045219104873240906-3.257808841923297e-18j),1,5,MEC LII Stellate,(-0.2643452816038424+0.001203089314748787j),0.12263926099660953,-0.0005581563006478194,0.12264053113163878
18,(-0.045219104873240906-3.257808841923297e-18j),2,1,DG Total Molecular Layer,(-0.3487965451258691+0.0015874442468434312j),-0.0060552248405358,2.7558563784352234e-05,0.006055287552534534
18,(-0.045219104873240906-3.257808841923297e-18j),2,2,CA3 Lucidum ORAX,(0.32728233278482327-0.0014895286766251656j),-0.05914475976513335,0.0002691798698471287,0.05914537230821754
18,(-0.045219104873240906-3.257808841923297e-18j),2,3,CA2 Basket,(0.3052245737196257-0.0013891393143576237j),-0.06298610880513308,0.0002866626331342011,0.06298676113182276
18,(-0.045219104873240906-3.257808841923297e-18j),2,4,DG MOLAX,(-0.28061598524683606+0.0012771406069737273j),0.002723363597370524,-1.2394583418000327e-05,0.0027233918023635575
18,(-0.045219104873240906-3.257808841923297e-18j),2,5,MEC LII Stellate,(-0.2643452816038424+0.001203089314748787j),0.09194099312311137,-0.00041844221974643957,0.09194194532614196
18,(-0.045219104873240906-3.257808841923297e-18j),3,1,DG Total Molecular Layer,(-0.3487965451258691+0.0015874442468434312j),0.04086592671914854,-0.00018598917096094162,0.04086634995429043
18,(-0.045219104873240906-3.257808841923297e-18j),3,2,CA3 Lucidum ORAX,(0.32728233278482327-0.0014895286766251656j),0.025255318399359298,-0.00011494210724117,0.025255579960496516
18,(-0.045219104873240906-3.257808841923297e-18j),3,3,CA2 Basket,(0.3052245737196257-0.0013891393143576237j),0.06562666190976578,-0.0002986803291023289,0.06562734158380709
18,(-0.045219104873240906-3.257808841923297e-18j),3,4,DG MOLAX,(-0.28061598524683606+0.0012771406069737273j),0.046526539336247896,-0.00021175177399755486,0.04652702119651777
18,(-0.045219104873240906-3.257808841923297e-18j),3,5,MEC LII Stellate,(-0.2643452816038424+0.001203089314748787j),0.09199559785596215,-0.0004186907370273997,0.09199655062451623
18,(-0.045219104873240906-3.257808841923297e-18j),4,1,DG Total Molecular Layer,(-0.3487965451258691+0.0015874442468434312j),0.0421445995895486,-0.00019180867210087535,0.04214503606749048
18,(-0.045219104873240906-3.257808841923297e-18j),4,2,CA3 Lucidum ORAX,(0.32728233278482327-0.0014895286766251656j),0.0278842215631447,-0.00012690678195261782,0.0278845103509789
18,(-0.045219104873240906-3.257808841923297e-18j),4,3,CA2 Basket,(0.3052245737196257-0.0013891393143576237j),0.1314810937005847,-0.0005983972854098085,0.13148245540760606
18,(-0.045219104873240906-3.257808841923297e-18j),4,4,DG MOLAX,(-0.28061598524683606+0.0012771406069737273j),0.04537541283312077,-0.00020651276240170555,0.045375882771547006
18,(-0.045219104873240906-3.257808841923297e-18j),4,5,MEC LII Stellate,(-0.2643452816038424+0.001203089314748787j),0.08644561398991543,-0.0003934316280099901,0.0864465092790876
18,(-0.045219104873240906-3.257808841923297e-18j),5,1,DG Total Molecular Layer,(-0.3487965451258691+0.0015874442468434312j),0.04124638186744437,-0.00018772069997130645,0.04124680904283678
18,(-0.045219104873240906-3.257808841923297e-18j),5,2,CA3 Lucidum ORAX,(0.32728233278482327-0.0014895286766251656j),0.030213380420755998,-0.0001375072591654061,0.030213693330932663
18,(-0.045219104873240906-3.257808841923297e-18j),5,3,CA2 Basket,(0.3052245737196257-0.0013891393143576237j),0.13499822327560787,-0.0006144044597563909,0.1349996214083989
18,(-0.045219104873240906-3.257808841923297e-18j),5,4,DG MOLAX,(-0.28061598524683606+0.0012771406069737273j),0.04381841962232358,-0.0001994265686036164,0.04381887343547638
18,(-0.045219104873240906-3.257808841923297e-18j),5,5,MEC LII Stellate,(-0.2643452816038424+0.001203089314748787j),0.08181304090353675,-0.0003723478426433678,0.08181388821465276
18,(-0.045219104873240906-3.257808841923297e-18j),6,1,DG Total Molecular Layer,(-0.3487965451258691+0.0015874442468434312j),0.04087001258863412,-0.00018600776658732798,0.04087043586609203
18,(-0.045219104873240906-3.257808841923297e-18j),6,2,CA3 Lucidum ORAX,(0.32728233278482327-0.0014895286766251656j),0.029261724458649135,-0.00013317607870179645,0.029262027512833817
18,(-0.045219104873240906-3.257808841923297e-18j),6,3,CA2 Basket,(0.3052245737196257-0.0013891393143576237j),0.13409483841618958,-0.0006102929709305109,0.13409622719291678
18,(-0.045219104873240906-3.257808841923297e-18j),6,4,DG MOLAX,(-0.28061598524683606+0.0012771406069737273j),0.04393404216999895,-0.00019995279041013793,0.04393449718061695
18,(-0.045219104873240906-3.257808841923297e-18j),6,5,MEC LII Stellate,(-0.2643452816038424+0.001203089314748787j),0.07755805575381344,-0.00035298253702116116,0.07755885899742901
18,(-0.045219104873240906-3.257808841923297e-18j),7,1,DG Total Molecular Layer,(-0.3487965451258691+0.0015874442468434312j),0.04260332827355808,-0.00019389643994274214,0.042603769502404076
18,(-0.045219104873240906-3.257808841923297e-18j),7,2,CA3 Lucidum ORAX,(0.32728233278482327-0.0014895286766251656j),0.028701901200622958,-0.00013062820882572617,0.02870219845689982
18,(-0.045219104873240906-3.257808841923297e-18j),7,3,CA2 Basket,(0.3052245737196257-0.0013891393143576237j),0.13184223234405612,-0.000600040901064611,0.13184359779127322
18,(-0.045219104873240906-3.257808841923297e-18j),7,4,DG MOLAX,(-0.28061598524683606+0.0012771406069737273j),0.045699573368251034,-0.00020798808314010606,0.04570004666390273
18,(-0.045219104873240906-3.257808841923297e-18j),7,5,MEC LII Stellate,(-0.2643452816038424+0.001203089314748787j),0.07363431010372631,-0.0003351247699493582,0.07363507271038146
18,(-0.045219104873240906-3.257808841923297e-18j),8,1,DG Total Molecular Layer,(-0.3487965451258691+0.0015874442468434312j),0.04100974473637102,-0.00018664371610324428,0.04101016946098944
18,(-0.045219104873240906-3.257808841923297e-18j),8,2,CA3 Lucidum ORAX,(0.32728233278482327-0.0014895286766251656j),0.027479914388562024,-0.0001250666975044943,0.027480198989118014
18,(-0.045219104873240906-3.257808841923297e-18j),8,3,CA2 Basket,(0.3052245737196257-0.0013891393143576237j),0.1265887308933507,-0.0005761311440150009,0.12659004193175807
18,(-0.045219104873240906-3.257808841923297e-18j),8,4,DG MOLAX,(-0.28061598524683606+0.0012771406069737273j),0.04389435412721696,-0.00019977216202932512,0.04389480872679878
18,(-0.045219104873240906-3.257808841923297e-18j),8,5,MEC LII Stellate,(-0.2643452816038424+0.001203089314748787j),0.06993649469929623,-0.00031829525752533815,0.06993721900887719
18,(-0.045219104873240906-3.257808841923297e-18j),9,1,DG Total Molecular Layer,(-0.3487965451258691+0.0015874442468434312j),0.03915363783676411,-0.00017819619487495004,0.039154043338285684
18,(-0.045219104873240906-3.257808841923297e-18j),9,2,CA3 Lucidum ORAX,(0.32728233278482327-0.0014895286766251656j),0.026185308943294714,-0.00011917468396611527,0.026185580136042212
18,(-0.045219104873240906-3.257808841923297e-18j),9,3,CA2 Basket,(0.3052245737196257-0.0013891393143576237j),0.12063368890904173,-0.000549028532851552,0.1206349382730117
18,(-0.045219104873240906-3.257808841923297e-18j),9,4,DG MOLAX,(-0.28061598524683606+0.0012771406069737273j),0.04188546634661795,-0.000190629303837555,0.041885900140800916
18,(-0.045219104873240906-3.257808841923297e-18j),9,5,MEC LII Stellate,(-0.2643452816038424+0.001203089314748787j),0.06643209963106073,-0.0003023460405176718,0.06643278764675914
18,(-0.045219104873240906-3.257808841923297e-18j),10,1,DG Total Molecular Layer,(-0.3487965451258691+0.0015874442468434312j),0.03724518364705651,-0.00016951043044823407,0.03724556938333734
18,(-0.045219104873240906-3.257808841923297e-18j),10,2,CA3 Lucidum ORAX,(0.32728233278482327-0.0014895286766251656j),0.024894497195246543,-0.0001132999363178625,0.024894755019475637
18,(-0.045219104873240906-3.257808841923297e-18j),10,3,CA2 Basket,(0.3052245737196257-0.0013891393143576237j),0.11472845309128946,-0.0005221525997147678,0.11472964129664831
18,(-0.045219104873240906-3.257808841923297e-18j),10,4,DG MOLAX,(-0.28061598524683606+0.0012771406069737273j),0.03984419598790982,-0.00018133906592532423,0.03984460864131808
18,(-0.045219104873240906-3.257808841923297e-18j),10,5,MEC LII Stellate,(-0.2643452816038424+0.001203089314748787j),0.06310771689176474,-0.00028721609634951416,0.0631083704779099
19,(-0.011791845007181105+0.01660018083720383j),0,1,CA2 Bistratified,(0.008385492846741364-0.3919253936537278j),0.008385492846741364,-0.3919253936537278,0.392015089863786
19,(-0.011791845007181105+0.01660018083720383j),0,2,CA3 Lucidum ORAX,(-0.32495361593284483+0.1324055472843524j),-0.32495361593284483,0.1324055472843524,0.35089326220305184
19,(-0.011791845007181105+0.01660018083720383j),0,3,CA3 O LM,(-0.3019666426358161+0.1371628768411169j),-0.3019666426358161,0.1371628768411169,0.3316587222553902
19,(-0.011791845007181105+0.01660018083720383j),0,4,CA1 R Receiving Apical Targeting,(0.07500073977989775-0.21989263983081273j),0.07500073977989775,-0.21989263983081273,0.232331409885309
19,(-0.011791845007181105+0.01660018083720383j),0,5,CA2 Basket,(0.12300520717485144-0.18194740627007364j),0.12300520717485144,-0.18194740627007364,0.21962499775876004
19,(-0.011791845007181105+0.01660018083720383j),1,1,CA2 Bistratified,(0.008385492846741364-0.3919253936537278j),0.06769695060033758,0.052679567174583775,0.08577886638494374
19,(-0.011791845007181105+0.01660018083720383j),1,2,CA3 Lucidum ORAX,(-0.32495361593284483+0.1324055472843524j),-0.013672155771695392,0.010169962110123287,0.017039834880856294
19,(-0.011791845007181105+0.01660018083720383j),1,3,CA3 O LM,(-0.3019666426358161+0.1371628768411169j),-0.005760253990569005,0.027022295630564252,0.02762942249091497
19,(-0.011791845007181105+0.01660018083720383j),1,4,CA1 R Receiving Apical Targeting,(0.07500073977989775-0.21989263983081273j),0.5339992848491564,0.526540497775439,0.7499334183892711
19,(-0.011791845007181105+0.01660018083720383j),1,5,CA2 Basket,(0.12300520717485144-0.18194740627007364j),0.0295075235780536,-0.0720783369344845,0.07788440538997818
19,(-0.011791845007181105+0.01660018083720383j),2,1,CA2 Bistratified,(0.008385492846741364-0.3919253936537278j),-0.041608621975761394,0.024723232026969556,0.04839954157408092
19,(-0.011791845007181105+0.01660018083720383j),2,2,CA3 Lucidum ORAX,(-0.32495361593284483+0.1324055472843524j),-0.014353007526934051,-0.0017360990556634166,0.014457623075709953
19,(-0.011791845007181105+0.01660018083720383j),2,3,CA3 O LM,(-0.3019666426358161+0.1371628768411169j),-0.0073531757147912,-0.0012157793157354297,0.007453006939294045
19,(-0.011791845007181105+0.01660018083720383j),2,4,CA1 R Receiving Apical Targeting,(0.07500073977989775-0.21989263983081273j),-0.12817555656357396,0.12206066946983153,0.17699655457608607
19,(-0.011791845007181105+0.01660018083720383j),2,5,CA2 Basket,(0.12300520717485144-0.18194740627007364j),-0.017559523177139855,0.013873409042454935,0.02237874734357985
19,(-0.011791845007181105+0.01660018083720383j),3,1,CA2 Bistratified,(0.008385492846741364-0.3919253936537278j),0.006616689174456811,5.539589923970556e-07,0.006616689197645943
19,(-0.011791845007181105+0.01660018083720383j),3,2,CA3 Lucidum ORAX,(-0.32495361593284483+0.1324055472843524j),0.008719852046677957,-0.0016085220465903375,0.008866970333226615
19,(-0.011791845007181105+0.01660018083720383j),3,3,CA3 O LM,(-0.3019666426358161+0.1371628768411169j),0.003513863818499438,-0.001457024638849802,0.003803966315988464
19,(-0.011791845007181105+0.01660018083720383j),3,4,CA1 R Receiving Apical Targeting,(0.07500073977989775-0.21989263983081273j),-0.034091675148417294,0.004940592610313331,0.03444781226386221
19,(-0.011791845007181105+0.01660018083720383j),3,5,CA2 Basket,(0.12300520717485144-0.18194740627007364j),0.02787376501878796,-0.0030249860630331827,0.028037427075324733
19,(-0.011791845007181105+0.01660018083720383j),4,1,CA2 Bistratified,(0.008385492846741364-0.3919253936537278j),0.025968443627186713,-0.004210275377740453,0.026307536623081638
19,(-0.011791845007181105+0.01660018083720383j),4,2,CA3 Lucidum ORAX,(-0.32495361593284483+0.1324055472843524j),0.011486130606142788,-0.002278890677299301,0.011710018745520936
19,(-0.011791845007181105+0.01660018083720383j),4,3,CA3 O LM,(-0.3019666426358161+0.1371628768411169j),0.0037224911555163763,-0.0012370696189139849,0.003922662570874232
19,(-0.011791845007181105+0.01660018083720383j),4,4,CA1 R Receiving Apical Targeting,(0.07500073977989775-0.21989263983081273j),0.05932591422875,-0.013881056999288929,0.0609282187700782
19,(-0.011791845007181105+0.01660018083720383j),4,5,CA2 Basket,(0.12300520717485144-0.18194740627007364j),0.05393233788359584,-0.009272351706110456,0.05472361077041751
19,(-0.011791845007181105+0.01660018083720383j),5,1,CA2 Bistratified,(0.008385492846741364-0.3919253936537278j),0.02647260562368772,-0.00708761074149519,0.027404982658820652
19,(-0.011791845007181105+0.01660018083720383j),5,2,CA3 Lucidum ORAX,(-0.32495361593284483+0.1324055472843524j),0.011272763005302734,-0.003132835935905174,0.011699993451922132
19,(-0.011791845007181105+0.01660018083720383j),5,3,CA3 O LM,(-0.3019666426358161+0.1371628768411169j),0.004310771521896727,-0.0012280124882907092,0.004482272390807341
19,(-0.011791845007181105+0.01660018083720383j),5,4,CA1 R Receiving Apical Targeting,(0.07500073977989775-0.21989263983081273j),0.08418844791539169,-0.020377093669934607,0.08661940145738661
19,(-0.011791845007181105+0.01660018083720383j),5,5,CA2 Basket,(0.12300520717485144-0.18194740627007364j),0.05094891817735769,-0.014012465242958815,0.05284071768653618
19,(-0.011791845007181105+0.01660018083720383j),6,1,CA2 Bistratified,(0.008385492846741364-0.3919253936537278j),0.026191293599547874,-0.007951205612645033,0.027371619080943592
19,(-0.011791845007181105+0.01660018083720383j),6,2,CA3 Lucidum ORAX,(-0.32495361593284483+0.1324055472843524j),0.010832142191115392,-0.0033362405657459543,0.011334275696358856
19,(-0.011791845007181105+0.01660018083720383j),6,3,CA3 O LM,(-0.3019666426358161+0.1371628768411169j),0.004084243505495,-0.00122804279496315,0.004264872110443523
19,(-0.011791845007181105+0.01660018083720383j),6,4,CA1 R Receiving Apical Targeting,(0.07500073977989775-0.21989263983081273j),0.08373285691240727,-0.024117162513858894,0.08713683982354163
19,(-0.011791845007181105+0.01660018083720383j),6,5,CA2 Basket,(0.12300520717485144-0.18194740627007364j),0.04957541365664201,-0.01526162110590062,0.051871367034301674
19,(-0.011791845007181105+0.01660018083720383j),7,1,CA2 Bistratified,(0.008385492846741364-0.3919253936537278j),0.025657602838612258,-0.007857098684837685,0.026833683742029192
19,(-0.011791845007181105+0.01660018083720383j),7,2,CA3 Lucidum ORAX,(-0.32495361593284483+0.1324055472843524j),0.010540602965570977,-0.003240350376984273,0.011027428596160838
19,(-0.011791845007181105+0.01660018083720383j),7,3,CA3 O LM,(-0.3019666426358161+0.1371628768411169j),0.0038764445514284196,-0.0011973746996059127,0.004057157691236
19,(-0.011791845007181105+0.01660018083720383j),7,4,CA1 R Receiving Apical Targeting,(0.07500073977989775-0.21989263983081273j),0.08091807176669744,-0.024803813035060424,0.08463429257410161
19,(-0.011791845007181105+0.01660018083720383j),7,5,CA2 Basket,(0.12300520717485144-0.18194740627007364j),0.048479833994113625,-0.014877153732882965,0.05071118227066539
19,(-0.011791845007181105+0.01660018083720383j),8,1,CA2 Bistratified,(0.008385492846741364-0.3919253936537278j),0.02467679705105039,-0.0075646374784712435,0.025810231554161248
19,(-0.011791845007181105+0.01660018083720383j),8,2,CA3 Lucidum ORAX,(-0.32495361593284483+0.1324055472843524j),0.01009950249271268,-0.0031014871713822252,0.01056499755203749
19,(-0.011791845007181105+0.01660018083720383j),8,3,CA3 O LM,(-0.3019666426358161+0.1371628768411169j),0.0036994516396315924,-0.0011420949656557014,0.0038717338938192764
19,(-0.011791845007181105+0.01660018083720383j),8,4,CA1 R Receiving Apical Targeting,(0.07500073977989775-0.21989263983081273j),0.07813932806093336,-0.024015626523978366,0.08174658957506045
19,(-0.011791845007181105+0.01660018083720383j),8,5,CA2 Basket,(0.12300520717485144-0.18194740627007364j),0.04652905336288043,-0.014269260834637941,0.04866790124520172
19,(-0.011791845007181105+0.01660018083720383j),9,1,CA2 Bistratified,(0.008385492846741364-0.3919253936537278j),0.023512767700361772,-0.0072369498443775,0.024601294437106586
19,(-0.011791845007181105+0.01660018083720383j),9,2,CA3 Lucidum ORAX,(-0.32495361593284483+0.1324055472843524j),0.009612118108018238,-0.0029603237134172206,0.01005765037226451
19,(-0.011791845007181105+0.01660018083720383j),9,3,CA3 O LM,(-0.3019666426358161+0.1371628768411169j),0.0035223708613853,-0.0010858216600856908,0.003685933418097439
19,(-0.011791845007181105+0.01660018083720383j),9,4,CA1 R Receiving Apical Targeting,(0.07500073977989775-0.21989263983081273j),0.07467815086411693,-0.022969031015223396,0.07813067644825625
19,(-0.011791845007181105+0.01660018083720383j),9,5,CA2 Basket,(0.12300520717485144-0.18194740627007364j),0.044289898285853634,-0.013636747813895619,0.04634173045011426
19,(-0.011791845007181105+0.01660018083720383j),10,1,CA2 Bistratified,(0.008385492846741364-0.3919253936537278j),0.02236058770272666,-0.006895573117778213,0.02339967544719277
19,(-0.011791845007181105+0.01660018083720383j),10,2,CA3 Lucidum ORAX,(-0.32495361593284483+0.1324055472843524j),0.009136193971923988,-0.0028182416994767976,0.009560989832087998
19,(-0.011791845007181105+0.01660018083720383j),10,3,CA3 O LM,(-0.3019666426358161+0.1371628768411169j),0.003347315191273065,-0.0010324001488289099,0.00350290865667796
19,(-0.011791845007181105+0.01660018083720383j),10,4,CA1 R Receiving Apical Targeting,(0.07500073977989775-0.21989263983081273j),0.07105700544916502,-0.0218970340171493,0.07435440889517486
19,(-0.011791845007181105+0.01660018083720383j),10,5,CA2 Basket,(0.12300520717485144-0.18194740627007364j),0.04210517433729465,-0.012987485663471621,0.04406268818209866
20,(-0.011791845007181114-0.016600180837203844j),0,1,CA2 Bistratified,(0.2553967480263683+0.33466233328902983j),0.2553967480263683,0.33466233328902983,0.42098263173782113
20,(-0.011791845007181114-0.016600180837203844j),0,2,CA3 Mossy Fiber Associated ORDEN,(-0.05630999050689769-0.32952918907242945j),-0.05630999050689769,-0.32952918907242945,0.3343057006418225
20,(-0.011791845007181114-0.016600180837203844j),0,3,CA3 Lucidum ORAX,(-0.15512626644781866+0.29104665726810064j),-0.15512626644781866,0.29104665726810064,0.329806481514501
20,(-0.011791845007181114-0.016600180837203844j),0,4,CA3 O LM,(-0.1532917588503033+0.2580191007957615j),-0.1532917588503033,0.2580191007957615,0.30012034204111004
20,(-0.011791845007181114-0.016600180837203844j),0,5,CA3 LMR Targeting,(-0.017919794446846365+0.21054948415638122j),-0.017919794446846365,0.21054948415638122,0.21131068196268604
20,(-0.011791845007181114-0.016600180837203844j),1,1,CA2 Bistratified,(0.2553967480263683+0.33466233328902983j),-0.019619146696956042,-0.13132386303597893,0.13278127849892557
20,(-0.011791845007181114-0.016600180837203844j),1,2,CA3 Mossy Fiber Associated ORDEN,(-0.05630999050689769-0.32952918907242945j),-0.01802403041813933,0.007831840848586825,0.01965205850773921
20,(-0.011791845007181114-0.016600180837203844j),1,3,CA3 Lucidum ORAX,(-0.15512626644781866+0.29104665726810064j),-0.009502771092592526,0.008194956897478279,0.012548305741801918
20,(-0.011791845007181114-0.016600180837203844j),1,4,CA3 O LM,(-0.1532917588503033+0.2580191007957615j),-0.018716514010032784,-0.016573107278213216,0.02499951562616599
20,(-0.011791845007181114-0.016600180837203844j),1,5,CA3 LMR Targeting,(-0.017919794446846365+0.21054948415638122j),0.007768768942267677,0.05296190269054619,0.05352865501281745
20,(-0.011791845007181114-0.016600180837203844j),2,1,CA2 Bistratified,(0.2553967480263683+0.33466233328902983j),-0.02489047927428791,0.030424244832245078,0.03930865848787195
20,(-0.011791845007181114-0.016600180837203844j),2,2,CA3 Mossy Fiber Associated ORDEN,(-0.05630999050689769-0.32952918907242945j),-0.0016623205641886686,0.007491292028397919,0.007673510664152539
20,(-0.011791845007181114-0.016600180837203844j),2,3,CA3 Lucidum ORAX,(-0.15512626644781866+0.29104665726810064j),-0.0019441871191227544,0.01953517424258605,0.019631680932675134
20,(-0.011791845007181114-0.016600180837203844j),2,4,CA3 O LM,(-0.1532917588503033+0.2580191007957615j),-0.0007848456937776337,0.010295483104416655,0.010325354963214104
20,(-0.011791845007181114-0.016600180837203844j),2,5,CA3 LMR Targeting,(-0.017919794446846365+0.21054948415638122j),0.007750013986788255,-0.014009124584718665,0.0160099434235597
20,(-0.011791845007181114-0.016600180837203844j),3,1,CA2 Bistratified,(0.2553967480263683+0.33466233328902983j),0.0014137816598353604,-0.00830125560307442,0.00842078518721748
20,(-0.011791845007181114-0.016600180837203844j),3,2,CA3 Mossy Fiber Associated ORDEN,(-0.05630999050689769-0.32952918907242945j),0.0014052739524776253,-0.005628470472016605,0.0058012476878577515
20,(-0.011791845007181114-0.016600180837203844j),3,3,CA3 Lucidum ORAX,(-0.15512626644781866+0.29104665726810064j),0.002904466995578267,-0.009522546833402765,0.009955642958782344
20,(-0.011791845007181114-0.016600180837203844j),3,4,CA3 O LM,(-0.1532917588503033+0.2580191007957615j),0.0016937964590609121,-0.003124960367294719,0.003554479391119047
20,(-0.011791845007181114-0.016600180837203844j),3,5,CA3 LMR Targeting,(-0.017919794446846365+0.21054948415638122j),0.005502071743498972,-0.012751316669600386,0.013887723725616035
20,(-0.011791845007181114-0.016600180837203844j),4,1,CA2 Bistratified,(0.2553967480263683+0.33466233328902983j),0.008274417399778024,-0.028869793685543113,0.030032165602093604
20,(-0.011791845007181114-0.016600180837203844j),4,2,CA3 Mossy Fiber Associated ORDEN,(-0.05630999050689769-0.32952918907242945j),0.002476863107730979,-0.007889397661221662,0.008269065625046677
20,(-0.011791845007181114-0.016600180837203844j),4,3,CA3 Lucidum ORAX,(-0.15512626644781866+0.29104665726810064j),0.003929462794981406,-0.012402481530538927,0.013010081705066356
20,(-0.011791845007181114-0.016600180837203844j),4,4,CA3 O LM,(-0.1532917588503033+0.2580191007957615j),0.0015960578796616603,-0.0035804094063548223,0.003920042381447446
20,(-0.011791845007181114-0.016600180837203844j),4,5,CA3 LMR Targeting,(-0.017919794446846365+0.21054948415638122j),0.005310907104101445,-0.01318156835196917,0.014211244790166357
20,(-0.011791845007181114-0.016600180837203844j),5,1,CA2 Bistratified,(0.2553967480263683+0.33466233328902983j),0.01024401626301871,-0.026968107226591136,0.02884820057788542
20,(-0.011791845007181114-0.016600180837203844j),5,2,CA3 Mossy Fiber Associated ORDEN,(-0.05630999050689769-0.32952918907242945j),0.0028064463649323493,-0.007113245757850688,0.007646855982089817
20,(-0.011791845007181114-0.016600180837203844j),5,3,CA3 Lucidum ORAX,(-0.15512626644781866+0.29104665726810064j),0.004436426612956827,-0.011382708847295418,0.012216707485834675
20,(-0.011791845007181114-0.016600180837203844j),5,4,CA3 O LM,(-0.1532917588503033+0.2580191007957615j),0.0017159264233946566,-0.00432639571046828,0.004654256474890733
20,(-0.011791845007181114-0.016600180837203844j),5,5,CA3 LMR Targeting,(-0.017919794446846365+0.21054948415638122j),0.005025522372116589,-0.012049331745045392,0.013055354097641435
20,(-0.011791845007181114-0.016600180837203844j),6,1,CA2 Bistratified,(0.2553967480263683+0.33466233328902983j),0.010742702789587454,-0.02585459817381738,0.027997605432518172
20,(-0.011791845007181114-0.016600180837203844j),6,2,CA3 Mossy Fiber Associated ORDEN,(-0.05630999050689769-0.32952918907242945j),0.002843854981794017,-0.006753373022578157,0.007327725318239015
20,(-0.011791845007181114-0.016600180837203844j),6,3,CA3 Lucidum ORAX,(-0.15512626644781866+0.29104665726810064j),0.004473873479117826,-0.010650795887677686,0.01155227237162134
20,(-0.011791845007181114-0.016600180837203844j),6,4,CA3 O LM,(-0.1532917588503033+0.2580191007957615j),0.0016675317370946057,-0.004042185131973476,0.004372633386800816
20,(-0.011791845007181114-0.016600180837203844j),6,5,CA3 LMR Targeting,(-0.017919794446846365+0.21054948415638122j),0.004782336810180272,-0.011322313644410728,0.012290871882352958
20,(-0.011791845007181114-0.016600180837203844j),7,1,CA2 Bistratified,(0.2553967480263683+0.33466233328902983j),0.010567746573897212,-0.02526795572675967,0.027388808923711948
20,(-0.011791845007181114-0.016600180837203844j),7,2,CA3 Mossy Fiber Associated ORDEN,(-0.05630999050689769-0.32952918907242945j),0.0027674619025811515,-0.006612948290205477,0.007168677037722486
20,(-0.011791845007181114-0.016600180837203844j),7,3,CA3 Lucidum ORAX,(-0.15512626644781866+0.29104665726810064j),0.004349516768074968,-0.010369507920142981,0.011244776148135334
20,(-0.011791845007181114-0.016600180837203844j),7,4,CA3 O LM,(-0.1532917588503033+0.2580191007957615j),0.0016032757609265324,-0.003808507666116306,0.004132217783278275
20,(-0.011791845007181114-0.016600180837203844j),7,5,CA3 LMR Targeting,(-0.017919794446846365+0.21054948415638122j),0.0045448349727387856,-0.01079452742888611,0.011712273363544932
20,(-0.011791845007181114-0.016600180837203844j),8,1,CA2 Bistratified,(0.2553967480263683+0.33466233328902983j),0.010168881679139447,-0.024295096014929136,0.02633738493053104
20,(-0.011791845007181114-0.016600180837203844j),8,2,CA3 Mossy Fiber Associated ORDEN,(-0.05630999050689769-0.32952918907242945j),0.0026510109105738235,-0.006327115981092176,0.006860047775793799
20,(-0.011791845007181114-0.016600180837203844j),8,3,CA3 Lucidum ORAX,(-0.15512626644781866+0.29104665726810064j),0.004165388641259111,-0.009938440209394835,0.010776040846639664
20,(-0.011791845007181114-0.016600180837203844j),8,4,CA3 O LM,(-0.1532917588503033+0.2580191007957615j),0.0015296782098223405,-0.0036351533028304303,0.00394388830479316
20,(-0.011791845007181114-0.016600180837203844j),8,5,CA3 LMR Targeting,(-0.017919794446846365+0.21054948415638122j),0.0043176781710417295,-0.010268471200310844,0.01113929286715739
20,(-0.011791845007181114-0.016600180837203844j),9,1,CA2 Bistratified,(0.2553967480263683+0.33466233328902983j),0.009708063563368504,-0.02312340383150003,0.025078642365667116
20,(-0.011791845007181114-0.016600180837203844j),9,2,CA3 Mossy Fiber Associated ORDEN,(-0.05630999050689769-0.32952918907242945j),0.002527156134511379,-0.006016112460428094,0.0065253449920074464
20,(-0.011791845007181114-0.016600180837203844j),9,3,CA3 Lucidum ORAX,(-0.15512626644781866+0.29104665726810064j),0.003969880135233413,-0.009451334324836726,0.010251227673208598
20,(-0.011791845007181114-0.016600180837203844j),9,4,CA3 O LM,(-0.1532917588503033+0.2580191007957615j),0.001455418965657637,-0.003462563781853536,0.003756007495865764
20,(-0.011791845007181114-0.016600180837203844j),9,5,CA3 LMR Targeting,(-0.017919794446846365+0.21054948415638122j),0.00410186746405733,-0.009752813432476498,0.010580297091357412
20,(-0.011791845007181114-0.016600180837203844j),10,1,CA2 Bistratified,(0.2553967480263683+0.33466233328902983j),0.009240920079178054,-0.02197863334834563,0.0238422928379543
20,(-0.011791845007181114-0.016600180837203844j),10,2,CA3 Mossy Fiber Associated ORDEN,(-0.05630999050689769-0.32952918907242945j),0.002404007913139355,-0.005716214068812896,0.006201157740852197
20,(-0.011791845007181114-0.016600180837203844j),10,3,CA3 Lucidum ORAX,(-0.15512626644781866+0.29104665726810064j),0.0037762265771162096,-0.008979414552957601,0.009741138171465671
20,(-0.011791845007181114-0.016600180837203844j),10,4,CA3 O LM,(-0.1532917588503033+0.2580191007957615j),0.0013834378549218262,-0.003290003126369328,0.0035690364063638604
20,(-0.011791845007181114-0.016600180837203844j),10,5,CA3 LMR Targeting,(-0.017919794446846365+0.21054948415638122j),0.0038968556811590054,-0.009263615726325728,0.01004987863234231
21,(-0.019543249221284118+1.3469613511216496e-17j),0,1,CA2 Basket,(0.42251223844038416+0.1921723048137975j),0.42251223844038416,0.1921723048137975,0.4641624568718921
21,(-0.019543249221284118+1.3469613511216496e-17j),0,2,CA2 Bistratified,(-0.347838221859722-0.1582081339084035j),-0.347838221859722,-0.1582081339084035,0.3821272591968709
21,(-0.019543249221284118+1.3469613511216496e-17j),0,3,CA3 Mossy Fiber Associated,(0.3250392741935819+0.14783843115966466j),0.3250392741935819,0.14783843115966466,0.35708084728257466
21,(-0.019543249221284118+1.3469613511216496e-17j),0,4,DG HIPROM,(-0.2435886193793413-0.11079202483064607j),-0.2435886193793413,-0.11079202483064607,0.267600987025848
21,(-0.019543249221284118+1.3469613511216496e-17j),0,5,DG Mossy,(0.22434712561112458+0.1020403677919108j),0.22434712561112458,0.1020403677919108,0.24646271407473003
21,(-0.019543249221284118+1.3469613511216496e-17j),1,1,CA2 Basket,(0.42251223844038416+0.1921723048137975j),0.3985544060937777,0.1812755036290916,0.437842920272493
21,(-0.019543249221284118+1.3469613511216496e-17j),1,2,CA2 Bistratified,(-0.347838221859722-0.1582081339084035j),0.19006033148535112,0.08644561892464034,0.20879601202031056
21,(-0.019543249221284118+1.3469613511216496e-17j),1,3,CA3 Mossy Fiber Associated,(0.3250392741935819+0.14783843115966466j),0.10215110100188542,0.04646164236866048,0.11222090557240529
21,(-0.019543249221284118+1.3469613511216496e-17j),1,4,DG HIPROM,(-0.2435886193793413-0.11079202483064607j),0.2704043067874591,0.122988671425799,0.29706009901750424
21,(-0.019543249221284118+1.3469613511216496e-17j),1,5,DG Mossy,(0.22434712561112458+0.1020403677919108j),0.34610120514014264,0.15741808222201054,0.3802190116366024
21,(-0.019543249221284118+1.3469613511216496e-17j),2,1,CA2 Basket,(0.42251223844038416+0.1921723048137975j),0.0764449353650528,0.03476964235325227,0.08398068928235927
21,(-0.019543249221284118+1.3469613511216496e-17j),2,2,CA2 Bistratified,(-0.347838221859722-0.1582081339084035j),0.0353969009965268,0.01609966156927849,0.03888624053316574
21,(-0.019543249221284118+1.3469613511216496e-17j),2,3,CA3 Mossy Fiber Associated,(0.3250392741935819+0.14783843115966466j),0.021321341268037745,0.00969763931176298,0.023423146707673162
21,(-0.019543249221284118+1.3469613511216496e-17j),2,4,DG HIPROM,(-0.2435886193793413-0.11079202483064607j),0.014063857943186164,0.0063966999050548016,0.015450238506943789
21,(-0.019543249221284118+1.3469613511216496e-17j),2,5,DG Mossy,(0.22434712561112458+0.1020403677919108j),0.040995200150479964,0.01864595006360389,0.04503640626373648
21,(-0.019543249221284118+1.3469613511216496e-17j),3,1,CA2 Basket,(0.42251223844038416+0.1921723048137975j),0.03942963532113251,0.01793388027196459,0.043316511899813226
21,(-0.019543249221284118+1.3469613511216496e-17j),3,2,CA2 Bistratified,(-0.347838221859722-0.1582081339084035j),0.02861349714237384,0.013014348921419226,0.03143414539263127
21,(-0.019543249221284118+1.3469613511216496e-17j),3,3,CA3 Mossy Fiber Associated,(0.3250392741935819+0.14783843115966466j),0.0015673576334545734,0.0007128852172431561,0.0017218638982544885
21,(-0.019543249221284118+1.3469613511216496e-17j),3,4,DG HIPROM,(-0.2435886193793413-0.11079202483064607j),-0.0008422744474695262,-0.0003830938068290776,0.0009253037931895072
21,(-0.019543249221284118+1.3469613511216496e-17j),3,5,DG Mossy,(0.22434712561112458+0.1020403677919108j),-0.003808819481422466,-0.0017323749509990222,0.004184283548340404
21,(-0.019543249221284118+1.3469613511216496e-17j),4,1,CA2 Basket,(0.42251223844038416+0.1921723048137975j),0.0454332164580674,0.020664504190646985,0.04991191131554545
21,(-0.019543249221284118+1.3469613511216496e-17j),4,2,CA2 Bistratified,(-0.347838221859722-0.1582081339084035j),0.023739137441863862,0.010797331630757441,0.026079283288239687
21,(-0.019543249221284118+1.3469613511216496e-17j),4,3,CA3 Mossy Fiber Associated,(0.3250392741935819+0.14783843115966466j),0.009090081054161177,0.004134464444321322,0.00998615891184279
21,(-0.019543249221284118+1.3469613511216496e-17j),4,4,DG HIPROM,(-0.2435886193793413-0.11079202483064607j),0.01482123439358402,0.006741179342198954,0.016282275267088683
21,(-0.019543249221284118+1.3469613511216496e-17j),4,5,DG Mossy,(0.22434712561112458+0.1020403677919108j),0.018288651376895924,0.008318273335720189,0.02009150169781718
21,(-0.019543249221284118+1.3469613511216496e-17j),5,1,CA2 Basket,(0.42251223844038416+0.1921723048137975j),0.040248038294880606,0.01830611655631968,0.04421559102804957
21,(-0.019543249221284118+1.3469613511216496e-17j),5,2,CA2 Bistratified,(-0.347838221859722-0.1582081339084035j),0.021807472961453384,0.009918747813404197,0.023957200069090526
21,(-0.019543249221284118+1.3469613511216496e-17j),5,3,CA3 Mossy Fiber Associated,(0.3250392741935819+0.14783843115966466j),0.0070117106635107064,0.0031891540085754464,0.007702907874251295
21,(-0.019543249221284118+1.3469613511216496e-17j),5,4,DG HIPROM,(-0.2435886193793413-0.11079202483064607j),0.010064416173906118,0.004577623739099581,0.011056541593932125
21,(-0.019543249221284118+1.3469613511216496e-17j),5,5,DG Mossy,(0.22434712561112458+0.1020403677919108j),0.013139048410756088,0.005976066457803528,0.014434263522891512
21,(-0.019543249221284118+1.3469613511216496e-17j),6,1,CA2 Basket,(0.42251223844038416+0.1921723048137975j),0.036418461777613244,0.016564300630464757,0.04000850426626684
21,(-0.019543249221284118+1.3469613511216496e-17j),6,2,CA2 Bistratified,(-0.347838221859722-0.1582081339084035j),0.019383846203377703,0.008816403555100504,0.021294658139603673
21,(-0.019543249221284118+1.3469613511216496e-17j),6,3,CA3 Mossy Fiber Associated,(0.3250392741935819+0.14783843115966466j),0.0063411802337319315,0.0028841749655682575,0.0069662782020734155
21,(-0.019543249221284118+1.3469613511216496e-17j),6,4,DG HIPROM,(-0.2435886193793413-0.11079202483064607j),0.008884323740986565,0.004040879327707881,0.009760118548242866
21,(-0.019543249221284118+1.3469613511216496e-17j),6,5,DG Mossy,(0.22434712561112458+0.1020403677919108j),0.01156766473396854,0.005261350065138246,0.012707976703843524
21,(-0.019543249221284118+1.3469613511216496e-17j),7,1,CA2 Basket,(0.42251223844038416+0.1921723048137975j),0.0338319615731352,0.015387876232604297,0.037167033226181034
21,(-0.019543249221284118+1.3469613511216496e-17j),7,2,CA2 Bistratified,(-0.347838221859722-0.1582081339084035j),0.01804988500870952,0.008209674627536618,0.019829198327659524
21,(-0.019543249221284118+1.3469613511216496e-17j),7,3,CA3 Mossy Fiber Associated,(0.3250392741935819+0.14783843115966466j),0.005746638271646369,0.00261375794857427,0.00631312775404442
21,(-0.019543249221284118+1.3469613511216496e-17j),7,4,DG HIPROM,(-0.2435886193793413-0.11079202483064607j),0.007985837673567748,0.003632218648300545,0.008773061931710967
21,(-0.019543249221284118+1.3469613511216496e-17j),7,5,DG Mossy,(0.22434712561112458+0.1020403677919108j),0.010273266512922152,0.004672615664441204,0.011285979886261937
21,(-0.019543249221284118+1.3469613511216496e-17j),8,1,CA2 Basket,(0.42251223844038416+0.1921723048137975j),0.03209275124359512,0.014596826821071475,0.035256375815271024
21,(-0.019543249221284118+1.3469613511216496e-17j),8,2,CA2 Bistratified,(-0.347838221859722-0.1582081339084035j),0.01705096038880231,0.007755331228511262,0.01873180217289376
21,(-0.019543249221284118+1.3469613511216496e-17j),8,3,CA3 Mossy Fiber Associated,(0.3250392741935819+0.14783843115966466j),0.005496704977275241,0.0025000801592484547,0.00603855664955378
21,(-0.019543249221284118+1.3469613511216496e-17j),8,4,DG HIPROM,(-0.2435886193793413-0.11079202483064607j),0.0076760396633681486,0.003491312439603385,0.008432724794781953
21,(-0.019543249221284118+1.3469613511216496e-17j),8,5,DG Mossy,(0.22434712561112458+0.1020403677919108j),0.009871068750915389,0.004489683044072396,0.010844134457001603
21,(-0.019543249221284118+1.3469613511216496e-17j),9,1,CA2 Basket,(0.42251223844038416+0.1921723048137975j),0.030442636606940188,0.013846301027774954,0.033443596931759245
21,(-0.019543249221284118+1.3469613511216496e-17j),9,2,CA2 Bistratified,(-0.347838221859722-0.1582081339084035j),0.016175808482426522,0.007357283684299935,0.017770379941672826
21,(-0.019543249221284118+1.3469613511216496e-17j),9,3,CA3 Mossy Fiber Associated,(0.3250392741935819+0.14783843115966466j),0.005204452989257915,0.0023671544519813306,0.005717495178566457
21,(-0.019543249221284118+1.3469613511216496e-17j),9,4,DG HIPROM,(-0.2435886193793413-0.11079202483064607j),0.007253896625922318,0.003299308059407168,0.0079689679338316
21,(-0.019543249221284118+1.3469613511216496e-17j),9,5,DG Mossy,(0.22434712561112458+0.1020403677919108j),0.00933484739944151,0.00424579213718771,0.010255053722095507
21,(-0.019543249221284118+1.3469613511216496e-17j),10,1,CA2 Basket,(0.42251223844038416+0.1921723048137975j),0.0288943027248799,0.013142068431258569,0.031742632099573675
21,(-0.019543249221284118+1.3469613511216496e-17j),10,2,CA2 Bistratified,(-0.347838221859722-0.1582081339084035j),0.015348111416284085,0.006980820144509117,0.016861090532247734
21,(-0.019543249221284118+1.3469613511216496e-17j),10,3,CA3 Mossy Fiber Associated,(0.3250392741935819+0.14783843115966466j),0.00493924795573185,0.0022465305790988527,0.005426146884394809
21,(-0.019543249221284118+1.3469613511216496e-17j),10,4,DG HIPROM,(-0.2435886193793413-0.11079202483064607j),0.00688041491843282,0.0031294364343887205,0.007558669317192842
21,(-0.019543249221284118+1.3469613511216496e-17j),10,5,DG Mossy,(0.22434712561112458+0.1020403677919108j),0.008854573252358049,0.004027347838087168,0.009727435329536762
22,(0.00028619490981038657+0.01384028897420416j),0,1,DG Total Molecular Layer,(-0.0018685106737233235-0.359537996401386j),-0.0018685106737233235,-0.359537996401386,0.3595428516720376
22,(0.00028619490981038657+0.01384028897420416j),0,2,CA1 LMR,(0.18182988776390493-0.25918915980088475j),0.18182988776390493,-0.25918915980088475,0.31660879432277755
22,(0.00028619490981038657+0.01384028897420416j),0,3,DG Granule,(0.0756569346621445+0.2739428613704082j),0.0756569346621445,0.2739428613704082,0.28419828123737606
22,(0.00028619490981038657+0.01384028897420416j),0,4,CA1 Horizontal Basket,(0.08739223034227821-0.2358262161054877j),0.08739223034227821,-0.2358262161054877,0.2514983223141459
22,(0.00028619490981038657+0.01384028897420416j),0,5,DG HIPROM,(-0.08447538714577897+0.19882066659470335j),-0.08447538714577897,0.19882066659470335,0.21602256479032794
22,(0.00028619490981038657+0.01384028897420416j),1,1,DG Total Molecular Layer,(-0.0018685106737233235-0.359537996401386j),0.13124184139124814,0.45820314271383683,0.47662830478749607
22,(0.00028619490981038657+0.01384028897420416j),1,2,CA1 LMR,(0.18182988776390493-0.25918915980088475j),-0.29884874983204746,-0.16418834004738442,0.3409815043132005
22,(0.00028619490981038657+0.01384028897420416j),1,3,DG Granule,(0.0756569346621445+0.2739428613704082j),-0.006407882855869262,0.02615332111053093,0.02692688559423622
22,(0.00028619490981038657+0.01384028897420416j),1,4,CA1 Horizontal Basket,(0.08739223034227821-0.2358262161054877j),-0.060200017156565255,-0.026181017710770922,0.0656466888275597
22,(0.00028619490981038657+0.01384028897420416j),1,5,DG HIPROM,(-0.08447538714577897+0.19882066659470335j),0.09116733795045938,0.3293497936994584,0.34173494131980287
22,(0.00028619490981038657+0.01384028897420416j),2,1,DG Total Molecular Layer,(-0.0018685106737233235-0.359537996401386j),-0.01393463025509076,0.0453142358650366,0.04740837365253379
22,(0.00028619490981038657+0.01384028897420416j),2,2,CA1 LMR,(0.18182988776390493-0.25918915980088475j),-0.004083871243810695,0.2607480434984268,0.26078002261023275
22,(0.00028619490981038657+0.01384028897420416j),2,3,DG Granule,(0.0756569346621445+0.2739428613704082j),0.008357789919437348,0.0011106075196416374,0.008431257403266319
22,(0.00028619490981038657+0.01384028897420416j),2,4,CA1 Horizontal Basket,(0.08739223034227821-0.2358262161054877j),-0.05346230387011993,0.10587992416588868,0.11861187240944887
22,(0.00028619490981038657+0.01384028897420416j),2,5,DG HIPROM,(-0.08447538714577897+0.19882066659470335j),-0.015216778393717356,0.025796381601990395,0.029950019172598402
22,(0.00028619490981038657+0.01384028897420416j),3,1,DG Total Molecular Layer,(-0.0018685106737233235-0.359537996401386j),0.01608251861934219,0.009252507316080913,0.018554145002549136
22,(0.00028619490981038657+0.01384028897420416j),3,2,CA1 LMR,(0.18182988776390493-0.25918915980088475j),0.029475684793440007,0.1446488478358545,0.14762149292796906
22,(0.00028619490981038657+0.01384028897420416j),3,3,DG Granule,(0.0756569346621445+0.2739428613704082j),0.008899364331390599,0.0074901315831601535,0.01163188534313679
22,(0.00028619490981038657+0.01384028897420416j),3,4,CA1 Horizontal Basket,(0.08739223034227821-0.2358262161054877j),0.03742735202925173,0.06495720972508413,0.07496829846801979
22,(0.00028619490981038657+0.01384028897420416j),3,5,DG HIPROM,(-0.08447538714577897+0.19882066659470335j),0.010743067916682749,0.006728382976603712,0.012676144750763493
22,(0.00028619490981038657+0.01384028897420416j),4,1,DG Total Molecular Layer,(-0.0018685106737233235-0.359537996401386j),0.01880532312558119,0.01820354768533235,0.02617268282369401
22,(0.00028619490981038657+0.01384028897420416j),4,2,CA1 LMR,(0.18182988776390493-0.25918915980088475j),0.08374027777954111,0.07779008734787309,0.1142966832947677
22,(0.00028619490981038657+0.01384028897420416j),4,3,DG Granule,(0.0756569346621445+0.2739428613704082j),0.011083928012532496,0.011368840912468764,0.01587778334277257
22,(0.00028619490981038657+0.01384028897420416j),4,4,CA1 Horizontal Basket,(0.08739223034227821-0.2358262161054877j),0.040580225800821414,0.0431317280947591,0.05922077924585156
22,(0.00028619490981038657+0.01384028897420416j),4,5,DG HIPROM,(-0.08447538714577897+0.19882066659470335j),0.01332166584322974,0.014246216398759315,0.019504395979341498
22,(0.00028619490981038657+0.01384028897420416j),5,1,DG Total Molecular Layer,(-0.0018685106737233235-0.359537996401386j),0.02304235965776168,0.02287259539376016,0.032466997992489255
22,(0.00028619490981038657+0.01384028897420416j),5,2,CA1 LMR,(0.18182988776390493-0.25918915980088475j),0.08296287182875056,0.06842313033961718,0.10753865754948744
22,(0.00028619490981038657+0.01384028897420416j),5,3,DG Granule,(0.0756569346621445+0.2739428613704082j),0.011235114796029046,0.009837311851617583,0.014933201563828385
22,(0.00028619490981038657+0.01384028897420416j),5,4,CA1 Horizontal Basket,(0.08739223034227821-0.2358262161054877j),0.04389037566733452,0.03450089824391179,0.05582720712928873
22,(0.00028619490981038657+0.01384028897420416j),5,5,DG HIPROM,(-0.08447538714577897+0.19882066659470335j),0.016771362762808172,0.01705254914998273,0.02391794392154738
22,(0.00028619490981038657+0.01384028897420416j),6,1,DG Total Molecular Layer,(-0.0018685106737233235-0.359537996401386j),0.023316525355882103,0.019770020459828303,0.030569822761238295
22,(0.00028619490981038657+0.01384028897420416j),6,2,CA1 LMR,(0.18182988776390493-0.25918915980088475j),0.08494118670162529,0.06528678901187698,0.1071324881525754
22,(0.00028619490981038657+0.01384028897420416j),6,3,DG Granule,(0.0756569346621445+0.2739428613704082j),0.01134497460069187,0.008434424986375545,0.01413675965492587
22,(0.00028619490981038657+0.01384028897420416j),6,4,CA1 Horizontal Basket,(0.08739223034227821-0.2358262161054877j),0.04298086090343902,0.0317492441678598,0.05343565204272474
22,(0.00028619490981038657+0.01384028897420416j),6,5,DG HIPROM,(-0.08447538714577897+0.19882066659470335j),0.017049935870669306,0.0144678409145998,0.022361098674351935
22,(0.00028619490981038657+0.01384028897420416j),7,1,DG Total Molecular Layer,(-0.0018685106737233235-0.359537996401386j),0.023322507194826536,0.017278841674761486,0.02902581112517288
22,(0.00028619490981038657+0.01384028897420416j),7,2,CA1 LMR,(0.18182988776390493-0.25918915980088475j),0.08165560285970128,0.06060119310986665,0.10168648919458574
22,(0.00028619490981038657+0.01384028897420416j),7,3,DG Granule,(0.0756569346621445+0.2739428613704082j),0.010874718679097286,0.007879488692326986,0.01342929068871533
22,(0.00028619490981038657+0.01384028897420416j),7,4,CA1 Horizontal Basket,(0.08739223034227821-0.2358262161054877j),0.04129272949002621,0.030107016119450016,0.051103052045384754
22,(0.00028619490981038657+0.01384028897420416j),7,5,DG HIPROM,(-0.08447538714577897+0.19882066659470335j),0.017075134859894155,0.012638554549134933,0.021243664739753164
22,(0.00028619490981038657+0.01384028897420416j),8,1,DG Total Molecular Layer,(-0.0018685106737233235-0.359537996401386j),0.02234581152510527,0.016190006675779196,0.027594412638744504
22,(0.00028619490981038657+0.01384028897420416j),8,2,CA1 LMR,(0.18182988776390493-0.25918915980088475j),0.07849082523206176,0.05670546938933141,0.09683139937166282
22,(0.00028619490981038657+0.01384028897420416j),8,3,DG Granule,(0.0756569346621445+0.2739428613704082j),0.010395202012328955,0.007495901856211161,0.012815957612097422
22,(0.00028619490981038657+0.01384028897420416j),8,4,CA1 Horizontal Basket,(0.08739223034227821-0.2358262161054877j),0.03942318143425399,0.028440125833486398,0.048610986328428356
22,(0.00028619490981038657+0.01384028897420416j),8,5,DG HIPROM,(-0.08447538714577897+0.19882066659470335j),0.016359087951053182,0.01186090727138905,0.020206456391232558
22,(0.00028619490981038657+0.01384028897420416j),9,1,DG Total Molecular Layer,(-0.0018685106737233235-0.359537996401386j),0.021346286413672713,0.015382850844087258,0.026311519221549794
22,(0.00028619490981038657+0.01384028897420416j),9,2,CA1 LMR,(0.18182988776390493-0.25918915980088475j),0.07471795713060955,0.053671160662058896,0.09199655756920551
22,(0.00028619490981038657+0.01384028897420416j),9,3,DG Granule,(0.0756569346621445+0.2739428613704082j),0.009891577027384451,0.007107820900298767,0.01218049317718309
22,(0.00028619490981038657+0.01384028897420416j),9,4,CA1 Horizontal Basket,(0.08739223034227821-0.2358262161054877j),0.0375279322464992,0.026924775385206396,0.04618754408107938
22,(0.00028619490981038657+0.01384028897420416j),9,5,DG HIPROM,(-0.08447538714577897+0.19882066659470335j),0.01563037687074885,0.011268181467077629,0.019268642782942248
22,(0.00028619490981038657+0.01384028897420416j),10,1,DG Total Molecular Layer,(-0.0018685106737233235-0.359537996401386j),0.020310219285835908,0.014586175357318307,0.025005229832840585
22,(0.00028619490981038657+0.01384028897420416j),10,2,CA1 LMR,(0.18182988776390493-0.25918915980088475j),0.07108345674621121,0.050954395776315595,0.0874597522973847
22,(0.00028619490981038657+0.01384028897420416j),10,3,DG Granule,(0.0756569346621445+0.2739428613704082j),0.009407584924993986,0.006740725295725526,0.011573246374004491
22,(0.00028619490981038657+0.01384028897420416j),10,4,CA1 Horizontal Basket,(0.08739223034227821-0.2358262161054877j),0.03567754906731601,0.02555589622055599,0.04388611784023018
22,(0.00028619490981038657+0.01384028897420416j),10,5,DG HIPROM,(-0.08447538714577897+0.19882066659470335j),0.01487262651552802,0.01068169561550596,0.01831102511310348
23,(-0.0037215433032662384+0.01316104967144853j),0,1,CA1 LMR,(-0.18289623089395768-0.27273285467655195j),-0.18289623089395768,-0.27273285467655195,0.328381243823756
23,(-0.0037215433032662384+0.01316104967144853j),0,2,MEC LII Stellate,(-0.25896385801793453-0.1409791907216401j),-0.25896385801793453,-0.1409791907216401,0.2948515083496463
23,(-0.0037215433032662384+0.01316104967144853j),0,3,LEC LIII Complex Pyramidal,(0.18617101688328+0.15285206205992122j),0.18617101688328,0.15285206205992122,0.24088046911969543
23,(-0.0037215433032662384+0.01316104967144853j),0,4,CA1 Oriens Alveus,(0.0938021342727005+0.20894528563499035j),0.0938021342727005,0.20894528563499035,0.22903487241728374
23,(-0.0037215433032662384+0.01316104967144853j),0,5,LEC LIII Multipolar Principal,(0.1817772528814316+0.13262375344374983j),0.1817772528814316,0.13262375344374983,0.2250156208858142
23,(-0.0037215433032662384+0.01316104967144853j),1,1,CA1 LMR,(-0.18289623089395768-0.27273285467655195j),0.22295056880494357,0.5980858378691878,0.6382896094956712
23,(-0.0037215433032662384+0.01316104967144853j),1,2,MEC LII Stellate,(-0.25896385801793453-0.1409791907216401j),-0.12581409953571962,0.05846181377603188,0.13873345419172478
23,(-0.0037215433032662384+0.01316104967144853j),1,3,LEC LIII Complex Pyramidal,(0.18617101688328+0.15285206205992122j),-0.07501452053535079,0.05154724542373739,0.09101811249374259
23,(-0.0037215433032662384+0.01316104967144853j),1,4,CA1 Oriens Alveus,(0.0938021342727005+0.20894528563499035j),0.15095768445936328,0.4131798179804962,0.4398929238845843
23,(-0.0037215433032662384+0.01316104967144853j),1,5,LEC LIII Multipolar Principal,(0.1817772528814316+0.13262375344374983j),-0.028669036360471464,0.02428274646849877,0.037570805446402455
23,(-0.0037215433032662384+0.01316104967144853j),2,1,CA1 LMR,(-0.18289623089395768-0.27273285467655195j),-0.028672343906387013,0.32320922890164183,0.3244785184758462
23,(-0.0037215433032662384+0.01316104967144853j),2,2,MEC LII Stellate,(-0.25896385801793453-0.1409791907216401j),-0.09839484406330133,0.044248498040159435,0.10788639820223576
23,(-0.0037215433032662384+0.01316104967144853j),2,3,LEC LIII Complex Pyramidal,(0.18617101688328+0.15285206205992122j),-0.07049136385311403,0.03219799827345709,0.07749673200006343
23,(-0.0037215433032662384+0.01316104967144853j),2,4,CA1 Oriens Alveus,(0.0938021342727005+0.20894528563499035j),0.016135806294209895,0.29316617420346863,0.2936098941484479
23,(-0.0037215433032662384+0.01316104967144853j),2,5,LEC LIII Multipolar Principal,(0.1817772528814316+0.13262375344374983j),-0.03335215573645616,0.033261174394418,0.04710278138671552
23,(-0.0037215433032662384+0.01316104967144853j),3,1,CA1 LMR,(-0.18289623089395768-0.27273285467655195j),-0.23739467521695592,0.022163843767635128,0.238427070174341
23,(-0.0037215433032662384+0.01316104967144853j),3,2,MEC LII Stellate,(-0.25896385801793453-0.1409791907216401j),-0.09569170431375243,0.04459305223297893,0.10557197820408507
23,(-0.0037215433032662384+0.01316104967144853j),3,3,LEC LIII Complex Pyramidal,(0.18617101688328+0.15285206205992122j),-0.06851341862680346,0.03450770144928651,0.07671290628860772
23,(-0.0037215433032662384+0.01316104967144853j),3,4,CA1 Oriens Alveus,(0.0938021342727005+0.20894528563499035j),-0.17147317046145075,0.04144573534672666,0.1764108759870906
23,(-0.0037215433032662384+0.01316104967144853j),3,5,LEC LIII Multipolar Principal,(0.1817772528814316+0.13262375344374983j),-0.03873646089365353,0.031930612313732946,0.05020037256132133
23,(-0.0037215433032662384+0.01316104967144853j),4,1,CA1 LMR,(-0.18289623089395768-0.27273285467655195j),-0.18960846444140458,0.0895193456517094,0.20967852306265802
23,(-0.0037215433032662384+0.01316104967144853j),4,2,MEC LII Stellate,(-0.25896385801793453-0.1409791907216401j),-0.08992111966836981,0.04252443104203808,0.09946926659960018
23,(-0.0037215433032662384+0.01316104967144853j),4,3,LEC LIII Complex Pyramidal,(0.18617101688328+0.15285206205992122j),-0.06544780914535635,0.032538852721830935,0.07309030481794418
23,(-0.0037215433032662384+0.01316104967144853j),4,4,CA1 Oriens Alveus,(0.0938021342727005+0.20894528563499035j),-0.153281007328211,0.06670397817527002,0.16716604892129855
23,(-0.0037215433032662384+0.01316104967144853j),4,5,LEC LIII Multipolar Principal,(0.1817772528814316+0.13262375344374983j),-0.044446762705248076,0.022152663772086228,0.04966140581151255
23,(-0.0037215433032662384+0.01316104967144853j),5,1,CA1 LMR,(-0.18289623089395768-0.27273285467655195j),-0.17535816155157086,0.08282003797974957,0.19393205901478483
23,(-0.0037215433032662384+0.01316104967144853j),5,2,MEC LII Stellate,(-0.25896385801793453-0.1409791907216401j),-0.08546213654396555,0.04048161705700622,0.09456499406339276
23,(-0.0037215433032662384+0.01316104967144853j),5,3,LEC LIII Complex Pyramidal,(0.18617101688328+0.15285206205992122j),-0.06315893021791837,0.029857358876506146,0.06986066379123777
23,(-0.0037215433032662384+0.01316104967144853j),5,4,CA1 Oriens Alveus,(0.0938021342727005+0.20894528563499035j),-0.1404885978848723,0.0654685406189446,0.15499411584454342
23,(-0.0037215433032662384+0.01316104967144853j),5,5,LEC LIII Multipolar Principal,(0.1817772528814316+0.13262375344374983j),-0.04336335120140802,0.02029708240675743,0.04787851064562636
23,(-0.0037215433032662384+0.01316104967144853j),6,1,CA1 LMR,(-0.18289623089395768-0.27273285467655195j),-0.16641810872009016,0.0822836852495842,0.1856491092578265
23,(-0.0037215433032662384+0.01316104967144853j),6,2,MEC LII Stellate,(-0.25896385801793453-0.1409791907216401j),-0.08118561974448468,0.038437813933039376,0.0898252213648651
23,(-0.0037215433032662384+0.01316104967144853j),6,3,LEC LIII Complex Pyramidal,(0.18617101688328+0.15285206205992122j),-0.06002877908963937,0.028393727583076244,0.06640525645650854
23,(-0.0037215433032662384+0.01316104967144853j),6,4,CA1 Oriens Alveus,(0.0938021342727005+0.20894528563499035j),-0.1325314559082354,0.06538570983842751,0.14778321236267528
23,(-0.0037215433032662384+0.01316104967144853j),6,5,LEC LIII Multipolar Principal,(0.1817772528814316+0.13262375344374983j),-0.04109693446086004,0.019358958181455183,0.04542826525360126
23,(-0.0037215433032662384+0.01316104967144853j),7,1,CA1 LMR,(-0.18289623089395768-0.27273285467655195j),-0.15979561633609757,0.07492115046930177,0.17648744371166195
23,(-0.0037215433032662384+0.01316104967144853j),7,2,MEC LII Stellate,(-0.25896385801793453-0.1409791907216401j),-0.07713220232119371,0.03651140717982296,0.08533732764252926
23,(-0.0037215433032662384+0.01316104967144853j),7,3,LEC LIII Complex Pyramidal,(0.18617101688328+0.15285206205992122j),-0.05701236601016478,0.026977672512004666,0.06307301080685751
23,(-0.0037215433032662384+0.01316104967144853j),7,4,CA1 Oriens Alveus,(0.0938021342727005+0.20894528563499035j),-0.1271362615429094,0.05991807582916189,0.1405482294807596
23,(-0.0037215433032662384+0.01316104967144853j),7,5,LEC LIII Multipolar Principal,(0.1817772528814316+0.13262375344374983j),-0.03897391833578728,0.018523423414974566,0.043151865839787786
23,(-0.0037215433032662384+0.01316104967144853j),8,1,CA1 LMR,(-0.18289623089395768-0.27273285467655195j),-0.1516370236212606,0.07173514031301056,0.16774897105032288
23,(-0.0037215433032662384+0.01316104967144853j),8,2,MEC LII Stellate,(-0.25896385801793453-0.1409791907216401j),-0.07327336326689453,0.03468834342446278,0.08106951914237409
23,(-0.0037215433032662384+0.01316104967144853j),8,3,LEC LIII Complex Pyramidal,(0.18617101688328+0.15285206205992122j),-0.05415304207099389,0.025648255778188366,0.0599198213449123
23,(-0.0037215433032662384+0.01316104967144853j),8,4,CA1 Oriens Alveus,(0.0938021342727005+0.20894528563499035j),-0.1207893197616661,0.05710743262841049,0.13360882691609285
23,(-0.0037215433032662384+0.01316104967144853j),8,5,LEC LIII Multipolar Principal,(0.1817772528814316+0.13262375344374983j),-0.03705395199990042,0.01755076146856992,0.041000299839605604
23,(-0.0037215433032662384+0.01316104967144853j),9,1,CA1 LMR,(-0.18289623089395768-0.27273285467655195j),-0.1439774276658564,0.06813580688042425,0.1592858683516004
23,(-0.0037215433032662384+0.01316104967144853j),9,2,MEC LII Stellate,(-0.25896385801793453-0.1409791907216401j),-0.0696094075152767,0.03295428772153031,0.07701593792106452
23,(-0.0037215433032662384+0.01316104967144853j),9,3,LEC LIII Complex Pyramidal,(0.18617101688328+0.15285206205992122j),-0.05145025162127174,0.024357124908911912,0.05692449319687012
23,(-0.0037215433032662384+0.01316104967144853j),9,4,CA1 Oriens Alveus,(0.0938021342727005+0.20894528563499035j),-0.11468805809187559,0.054265566944867207,0.1268782976900829
23,(-0.0037215433032662384+0.01316104967144853j),9,5,LEC LIII Multipolar Principal,(0.1817772528814316+0.13262375344374983j),-0.03520933069802419,0.016666341895388095,0.03895463926641854
23,(-0.0037215433032662384+0.01316104967144853j),10,1,CA1 LMR,(-0.18289623089395768-0.27273285467655195j),-0.13676441226012442,0.06478169414515696,0.15133133303177482
23,(-0.0037215433032662384+0.01316104967144853j),10,2,MEC LII Stellate,(-0.25896385801793453-0.1409791907216401j),-0.06612900525695345,0.03130652432744027,0.07316518162171666
23,(-0.0037215433032662384+0.01316104967144853j),10,3,LEC LIII Complex Pyramidal,(0.18617101688328+0.15285206205992122j),-0.04887825556698704,0.023139443682618697,0.054078810279191446
23,(-0.0037215433032662384+0.01316104967144853j),10,4,CA1 Oriens Alveus,(0.0938021342727005+0.20894528563499035j),-0.10893481530759078,0.051596044183201045,0.12053607659723185
23,(-0.0037215433032662384+0.01316104967144853j),10,5,LEC LIII Multipolar Principal,(0.1817772528814316+0.13262375344374983j),-0.033447859092962696,0.015833130575199156,0.03700604412408862
24,(0.0002861949098103906-0.013840288974204171j),0,1,DG Mossy,(0.0022132308810417518-0.37577445267497256j),0.0022132308810417518,-0.37577445267497256,0.3757809703459024
24,(0.0002861949098103906-0.013840288974204171j),0,2,DG Granule,(-0.09662313208390144-0.3341408319974071j),-0.09662313208390144,-0.3341408319974071,0.34783059851258413
24,(0.0002861949098103906-0.013840288974204171j),0,3,DG Hilar Ectopic Granule,(0.09346875318320116-0.29990670492986865j),0.09346875318320116,-0.29990670492986865,0.3141344290005689
24,(0.0002861949098103906-0.013840288974204171j),0,4,DG Total Molecular Layer,(0.1374036199881421+0.18422799339289186j),0.1374036199881421,0.18422799339289186,0.22982538662083696
24,(0.0002861949098103906-0.013840288974204171j),0,5,CA3 Basket CCK+,(0.02461669223035315-0.21111954759925491j),0.02461669223035315,-0.21111954759925491,0.21254986453742566
24,(0.0002861949098103906-0.013840288974204171j),1,1,DG Mossy,(0.0022132308810417518-0.37577445267497256j),-0.14761685502823013,-0.5567287273759131,0.5759666759232076
24,(0.0002861949098103906-0.013840288974204171j),1,2,DG Granule,(-0.09662313208390144-0.3341408319974071j),-0.01382004541331857,0.00689792985706791,0.015445876198494427
24,(0.0002861949098103906-0.013840288974204171j),1,3,DG Hilar Ectopic Granule,(0.09346875318320116-0.29990670492986865j),-0.08807254423918262,-0.3204139133246347,0.3322978316221298
24,(0.0002861949098103906-0.013840288974204171j),1,4,DG Total Molecular Layer,(0.1374036199881421+0.18422799339289186j),-0.1519926819723356,-0.5733261859350022,0.5931312593784956
24,(0.0002861949098103906-0.013840288974204171j),1,5,CA3 Basket CCK+,(0.02461669223035315-0.21111954759925491j),-0.019819619564943908,0.01672502149313671,0.025933446813815406
24,(0.0002861949098103906-0.013840288974204171j),2,1,DG Mossy,(0.0022132308810417518-0.37577445267497256j),-0.027479978274795144,0.003893602718145971,0.02775444735731495
24,(0.0002861949098103906-0.013840288974204171j),2,2,DG Granule,(-0.09662313208390144-0.3341408319974071j),0.011054322349085304,-0.00461916350766908,0.01198059740196909
24,(0.0002861949098103906-0.013840288974204171j),2,3,DG Hilar Ectopic Granule,(0.09346875318320116-0.29990670492986865j),-0.01297242056693406,-0.004984845090488206,0.01389720748717447
24,(0.0002861949098103906-0.013840288974204171j),2,4,DG Total Molecular Layer,(0.1374036199881421+0.18422799339289186j),-0.020841578973421565,0.01963429984632891,0.028633496897181792
24,(0.0002861949098103906-0.013840288974204171j),2,5,CA3 Basket CCK+,(0.02461669223035315-0.21111954759925491j),0.008011621042904328,-0.014692491581616559,0.016734855261130315
24,(0.0002861949098103906-0.013840288974204171j),3,1,DG Mossy,(0.0022132308810417518-0.37577445267497256j),0.01776715815176137,-0.011651259308417237,0.02124673509651965
24,(0.0002861949098103906-0.013840288974204171j),3,2,DG Granule,(-0.09662313208390144-0.3341408319974071j),0.010819630165290037,-0.014870072798773422,0.01838976514136261
24,(0.0002861949098103906-0.013840288974204171j),3,3,DG Hilar Ectopic Granule,(0.09346875318320116-0.29990670492986865j),0.01339174405142052,-0.011164592197331177,0.017435220895402073
24,(0.0002861949098103906-0.013840288974204171j),3,4,DG Total Molecular Layer,(0.1374036199881421+0.18422799339289186j),0.020408893376267685,-0.014438486632788546,0.024999856501369693
24,(0.0002861949098103906-0.013840288974204171j),3,5,CA3 Basket CCK+,(0.02461669223035315-0.21111954759925491j),0.009611009611538065,-0.020791388464658164,0.02290531248512881
24,(0.0002861949098103906-0.013840288974204171j),4,1,DG Mossy,(0.0022132308810417518-0.37577445267497256j),0.019396287108347524,-0.028209788193206672,0.03423460388985144
24,(0.0002861949098103906-0.013840288974204171j),4,2,DG Granule,(-0.09662313208390144-0.3341408319974071j),0.008618773133430836,-0.020662166953732124,0.022387683970197744
24,(0.0002861949098103906-0.013840288974204171j),4,3,DG Hilar Ectopic Granule,(0.09346875318320116-0.29990670492986865j),0.014040869863959773,-0.02313226932623717,0.027060079650995612
24,(0.0002861949098103906-0.013840288974204171j),4,4,DG Total Molecular Layer,(0.1374036199881421+0.18422799339289186j),0.02043334049930972,-0.032088384559795506,0.03804189568906961
24,(0.0002861949098103906-0.013840288974204171j),4,5,CA3 Basket CCK+,(0.02461669223035315-0.21111954759925491j),0.00899126342115194,-0.018511695428230935,0.020579739685820397
24,(0.0002861949098103906-0.013840288974204171j),5,1,DG Mossy,(0.0022132308810417518-0.37577445267497256j),0.016828087394864768,-0.03927345989319544,0.042726913969436606
24,(0.0002861949098103906-0.013840288974204171j),5,2,DG Granule,(-0.09662313208390144-0.3341408319974071j),0.008125999984978755,-0.018135645357095366,0.019872934063046892
24,(0.0002861949098103906-0.013840288974204171j),5,3,DG Hilar Ectopic Granule,(0.09346875318320116-0.29990670492986865j),0.012342302866765395,-0.02838481968766041,0.030952066631421547
24,(0.0002861949098103906-0.013840288974204171j),5,4,DG Total Molecular Layer,(0.1374036199881421+0.18422799339289186j),0.01768291624355688,-0.04159447981249897,0.045197193250787505
24,(0.0002861949098103906-0.013840288974204171j),5,5,CA3 Basket CCK+,(0.02461669223035315-0.21111954759925491j),0.00879161966736566,-0.01850098899597757,0.020483631763066185
24,(0.0002861949098103906-0.013840288974204171j),6,1,DG Mossy,(0.0022132308810417518-0.37577445267497256j),0.015938071453332023,-0.03526936043393454,0.0387033578268127
24,(0.0002861949098103906-0.013840288974204171j),6,2,DG Granule,(-0.09662313208390144-0.3341408319974071j),0.008630641078664396,-0.018051434462145213,0.020008554459776774
24,(0.0002861949098103906-0.013840288974204171j),6,3,DG Hilar Ectopic Granule,(0.09346875318320116-0.29990670492986865j),0.01203184722840843,-0.026294136411063963,0.028916205790722255
24,(0.0002861949098103906-0.013840288974204171j),6,4,DG Total Molecular Layer,(0.1374036199881421+0.18422799339289186j),0.017086220081665854,-0.03752561641843104,0.04123239993333328
24,(0.0002861949098103906-0.013840288974204171j),6,5,CA3 Basket CCK+,(0.02461669223035315-0.21111954759925491j),0.00826857815495621,-0.017300321754652244,0.01917473643936502
24,(0.0002861949098103906-0.013840288974204171j),7,1,DG Mossy,(0.0022132308810417518-0.37577445267497256j),0.01667824504664984,-0.0349519156144056,0.03872725478203471
24,(0.0002861949098103906-0.013840288974204171j),7,2,DG Granule,(-0.09662313208390144-0.3341408319974071j),0.008321271745518683,-0.017334488931930833,0.019228314278532065
24,(0.0002861949098103906-0.013840288974204171j),7,3,DG Hilar Ectopic Granule,(0.09346875318320116-0.29990670492986865j),0.012328371902698332,-0.02581646536216091,0.028609065653510873
24,(0.0002861949098103906-0.013840288974204171j),7,4,DG Total Molecular Layer,(0.1374036199881421+0.18422799339289186j),0.017763137889656114,-0.03715265998419239,0.04118068979009394
24,(0.0002861949098103906-0.013840288974204171j),7,5,CA3 Basket CCK+,(0.02461669223035315-0.21111954759925491j),0.007908690064402575,-0.016530794089392672,0.01832524302050807
24,(0.0002861949098103906-0.013840288974204171j),8,1,DG Mossy,(0.0022132308810417518-0.37577445267497256j),0.016085831491468316,-0.033540630481664606,0.03719849281731026
24,(0.0002861949098103906-0.013840288974204171j),8,2,DG Granule,(-0.09662313208390144-0.3341408319974071j),0.007930524753698454,-0.016599145600181425,0.018396327283592404
24,(0.0002861949098103906-0.013840288974204171j),8,3,DG Hilar Ectopic Granule,(0.09346875318320116-0.29990670492986865j),0.011873989791833472,-0.02478204719032327,0.027479838000249838
24,(0.0002861949098103906-0.013840288974204171j),8,4,DG Total Molecular Layer,(0.1374036199881421+0.18422799339289186j),0.01708325372681718,-0.03563278812279674,0.039516239032819624
24,(0.0002861949098103906-0.013840288974204171j),8,5,CA3 Basket CCK+,(0.02461669223035315-0.21111954759925491j),0.007505086188102768,-0.01568366909464959,0.01738688571772753
24,(0.0002861949098103906-0.013840288974204171j),9,1,DG Mossy,(0.0022132308810417518-0.37577445267497256j),0.015340172518656072,-0.03210126457545432,0.035578252911651655
24,(0.0002861949098103906-0.013840288974204171j),9,2,DG Granule,(-0.09662313208390144-0.3341408319974071j),0.007537868282438586,-0.015770101448719438,0.017479003345336842
24,(0.0002861949098103906-0.013840288974204171j),9,3,DG Hilar Ectopic Granule,(0.09346875318320116-0.29990670492986865j),0.011315948562959886,-0.02367784099126288,0.026242919919229314
24,(0.0002861949098103906-0.013840288974204171j),9,4,DG Total Molecular Layer,(0.1374036199881421+0.18422799339289186j),0.016281374038543364,-0.03407407416902753,0.037764079110436985
24,(0.0002861949098103906-0.013840288974204171j),9,5,CA3 Basket CCK+,(0.02461669223035315-0.21111954759925491j),0.007132995799727798,-0.014909647540560522,0.01652807365855673
24,(0.0002861949098103906-0.013840288974204171j),10,1,DG Mossy,(0.0022132308810417518-0.37577445267497256j),0.01458298292367815,-0.0305058028056712,0.03381223736712472
24,(0.0002861949098103906-0.013840288974204171j),10,2,DG Granule,(-0.09662313208390144-0.3341408319974071j),0.0071723075061999614,-0.014993251212800167,0.01662045657897598
24,(0.0002861949098103906-0.013840288974204171j),10,3,DG Hilar Ectopic Granule,(0.09346875318320116-0.29990670492986865j),0.01076052947034079,-0.022506398792102235,0.024946482338622688
24,(0.0002861949098103906-0.013840288974204171j),10,4,DG Total Molecular Layer,(0.1374036199881421+0.18422799339289186j),0.015479180763291153,-0.03237811397871532,0.03588798269506553
24,(0.0002861949098103906-0.013840288974204171j),10,5,CA3 Basket CCK+,(0.02461669223035315-0.21111954759925491j),0.006775321955114123,-0.014161471098840077,0.01569879776539383
25,(-0.0037215433032662397-0.013161049671448537j),0,1,EC LI II Multipolar Pyramidal,(0.10296324308867365+0.2817329139605554j),0.10296324308867365,0.2817329139605554,0.2999581041346325
25,(-0.0037215433032662397-0.013161049671448537j),0,2,CA1 Radial Trilaminar,(0.09195111604426282+0.28418762370509987j),0.09195111604426282,0.28418762370509987,0.2986931756986371
25,(-0.0037215433032662397-0.013161049671448537j),0,3,CA1 Neurogliaform Projecting,(-0.009710022459441477+0.22715475146786612j),-0.009710022459441477,0.22715475146786612,0.22736219045960762
25,(-0.0037215433032662397-0.013161049671448537j),0,4,CA3 LMR Targeting,(-0.04666958128294567-0.21474765777449664j),-0.04666958128294567,-0.21474765777449664,0.2197603384069969
25,(-0.0037215433032662397-0.013161049671448537j),0,5,MEC LII Stellate,(0.19340237817132078+0.10354977016508303j),0.19340237817132078,0.10354977016508303,0.21937874733794085
25,(-0.0037215433032662397-0.013161049671448537j),1,1,EC LI II Multipolar Pyramidal,(0.10296324308867365+0.2817329139605554j),0.06292662190358667,0.17266947966280646,0.18377842351925128
25,(-0.0037215433032662397-0.013161049671448537j),1,2,CA1 Radial Trilaminar,(0.09195111604426282+0.28418762370509987j),0.032795422711238344,0.23073906320808316,0.23305805079626107
25,(-0.0037215433032662397-0.013161049671448537j),1,3,CA1 Neurogliaform Projecting,(-0.009710022459441477+0.22715475146786612j),-0.009627012443169781,-0.003773765650427423,0.010340245440282921
25,(-0.0037215433032662397-0.013161049671448537j),1,4,CA3 LMR Targeting,(-0.04666958128294567-0.21474765777449664j),0.059385388267759576,0.03948206602468996,0.07131239637882415
25,(-0.0037215433032662397-0.013161049671448537j),1,5,MEC LII Stellate,(0.19340237817132078+0.10354977016508303j),0.08661618789159996,0.2364930397104132,0.2518557560119363
25,(-0.0037215433032662397-0.013161049671448537j),2,1,EC LI II Multipolar Pyramidal,(0.10296324308867365+0.2817329139605554j),0.06402480632835354,0.17576747810185062,0.18706518164444103
25,(-0.0037215433032662397-0.013161049671448537j),2,2,CA1 Radial Trilaminar,(0.09195111604426282+0.28418762370509987j),-0.028941353096549983,0.0571333199369654,0.06404543829250317
25,(-0.0037215433032662397-0.013161049671448537j),2,3,CA1 Neurogliaform Projecting,(-0.009710022459441477+0.22715475146786612j),0.01044643108441215,0.02445976053389388,0.02659713909007518
25,(-0.0037215433032662397-0.013161049671448537j),2,4,CA3 LMR Targeting,(-0.04666958128294567-0.21474765777449664j),0.03482279879026222,0.08881021747166233,0.09539330187676201
25,(-0.0037215433032662397-0.013161049671448537j),2,5,MEC LII Stellate,(0.19340237817132078+0.10354977016508303j),0.06690657017420121,0.1823412607969508,0.19422879426464276
25,(-0.0037215433032662397-0.013161049671448537j),3,1,EC LI II Multipolar Pyramidal,(0.10296324308867365+0.2817329139605554j),0.0598255150735058,0.16478893008671547,0.17531253159125468
25,(-0.0037215433032662397-0.013161049671448537j),3,2,CA1 Radial Trilaminar,(0.09195111604426282+0.28418762370509987j),0.049518982928888025,0.056511261155320514,0.07513755590699195
25,(-0.0037215433032662397-0.013161049671448537j),3,3,CA1 Neurogliaform Projecting,(-0.009710022459441477+0.22715475146786612j),0.007008258104275519,0.018578329184070437,0.019856233200882457
25,(-0.0037215433032662397-0.013161049671448537j),3,4,CA3 LMR Targeting,(-0.04666958128294567-0.21474765777449664j),0.02606274823365117,0.07076598420899262,0.0754128063829883
25,(-0.0037215433032662397-0.013161049671448537j),3,5,MEC LII Stellate,(0.19340237817132078+0.10354977016508303j),0.06540089017043536,0.18000792477776092,0.1915205717876839
25,(-0.0037215433032662397-0.013161049671448537j),4,1,EC LI II Multipolar Pyramidal,(0.10296324308867365+0.2817329139605554j),0.056736627899575724,0.1567931863512035,0.1667427606571816
25,(-0.0037215433032662397-0.013161049671448537j),4,2,CA1 Radial Trilaminar,(0.09195111604426282+0.28418762370509987j),0.025595716498534878,0.07380114296015335,0.07811369537602458
25,(-0.0037215433032662397-0.013161049671448537j),4,3,CA1 Neurogliaform Projecting,(-0.009710022459441477+0.22715475146786612j),0.0063776080315923874,0.018415334569026328,0.019488417880726177
25,(-0.0037215433032662397-0.013161049671448537j),4,4,CA3 LMR Targeting,(-0.04666958128294567-0.21474765777449664j),0.025252667374273455,0.06948237928570179,0.07392900811398606
25,(-0.0037215433032662397-0.013161049671448537j),4,5,MEC LII Stellate,(0.19340237817132078+0.10354977016508303j),0.06145075614053615,0.16982363428492842,0.1805997292134868
25,(-0.0037215433032662397-0.013161049671448537j),5,1,EC LI II Multipolar Pyramidal,(0.10296324308867365+0.2817329139605554j),0.05386130264290487,0.1488075764951078,0.15825528346547535
25,(-0.0037215433032662397-0.013161049671448537j),5,2,CA1 Radial Trilaminar,(0.09195111604426282+0.28418762370509987j),0.02479886905123691,0.06613540481693442,0.07063197347179384
25,(-0.0037215433032662397-0.013161049671448537j),5,3,CA1 Neurogliaform Projecting,(-0.009710022459441477+0.22715475146786612j),0.0060900114932669076,0.01709843637051535,0.018150613386458465
25,(-0.0037215433032662397-0.013161049671448537j),5,4,CA3 LMR Targeting,(-0.04666958128294567-0.21474765777449664j),0.02360080395867953,0.06574508665600233,0.06985280500381699
25,(-0.0037215433032662397-0.013161049671448537j),5,5,MEC LII Stellate,(0.19340237817132078+0.10354977016508303j),0.058424088975928795,0.1614133374003067,0.17166140994228288
25,(-0.0037215433032662397-0.013161049671448537j),6,1,EC LI II Multipolar Pyramidal,(0.10296324308867365+0.2817329139605554j),0.05118923270897095,0.14134992087578604,0.15033342168967004
25,(-0.0037215433032662397-0.013161049671448537j),6,2,CA1 Radial Trilaminar,(0.09195111604426282+0.28418762370509987j),0.022418025366436493,0.0640229658186561,0.06783441614362873
25,(-0.0037215433032662397-0.013161049671448537j),6,3,CA1 Neurogliaform Projecting,(-0.009710022459441477+0.22715475146786612j),0.005896071071619674,0.01625791733620456,0.01729403163500204
25,(-0.0037215433032662397-0.013161049671448537j),6,4,CA3 LMR Targeting,(-0.04666958128294567-0.21474765777449664j),0.022606791813124444,0.06235198569732281,0.06632372996508187
25,(-0.0037215433032662397-0.013161049671448537j),6,5,MEC LII Stellate,(0.19340237817132078+0.10354977016508303j),0.055509024393018615,0.15328446083564928,0.1630256965105208
25,(-0.0037215433032662397-0.013161049671448537j),7,1,EC LI II Multipolar Pyramidal,(0.10296324308867365+0.2817329139605554j),0.0486352457414178,0.13427445182853706,0.14281111841233587
25,(-0.0037215433032662397-0.013161049671448537j),7,2,CA1 Radial Trilaminar,(0.09195111604426282+0.28418762370509987j),0.022109124377789596,0.0601508991908347,0.06408544338785938
25,(-0.0037215433032662397-0.013161049671448537j),7,3,CA1 Neurogliaform Projecting,(-0.009710022459441477+0.22715475146786612j),0.005596976563601958,0.015452348800202284,0.01643475677023005
25,(-0.0037215433032662397-0.013161049671448537j),7,4,CA3 LMR Targeting,(-0.04666958128294567-0.21474765777449664j),0.02148220887605413,0.05928047780620194,0.06305283774046985
25,(-0.0037215433032662397-0.013161049671448537j),7,5,MEC LII Stellate,(0.19340237817132078+0.10354977016508303j),0.052744371527543576,0.14561730414231525,0.15487533048717309
25,(-0.0037215433032662397-0.013161049671448537j),8,1,EC LI II Multipolar Pyramidal,(0.10296324308867365+0.2817329139605554j),0.04620413163876031,0.12755903566013058,0.13566919089842894
25,(-0.0037215433032662397-0.013161049671448537j),8,2,CA1 Radial Trilaminar,(0.09195111604426282+0.28418762370509987j),0.02086001650701994,0.05754637350630369,0.06121050067104627
25,(-0.0037215433032662397-0.013161049671448537j),8,3,CA1 Neurogliaform Projecting,(-0.009710022459441477+0.22715475146786612j),0.0053146336987295855,0.014676944266136274,0.015609549139643417
25,(-0.0037215433032662397-0.013161049671448537j),8,4,CA3 LMR Targeting,(-0.04666958128294567-0.21474765777449664j),0.02040215346322236,0.05631602341437828,0.05989776589444451
25,(-0.0037215433032662397-0.013161049671448537j),8,5,MEC LII Stellate,(0.19340237817132078+0.10354977016508303j),0.050107099276684344,0.1383342588783386,0.14712949594606345
25,(-0.0037215433032662397-0.013161049671448537j),9,1,EC LI II Multipolar Pyramidal,(0.10296324308867365+0.2817329139605554j),0.0438941075535803,0.1211798405082449,0.1288846244651741
25,(-0.0037215433032662397-0.013161049671448537j),9,2,CA1 Radial Trilaminar,(0.09195111604426282+0.28418762370509987j),0.019797445183797703,0.05460869322245303,0.05808655792237531
25,(-0.0037215433032662397-0.013161049671448537j),9,3,CA1 Neurogliaform Projecting,(-0.009710022459441477+0.22715475146786612j),0.005048812831942908,0.013941612866051377,0.014827645811754496
25,(-0.0037215433032662397-0.013161049671448537j),9,4,CA3 LMR Targeting,(-0.04666958128294567-0.21474765777449664j),0.019377822954994368,0.05350138307083671,0.05690253081337877
25,(-0.0037215433032662397-0.013161049671448537j),9,5,MEC LII Stellate,(0.19340237817132078+0.10354977016508303j),0.047602038976497014,0.1314162670303535,0.13977191904997627
25,(-0.0037215433032662397-0.013161049671448537j),10,1,EC LI II Multipolar Pyramidal,(0.10296324308867365+0.2817329139605554j),0.0416996779560616,0.11512037709254025,0.1224400439544511
25,(-0.0037215433032662397-0.013161049671448537j),10,2,CA1 Radial Trilaminar,(0.09195111604426282+0.28418762370509987j),0.018792742950464736,0.05189913022677951,0.05519680159120146
25,(-0.0037215433032662397-0.013161049671448537j),10,3,CA1 Neurogliaform Projecting,(-0.009710022459441477+0.22715475146786612j),0.00479724113189572,0.013243839236154827,0.01408590785823428
25,(-0.0037215433032662397-0.013161049671448537j),10,4,CA3 LMR Targeting,(-0.04666958128294567-0.21474765777449664j),0.01841021809279149,0.05082461862738208,0.05405624837928526
25,(-0.0037215433032662397-0.013161049671448537j),10,5,MEC LII Stellate,(0.19340237817132078+0.10354977016508303j),0.045222167157341724,0.12484497483507025,0.13278295125495546
26,(0.012722559095856234+4.799432482140938e-20j),0,1,DG Granule,(0.1097461306520495+0.4995608386144728j),0.1097461306520495,0.4995608386144728,0.5114736011470113
26,(0.012722559095856234+4.799432482140938e-20j),0,2,MEC LIII Complex Pyramidal,(-0.08421405874148859-0.38333967273442887j),-0.08421405874148859,-0.38333967273442887,0.39248097072578425
26,(0.012722559095856234+4.799432482140938e-20j),0,3,CA1 LMR,(0.044555297470786424+0.20281427360562435j),0.044555297470786424,0.20281427360562435,0.2076506780891585
26,(0.012722559095856234+4.799432482140938e-20j),0,4,CA3 Basket,(-0.042140427246423855-0.1918218624175479j),-0.042140427246423855,-0.1918218624175479,0.1963961366978684
26,(0.012722559095856234+4.799432482140938e-20j),0,5,CA3 Mossy Fiber Associated ORDEN,(0.0387856691269732+0.17655111191778824j),0.0387856691269732,0.17655111191778824,0.18076123270500905
26,(0.012722559095856234+4.799432482140938e-20j),1,1,DG Granule,(0.1097461306520495+0.4995608386144728j),0.005922755652088702,0.02696019224446989,0.02760309765901507
26,(0.012722559095856234+4.799432482140938e-20j),1,2,MEC LIII Complex Pyramidal,(-0.08421405874148859-0.38333967273442887j),-0.015863714556116487,-0.0722111157824792,0.07393309598595584
26,(0.012722559095856234+4.799432482140938e-20j),1,3,CA1 LMR,(0.044555297470786424+0.20281427360562435j),0.04377771154659677,0.1992747276182162,0.20402672642468017
26,(0.012722559095856234+4.799432482140938e-20j),1,4,CA3 Basket,(-0.042140427246423855-0.1918218624175479j),0.052887407999965434,0.2407417713557008,0.24648261277509073
26,(0.012722559095856234+4.799432482140938e-20j),1,5,CA3 Mossy Fiber Associated ORDEN,(0.0387856691269732+0.17655111191778824j),0.040000509139497105,0.18208102437878465,0.1864230140574027
26,(0.012722559095856234+4.799432482140938e-20j),2,1,DG Granule,(0.1097461306520495+0.4995608386144728j),-0.007234286264928544,-0.03293023719207984,0.03371550710414381
26,(0.012722559095856234+4.799432482140938e-20j),2,2,MEC LIII Complex Pyramidal,(-0.08421405874148859-0.38333967273442887j),-0.010434982456647876,-0.04749970277765829,0.04863240301318071
26,(0.012722559095856234+4.799432482140938e-20j),2,3,CA1 LMR,(0.044555297470786424+0.20281427360562435j),0.11335630048389667,0.5159942149715527,0.5282988555197753
26,(0.012722559095856234+4.799432482140938e-20j),2,4,CA3 Basket,(-0.042140427246423855-0.1918218624175479j),-0.0113647894620307,-0.05173215420531948,0.05296578346668006
26,(0.012722559095856234+4.799432482140938e-20j),2,5,CA3 Mossy Fiber Associated ORDEN,(0.0387856691269732+0.17655111191778824j),0.0029972279993933067,0.013643284952276636,0.01396862913708304
26,(0.012722559095856234+4.799432482140938e-20j),3,1,DG Granule,(0.1097461306520495+0.4995608386144728j),-0.003085487000981586,-0.014045037074075357,0.014379961628786693
26,(0.012722559095856234+4.799432482140938e-20j),3,2,MEC LIII Complex Pyramidal,(-0.08421405874148859-0.38333967273442887j),-0.009455571249417974,-0.043041454626900955,0.04406784138181031
26,(0.012722559095856234+4.799432482140938e-20j),3,3,CA1 LMR,(0.044555297470786424+0.20281427360562435j),-0.0029040821360550176,-0.01321928799378553,0.013534521347856973
26,(0.012722559095856234+4.799432482140938e-20j),3,4,CA3 Basket,(-0.042140427246423855-0.1918218624175479j),-0.014630902403410308,-0.06659939472041655,0.0681875551861479
26,(0.012722559095856234+4.799432482140938e-20j),3,5,CA3 Mossy Fiber Associated ORDEN,(0.0387856691269732+0.17655111191778824j),-0.0020923753695341694,-0.00952442503521902,0.009751548950732906
26,(0.012722559095856234+4.799432482140938e-20j),4,1,DG Granule,(0.1097461306520495+0.4995608386144728j),-0.0017740890754288877,-0.008075596114708858,0.008268170574888796
26,(0.012722559095856234+4.799432482140938e-20j),4,2,MEC LIII Complex Pyramidal,(-0.08421405874148859-0.38333967273442887j),-0.008264859956551372,-0.03762137531769897,0.03851851231416623
26,(0.012722559095856234+4.799432482140938e-20j),4,3,CA1 LMR,(0.044555297470786424+0.20281427360562435j),-0.023270516908355483,-0.10592664062651726,0.10845261708046236
26,(0.012722559095856234+4.799432482140938e-20j),4,4,CA3 Basket,(-0.042140427246423855-0.1918218624175479j),-0.015814718131830025,-0.07198808564319052,0.07370474736514987
26,(0.012722559095856234+4.799432482140938e-20j),4,5,CA3 Mossy Fiber Associated ORDEN,(0.0387856691269732+0.17655111191778824j),-0.002738287545040132,-0.012464596375656011,0.012761832998724708
26,(0.012722559095856234+4.799432482140938e-20j),5,1,DG Granule,(0.1097461306520495+0.4995608386144728j),-0.002959320022075652,-0.013470729065099052,0.013791958401124993
26,(0.012722559095856234+4.799432482140938e-20j),5,2,MEC LIII Complex Pyramidal,(-0.08421405874148859-0.38333967273442887j),-0.008409783933047362,-0.0382810645732886,0.03919393282977396
26,(0.012722559095856234+4.799432482140938e-20j),5,3,CA1 LMR,(0.044555297470786424+0.20281427360562435j),-0.02357208103243238,-0.10729935076968763,0.10985806151482932
26,(0.012722559095856234+4.799432482140938e-20j),5,4,CA3 Basket,(-0.042140427246423855-0.1918218624175479j),-0.01474255343180237,-0.06710762659195718,0.06870790659374731
26,(0.012722559095856234+4.799432482140938e-20j),5,5,CA3 Mossy Fiber Associated ORDEN,(0.0387856691269732+0.17655111191778824j),-0.0026394197563312377,-0.012014553397867968,0.012301058084584935
26,(0.012722559095856234+4.799432482140938e-20j),6,1,DG Granule,(0.1097461306520495+0.4995608386144728j),-0.00321097591892937,-0.014616258571493288,0.014964804742484792
26,(0.012722559095856234+4.799432482140938e-20j),6,2,MEC LIII Complex Pyramidal,(-0.08421405874148859-0.38333967273442887j),-0.00823201925322164,-0.037471885497888414,0.038365457689857836
26,(0.012722559095856234+4.799432482140938e-20j),6,3,CA1 LMR,(0.044555297470786424+0.20281427360562435j),-0.022722558168917734,-0.10343235016020798,0.10589884659147013
26,(0.012722559095856234+4.799432482140938e-20j),6,4,CA3 Basket,(-0.042140427246423855-0.1918218624175479j),-0.014436968262043583,-0.0657166127788429,0.06728372201152097
26,(0.012722559095856234+4.799432482140938e-20j),6,5,CA3 Mossy Fiber Associated ORDEN,(0.0387856691269732+0.17655111191778824j),-0.0028424678265651323,-0.012938821648989237,0.013247366870794001
26,(0.012722559095856234+4.799432482140938e-20j),7,1,DG Granule,(0.1097461306520495+0.4995608386144728j),-0.0030740912953286887,-0.013993164190369344,0.014326851759917478
26,(0.012722559095856234+4.799432482140938e-20j),7,2,MEC LIII Complex Pyramidal,(-0.08421405874148859-0.38333967273442887j),-0.0078804086155783,-0.035871365242975926,0.03672677067676196
26,(0.012722559095856234+4.799432482140938e-20j),7,3,CA1 LMR,(0.044555297470786424+0.20281427360562435j),-0.022834628767062,-0.10394249189969654,0.1064211534106261
26,(0.012722559095856234+4.799432482140938e-20j),7,4,CA3 Basket,(-0.042140427246423855-0.1918218624175479j),-0.01387007845324932,-0.0631361486968687,0.06464172297032626
26,(0.012722559095856234+4.799432482140938e-20j),7,5,CA3 Mossy Fiber Associated ORDEN,(0.0387856691269732+0.17655111191778824j),-0.002805286523545629,-0.012769573559723182,0.013074082812051026
26,(0.012722559095856234+4.799432482140938e-20j),8,1,DG Granule,(0.1097461306520495+0.4995608386144728j),-0.0029184658003354423,-0.013284761968562462,0.013601556645806803
26,(0.012722559095856234+4.799432482140938e-20j),8,2,MEC LIII Complex Pyramidal,(-0.08421405874148859-0.38333967273442887j),-0.007496719672499485,-0.034124825578818956,0.03493858220696508
26,(0.012722559095856234+4.799432482140938e-20j),8,3,CA1 LMR,(0.044555297470786424+0.20281427360562435j),-0.022096544391112777,-0.10058275568278634,0.10298129934493692
26,(0.012722559095856234+4.799432482140938e-20j),8,4,CA3 Basket,(-0.042140427246423855-0.1918218624175479j),-0.013214962412731124,-0.0601540816604583,0.06158854416190548
26,(0.012722559095856234+4.799432482140938e-20j),8,5,CA3 Mossy Fiber Associated ORDEN,(0.0387856691269732+0.17655111191778824j),-0.002688982219464367,-0.012240160127685942,0.012532044738508883
26,(0.012722559095856234+4.799432482140938e-20j),9,1,DG Granule,(0.1097461306520495+0.4995608386144728j),-0.0027865426728406013,-0.012684252157306215,0.012986726795374152
26,(0.012722559095856234+4.799432482140938e-20j),9,2,MEC LIII Complex Pyramidal,(-0.08421405874148859-0.38333967273442887j),-0.007130434177591889,-0.03245750584808057,0.0332315027863495
26,(0.012722559095856234+4.799432482140938e-20j),9,3,CA1 LMR,(0.044555297470786424+0.20281427360562435j),-0.021072555937367867,-0.09592159334708462,0.09820898474160583
26,(0.012722559095856234+4.799432482140938e-20j),9,4,CA3 Basket,(-0.042140427246423855-0.1918218624175479j),-0.012558332857435057,-0.057165125153711305,0.05852831159360066
26,(0.012722559095856234+4.799432482140938e-20j),9,5,CA3 Mossy Fiber Associated ORDEN,(0.0387856691269732+0.17655111191778824j),-0.0025592987473652133,-0.011649845155382366,0.011927652837949766
26,(0.012722559095856234+4.799432482140938e-20j),10,1,DG Granule,(0.1097461306520495+0.4995608386144728j),-0.0026533316369654297,-0.012077879828741025,0.012365894627289648
26,(0.012722559095856234+4.799432482140938e-20j),10,2,MEC LIII Complex Pyramidal,(-0.08421405874148859-0.38333967273442887j),-0.006777927326395661,-0.03085290605805013,0.03158863895562402
26,(0.012722559095856234+4.799432482140938e-20j),10,3,CA1 LMR,(0.044555297470786424+0.20281427360562435j),-0.020037653068022097,-0.09121074894443283,0.09338580332940746
26,(0.012722559095856234+4.799432482140938e-20j),10,4,CA3 Basket,(-0.042140427246423855-0.1918218624175479j),-0.011936007777517002,-0.05433232150981471,0.055627955582699784
26,(0.012722559095856234+4.799432482140938e-20j),10,5,CA3 Mossy Fiber Associated ORDEN,(0.0387856691269732+0.17655111191778824j),-0.0024358384877703632,-0.01108785804520071,0.011352264319025765
27,(-0.008309595060107911+2.3213820648045245e-18j),0,1,CA1 Radial Trilaminar,(0.40891854427740176-0.308871069649049j),0.40891854427740176,-0.308871069649049,0.5124604506887308
27,(-0.008309595060107911+2.3213820648045245e-18j),0,2,CA1 Horizontal Basket,(-0.29531654352331854+0.2230633409993487j),-0.29531654352331854,0.2230633409993487,0.37009338683142096
27,(-0.008309595060107911+2.3213820648045245e-18j),0,3,LEC LVI Multipolar Pyramidal,(0.18976538440210755-0.143336706253361j),0.18976538440210755,-0.143336706253361,0.23781571116484704
27,(-0.008309595060107911+2.3213820648045245e-18j),0,4,CA1 Bistratified,(0.1787363533152494-0.13500607738689513j),0.1787363533152494,-0.13500607738689513,0.22399402877717517
27,(-0.008309595060107911+2.3213820648045245e-18j),0,5,CA3 Lucidum ORAX,(-0.16036312906627093+0.12112811194340561j),-0.16036312906627093,0.12112811194340561,0.20096853650982205
27,(-0.008309595060107911+2.3213820648045245e-18j),1,1,CA1 Radial Trilaminar,(0.40891854427740176-0.308871069649049j),-0.12363811466627382,0.09338837101126343,0.15494441338224513
27,(-0.008309595060107911+2.3213820648045245e-18j),1,2,CA1 Horizontal Basket,(-0.29531654352331854+0.2230633409993487j),-0.049293055030936506,0.037232839759270664,0.06177450631791776
27,(-0.008309595060107911+2.3213820648045245e-18j),1,3,LEC LVI Multipolar Pyramidal,(0.18976538440210755-0.143336706253361j),-0.020818233505430873,0.015724769984175577,0.026089600175968085
27,(-0.008309595060107911+2.3213820648045245e-18j),1,4,CA1 Bistratified,(0.1787363533152494-0.13500607738689513j),-0.1785676354421103,0.1348786386324666,0.22378258999916398
27,(-0.008309595060107911+2.3213820648045245e-18j),1,5,CA3 Lucidum ORAX,(-0.16036312906627093+0.12112811194340561j),-0.04221372298477883,0.03188556242959767,0.05290262280537152
27,(-0.008309595060107911+2.3213820648045245e-18j),2,1,CA1 Radial Trilaminar,(0.40891854427740176-0.308871069649049j),-0.03752587101754852,0.028344657103248447,0.04702776394776197
27,(-0.008309595060107911+2.3213820648045245e-18j),2,2,CA1 Horizontal Basket,(-0.29531654352331854+0.2230633409993487j),-0.10098995579352131,0.07628139174973318,0.12656153403958745
27,(-0.008309595060107911+2.3213820648045245e-18j),2,3,LEC LVI Multipolar Pyramidal,(0.18976538440210755-0.143336706253361j),-0.03533047181710133,0.026686392128870612,0.04427646963879165
27,(-0.008309595060107911+2.3213820648045245e-18j),2,4,CA1 Bistratified,(0.1787363533152494-0.13500607738689513j),-0.08500746569839393,0.06420923488519027,0.10653213162705963
27,(-0.008309595060107911+2.3213820648045245e-18j),2,5,CA3 Lucidum ORAX,(-0.16036312906627093+0.12112811194340561j),-0.024532153096101232,0.01853002871507519,0.030743918093048266
27,(-0.008309595060107911+2.3213820648045245e-18j),3,1,CA1 Radial Trilaminar,(0.40891854427740176-0.308871069649049j),-0.01510156785938343,0.011406764215958836,0.01892542262909977
27,(-0.008309595060107911+2.3213820648045245e-18j),3,2,CA1 Horizontal Basket,(-0.29531654352331854+0.2230633409993487j),-0.06457785532598456,0.04877800610736624,0.08092955750721767
27,(-0.008309595060107911+2.3213820648045245e-18j),3,3,LEC LVI Multipolar Pyramidal,(0.18976538440210755-0.143336706253361j),-0.02413854901349705,0.01823272521609349,0.0302506498654586
27,(-0.008309595060107911+2.3213820648045245e-18j),3,4,CA1 Bistratified,(0.1787363533152494-0.13500607738689513j),-0.04475668542933865,0.033806354580798545,0.05608948654305416
27,(-0.008309595060107911+2.3213820648045245e-18j),3,5,CA3 Lucidum ORAX,(-0.16036312906627093+0.12112811194340561j),-0.021838923953308522,0.01649573465385981,0.027368738758096693
27,(-0.008309595060107911+2.3213820648045245e-18j),4,1,CA1 Radial Trilaminar,(0.40891854427740176-0.308871069649049j),-0.02073721649933891,0.01566357488876714,0.0259880689247291
27,(-0.008309595060107911+2.3213820648045245e-18j),4,2,CA1 Horizontal Basket,(-0.29531654352331854+0.2230633409993487j),-0.047642293358908086,0.03598595934626323,0.059705756728871365
27,(-0.008309595060107911+2.3213820648045245e-18j),4,3,LEC LVI Multipolar Pyramidal,(0.18976538440210755-0.143336706253361j),-0.01500975397792598,0.011337413847355482,0.01881036063514128
27,(-0.008309595060107911+2.3213820648045245e-18j),4,4,CA1 Bistratified,(0.1787363533152494-0.13500607738689513j),-0.04035883230925765,0.03048449594570247,0.05057805688666113
27,(-0.008309595060107911+2.3213820648045245e-18j),4,5,CA3 Lucidum ORAX,(-0.16036312906627093+0.12112811194340561j),-0.019206577484183057,0.014507427493463286,0.02406985814528249
27,(-0.008309595060107911+2.3213820648045245e-18j),5,1,CA1 Radial Trilaminar,(0.40891854427740176-0.308871069649049j),-0.018783402390988416,0.014187787933181576,0.023539531257412965
27,(-0.008309595060107911+2.3213820648045245e-18j),5,2,CA1 Horizontal Basket,(-0.29531654352331854+0.2230633409993487j),-0.046003194891508906,0.03474788857649579,0.05765162357428209
27,(-0.008309595060107911+2.3213820648045245e-18j),5,3,LEC LVI Multipolar Pyramidal,(0.18976538440210755-0.143336706253361j),-0.013232463000319123,0.009994961241541086,0.016583043365882004
27,(-0.008309595060107911+2.3213820648045245e-18j),5,4,CA1 Bistratified,(0.1787363533152494-0.13500607738689513j),-0.03546628132861813,0.026788973999215513,0.04444666735775959
27,(-0.008309595060107911+2.3213820648045245e-18j),5,5,CA3 Lucidum ORAX,(-0.16036312906627093+0.12112811194340561j),-0.017811401741078727,0.013453600441225943,0.022321411174346866
27,(-0.008309595060107911+2.3213820648045245e-18j),6,1,CA1 Radial Trilaminar,(0.40891854427740176-0.308871069649049j),-0.01750711776386244,0.013223763670956836,0.02194007971779195
27,(-0.008309595060107911+2.3213820648045245e-18j),6,2,CA1 Horizontal Basket,(-0.29531654352331854+0.2230633409993487j),-0.0432147343558246,0.03264166277582216,0.05415709938886111
27,(-0.008309595060107911+2.3213820648045245e-18j),6,3,LEC LVI Multipolar Pyramidal,(0.18976538440210755-0.143336706253361j),-0.011937792840872985,0.009017049717138417,0.01496055090940652
27,(-0.008309595060107911+2.3213820648045245e-18j),6,4,CA1 Bistratified,(0.1787363533152494-0.13500607738689513j),-0.03266864436019261,0.024675816904679064,0.040940643183100936
27,(-0.008309595060107911+2.3213820648045245e-18j),6,5,CA3 Lucidum ORAX,(-0.16036312906627093+0.12112811194340561j),-0.01638526799584612,0.012376389682464699,0.020534167352681185
27,(-0.008309595060107911+2.3213820648045245e-18j),7,1,CA1 Radial Trilaminar,(0.40891854427740176-0.308871069649049j),-0.016241196430844033,0.012267567182211411,0.02035361555290193
27,(-0.008309595060107911+2.3213820648045245e-18j),7,2,CA1 Horizontal Basket,(-0.29531654352331854+0.2230633409993487j),-0.040769041086776675,0.030794341575510288,0.051092134269420435
27,(-0.008309595060107911+2.3213820648045245e-18j),7,3,LEC LVI Multipolar Pyramidal,(0.18976538440210755-0.143336706253361j),-0.011090318080547579,0.008376921164923124,0.013898487807350035
27,(-0.008309595060107911+2.3213820648045245e-18j),7,4,CA1 Bistratified,(0.1787363533152494-0.13500607738689513j),-0.03021431729556263,0.022821974284113977,0.03786485811226149
27,(-0.008309595060107911+2.3213820648045245e-18j),7,5,CA3 Lucidum ORAX,(-0.16036312906627093+0.12112811194340561j),-0.015506507703742265,0.01171263002865184,0.019432896936748646
27,(-0.008309595060107911+2.3213820648045245e-18j),8,1,CA1 Radial Trilaminar,(0.40891854427740176-0.308871069649049j),-0.015487744842100144,0.01169845775589439,0.01940938314734513
27,(-0.008309595060107911+2.3213820648045245e-18j),8,2,CA1 Horizontal Basket,(-0.29531654352331854+0.2230633409993487j),-0.038622228201734145,0.02917277561471196,0.048401728774220054
27,(-0.008309595060107911+2.3213820648045245e-18j),8,3,LEC LVI Multipolar Pyramidal,(0.18976538440210755-0.143336706253361j),-0.010368198191378965,0.007831477712422083,0.012993520573573501
27,(-0.008309595060107911+2.3213820648045245e-18j),8,4,CA1 Bistratified,(0.1787363533152494-0.13500607738689513j),-0.02860079462805181,0.021603221847494324,0.03584277678344765
27,(-0.008309595060107911+2.3213820648045245e-18j),8,5,CA3 Lucidum ORAX,(-0.16036312906627093+0.12112811194340561j),-0.014700867971129798,0.011104100996534923,0.01842326187312762
27,(-0.008309595060107911+2.3213820648045245e-18j),9,1,CA1 Radial Trilaminar,(0.40891854427740176-0.308871069649049j),-0.014690128047247617,0.01109598874086967,0.018409802502526683
27,(-0.008309595060107911+2.3213820648045245e-18j),9,2,CA1 Horizontal Basket,(-0.29531654352331854+0.2230633409993487j),-0.03666941045209556,0.027697741245149714,0.04595443975273252
27,(-0.008309595060107911+2.3213820648045245e-18j),9,3,LEC LVI Multipolar Pyramidal,(0.18976538440210755-0.143336706253361j),-0.009816700727703765,0.00741491159210806,0.012302378920195806
27,(-0.008309595060107911+2.3213820648045245e-18j),9,4,CA1 Bistratified,(0.1787363533152494-0.13500607738689513j),-0.02710779775194452,0.02047550693077213,0.03397173947610611
27,(-0.008309595060107911+2.3213820648045245e-18j),9,5,CA3 Lucidum ORAX,(-0.16036312906627093+0.12112811194340561j),-0.013954591547421282,0.010540411233694648,0.01748802144985984
27,(-0.008309595060107911+2.3213820648045245e-18j),10,1,CA1 Radial Trilaminar,(0.40891854427740176-0.308871069649049j),-0.01395250179572764,0.010538832768129927,0.01748540255397033
27,(-0.008309595060107911+2.3213820648045245e-18j),10,2,CA1 Horizontal Basket,(-0.29531654352331854+0.2230633409993487j),-0.03482874628852875,0.026307420563875167,0.04364770262860701
27,(-0.008309595060107911+2.3213820648045245e-18j),10,3,LEC LVI Multipolar Pyramidal,(0.18976538440210755-0.143336706253361j),-0.00931143569208983,0.007033266508532502,0.011669176167492263
27,(-0.008309595060107911+2.3213820648045245e-18j),10,4,CA1 Bistratified,(0.1787363533152494-0.13500607738689513j),-0.025734128608041175,0.019437924596199644,0.0322502447715168
27,(-0.008309595060107911+2.3213820648045245e-18j),10,5,CA3 Lucidum ORAX,(-0.16036312906627093+0.12112811194340561j),-0.01324938252427186,0.010007741174205834,0.016604247067674445
28,(0.00649837652467358+0.0038678721072385423j),0,1,DG Hilar Ectopic Granule,(-0.2620346112821414+0.043518885289716897j),-0.2620346112821414,0.043518885289716897,0.26562385225472973
28,(0.00649837652467358+0.0038678721072385423j),0,2,DG Mossy,(-0.23897709563723893-0.02187949171847968j),-0.23897709563723893,-0.02187949171847968,0.2399765913523006
28,(0.00649837652467358+0.0038678721072385423j),0,3,LEC LIII Multipolar Principal,(0.20623762101465554+0.10164441973425342j),0.20623762101465554,0.10164441973425342,0.22992508428811712
28,(0.00649837652467358+0.0038678721072385423j),0,4,CA1 Perforant Path Associated,(0.22268416179896885-0.052285696752936185j),0.22268416179896885,-0.052285696752936185,0.22874009268392226
28,(0.00649837652467358+0.0038678721072385423j),0,5,CA3 Granule,(-0.18773615405586036+0.023747777829543827j),-0.18773615405586036,0.023747777829543827,0.18923218672183414
28,(0.00649837652467358+0.0038678721072385423j),1,1,DG Hilar Ectopic Granule,(-0.2620346112821414+0.043518885289716897j),0.004646124503444557,0.009847845313176876,0.010888825933670155
28,(0.00649837652467358+0.0038678721072385423j),1,2,DG Mossy,(-0.23897709563723893-0.02187949171847968j),0.05658609683455941,0.020153353815790198,0.060067828535702535
28,(0.00649837652467358+0.0038678721072385423j),1,3,LEC LIII Multipolar Principal,(0.20623762101465554+0.10164441973425342j),0.005719587226531599,0.048014334261148685,0.04835379998080006
28,(0.00649837652467358+0.0038678721072385423j),1,4,CA1 Perforant Path Associated,(0.22268416179896885-0.052285696752936185j),-0.7363061981538644,0.22781956234083686,0.770745464096266
28,(0.00649837652467358+0.0038678721072385423j),1,5,CA3 Granule,(-0.18773615405586036+0.023747777829543827j),-0.016876679662705972,0.020933482507915328,0.0268892730721154
28,(0.00649837652467358+0.0038678721072385423j),2,1,DG Hilar Ectopic Granule,(-0.2620346112821414+0.043518885289716897j),-0.05018951797894731,0.008260368216093343,0.050864736291703315
28,(0.00649837652467358+0.0038678721072385423j),2,2,DG Mossy,(-0.23897709563723893-0.02187949171847968j),-0.08908104527501663,-0.0023229529690215944,0.08911132777478882
28,(0.00649837652467358+0.0038678721072385423j),2,3,LEC LIII Multipolar Principal,(0.20623762101465554+0.10164441973425342j),-0.002271362011674545,0.043467744717950334,0.04352704809946314
28,(0.00649837652467358+0.0038678721072385423j),2,4,CA1 Perforant Path Associated,(0.22268416179896885-0.052285696752936185j),-0.38314756254053794,0.29147809904340133,0.4814161784804395
28,(0.00649837652467358+0.0038678721072385423j),2,5,CA3 Granule,(-0.18773615405586036+0.023747777829543827j),0.021802296156623987,0.08221231764593537,0.08505413153055716
28,(0.00649837652467358+0.0038678721072385423j),3,1,DG Hilar Ectopic Granule,(-0.2620346112821414+0.043518885289716897j),-0.004385116633069492,0.03543554972663059,0.035705845912317104
28,(0.00649837652467358+0.0038678721072385423j),3,2,DG Mossy,(-0.23897709563723893-0.02187949171847968j),-0.008298156145370003,0.04921875065335181,0.04991337307064872
28,(0.00649837652467358+0.0038678721072385423j),3,3,LEC LIII Multipolar Principal,(0.20623762101465554+0.10164441973425342j),0.0033475924664215654,0.041491776766142185,0.04162660104467597
28,(0.00649837652467358+0.0038678721072385423j),3,4,CA1 Perforant Path Associated,(0.22268416179896885-0.052285696752936185j),-0.17633164746169053,0.2956608055811749,0.34425014430420103
28,(0.00649837652467358+0.0038678721072385423j),3,5,CA3 Granule,(-0.18773615405586036+0.023747777829543827j),0.020373264486824187,0.06662001098202587,0.06966559961053474
28,(0.00649837652467358+0.0038678721072385423j),4,1,DG Hilar Ectopic Granule,(-0.2620346112821414+0.043518885289716897j),0.004429066731803073,0.03294911513211505,0.03324546315069378
28,(0.00649837652467358+0.0038678721072385423j),4,2,DG Mossy,(-0.23897709563723893-0.02187949171847968j),0.005326959747291779,0.0444536988241709,0.04477173035855729
28,(0.00649837652467358+0.0038678721072385423j),4,3,LEC LIII Multipolar Principal,(0.20623762101465554+0.10164441973425342j),0.007061063858764686,0.039762443691974445,0.04038453356391517
28,(0.00649837652467358+0.0038678721072385423j),4,4,CA1 Perforant Path Associated,(0.22268416179896885-0.052285696752936185j),0.04917557992671965,0.4390965566948079,0.4418416274666363
28,(0.00649837652467358+0.0038678721072385423j),4,5,CA3 Granule,(-0.18773615405586036+0.023747777829543827j),0.020266670933635027,0.06533049376178986,0.06840183744528731
28,(0.00649837652467358+0.0038678721072385423j),5,1,DG Hilar Ectopic Granule,(-0.2620346112821414+0.043518885289716897j),0.006629757647869498,0.03153189838639795,0.03222133303138791
28,(0.00649837652467358+0.0038678721072385423j),5,2,DG Mossy,(-0.23897709563723893-0.02187949171847968j),0.00869883578994692,0.04282685624153162,0.043701365649522636
28,(0.00649837652467358+0.0038678721072385423j),5,3,LEC LIII Multipolar Principal,(0.20623762101465554+0.10164441973425342j),0.009972059548456686,0.039645073845906376,0.04087999329605298
28,(0.00649837652467358+0.0038678721072385423j),5,4,CA1 Perforant Path Associated,(0.22268416179896885-0.052285696752936185j),0.09685406077764534,0.41604609972238515,0.4271710034439705
28,(0.00649837652467358+0.0038678721072385423j),5,5,CA3 Granule,(-0.18773615405586036+0.023747777829543827j),0.01890001061068221,0.06173668065299044,0.06456491414950712
28,(0.00649837652467358+0.0038678721072385423j),6,1,DG Hilar Ectopic Granule,(-0.2620346112821414+0.043518885289716897j),0.00773507813854447,0.03032836172811969,0.031299216586379026
28,(0.00649837652467358+0.0038678721072385423j),6,2,DG Mossy,(-0.23897709563723893-0.02187949171847968j),0.01008961608637505,0.04078597657200503,0.042015428567403444
28,(0.00649837652467358+0.0038678721072385423j),6,3,LEC LIII Multipolar Principal,(0.20623762101465554+0.10164441973425342j),0.010805166304615288,0.038139592646496814,0.03964063755934189
28,(0.00649837652467358+0.0038678721072385423j),6,4,CA1 Perforant Path Associated,(0.22268416179896885-0.052285696752936185j),0.1117527628777791,0.4053356485070397,0.4204588778482856
28,(0.00649837652467358+0.0038678721072385423j),6,5,CA3 Granule,(-0.18773615405586036+0.023747777829543827j),0.017809056787255913,0.05859776795551104,0.061244272491553224
28,(0.00649837652467358+0.0038678721072385423j),7,1,DG Hilar Ectopic Granule,(-0.2620346112821414+0.043518885289716897j),0.008459757289063745,0.02954772491485345,0.03073492380068183
28,(0.00649837652467358+0.0038678721072385423j),7,2,DG Mossy,(-0.23897709563723893-0.02187949171847968j),0.011384481023029323,0.04006391478717913,0.04165001412050259
28,(0.00649837652467358+0.0038678721072385423j),7,3,LEC LIII Multipolar Principal,(0.20623762101465554+0.10164441973425342j),0.010746656609385584,0.03641471223057131,0.037967379355380464
28,(0.00649837652467358+0.0038678721072385423j),7,4,CA1 Perforant Path Associated,(0.22268416179896885-0.052285696752936185j),0.11188165886644766,0.38558484265436027,0.40148870030860884
28,(0.00649837652467358+0.0038678721072385423j),7,5,CA3 Granule,(-0.18773615405586036+0.023747777829543827j),0.016848167800536638,0.05563472016854336,0.058129879119667584
28,(0.00649837652467358+0.0038678721072385423j),8,1,DG Hilar Ectopic Granule,(-0.2620346112821414+0.043518885289716897j),0.008350270050941883,0.028131573029974807,0.029344716919140024
28,(0.00649837652467358+0.0038678721072385423j),8,2,DG Mossy,(-0.23897709563723893-0.02187949171847968j),0.011291519037712637,0.03812267853270435,0.03975974120497949
28,(0.00649837652467358+0.0038678721072385423j),8,3,LEC LIII Multipolar Principal,(0.20623762101465554+0.10164441973425342j),0.010365860415463647,0.03463625085001591,0.036154127497397916
28,(0.00649837652467358+0.0038678721072385423j),8,4,CA1 Perforant Path Associated,(0.22268416179896885-0.052285696752936185j),0.1097390619081114,0.3684347214706296,0.3844304952700978
28,(0.00649837652467358+0.0038678721072385423j),8,5,CA3 Granule,(-0.18773615405586036+0.023747777829543827j),0.01598562531148069,0.05284816370123678,0.0552129389110177
28,(0.00649837652467358+0.0038678721072385423j),9,1,DG Hilar Ectopic Granule,(-0.2620346112821414+0.043518885289716897j),0.008029598535960924,0.026757831331408632,0.027936642429053984
28,(0.00649837652467358+0.0038678721072385423j),9,2,DG Mossy,(-0.23897709563723893-0.02187949171847968j),0.010877941449582028,0.03627465006096735,0.03787056703069249
28,(0.00649837652467358+0.0038678721072385423j),9,3,LEC LIII Multipolar Principal,(0.20623762101465554+0.10164441973425342j),0.009915880227647632,0.03293526137018853,0.03439558288809315
28,(0.00649837652467358+0.0038678721072385423j),9,4,CA1 Perforant Path Associated,(0.22268416179896885-0.052285696752936185j),0.10528610670547152,0.350235020782521,0.36571810735555443
28,(0.00649837652467358+0.0038678721072385423j),9,5,CA3 Granule,(-0.18773615405586036+0.023747777829543827j),0.01517924613336505,0.05020347153111842,0.052448051126358315
28,(0.00649837652467358+0.0038678721072385423j),10,1,DG Hilar Ectopic Granule,(-0.2620346112821414+0.043518885289716897j),0.007660709011734924,0.025427792854146362,0.026556715007618196
28,(0.00649837652467358+0.0038678721072385423j),10,2,DG Mossy,(-0.23897709563723893-0.02187949171847968j),0.010379417320487496,0.03446706221317923,0.035995981463491214
28,(0.00649837652467358+0.0038678721072385423j),10,3,LEC LIII Multipolar Principal,(0.20623762101465554+0.10164441973425342j),0.009446025708462959,0.03129826220035979,0.032692638597204324
28,(0.00649837652467358+0.0038678721072385423j),10,4,CA1 Perforant Path Associated,(0.22268416179896885-0.052285696752936185j),0.10041381287257839,0.33289763496155955,0.3477121930255092
28,(0.00649837652467358+0.0038678721072385423j),10,5,CA3 Granule,(-0.18773615405586036+0.023747777829543827j),0.014417093341174695,0.0476918421755136,0.0498233317884527
29,(0.0064983765246735894-0.0038678721072385406j),0,1,EC LI II Multipolar Pyramidal,(0.3237122937447469-0.18104357537263238j),0.3237122937447469,-0.18104357537263238,0.3708994814032386
29,(0.0064983765246735894-0.0038678721072385406j),0,2,LEC LIII Multipolar Principal,(0.30254837059650624-0.09875395859813288j),0.30254837059650624,-0.09875395859813288,0.3182575386214797
29,(0.0064983765246735894-0.0038678721072385406j),0,3,MEC LV Multipolar Pyramidal,(-0.2756240095741008+0.11521958466837973j),-0.2756240095741008,0.11521958466837973,0.29873758944072965
29,(0.0064983765246735894-0.0038678721072385406j),0,4,DG Total Molecular Layer,(0.2333132578932505-0.10454638090875527j),0.2333132578932505,-0.10454638090875527,0.2556658406394584
29,(0.0064983765246735894-0.0038678721072385406j),0,5,CA3 Axo Axonic,(-0.17945279484010154+0.12761735605632757j),-0.17945279484010154,0.12761735605632757,0.2202033041140188
29,(0.0064983765246735894-0.0038678721072385406j),1,1,EC LI II Multipolar Pyramidal,(0.3237122937447469-0.18104357537263238j),0.2023785838209697,-0.11562958035062253,0.23308215513299665
29,(0.0064983765246735894-0.0038678721072385406j),1,2,LEC LIII Multipolar Principal,(0.30254837059650624-0.09875395859813288j),0.10958041123016707,-0.06657612236330593,0.12821952501201372
29,(0.0064983765246735894-0.0038678721072385406j),1,3,MEC LV Multipolar Pyramidal,(-0.2756240095741008+0.11521958466837973j),0.006354524249408896,-0.01673488505417098,0.017900736191917944
29,(0.0064983765246735894-0.0038678721072385406j),1,4,DG Total Molecular Layer,(0.2333132578932505-0.10454638090875527j),0.048747297770466484,-0.018831679883916264,0.05225831232610581
29,(0.0064983765246735894-0.0038678721072385406j),1,5,CA3 Axo Axonic,(-0.17945279484010154+0.12761735605632757j),0.0362889013762158,-0.04562712988796709,0.05829853638734112
29,(0.0064983765246735894-0.0038678721072385406j),2,1,EC LI II Multipolar Pyramidal,(0.3237122937447469-0.18104357537263238j),0.2056128942598295,-0.11720514631784545,0.2366721542752577
29,(0.0064983765246735894-0.0038678721072385406j),2,2,LEC LIII Multipolar Principal,(0.30254837059650624-0.09875395859813288j),0.0964959572639605,-0.06189064335993519,0.11463822008298445
29,(0.0064983765246735894-0.0038678721072385406j),2,3,MEC LV Multipolar Pyramidal,(-0.2756240095741008+0.11521958466837973j),0.028259418440046428,-0.023968891479994554,0.03705539757375964
29,(0.0064983765246735894-0.0038678721072385406j),2,4,DG Total Molecular Layer,(0.2333132578932505-0.10454638090875527j),-0.02504496645018849,-0.023925555204665907,0.034636433655077466
29,(0.0064983765246735894-0.0038678721072385406j),2,5,CA3 Axo Axonic,(-0.17945279484010154+0.12761735605632757j),0.14494509502083325,-0.09698622192726049,0.1744001370822919
29,(0.0064983765246735894-0.0038678721072385406j),3,1,EC LI II Multipolar Pyramidal,(0.3237122937447469-0.18104357537263238j),0.1927026185269124,-0.11018586578563215,0.22198023381836962
29,(0.0064983765246735894-0.0038678721072385406j),3,2,LEC LIII Multipolar Principal,(0.30254837059650624-0.09875395859813288j),0.09411451808937274,-0.05787862095082629,0.11048745303591852
29,(0.0064983765246735894-0.0038678721072385406j),3,3,MEC LV Multipolar Pyramidal,(-0.2756240095741008+0.11521958466837973j),0.02606207421724486,-0.019132229358372586,0.03233069613736384
29,(0.0064983765246735894-0.0038678721072385406j),3,4,DG Total Molecular Layer,(0.2333132578932505-0.10454638090875527j),0.11738609223002243,-0.07645086992971943,0.14008650956479077
29,(0.0064983765246735894-0.0038678721072385406j),3,5,CA3 Axo Axonic,(-0.17945279484010154+0.12761735605632757j),0.17141869149660613,-0.1020645926364313,0.19950325527281323
29,(0.0064983765246735894-0.0038678721072385406j),4,1,EC LI II Multipolar Pyramidal,(0.3237122937447469-0.18104357537263238j),0.1829382316924593,-0.10474660107804573,0.2108038117591026
29,(0.0064983765246735894-0.0038678721072385406j),4,2,LEC LIII Multipolar Principal,(0.30254837059650624-0.09875395859813288j),0.09159258764818638,-0.05462903214467714,0.1066467686578214
29,(0.0064983765246735894-0.0038678721072385406j),4,3,MEC LV Multipolar Pyramidal,(-0.2756240095741008+0.11521958466837973j),0.028391221605926404,-0.018473477078959872,0.03387227213612452
29,(0.0064983765246735894-0.0038678721072385406j),4,4,DG Total Molecular Layer,(0.2333132578932505-0.10454638090875527j),0.10782410443519587,-0.06523909639680815,0.12602451029829098
29,(0.0064983765246735894-0.0038678721072385406j),4,5,CA3 Axo Axonic,(-0.17945279484010154+0.12761735605632757j),0.1657911251391142,-0.09629609171170572,0.19172802208817227
29,(0.0064983765246735894-0.0038678721072385406j),5,1,EC LI II Multipolar Pyramidal,(0.3237122937447469-0.18104357537263238j),0.17341103870036445,-0.09937563200057621,0.1998672173685651
29,(0.0064983765246735894-0.0038678721072385406j),5,2,LEC LIII Multipolar Principal,(0.30254837059650624-0.09875395859813288j),0.09238802507739675,-0.05383068062775528,0.10692656056634889
29,(0.0064983765246735894-0.0038678721072385406j),5,3,MEC LV Multipolar Pyramidal,(-0.2756240095741008+0.11521958466837973j),0.0334761863381812,-0.02001325165917528,0.039002375488194456
29,(0.0064983765246735894-0.0038678721072385406j),5,4,DG Total Molecular Layer,(0.2333132578932505-0.10454638090875527j),0.10499108170754758,-0.062042796856719366,0.12195259685601237
29,(0.0064983765246735894-0.0038678721072385406j),5,5,CA3 Axo Axonic,(-0.17945279484010154+0.12761735605632757j),0.1604442559891477,-0.09247527838869542,0.18518649084903002
29,(0.0064983765246735894-0.0038678721072385406j),6,1,EC LI II Multipolar Pyramidal,(0.3237122937447469-0.18104357537263238j),0.16464125306595162,-0.09438340885084805,0.18977610512768212
29,(0.0064983765246735894-0.0038678721072385406j),6,2,LEC LIII Multipolar Principal,(0.30254837059650624-0.09875395859813288j),0.08932019921077987,-0.051523190221851964,0.10311516434400202
29,(0.0064983765246735894-0.0038678721072385406j),6,3,MEC LV Multipolar Pyramidal,(-0.2756240095741008+0.11521958466837973j),0.03296008196702633,-0.019187535692495365,0.03813828167634035
29,(0.0064983765246735894-0.0038678721072385406j),6,4,DG Total Molecular Layer,(0.2333132578932505-0.10454638090875527j),0.10125085419381773,-0.05899233762235698,0.11718289710161586
29,(0.0064983765246735894-0.0038678721072385406j),6,5,CA3 Axo Axonic,(-0.17945279484010154+0.12761735605632757j),0.15236596605509226,-0.08759682835197462,0.17575150625023625
29,(0.0064983765246735894-0.0038678721072385406j),7,1,EC LI II Multipolar Pyramidal,(0.3237122937447469-0.18104357537263238j),0.1563734049162525,-0.08965557541435976,0.18025194580914297
29,(0.0064983765246735894-0.0038678721072385406j),7,2,LEC LIII Multipolar Principal,(0.30254837059650624-0.09875395859813288j),0.08543702635061462,-0.04909955548235158,0.0985406100052163
29,(0.0064983765246735894-0.0038678721072385406j),7,3,MEC LV Multipolar Pyramidal,(-0.2756240095741008+0.11521958466837973j),0.03190651620497421,-0.01839940208838015,0.03683155947754818
29,(0.0064983765246735894-0.0038678721072385406j),7,4,DG Total Molecular Layer,(0.2333132578932505-0.10454638090875527j),0.09970180634314307,-0.057462424801714505,0.11507554237186239
29,(0.0064983765246735894-0.0038678721072385406j),7,5,CA3 Axo Axonic,(-0.17945279484010154+0.12761735605632757j),0.14562545219094614,-0.08357767895201955,0.1679047371125198
29,(0.0064983765246735894-0.0038678721072385406j),8,1,EC LI II Multipolar Pyramidal,(0.3237122937447469-0.18104357537263238j),0.14854192879058178,-0.08516972444151624,0.17122671103034737
29,(0.0064983765246735894-0.0038678721072385406j),8,2,LEC LIII Multipolar Principal,(0.30254837059650624-0.09875395859813288j),0.08131672955658632,-0.04667027300568716,0.09375779907935325
29,(0.0064983765246735894-0.0038678721072385406j),8,3,MEC LV Multipolar Pyramidal,(-0.2756240095741008+0.11521958466837973j),0.030427338216164206,-0.017489674443690414,0.03509574935896261
29,(0.0064983765246735894-0.0038678721072385406j),8,4,DG Total Molecular Layer,(0.2333132578932505-0.10454638090875527j),0.09496889580462302,-0.05454907560339131,0.10952028496828269
29,(0.0064983765246735894-0.0038678721072385406j),8,5,CA3 Axo Axonic,(-0.17945279484010154+0.12761735605632757j),0.13840577276639054,-0.07938730207488451,0.1595572049949193
29,(0.0064983765246735894-0.0038678721072385406j),9,1,EC LI II Multipolar Pyramidal,(0.3237122937447469-0.18104357537263238j),0.14110900584324274,-0.08090959198966535,0.16265950204646035
29,(0.0064983765246735894-0.0038678721072385406j),9,2,LEC LIII Multipolar Principal,(0.30254837059650624-0.09875395859813288j),0.07734473751766413,-0.04436545151682212,0.08916558590604257
29,(0.0064983765246735894-0.0038678721072385406j),9,3,MEC LV Multipolar Pyramidal,(-0.2756240095741008+0.11521958466837973j),0.029012124593448752,-0.01665109570335512,0.03345089477948363
29,(0.0064983765246735894-0.0038678721072385406j),9,4,DG Total Molecular Layer,(0.2333132578932505-0.10454638090875527j),0.09039636192438232,-0.05186880802344404,0.10422032189039145
29,(0.0064983765246735894-0.0038678721072385406j),9,5,CA3 Axo Axonic,(-0.17945279484010154+0.12761735605632757j),0.13155140906855523,-0.07543982957099415,0.15164742369596323
29,(0.0064983765246735894-0.0038678721072385406j),10,1,EC LI II Multipolar Pyramidal,(0.3237122937447469-0.18104357537263238j),0.13405141600232448,-0.0768635338632623,0.15452438309269229
29,(0.0064983765246735894-0.0038678721072385406j),10,2,LEC LIII Multipolar Principal,(0.30254837059650624-0.09875395859813288j),0.073508791090518,-0.042155333452860634,0.08473850663134967
29,(0.0064983765246735894-0.0038678721072385406j),10,3,MEC LV Multipolar Pyramidal,(-0.2756240095741008+0.11521958466837973j),0.027587850716030947,-0.015824308983550396,0.03180406046304281
29,(0.0064983765246735894-0.0038678721072385406j),10,4,DG Total Molecular Layer,(0.2333132578932505-0.10454638090875527j),0.08591069160276235,-0.0492765517783122,0.09903951477478888
29,(0.0064983765246735894-0.0038678721072385406j),10,5,CA3 Axo Axonic,(-0.17945279484010154+0.12761735605632757j),0.12497931102979173,-0.07166609008705235,0.14406893021691708
30,(-0.003629506306765073+0.003928112997506901j),0,1,CA3 Basket CCK+,(0.17494078952257236+0.34947427157544586j),0.17494078952257236,0.34947427157544586,0.39081523298352827
30,(-0.003629506306765073+0.003928112997506901j),0,2,CA3 Axo Axonic,(-0.29138674858878905-0.24525473045944401j),-0.29138674858878905,-0.24525473045944401,0.38086233742112213
30,(-0.003629506306765073+0.003928112997506901j),0,3,DG Mossy,(-0.07442586748976944-0.2212347022688692j),-0.07442586748976944,-0.2212347022688692,0.23341808678763504
30,(-0.003629506306765073+0.003928112997506901j),0,4,CA1 Bistratified,(0.14128113115929097-0.1760510190769845j),0.14128113115929097,-0.1760510190769845,0.22573063447324457
30,(-0.003629506306765073+0.003928112997506901j),0,5,CA3 Lucidum ORAX,(0.19638926582710678+0.10486959965040098j),0.19638926582710678,0.10486959965040098,0.22263507509587388
30,(-0.003629506306765073+0.003928112997506901j),1,1,CA3 Basket CCK+,(0.17494078952257236+0.34947427157544586j),-0.026289589413417684,-0.0386070801728132,0.046708127247793926
30,(-0.003629506306765073+0.003928112997506901j),1,2,CA3 Axo Axonic,(-0.29138674858878905-0.24525473045944401j),-0.04483199459779924,-0.07117603816021856,0.0841185838432982
30,(-0.003629506306765073+0.003928112997506901j),1,3,DG Mossy,(-0.07442586748976944-0.2212347022688692j),0.03597925315537004,-0.011063608620022428,0.03764186623050509
30,(-0.003629506306765073+0.003928112997506901j),1,4,CA1 Bistratified,(0.14128113115929097-0.1760510190769845j),0.39154155038636995,0.34176503849685935,0.5197192773197103
30,(-0.003629506306765073+0.003928112997506901j),1,5,CA3 Lucidum ORAX,(0.19638926582710678+0.10486959965040098j),-0.020941656723066943,-0.05185377910105161,0.055922870038718785
30,(-0.003629506306765073+0.003928112997506901j),2,1,CA3 Basket CCK+,(0.17494078952257236+0.34947427157544586j),-0.026073008277387802,0.00800962405658874,0.027275553856166108
30,(-0.003629506306765073+0.003928112997506901j),2,2,CA3 Axo Axonic,(-0.29138674858878905-0.24525473045944401j),-0.06932697596786153,0.017415573124004054,0.07148098896969725
30,(-0.003629506306765073+0.003928112997506901j),2,3,DG Mossy,(-0.07442586748976944-0.2212347022688692j),0.04212610514137253,0.029544454577461233,0.05145370278863945
30,(-0.003629506306765073+0.003928112997506901j),2,4,CA1 Bistratified,(0.14128113115929097-0.1760510190769845j),-0.036287858158284635,-0.1120777967791064,0.11780594713584905
30,(-0.003629506306765073+0.003928112997506901j),2,5,CA3 Lucidum ORAX,(0.19638926582710678+0.10486959965040098j),0.005274486831181093,-0.0038929278369355122,0.006555539525919295
30,(-0.003629506306765073+0.003928112997506901j),3,1,CA3 Basket CCK+,(0.17494078952257236+0.34947427157544586j),-0.031590729260974816,0.002222764874758549,0.031668831031925866
30,(-0.003629506306765073+0.003928112997506901j),3,2,CA3 Axo Axonic,(-0.29138674858878905-0.24525473045944401j),-0.09886907536314274,0.007789672337167256,0.09917546600991209
30,(-0.003629506306765073+0.003928112997506901j),3,3,DG Mossy,(-0.07442586748976944-0.2212347022688692j),-0.06929653322827665,0.003030817799021929,0.06936278089860959
30,(-0.003629506306765073+0.003928112997506901j),3,4,CA1 Bistratified,(0.14128113115929097-0.1760510190769845j),-0.009911392465475666,-0.002155540127152304,0.010143079110627678
30,(-0.003629506306765073+0.003928112997506901j),3,5,CA3 Lucidum ORAX,(0.19638926582710678+0.10486959965040098j),-0.045640273945422916,0.002109255770110661,0.045688987357097276
30,(-0.003629506306765073+0.003928112997506901j),4,1,CA3 Basket CCK+,(0.17494078952257236+0.34947427157544586j),-0.026754817636658337,0.004669059921908264,0.02715916764787194
30,(-0.003629506306765073+0.003928112997506901j),4,2,CA3 Axo Axonic,(-0.29138674858878905-0.24525473045944401j),-0.0874206612281659,0.01515978578289163,0.08872536905842045
30,(-0.003629506306765073+0.003928112997506901j),4,3,DG Mossy,(-0.07442586748976944-0.2212347022688692j),-0.041944552137146075,0.01660258374624304,0.04511087719205623
30,(-0.003629506306765073+0.003928112997506901j),4,4,CA1 Bistratified,(0.14128113115929097-0.1760510190769845j),-0.0807347369050411,0.0002701008337397588,0.08073518871958243
30,(-0.003629506306765073+0.003928112997506901j),4,5,CA3 Lucidum ORAX,(0.19638926582710678+0.10486959965040098j),-0.0372092815017956,0.006726020793652465,0.03781229939578541
30,(-0.003629506306765073+0.003928112997506901j),5,1,CA3 Basket CCK+,(0.17494078952257236+0.34947427157544586j),-0.026732983683018668,0.003712268295802672,0.02698950448779236
30,(-0.003629506306765073+0.003928112997506901j),5,2,CA3 Axo Axonic,(-0.29138674858878905-0.24525473045944401j),-0.08771777840422278,0.012058022758235854,0.08854267084863923
30,(-0.003629506306765073+0.003928112997506901j),5,3,DG Mossy,(-0.07442586748976944-0.2212347022688692j),-0.05457860944777983,0.004461014352375426,0.05476061776774785
30,(-0.003629506306765073+0.003928112997506901j),5,4,CA1 Bistratified,(0.14128113115929097-0.1760510190769845j),-0.06905032484379477,0.012129516675857245,0.0701075783052266
30,(-0.003629506306765073+0.003928112997506901j),5,5,CA3 Lucidum ORAX,(0.19638926582710678+0.10486959965040098j),-0.03961871565298112,0.005162093401919396,0.03995359606195556
30,(-0.003629506306765073+0.003928112997506901j),6,1,CA3 Basket CCK+,(0.17494078952257236+0.34947427157544586j),-0.025014126589031765,0.0037566608935550427,0.025294644296397446
30,(-0.003629506306765073+0.003928112997506901j),6,2,CA3 Axo Axonic,(-0.29138674858878905-0.24525473045944401j),-0.08293737709674415,0.012227596133145405,0.08383389903185258
30,(-0.003629506306765073+0.003928112997506901j),6,3,DG Mossy,(-0.07442586748976944-0.2212347022688692j),-0.0517518979705773,0.007040021612233369,0.05222854437812484
30,(-0.003629506306765073+0.003928112997506901j),6,4,CA1 Bistratified,(0.14128113115929097-0.1760510190769845j),-0.07341323508350071,0.009473340562746626,0.0740219377403964
30,(-0.003629506306765073+0.003928112997506901j),6,5,CA3 Lucidum ORAX,(0.19638926582710678+0.10486959965040098j),-0.037714789158598654,0.005422522382581724,0.038102612381136686
30,(-0.003629506306765073+0.003928112997506901j),7,1,CA3 Basket CCK+,(0.17494078952257236+0.34947427157544586j),-0.0239106633724195,0.003525151973824818,0.024169123263944114
30,(-0.003629506306765073+0.003928112997506901j),7,2,CA3 Axo Axonic,(-0.29138674858878905-0.24525473045944401j),-0.0794217082403025,0.011676060911018974,0.08027538936813423
30,(-0.003629506306765073+0.003928112997506901j),7,3,DG Mossy,(-0.07442586748976944-0.2212347022688692j),-0.051330345444256555,0.007312734378201793,0.051848630141141085
30,(-0.003629506306765073+0.003928112997506901j),7,4,CA1 Bistratified,(0.14128113115929097-0.1760510190769845j),-0.06959953297800307,0.010134307570947519,0.07033348548663504
30,(-0.003629506306765073+0.003928112997506901j),7,5,CA3 Lucidum ORAX,(0.19638926582710678+0.10486959965040098j),-0.03638391954788313,0.005299805485938492,0.036767887345557616
30,(-0.003629506306765073+0.003928112997506901j),8,1,CA3 Basket CCK+,(0.17494078952257236+0.34947427157544586j),-0.02267183672807267,0.003368361417816582,0.022920690200459067
30,(-0.003629506306765073+0.003928112997506901j),8,2,CA3 Axo Axonic,(-0.29138674858878905-0.24525473045944401j),-0.07540074093601136,0.011190960336589154,0.076226696943752
30,(-0.003629506306765073+0.003928112997506901j),8,3,DG Mossy,(-0.07442586748976944-0.2212347022688692j),-0.04863373936374707,0.007266085587207982,0.0491735356087145
30,(-0.003629506306765073+0.003928112997506901j),8,4,CA1 Bistratified,(0.14128113115929097-0.1760510190769845j),-0.06713047907702202,0.009780586436702059,0.06783922974324143
30,(-0.003629506306765073+0.003928112997506901j),8,5,CA3 Lucidum ORAX,(0.19638926582710678+0.10486959965040098j),-0.03458153480136378,0.0051276106309072695,0.03495961870501633
30,(-0.003629506306765073+0.003928112997506901j),9,1,CA3 Basket CCK+,(0.17494078952257236+0.34947427157544586j),-0.021552870518963763,0.003193380198358732,0.02178815973639093
30,(-0.003629506306765073+0.003928112997506901j),9,2,CA3 Axo Axonic,(-0.29138674858878905-0.24525473045944401j),-0.07169410567760551,0.010619206714864904,0.07247628812352837
30,(-0.003629506306765073+0.003928112997506901j),9,3,DG Mossy,(-0.07442586748976944-0.2212347022688692j),-0.04641420664660942,0.006841265139232294,0.04691568487552363
30,(-0.003629506306765073+0.003928112997506901j),9,4,CA1 Bistratified,(0.14128113115929097-0.1760510190769845j),-0.06377888109538388,0.009455501155478078,0.06447598138749315
30,(-0.003629506306765073+0.003928112997506901j),9,5,CA3 Lucidum ORAX,(0.19638926582710678+0.10486959965040098j),-0.032907231051874604,0.004869756185255337,0.03326560356893127
30,(-0.003629506306765073+0.003928112997506901j),10,1,CA3 Basket CCK+,(0.17494078952257236+0.34947427157544586j),-0.020471393297078068,0.0030356581982924724,0.020695244966429202
30,(-0.003629506306765073+0.003928112997506901j),10,2,CA3 Axo Axonic,(-0.29138674858878905-0.24525473045944401j),-0.06810995250100306,0.010096727825739353,0.06885426306682799
30,(-0.003629506306765073+0.003928112997506901j),10,3,DG Mossy,(-0.07442586748976944-0.2212347022688692j),-0.04411018049693139,0.0065289413631595215,0.044590751269690906
30,(-0.003629506306765073+0.003928112997506901j),10,4,CA1 Bistratified,(0.14128113115929097-0.1760510190769845j),-0.06069577894466683,0.008981096130119293,0.061356643237699245
30,(-0.003629506306765073+0.003928112997506901j),10,5,CA3 Lucidum ORAX,(0.19638926582710678+0.10486959965040098j),-0.031269409582790626,0.004633325891331431,0.031610815941250245
31,(0.0013136933940853196+0.004816834073062691j),0,1,DG HIPROM,(0.2879742203111265+0.38741058659595806j),0.2879742203111265,0.38741058659595806,0.48271742683522995
31,(0.0013136933940853196+0.004816834073062691j),0,2,DG Mossy,(0.06170596970109933+0.30377257551816583j),0.06170596970109933,0.30377257551816583,0.3099764577087956
31,(0.0013136933940853196+0.004816834073062691j),0,3,DG Basket,(0.2744311035717571+0.05583716132428015j),0.2744311035717571,0.05583716132428015,0.2800539576445335
31,(0.0013136933940853196+0.004816834073062691j),0,4,DG Total Molecular Layer,(0.16665866165494303+0.17772330179184068j),0.16665866165494303,0.17772330179184068,0.24364047591566237
31,(0.0013136933940853196+0.004816834073062691j),0,5,CA3 O LM,(0.16092552544085215+0.16625409823911147j),0.16092552544085215,0.16625409823911147,0.2313816110232498
31,(0.0013136933940853196+0.004816834073062691j),1,1,DG HIPROM,(0.2879742203111265+0.38741058659595806j),0.020982809399557698,-0.030156502070579603,0.036738166903521996
31,(0.0013136933940853196+0.004816834073062691j),1,2,DG Mossy,(0.06170596970109933+0.30377257551816583j),0.021894589290072194,-0.07568296636977587,0.0787863213934346
31,(0.0013136933940853196+0.004816834073062691j),1,3,DG Basket,(0.2744311035717571+0.05583716132428015j),0.033010252473587604,-0.013433222421837884,0.03563885846943705
31,(0.0013136933940853196+0.004816834073062691j),1,4,DG Total Molecular Layer,(0.16665866165494303+0.17772330179184068j),0.023827577882889757,-0.04643016448362102,0.052187293872563274
31,(0.0013136933940853196+0.004816834073062691j),1,5,CA3 O LM,(0.16092552544085215+0.16625409823911147j),-0.0029499808893483875,0.0007523578927448837,0.0030444095726915956
31,(0.0013136933940853196+0.004816834073062691j),2,1,DG HIPROM,(0.2879742203111265+0.38741058659595806j),0.0008504377069871643,0.03534117531012788,0.035351406147346644
31,(0.0013136933940853196+0.004816834073062691j),2,2,DG Mossy,(0.06170596970109933+0.30377257551816583j),0.007468346944168641,0.04779150425384721,0.04837152142453211
31,(0.0013136933940853196+0.004816834073062691j),2,3,DG Basket,(0.2744311035717571+0.05583716132428015j),-0.023962049223898378,0.0376291365137143,0.044610892366957595
31,(0.0013136933940853196+0.004816834073062691j),2,4,DG Total Molecular Layer,(0.16665866165494303+0.17772330179184068j),0.0003311238908448936,0.04651365811850893,0.04651483671471523
31,(0.0013136933940853196+0.004816834073062691j),2,5,CA3 O LM,(0.16092552544085215+0.16625409823911147j),-0.002765596769431371,0.00035229312705962546,0.002787944751687645
31,(0.0013136933940853196+0.004816834073062691j),3,1,DG HIPROM,(0.2879742203111265+0.38741058659595806j),-0.03414343581521722,0.0020616771097427436,0.03420562412488179
31,(0.0013136933940853196+0.004816834073062691j),3,2,DG Mossy,(0.06170596970109933+0.30377257551816583j),-0.043784209349754535,0.002351363379415169,0.04384730206210169
31,(0.0013136933940853196+0.004816834073062691j),3,3,DG Basket,(0.2744311035717571+0.05583716132428015j),-0.05391282923169428,0.007301891991006377,0.05440506210284252
31,(0.0013136933940853196+0.004816834073062691j),3,4,DG Total Molecular Layer,(0.16665866165494303+0.17772330179184068j),-0.046516219314684394,0.0030829203543171367,0.04661826956508446
31,(0.0013136933940853196+0.004816834073062691j),3,5,CA3 O LM,(0.16092552544085215+0.16625409823911147j),-0.009734953520459826,0.0022379296898840315,0.009988876280261839
31,(0.0013136933940853196+0.004816834073062691j),4,1,DG HIPROM,(0.2879742203111265+0.38741058659595806j),-0.025057772024529586,0.008553387086389396,0.026477393555312624
31,(0.0013136933940853196+0.004816834073062691j),4,2,DG Mossy,(0.06170596970109933+0.30377257551816583j),-0.03287304928907562,0.01153261891126943,0.03483731718308062
31,(0.0013136933940853196+0.004816834073062691j),4,3,DG Basket,(0.2744311035717571+0.05583716132428015j),-0.04505977761514529,0.011843791380436975,0.04659033111053904
31,(0.0013136933940853196+0.004816834073062691j),4,4,DG Total Molecular Layer,(0.16665866165494303+0.17772330179184068j),-0.03488876611551582,0.01167372502596772,0.036789969516772776
31,(0.0013136933940853196+0.004816834073062691j),4,5,CA3 O LM,(0.16092552544085215+0.16625409823911147j),-0.00907318414859424,0.001587923494830033,0.009211089600027512
31,(0.0013136933940853196+0.004816834073062691j),5,1,DG HIPROM,(0.2879742203111265+0.38741058659595806j),-0.02591501657619435,0.0038938107702166614,0.026205912433240768
31,(0.0013136933940853196+0.004816834073062691j),5,2,DG Mossy,(0.06170596970109933+0.30377257551816583j),-0.03346096334370655,0.005082853502416464,0.03384481448635671
31,(0.0013136933940853196+0.004816834073062691j),5,3,DG Basket,(0.2744311035717571+0.05583716132428015j),-0.044612900816027805,0.0071744977773638054,0.04518610779407906
31,(0.0013136933940853196+0.004816834073062691j),5,4,DG Total Molecular Layer,(0.16665866165494303+0.17772330179184068j),-0.03550722369197429,0.005387687351024574,0.03591364795317081
31,(0.0013136933940853196+0.004816834073062691j),5,5,CA3 O LM,(0.16092552544085215+0.16625409823911147j),-0.00912187291922604,0.001606191242849419,0.009262203618098425
31,(0.0013136933940853196+0.004816834073062691j),6,1,DG HIPROM,(0.2879742203111265+0.38741058659595806j),-0.02503727442476459,0.004539779060928909,0.02544552425364861
31,(0.0013136933940853196+0.004816834073062691j),6,2,DG Mossy,(0.06170596970109933+0.30377257551816583j),-0.0320708193105655,0.005819288596911932,0.032594502159491404
31,(0.0013136933940853196+0.004816834073062691j),6,3,DG Basket,(0.2744311035717571+0.05583716132428015j),-0.043101028431135474,0.007557379044039046,0.04375857207264457
31,(0.0013136933940853196+0.004816834073062691j),6,4,DG Total Molecular Layer,(0.16665866165494303+0.17772330179184068j),-0.034191186947184975,0.0061711308042004505,0.034743634240820345
31,(0.0013136933940853196+0.004816834073062691j),6,5,CA3 O LM,(0.16092552544085215+0.16625409823911147j),-0.00862698976294207,0.001454236101457839,0.008748700189667637
31,(0.0013136933940853196+0.004816834073062691j),7,1,DG HIPROM,(0.2879742203111265+0.38741058659595806j),-0.024623995395376134,0.004134808211226315,0.02496873621501756
31,(0.0013136933940853196+0.004816834073062691j),7,2,DG Mossy,(0.06170596970109933+0.30377257551816583j),-0.03165543578139526,0.005309278253944579,0.03209758635922408
31,(0.0013136933940853196+0.004816834073062691j),7,3,DG Basket,(0.2744311035717571+0.05583716132428015j),-0.041814684555394395,0.0070317786415120785,0.042401813113714416
31,(0.0013136933940853196+0.004816834073062691j),7,4,DG Total Molecular Layer,(0.16665866165494303+0.17772330179184068j),-0.03361809356324892,0.00564209685934815,0.03408826002889594
31,(0.0013136933940853196+0.004816834073062691j),7,5,CA3 O LM,(0.16092552544085215+0.16625409823911147j),-0.00821540423868528,0.0013782915432164543,0.008330219347838931
31,(0.0013136933940853196+0.004816834073062691j),8,1,DG HIPROM,(0.2879742203111265+0.38741058659595806j),-0.023365828614900344,0.0039652460346442575,0.023699897108978296
31,(0.0013136933940853196+0.004816834073062691j),8,2,DG Mossy,(0.06170596970109933+0.30377257551816583j),-0.030064475487378183,0.005107709066339165,0.030495268128638037
31,(0.0013136933940853196+0.004816834073062691j),8,3,DG Basket,(0.2744311035717571+0.05583716132428015j),-0.03972537960266512,0.00670319839022875,0.04028695388378981
31,(0.0013136933940853196+0.004816834073062691j),8,4,DG Total Molecular Layer,(0.16665866165494303+0.17772330179184068j),-0.03191392105269853,0.005414358116362412,0.03236994950212456
31,(0.0013136933940853196+0.004816834073062691j),8,5,CA3 O LM,(0.16092552544085215+0.16625409823911147j),-0.00782117098222434,0.0013089902052651654,0.007929954028282143
31,(0.0013136933940853196+0.004816834073062691j),9,1,DG HIPROM,(0.2879742203111265+0.38741058659595806j),-0.02224755855396832,0.0037216780724323517,0.022556700762457988
31,(0.0013136933940853196+0.004816834073062691j),9,2,DG Mossy,(0.06170596970109933+0.30377257551816583j),-0.028626047931124044,0.004790033638966097,0.029024042489243947
31,(0.0013136933940853196+0.004816834073062691j),9,3,DG Basket,(0.2744311035717571+0.05583716132428015j),-0.03778994620600872,0.00632279673639069,0.03831524230411111
31,(0.0013136933940853196+0.004816834073062691j),9,4,DG Total Molecular Layer,(0.16665866165494303+0.17772330179184068j),-0.030382145283509136,0.005082942640513036,0.03080439997654559
31,(0.0013136933940853196+0.004816834073062691j),9,5,CA3 O LM,(0.16092552544085215+0.16625409823911147j),-0.007433608086187489,0.0012440436300082298,0.007536987046054681
31,(0.0013136933940853196+0.004816834073062691j),10,1,DG HIPROM,(0.2879742203111265+0.38741058659595806j),-0.021142952995050156,0.0035401527391345305,0.02143728394100573
31,(0.0013136933940853196+0.004816834073062691j),10,2,DG Mossy,(0.06170596970109933+0.30377257551816583j),-0.02720282114321289,0.004555098294194976,0.02758155903170465
31,(0.0013136933940853196+0.004816834073062691j),10,3,DG Basket,(0.2744311035717571+0.05583716132428015j),-0.035912307854751635,0.006009843093553387,0.03641170236975453
31,(0.0013136933940853196+0.004816834073062691j),10,4,DG Total Molecular Layer,(0.16665866165494303+0.17772330179184068j),-0.028872405089577325,0.00483409009302789,0.029274292522350753
31,(0.0013136933940853196+0.004816834073062691j),10,5,CA3 O LM,(0.16092552544085215+0.16625409823911147j),-0.007062673650885262,0.0011811215880295936,0.007160754660272792
32,(-0.0036295063067650654-0.003928112997506898j),0,1,CA3 Axo Axonic,(-0.3070919673298583-0.08266346140649945j),-0.3070919673298583,-0.08266346140649945,0.3180231504941528
32,(-0.0036295063067650654-0.003928112997506898j),0,2,CA3 Basket CCK+,(0.2752462390846289-0.11390289220480085j),0.2752462390846289,-0.11390289220480085,0.2978831330956004
32,(-0.0036295063067650654-0.003928112997506898j),0,3,CA1 Bistratified,(0.013520578385522872+0.2921621006920756j),0.013520578385522872,0.2921621006920756,0.29247478373474456
32,(-0.0036295063067650654-0.003928112997506898j),0,4,CA1 Radiatum,(0.011708697257123316+0.2905859780203778j),0.011708697257123316,0.2905859780203778,0.2908217739673535
32,(-0.0036295063067650654-0.003928112997506898j),0,5,CA1 Basket,(-0.054044453872034846-0.23574690338906978j),-0.054044453872034846,-0.23574690338906978,0.24186236882132345
32,(-0.0036295063067650654-0.003928112997506898j),1,1,CA3 Axo Axonic,(-0.3070919673298583-0.08266346140649945j),-0.062429678997522484,0.014844838516169453,0.06417035180131747
32,(-0.0036295063067650654-0.003928112997506898j),1,2,CA3 Basket CCK+,(0.2752462390846289-0.11390289220480085j),-0.034842215705223015,0.005969362347540143,0.03534986961907383
32,(-0.0036295063067650654-0.003928112997506898j),1,3,CA1 Bistratified,(0.013520578385522872+0.2921621006920756j),0.42225882033028717,0.11322570861978412,0.4371756768613483
32,(-0.0036295063067650654-0.003928112997506898j),1,4,CA1 Radiatum,(0.011708697257123316+0.2905859780203778j),0.32998698621941464,0.10979305792671405,0.34777280894726514
32,(-0.0036295063067650654-0.003928112997506898j),1,5,CA1 Basket,(-0.054044453872034846-0.23574690338906978j),0.7386851895813171,0.23414662195011426,0.774906736244715
32,(-0.0036295063067650654-0.003928112997506898j),2,1,CA3 Axo Axonic,(-0.3070919673298583-0.08266346140649945j),-0.03598969355026418,-0.08321618447475869,0.09066527119233138
32,(-0.0036295063067650654-0.003928112997506898j),2,2,CA3 Basket CCK+,(0.2752462390846289-0.11390289220480085j),-0.012994013289904755,-0.03253033754597061,0.03502951958324588
32,(-0.0036295063067650654-0.003928112997506898j),2,3,CA1 Bistratified,(0.013520578385522872+0.2921621006920756j),-0.07468512228860183,0.057176091572605704,0.09405834858630256
32,(-0.0036295063067650654-0.003928112997506898j),2,4,CA1 Radiatum,(0.011708697257123316+0.2905859780203778j),-0.06811181395869312,0.04279055191838752,0.08043786753901325
32,(-0.0036295063067650654-0.003928112997506898j),2,5,CA1 Basket,(-0.054044453872034846-0.23574690338906978j),-0.21326719232731725,0.031657727256813546,0.2156040514884721
32,(-0.0036295063067650654-0.003928112997506898j),3,1,CA3 Axo Axonic,(-0.3070919673298583-0.08266346140649945j),-0.06057671351905458,-0.10465837643877257,0.1209252412839
32,(-0.0036295063067650654-0.003928112997506898j),3,2,CA3 Basket CCK+,(0.2752462390846289-0.11390289220480085j),-0.019522065550877654,-0.03323848635570587,0.03854747746080422
32,(-0.0036295063067650654-0.003928112997506898j),3,3,CA1 Bistratified,(0.013520578385522872+0.2921621006920756j),-0.005968620637303033,-0.007804850622218944,0.009825483476511021
32,(-0.0036295063067650654-0.003928112997506898j),3,4,CA1 Radiatum,(0.011708697257123316+0.2905859780203778j),-0.008353167389988833,-0.009993968773507082,0.013025160931482094
32,(-0.0036295063067650654-0.003928112997506898j),3,5,CA1 Basket,(-0.054044453872034846-0.23574690338906978j),-0.032568090376922175,-0.07590659263475368,0.082598373568841
32,(-0.0036295063067650654-0.003928112997506898j),4,1,CA3 Axo Axonic,(-0.3070919673298583-0.08266346140649945j),-0.04964815941698938,-0.09933016173400665,0.1110469304555453
32,(-0.0036295063067650654-0.003928112997506898j),4,2,CA3 Basket CCK+,(0.2752462390846289-0.11390289220480085j),-0.015192010214849068,-0.03043164976231707,0.03401297519512827
32,(-0.0036295063067650654-0.003928112997506898j),4,3,CA1 Bistratified,(0.013520578385522872+0.2921621006920756j),-0.05212648918919011,-0.080387958598443,0.09580915803207822
32,(-0.0036295063067650654-0.003928112997506898j),4,4,CA1 Radiatum,(0.011708697257123316+0.2905859780203778j),-0.04406963635725282,-0.0696260772620233,0.08240099200590814
32,(-0.0036295063067650654-0.003928112997506898j),4,5,CA1 Basket,(-0.054044453872034846-0.23574690338906978j),-0.12222429936693399,-0.2002476083068959,0.23460154302214192
32,(-0.0036295063067650654-0.003928112997506898j),5,1,CA3 Axo Axonic,(-0.3070919673298583-0.08266346140649945j),-0.0513646132969893,-0.09710202445859728,0.10985047406865057
32,(-0.0036295063067650654-0.003928112997506898j),5,2,CA3 Basket CCK+,(0.2752462390846289-0.11390289220480085j),-0.01564351733715123,-0.029626510440252822,0.03350298129337389
32,(-0.0036295063067650654-0.003928112997506898j),5,3,CA1 Bistratified,(0.013520578385522872+0.2921621006920756j),-0.03903942200688477,-0.07855452783955798,0.08772052390819111
32,(-0.0036295063067650654-0.003928112997506898j),5,4,CA1 Radiatum,(0.011708697257123316+0.2905859780203778j),-0.03386669834870998,-0.06771744272324198,0.07571397034905826
32,(-0.0036295063067650654-0.003928112997506898j),5,5,CA1 Basket,(-0.054044453872034846-0.23574690338906978j),-0.09328130798958394,-0.18727313205914717,0.20921909189051174
32,(-0.0036295063067650654-0.003928112997506898j),6,1,CA3 Axo Axonic,(-0.3070919673298583-0.08266346140649945j),-0.04817958990380741,-0.09249582509269058,0.10429166094600599
32,(-0.0036295063067650654-0.003928112997506898j),6,2,CA3 Basket CCK+,(0.2752462390846289-0.11390289220480085j),-0.014501259989595082,-0.027954177508027936,0.03149162716399656
32,(-0.0036295063067650654-0.003928112997506898j),6,3,CA1 Bistratified,(0.013520578385522872+0.2921621006920756j),-0.04325148309236295,-0.08074806376404872,0.0916020774400441
32,(-0.0036295063067650654-0.003928112997506898j),6,4,CA1 Radiatum,(0.011708697257123316+0.2905859780203778j),-0.03693897939807055,-0.06911640554129661,0.07836814221301955
32,(-0.0036295063067650654-0.003928112997506898j),6,5,CA1 Basket,(-0.054044453872034846-0.23574690338906978j),-0.10081552137520979,-0.18904340583157872,0.21424560354545982
32,(-0.0036295063067650654-0.003928112997506898j),7,1,CA3 Axo Axonic,(-0.3070919673298583-0.08266346140649945j),-0.04616313552592218,-0.08854911933865908,0.09985980981975054
32,(-0.0036295063067650654-0.003928112997506898j),7,2,CA3 Basket CCK+,(0.2752462390846289-0.11390289220480085j),-0.013894169518295574,-0.02666698951214987,0.03006952404419207
32,(-0.0036295063067650654-0.003928112997506898j),7,3,CA1 Bistratified,(0.013520578385522872+0.2921621006920756j),-0.0404774208832501,-0.07751294953664502,0.08744529116670749
32,(-0.0036295063067650654-0.003928112997506898j),7,4,CA1 Radiatum,(0.011708697257123316+0.2905859780203778j),-0.034638492624185585,-0.06633916444906604,0.07483789087805713
32,(-0.0036295063067650654-0.003928112997506898j),7,5,CA1 Basket,(-0.054044453872034846-0.23574690338906978j),-0.09415170298961906,-0.1806207200273428,0.20368698455974354
32,(-0.0036295063067650654-0.003928112997506898j),8,1,CA3 Axo Axonic,(-0.3070919673298583-0.08266346140649945j),-0.04377708475817646,-0.08415348523076144,0.0948590650723933
32,(-0.0036295063067650654-0.003928112997506898j),8,2,CA3 Basket CCK+,(0.2752462390846289-0.11390289220480085j),-0.01316179034823435,-0.02530657289240674,0.02852464472573796
32,(-0.0036295063067650654-0.003928112997506898j),8,3,CA1 Bistratified,(0.013520578385522872+0.2921621006920756j),-0.03905654227702044,-0.07477139417030734,0.08435742338886457
32,(-0.0036295063067650654-0.003928112997506898j),8,4,CA1 Radiatum,(0.011708697257123316+0.2905859780203778j),-0.03336852606755275,-0.06390712327309864,0.07209423650309346
32,(-0.0036295063067650654-0.003928112997506898j),8,5,CA1 Basket,(-0.054044453872034846-0.23574690338906978j),-0.09058982707360555,-0.17360138083875276,0.19581612854498842
32,(-0.0036295063067650654-0.003928112997506898j),9,1,CA3 Axo Axonic,(-0.3070919673298583-0.08266346140649945j),-0.0416362042634267,-0.0799990980122647,0.09018552648979616
32,(-0.0036295063067650654-0.003928112997506898j),9,2,CA3 Basket CCK+,(0.2752462390846289-0.11390289220480085j),-0.012516444300143975,-0.02405041236531277,0.027112427277176714
32,(-0.0036295063067650654-0.003928112997506898j),9,3,CA1 Bistratified,(0.013520578385522872+0.2921621006920756j),-0.03703278276528923,-0.07117334586994281,0.08023136644519778
32,(-0.0036295063067650654-0.003928112997506898j),9,4,CA1 Radiatum,(0.011708697257123316+0.2905859780203778j),-0.031647549665655916,-0.060822677704408384,0.06856358744242089
32,(-0.0036295063067650654-0.003928112997506898j),9,5,CA1 Basket,(-0.054044453872034846-0.23574690338906978j),-0.0858838101893972,-0.16508211385394264,0.18608635943328702
32,(-0.0036295063067650654-0.003928112997506898j),10,1,CA3 Axo Axonic,(-0.3070919673298583-0.08266346140649945j),-0.03955091783935233,-0.07600677041813737,0.08568141135235018
32,(-0.0036295063067650654-0.003928112997506898j),10,2,CA3 Basket CCK+,(0.2752462390846289-0.11390289220480085j),-0.011887181007073642,-0.022845683485002904,0.02575325855482888
32,(-0.0036295063067650654-0.003928112997506898j),10,3,CA1 Bistratified,(0.013520578385522872+0.2921621006920756j),-0.03525265668134114,-0.06771909412529374,0.0763454354381642
32,(-0.0036295063067650654-0.003928112997506898j),10,4,CA1 Radiatum,(0.011708697257123316+0.2905859780203778j),-0.03012061342629953,-0.05786271365331184,0.06523300533090388
32,(-0.0036295063067650654-0.003928112997506898j),10,5,CA1 Basket,(-0.054044453872034846-0.23574690338906978j),-0.08172670041991778,-0.15700765944736053,0.17700468549353526
33,(0.0013136933940853235-0.004816834073062696j),0,1,DG Mossy,(-0.31395699361674+0.15156227764030258j),-0.31395699361674,0.15156227764030258,0.34862604298069577
33,(0.0013136933940853235-0.004816834073062696j),0,2,DG Basket,(0.1397112328218508-0.3115462659551632j),0.1397112328218508,-0.3115462659551632,0.34143858072456706
33,(0.0013136933940853235-0.004816834073062696j),0,3,CA1 Neurogliaform Projecting,(0.24140785931939227-0.22454761628064684j),0.24140785931939227,-0.22454761628064684,0.329695900063213
33,(0.0013136933940853235-0.004816834073062696j),0,4,DG MOLAX,(-0.15138669387356316+0.24191280311631722j),-0.15138669387356316,0.24191280311631722,0.28537648009876704
33,(0.0013136933940853235-0.004816834073062696j),0,5,DG HIPROM,(-0.2500909833569106-0.08063871137054461j),-0.2500909833569106,-0.08063871137054461,0.2627700548539132
33,(0.0013136933940853235-0.004816834073062696j),1,1,DG Mossy,(-0.31395699361674+0.15156227764030258j),0.1066405700941627,-0.08313056030778564,0.1352142790059334
33,(0.0013136933940853235-0.004816834073062696j),1,2,DG Basket,(0.1397112328218508-0.3115462659551632j),0.038016259368531445,-0.048168503249570845,0.06136318669755811
33,(0.0013136933940853235-0.004816834073062696j),1,3,CA1 Neurogliaform Projecting,(0.24140785931939227-0.22454761628064684j),0.00027342744974145515,-0.0026238264765186614,0.0026380348650373157
33,(0.0013136933940853235-0.004816834073062696j),1,4,DG MOLAX,(-0.15138669387356316+0.24191280311631722j),0.07199629804177675,-0.06619208851070169,0.09780009976032188
33,(0.0013136933940853235-0.004816834073062696j),1,5,DG HIPROM,(-0.2500909833569106-0.08063871137054461j),0.050148556967307155,-0.04689487551992569,0.06865862739621711
33,(0.0013136933940853235-0.004816834073062696j),2,1,DG Mossy,(-0.31395699361674+0.15156227764030258j),-0.05667826873733171,0.031376952763022825,0.06478378895799596
33,(0.0013136933940853235-0.004816834073062696j),2,2,DG Basket,(0.1397112328218508-0.3115462659551632j),-0.06364330852233457,0.05828636309445455,0.08630046837907461
33,(0.0013136933940853235-0.004816834073062696j),2,3,CA1 Neurogliaform Projecting,(0.24140785931939227-0.22454761628064684j),-0.0075024887050221326,0.012364008666968563,0.014462228289093574
33,(0.0013136933940853235-0.004816834073062696j),2,4,DG MOLAX,(-0.15138669387356316+0.24191280311631722j),-0.06599294641666764,0.04571922267294088,0.0802827272741224
33,(0.0013136933940853235-0.004816834073062696j),2,5,DG HIPROM,(-0.2500909833569106-0.08063871137054461j),-0.044921987490576666,0.028588937837267497,0.05324765090374102
33,(0.0013136933940853235-0.004816834073062696j),3,1,DG Mossy,(-0.31395699361674+0.15156227764030258j),-0.03089324244950947,0.05129642288709617,0.05988084359839946
33,(0.0013136933940853235-0.004816834073062696j),3,2,DG Basket,(0.1397112328218508-0.3115462659551632j),-0.04387946495604347,0.06685070935936925,0.07996514732481587
33,(0.0013136933940853235-0.004816834073062696j),3,3,CA1 Neurogliaform Projecting,(0.24140785931939227-0.22454761628064684j),-0.006367643172490213,0.009585885430760858,0.011508087550233293
33,(0.0013136933940853235-0.004816834073062696j),3,4,DG MOLAX,(-0.15138669387356316+0.24191280311631722j),-0.036891530458448826,0.06012502974370665,0.07054079827481588
33,(0.0013136933940853235-0.004816834073062696j),3,5,DG HIPROM,(-0.2500909833569106-0.08063871137054461j),-0.02452554700784843,0.04033949989095621,0.04720993229699275
33,(0.0013136933940853235-0.004816834073062696j),4,1,DG Mossy,(-0.31395699361674+0.15156227764030258j),-0.03622632188235551,0.046908588241622785,0.0592685586795068
33,(0.0013136933940853235-0.004816834073062696j),4,2,DG Basket,(0.1397112328218508-0.3115462659551632j),-0.0440886018001248,0.06055739869544492,0.07490663085100706
33,(0.0013136933940853235-0.004816834073062696j),4,3,CA1 Neurogliaform Projecting,(0.24140785931939227-0.22454761628064684j),-0.006201370921928818,0.009136865991903574,0.011042613887361469
33,(0.0013136933940853235-0.004816834073062696j),4,4,DG MOLAX,(-0.15138669387356316+0.24191280311631722j),-0.03982259888856748,0.05229213949862834,0.0657290440793394
33,(0.0013136933940853235-0.004816834073062696j),4,5,DG HIPROM,(-0.2500909833569106-0.08063871137054461j),-0.02724112355774081,0.03551727673043874,0.04476109649053144
33,(0.0013136933940853235-0.004816834073062696j),5,1,DG Mossy,(-0.31395699361674+0.15156227764030258j),-0.027539770994027355,0.04152760474379985,0.04982951878315441
33,(0.0013136933940853235-0.004816834073062696j),5,2,DG Basket,(0.1397112328218508-0.3115462659551632j),-0.037244828064088076,0.05565192929690345,0.06696502409460496
33,(0.0013136933940853235-0.004816834073062696j),5,3,CA1 Neurogliaform Projecting,(0.24140785931939227-0.22454761628064684j),-0.005619538395297754,0.008371666030070222,0.01008285693121039
33,(0.0013136933940853235-0.004816834073062696j),5,4,DG MOLAX,(-0.15138669387356316+0.24191280311631722j),-0.031086421340047046,0.04697218872723382,0.056327187978433696
33,(0.0013136933940853235-0.004816834073062696j),5,5,DG HIPROM,(-0.2500909833569106-0.08063871137054461j),-0.02124968026194979,0.03210345403063965,0.03849909962495865
33,(0.0013136933940853235-0.004816834073062696j),6,1,DG Mossy,(-0.31395699361674+0.15156227764030258j),-0.0276533068745059,0.040541470760381254,0.04907459864849069
33,(0.0013136933940853235-0.004816834073062696j),6,2,DG Basket,(0.1397112328218508-0.3115462659551632j),-0.036836191974213124,0.05425649243463752,0.0655795090746413
33,(0.0013136933940853235-0.004816834073062696j),6,3,CA1 Neurogliaform Projecting,(0.24140785931939227-0.22454761628064684j),-0.005376829898807036,0.007971953101855512,0.009615733774335113
33,(0.0013136933940853235-0.004816834073062696j),6,4,DG MOLAX,(-0.15138669387356316+0.24191280311631722j),-0.03155724812191607,0.04630304505319479,0.056034202860631134
33,(0.0013136933940853235-0.004816834073062696j),6,5,DG HIPROM,(-0.2500909833569106-0.08063871137054461j),-0.021586971537657557,0.03164646989007544,0.038307915587657455
33,(0.0013136933940853235-0.004816834073062696j),7,1,DG Mossy,(-0.31395699361674+0.15156227764030258j),-0.026750846549440703,0.039643820035602205,0.047825100712146316
33,(0.0013136933940853235-0.004816834073062696j),7,2,DG Basket,(0.1397112328218508-0.3115462659551632j),-0.03536650702550973,0.05238207116613884,0.06320341129116262
33,(0.0013136933940853235-0.004816834073062696j),7,3,CA1 Neurogliaform Projecting,(0.24140785931939227-0.22454761628064684j),-0.005108681061741201,0.00757444901315413,0.009136241023717838
33,(0.0013136933940853235-0.004816834073062696j),7,4,DG MOLAX,(-0.15138669387356316+0.24191280311631722j),-0.03042192336547959,0.04507421417001067,0.05437994303324621
33,(0.0013136933940853235-0.004816834073062696j),7,5,DG HIPROM,(-0.2500909833569106-0.08063871137054461j),-0.020817529251719234,0.030843297226262407,0.03721126856120001
33,(0.0013136933940853235-0.004816834073062696j),8,1,DG Mossy,(-0.31395699361674+0.15156227764030258j),-0.025501833431804108,0.037708204581324796,0.0455219968930464
33,(0.0013136933940853235-0.004816834073062696j),8,2,DG Basket,(0.1397112328218508-0.3115462659551632j),-0.03363451325868995,0.04978307018901069,0.06008023435034982
33,(0.0013136933940853235-0.004816834073062696j),8,3,CA1 Neurogliaform Projecting,(0.24140785931939227-0.22454761628064684j),-0.004851831801140367,0.007190528376009702,0.008674328224868928
33,(0.0013136933940853235-0.004816834073062696j),8,4,DG MOLAX,(-0.15138669387356316+0.24191280311631722j),-0.02894478594451505,0.042811250379324955,0.051677884945255326
33,(0.0013136933940853235-0.004816834073062696j),8,5,DG HIPROM,(-0.2500909833569106-0.08063871137054461j),-0.01981382901452586,0.029302503486030432,0.03537265230040988
33,(0.0013136933940853235-0.004816834073062696j),9,1,DG Mossy,(-0.31395699361674+0.15156227764030258j),-0.024181965529704173,0.03583691468611436,0.04323253301738911
33,(0.0013136933940853235-0.004816834073062696j),9,2,DG Basket,(0.1397112328218508-0.3115462659551632j),-0.03192235166822802,0.04730771111562573,0.057070623503073084
33,(0.0013136933940853235-0.004816834073062696j),9,3,CA1 Neurogliaform Projecting,(0.24140785931939227-0.22454761628064684j),-0.004607405671560471,0.006828908665587417,0.008237850483303426
33,(0.0013136933940853235-0.004816834073062696j),9,4,DG MOLAX,(-0.15138669387356316+0.24191280311631722j),-0.027451444180350622,0.040684563417614485,0.04907968508526517
33,(0.0013136933940853235-0.004816834073062696j),9,5,DG HIPROM,(-0.2500909833569106-0.08063871137054461j),-0.01879215872920724,0.0278505820215378,0.033597621175346995
33,(0.0013136933940853235-0.004816834073062696j),10,1,DG Mossy,(-0.31395699361674+0.15156227764030258j),-0.02298387766307041,0.0340566903737383,0.04108669847582872
33,(0.0013136933940853235-0.004816834073062696j),10,2,DG Basket,(0.1397112328218508-0.3115462659551632j),-0.030337972643286398,0.04495727290264985,0.05423604862956121
33,(0.0013136933940853235-0.004816834073062696j),10,3,CA1 Neurogliaform Projecting,(0.24140785931939227-0.22454761628064684j),-0.004377046090378825,0.006487081416703587,0.00782564743546766
33,(0.0013136933940853235-0.004816834073062696j),10,4,DG MOLAX,(-0.15138669387356316+0.24191280311631722j),-0.026094402792370054,0.03866663058575551,0.04664789575045945
33,(0.0013136933940853235-0.004816834073062696j),10,5,DG HIPROM,(-0.2500909833569106-0.08063871137054461j),-0.017863562415480323,0.026469784905496115,0.03193362452204559
34,(0.00400763771660938+6.297203221729472e-20j),0,1,CA3 Basket CCK+,(-0.14627547293289309+0.4402572335364272j),-0.14627547293289309,0.4402572335364272,0.46392127097481717
34,(0.00400763771660938+6.297203221729472e-20j),0,2,CA3 O LM,(-0.10829645908897538+0.3259486947765785j),-0.10829645908897538,0.3259486947765785,0.34346859343725333
34,(0.00400763771660938+6.297203221729472e-20j),0,3,CA3 Basket,(0.09188779729135389-0.2765622056802835j),0.09188779729135389,-0.2765622056802835,0.2914275568675694
34,(0.00400763771660938+6.297203221729472e-20j),0,4,DG HIPROM,(0.07265126538416165-0.21866444503396545j),0.07265126538416165,-0.21866444503396545,0.23041776382026624
34,(0.00400763771660938+6.297203221729472e-20j),0,5,CA3 Lucidum ORAX,(0.07210828547459874-0.21703019406859914j),0.07210828547459874,-0.21703019406859914,0.22869567108176758
34,(0.00400763771660938+6.297203221729472e-20j),1,1,CA3 Basket CCK+,(-0.14627547293289309+0.4402572335364272j),-0.0033403851201964318,0.01005382982175423,0.010594227996226266
34,(0.00400763771660938+6.297203221729472e-20j),1,2,CA3 O LM,(-0.10829645908897538+0.3259486947765785j),-0.0034850434924925114,0.010489219935476052,0.011053020537362294
34,(0.00400763771660938+6.297203221729472e-20j),1,3,CA3 Basket,(0.09188779729135389-0.2765622056802835j),-0.018792825195495928,0.05656230032972394,0.05960255109824038
34,(0.00400763771660938+6.297203221729472e-20j),1,4,DG HIPROM,(0.07265126538416165-0.21866444503396545j),-0.009373151898249537,0.02821114053846361,0.029727502871728127
34,(0.00400763771660938+6.297203221729472e-20j),1,5,CA3 Lucidum ORAX,(0.07210828547459874-0.21703019406859914j),-0.009967838970240048,0.0300010187722161,0.031613587918923394
34,(0.00400763771660938+6.297203221729472e-20j),2,1,CA3 Basket CCK+,(-0.14627547293289309+0.4402572335364272j),-0.0035520220508993812,0.010690810771172652,0.011265446977155261
34,(0.00400763771660938+6.297203221729472e-20j),2,2,CA3 O LM,(-0.10829645908897538+0.3259486947765785j),-0.002869655971506756,0.008637037870295967,0.00910128279792091
34,(0.00400763771660938+6.297203221729472e-20j),2,3,CA3 Basket,(0.09188779729135389-0.2765622056802835j),-0.01540834551713654,0.046375755516169556,0.048868474615758085
34,(0.00400763771660938+6.297203221729472e-20j),2,4,DG HIPROM,(0.07265126538416165-0.21866444503396545j),0.010274924409412543,-0.030925278890462062,0.03258752746177593
34,(0.00400763771660938+6.297203221729472e-20j),2,5,CA3 Lucidum ORAX,(0.07210828547459874-0.21703019406859914j),-0.0023082287037647707,0.006947264384884499,0.007320683177297608
34,(0.00400763771660938+6.297203221729472e-20j),3,1,CA3 Basket CCK+,(-0.14627547293289309+0.4402572335364272j),-0.0031847137282938424,0.009585292923765636,0.01010050701527279
34,(0.00400763771660938+6.297203221729472e-20j),3,2,CA3 O LM,(-0.10829645908897538+0.3259486947765785j),-0.0018765428486324184,0.005647984221732742,0.00595156608227578
34,(0.00400763771660938+6.297203221729472e-20j),3,3,CA3 Basket,(0.09188779729135389-0.2765622056802835j),-0.014226728681372697,0.04281934685255111,0.04512090728090993
34,(0.00400763771660938+6.297203221729472e-20j),3,4,DG HIPROM,(0.07265126538416165-0.21866444503396545j),-0.00288357342515251,0.008678926366822968,0.009145422821224871
34,(0.00400763771660938+6.297203221729472e-20j),3,5,CA3 Lucidum ORAX,(0.07210828547459874-0.21703019406859914j),-0.004218094601447982,0.012695543708003472,0.013377935270758009
34,(0.00400763771660938+6.297203221729472e-20j),4,1,CA3 Basket CCK+,(-0.14627547293289309+0.4402572335364272j),-0.0030863503506526613,0.009289240635208189,0.009788541774226478
34,(0.00400763771660938+6.297203221729472e-20j),4,2,CA3 O LM,(-0.10829645908897538+0.3259486947765785j),-0.0015643740001409516,0.004708424151425157,0.0049615042076008265
34,(0.00400763771660938+6.297203221729472e-20j),4,3,CA3 Basket,(0.09188779729135389-0.2765622056802835j),-0.014564085005301049,0.04383471572411068,0.04619085271626007
34,(0.00400763771660938+6.297203221729472e-20j),4,4,DG HIPROM,(0.07265126538416165-0.21866444503396545j),-0.005449949742884233,0.016403158701907165,0.017284836348658805
34,(0.00400763771660938+6.297203221729472e-20j),4,5,CA3 Lucidum ORAX,(0.07210828547459874-0.21703019406859914j),-0.004493518778929602,0.013524510341956791,0.014251459258836943
34,(0.00400763771660938+6.297203221729472e-20j),5,1,CA3 Basket CCK+,(-0.14627547293289309+0.4402572335364272j),-0.002947245001693294,0.008870563909199132,0.009347360973408072
34,(0.00400763771660938+6.297203221729472e-20j),5,2,CA3 O LM,(-0.10829645908897538+0.3259486947765785j),-0.0016401380501204648,0.004936457398398825,0.0052017943509580855
34,(0.00400763771660938+6.297203221729472e-20j),5,3,CA3 Basket,(0.09188779729135389-0.2765622056802835j),-0.014033793836766102,0.0422386550985874,0.044509003066686155
34,(0.00400763771660938+6.297203221729472e-20j),5,4,DG HIPROM,(0.07265126538416165-0.21866444503396545j),-0.005057895337267874,0.015223160548070389,0.016041412728157168
34,(0.00400763771660938+6.297203221729472e-20j),5,5,CA3 Lucidum ORAX,(0.07210828547459874-0.21703019406859914j),-0.0045259623555441155,0.013622158423346948,0.014354355971431273
34,(0.00400763771660938+6.297203221729472e-20j),6,1,CA3 Basket CCK+,(-0.14627547293289309+0.4402572335364272j),-0.0027815849493082545,0.008371963324233013,0.008821960367884277
34,(0.00400763771660938+6.297203221729472e-20j),6,2,CA3 O LM,(-0.10829645908897538+0.3259486947765785j),-0.001562602419925628,0.004703092081810571,0.004955885536687335
34,(0.00400763771660938+6.297203221729472e-20j),6,3,CA3 Basket,(0.09188779729135389-0.2765622056802835j),-0.013238690861506438,0.03984556875782409,0.04198728718744545
34,(0.00400763771660938+6.297203221729472e-20j),6,4,DG HIPROM,(0.07265126538416165-0.21866444503396545j),-0.0045481231261183894,0.01368885750385885,0.014424640159507816
34,(0.00400763771660938+6.297203221729472e-20j),6,5,CA3 Lucidum ORAX,(0.07210828547459874-0.21703019406859914j),-0.004230298324878791,0.012732274250785346,0.013416640097829405
34,(0.00400763771660938+6.297203221729472e-20j),7,1,CA3 Basket CCK+,(-0.14627547293289309+0.4402572335364272j),-0.0026480800421371867,0.007970142705121861,0.008398541697793284
34,(0.00400763771660938+6.297203221729472e-20j),7,2,CA3 O LM,(-0.10829645908897538+0.3259486947765785j),-0.0014807369492967457,0.0044566948909584535,0.0046962443786612955
34,(0.00400763771660938+6.297203221729472e-20j),7,3,CA3 Basket,(0.09188779729135389-0.2765622056802835j),-0.01260215220112114,0.037929726381510015,0.03996846736461681
34,(0.00400763771660938+6.297203221729472e-20j),7,4,DG HIPROM,(0.07265126538416165-0.21866444503396545j),-0.004402172599692398,0.013249578288354491,0.01396174947550332
34,(0.00400763771660938+6.297203221729472e-20j),7,5,CA3 Lucidum ORAX,(0.07210828547459874-0.21703019406859914j),-0.004033531324558478,0.012140048544893941,0.012792581976230443
34,(0.00400763771660938+6.297203221729472e-20j),8,1,CA3 Basket CCK+,(-0.14627547293289309+0.4402572335364272j),-0.002514901109992811,0.007569303199662753,0.00797615687668365
34,(0.00400763771660938+6.297203221729472e-20j),8,2,CA3 O LM,(-0.10829645908897538+0.3259486947765785j),-0.001406144116813958,0.004232186752908652,0.0044596688205231095
34,(0.00400763771660938+6.297203221729472e-20j),8,3,CA3 Basket,(0.09188779729135389-0.2765622056802835j),-0.011974915359009372,0.0360418804471001,0.03797914880587103
34,(0.00400763771660938+6.297203221729472e-20j),8,4,DG HIPROM,(0.07265126538416165-0.21866444503396545j),-0.004210409902907922,0.012672414443390886,0.0133535627970803
34,(0.00400763771660938+6.297203221729472e-20j),8,5,CA3 Lucidum ORAX,(0.07210828547459874-0.21703019406859914j),-0.003839207196717227,0.01155517535175092,0.012176271568466158
34,(0.00400763771660938+6.297203221729472e-20j),9,1,CA3 Basket CCK+,(-0.14627547293289309+0.4402572335364272j),-0.0023896918570874602,0.007192450688493207,0.007579048362310173
34,(0.00400763771660938+6.297203221729472e-20j),9,2,CA3 O LM,(-0.10829645908897538+0.3259486947765785j),-0.0013366868245477629,0.004023135469539531,0.004239380930417393
34,(0.00400763771660938+6.297203221729472e-20j),9,3,CA3 Basket,(0.09188779729135389-0.2765622056802835j),-0.01138081670873295,0.03425377323422225,0.036094929972771736
34,(0.00400763771660938+6.297203221729472e-20j),9,4,DG HIPROM,(0.07265126538416165-0.21866444503396545j),-0.0040058265436894325,0.012056663203957572,0.012704714633229322
34,(0.00400763771660938+6.297203221729472e-20j),9,5,CA3 Lucidum ORAX,(0.07210828547459874-0.21703019406859914j),-0.0036507723955287365,0.010988027745868338,0.011578639506778291
34,(0.00400763771660938+6.297203221729472e-20j),10,1,CA3 Basket CCK+,(-0.14627547293289309+0.4402572335364272j),-0.002269989188556019,0.006832171793898503,0.007199404304350707
34,(0.00400763771660938+6.297203221729472e-20j),10,2,CA3 O LM,(-0.10829645908897538+0.3259486947765785j),-0.0012701295012567005,0.003822812459562625,0.004028290462584573
34,(0.00400763771660938+6.297203221729472e-20j),10,3,CA3 Basket,(0.09188779729135389-0.2765622056802835j),-0.010811050716971662,0.03253890201031555,0.03428788359817285
34,(0.00400763771660938+6.297203221729472e-20j),10,4,DG HIPROM,(0.07265126538416165-0.21866444503396545j),-0.003803216447764912,0.011446851056167068,0.012062124790045188
34,(0.00400763771660938+6.297203221729472e-20j),10,5,CA3 Lucidum ORAX,(0.07210828547459874-0.21703019406859914j),-0.0034680395805424553,0.010438041873396807,0.010999091629902634
35,(-0.0033511000434141777+0.002095373115538791j),0,1,DG MOLAX,(-0.4729594596734101+0.10571692671702093j),-0.4729594596734101,0.10571692671702093,0.48463049748138626
35,(-0.0033511000434141777+0.002095373115538791j),0,2,DG Total Molecular Layer,(0.2420788147463756+0.004642589001298363j),0.2420788147463756,0.004642589001298363,0.242123328454003
35,(-0.0033511000434141777+0.002095373115538791j),0,3,CA1 Radiatum,(-0.21872487354287345+0.10089052461298378j),-0.21872487354287345,0.10089052461298378,0.24087230696580517
35,(-0.0033511000434141777+0.002095373115538791j),0,4,DG Mossy,(0.21985679679984335-0.07751809231104335j),0.21985679679984335,-0.07751809231104335,0.23312242649438736
35,(-0.0033511000434141777+0.002095373115538791j),0,5,CA3 O LM,(-0.2271957671022342-0.037526947495707924j),-0.2271957671022342,-0.037526947495707924,0.23027415916146185
35,(-0.0033511000434141777+0.002095373115538791j),1,1,DG MOLAX,(-0.4729594596734101+0.10571692671702093j),0.25405852246525185,-0.030712993199401517,0.2559082272778532
35,(-0.0033511000434141777+0.002095373115538791j),1,2,DG Total Molecular Layer,(0.2420788147463756+0.004642589001298363j),0.25321918464498683,-0.026953145654412546,0.25464961718592843
35,(-0.0033511000434141777+0.002095373115538791j),1,3,CA1 Radiatum,(-0.21872487354287345+0.10089052461298378j),0.09706828473449092,-0.07807984024356339,0.12457412794700425
35,(-0.0033511000434141777+0.002095373115538791j),1,4,DG Mossy,(0.21985679679984335-0.07751809231104335j),0.2431045600437784,-0.017096658122559782,0.2437049913995172
35,(-0.0033511000434141777+0.002095373115538791j),1,5,CA3 O LM,(-0.2271957671022342-0.037526947495707924j),-0.011041239299932362,0.0015470804884887657,0.011149099663929529
35,(-0.0033511000434141777+0.002095373115538791j),2,1,DG MOLAX,(-0.4729594596734101+0.10571692671702093j),-0.011285174110541524,-0.016782606389185335,0.020224021160974912
35,(-0.0033511000434141777+0.002095373115538791j),2,2,DG Total Molecular Layer,(0.2420788147463756+0.004642589001298363j),0.0013140367217468628,-0.0197393006594548,0.0197829897394315
35,(-0.0033511000434141777+0.002095373115538791j),2,3,CA1 Radiatum,(-0.21872487354287345+0.10089052461298378j),0.048021794386632385,-0.012284909848662838,0.049568253409836525
35,(-0.0033511000434141777+0.002095373115538791j),2,4,DG Mossy,(0.21985679679984335-0.07751809231104335j),0.01447195735450791,-0.02507679309031672,0.02895311902654448
35,(-0.0033511000434141777+0.002095373115538791j),2,5,CA3 O LM,(-0.2271957671022342-0.037526947495707924j),0.0208879140529412,-0.011389111219204367,0.023791107747359416
35,(-0.0033511000434141777+0.002095373115538791j),3,1,DG MOLAX,(-0.4729594596734101+0.10571692671702093j),-0.04711446668333268,0.03551305605129684,0.05899957729473505
35,(-0.0033511000434141777+0.002095373115538791j),3,2,DG Total Molecular Layer,(0.2420788147463756+0.004642589001298363j),-0.04338129824540963,0.032049197263306635,0.05393596279551818
35,(-0.0033511000434141777+0.002095373115538791j),3,3,CA1 Radiatum,(-0.21872487354287345+0.10089052461298378j),0.031718940460565004,-0.01988158987417849,0.03743486075659831
35,(-0.0033511000434141777+0.002095373115538791j),3,4,DG Mossy,(0.21985679679984335-0.07751809231104335j),-0.041727707906978245,0.029602625196583545,0.05116167536056162
35,(-0.0033511000434141777+0.002095373115538791j),3,5,CA3 O LM,(-0.2271957671022342-0.037526947495707924j),-0.008106757761631084,0.00875769277158039,0.011933846994458965
35,(-0.0033511000434141777+0.002095373115538791j),4,1,DG MOLAX,(-0.4729594596734101+0.10571692671702093j),-0.02925092606389391,0.030804923433813202,0.04248011279832579
35,(-0.0033511000434141777+0.002095373115538791j),4,2,DG Total Molecular Layer,(0.2420788147463756+0.004642589001298363j),-0.027421419731518855,0.028384505565472163,0.03946662408020798
35,(-0.0033511000434141777+0.002095373115538791j),4,3,CA1 Radiatum,(-0.21872487354287345+0.10089052461298378j),-0.03289494296457497,0.0328568389403403,0.046493538667153556
35,(-0.0033511000434141777+0.002095373115538791j),4,4,DG Mossy,(0.21985679679984335-0.07751809231104335j),-0.025626988896478877,0.02606454189622998,0.036552741404176234
35,(-0.0033511000434141777+0.002095373115538791j),4,5,CA3 O LM,(-0.2271957671022342-0.037526947495707924j),-0.008362369992361406,0.008108116917249547,0.011647780553948241
35,(-0.0033511000434141777+0.002095373115538791j),5,1,DG MOLAX,(-0.4729594596734101+0.10571692671702093j),-0.03373209521933686,0.03501585972544623,0.04862061990759204
35,(-0.0033511000434141777+0.002095373115538791j),5,2,DG Total Molecular Layer,(0.2420788147463756+0.004642589001298363j),-0.03160003521334742,0.032802253683271804,0.04554722902863044
35,(-0.0033511000434141777+0.002095373115538791j),5,3,CA1 Radiatum,(-0.21872487354287345+0.10089052461298378j),-0.03364555466064624,0.033580943146491966,0.047536334429891205
35,(-0.0033511000434141777+0.002095373115538791j),5,4,DG Mossy,(0.21985679679984335-0.07751809231104335j),-0.02972699788168898,0.03096185640987785,0.04292238291851741
35,(-0.0033511000434141777+0.002095373115538791j),5,5,CA3 O LM,(-0.2271957671022342-0.037526947495707924j),-0.008768134288729138,0.00855459192566778,0.01224994783335374
35,(-0.0033511000434141777+0.002095373115538791j),6,1,DG MOLAX,(-0.4729594596734101+0.10571692671702093j),-0.033908252316533376,0.03351142615363846,0.047673737613202254
35,(-0.0033511000434141777+0.002095373115538791j),6,2,DG Total Molecular Layer,(0.2420788147463756+0.004642589001298363j),-0.03152120009763746,0.031223692416152634,0.04436783771713252
35,(-0.0033511000434141777+0.002095373115538791j),6,3,CA1 Radiatum,(-0.21872487354287345+0.10089052461298378j),-0.03666004355008147,0.03628317868245685,0.05157933547843517
35,(-0.0033511000434141777+0.002095373115538791j),6,4,DG Mossy,(0.21985679679984335-0.07751809231104335j),-0.029376897771190336,0.02919595009327686,0.04141745555328189
35,(-0.0033511000434141777+0.002095373115538791j),6,5,CA3 O LM,(-0.2271957671022342-0.037526947495707924j),-0.008385028767488329,0.008213030192106865,0.011737230182971866
35,(-0.0033511000434141777+0.002095373115538791j),7,1,DG MOLAX,(-0.4729594596734101+0.10571692671702093j),-0.03489932524222265,0.03403115383536196,0.048745074968949524
35,(-0.0033511000434141777+0.002095373115538791j),7,2,DG Total Molecular Layer,(0.2420788147463756+0.004642589001298363j),-0.03255682502030001,0.03175973803514722,0.045482170302917714
35,(-0.0033511000434141777+0.002095373115538791j),7,3,CA1 Radiatum,(-0.21872487354287345+0.10089052461298378j),-0.0353539008234667,0.03468649658442195,0.04952828836873565
35,(-0.0033511000434141777+0.002095373115538791j),7,4,DG Mossy,(0.21985679679984335-0.07751809231104335j),-0.03060432401261895,0.029863736713950994,0.04276058253566652
35,(-0.0033511000434141777+0.002095373115538791j),7,5,CA3 O LM,(-0.2271957671022342-0.037526947495707924j),-0.00800574184070837,0.007823997694752118,0.01119405388353813
35,(-0.0033511000434141777+0.002095373115538791j),8,1,DG MOLAX,(-0.4729594596734101+0.10571692671702093j),-0.03326715553920195,0.032487330135265904,0.046498712422896306
35,(-0.0033511000434141777+0.002095373115538791j),8,2,DG Total Molecular Layer,(0.2420788147463756+0.004642589001298363j),-0.03108801890881751,0.030357135749589818,0.043451359134025015
35,(-0.0033511000434141777+0.002095373115538791j),8,3,CA1 Radiatum,(-0.21872487354287345+0.10089052461298378j),-0.03445012039109339,0.03364534594846259,0.04815412857640097
35,(-0.0033511000434141777+0.002095373115538791j),8,4,DG Mossy,(0.21985679679984335-0.07751809231104335j),-0.029273881772054564,0.028583530373820516,0.04091428066867788
35,(-0.0033511000434141777+0.002095373115538791j),8,5,CA3 O LM,(-0.2271957671022342-0.037526947495707924j),-0.007646289285819616,0.007460926591382215,0.010683218870941195
35,(-0.0033511000434141777+0.002095373115538791j),9,1,DG MOLAX,(-0.4729594596734101+0.10571692671702093j),-0.03175544821649005,0.031007043733422033,0.044382938754847306
35,(-0.0033511000434141777+0.002095373115538791j),9,2,DG Total Molecular Layer,(0.2420788147463756+0.004642589001298363j),-0.029684222553331197,0.028984702381900075,0.04148814337570459
35,(-0.0033511000434141777+0.002095373115538791j),9,3,CA1 Radiatum,(-0.21872487354287345+0.10089052461298378j),-0.03284804303980301,0.032060267269786495,0.04590048658734343
35,(-0.0033511000434141777+0.002095373115538791j),9,4,DG Mossy,(0.21985679679984335-0.07751809231104335j),-0.027965265590416264,0.027307383633425164,0.039086433457730274
35,(-0.0033511000434141777+0.002095373115538791j),9,5,CA3 O LM,(-0.2271957671022342-0.037526947495707924j),-0.007274607763691274,0.0070970173040909796,0.01016304938146638
35,(-0.0033511000434141777+0.002095373115538791j),10,1,DG MOLAX,(-0.4729594596734101+0.10571692671702093j),-0.03020604599368409,0.02947631313071512,0.04220495528196336
35,(-0.0033511000434141777+0.002095373115538791j),10,2,DG Total Molecular Layer,(0.2420788147463756+0.004642589001298363j),-0.028235574209826652,0.0275542105298544,0.039452277106425265
35,(-0.0033511000434141777+0.002095373115538791j),10,3,CA1 Radiatum,(-0.21872487354287345+0.10089052461298378j),-0.03128543220572237,0.030528561865133686,0.04371237076448892
35,(-0.0033511000434141777+0.002095373115538791j),10,4,DG Mossy,(0.21985679679984335-0.07751809231104335j),-0.02660018392554083,0.025959431762280265,0.037168022308068614
35,(-0.0033511000434141777+0.002095373115538791j),10,5,CA3 O LM,(-0.2271957671022342-0.037526947495707924j),-0.006913355429117897,0.00674475079952608,0.009658475378496421
36,(-0.0033511000434141743-0.0020953731155387866j),0,1,LEC LIII Multipolar Principal,(-0.05600961474744125-0.3801912722000364j),-0.05600961474744125,-0.3801912722000364,0.3842947832084622
36,(-0.0033511000434141743-0.0020953731155387866j),0,2,CA3 O LM,(0.047500827142365774-0.27203694117380584j),0.047500827142365774,-0.27203694117380584,0.2761529031938821
36,(-0.0033511000434141743-0.0020953731155387866j),0,3,EC LI II Multipolar Pyramidal,(0.05304772741218607+0.24806608042586123j),0.05304772741218607,0.24806608042586123,0.2536746767839617
36,(-0.0033511000434141743-0.0020953731155387866j),0,4,MEC LII Stellate,(-0.06431958766619376-0.2031433645692891j),-0.06431958766619376,-0.2031433645692891,0.21308269738784585
36,(-0.0033511000434141743-0.0020953731155387866j),0,5,CA1 Back Projection,(-0.03656558501928198+0.20728418771147145j),-0.03656558501928198,0.20728418771147145,0.21048462291342537
36,(-0.0033511000434141743-0.0020953731155387866j),1,1,LEC LIII Multipolar Principal,(-0.05600961474744125-0.3801912722000364j),0.01942855616026236,0.07884777173936972,0.08120615680314035
36,(-0.0033511000434141743-0.0020953731155387866j),1,2,CA3 O LM,(0.047500827142365774-0.27203694117380584j),0.003243424213982085,-0.0024525268982025423,0.004066286858824927
36,(-0.0033511000434141743-0.0020953731155387866j),1,3,EC LI II Multipolar Pyramidal,(0.05304772741218607+0.24806608042586123j),0.035728804928317454,0.16637028988484484,0.17016351212281988
36,(-0.0033511000434141743-0.0020953731155387866j),1,4,MEC LII Stellate,(-0.06431958766619376-0.2031433645692891j),0.049428005290975095,0.23206169243887584,0.23726726871745302
36,(-0.0033511000434141743-0.0020953731155387866j),1,5,CA1 Back Projection,(-0.03656558501928198+0.20728418771147145j),0.045291871620724726,-0.11647229738253094,0.12496859482475162
36,(-0.0033511000434141743-0.0020953731155387866j),2,1,LEC LIII Multipolar Principal,(-0.05600961474744125-0.3801912722000364j),0.013527633730035264,0.05887600090535696,0.060410101447866994
36,(-0.0033511000434141743-0.0020953731155387866j),2,2,CA3 O LM,(0.047500827142365774-0.27203694117380584j),-0.00848318867965066,-0.022392806150911736,0.023945819206844094
36,(-0.0033511000434141743-0.0020953731155387866j),2,3,EC LI II Multipolar Pyramidal,(0.05304772741218607+0.24806608042586123j),0.03582604953197554,0.16671862105180976,0.17052449803616052
36,(-0.0033511000434141743-0.0020953731155387866j),2,4,MEC LII Stellate,(-0.06431958766619376-0.2031433645692891j),0.03734441244182141,0.17378348711759312,0.17775068364249832
36,(-0.0033511000434141743-0.0020953731155387866j),2,5,CA1 Back Projection,(-0.03656558501928198+0.20728418771147145j),-0.07207921696732601,-0.2374182615781727,0.24811860963947163
36,(-0.0033511000434141743-0.0020953731155387866j),3,1,LEC LIII Multipolar Principal,(-0.05600961474744125-0.3801912722000364j),0.014259627630881263,0.07023443674767293,0.07166737811190153
36,(-0.0033511000434141743-0.0020953731155387866j),3,2,CA3 O LM,(0.047500827142365774-0.27203694117380584j),0.004495507475964965,0.02254673364256768,0.022990536866618623
36,(-0.0033511000434141743-0.0020953731155387866j),3,3,EC LI II Multipolar Pyramidal,(0.05304772741218607+0.24806608042586123j),0.03352517092020902,0.1557696717111485,0.1593365234659907
36,(-0.0033511000434141743-0.0020953731155387866j),3,4,MEC LII Stellate,(-0.06431958766619376-0.2031433645692891j),0.036548564988399646,0.16988493922646095,0.17377194876817603
36,(-0.0033511000434141743-0.0020953731155387866j),3,5,CA1 Back Projection,(-0.03656558501928198+0.20728418771147145j),0.033978802245569054,0.19471960465018767,0.19766204349133112
36,(-0.0033511000434141743-0.0020953731155387866j),4,1,LEC LIII Multipolar Principal,(-0.05600961474744125-0.3801912722000364j),0.014195559685802888,0.06845031298123849,0.06990678981345588
36,(-0.0033511000434141743-0.0020953731155387866j),4,2,CA3 O LM,(0.047500827142365774-0.27203694117380584j),0.004380483503492476,0.02030050395479728,0.02076774172949745
36,(-0.0033511000434141743-0.0020953731155387866j),4,3,EC LI II Multipolar Pyramidal,(0.05304772741218607+0.24806608042586123j),0.03173037311378167,0.14759673504611504,0.15096891327095419
36,(-0.0033511000434141743-0.0020953731155387866j),4,4,MEC LII Stellate,(-0.06431958766619376-0.2031433645692891j),0.03438325121050737,0.15992180877356166,0.16357626015168727
36,(-0.0033511000434141743-0.0020953731155387866j),4,5,CA1 Back Projection,(-0.03656558501928198+0.20728418771147145j),0.040762741719124765,0.1952426483750423,0.1994524827044288
36,(-0.0033511000434141743-0.0020953731155387866j),5,1,LEC LIII Multipolar Principal,(-0.05600961474744125-0.3801912722000364j),0.015445423666617636,0.072449600073254,0.07407770017364036
36,(-0.0033511000434141743-0.0020953731155387866j),5,2,CA3 O LM,(0.047500827142365774-0.27203694117380584j),0.0046077503295960005,0.021454996593570513,0.02194420748010769
36,(-0.0033511000434141743-0.0020953731155387866j),5,3,EC LI II Multipolar Pyramidal,(0.05304772741218607+0.24806608042586123j),0.030017591769409557,0.13972432811310934,0.14291236364392956
36,(-0.0033511000434141743-0.0020953731155387866j),5,4,MEC LII Stellate,(-0.06431958766619376-0.2031433645692891j),0.03255728364834937,0.15154593221795984,0.15500369766676395
36,(-0.0033511000434141743-0.0020953731155387866j),5,5,CA1 Back Projection,(-0.03656558501928198+0.20728418771147145j),0.047090161568307524,0.21953829908023556,0.22453184201705614
36,(-0.0033511000434141743-0.0020953731155387866j),6,1,LEC LIII Multipolar Principal,(-0.05600961474744125-0.3801912722000364j),0.015231275406907736,0.07108499861409585,0.07269847851562701
36,(-0.0033511000434141743-0.0020953731155387866j),6,2,CA3 O LM,(0.047500827142365774-0.27203694117380584j),0.004415359454658806,0.020620469320948815,0.021087891173136215
36,(-0.0033511000434141743-0.0020953731155387866j),6,3,EC LI II Multipolar Pyramidal,(0.05304772741218607+0.24806608042586123j),0.02847727359413446,0.13257530447606336,0.13559928638557095
36,(-0.0033511000434141743-0.0020953731155387866j),6,4,MEC LII Stellate,(-0.06431958766619376-0.2031433645692891j),0.03088201993489745,0.14377155922366697,0.14705087689933635
36,(-0.0033511000434141743-0.0020953731155387866j),6,5,CA1 Back Projection,(-0.03656558501928198+0.20728418771147145j),0.045935232896702656,0.21447055780585278,0.2193345977880096
36,(-0.0033511000434141743-0.0020953731155387866j),7,1,LEC LIII Multipolar Principal,(-0.05600961474744125-0.3801912722000364j),0.014699406278778141,0.06853632075667936,0.07009493425213421
36,(-0.0033511000434141743-0.0020953731155387866j),7,2,CA3 O LM,(0.047500827142365774-0.27203694117380584j),0.0042107746354938325,0.019631741510077367,0.02007824438912459
36,(-0.0033511000434141743-0.0020953731155387866j),7,3,EC LI II Multipolar Pyramidal,(0.05304772741218607+0.24806608042586123j),0.027039693969740757,0.12588864933267566,0.12875984265594073
36,(-0.0033511000434141743-0.0020953731155387866j),7,4,MEC LII Stellate,(-0.06431958766619376-0.2031433645692891j),0.029323217952950033,0.13652043529958735,0.13963409456685366
36,(-0.0033511000434141743-0.0020953731155387866j),7,5,CA1 Back Projection,(-0.03656558501928198+0.20728418771147145j),0.04414100107587686,0.20592860893753037,0.21060631508795474
36,(-0.0033511000434141743-0.0020953731155387866j),8,1,LEC LIII Multipolar Principal,(-0.05600961474744125-0.3801912722000364j),0.014026564615694796,0.06535110661945936,0.0668394468207675
36,(-0.0033511000434141743-0.0020953731155387866j),8,2,CA3 O LM,(0.047500827142365774-0.27203694117380584j),0.004018446473806678,0.018712662563104762,0.019139269898913902
36,(-0.0033511000434141743-0.0020953731155387866j),8,3,EC LI II Multipolar Pyramidal,(0.05304772741218607+0.24806608042586123j),0.025682570957729165,0.11957412814727478,0.12230113071096149
36,(-0.0033511000434141743-0.0020953731155387866j),8,4,MEC LII Stellate,(-0.06431958766619376-0.2031433645692891j),0.02785205313599067,0.1296748766611704,0.13263223778923358
36,(-0.0033511000434141743-0.0020953731155387866j),8,5,CA1 Back Projection,(-0.03656558501928198+0.20728418771147145j),0.042126678053859896,0.19625887607849976,0.20072917935230414
36,(-0.0033511000434141743-0.0020953731155387866j),9,1,LEC LIII Multipolar Principal,(-0.05600961474744125-0.3801912722000364j),0.01336078462823525,0.06222036158557356,0.06363869861744192
36,(-0.0033511000434141743-0.0020953731155387866j),9,2,CA3 O LM,(0.047500827142365774-0.27203694117380584j),0.003822768779129436,0.017799096131897226,0.018204982401837294
36,(-0.0033511000434141743-0.0020953731155387866j),9,3,EC LI II Multipolar Pyramidal,(0.05304772741218607+0.24806608042586123j),0.02439625592608518,0.11358697135405632,0.11617735306245472
36,(-0.0033511000434141743-0.0020953731155387866j),9,4,MEC LII Stellate,(-0.06431958766619376-0.2031433645692891j),0.026457020171095656,0.12318173806620442,0.12599093026620906
36,(-0.0033511000434141743-0.0020953731155387866j),9,5,CA1 Back Projection,(-0.03656558501928198+0.20728418771147145j),0.04013811663883369,0.1869025566877142,0.19116389330550065
36,(-0.0033511000434141743-0.0020953731155387866j),10,1,LEC LIII Multipolar Principal,(-0.05600961474744125-0.3801912722000364j),0.012704408292612511,0.0591552444371204,0.06050409022934619
36,(-0.0033511000434141743-0.0020953731155387866j),10,2,CA3 O LM,(0.047500827142365774-0.27203694117380584j),0.0036329788115180154,0.01691573732761714,0.017301465382500946
36,(-0.0033511000434141743-0.0020953731155387866j),10,3,EC LI II Multipolar Pyramidal,(0.05304772741218607+0.24806608042586123j),0.023175632757393295,0.10790436278369468,0.11036512792300272
36,(-0.0033511000434141743-0.0020953731155387866j),10,4,MEC LII Stellate,(-0.06431958766619376-0.2031433645692891j),0.025133350695694737,0.11701939492402302,0.11968802824667656
36,(-0.0033511000434141743-0.0020953731155387866j),10,5,CA1 Back Projection,(-0.03656558501928198+0.20728418771147145j),0.03816025464901811,0.17768270717474208,0.181734282577127
37,(0.0005340480940606711+0.0025601155270172675j),0,1,CA1 Back Projection,(0.4898168616843063+0.20979108136723748j),0.4898168616843063,0.20979108136723748,0.5328535031427473
37,(0.0005340480940606711+0.0025601155270172675j),0,2,CA1 Pyramidal,(0.07647665619143881+0.2708693767945463j),0.07647665619143881,0.2708693767945463,0.28145851955002077
37,(0.0005340480940606711+0.0025601155270172675j),0,3,CA1 OR LM,(-0.11360863987468905-0.19586269086610775j),-0.11360863987468905,-0.19586269086610775,0.22642684630469348
37,(0.0005340480940606711+0.0025601155270172675j),0,4,CA3 Basket CCK+,(0.21924146693707794-0.025130431554599226j),0.21924146693707794,-0.025130431554599226,0.22067704777534575
37,(0.0005340480940606711+0.0025601155270172675j),0,5,CA3 O LM,(0.1793920818763454+0.10505835306373555j),0.1793920818763454,0.10505835306373555,0.20789126145269773
37,(0.0005340480940606711+0.0025601155270172675j),1,1,CA1 Back Projection,(0.4898168616843063+0.20979108136723748j),-0.06823487442710381,0.1194419060618303,0.13755859483058747
37,(0.0005340480940606711+0.0025601155270172675j),1,2,CA1 Pyramidal,(0.07647665619143881+0.2708693767945463j),0.10640336942070226,0.13305437619247454,0.1703676731309287
37,(0.0005340480940606711+0.0025601155270172675j),1,3,CA1 OR LM,(-0.11360863987468905-0.19586269086610775j),0.4451179092625907,0.5322820001011803,0.6938689218995278
37,(0.0005340480940606711+0.0025601155270172675j),1,4,CA3 Basket CCK+,(0.21924146693707794-0.025130431554599226j),-0.05305010039385454,0.010711347939064019,0.0541206626573413
37,(0.0005340480940606711+0.0025601155270172675j),1,5,CA3 O LM,(0.1793920818763454+0.10505835306373555j),-0.017966580882253044,-0.002818165174743277,0.018186260845777957
37,(0.0005340480940606711+0.0025601155270172675j),2,1,CA1 Back Projection,(0.4898168616843063+0.20979108136723748j),-0.12401044581716322,0.12072755122018432,0.1730714658613424
37,(0.0005340480940606711+0.0025601155270172675j),2,2,CA1 Pyramidal,(0.07647665619143881+0.2708693767945463j),-0.061222820787569146,0.01837843838854771,0.063921833381001
37,(0.0005340480940606711+0.0025601155270172675j),2,3,CA1 OR LM,(-0.11360863987468905-0.19586269086610775j),-0.237903739803571,0.10083026581244742,0.2583891095157341
37,(0.0005340480940606711+0.0025601155270172675j),2,4,CA3 Basket CCK+,(0.21924146693707794-0.025130431554599226j),-0.0024895901084401534,0.005396937520525179,0.005943483280745014
37,(0.0005340480940606711+0.0025601155270172675j),2,5,CA3 O LM,(0.1793920818763454+0.10505835306373555j),-0.01698863383594266,0.008203400808192474,0.018865562923792885
37,(0.0005340480940606711+0.0025601155270172675j),3,1,CA1 Back Projection,(0.4898168616843063+0.20979108136723748j),-0.05567981139993281,0.028349440562308606,0.062481454670389645
37,(0.0005340480940606711+0.0025601155270172675j),3,2,CA1 Pyramidal,(0.07647665619143881+0.2708693767945463j),-0.014421395313075812,0.019882243385774448,0.02456176387858121
37,(0.0005340480940606711+0.0025601155270172675j),3,3,CA1 OR LM,(-0.11360863987468905-0.19586269086610775j),-0.07169814030177328,0.08594778826099096,0.11192696560565243
37,(0.0005340480940606711+0.0025601155270172675j),3,4,CA3 Basket CCK+,(0.21924146693707794-0.025130431554599226j),-0.006134553777972942,0.0019502655572541747,0.006437102282755342
37,(0.0005340480940606711+0.0025601155270172675j),3,5,CA3 O LM,(0.1793920818763454+0.10505835306373555j),-0.003357179431659213,0.0017106743767526156,0.0037678986928570183
37,(0.0005340480940606711+0.0025601155270172675j),4,1,CA1 Back Projection,(0.4898168616843063+0.20979108136723748j),-0.03023164359152457,0.020016832632516458,0.036257769689862954
37,(0.0005340480940606711+0.0025601155270172675j),4,2,CA1 Pyramidal,(0.07647665619143881+0.2708693767945463j),-0.014460575134041672,0.009871890362647576,0.017508924939567204
37,(0.0005340480940606711+0.0025601155270172675j),4,3,CA1 OR LM,(-0.11360863987468905-0.19586269086610775j),-0.057904946090075474,0.04044848492024784,0.07063329748806907
37,(0.0005340480940606711+0.0025601155270172675j),4,4,CA3 Basket CCK+,(0.21924146693707794-0.025130431554599226j),-0.004118368600096722,0.0028324414096754227,0.0049983681602605795
37,(0.0005340480940606711+0.0025601155270172675j),4,5,CA3 O LM,(0.1793920818763454+0.10505835306373555j),-0.002662840671296854,0.0016810809856229575,0.0031490877601197042
37,(0.0005340480940606711+0.0025601155270172675j),5,1,CA1 Back Projection,(0.4898168616843063+0.20979108136723748j),-0.026737280024210695,0.017155362549844996,0.03176772902348672
37,(0.0005340480940606711+0.0025601155270172675j),5,2,CA1 Pyramidal,(0.07647665619143881+0.2708693767945463j),-0.009560350924296855,0.007599567870814098,0.012212851494176682
37,(0.0005340480940606711+0.0025601155270172675j),5,3,CA1 OR LM,(-0.11360863987468905-0.19586269086610775j),-0.03518524203047819,0.02986146734737903,0.0461487647600877
37,(0.0005340480940606711+0.0025601155270172675j),5,4,CA3 Basket CCK+,(0.21924146693707794-0.025130431554599226j),-0.004488584380518329,0.002289418760774276,0.005038732777516419
37,(0.0005340480940606711+0.0025601155270172675j),5,5,CA3 O LM,(0.1793920818763454+0.10505835306373555j),-0.002424121601141968,0.00155548921644441,0.0028802625296312735
37,(0.0005340480940606711+0.0025601155270172675j),6,1,CA1 Back Projection,(0.4898168616843063+0.20979108136723748j),-0.024200674271389187,0.014284267011384296,0.028101831243575574
37,(0.0005340480940606711+0.0025601155270172675j),6,2,CA1 Pyramidal,(0.07647665619143881+0.2708693767945463j),-0.009924103397711997,0.005566236317596149,0.011378524288843662
37,(0.0005340480940606711+0.0025601155270172675j),6,3,CA1 OR LM,(-0.11360863987468905-0.19586269086610775j),-0.036247714143405246,0.020865726481622403,0.041824338873769414
37,(0.0005340480940606711+0.0025601155270172675j),6,4,CA3 Basket CCK+,(0.21924146693707794-0.025130431554599226j),-0.004049006932863321,0.0022662544434370975,0.004640082579520932
37,(0.0005340480940606711+0.0025601155270172675j),6,5,CA3 O LM,(0.1793920818763454+0.10505835306373555j),-0.002315088690426605,0.001289366795819688,0.0026499249760518697
37,(0.0005340480940606711+0.0025601155270172675j),7,1,CA1 Back Projection,(0.4898168616843063+0.20979108136723748j),-0.02311854346609988,0.012801034547251122,0.026426001163132234
37,(0.0005340480940606711+0.0025601155270172675j),7,2,CA1 Pyramidal,(0.07647665619143881+0.2708693767945463j),-0.008933722780011602,0.005075008886012555,0.010274586021013431
37,(0.0005340480940606711+0.0025601155270172675j),7,3,CA1 OR LM,(-0.11360863987468905-0.19586269086610775j),-0.03247815708138974,0.018590371464076473,0.03742235426287042
37,(0.0005340480940606711+0.0025601155270172675j),7,4,CA3 Basket CCK+,(0.21924146693707794-0.025130431554599226j),-0.0038982673154144567,0.0021275306433799434,0.004441044325488017
37,(0.0005340480940606711+0.0025601155270172675j),7,5,CA3 O LM,(0.1793920818763454+0.10505835306373555j),-0.0021902912449828027,0.0012043212074074009,0.0024995530217339934
37,(0.0005340480940606711+0.0025601155270172675j),8,1,CA1 Back Projection,(0.4898168616843063+0.20979108136723748j),-0.021774384680748743,0.012011869603949054,0.024867827400227402
37,(0.0005340480940606711+0.0025601155270172675j),8,2,CA1 Pyramidal,(0.07647665619143881+0.2708693767945463j),-0.008462368678433533,0.004683148767061914,0.009671792286032948
37,(0.0005340480940606711+0.0025601155270172675j),8,3,CA1 OR LM,(-0.11360863987468905-0.19586269086610775j),-0.030679642852829415,0.01702363696805699,0.035086246610279696
37,(0.0005340480940606711+0.0025601155270172675j),8,4,CA3 Basket CCK+,(0.21924146693707794-0.025130431554599226j),-0.0036832794395737106,0.002026160145602707,0.004203792616865776
37,(0.0005340480940606711+0.0025601155270172675j),8,5,CA3 O LM,(0.1793920818763454+0.10505835306373555j),-0.0020688282509376847,0.001138462584175236,0.00236138675092515
37,(0.0005340480940606711+0.0025601155270172675j),9,1,CA1 Back Projection,(0.4898168616843063+0.20979108136723748j),-0.020625560321324895,0.011349667443629996,0.023542062136728943
37,(0.0005340480940606711+0.0025601155270172675j),9,2,CA1 Pyramidal,(0.07647665619143881+0.2708693767945463j),-0.007978221221301861,0.0044092403843870994,0.009115558930934596
37,(0.0005340480940606711+0.0025601155270172675j),9,3,CA1 OR LM,(-0.11360863987468905-0.19586269086610775j),-0.02886918019350691,0.015985151976749615,0.032999312852920945
37,(0.0005340480940606711+0.0025601155270172675j),9,4,CA3 Basket CCK+,(0.21924146693707794-0.025130431554599226j),-0.0035057852999800907,0.0019214381464091818,0.0039978062884578145
37,(0.0005340480940606711+0.0025601155270172675j),9,5,CA3 O LM,(0.1793920818763454+0.10505835306373555j),-0.0019608748088337674,0.0010784674334167448,0.002237883379637859
37,(0.0005340480940606711+0.0025601155270172675j),10,1,CA1 Back Projection,(0.4898168616843063+0.20979108136723748j),-0.019574408131001062,0.010752435199812943,0.022333211063462793
37,(0.0005340480940606711+0.0025601155270172675j),10,2,CA1 Pyramidal,(0.07647665619143881+0.2708693767945463j),-0.007581958490720851,0.004164188463524228,0.008650234685530923
37,(0.0005340480940606711+0.0025601155270172675j),10,3,CA1 OR LM,(-0.11360863987468905-0.19586269086610775j),-0.027426343842730804,0.015073414773795531,0.0312955614987585
37,(0.0005340480940606711+0.0025601155270172675j),10,4,CA3 Basket CCK+,(0.21924146693707794-0.025130431554599226j),-0.003328402703211927,0.0018259625133169345,0.003796367165434234
37,(0.0005340480940606711+0.0025601155270172675j),10,5,CA3 O LM,(0.1793920818763454+0.10505835306373555j),-0.001862953640488104,0.001022392955746577,0.0021250608514976933
38,(0.0005340480940606667-0.002560115527017262j),0,1,CA1 Pyramidal,(0.35331523766787293-0.05589351644326859j),0.35331523766787293,-0.05589351644326859,0.3577090191044943
38,(0.0005340480940606667-0.002560115527017262j),0,2,CA1 Back Projection,(0.12713883526564534+0.30999520940445774j),0.12713883526564534,0.30999520940445774,0.3350541945512972
38,(0.0005340480940606667-0.002560115527017262j),0,3,MEC LIII Complex Pyramidal,(-0.24327026064816892+0.1426293915359626j),-0.24327026064816892,0.1426293915359626,0.2819992252573524
38,(0.0005340480940606667-0.002560115527017262j),0,4,CA1 OR LM,(-0.23563856674723282-0.007425407755968887j),-0.23563856674723282,-0.007425407755968887,0.23575553189486878
38,(0.0005340480940606667-0.002560115527017262j),0,5,EC LIV VI Deep Multipolar Principal,(0.17465665701809976-0.15059270644762013j),0.17465665701809976,-0.15059270644762013,0.23061463760125295
38,(0.0005340480940606667-0.002560115527017262j),1,1,CA1 Pyramidal,(0.35331523766787293-0.05589351644326859j),0.1501308367046972,0.02902371338037561,0.15291057539633632
38,(0.0005340480940606667-0.002560115527017262j),1,2,CA1 Back Projection,(0.12713883526564534+0.30999520940445774j),0.19048839688624988,-0.10830079702378326,0.21912300651524513
38,(0.0005340480940606667-0.002560115527017262j),1,3,MEC LIII Complex Pyramidal,(-0.24327026064816892+0.1426293915359626j),0.031496396647655196,-0.02607294381358685,0.040887912650230535
38,(0.0005340480940606667-0.002560115527017262j),1,4,CA1 OR LM,(-0.23563856674723282-0.007425407755968887j),0.5939772458064511,0.13206955498441816,0.6084828147857584
38,(0.0005340480940606667-0.002560115527017262j),1,5,EC LIV VI Deep Multipolar Principal,(0.17465665701809976-0.15059270644762013j),0.08304252154470972,-0.022579037879242553,0.08605738397171882
38,(0.0005340480940606667-0.002560115527017262j),2,1,CA1 Pyramidal,(0.35331523766787293-0.05589351644326859j),0.04656910893204648,-0.058281720930214255,0.07460188269281269
38,(0.0005340480940606667-0.002560115527017262j),2,2,CA1 Back Projection,(0.12713883526564534+0.30999520940445774j),0.2112666198178216,-0.15462652064292243,0.26180707693907757
38,(0.0005340480940606667-0.002560115527017262j),2,3,MEC LIII Complex Pyramidal,(-0.24327026064816892+0.1426293915359626j),0.021614239333914455,-0.014402938332899837,0.02597344749171835
38,(0.0005340480940606667-0.002560115527017262j),2,4,CA1 OR LM,(-0.23563856674723282-0.007425407755968887j),0.22215407310387028,-0.23935840470991201,0.32656527387631673
38,(0.0005340480940606667-0.002560115527017262j),2,5,EC LIV VI Deep Multipolar Principal,(0.17465665701809976-0.15059270644762013j),0.040780830790967545,0.0020065195559474756,0.04083016385872002
38,(0.0005340480940606667-0.002560115527017262j),3,1,CA1 Pyramidal,(0.35331523766787293-0.05589351644326859j),0.032750817911711916,-0.020540863960670563,0.03865932185303934
38,(0.0005340480940606667-0.002560115527017262j),3,2,CA1 Back Projection,(0.12713883526564534+0.30999520940445774j),0.05864688871321034,-0.05810110882049282,0.08255420281191277
38,(0.0005340480940606667-0.002560115527017262j),3,3,MEC LIII Complex Pyramidal,(-0.24327026064816892+0.1426293915359626j),0.01892177683100779,-0.013066797402882609,0.022995104540106857
38,(0.0005340480940606667-0.002560115527017262j),3,4,CA1 OR LM,(-0.23563856674723282-0.007425407755968887j),0.14476024486399283,-0.09647189118063945,0.17396078374464832
38,(0.0005340480940606667-0.002560115527017262j),3,5,EC LIV VI Deep Multipolar Principal,(0.17465665701809976-0.15059270644762013j),0.0147313963694795,-0.011608275753923527,0.018755428680087335
38,(0.0005340480940606667-0.002560115527017262j),4,1,CA1 Pyramidal,(0.35331523766787293-0.05589351644326859j),0.018745240270371562,-0.016188471159384342,0.02476793554723886
38,(0.0005340480940606667-0.002560115527017262j),4,2,CA1 Back Projection,(0.12713883526564534+0.30999520940445774j),0.03831877166862884,-0.033571769672402454,0.05094498975492442
38,(0.0005340480940606667-0.002560115527017262j),4,3,MEC LIII Complex Pyramidal,(-0.24327026064816892+0.1426293915359626j),0.014737945367782019,-0.013855280703670465,0.02022809524006723
38,(0.0005340480940606667-0.002560115527017262j),4,4,CA1 OR LM,(-0.23563856674723282-0.007425407755968887j),0.07634799297103763,-0.06522616881203273,0.10041647837183597
38,(0.0005340480940606667-0.002560115527017262j),4,5,EC LIV VI Deep Multipolar Principal,(0.17465665701809976-0.15059270644762013j),0.008825919017486257,-0.006096426560030277,0.01072675455601871
38,(0.0005340480940606667-0.002560115527017262j),5,1,CA1 Pyramidal,(0.35331523766787293-0.05589351644326859j),0.01389567536477845,-0.011172668412516962,0.01783026397166809
38,(0.0005340480940606667-0.002560115527017262j),5,2,CA1 Back Projection,(0.12713883526564534+0.30999520940445774j),0.03312248730212473,-0.029451397279808382,0.044322499555107656
38,(0.0005340480940606667-0.002560115527017262j),5,3,MEC LIII Complex Pyramidal,(-0.24327026064816892+0.1426293915359626j),0.013521513880202998,-0.012661352572301648,0.018524070464470056
38,(0.0005340480940606667-0.002560115527017262j),5,4,CA1 OR LM,(-0.23563856674723282-0.007425407755968887j),0.053791073659779295,-0.04194804082266695,0.0682137649916198
38,(0.0005340480940606667-0.002560115527017262j),5,5,EC LIV VI Deep Multipolar Principal,(0.17465665701809976-0.15059270644762013j),0.00534145385863253,-0.004473394945801582,0.0069672370180024375
38,(0.0005340480940606667-0.002560115527017262j),6,1,CA1 Pyramidal,(0.35331523766787293-0.05589351644326859j),0.011171882046353845,-0.010580519089013057,0.015386953325808623
38,(0.0005340480940606667-0.002560115527017262j),6,2,CA1 Back Projection,(0.12713883526564534+0.30999520940445774j),0.028238602116959183,-0.026112627827014952,0.03846151299093845
38,(0.0005340480940606667-0.002560115527017262j),6,3,MEC LIII Complex Pyramidal,(-0.24327026064816892+0.1426293915359626j),0.012486573579278867,-0.011883509062770019,0.017237526139086266
38,(0.0005340480940606667-0.002560115527017262j),6,4,CA1 OR LM,(-0.23563856674723282-0.007425407755968887j),0.041554577773046684,-0.03887963705526481,0.05690702163569366
38,(0.0005340480940606667-0.002560115527017262j),6,5,EC LIV VI Deep Multipolar Principal,(0.17465665701809976-0.15059270644762013j),0.003932564656810372,-0.0032712980478485274,0.005115315796493084
38,(0.0005340480940606667-0.002560115527017262j),7,1,CA1 Pyramidal,(0.35331523766787293-0.05589351644326859j),0.010146967977865321,-0.009552776085796572,0.013936157651562036
38,(0.0005340480940606667-0.002560115527017262j),7,2,CA1 Back Projection,(0.12713883526564534+0.30999520940445774j),0.025793225352936145,-0.024575107209432807,0.03562620339669194
38,(0.0005340480940606667-0.002560115527017262j),7,3,MEC LIII Complex Pyramidal,(-0.24327026064816892+0.1426293915359626j),0.0117367818068915,-0.011173176050189481,0.01620468790909307
38,(0.0005340480940606667-0.002560115527017262j),7,4,CA1 OR LM,(-0.23563856674723282-0.007425407755968887j),0.037085477814171194,-0.0347901932001255,0.050849682473024765
38,(0.0005340480940606667-0.002560115527017262j),7,5,EC LIV VI Deep Multipolar Principal,(0.17465665701809976-0.15059270644762013j),0.003198931597003146,-0.0029776736828373233,0.004370320803301182
38,(0.0005340480940606667-0.002560115527017262j),8,1,CA1 Pyramidal,(0.35331523766787293-0.05589351644326859j),0.009437811805108274,-0.008994405671768688,0.01303731663560358
38,(0.0005340480940606667-0.002560115527017262j),8,2,CA1 Back Projection,(0.12713883526564534+0.30999520940445774j),0.024230693633435003,-0.02312660036244994,0.0334957632885393
38,(0.0005340480940606667-0.002560115527017262j),8,3,MEC LIII Complex Pyramidal,(-0.24327026064816892+0.1426293915359626j),0.011086978321998996,-0.01060116460871018,0.01533967989801107
38,(0.0005340480940606667-0.002560115527017262j),8,4,CA1 OR LM,(-0.23563856674723282-0.007425407755968887j),0.03427941045069053,-0.0326283220592005,0.04732531438084507
38,(0.0005340480940606667-0.002560115527017262j),8,5,EC LIV VI Deep Multipolar Principal,(0.17465665701809976-0.15059270644762013j),0.0028812325613852426,-0.0027167235582541104,0.003960061611232765
38,(0.0005340480940606667-0.002560115527017262j),9,1,CA1 Pyramidal,(0.35331523766787293-0.05589351644326859j),0.008889487112666676,-0.008477201506957929,0.012283563266244723
38,(0.0005340480940606667-0.002560115527017262j),9,2,CA1 Back Projection,(0.12713883526564534+0.30999520940445774j),0.022912428738638763,-0.021893970802864576,0.03169109256904669
38,(0.0005340480940606667-0.002560115527017262j),9,3,MEC LIII Complex Pyramidal,(-0.24327026064816892+0.1426293915359626j),0.010514681733110594,-0.010057975575264428,0.014550649628838756
38,(0.0005340480940606667-0.002560115527017262j),9,4,CA1 OR LM,(-0.23563856674723282-0.007425407755968887j),0.032209059866222176,-0.03068802101008071,0.04448795534727393
38,(0.0005340480940606667-0.002560115527017262j),9,5,EC LIV VI Deep Multipolar Principal,(0.17465665701809976-0.15059270644762013j),0.002678540876937124,-0.002550985105656572,0.0036989331216858694
38,(0.0005340480940606667-0.002560115527017262j),10,1,CA1 Pyramidal,(0.35331523766787293-0.05589351644326859j),0.008411477150823273,-0.008044743940023791,0.01163919468517352
38,(0.0005340480940606667-0.002560115527017262j),10,2,CA1 Back Projection,(0.12713883526564534+0.30999520940445774j),0.021718383533963652,-0.02076993592797781,0.030051263231029853
38,(0.0005340480940606667-0.002560115527017262j),10,3,MEC LIII Complex Pyramidal,(-0.24327026064816892+0.1426293915359626j),0.00998222316871831,-0.009551804917971212,0.013815996402036143
38,(0.0005340480940606667-0.002560115527017262j),10,4,CA1 OR LM,(-0.23563856674723282-0.007425407755968887j),0.030441297686209314,-0.029104864721869194,0.042116098528932125
38,(0.0005340480940606667-0.002560115527017262j),10,5,EC LIV VI Deep Multipolar Principal,(0.17465665701809976-0.15059270644762013j),0.0025224750852243126,-0.0024066440841785768,0.0034863758121420505
39,(0.0024934509924624025-7.574171808323787e-19j),0,1,CA1 Schaffer Collateral Associated,(-0.28911330024826815+0.1409602140421433j),-0.28911330024826815,0.1409602140421433,0.32164620676024164
39,(0.0024934509924624025-7.574171808323787e-19j),0,2,LEC LVI Multipolar Pyramidal,(0.2888050273486838-0.14080991236501014j),0.2888050273486838,-0.14080991236501014,0.3213032449915746
39,(0.0024934509924624025-7.574171808323787e-19j),0,3,CA1 Neurogliaform,(-0.2632355672628843+0.128343254609932j),-0.2632355672628843,0.128343254609932,0.2928565431676101
39,(0.0024934509924624025-7.574171808323787e-19j),0,4,LEC LIII Multipolar Principal,(-0.23436996305441152+0.11426952730583322j),-0.23436996305441152,0.11426952730583322,0.2607427936738133
39,(0.0024934509924624025-7.574171808323787e-19j),0,5,CA1 Axo Axonic,(0.23305739399242612-0.11362957052846015j),0.23305739399242612,-0.11362957052846015,0.2592825258150329
39,(0.0024934509924624025-7.574171808323787e-19j),1,1,CA1 Schaffer Collateral Associated,(-0.28911330024826815+0.1409602140421433j),0.08734531301921618,-0.04258612110959245,0.09717397500146698
39,(0.0024934509924624025-7.574171808323787e-19j),1,2,LEC LVI Multipolar Pyramidal,(0.2888050273486838-0.14080991236501014j),-0.03500595521279563,0.01706751967241924,0.038945052678468296
39,(0.0024934509924624025-7.574171808323787e-19j),1,3,CA1 Neurogliaform,(-0.2632355672628843+0.128343254609932j),-0.0227194977334074,0.011077128795807696,0.025276043195429462
39,(0.0024934509924624025-7.574171808323787e-19j),1,4,LEC LIII Multipolar Principal,(-0.23436996305441152+0.11426952730583322j),0.01304429520042223,-0.006359882585482722,0.01451212402706388
39,(0.0024934509924624025-7.574171808323787e-19j),1,5,CA1 Axo Axonic,(0.23305739399242612-0.11362957052846015j),0.12004241877940837,-0.058527937077786994,0.13355037148953292
39,(0.0024934509924624025-7.574171808323787e-19j),2,1,CA1 Schaffer Collateral Associated,(-0.28911330024826815+0.1409602140421433j),0.019905971275339208,-0.00970536453798234,0.022145920464721146
39,(0.0024934509924624025-7.574171808323787e-19j),2,2,LEC LVI Multipolar Pyramidal,(0.2888050273486838-0.14080991236501014j),0.02284825369879492,-0.011139905113689457,0.02541928761839128
39,(0.0024934509924624025-7.574171808323787e-19j),2,3,CA1 Neurogliaform,(-0.2632355672628843+0.128343254609932j),0.05136499672279963,-0.025043541497753043,0.057144919801176516
39,(0.0024934509924624025-7.574171808323787e-19j),2,4,LEC LIII Multipolar Principal,(-0.23436996305441152+0.11426952730583322j),0.024696518352459552,-0.012041045880867463,0.027475531016497693
39,(0.0024934509924624025-7.574171808323787e-19j),2,5,CA1 Axo Axonic,(0.23305739399242612-0.11362957052846015j),0.04549455656747002,-0.022181346987482312,0.050613899587463325
39,(0.0024934509924624025-7.574171808323787e-19j),3,1,CA1 Schaffer Collateral Associated,(-0.28911330024826815+0.1409602140421433j),0.005324176978636053,-0.002595858183841096,0.005923287956064007
39,(0.0024934509924624025-7.574171808323787e-19j),3,2,LEC LVI Multipolar Pyramidal,(0.2888050273486838-0.14080991236501014j),0.011794759425770024,-0.0057506583467603406,0.01312198237054734
39,(0.0024934509924624025-7.574171808323787e-19j),3,3,CA1 Neurogliaform,(-0.2632355672628843+0.128343254609932j),0.042100739832463416,-0.02052665613453448,0.04683818854851449
39,(0.0024934509924624025-7.574171808323787e-19j),3,4,LEC LIII Multipolar Principal,(-0.23436996305441152+0.11426952730583322j),0.023311314012648333,-0.011365675013929783,0.025934454486619962
39,(0.0024934509924624025-7.574171808323787e-19j),3,5,CA1 Axo Axonic,(0.23305739399242612-0.11362957052846015j),0.02147350724609035,-0.010469633099013801,0.023889845765007776
39,(0.0024934509924624025-7.574171808323787e-19j),4,1,CA1 Schaffer Collateral Associated,(-0.28911330024826815+0.1409602140421433j),0.017863691128737175,-0.008709629487564909,0.019873829690162475
39,(0.0024934509924624025-7.574171808323787e-19j),4,2,LEC LVI Multipolar Pyramidal,(0.2888050273486838-0.14080991236501014j),0.005821174734486507,-0.0028381746389574596,0.006476211127707725
39,(0.0024934509924624025-7.574171808323787e-19j),4,3,CA1 Neurogliaform,(-0.2632355672628843+0.128343254609932j),0.04307547651218617,-0.021001899199763453,0.047922608930951655
39,(0.0024934509924624025-7.574171808323787e-19j),4,4,LEC LIII Multipolar Principal,(-0.23436996305441152+0.11426952730583322j),0.020227990946080267,-0.009862368597202206,0.02250417588052905
39,(0.0024934509924624025-7.574171808323787e-19j),4,5,CA1 Axo Axonic,(0.23305739399242612-0.11362957052846015j),0.04093785296726286,-0.019959678478076944,0.04554444609957881
39,(0.0024934509924624025-7.574171808323787e-19j),5,1,CA1 Schaffer Collateral Associated,(-0.28911330024826815+0.1409602140421433j),0.020424376092643682,-0.00995811822985661,0.022722659559425637
39,(0.0024934509924624025-7.574171808323787e-19j),5,2,LEC LVI Multipolar Pyramidal,(0.2888050273486838-0.14080991236501014j),0.009380707798243371,-0.0045736622215985625,0.010436285973146858
39,(0.0024934509924624025-7.574171808323787e-19j),5,3,CA1 Neurogliaform,(-0.2632355672628843+0.128343254609932j),0.040104017896170824,-0.01955313346615245,0.044616782490017826
39,(0.0024934509924624025-7.574171808323787e-19j),5,4,LEC LIII Multipolar Principal,(-0.23436996305441152+0.11426952730583322j),0.01999667288110626,-0.009749587054732348,0.022246828404331596
39,(0.0024934509924624025-7.574171808323787e-19j),5,5,CA1 Axo Axonic,(0.23305739399242612-0.11362957052846015j),0.04392785724276579,-0.021417486341983257,0.04887090507807125
39,(0.0024934509924624025-7.574171808323787e-19j),6,1,CA1 Schaffer Collateral Associated,(-0.28911330024826815+0.1409602140421433j),0.01974546391079157,-0.009627107493278565,0.02196735176892091
39,(0.0024934509924624025-7.574171808323787e-19j),6,2,LEC LVI Multipolar Pyramidal,(0.2888050273486838-0.14080991236501014j),0.01049628465668932,-0.005117573389337886,0.011677394786060412
39,(0.0024934509924624025-7.574171808323787e-19j),6,3,CA1 Neurogliaform,(-0.2632355672628843+0.128343254609932j),0.037668598240453564,-0.018365719135308604,0.04190731359509628
39,(0.0024934509924624025-7.574171808323787e-19j),6,4,LEC LIII Multipolar Principal,(-0.23436996305441152+0.11426952730583322j),0.019609305385050842,-0.009560721979656066,0.021815871801430776
39,(0.0024934509924624025-7.574171808323787e-19j),6,5,CA1 Axo Axonic,(0.23305739399242612-0.11362957052846015j),0.042054823970888895,-0.020504269375883472,0.04678710593594398
39,(0.0024934509924624025-7.574171808323787e-19j),7,1,CA1 Schaffer Collateral Associated,(-0.28911330024826815+0.1409602140421433j),0.018670610362922876,-0.009103051401630681,0.020771548718013625
39,(0.0024934509924624025-7.574171808323787e-19j),7,2,LEC LVI Multipolar Pyramidal,(0.2888050273486838-0.14080991236501014j),0.01023840279947674,-0.004991840392069847,0.011390494387173596
39,(0.0024934509924624025-7.574171808323787e-19j),7,3,CA1 Neurogliaform,(-0.2632355672628843+0.128343254609932j),0.03585554495074056,-0.017481746036982476,0.03989024377233272
39,(0.0024934509924624025-7.574171808323787e-19j),7,4,LEC LIII Multipolar Principal,(-0.23436996305441152+0.11426952730583322j),0.018789430144811513,-0.00916098322930198,0.02090373887356766
39,(0.0024934509924624025-7.574171808323787e-19j),7,5,CA1 Axo Axonic,(0.23305739399242612-0.11362957052846015j),0.039803960000348866,-0.019406837100043466,0.04428296013069809
39,(0.0024934509924624025-7.574171808323787e-19j),8,1,CA1 Schaffer Collateral Associated,(-0.28911330024826815+0.1409602140421433j),0.017873357519463614,-0.008714342437486795,0.019884583805962593
39,(0.0024934509924624025-7.574171808323787e-19j),8,2,LEC LVI Multipolar Pyramidal,(0.2888050273486838-0.14080991236501014j),0.009721052609907629,-0.0047396008949807,0.01081492859376768
39,(0.0024934509924624025-7.574171808323787e-19j),8,3,CA1 Neurogliaform,(-0.2632355672628843+0.128343254609932j),0.034119237133761325,-0.016635190996746457,0.03795855532140379
39,(0.0024934509924624025-7.574171808323787e-19j),8,4,LEC LIII Multipolar Principal,(-0.23436996305441152+0.11426952730583322j),0.017865633992761778,-0.008710576751245052,0.01987599117786723
39,(0.0024934509924624025-7.574171808323787e-19j),8,5,CA1 Axo Axonic,(0.23305739399242612-0.11362957052846015j),0.038053376859560215,-0.018553321976345464,0.04233539000379773
39,(0.0024934509924624025-7.574171808323787e-19j),9,1,CA1 Schaffer Collateral Associated,(-0.28911330024826815+0.1409602140421433j),0.017031726613000873,-0.008303996484472552,0.018948247122996226
39,(0.0024934509924624025-7.574171808323787e-19j),9,2,LEC LVI Multipolar Pyramidal,(0.2888050273486838-0.14080991236501014j),0.009284899456302082,-0.004526949862203589,0.010329696654236454
39,(0.0024934509924624025-7.574171808323787e-19j),9,3,CA1 Neurogliaform,(-0.2632355672628843+0.128343254609932j),0.03241888102350157,-0.015806164587223764,0.036066864096762796
39,(0.0024934509924624025-7.574171808323787e-19j),9,4,LEC LIII Multipolar Principal,(-0.23436996305441152+0.11426952730583322j),0.0169867201397438,-0.00828205310760904,0.018898176229023643
39,(0.0024934509924624025-7.574171808323787e-19j),9,5,CA1 Axo Axonic,(0.23305739399242612-0.11362957052846015j),0.036231772835536906,-0.01766517987805439,0.040308807262557
39,(0.0024934509924624025-7.574171808323787e-19j),10,1,CA1 Schaffer Collateral Associated,(-0.28911330024826815+0.1409602140421433j),0.016192294807127833,-0.007894722725956291,0.01801435699770241
39,(0.0024934509924624025-7.574171808323787e-19j),10,2,LEC LVI Multipolar Pyramidal,(0.2888050273486838-0.14080991236501014j),0.008843921588207872,-0.004311946489404657,0.009839097092002824
39,(0.0024934509924624025-7.574171808323787e-19j),10,3,CA1 Neurogliaform,(-0.2632355672628843+0.128343254609932j),0.030794690811471088,-0.015014273658178385,0.034259909451963985
39,(0.0024934509924624025-7.574171808323787e-19j),10,4,LEC LIII Multipolar Principal,(-0.23436996305441152+0.11426952730583322j),0.016146295133115284,-0.007872295103674267,0.0179631811415739
39,(0.0024934509924624025-7.574171808323787e-19j),10,5,CA1 Axo Axonic,(0.23305739399242612-0.11362957052846015j),0.034437371225232286,-0.016790300601144934,0.03831248792732292
40,(-0.0019249937771802985+2.49714675178479e-18j),0,1,CA3 Mossy Fiber Associated,(-0.32767916974849615-0.14360066574900585j),-0.32767916974849615,-0.14360066574900585,0.35776359441762856
40,(-0.0019249937771802985+2.49714675178479e-18j),0,2,LEC LIII Multipolar Principal,(-0.2671311281532761-0.11706636059452948j),-0.2671311281532761,-0.11706636059452948,0.29165660015040024
40,(-0.0019249937771802985+2.49714675178479e-18j),0,3,MEC LIII Complex Pyramidal,(0.2627324971031237+0.11513872403566308j),0.2627324971031237,0.11513872403566308,0.2868541280975463
40,(-0.0019249937771802985+2.49714675178479e-18j),0,4,CA3 O LM,(0.2569025482374658+0.11258383310672895j),0.2569025482374658,0.11258383310672895,0.2804889280665232
40,(-0.0019249937771802985+2.49714675178479e-18j),0,5,EC LIII Stellate,(0.2184829298848464+0.09574698999127121j),0.2184829298848464,0.09574698999127121,0.2385419810923337
40,(-0.0019249937771802985+2.49714675178479e-18j),1,1,CA3 Mossy Fiber Associated,(-0.32767916974849615-0.14360066574900585j),0.06506427513787134,0.0285134793079647,0.07103786596923048
40,(-0.0019249937771802985+2.49714675178479e-18j),1,2,LEC LIII Multipolar Principal,(-0.2671311281532761-0.11706636059452948j),0.026773450134310272,0.011733078018464562,0.029231536940122992
40,(-0.0019249937771802985+2.49714675178479e-18j),1,3,MEC LIII Complex Pyramidal,(0.2627324971031237+0.11513872403566308j),0.02635443403542726,0.011549450262066939,0.028774050717332883
40,(-0.0019249937771802985+2.49714675178479e-18j),1,4,CA3 O LM,(0.2569025482374658+0.11258383310672895j),0.007183524287521382,0.00314807581728178,0.007843048038917264
40,(-0.0019249937771802985+2.49714675178479e-18j),1,5,EC LIII Stellate,(0.2184829298848464+0.09574698999127121j),0.039803456703009624,0.01744329029535513,0.04345783636855834
40,(-0.0019249937771802985+2.49714675178479e-18j),2,1,CA3 Mossy Fiber Associated,(-0.32767916974849615-0.14360066574900585j),-0.010879556215619769,-0.0047678084536647135,0.011878414915285098
40,(-0.0019249937771802985+2.49714675178479e-18j),2,2,LEC LIII Multipolar Principal,(-0.2671311281532761-0.11706636059452948j),0.033961451486598175,0.014883115844749214,0.03707947308585691
40,(-0.0019249937771802985+2.49714675178479e-18j),2,3,MEC LIII Complex Pyramidal,(0.2627324971031237+0.11513872403566308j),0.028653393889845388,0.012556936230363606,0.03128407947982563
40,(-0.0019249937771802985+2.49714675178479e-18j),2,4,CA3 O LM,(0.2569025482374658+0.11258383310672895j),-0.010051896846071424,-0.004405098683093273,0.010974767633615335
40,(-0.0019249937771802985+2.49714675178479e-18j),2,5,EC LIII Stellate,(0.2184829298848464+0.09574698999127121j),0.04438670443985427,0.019451832452028302,0.048461874878844305
40,(-0.0019249937771802985+2.49714675178479e-18j),3,1,CA3 Mossy Fiber Associated,(-0.32767916974849615-0.14360066574900585j),0.00842311975911351,0.0036913106378435668,0.009196451527704885
40,(-0.0019249937771802985+2.49714675178479e-18j),3,2,LEC LIII Multipolar Principal,(-0.2671311281532761-0.11706636059452948j),0.021967732217079546,0.009627041516828085,0.02398460312634016
40,(-0.0019249937771802985+2.49714675178479e-18j),3,3,MEC LIII Complex Pyramidal,(0.2627324971031237+0.11513872403566308j),0.028055292252259972,0.012294826821917593,0.030631065765667747
40,(-0.0019249937771802985+2.49714675178479e-18j),3,4,CA3 O LM,(0.2569025482374658+0.11258383310672895j),0.004842212909970558,0.0021220299053611134,0.0052867794340914626
40,(-0.0019249937771802985+2.49714675178479e-18j),3,5,EC LIII Stellate,(0.2184829298848464+0.09574698999127121j),0.041982341561515764,0.018398155130102085,0.04583676597644162
40,(-0.0019249937771802985+2.49714675178479e-18j),4,1,CA3 Mossy Fiber Associated,(-0.32767916974849615-0.14360066574900585j),0.012484617311480243,0.005471203308181511,0.013630837650473595
40,(-0.0019249937771802985+2.49714675178479e-18j),4,2,LEC LIII Multipolar Principal,(-0.2671311281532761-0.11706636059452948j),0.015556485767471203,0.006817405313369249,0.01698473622521967
40,(-0.0019249937771802985+2.49714675178479e-18j),4,3,MEC LIII Complex Pyramidal,(0.2627324971031237+0.11513872403566308j),0.024343750411330252,0.010668297190138176,0.026578765001900522
40,(-0.0019249937771802985+2.49714675178479e-18j),4,4,CA3 O LM,(0.2569025482374658+0.11258383310672895j),0.004092873616647515,0.0017936427775627083,0.004468642842670711
40,(-0.0019249937771802985+2.49714675178479e-18j),4,5,EC LIII Stellate,(0.2184829298848464+0.09574698999127121j),0.04018327645524814,0.017609740818676285,0.043872527604183614
40,(-0.0019249937771802985+2.49714675178479e-18j),5,1,CA3 Mossy Fiber Associated,(-0.32767916974849615-0.14360066574900585j),0.010357912911119831,0.004539205805937156,0.011308879220461967
40,(-0.0019249937771802985+2.49714675178479e-18j),5,2,LEC LIII Multipolar Principal,(-0.2671311281532761-0.11706636059452948j),0.015554883560445529,0.006816703169269806,0.016982986918588603
40,(-0.0019249937771802985+2.49714675178479e-18j),5,3,MEC LIII Complex Pyramidal,(0.2627324971031237+0.11513872403566308j),0.02216134568297249,0.009711889823241811,0.02419599236276519
40,(-0.0019249937771802985+2.49714675178479e-18j),5,4,CA3 O LM,(0.2569025482374658+0.11258383310672895j),0.004684543164297422,0.002052933415448389,0.005114633932788376
40,(-0.0019249937771802985+2.49714675178479e-18j),5,5,EC LIII Stellate,(0.2184829298848464+0.09574698999127121j),0.03809900057240012,0.016696337001731513,0.04159689307978583
40,(-0.0019249937771802985+2.49714675178479e-18j),6,1,CA3 Mossy Fiber Associated,(-0.32767916974849615-0.14360066574900585j),0.00891702509308852,0.003907757520415273,0.009735702611991208
40,(-0.0019249937771802985+2.49714675178479e-18j),6,2,LEC LIII Multipolar Principal,(-0.2671311281532761-0.11706636059452948j),0.01533264235954025,0.006719309171258424,0.016740341617318494
40,(-0.0019249937771802985+2.49714675178479e-18j),6,3,MEC LIII Complex Pyramidal,(0.2627324971031237+0.11513872403566308j),0.021320730714254634,0.009343502448361938,0.023278200020454897
40,(-0.0019249937771802985+2.49714675178479e-18j),6,4,CA3 O LM,(0.2569025482374658+0.11258383310672895j),0.004469044401734649,0.0019584941937064236,0.004879350097242212
40,(-0.0019249937771802985+2.49714675178479e-18j),6,5,EC LIII Stellate,(0.2184829298848464+0.09574698999127121j),0.03617194180318119,0.015851831315240372,0.0394929098682227
40,(-0.0019249937771802985+2.49714675178479e-18j),7,1,CA3 Mossy Fiber Associated,(-0.32767916974849615-0.14360066574900585j),0.008947508979419271,0.003921116643532782,0.009768985242540716
40,(-0.0019249937771802985+2.49714675178479e-18j),7,2,LEC LIII Multipolar Principal,(-0.2671311281532761-0.11706636059452948j),0.014710830015015495,0.006446808887785291,0.016061440301738453
40,(-0.0019249937771802985+2.49714675178479e-18j),7,3,MEC LIII Complex Pyramidal,(0.2627324971031237+0.11513872403566308j),0.020339958941303773,0.008913693377337748,0.0222073829921294
40,(-0.0019249937771802985+2.49714675178479e-18j),7,4,CA3 O LM,(0.2569025482374658+0.11258383310672895j),0.004191975891967936,0.0018370729190763525,0.004576843758404265
40,(-0.0019249937771802985+2.49714675178479e-18j),7,5,EC LIII Stellate,(0.2184829298848464+0.09574698999127121j),0.03434869896348133,0.015052821461168904,0.03750227399006214
40,(-0.0019249937771802985+2.49714675178479e-18j),8,1,CA3 Mossy Fiber Associated,(-0.32767916974849615-0.14360066574900585j),0.00860275365864032,0.0037700326011068652,0.009392577725239116
40,(-0.0019249937771802985+2.49714675178479e-18j),8,2,LEC LIII Multipolar Principal,(-0.2671311281532761-0.11706636059452948j),0.013973017718124672,0.00612347329976897,0.015255889007331217
40,(-0.0019249937771802985+2.49714675178479e-18j),8,3,MEC LIII Complex Pyramidal,(0.2627324971031237+0.11513872403566308j),0.019345070928490127,0.008477698067976448,0.02112115370333935
40,(-0.0019249937771802985+2.49714675178479e-18j),8,4,CA3 O LM,(0.2569025482374658+0.11258383310672895j),0.003993046422958882,0.0017498949510391332,0.0043596504533708865
40,(-0.0019249937771802985+2.49714675178479e-18j),8,5,EC LIII Stellate,(0.2184829298848464+0.09574698999127121j),0.032629770420223705,0.014299525841626685,0.035625529567598783
40,(-0.0019249937771802985+2.49714675178479e-18j),9,1,CA3 Mossy Fiber Associated,(-0.32767916974849615-0.14360066574900585j),0.008179450950005657,0.0035845262998672987,0.008930411336438474
40,(-0.0019249937771802985+2.49714675178479e-18j),9,2,LEC LIII Multipolar Principal,(-0.2671311281532761-0.11706636059452948j),0.01328877517154462,0.005823613881490705,0.01450882573472271
40,(-0.0019249937771802985+2.49714675178479e-18j),9,3,MEC LIII Complex Pyramidal,(0.2627324971031237+0.11513872403566308j),0.01837388251200383,0.00805208876457705,0.020060799885287427
40,(-0.0019249937771802985+2.49714675178479e-18j),9,4,CA3 O LM,(0.2569025482374658+0.11258383310672895j),0.0038016373883462697,0.0016660127048107808,0.0041506680384081765
40,(-0.0019249937771802985+2.49714675178479e-18j),9,5,EC LIII Stellate,(0.2184829298848464+0.09574698999127121j),0.030996454682943226,0.013583748798393124,0.0338422581151081
40,(-0.0019249937771802985+2.49714675178479e-18j),10,1,CA3 Mossy Fiber Associated,(-0.32767916974849615-0.14360066574900585j),0.007762729117862503,0.0034019039727482673,0.008475430018418582
40,(-0.0019249937771802985+2.49714675178479e-18j),10,2,LEC LIII Multipolar Principal,(-0.2671311281532761-0.11706636059452948j),0.01263283699699015,0.005536158445649282,0.013792665475819277
40,(-0.0019249937771802985+2.49714675178479e-18j),10,3,MEC LIII Complex Pyramidal,(0.2627324971031237+0.11513872403566308j),0.01745860387395337,0.007650981114460707,0.019061488956570366
40,(-0.0019249937771802985+2.49714675178479e-18j),10,4,CA3 O LM,(0.2569025482374658+0.11258383310672895j),0.00361256579894994,0.001583154810204985,0.003944237670934398
40,(-0.0019249937771802985+2.49714675178479e-18j),10,5,EC LIII Stellate,(0.2184829298848464+0.09574698999127121j),0.02944613659303682,0.012904344275962973,0.03214960437467871
41,(-0.0001928045022627525+0.0015802482735397185j),0,1,CA2 Wide Arbor Basket,(0.0935567462376168+0.3013620368274415j),0.0935567462376168,0.3013620368274415,0.3155502210541993
41,(-0.0001928045022627525+0.0015802482735397185j),0,2,CA1 Pyramidal,(-0.25259989661908977-0.1096463038272136j),-0.25259989661908977,-0.1096463038272136,0.2753706950910798
41,(-0.0001928045022627525+0.0015802482735397185j),0,3,CA1 Schaffer Collateral Associated,(-0.13533986615512889+0.18492439468115496j),-0.13533986615512889,0.18492439468115496,0.22915913928770063
41,(-0.0001928045022627525+0.0015802482735397185j),0,4,CA1 Horizontal Axo Axonic,(-0.03862776003385752+0.213082914948162j),-0.03862776003385752,0.213082914948162,0.21655584150061372
41,(-0.0001928045022627525+0.0015802482735397185j),0,5,CA1 SO SO,(0.05393468413848142-0.20959647390439567j),0.05393468413848142,-0.20959647390439567,0.21642465669667532
41,(-0.0001928045022627525+0.0015802482735397185j),1,1,CA2 Wide Arbor Basket,(0.0935567462376168+0.3013620368274415j),0.010662446898507918,0.04416369566498063,0.04543258509762051
41,(-0.0001928045022627525+0.0015802482735397185j),1,2,CA1 Pyramidal,(-0.25259989661908977-0.1096463038272136j),-0.01836943593303684,-0.026379802265458243,0.03214545292980985
41,(-0.0001928045022627525+0.0015802482735397185j),1,3,CA1 Schaffer Collateral Associated,(-0.13533986615512889+0.18492439468115496j),0.004124633473266991,-0.014858594997182076,0.01542045545952125
41,(-0.0001928045022627525+0.0015802482735397185j),1,4,CA1 Horizontal Axo Axonic,(-0.03862776003385752+0.213082914948162j),-0.08411194421403964,-0.011150011421170837,0.0848477572724109
41,(-0.0001928045022627525+0.0015802482735397185j),1,5,CA1 SO SO,(0.05393468413848142-0.20959647390439567j),-0.11055913894248869,-0.002589904026210517,0.1105894696911487
41,(-0.0001928045022627525+0.0015802482735397185j),2,1,CA2 Wide Arbor Basket,(0.0935567462376168+0.3013620368274415j),0.033782737028031265,-0.03304587895450291,0.04725783995254938
41,(-0.0001928045022627525+0.0015802482735397185j),2,2,CA1 Pyramidal,(-0.25259989661908977-0.1096463038272136j),0.013430733046857385,0.007447905168804997,0.015357600124350782
41,(-0.0001928045022627525+0.0015802482735397185j),2,3,CA1 Schaffer Collateral Associated,(-0.13533986615512889+0.18492439468115496j),0.008717698170495052,0.009613515771862247,0.012977594033090145
41,(-0.0001928045022627525+0.0015802482735397185j),2,4,CA1 Horizontal Axo Axonic,(-0.03862776003385752+0.213082914948162j),-0.0012812625113095021,0.09835750413496312,0.0983658490192718
41,(-0.0001928045022627525+0.0015802482735397185j),2,5,CA1 SO SO,(0.05393468413848142-0.20959647390439567j),-0.0020592631591966775,0.1653823954931132,0.16539521548037395
41,(-0.0001928045022627525+0.0015802482735397185j),3,1,CA2 Wide Arbor Basket,(0.0935567462376168+0.3013620368274415j),0.024151664962625885,-0.030252702993089516,0.03871083774416433
41,(-0.0001928045022627525+0.0015802482735397185j),3,2,CA1 Pyramidal,(-0.25259989661908977-0.1096463038272136j),0.023809199684476732,-0.009138572187792088,0.025502774187267825
41,(-0.0001928045022627525+0.0015802482735397185j),3,3,CA1 Schaffer Collateral Associated,(-0.13533986615512889+0.18492439468115496j),0.019593859301250884,-0.00041063803288285866,0.019598161799292954
41,(-0.0001928045022627525+0.0015802482735397185j),3,4,CA1 Horizontal Axo Axonic,(-0.03862776003385752+0.213082914948162j),0.05331400981477509,-0.04988282288127088,0.0730115036219237
41,(-0.0001928045022627525+0.0015802482735397185j),3,5,CA1 SO SO,(0.05393468413848142-0.20959647390439567j),0.08610724214792366,-0.07822783170067606,0.11633593942935458
41,(-0.0001928045022627525+0.0015802482735397185j),4,1,CA2 Wide Arbor Basket,(0.0935567462376168+0.3013620368274415j),0.027118164554195905,-0.039175938063384416,0.04764608034177186
41,(-0.0001928045022627525+0.0015802482735397185j),4,2,CA1 Pyramidal,(-0.25259989661908977-0.1096463038272136j),0.023815193828588495,-0.033178337667933454,0.040840733924608304
41,(-0.0001928045022627525+0.0015802482735397185j),4,3,CA1 Schaffer Collateral Associated,(-0.13533986615512889+0.18492439468115496j),0.020320106464364076,-0.02791075629613651,0.03452415160066087
41,(-0.0001928045022627525+0.0015802482735397185j),4,4,CA1 Horizontal Axo Axonic,(-0.03862776003385752+0.213082914948162j),0.04520635069779872,-0.05689650560878823,0.07266929539979892
41,(-0.0001928045022627525+0.0015802482735397185j),4,5,CA1 SO SO,(0.05393468413848142-0.20959647390439567j),0.07444894581471663,-0.09448746377272205,0.12029350083493319
41,(-0.0001928045022627525+0.0015802482735397185j),5,1,CA2 Wide Arbor Basket,(0.0935567462376168+0.3013620368274415j),0.02750761841127165,-0.039121477570132734,0.04782425198506015
41,(-0.0001928045022627525+0.0015802482735397185j),5,2,CA1 Pyramidal,(-0.25259989661908977-0.1096463038272136j),0.02329875137074934,-0.03300894496982299,0.040403245704482664
41,(-0.0001928045022627525+0.0015802482735397185j),5,3,CA1 Schaffer Collateral Associated,(-0.13533986615512889+0.18492439468115496j),0.01987142342427894,-0.02799148934545913,0.03432778677229183
41,(-0.0001928045022627525+0.0015802482735397185j),5,4,CA1 Horizontal Axo Axonic,(-0.03862776003385752+0.213082914948162j),0.04430754050053201,-0.06356069424479752,0.0774798038077467
41,(-0.0001928045022627525+0.0015802482735397185j),5,5,CA1 SO SO,(0.05393468413848142-0.20959647390439567j),0.07267301906993856,-0.1040932356382485,0.12695183892476541
41,(-0.0001928045022627525+0.0015802482735397185j),6,1,CA2 Wide Arbor Basket,(0.0935567462376168+0.3013620368274415j),0.026578304542730514,-0.03808684205188196,0.04644366275231889
41,(-0.0001928045022627525+0.0015802482735397185j),6,2,CA1 Pyramidal,(-0.25259989661908977-0.1096463038272136j),0.023124238439465115,-0.03334361731602889,0.04057742252932063
41,(-0.0001928045022627525+0.0015802482735397185j),6,3,CA1 Schaffer Collateral Associated,(-0.13533986615512889+0.18492439468115496j),0.019922306089529954,-0.028640481326336092,0.034888041655116275
41,(-0.0001928045022627525+0.0015802482735397185j),6,4,CA1 Horizontal Axo Axonic,(-0.03862776003385752+0.213082914948162j),0.04255186390693602,-0.06191790141638002,0.07512980525572363
41,(-0.0001928045022627525+0.0015802482735397185j),6,5,CA1 SO SO,(0.05393468413848142-0.20959647390439567j),0.06977350061269859,-0.10154464391231377,0.12320574700487333
41,(-0.0001928045022627525+0.0015802482735397185j),7,1,CA2 Wide Arbor Basket,(0.0935567462376168+0.3013620368274415j),0.025305499346825865,-0.03685735417459067,0.044708308556054996
41,(-0.0001928045022627525+0.0015802482735397185j),7,2,CA1 Pyramidal,(-0.25259989661908977-0.1096463038272136j),0.022087122038291922,-0.03196086302754116,0.038850195950595266
41,(-0.0001928045022627525+0.0015802482735397185j),7,3,CA1 Schaffer Collateral Associated,(-0.13533986615512889+0.18492439468115496j),0.019040052310449907,-0.027489399162776207,0.03343935792318851
41,(-0.0001928045022627525+0.0015802482735397185j),7,4,CA1 Horizontal Axo Axonic,(-0.03862776003385752+0.213082914948162j),0.040870210599670664,-0.05946885579858036,0.07215898367115336
41,(-0.0001928045022627525+0.0015802482735397185j),7,5,CA1 SO SO,(0.05393468413848142-0.20959647390439567j),0.06695375459616483,-0.09745215610893321,0.11823589972932651
41,(-0.0001928045022627525+0.0015802482735397185j),8,1,CA2 Wide Arbor Basket,(0.0935567462376168+0.3013620368274415j),0.024073856748292984,-0.03518481527808446,0.042632403226774085
41,(-0.0001928045022627525+0.0015802482735397185j),8,2,CA1 Pyramidal,(-0.25259989661908977-0.1096463038272136j),0.021045946708010077,-0.030719941979787183,0.03723770546204332
41,(-0.0001928045022627525+0.0015802482735397185j),8,3,CA1 Schaffer Collateral Associated,(-0.13533986615512889+0.18492439468115496j),0.018152650095972632,-0.02648695923380468,0.03211039886018307
41,(-0.0001928045022627525+0.0015802482735397185j),8,4,CA1 Horizontal Axo Axonic,(-0.03862776003385752+0.213082914948162j),0.03889083005910081,-0.056739758817536616,0.0687887846480666
41,(-0.0001928045022627525+0.0015802482735397185j),8,5,CA1 SO SO,(0.05393468413848142-0.20959647390439567j),0.06371492095435169,-0.09297397766005493,0.11271092082913561
41,(-0.0001928045022627525+0.0015802482735397185j),9,1,CA2 Wide Arbor Basket,(0.0935567462376168+0.3013620368274415j),0.02289809858651593,-0.033481359394724124,0.040562597867943376
41,(-0.0001928045022627525+0.0015802482735397185j),9,2,CA1 Pyramidal,(-0.25259989661908977-0.1096463038272136j),0.02000545823155164,-0.029244443048001598,0.03543241183213706
41,(-0.0001928045022627525+0.0015802482735397185j),9,3,CA1 Schaffer Collateral Associated,(-0.13533986615512889+0.18492439468115496j),0.017256566557093934,-0.025222359676773144,0.03056070216804458
41,(-0.0001928045022627525+0.0015802482735397185j),9,4,CA1 Horizontal Axo Axonic,(-0.03862776003385752+0.213082914948162j),0.036965846535262116,-0.05404956128678831,0.06548151560068564
41,(-0.0001928045022627525+0.0015802482735397185j),9,5,CA1 SO SO,(0.05393468413848142-0.20959647390439567j),0.060559318245787155,-0.08854721098549811,0.10727553122546095
41,(-0.0001928045022627525+0.0015802482735397185j),10,1,CA2 Wide Arbor Basket,(0.0935567462376168+0.3013620368274415j),0.02176108841647957,-0.031826285826853824,0.0385546033386733
41,(-0.0001928045022627525+0.0015802482735397185j),10,2,CA1 Pyramidal,(-0.25259989661908977-0.1096463038272136j),0.019019082439200672,-0.02781688065972975,0.03369724538395918
41,(-0.0001928045022627525+0.0015802482735397185j),10,3,CA1 Schaffer Collateral Associated,(-0.13533986615512889+0.18492439468115496j),0.016408185042611198,-0.023996822489100976,0.02907019136445428
41,(-0.0001928045022627525+0.0015802482735397185j),10,4,CA1 Horizontal Axo Axonic,(-0.03862776003385752+0.213082914948162j),0.03512667076839659,-0.05138278709712227,0.06224205820134422
41,(-0.0001928045022627525+0.0015802482735397185j),10,5,CA1 SO SO,(0.05393468413848142-0.20959647390439567j),0.05754586461552267,-0.08417786737292789,0.10196783752636074
42,(-0.00019280450226275293-0.0015802482735397195j),0,1,CA1 Pyramidal,(-0.39115308511038216-0.07840010665434839j),-0.39115308511038216,-0.07840010665434839,0.39893271702729904
42,(-0.00019280450226275293-0.0015802482735397195j),0,2,MEC LV Multipolar Pyramidal,(0.2766958196508497+0.1571816793436838j),0.2766958196508497,0.1571816793436838,0.3182242243034873
42,(-0.00019280450226275293-0.0015802482735397195j),0,3,CA1 Schaffer Collateral Associated,(-0.1898512172023614-0.1954113559368711j),-0.1898512172023614,-0.1954113559368711,0.2724501471871592
42,(-0.00019280450226275293-0.0015802482735397195j),0,4,LEC LVI Multipolar Pyramidal,(-0.19565610530187802-0.11136538761926579j),-0.19565610530187802,-0.11136538761926579,0.22513009816878973
42,(-0.00019280450226275293-0.0015802482735397195j),0,5,CA1 Axo Axonic,(0.22198668797515045-0.010862158932916529j),0.22198668797515045,-0.010862158932916529,0.22225228038168865
42,(-0.00019280450226275293-0.0015802482735397195j),1,1,CA1 Pyramidal,(-0.39115308511038216-0.07840010665434839j),-0.02993509348412317,0.00588639112772319,0.030508350044073703
42,(-0.00019280450226275293-0.0015802482735397195j),1,2,MEC LV Multipolar Pyramidal,(0.2766958196508497+0.1571816793436838j),-0.04903045872253616,-0.014183003330912781,0.05104060605074165
42,(-0.00019280450226275293-0.0015802482735397195j),1,3,CA1 Schaffer Collateral Associated,(-0.1898512172023614-0.1954113559368711j),0.005039397195888445,0.011761685713182632,0.012795810834550999
42,(-0.00019280450226275293-0.0015802482735397195j),1,4,LEC LVI Multipolar Pyramidal,(-0.19565610530187802-0.11136538761926579j),-0.15068717490784184,-0.038924125363264596,0.15563326192366997
42,(-0.00019280450226275293-0.0015802482735397195j),1,5,CA1 Axo Axonic,(0.22198668797515045-0.010862158932916529j),-0.02870552580821302,0.01940043405060127,0.03464655903950222
42,(-0.00019280450226275293-0.0015802482735397195j),2,1,CA1 Pyramidal,(-0.39115308511038216-0.07840010665434839j),0.020928572389737457,0.0031498983773576893,0.021164286004024837
42,(-0.00019280450226275293-0.0015802482735397195j),2,2,MEC LV Multipolar Pyramidal,(0.2766958196508497+0.1571816793436838j),-0.002667798183059007,0.006629172860962698,0.007145843544750844
42,(-0.00019280450226275293-0.0015802482735397195j),2,3,CA1 Schaffer Collateral Associated,(-0.1898512172023614-0.1954113559368711j),0.013971285078580621,-0.0009642247036780885,0.014004518414645775
42,(-0.00019280450226275293-0.0015802482735397195j),2,4,LEC LVI Multipolar Pyramidal,(-0.19565610530187802-0.11136538761926579j),-0.021616778472988287,0.00011806821299867747,0.02161710090768812
42,(-0.00019280450226275293-0.0015802482735397195j),2,5,CA1 Axo Axonic,(0.22198668797515045-0.010862158932916529j),0.052932358267545755,0.02495039133128507,0.05851800218179091
42,(-0.00019280450226275293-0.0015802482735397195j),3,1,CA1 Pyramidal,(-0.39115308511038216-0.07840010665434839j),0.03529249099884885,0.019649412169682193,0.04039380298409499
42,(-0.00019280450226275293-0.0015802482735397195j),3,2,MEC LV Multipolar Pyramidal,(0.2766958196508497+0.1571816793436838j),0.007362566923125812,0.006627651783413962,0.00990621824207889
42,(-0.00019280450226275293-0.0015802482735397195j),3,3,CA1 Schaffer Collateral Associated,(-0.1898512172023614-0.1954113559368711j),0.029619581000731008,0.011694397560408566,0.03184459943161093
42,(-0.00019280450226275293-0.0015802482735397195j),3,4,LEC LVI Multipolar Pyramidal,(-0.19565610530187802-0.11136538761926579j),0.007143205640386334,0.0023162259394364122,0.007509346804041295
42,(-0.00019280450226275293-0.0015802482735397195j),3,5,CA1 Axo Axonic,(0.22198668797515045-0.010862158932916529j),0.06436640827601953,0.04064252648912502,0.07612390868691953
42,(-0.00019280450226275293-0.0015802482735397195j),4,1,CA1 Pyramidal,(-0.39115308511038216-0.07840010665434839j),0.03335569076150639,0.03478735787687391,0.04819504512116307
42,(-0.00019280450226275293-0.0015802482735397195j),4,2,MEC LV Multipolar Pyramidal,(0.2766958196508497+0.1571816793436838j),0.010808484031193007,0.008878587364180707,0.013987588807079778
42,(-0.00019280450226275293-0.0015802482735397195j),4,3,CA1 Schaffer Collateral Associated,(-0.1898512172023614-0.1954113559368711j),0.028492697968652884,0.029431211768460183,0.04096376525287715
42,(-0.00019280450226275293-0.0015802482735397195j),4,4,LEC LVI Multipolar Pyramidal,(-0.19565610530187802-0.11136538761926579j),0.015049004102027648,0.00882940129471385,0.017447946918934032
42,(-0.00019280450226275293-0.0015802482735397195j),4,5,CA1 Axo Axonic,(0.22198668797515045-0.010862158932916529j),0.06155081090069517,0.06581358385128461,0.09011065498531906
42,(-0.00019280450226275293-0.0015802482735397195j),5,1,CA1 Pyramidal,(-0.39115308511038216-0.07840010665434839j),0.03258783193732909,0.03437929565147129,0.047369850747779205
42,(-0.00019280450226275293-0.0015802482735397195j),5,2,MEC LV Multipolar Pyramidal,(0.2766958196508497+0.1571816793436838j),0.010585323228458397,0.010937027789410097,0.015220632204914143
42,(-0.00019280450226275293-0.0015802482735397195j),5,3,CA1 Schaffer Collateral Associated,(-0.1898512172023614-0.1954113559368711j),0.027807138279126228,0.029220165932592145,0.04033677027728752
42,(-0.00019280450226275293-0.0015802482735397195j),5,4,LEC LVI Multipolar Pyramidal,(-0.19565610530187802-0.11136538761926579j),0.014941649804266646,0.015081727114412618,0.02122996447540481
42,(-0.00019280450226275293-0.0015802482735397195j),5,5,CA1 Axo Axonic,(0.22198668797515045-0.010862158932916529j),0.06005128658272782,0.06356455973853328,0.08744489850754286
42,(-0.00019280450226275293-0.0015802482735397195j),6,1,CA1 Pyramidal,(-0.39115308511038216-0.07840010665434839j),0.032296639086811435,0.03448813782414117,0.047249386735498625
42,(-0.00019280450226275293-0.0015802482735397195j),6,2,MEC LV Multipolar Pyramidal,(0.2766958196508497+0.1571816793436838j),0.010231803408184553,0.010873737822875706,0.014930772760455995
42,(-0.00019280450226275293-0.0015802482735397195j),6,3,CA1 Schaffer Collateral Associated,(-0.1898512172023614-0.1954113559368711j),0.02783161081457298,0.02965844204331372,0.04067212491339068
42,(-0.00019280450226275293-0.0015802482735397195j),6,4,LEC LVI Multipolar Pyramidal,(-0.19565610530187802-0.11136538761926579j),0.014610412135409478,0.015367907601876373,0.021204639276024718
42,(-0.00019280450226275293-0.0015802482735397195j),6,5,CA1 Axo Axonic,(0.22198668797515045-0.010862158932916529j),0.05939987563886995,0.06347762511286151,0.08693534445714356
42,(-0.00019280450226275293-0.0015802482735397195j),7,1,CA1 Pyramidal,(-0.39115308511038216-0.07840010665434839j),0.030839020502774386,0.03301230382263819,0.045175849623982856
42,(-0.00019280450226275293-0.0015802482735397195j),7,2,MEC LV Multipolar Pyramidal,(0.2766958196508497+0.1571816793436838j),0.009923909071701497,0.010637906176115734,0.01454816205144968
42,(-0.00019280450226275293-0.0015802482735397195j),7,3,CA1 Schaffer Collateral Associated,(-0.1898512172023614-0.1954113559368711j),0.026589604719326657,0.028418844222872452,0.03891834767939062
42,(-0.00019280450226275293-0.0015802482735397195j),7,4,LEC LVI Multipolar Pyramidal,(-0.19565610530187802-0.11136538761926579j),0.014426997218371498,0.015394918428243186,0.021098382927398976
42,(-0.00019280450226275293-0.0015802482735397195j),7,5,CA1 Axo Axonic,(0.22198668797515045-0.010862158932916529j),0.05660842200587294,0.06064240755688141,0.08295791123388961
42,(-0.00019280450226275293-0.0015802482735397195j),8,1,CA1 Pyramidal,(-0.39115308511038216-0.07840010665434839j),0.029363778713426065,0.03162339321632369,0.0431540322431784
42,(-0.00019280450226275293-0.0015802482735397195j),8,2,MEC LV Multipolar Pyramidal,(0.2766958196508497+0.1571816793436838j),0.00947385055655403,0.010176328129321486,0.013903650548094872
42,(-0.00019280450226275293-0.0015802482735397195j),8,3,CA1 Schaffer Collateral Associated,(-0.1898512172023614-0.1954113559368711j),0.025327775442954774,0.027269820574060216,0.037217459921791825
42,(-0.00019280450226275293-0.0015802482735397195j),8,4,LEC LVI Multipolar Pyramidal,(-0.19565610530187802-0.11136538761926579j),0.013809048655771683,0.014784729303360663,0.020230621477135127
42,(-0.00019280450226275293-0.0015802482735397195j),8,5,CA1 Axo Axonic,(0.22198668797515045-0.010862158932916529j),0.053883491645777375,0.05805078290835298,0.07920431849472152
42,(-0.00019280450226275293-0.0015802482735397195j),9,1,CA1 Pyramidal,(-0.39115308511038216-0.07840010665434839j),0.027908564031557805,0.03008720290520047,0.04103812526130143
42,(-0.00019280450226275293-0.0015802482735397195j),9,2,MEC LV Multipolar Pyramidal,(0.2766958196508497+0.1571816793436838j),0.009014628193870241,0.009711956441857489,0.013250872401553697
42,(-0.00019280450226275293-0.0015802482735397195j),9,3,CA1 Schaffer Collateral Associated,(-0.1898512172023614-0.1954113559368711j),0.02407402829818179,0.025950685189888717,0.03539769625733244
42,(-0.00019280450226275293-0.0015802482735397195j),9,4,LEC LVI Multipolar Pyramidal,(-0.19565610530187802-0.11136538761926579j),0.013153353415760828,0.014159893422172429,0.019326491864981317
42,(-0.00019280450226275293-0.0015802482735397195j),9,5,CA1 Axo Axonic,(0.22198668797515045-0.010862158932916529j),0.051210163836162545,0.05521266993113884,0.07530550976556426
42,(-0.00019280450226275293-0.0015802482735397195j),10,1,CA1 Pyramidal,(-0.39115308511038216-0.07840010665434839j),0.026531361861026333,0.02861277411882846,0.03902055874761178
42,(-0.00019280450226275293-0.0015802482735397195j),10,2,MEC LV Multipolar Pyramidal,(0.2766958196508497+0.1571816793436838j),0.008567359527582296,0.009237750875306623,0.012599035300731696
42,(-0.00019280450226275293-0.0015802482735397195j),10,3,CA1 Schaffer Collateral Associated,(-0.1898512172023614-0.1954113559368711j),0.022889310254756885,0.02468398295992361,0.03366332631669541
42,(-0.00019280450226275293-0.0015802482735397195j),10,4,LEC LVI Multipolar Pyramidal,(-0.19565610530187802-0.11136538761926579j),0.012503623088201006,0.013478386769155847,0.018384980289104166
42,(-0.00019280450226275293-0.0015802482735397195j),10,5,CA1 Axo Axonic,(0.22198668797515045-0.010862158932916529j),0.04868100395138812,0.052501366786486245,0.0715977210542642
43,(0.0016519414261843969+0.00025080230395935026j),0,1,MEC LIII Bipolar Complex Pyramidal,(-0.12033705286509389-0.29763640671960695j),-0.12033705286509389,-0.29763640671960695,0.3210427337555169
43,(0.0016519414261843969+0.00025080230395935026j),0,2,CA1 Schaffer Collateral Associated,(0.23417675289116324+0.12025084734432237j),0.23417675289116324,0.12025084734432237,0.2632470662356496
43,(0.0016519414261843969+0.00025080230395935026j),0,3,CA1 Basket,(0.24273488901804224+0.07796356902049834j),0.24273488901804224,0.07796356902049834,0.25494812107763276
43,(0.0016519414261843969+0.00025080230395935026j),0,4,CA1 Pyramidal,(-0.2023355291956691-0.11914766918512915j),-0.2023355291956691,-0.11914766918512915,0.2348102072890794
43,(0.0016519414261843969+0.00025080230395935026j),0,5,EC LIII V Bipolar Pyramidal,(-0.21886160420195494-0.04874852962041501j),-0.21886160420195494,-0.04874852962041501,0.2242249337919529
43,(0.0016519414261843969+0.00025080230395935026j),1,1,MEC LIII Bipolar Complex Pyramidal,(-0.12033705286509389-0.29763640671960695j),0.13127033425071716,-0.0905266051481687,0.15945835473234837
43,(0.0016519414261843969+0.00025080230395935026j),1,2,CA1 Schaffer Collateral Associated,(0.23417675289116324+0.12025084734432237j),-0.13352928924671018,-0.023338524406308823,0.1355535237763868
43,(0.0016519414261843969+0.00025080230395935026j),1,3,CA1 Basket,(0.24273488901804224+0.07796356902049834j),-0.5845149308167124,-0.13136226945021667,0.5990941079519789
43,(0.0016519414261843969+0.00025080230395935026j),1,4,CA1 Pyramidal,(-0.2023355291956691-0.11914766918512915j),-0.15088308368779932,-0.037004399932286346,0.15535453182153408
43,(0.0016519414261843969+0.00025080230395935026j),1,5,EC LIII V Bipolar Pyramidal,(-0.21886160420195494-0.04874852962041501j),-0.01903161181588578,-0.03974419477410741,0.04406589686540772
43,(0.0016519414261843969+0.00025080230395935026j),2,1,MEC LIII Bipolar Complex Pyramidal,(-0.12033705286509389-0.29763640671960695j),0.09482496211745028,-0.05193704718181421,0.10811674389539244
43,(0.0016519414261843969+0.00025080230395935026j),2,2,CA1 Schaffer Collateral Associated,(0.23417675289116324+0.12025084734432237j),0.016209268117113717,-0.001079072128223242,0.01624514603044206
43,(0.0016519414261843969+0.00025080230395935026j),2,3,CA1 Basket,(0.24273488901804224+0.07796356902049834j),0.0863779144788406,0.005157222717992985,0.08653173438615964
43,(0.0016519414261843969+0.00025080230395935026j),2,4,CA1 Pyramidal,(-0.2023355291956691-0.11914766918512915j),0.019358492582621324,-0.0061817338395725495,0.020321541977289057
43,(0.0016519414261843969+0.00025080230395935026j),2,5,EC LIII V Bipolar Pyramidal,(-0.21886160420195494-0.04874852962041501j),-0.007466755580900859,-0.024508174604431585,0.025620364192302566
43,(0.0016519414261843969+0.00025080230395935026j),3,1,MEC LIII Bipolar Complex Pyramidal,(-0.12033705286509389-0.29763640671960695j),0.09287095633322809,-0.05575743695628832,0.10832315683261277
43,(0.0016519414261843969+0.00025080230395935026j),3,2,CA1 Schaffer Collateral Associated,(0.23417675289116324+0.12025084734432237j),0.015243401755029255,-0.0059736021468134465,0.0163720866010916
43,(0.0016519414261843969+0.00025080230395935026j),3,3,CA1 Basket,(0.24273488901804224+0.07796356902049834j),0.05786161854133952,-0.0240990357300298,0.06267958537945778
43,(0.0016519414261843969+0.00025080230395935026j),3,4,CA1 Pyramidal,(-0.2023355291956691-0.11914766918512915j),0.024626292869547473,-0.011902469109381067,0.02735183853777466
43,(0.0016519414261843969+0.00025080230395935026j),3,5,EC LIII V Bipolar Pyramidal,(-0.21886160420195494-0.04874852962041501j),0.02695990938523069,-0.01709481761549927,0.03192286803166398
43,(0.0016519414261843969+0.00025080230395935026j),4,1,MEC LIII Bipolar Complex Pyramidal,(-0.12033705286509389-0.29763640671960695j),0.08733904427224592,-0.05173448007510833,0.10151140370929325
43,(0.0016519414261843969+0.00025080230395935026j),4,2,CA1 Schaffer Collateral Associated,(0.23417675289116324+0.12025084734432237j),0.03718251952492927,-0.02292546927958827,0.04368199743499708
43,(0.0016519414261843969+0.00025080230395935026j),4,3,CA1 Basket,(0.24273488901804224+0.07796356902049834j),0.13472067458315098,-0.08270806411037515,0.15808315542468523
43,(0.0016519414261843969+0.00025080230395935026j),4,4,CA1 Pyramidal,(-0.2023355291956691-0.11914766918512915j),0.043773421965220605,-0.02674289568302429,0.05129614936872335
43,(0.0016519414261843969+0.00025080230395935026j),4,5,EC LIII V Bipolar Pyramidal,(-0.21886160420195494-0.04874852962041501j),0.02914528862693637,-0.016927450919389735,0.03370439798862716
43,(0.0016519414261843969+0.00025080230395935026j),5,1,MEC LIII Bipolar Complex Pyramidal,(-0.12033705286509389-0.29763640671960695j),0.08281615681030705,-0.04923633751636067,0.09634693955105347
43,(0.0016519414261843969+0.00025080230395935026j),5,2,CA1 Schaffer Collateral Associated,(0.23417675289116324+0.12025084734432237j),0.03476067152673867,-0.022488252475132055,0.041400794489660504
43,(0.0016519414261843969+0.00025080230395935026j),5,3,CA1 Basket,(0.24273488901804224+0.07796356902049834j),0.1211320352809674,-0.07883517003516834,0.14452665500101855
43,(0.0016519414261843969+0.00025080230395935026j),5,4,CA1 Pyramidal,(-0.2023355291956691-0.11914766918512915j),0.0412317721403508,-0.026259449507279434,0.0488837163302788
43,(0.0016519414261843969+0.00025080230395935026j),5,5,EC LIII V Bipolar Pyramidal,(-0.21886160420195494-0.04874852962041501j),0.03217793965546933,-0.019253988046371094,0.03749847805125998
43,(0.0016519414261843969+0.00025080230395935026j),6,1,MEC LIII Bipolar Complex Pyramidal,(-0.12033705286509389-0.29763640671960695j),0.07864144820930391,-0.04673233484873054,0.09147889645634398
43,(0.0016519414261843969+0.00025080230395935026j),6,2,CA1 Schaffer Collateral Associated,(0.23417675289116324+0.12025084734432237j),0.036767735454215814,-0.022004628325091688,0.04284938783876178
43,(0.0016519414261843969+0.00025080230395935026j),6,3,CA1 Basket,(0.24273488901804224+0.07796356902049834j),0.12949481525877654,-0.07723959003555993,0.15078083912674725
43,(0.0016519414261843969+0.00025080230395935026j),6,4,CA1 Pyramidal,(-0.2023355291956691-0.11914766918512915j),0.042743319177194164,-0.025565198848901707,0.0498053282939424
43,(0.0016519414261843969+0.00025080230395935026j),6,5,EC LIII V Bipolar Pyramidal,(-0.21886160420195494-0.04874852962041501j),0.030810889662894567,-0.018678449029837882,0.036030478486682845
43,(0.0016519414261843969+0.00025080230395935026j),7,1,MEC LIII Bipolar Complex Pyramidal,(-0.12033705286509389-0.29763640671960695j),0.0746664069677939,-0.04438430848928661,0.08686218492274057
43,(0.0016519414261843969+0.00025080230395935026j),7,2,CA1 Schaffer Collateral Associated,(0.23417675289116324+0.12025084734432237j),0.03522557336729122,-0.02094474731070028,0.04098198944613967
43,(0.0016519414261843969+0.00025080230395935026j),7,3,CA1 Basket,(0.24273488901804224+0.07796356902049834j),0.12339014037285555,-0.07334847284886886,0.14354485435045816
43,(0.0016519414261843969+0.00025080230395935026j),7,4,CA1 Pyramidal,(-0.2023355291956691-0.11914766918512915j),0.04092029315532485,-0.024332427625750535,0.047608165539958724
43,(0.0016519414261843969+0.00025080230395935026j),7,5,EC LIII V Bipolar Pyramidal,(-0.21886160420195494-0.04874852962041501j),0.030026768438045533,-0.017906087005623895,0.03496047446309876
43,(0.0016519414261843969+0.00025080230395935026j),8,1,MEC LIII Bipolar Complex Pyramidal,(-0.12033705286509389-0.29763640671960695j),0.07093071139326768,-0.04216280353669959,0.08251586405552185
43,(0.0016519414261843969+0.00025080230395935026j),8,2,CA1 Schaffer Collateral Associated,(0.23417675289116324+0.12025084734432237j),0.03381842139429846,-0.020114517665441946,0.03934818225173458
43,(0.0016519414261843969+0.00025080230395935026j),8,3,CA1 Basket,(0.24273488901804224+0.07796356902049834j),0.11852940620667601,-0.07049395448406395,0.13790800467887457
43,(0.0016519414261843969+0.00025080230395935026j),8,4,CA1 Pyramidal,(-0.2023355291956691-0.11914766918512915j),0.03921585089138405,-0.02332281965528752,0.045627150665018885
43,(0.0016519414261843969+0.00025080230395935026j),8,5,EC LIII V Bipolar Pyramidal,(-0.21886160420195494-0.04874852962041501j),0.02864158859862417,-0.017032283770503073,0.03332325446128845
43,(0.0016519414261843969+0.00025080230395935026j),9,1,MEC LIII Bipolar Complex Pyramidal,(-0.12033705286509389-0.29763640671960695j),0.06737832848882512,-0.04005243338351664,0.07838390504363163
43,(0.0016519414261843969+0.00025080230395935026j),9,2,CA1 Schaffer Collateral Associated,(0.23417675289116324+0.12025084734432237j),0.032160808702847085,-0.019139326348040785,0.03742501074786664
43,(0.0016519414261843969+0.00025080230395935026j),9,3,CA1 Basket,(0.24273488901804224+0.07796356902049834j),0.11265361695409566,-0.06704505623403494,0.1310949159131086
43,(0.0016519414261843969+0.00025080230395935026j),9,4,CA1 Pyramidal,(-0.2023355291956691-0.11914766918512915j),0.03729050395160692,-0.02218771857424125,0.043392125328157664
43,(0.0016519414261843969+0.00025080230395935026j),9,5,EC LIII V Bipolar Pyramidal,(-0.21886160420195494-0.04874852962041501j),0.027289046573595384,-0.016224726924737233,0.031747973583807695
43,(0.0016519414261843969+0.00025080230395935026j),10,1,MEC LIII Bipolar Complex Pyramidal,(-0.12033705286509389-0.29763640671960695j),0.06400892587730107,-0.03804954910889074,0.07446415768244284
43,(0.0016519414261843969+0.00025080230395935026j),10,2,CA1 Schaffer Collateral Associated,(0.23417675289116324+0.12025084734432237j),0.0306040152819003,-0.01819672570739456,0.03560514819299227
43,(0.0016519414261843969+0.00025080230395935026j),10,3,CA1 Basket,(0.24273488901804224+0.07796356902049834j),0.10720947028262227,-0.06374282352047651,0.12472777585062232
43,(0.0016519414261843969+0.00025080230395935026j),10,4,CA1 Pyramidal,(-0.2023355291956691-0.11914766918512915j),0.03547530701372738,-0.021092420208949875,0.04127211647091934
43,(0.0016519414261843969+0.00025080230395935026j),10,5,EC LIII V Bipolar Pyramidal,(-0.21886160420195494-0.04874852962041501j),0.025937593747413407,-0.015422863820404632,0.03017653886429995
44,(0.0016519414261843973-0.00025080230395935075j),0,1,MEC LIII Bipolar Complex Pyramidal,(-0.36153679024809915-0.28499728816686004j),-0.36153679024809915,-0.28499728816686004,0.4603610593494657
44,(0.0016519414261843973-0.00025080230395935075j),0,2,CA1 Horizontal Axo Axonic,(-0.33294393337642186-0.18036274295949248j),-0.33294393337642186,-0.18036274295949248,0.3786586613561549
44,(0.0016519414261843973-0.00025080230395935075j),0,3,EC LI II Multipolar Pyramidal,(-0.25616639751426745-0.07263576947787541j),-0.25616639751426745,-0.07263576947787541,0.2662652403583328
44,(0.0016519414261843973-0.00025080230395935075j),0,4,LEC LVI Multipolar Pyramidal,(-0.25407079505471764-0.015022810401863795j),-0.25407079505471764,-0.015022810401863795,0.25451454522700007
44,(0.0016519414261843973-0.00025080230395935075j),0,5,CA1 SO SO,(0.21675532678357626+0.05001796292012621j),0.21675532678357626,0.05001796292012621,0.22245149651943016
44,(0.0016519414261843973-0.00025080230395935075j),1,1,MEC LIII Bipolar Complex Pyramidal,(-0.36153679024809915-0.28499728816686004j),-0.28289792417871495,-0.08480632284545499,0.2953359915404716
44,(0.0016519414261843973-0.00025080230395935075j),1,2,CA1 Horizontal Axo Axonic,(-0.33294393337642186-0.18036274295949248j),0.016796151215633316,-0.032810466645916234,0.03685969909238547
44,(0.0016519414261843973-0.00025080230395935075j),1,3,EC LI II Multipolar Pyramidal,(-0.25616639751426745-0.07263576947787541j),-0.1717500310817114,-0.04565616300532856,0.17771482323356702
44,(0.0016519414261843973-0.00025080230395935075j),1,4,LEC LVI Multipolar Pyramidal,(-0.25407079505471764-0.015022810401863795j),0.02460223470877341,-0.03833525740606591,0.04555065216936972
44,(0.0016519414261843973-0.00025080230395935075j),1,5,CA1 SO SO,(0.21675532678357626+0.05001796292012621j),0.024218244289102093,-0.03475780513280721,0.042363054352782745
44,(0.0016519414261843973-0.00025080230395935075j),2,1,MEC LIII Bipolar Complex Pyramidal,(-0.36153679024809915-0.28499728816686004j),-0.18240566020796709,-0.0484371350124659,0.18872726597956163
44,(0.0016519414261843973-0.00025080230395935075j),2,2,CA1 Horizontal Axo Axonic,(-0.33294393337642186-0.18036274295949248j),0.09286388789965822,-0.013475261680859928,0.09383647666663501
44,(0.0016519414261843973-0.00025080230395935075j),2,3,EC LI II Multipolar Pyramidal,(-0.25616639751426745-0.07263576947787541j),-0.17157773817634042,-0.047275543088824326,0.17797161911960038
44,(0.0016519414261843973-0.00025080230395935075j),2,4,LEC LVI Multipolar Pyramidal,(-0.25407079505471764-0.015022810401863795j),0.03610416908658354,-0.01778195610295679,0.04024560831047403
44,(0.0016519414261843973-0.00025080230395935075j),2,5,CA1 SO SO,(0.21675532678357626+0.05001796292012621j),0.14558884962657995,-0.019903400364597926,0.14694304502651487
44,(0.0016519414261843973-0.00025080230395935075j),3,1,MEC LIII Bipolar Complex Pyramidal,(-0.36153679024809915-0.28499728816686004j),-0.18662452018043063,-0.052099867274010184,0.19376043895115805
44,(0.0016519414261843973-0.00025080230395935075j),3,2,CA1 Horizontal Axo Axonic,(-0.33294393337642186-0.18036274295949248j),-0.15490008256320198,-0.041093339532010956,0.16025822328972678
44,(0.0016519414261843973-0.00025080230395935075j),3,3,EC LI II Multipolar Pyramidal,(-0.25616639751426745-0.07263576947787541j),-0.16042668152023282,-0.044443807055050674,0.16646913266170635
44,(0.0016519414261843973-0.00025080230395935075j),3,4,LEC LVI Multipolar Pyramidal,(-0.25407079505471764-0.015022810401863795j),-0.011594022979972009,-0.00444465766519031,0.012416776982005192
44,(0.0016519414261843973-0.00025080230395935075j),3,5,CA1 SO SO,(0.21675532678357626+0.05001796292012621j),-0.24807984451531098,-0.06721940867078542,0.25702540371875876
44,(0.0016519414261843973-0.00025080230395935075j),4,1,MEC LIII Bipolar Complex Pyramidal,(-0.36153679024809915-0.28499728816686004j),-0.17436345605702433,-0.0483277454347064,0.18093696633621237
44,(0.0016519414261843973-0.00025080230395935075j),4,2,CA1 Horizontal Axo Axonic,(-0.33294393337642186-0.18036274295949248j),-0.15387935512136694,-0.04114430981632754,0.15928499666581816
44,(0.0016519414261843973-0.00025080230395935075j),4,3,EC LI II Multipolar Pyramidal,(-0.25616639751426745-0.07263576947787541j),-0.15204289132638868,-0.04222014979231397,0.1577960134204076
44,(0.0016519414261843973-0.00025080230395935075j),4,4,LEC LVI Multipolar Pyramidal,(-0.25407079505471764-0.015022810401863795j),-0.020765195529306363,-0.005402566764066907,0.02145649256077343
44,(0.0016519414261843973-0.00025080230395935075j),4,5,CA1 SO SO,(0.21675532678357626+0.05001796292012621j),-0.2550039571024273,-0.06837612717773853,0.26401195599010824
44,(0.0016519414261843973-0.00025080230395935075j),5,1,MEC LIII Bipolar Complex Pyramidal,(-0.36153679024809915-0.28499728816686004j),-0.1656291373252215,-0.045997520434242614,0.171897594564891
44,(0.0016519414261843973-0.00025080230395935075j),5,2,CA1 Horizontal Axo Axonic,(-0.33294393337642186-0.18036274295949248j),-0.16429840201830262,-0.04621353016256086,0.17067412011155558
44,(0.0016519414261843973-0.00025080230395935075j),5,3,EC LI II Multipolar Pyramidal,(-0.25616639751426745-0.07263576947787541j),-0.1440675299279191,-0.039998761623656794,0.1495170696307214
44,(0.0016519414261843973-0.00025080230395935075j),5,4,LEC LVI Multipolar Pyramidal,(-0.25407079505471764-0.015022810401863795j),-0.03825981449039501,-0.010740930535559181,0.03973891032236727
44,(0.0016519414261843973-0.00025080230395935075j),5,5,CA1 SO SO,(0.21675532678357626+0.05001796292012621j),-0.26904802636003566,-0.0755791163295432,0.2794620605974719
44,(0.0016519414261843973-0.00025080230395935075j),6,1,MEC LIII Bipolar Complex Pyramidal,(-0.36153679024809915-0.28499728816686004j),-0.15724394340332598,-0.04365781951633582,0.1631921044105668
44,(0.0016519414261843973-0.00025080230395935075j),6,2,CA1 Horizontal Axo Axonic,(-0.33294393337642186-0.18036274295949248j),-0.1584033430995714,-0.044386551407690426,0.1645046657423068
44,(0.0016519414261843973-0.00025080230395935075j),6,3,EC LI II Multipolar Pyramidal,(-0.25616639751426745-0.07263576947787541j),-0.1367593366990545,-0.03797129547693279,0.1419328554442624
44,(0.0016519414261843973-0.00025080230395935075j),6,4,LEC LVI Multipolar Pyramidal,(-0.25407079505471764-0.015022810401863795j),-0.038195049321122894,-0.010950022622761468,0.03973367322664743
44,(0.0016519414261843973-0.00025080230395935075j),6,5,CA1 SO SO,(0.21675532678357626+0.05001796292012621j),-0.2597809043701308,-0.07274061639366473,0.269772710904371
44,(0.0016519414261843973-0.00025080230395935075j),7,1,MEC LIII Bipolar Complex Pyramidal,(-0.36153679024809915-0.28499728816686004j),-0.14931886961374333,-0.041464535191996714,0.1549691340280845
44,(0.0016519414261843973-0.00025080230395935075j),7,2,CA1 Horizontal Axo Axonic,(-0.33294393337642186-0.18036274295949248j),-0.15203464301489705,-0.042248182888868904,0.15779556912055073
44,(0.0016519414261843973-0.00025080230395935075j),7,3,EC LI II Multipolar Pyramidal,(-0.25616639751426745-0.07263576947787541j),-0.129880168154075,-0.03606505410583896,0.13479445911233848
44,(0.0016519414261843973-0.00025080230395935075j),7,4,LEC LVI Multipolar Pyramidal,(-0.25407079505471764-0.015022810401863795j),-0.03826536370507861,-0.010682751331292846,0.0397285695122312
44,(0.0016519414261843973-0.00025080230395935075j),7,5,CA1 SO SO,(0.21675532678357626+0.05001796292012621j),-0.2491027897108533,-0.06922847009811578,0.2585435764312379
44,(0.0016519414261843973-0.00025080230395935075j),8,1,MEC LIII Bipolar Complex Pyramidal,(-0.36153679024809915-0.28499728816686004j),-0.1418467445649785,-0.03938915301883851,0.14721414442649094
44,(0.0016519414261843973-0.00025080230395935075j),8,2,CA1 Horizontal Axo Axonic,(-0.33294393337642186-0.18036274295949248j),-0.14486478113618365,-0.040221812044514124,0.15034493332925658
44,(0.0016519414261843973-0.00025080230395935075j),8,3,EC LI II Multipolar Pyramidal,(-0.25616639751426745-0.07263576947787541j),-0.12337104218825584,-0.034259024286121396,0.12803942672338647
44,(0.0016519414261843973-0.00025080230395935075j),8,4,LEC LVI Multipolar Pyramidal,(-0.25407079505471764-0.015022810401863795j),-0.03666325926307863,-0.01018773233661699,0.038052391120063304
44,(0.0016519414261843973-0.00025080230395935075j),8,5,CA1 SO SO,(0.21675532678357626+0.05001796292012621j),-0.23736097586485413,-0.06590500739721447,0.24634062365664086
44,(0.0016519414261843973-0.00025080230395935075j),9,1,MEC LIII Bipolar Complex Pyramidal,(-0.36153679024809915-0.28499728816686004j),-0.13474474604333453,-0.03741763551135183,0.13984357701926495
44,(0.0016519414261843973-0.00025080230395935075j),9,2,CA1 Horizontal Axo Axonic,(-0.33294393337642186-0.18036274295949248j),-0.13788273866842693,-0.038294840100081586,0.14310186721701618
44,(0.0016519414261843973-0.00025080230395935075j),9,3,EC LI II Multipolar Pyramidal,(-0.25616639751426745-0.07263576947787541j),-0.11719638060006693,-0.03254454181571026,0.12163115895094587
44,(0.0016519414261843973-0.00025080230395935075j),9,4,LEC LVI Multipolar Pyramidal,(-0.25407079505471764-0.015022810401863795j),-0.035122756276937096,-0.009756175310789811,0.036452585164621576
44,(0.0016519414261843973-0.00025080230395935075j),9,5,CA1 SO SO,(0.21675532678357626+0.05001796292012621j),-0.22588539150989062,-0.06273553584934023,0.23443540166937335
44,(0.0016519414261843973-0.00025080230395935075j),10,1,MEC LIII Bipolar Complex Pyramidal,(-0.36153679024809915-0.28499728816686004j),-0.12800657952320807,-0.03554650890190071,0.13285043732086207
44,(0.0016519414261843973-0.00025080230395935075j),10,2,CA1 Horizontal Axo Axonic,(-0.33294393337642186-0.18036274295949248j),-0.13105012070673663,-0.03639677364284586,0.13601051161163538
44,(0.0016519414261843973-0.00025080230395935075j),10,3,EC LI II Multipolar Pyramidal,(-0.25616639751426745-0.07263576947787541j),-0.11133433840447532,-0.0309167471321264,0.11554730702700984
44,(0.0016519414261843973-0.00025080230395935075j),10,4,LEC LVI Multipolar Pyramidal,(-0.25407079505471764-0.015022810401863795j),-0.03342346813337627,-0.009285664974174383,0.03468936142501658
44,(0.0016519414261843973-0.00025080230395935075j),10,5,CA1 SO SO,(0.21675532678357626+0.05001796292012621j),-0.21469226012120343,-0.05962619736820565,0.2228184237637065
45,(-0.0015599349319371538+1.3979415792576096e-18j),0,1,CA1 Basket,(0.4591433335613174-0.16333175238066075j),0.4591433335613174,-0.16333175238066075,0.48732931585277794
45,(-0.0015599349319371538+1.3979415792576096e-18j),0,2,CA1 Pyramidal,(-0.3022300551496044+0.10751275456141672j),-0.3022300551496044,0.10751275456141672,0.32078341389341863
45,(-0.0015599349319371538+1.3979415792576096e-18j),0,3,CA1 Basket CCK+,(-0.27073739679364484+0.09630982358013222j),-0.27073739679364484,0.09630982358013222,0.28735747796192057
45,(-0.0015599349319371538+1.3979415792576096e-18j),0,4,CA2 Wide Arbor Basket,(-0.2222190389745305+0.0790503147819507j),-0.2222190389745305,0.0790503147819507,0.23586066554194532
45,(-0.0015599349319371538+1.3979415792576096e-18j),0,5,CA1 Neurogliaform,(0.21023587419186784-0.07478752545244584j),0.21023587419186784,-0.07478752545244584,0.2231418758559655
45,(-0.0015599349319371538+1.3979415792576096e-18j),1,1,CA1 Basket,(0.4591433335613174-0.16333175238066075j),0.6626274960365628,-0.235717481213973,0.7033050045702397
45,(-0.0015599349319371538+1.3979415792576096e-18j),1,2,CA1 Pyramidal,(-0.3022300551496044+0.10751275456141672j),0.14233497900533212,-0.05063303732558864,0.15107266700916744
45,(-0.0015599349319371538+1.3979415792576096e-18j),1,3,CA1 Basket CCK+,(-0.27073739679364484+0.09630982358013222j),0.6415010296177057,-0.2282021313665983,0.6808816224284767
45,(-0.0015599349319371538+1.3979415792576096e-18j),1,4,CA2 Wide Arbor Basket,(-0.2222190389745305+0.0790503147819507j),0.08844910731301815,-0.03146413470034854,0.09387883870666211
45,(-0.0015599349319371538+1.3979415792576096e-18j),1,5,CA1 Neurogliaform,(0.21023587419186784-0.07478752545244584j),-0.06166936553051581,0.021937736658780273,0.06545513680870557
45,(-0.0015599349319371538+1.3979415792576096e-18j),2,1,CA1 Basket,(0.4591433335613174-0.16333175238066075j),0.0003209997288574301,-0.00011418971897375948,0.0003407053240644323
45,(-0.0015599349319371538+1.3979415792576096e-18j),2,2,CA1 Pyramidal,(-0.3022300551496044+0.10751275456141672j),0.0005974225948831479,-0.00021252204312152513,0.0006340972919745527
45,(-0.0015599349319371538+1.3979415792576096e-18j),2,3,CA1 Basket CCK+,(-0.27073739679364484+0.09630982358013222j),-0.05104943252742129,0.018159891831748477,0.05418326524594604
45,(-0.0015599349319371538+1.3979415792576096e-18j),2,4,CA2 Wide Arbor Basket,(-0.2222190389745305+0.0790503147819507j),-0.025308146738114542,0.009002905311030027,0.026861768284260634
45,(-0.0015599349319371538+1.3979415792576096e-18j),2,5,CA1 Neurogliaform,(0.21023587419186784-0.07478752545244584j),-0.10144489261712354,0.036087145059266926,0.10767241186408104
45,(-0.0015599349319371538+1.3979415792576096e-18j),3,1,CA1 Basket,(0.4591433335613174-0.16333175238066075j),-0.006397064041100835,0.0022756372652090657,0.006789768280932239
45,(-0.0015599349319371538+1.3979415792576096e-18j),3,2,CA1 Pyramidal,(-0.3022300551496044+0.10751275456141672j),-0.011112619284179432,0.003953108862859668,0.011794802967270639
45,(-0.0015599349319371538+1.3979415792576096e-18j),3,3,CA1 Basket CCK+,(-0.27073739679364484+0.09630982358013222j),-0.027758510015548132,0.009874576745238194,0.02946255494998499
45,(-0.0015599349319371538+1.3979415792576096e-18j),3,4,CA2 Wide Arbor Basket,(-0.2222190389745305+0.0790503147819507j),-0.04622616742016692,0.016444104441231833,0.04906390858086464
45,(-0.0015599349319371538+1.3979415792576096e-18j),3,5,CA1 Neurogliaform,(0.21023587419186784-0.07478752545244584j),-0.0883238062370573,0.03141956115911218,0.0937458456233258
45,(-0.0015599349319371538+1.3979415792576096e-18j),4,1,CA1 Basket,(0.4591433335613174-0.16333175238066075j),-0.1423772488436162,0.050648074039083314,0.1511175317166922
45,(-0.0015599349319371538+1.3979415792576096e-18j),4,2,CA1 Pyramidal,(-0.3022300551496044+0.10751275456141672j),-0.04489994097018248,0.01597232390061199,0.04765626747776133
45,(-0.0015599349319371538+1.3979415792576096e-18j),4,3,CA1 Basket CCK+,(-0.27073739679364484+0.09630982358013222j),-0.1573825025310441,0.05598591562479078,0.16704393090226385
45,(-0.0015599349319371538+1.3979415792576096e-18j),4,4,CA2 Wide Arbor Basket,(-0.2222190389745305+0.0790503147819507j),-0.047831405678598185,0.017015138274401976,0.05076768952481148
45,(-0.0015599349319371538+1.3979415792576096e-18j),4,5,CA1 Neurogliaform,(0.21023587419186784-0.07478752545244584j),-0.07852544961631118,0.027933976940990434,0.08334598553729873
45,(-0.0015599349319371538+1.3979415792576096e-18j),5,1,CA1 Basket,(0.4591433335613174-0.16333175238066075j),-0.11930375730019335,0.042440105999786294,0.12662760008472299
45,(-0.0015599349319371538+1.3979415792576096e-18j),5,2,CA1 Pyramidal,(-0.3022300551496044+0.10751275456141672j),-0.040713129794797194,0.014482943229747303,0.0432124355051192
45,(-0.0015599349319371538+1.3979415792576096e-18j),5,3,CA1 Basket CCK+,(-0.27073739679364484+0.09630982358013222j),-0.1337585774270616,0.04758214102261063,0.14196977558482946
45,(-0.0015599349319371538+1.3979415792576096e-18j),5,4,CA2 Wide Arbor Basket,(-0.2222190389745305+0.0790503147819507j),-0.048793584124413904,0.017357415467972523,0.0517889343724513
45,(-0.0015599349319371538+1.3979415792576096e-18j),5,5,CA1 Neurogliaform,(0.21023587419186784-0.07478752545244584j),-0.07380282721908073,0.026253991333905987,0.07833344985694357
45,(-0.0015599349319371538+1.3979415792576096e-18j),6,1,CA1 Basket,(0.4591433335613174-0.16333175238066075j),-0.1269972941881235,0.04517693951137002,0.13479342934549432
45,(-0.0015599349319371538+1.3979415792576096e-18j),6,2,CA1 Pyramidal,(-0.3022300551496044+0.10751275456141672j),-0.04196334986842374,0.01492768590716576,0.044539404337313876
45,(-0.0015599349319371538+1.3979415792576096e-18j),6,3,CA1 Basket CCK+,(-0.27073739679364484+0.09630982358013222j),-0.1403186016328964,0.04991574835365436,0.14893250786150355
45,(-0.0015599349319371538+1.3979415792576096e-18j),6,4,CA2 Wide Arbor Basket,(-0.2222190389745305+0.0790503147819507j),-0.047982810358009415,0.017068997689968494,0.05092838866479918
45,(-0.0015599349319371538+1.3979415792576096e-18j),6,5,CA1 Neurogliaform,(0.21023587419186784-0.07478752545244584j),-0.07017649404192662,0.024963990348926813,0.07448450261737587
45,(-0.0015599349319371538+1.3979415792576096e-18j),7,1,CA1 Basket,(0.4591433335613174-0.16333175238066075j),-0.12106717181471646,0.04306740811173578,0.12849926744023438
45,(-0.0015599349319371538+1.3979415792576096e-18j),7,2,CA1 Pyramidal,(-0.3022300551496044+0.10751275456141672j),-0.040195298169875264,0.014298734202730413,0.04266281512940174
45,(-0.0015599349319371538+1.3979415792576096e-18j),7,3,CA1 Basket CCK+,(-0.27073739679364484+0.09630982358013222j),-0.1338760787341656,0.04762393994027641,0.1420944900855468
45,(-0.0015599349319371538+1.3979415792576096e-18j),7,4,CA2 Wide Arbor Basket,(-0.2222190389745305+0.0790503147819507j),-0.04644758186263802,0.016522868535682838,0.04929891525717293
45,(-0.0015599349319371538+1.3979415792576096e-18j),7,5,CA1 Neurogliaform,(0.21023587419186784-0.07478752545244584j),-0.06699663263760293,0.023832813442867164,0.07110943524863934
45,(-0.0015599349319371538+1.3979415792576096e-18j),8,1,CA1 Basket,(0.4591433335613174-0.16333175238066075j),-0.11696886942564963,0.041609512805274286,0.124149377648891
45,(-0.0015599349319371538+1.3979415792576096e-18j),8,2,CA1 Pyramidal,(-0.3022300551496044+0.10751275456141672j),-0.03868863092269967,0.01376276518445678,0.04106365629355682
45,(-0.0015599349319371538+1.3979415792576096e-18j),8,3,CA1 Basket CCK+,(-0.27073739679364484+0.09630982358013222j),-0.12906518320764193,0.04591255279941869,0.13698826234747846
45,(-0.0015599349319371538+1.3979415792576096e-18j),8,4,CA2 Wide Arbor Basket,(-0.2222190389745305+0.0790503147819507j),-0.044264540375417195,0.015746291886160748,0.04698186078489347
45,(-0.0015599349319371538+1.3979415792576096e-18j),8,5,CA1 Neurogliaform,(0.21023587419186784-0.07478752545244584j),-0.06362731999183058,0.02263424276019204,0.06753328656795927
45,(-0.0015599349319371538+1.3979415792576096e-18j),9,1,CA1 Basket,(0.4591433335613174-0.16333175238066075j),-0.11114349449803204,0.03953724337293353,0.11796639344645851
45,(-0.0015599349319371538+1.3979415792576096e-18j),9,2,CA1 Pyramidal,(-0.3022300551496044+0.10751275456141672j),-0.03679110681846623,0.013087756065354325,0.03904964660216544
45,(-0.0015599349319371538+1.3979415792576096e-18j),9,3,CA1 Basket CCK+,(-0.27073739679364484+0.09630982358013222j),-0.12264810427346945,0.043629795606030294,0.13017725049523748
45,(-0.0015599349319371538+1.3979415792576096e-18j),9,4,CA2 Wide Arbor Basket,(-0.2222190389745305+0.0790503147819507j),-0.04212364614512701,0.014984708344083159,0.04470954091373684
45,(-0.0015599349319371538+1.3979415792576096e-18j),9,5,CA1 Neurogliaform,(0.21023587419186784-0.07478752545244584j),-0.0604655436194899,0.021509499269908514,0.06417741443874653
45,(-0.0015599349319371538+1.3979415792576096e-18j),10,1,CA1 Basket,(0.4591433335613174-0.16333175238066075j),-0.10577321792663312,0.03762686676706642,0.11226644526866249
45,(-0.0015599349319371538+1.3979415792576096e-18j),10,2,CA1 Pyramidal,(-0.3022300551496044+0.10751275456141672j),-0.0350003899303244,0.012450741638749816,0.03714900082949274
45,(-0.0015599349319371538+1.3979415792576096e-18j),10,3,CA1 Basket CCK+,(-0.27073739679364484+0.09630982358013222j),-0.1166981143596244,0.041513196696191676,0.1238620014170152
45,(-0.0015599349319371538+1.3979415792576096e-18j),10,4,CA2 Wide Arbor Basket,(-0.2222190389745305+0.0790503147819507j),-0.04004516666684503,0.014245327696123246,0.042503467323799976
45,(-0.0015599349319371538+1.3979415792576096e-18j),10,5,CA1 Neurogliaform,(0.21023587419186784-0.07478752545244584j),-0.05744486063944895,0.02043494714543422,0.06097129717106568
46,(-0.0012452687226357367-5.059580015526404e-19j),0,1,CA2 Wide Arbor Basket,(-0.009873987764123649-0.4215227029143857j),-0.009873987764123649,-0.4215227029143857,0.42163833400986633
46,(-0.0012452687226357367-5.059580015526404e-19j),0,2,CA1 Axo Axonic,(0.006781866772000834+0.2895193796903293j),0.006781866772000834,0.2895193796903293,0.2895987999512192
46,(-0.0012452687226357367-5.059580015526404e-19j),0,3,CA1 Schaffer Collateral Associated,(0.0066814320814356735+0.28523180072581283j),0.0066814320814356735,0.28523180072581283,0.2853100448283387
46,(-0.0012452687226357367-5.059580015526404e-19j),0,4,CA1 Basket,(-0.005331644006216789-0.2276090518000753j),-0.005331644006216789,-0.2276090518000753,0.22767148896851006
46,(-0.0012452687226357367-5.059580015526404e-19j),0,5,CA1 Ivy,(-0.0052897943451589305-0.22582248059231966j),-0.0052897943451589305,-0.22582248059231966,0.22588442767283157
46,(-0.0012452687226357367-5.059580015526404e-19j),1,1,CA2 Wide Arbor Basket,(-0.009873987764123649-0.4215227029143857j),0.004522662808747482,0.19307346707884976,0.19312643052862888
46,(-0.0012452687226357367-5.059580015526404e-19j),1,2,CA1 Axo Axonic,(0.006781866772000834+0.2895193796903293j),0.02046320344957301,0.8735786426322961,0.8738182806274447
46,(-0.0012452687226357367-5.059580015526404e-19j),1,3,CA1 Schaffer Collateral Associated,(0.0066814320814356735+0.28523180072581283j),0.01246619519190713,0.5321846064508856,0.5323305940539645
46,(-0.0012452687226357367-5.059580015526404e-19j),1,4,CA1 Basket,(-0.005331644006216789-0.2276090518000753j),0.04629723389390481,1.9764390674379624,1.9769812394560728
46,(-0.0012452687226357367-5.059580015526404e-19j),1,5,CA1 Ivy,(-0.0052897943451589305-0.22582248059231966j),0.010599659073740452,0.4525017702541829,0.4526258994530129
46,(-0.0012452687226357367-5.059580015526404e-19j),2,1,CA2 Wide Arbor Basket,(-0.009873987764123649-0.4215227029143857j),0.0016014671743633504,0.06836698485886794,0.06838573912595551
46,(-0.0012452687226357367-5.059580015526404e-19j),2,2,CA1 Axo Axonic,(0.006781866772000834+0.2895193796903293j),0.0014618747246272902,0.062407752568406666,0.062424872113204785
46,(-0.0012452687226357367-5.059580015526404e-19j),2,3,CA1 Schaffer Collateral Associated,(0.0066814320814356735+0.28523180072581283j),0.0007678506236031877,0.032779711503350475,0.03278870355508212
46,(-0.0012452687226357367-5.059580015526404e-19j),2,4,CA1 Basket,(-0.005331644006216789-0.2276090518000753j),0.0013719911415235233,0.05857060269514123,0.05858666964220192
46,(-0.0012452687226357367-5.059580015526404e-19j),2,5,CA1 Ivy,(-0.0052897943451589305-0.22582248059231966j),0.0005238644047197937,0.0223638863155527,0.02237002112313482
46,(-0.0012452687226357367-5.059580015526404e-19j),3,1,CA2 Wide Arbor Basket,(-0.009873987764123649-0.4215227029143857j),0.0010881629728260699,0.04645391593290534,0.046466659059554376
46,(-0.0012452687226357367-5.059580015526404e-19j),3,2,CA1 Axo Axonic,(0.006781866772000834+0.2895193796903293j),0.0024456197134790645,0.10440404186768679,0.1044326817337018
46,(-0.0012452687226357367-5.059580015526404e-19j),3,3,CA1 Schaffer Collateral Associated,(0.0066814320814356735+0.28523180072581283j),0.0012625974103243282,0.05390056032138038,0.053915346193633244
46,(-0.0012452687226357367-5.059580015526404e-19j),3,4,CA1 Basket,(-0.005331644006216789-0.2276090518000753j),0.004657905313333064,0.19884699925694851,0.19890154648820824
46,(-0.0012452687226357367-5.059580015526404e-19j),3,5,CA1 Ivy,(-0.0052897943451589305-0.22582248059231966j),0.0008411653138452302,0.035909531706961456,0.035919382323454374
46,(-0.0012452687226357367-5.059580015526404e-19j),4,1,CA2 Wide Arbor Basket,(-0.009873987764123649-0.4215227029143857j),0.0012662834093742615,0.05405791642911242,0.05407274546691484
46,(-0.0012452687226357367-5.059580015526404e-19j),4,2,CA1 Axo Axonic,(0.006781866772000834+0.2895193796903293j),0.0016535507846407928,0.07059044560300032,0.07060980980449907
46,(-0.0012452687226357367-5.059580015526404e-19j),4,3,CA1 Schaffer Collateral Associated,(0.0066814320814356735+0.28523180072581283j),0.0007722809343909577,0.032968842442419474,0.03297788637609608
46,(-0.0012452687226357367-5.059580015526404e-19j),4,4,CA1 Basket,(-0.005331644006216789-0.2276090518000753j),0.002565446497020158,0.10951947353383422,0.10954951665277801
46,(-0.0012452687226357367-5.059580015526404e-19j),4,5,CA1 Ivy,(-0.0052897943451589305-0.22582248059231966j),0.0003948423003952793,0.016855904388733547,0.016860528259942165
46,(-0.0012452687226357367-5.059580015526404e-19j),5,1,CA2 Wide Arbor Basket,(-0.009873987764123649-0.4215227029143857j),0.0010539809106695974,0.044994676203656325,0.04500701903516754
46,(-0.0012452687226357367-5.059580015526404e-19j),5,2,CA1 Axo Axonic,(0.006781866772000834+0.2895193796903293j),0.001792870971756382,0.0765380549424408,0.07655905067784902
46,(-0.0012452687226357367-5.059580015526404e-19j),5,3,CA1 Schaffer Collateral Associated,(0.0066814320814356735+0.28523180072581283j),0.0008655086311956947,0.036948753262883674,0.03695888895613789
46,(-0.0012452687226357367-5.059580015526404e-19j),5,4,CA1 Basket,(-0.005331644006216789-0.2276090518000753j),0.003069493102918137,0.13103733367183645,0.1310732795184933
46,(-0.0012452687226357367-5.059580015526404e-19j),5,5,CA1 Ivy,(-0.0052897943451589305-0.22582248059231966j),0.0005159676651341454,0.022026772770977865,0.022032815102382083
46,(-0.0012452687226357367-5.059580015526404e-19j),6,1,CA2 Wide Arbor Basket,(-0.009873987764123649-0.4215227029143857j),0.00096386521261924,0.041147617292441374,0.041158904807991656
46,(-0.0012452687226357367-5.059580015526404e-19j),6,2,CA1 Axo Axonic,(0.006781866772000834+0.2895193796903293j),0.0015499471253186713,0.06616758266731441,0.06618573359967518
46,(-0.0012452687226357367-5.059580015526404e-19j),6,3,CA1 Schaffer Collateral Associated,(0.0066814320814356735+0.28523180072581283j),0.0007338870746719335,0.031329800151630845,0.03133839446716278
46,(-0.0012452687226357367-5.059580015526404e-19j),6,4,CA1 Basket,(-0.005331644006216789-0.2276090518000753j),0.002554211298472441,0.10903984044405135,0.10906975199119792
46,(-0.0012452687226357367-5.059580015526404e-19j),6,5,CA1 Ivy,(-0.0052897943451589305-0.22582248059231966j),0.0004119364416854466,0.017585657028975816,0.01759048108417604
46,(-0.0012452687226357367-5.059580015526404e-19j),7,1,CA2 Wide Arbor Basket,(-0.009873987764123649-0.4215227029143857j),0.0009087605406381933,0.03879518676168286,0.03880582896413984
46,(-0.0012452687226357367-5.059580015526404e-19j),7,2,CA1 Axo Axonic,(0.006781866772000834+0.2895193796903293j),0.001465833944422063,0.06257677252968301,0.06259393843963096
46,(-0.0012452687226357367-5.059580015526404e-19j),7,3,CA1 Schaffer Collateral Associated,(0.0066814320814356735+0.28523180072581283j),0.00069137780857118,0.029515070259944966,0.029523166763131502
46,(-0.0012452687226357367-5.059580015526404e-19j),7,4,CA1 Basket,(-0.005331644006216789-0.2276090518000753j),0.0024221495628478505,0.10340209599045745,0.10343046100508585
46,(-0.0012452687226357367-5.059580015526404e-19j),7,5,CA1 Ivy,(-0.0052897943451589305-0.22582248059231966j),0.00038856146571075235,0.01658777417872436,0.016592324497097747
46,(-0.0012452687226357367-5.059580015526404e-19j),8,1,CA2 Wide Arbor Basket,(-0.009873987764123649-0.4215227029143857j),0.0008639325677420127,0.03688147076843143,0.036891588004913364
46,(-0.0012452687226357367-5.059580015526404e-19j),8,2,CA1 Axo Axonic,(0.006781866772000834+0.2895193796903293j),0.0013824875999789456,0.059018698808410444,0.05903488867612071
46,(-0.0012452687226357367-5.059580015526404e-19j),8,3,CA1 Schaffer Collateral Associated,(0.0066814320814356735+0.28523180072581283j),0.0006503193674717366,0.027762276405716012,0.02776989208670219
46,(-0.0012452687226357367-5.059580015526404e-19j),8,4,CA1 Basket,(-0.005331644006216789-0.2276090518000753j),0.0022764573856674567,0.09718246499783097,0.09720912385822332
46,(-0.0012452687226357367-5.059580015526404e-19j),8,5,CA1 Ivy,(-0.0052897943451589305-0.22582248059231966j),0.0003634756138997705,0.015516853663844352,0.015521110209874156
46,(-0.0012452687226357367-5.059580015526404e-19j),9,1,CA2 Wide Arbor Basket,(-0.009873987764123649-0.4215227029143857j),0.0008191613041535472,0.0349701757079623,0.034979768642573655
46,(-0.0012452687226357367-5.059580015526404e-19j),9,2,CA1 Axo Axonic,(0.006781866772000834+0.2895193796903293j),0.0013146124140144444,0.056121092235255715,0.056136487238490095
46,(-0.0012452687226357367-5.059580015526404e-19j),9,3,CA1 Schaffer Collateral Associated,(0.0066814320814356735+0.28523180072581283j),0.0006184739284809167,0.026402787631820666,0.02641003038111151
46,(-0.0012452687226357367-5.059580015526404e-19j),9,4,CA1 Basket,(-0.005331644006216789-0.2276090518000753j),0.0021666397953269264,0.09249432798432558,0.09251970080623202
46,(-0.0012452687226357367-5.059580015526404e-19j),9,5,CA1 Ivy,(-0.0052897943451589305-0.22582248059231966j),0.0003461216650123937,0.014776009780299703,0.014780063099814679
46,(-0.0012452687226357367-5.059580015526404e-19j),10,1,CA2 Wide Arbor Basket,(-0.009873987764123649-0.4215227029143857j),0.000777610595843421,0.03319636685856006,0.03320547320618806
46,(-0.0012452687226357367-5.059580015526404e-19j),10,2,CA1 Axo Axonic,(0.006781866772000834+0.2895193796903293j),0.001247193114742205,0.053242947564964976,0.05325755304246592
46,(-0.0012452687226357367-5.059580015526404e-19j),10,3,CA1 Schaffer Collateral Associated,(0.0066814320814356735+0.28523180072581283j),0.0005865620257855168,0.025040461507802033,0.025047330547062475
46,(-0.0012452687226357367-5.059580015526404e-19j),10,4,CA1 Basket,(-0.005331644006216789-0.2276090518000753j),0.0020544477777293567,0.08770482615052992,0.0877288851277964
46,(-0.0012452687226357367-5.059580015526404e-19j),10,5,CA1 Ivy,(-0.0052897943451589305-0.22582248059231966j),0.00032797662441180205,0.014001394018039681,0.01400523484681917
47,(-0.0008341208463246773+0.0007272410262882584j),0,1,CA1 Horizontal Axo Axonic,(-0.4268005344327489+0.03488852983035245j),-0.4268005344327489,0.03488852983035245,0.42822413022365224
47,(-0.0008341208463246773+0.0007272410262882584j),0,2,MEC LIII Bipolar Complex Pyramidal,(0.30082732096000897-0.031586899663218815j),0.30082732096000897,-0.031586899663218815,0.3024810891052704
47,(-0.0008341208463246773+0.0007272410262882584j),0,3,MEC LV Superficial Pyramidal,(-0.03250985732675403-0.2476112645272386j),-0.03250985732675403,-0.2476112645272386,0.24973631923327458
47,(-0.0008341208463246773+0.0007272410262882584j),0,4,CA3 Mossy Fiber Associated,(-0.22188367002517065-0.06281255321541566j),-0.22188367002517065,-0.06281255321541566,0.23060307861188287
47,(-0.0008341208463246773+0.0007272410262882584j),0,5,CA1 SO SO,(0.18656264093831756+0.0630152671605659j),0.18656264093831756,0.0630152671605659,0.196917604315097
47,(-0.0008341208463246773+0.0007272410262882584j),1,1,CA1 Horizontal Axo Axonic,(-0.4268005344327489+0.03488852983035245j),-0.13942271280189933,-0.055460174828021874,0.15004840497984528
47,(-0.0008341208463246773+0.0007272410262882584j),1,2,MEC LIII Bipolar Complex Pyramidal,(0.30082732096000897-0.031586899663218815j),0.03345994749408731,-0.024058243126701802,0.04121125026798597
47,(-0.0008341208463246773+0.0007272410262882584j),1,3,MEC LV Superficial Pyramidal,(-0.03250985732675403-0.2476112645272386j),-0.0051015289633737585,-0.00275159313356123,0.005796280060245764
47,(-0.0008341208463246773+0.0007272410262882584j),1,4,CA3 Mossy Fiber Associated,(-0.22188367002517065-0.06281255321541566j),-0.02272126047674669,-0.028994866725650804,0.036836910485142794
47,(-0.0008341208463246773+0.0007272410262882584j),1,5,CA1 SO SO,(0.18656264093831756+0.0630152671605659j),-0.20426576562707716,-0.0952935295183889,0.22540044315681385
47,(-0.0008341208463246773+0.0007272410262882584j),2,1,CA1 Horizontal Axo Axonic,(-0.4268005344327489+0.03488852983035245j),0.07892546438771533,0.07849757463157933,0.11131530960230443
47,(-0.0008341208463246773+0.0007272410262882584j),2,2,MEC LIII Bipolar Complex Pyramidal,(0.30082732096000897-0.031586899663218815j),0.010439034784862206,-0.002973952635169086,0.01085439272901954
47,(-0.0008341208463246773+0.0007272410262882584j),2,3,MEC LV Superficial Pyramidal,(-0.03250985732675403-0.2476112645272386j),0.0016448676880886218,0.009060415687046621,0.00920851356807376
47,(-0.0008341208463246773+0.0007272410262882584j),2,4,CA3 Mossy Fiber Associated,(-0.22188367002517065-0.06281255321541566j),-0.004884575865402047,0.027955227652485957,0.028378756746679088
47,(-0.0008341208463246773+0.0007272410262882584j),2,5,CA1 SO SO,(0.18656264093831756+0.0630152671605659j),0.12163358922763765,0.10862528505257142,0.16307722888604062
47,(-0.0008341208463246773+0.0007272410262882584j),3,1,CA1 Horizontal Axo Axonic,(-0.4268005344327489+0.03488852983035245j),0.018156374924348018,-0.0007917750811628845,0.018173630847264508
47,(-0.0008341208463246773+0.0007272410262882584j),3,2,MEC LIII Bipolar Complex Pyramidal,(0.30082732096000897-0.031586899663218815j),0.01438745841904579,-0.005610720276393991,0.015442769886898858
47,(-0.0008341208463246773+0.0007272410262882584j),3,3,MEC LV Superficial Pyramidal,(-0.03250985732675403-0.2476112645272386j),0.0016865843864161659,0.0011315967487980944,0.002031028826578592
47,(-0.0008341208463246773+0.0007272410262882584j),3,4,CA3 Mossy Fiber Associated,(-0.22188367002517065-0.06281255321541566j),0.0003175633284943955,-0.004579414869244806,0.004590412510032717
47,(-0.0008341208463246773+0.0007272410262882584j),3,5,CA1 SO SO,(0.18656264093831756+0.0630152671605659j),0.03244800493341626,0.0016448725777129297,0.0324896695882848
47,(-0.0008341208463246773+0.0007272410262882584j),4,1,CA1 Horizontal Axo Axonic,(-0.4268005344327489+0.03488852983035245j),0.014113459328777379,-6.646285297438514e-05,0.014113615820755454
47,(-0.0008341208463246773+0.0007272410262882584j),4,2,MEC LIII Bipolar Complex Pyramidal,(0.30082732096000897-0.031586899663218815j),0.012735890578662104,-0.004889795012950812,0.013642323999243413
47,(-0.0008341208463246773+0.0007272410262882584j),4,3,MEC LV Superficial Pyramidal,(-0.03250985732675403-0.2476112645272386j),0.0020422027590286957,0.0002918918634579413,0.0020629573357045868
47,(-0.0008341208463246773+0.0007272410262882584j),4,4,CA3 Mossy Fiber Associated,(-0.22188367002517065-0.06281255321541566j),0.005858441327633881,0.004339944650694545,0.007290847300583165
47,(-0.0008341208463246773+0.0007272410262882584j),4,5,CA1 SO SO,(0.18656264093831756+0.0630152671605659j),0.023088788745463436,-0.0010414006231488204,0.02311226256753185
47,(-0.0008341208463246773+0.0007272410262882584j),5,1,CA1 Horizontal Axo Axonic,(-0.4268005344327489+0.03488852983035245j),0.012919837733222578,-0.00361927814252352,0.013417204676300887
47,(-0.0008341208463246773+0.0007272410262882584j),5,2,MEC LIII Bipolar Complex Pyramidal,(0.30082732096000897-0.031586899663218815j),0.012305188809015415,-0.004477311330216808,0.0130944258512241
47,(-0.0008341208463246773+0.0007272410262882584j),5,3,MEC LV Superficial Pyramidal,(-0.03250985732675403-0.2476112645272386j),0.0017460220695301692,-0.0004582038536880526,0.0018051437169436114
47,(-0.0008341208463246773+0.0007272410262882584j),5,4,CA3 Mossy Fiber Associated,(-0.22188367002517065-0.06281255321541566j),0.0035366903538838084,-0.0012218891647477526,0.0037418166430468955
47,(-0.0008341208463246773+0.0007272410262882584j),5,5,CA1 SO SO,(0.18656264093831756+0.0630152671605659j),0.021233989386639656,-0.0058021152097998815,0.022012424813720923
47,(-0.0008341208463246773+0.0007272410262882584j),6,1,CA1 Horizontal Axo Axonic,(-0.4268005344327489+0.03488852983035245j),0.012314622298124344,-0.0033490135664454284,0.012761889131852572
47,(-0.0008341208463246773+0.0007272410262882584j),6,2,MEC LIII Bipolar Complex Pyramidal,(0.30082732096000897-0.031586899663218815j),0.011646202758652847,-0.004282452994564633,0.012408603561493483
47,(-0.0008341208463246773+0.0007272410262882584j),6,3,MEC LV Superficial Pyramidal,(-0.03250985732675403-0.2476112645272386j),0.0016894666258949551,-0.0004525885696531266,0.0017490379908376911
47,(-0.0008341208463246773+0.0007272410262882584j),6,4,CA3 Mossy Fiber Associated,(-0.22188367002517065-0.06281255321541566j),0.0035536503862972552,-0.0008448555601354991,0.003652699273896292
47,(-0.0008341208463246773+0.0007272410262882584j),6,5,CA1 SO SO,(0.18656264093831756+0.0630152671605659j),0.020113981139162806,-0.005651554999660069,0.02089287704412152
47,(-0.0008341208463246773+0.0007272410262882584j),7,1,CA1 Horizontal Axo Axonic,(-0.4268005344327489+0.03488852983035245j),0.011412367024053677,-0.003944218650779395,0.012074724918475941
47,(-0.0008341208463246773+0.0007272410262882584j),7,2,MEC LIII Bipolar Complex Pyramidal,(0.30082732096000897-0.031586899663218815j),0.011081368813135902,-0.004034034291994682,0.011792801509468818
47,(-0.0008341208463246773+0.0007272410262882584j),7,3,MEC LV Superficial Pyramidal,(-0.03250985732675403-0.2476112645272386j),0.001573216117881023,-0.0005295835142233358,0.0016599601356953651
47,(-0.0008341208463246773+0.0007272410262882584j),7,4,CA3 Mossy Fiber Associated,(-0.22188367002517065-0.06281255321541566j),0.0032396347989368576,-0.0011752726919437024,0.0034462297559668376
47,(-0.0008341208463246773+0.0007272410262882584j),7,5,CA1 SO SO,(0.18656264093831756+0.0630152671605659j),0.01870220741637774,-0.0064500657913664225,0.019783222966902284
47,(-0.0008341208463246773+0.0007272410262882584j),8,1,CA1 Horizontal Axo Axonic,(-0.4268005344327489+0.03488852983035245j),0.010807337528715641,-0.003839734140414853,0.01146918056046956
47,(-0.0008341208463246773+0.0007272410262882584j),8,2,MEC LIII Bipolar Complex Pyramidal,(0.30082732096000897-0.031586899663218815j),0.010524361191902086,-0.00383645667097783,0.01120181138414252
47,(-0.0008341208463246773+0.0007272410262882584j),8,3,MEC LV Superficial Pyramidal,(-0.03250985732675403-0.2476112645272386j),0.0014887082325279152,-0.0005223301177994282,0.0015776821459206392
47,(-0.0008341208463246773+0.0007272410262882584j),8,4,CA3 Mossy Fiber Associated,(-0.22188367002517065-0.06281255321541566j),0.0031142825811685355,-0.0010513420761495643,0.0032869554539805114
47,(-0.0008341208463246773+0.0007272410262882584j),8,5,CA1 SO SO,(0.18656264093831756+0.0630152671605659j),0.01770080071085534,-0.00630196702611778,0.018789175985223318
47,(-0.0008341208463246773+0.0007272410262882584j),9,1,CA1 Horizontal Axo Axonic,(-0.4268005344327489+0.03488852983035245j),0.010247979899784453,-0.0037048270596666344,0.010897102163805948
47,(-0.0008341208463246773+0.0007272410262882584j),9,2,MEC LIII Bipolar Complex Pyramidal,(0.30082732096000897-0.031586899663218815j),0.009999862878261274,-0.003640474894377946,0.01064191312878582
47,(-0.0008341208463246773+0.0007272410262882584j),9,3,MEC LV Superficial Pyramidal,(-0.03250985732675403-0.2476112645272386j),0.001409958146140236,-0.0005084179636096582,0.0014988231381948315
47,(-0.0008341208463246773+0.0007272410262882584j),9,4,CA3 Mossy Fiber Associated,(-0.22188367002517065-0.06281255321541566j),0.0029360175493880173,-0.001058898040907677,0.0031211318638200043
47,(-0.0008341208463246773+0.0007272410262882584j),9,5,CA1 SO SO,(0.18656264093831756+0.0630152671605659j),0.01678874248704817,-0.006069000757143094,0.017852020739586312
47,(-0.0008341208463246773+0.0007272410262882584j),10,1,CA1 Horizontal Axo Axonic,(-0.4268005344327489+0.03488852983035245j),0.009734458749097005,-0.0035269266421798454,0.010353690099534041
47,(-0.0008341208463246773+0.0007272410262882584j),10,2,MEC LIII Bipolar Complex Pyramidal,(0.30082732096000897-0.031586899663218815j),0.009499666147733923,-0.0034587724016649,0.010109736071971446
47,(-0.0008341208463246773+0.0007272410262882584j),10,3,MEC LV Superficial Pyramidal,(-0.03250985732675403-0.2476112645272386j),0.0013390279446340169,-0.00048479399993768855,0.0014240860433577683
47,(-0.0008341208463246773+0.0007272410262882584j),10,4,CA3 Mossy Fiber Associated,(-0.22188367002517065-0.06281255321541566j),0.0027887797315485235,-0.0010077464935441015,0.0029652732397447436
47,(-0.0008341208463246773+0.0007272410262882584j),10,5,CA1 SO SO,(0.18656264093831756+0.0630152671605659j),0.015946360561906854,-0.005779828744318796,0.016961510412813834
48,(-0.0008341208463246763-0.000727241026288259j),0,1,MEC LV Superficial Pyramidal,(0.28354301395514964+0.4114872607667672j),0.28354301395514964,0.4114872607667672,0.49971832719653947
48,(-0.0008341208463246763-0.000727241026288259j),0,2,CA1 Horizontal Axo Axonic,(-0.19404942371856568+0.09510364922572863j),-0.19404942371856568,0.09510364922572863,0.2161015570086386
48,(-0.0008341208463246763-0.000727241026288259j),0,3,MEC LIII Superficial Trilayered Interneuron,(0.17871714283157136+0.1006073578904332j),0.17871714283157136,0.1006073578904332,0.20508938930030968
48,(-0.0008341208463246763-0.000727241026288259j),0,4,CA3 Spiny Lucidum,(0.07910577923031867+0.17586437243005704j),0.07910577923031867,0.17586437243005704,0.19283672315680364
48,(-0.0008341208463246763-0.000727241026288259j),0,5,CA3 LMR Targeting,(-0.04754484371748342-0.17723755832068278j),-0.04754484371748342,-0.17723755832068278,0.18350385348432702
48,(-0.0008341208463246763-0.000727241026288259j),1,1,MEC LV Superficial Pyramidal,(0.28354301395514964+0.4114872607667672j),0.0014575691897976899,0.0062548297910745825,0.006422414161229529
48,(-0.0008341208463246763-0.000727241026288259j),1,2,CA1 Horizontal Axo Axonic,(-0.19404942371856568+0.09510364922572863j),0.016304710757410988,0.1390576056411628,0.14001021848256642
48,(-0.0008341208463246763-0.000727241026288259j),1,3,MEC LIII Superficial Trilayered Interneuron,(0.17871714283157136+0.1006073578904332j),0.03194999786213264,0.016534871490365158,0.03597505161348863
48,(-0.0008341208463246763-0.000727241026288259j),1,4,CA3 Spiny Lucidum,(0.07910577923031867+0.17586437243005704j),0.0018017789641724643,0.00436620973535931,0.004723366901785295
48,(-0.0008341208463246763-0.000727241026288259j),1,5,CA3 LMR Targeting,(-0.04754484371748342-0.17723755832068278j),0.022418293985606484,0.0026982742584407723,0.022580092763291384
48,(-0.0008341208463246763-0.000727241026288259j),2,1,MEC LV Superficial Pyramidal,(0.28354301395514964+0.4114872607667672j),-0.010212565936654896,-0.015218416667734758,0.0183274850670601
48,(-0.0008341208463246763-0.000727241026288259j),2,2,CA1 Horizontal Axo Axonic,(-0.19404942371856568+0.09510364922572863j),-0.06537646531635731,-0.15480004641291192,0.16803909243595835
48,(-0.0008341208463246763-0.000727241026288259j),2,3,MEC LIII Superficial Trilayered Interneuron,(0.17871714283157136+0.1006073578904332j),0.011962970140355496,0.004000568776432563,0.012614166841849062
48,(-0.0008341208463246763-0.000727241026288259j),2,4,CA3 Spiny Lucidum,(0.07910577923031867+0.17586437243005704j),-0.003990272861963022,-0.004137972562006584,0.005748486273519134
48,(-0.0008341208463246763-0.000727241026288259j),2,5,CA3 LMR Targeting,(-0.04754484371748342-0.17723755832068278j),0.0014021404262769062,-0.0027129567459032375,0.0030538716541698126
48,(-0.0008341208463246763-0.000727241026288259j),3,1,MEC LV Superficial Pyramidal,(0.28354301395514964+0.4114872607667672j),-0.0007463975248633552,-0.002426306707932094,0.0025385179743461377
48,(-0.0008341208463246763-0.000727241026288259j),3,2,CA1 Horizontal Axo Axonic,(-0.19404942371856568+0.09510364922572863j),0.00742963209336801,-0.005164170579066362,0.009048098740204956
48,(-0.0008341208463246763-0.000727241026288259j),3,3,MEC LIII Superficial Trilayered Interneuron,(0.17871714283157136+0.1006073578904332j),0.012835409658012858,0.004548857308452705,0.013617629892961306
48,(-0.0008341208463246763-0.000727241026288259j),3,4,CA3 Spiny Lucidum,(0.07910577923031867+0.17586437243005704j),0.0006135964469138933,0.0010314222022247393,0.0012001384748884128
48,(-0.0008341208463246763-0.000727241026288259j),3,5,CA3 LMR Targeting,(-0.04754484371748342-0.17723755832068278j),0.005056059176107663,0.0033997067575624595,0.006092761314028177
48,(-0.0008341208463246763-0.000727241026288259j),4,1,MEC LV Superficial Pyramidal,(0.28354301395514964+0.4114872607667672j),0.00038157687563973087,-0.0011961819008983817,0.0012555684179127175
48,(-0.0008341208463246763-0.000727241026288259j),4,2,CA1 Horizontal Axo Axonic,(-0.19404942371856568+0.09510364922572863j),0.0051208381509705875,-0.004901029040225719,0.0070882345489953775
48,(-0.0008341208463246763-0.000727241026288259j),4,3,MEC LIII Superficial Trilayered Interneuron,(0.17871714283157136+0.1006073578904332j),0.011540188640329439,0.0037719698063704127,0.01214099296081497
48,(-0.0008341208463246763-0.000727241026288259j),4,4,CA3 Spiny Lucidum,(0.07910577923031867+0.17586437243005704j),-0.00046632097870930364,-0.0010424021854230942,0.0011419534015708547
48,(-0.0008341208463246763-0.000727241026288259j),4,5,CA3 LMR Targeting,(-0.04754484371748342-0.17723755832068278j),0.003466152496917638,0.00031435281472815604,0.003480377971430099
48,(-0.0008341208463246763-0.000727241026288259j),5,1,MEC LV Superficial Pyramidal,(0.28354301395514964+0.4114872607667672j),0.001169900033068839,0.00012050406413839175,0.0011760898421669752
48,(-0.0008341208463246763-0.000727241026288259j),5,2,CA1 Horizontal Axo Axonic,(-0.19404942371856568+0.09510364922572863j),0.008929459337429174,0.0012611814456280446,0.009018083094405235
48,(-0.0008341208463246763-0.000727241026288259j),5,3,MEC LIII Superficial Trilayered Interneuron,(0.17871714283157136+0.1006073578904332j),0.010764771823620813,0.0032450569711449254,0.011243251627558501
48,(-0.0008341208463246763-0.000727241026288259j),5,4,CA3 Spiny Lucidum,(0.07910577923031867+0.17586437243005704j),0.00019927282462458537,7.72792634784838e-05,0.00021373287813913344
48,(-0.0008341208463246763-0.000727241026288259j),5,5,CA3 LMR Targeting,(-0.04754484371748342-0.17723755832068278j),0.003789426879548755,0.0012072285097595573,0.003977078921799629
48,(-0.0008341208463246763-0.000727241026288259j),6,1,MEC LV Superficial Pyramidal,(0.28354301395514964+0.4114872607667672j),0.0011430037839026172,0.00013150364074381225,0.0011505437225697156
48,(-0.0008341208463246763-0.000727241026288259j),6,2,CA1 Horizontal Axo Axonic,(-0.19404942371856568+0.09510364922572863j),0.008391104861321901,0.0010394105551627445,0.008455235957433936
48,(-0.0008341208463246763-0.000727241026288259j),6,3,MEC LIII Superficial Trilayered Interneuron,(0.17871714283157136+0.1006073578904332j),0.010202755181322902,0.0030604261000632058,0.01065187407003854
48,(-0.0008341208463246763-0.000727241026288259j),6,4,CA3 Spiny Lucidum,(0.07910577923031867+0.17586437243005704j),0.000142575614991077,-1.3326001301903217e-05,0.00014319702615900288
48,(-0.0008341208463246763-0.000727241026288259j),6,5,CA3 LMR Targeting,(-0.04754484371748342-0.17723755832068278j),0.0035198188091893237,0.001004405061789151,0.0036603215675225335
48,(-0.0008341208463246763-0.000727241026288259j),7,1,MEC LV Superficial Pyramidal,(0.28354301395514964+0.4114872607667672j),0.0011932558311214445,0.000297121961686931,0.0012296913997511811
48,(-0.0008341208463246763-0.000727241026288259j),7,2,CA1 Horizontal Axo Axonic,(-0.19404942371856568+0.09510364922572863j),0.00877829403900067,0.00232098665897819,0.009079946327281315
48,(-0.0008341208463246763-0.000727241026288259j),7,3,MEC LIII Superficial Trilayered Interneuron,(0.17871714283157136+0.1006073578904332j),0.009664014960392375,0.002860102359204547,0.010078361506704107
48,(-0.0008341208463246763-0.000727241026288259j),7,4,CA3 Spiny Lucidum,(0.07910577923031867+0.17586437243005704j),0.0001765801701097005,5.500919423279044e-05,0.00018495017687504824
48,(-0.0008341208463246763-0.000727241026288259j),7,5,CA3 LMR Targeting,(-0.04754484371748342-0.17723755832068278j),0.0033803027688817113,0.0010167641539424567,0.003529908802511998
48,(-0.0008341208463246763-0.000727241026288259j),8,1,MEC LV Superficial Pyramidal,(0.28354301395514964+0.4114872607667672j),0.0011544217501710237,0.0003153949622124092,0.0011967303620519104
48,(-0.0008341208463246763-0.000727241026288259j),8,2,CA1 Horizontal Axo Axonic,(-0.19404942371856568+0.09510364922572863j),0.008437618210176209,0.0023669237150446346,0.008763317233418968
48,(-0.0008341208463246763-0.000727241026288259j),8,3,MEC LIII Superficial Trilayered Interneuron,(0.17871714283157136+0.1006073578904332j),0.009176931667607082,0.002711523351502915,0.009569139653995824
48,(-0.0008341208463246763-0.000727241026288259j),8,4,CA3 Spiny Lucidum,(0.07910577923031867+0.17586437243005704j),0.00015847310505150405,3.555339088872226e-05,0.00016241234136712428
48,(-0.0008341208463246763-0.000727241026288259j),8,5,CA3 LMR Targeting,(-0.04754484371748342-0.17723755832068278j),0.0031925325358516713,0.0009334327483585512,0.0033261931225020145
48,(-0.0008341208463246763-0.000727241026288259j),9,1,MEC LV Superficial Pyramidal,(0.28354301395514964+0.4114872607667672j),0.001109707136453884,0.0003208692522805642,0.0011551653586200407
48,(-0.0008341208463246763-0.000727241026288259j),9,2,CA1 Horizontal Axo Axonic,(-0.19404942371856568+0.09510364922572863j),0.0080769931548659,0.002347513762647544,0.008411221034402214
48,(-0.0008341208463246763-0.000727241026288259j),9,3,MEC LIII Superficial Trilayered Interneuron,(0.17871714283157136+0.1006073578904332j),0.00871415072413346,0.0025694721389009478,0.009085076219575921
48,(-0.0008341208463246763-0.000727241026288259j),9,4,CA3 Spiny Lucidum,(0.07910577923031867+0.17586437243005704j),0.00015760267245327605,4.5466679875980595e-05,0.00016402994038699006
48,(-0.0008341208463246763-0.000727241026288259j),9,5,CA3 LMR Targeting,(-0.04754484371748342-0.17723755832068278j),0.003038425263938477,0.0008960036338306771,0.003167783230648426
48,(-0.0008341208463246763-0.000727241026288259j),10,1,MEC LV Superficial Pyramidal,(0.28354301395514964+0.4114872607667672j),0.0010562093272021226,0.0003078816693453807,0.0011001678350086674
48,(-0.0008341208463246763-0.000727241026288259j),10,2,CA1 Horizontal Axo Axonic,(-0.19404942371856568+0.09510364922572863j),0.007681493141216666,0.002242393632336772,0.008002103853418999
48,(-0.0008341208463246763-0.000727241026288259j),10,3,MEC LIII Superficial Trilayered Interneuron,(0.17871714283157136+0.1006073578904332j),0.008277880545409453,0.0024401323791539272,0.008630037795506097
48,(-0.0008341208463246763-0.000727241026288259j),10,4,CA3 Spiny Lucidum,(0.07910577923031867+0.17586437243005704j),0.00014974297998081507,4.321130751711771e-05,0.00015585306269327433
48,(-0.0008341208463246763-0.000727241026288259j),10,5,CA3 LMR Targeting,(-0.04754484371748342-0.17723755832068278j),0.0028856921527200814,0.0008498673867977902,0.0030082376527483267
49,(0.0009670108373188811-1.1272792367362226e-18j),0,1,MEC LIII Superficial Trilayered Interneuron,(-0.16172185726613084-0.2731330957839263j),-0.16172185726613084,-0.2731330957839263,0.31742030043794967
49,(0.0009670108373188811-1.1272792367362226e-18j),0,2,DG Hilar Ectopic Granule,(-0.15709212778524034-0.2653139155745572j),-0.15709212778524034,-0.2653139155745572,0.30833327814168476
49,(0.0009670108373188811-1.1272792367362226e-18j),0,3,DG Basket,(0.1494277439373766+0.252369487882273j),0.1494277439373766,0.252369487882273,0.2932899743806033
49,(0.0009670108373188811-1.1272792367362226e-18j),0,4,CA1 OR LM,(-0.11535043192135372-0.19481609414641957j),-0.11535043192135372,-0.19481609414641957,0.22640457743364967
49,(0.0009670108373188811-1.1272792367362226e-18j),0,5,MEC LV Pyramidal,(0.11099822798901506+0.18746562863966723j),0.11099822798901506,0.18746562863966723,0.21786226965210606
49,(0.0009670108373188811-1.1272792367362226e-18j),1,1,MEC LIII Superficial Trilayered Interneuron,(-0.16172185726613084-0.2731330957839263j),-0.032909174324638225,-0.05558051839702547,0.06459262945577858
49,(0.0009670108373188811-1.1272792367362226e-18j),1,2,DG Hilar Ectopic Granule,(-0.15709212778524034-0.2653139155745572j),0.04153246086744824,0.07014444308281317,0.08151802378065931
49,(0.0009670108373188811-1.1272792367362226e-18j),1,3,DG Basket,(0.1494277439373766+0.252369487882273j),0.06987388809737771,0.11801046372532217,0.13714528714655289
49,(0.0009670108373188811-1.1272792367362226e-18j),1,4,CA1 OR LM,(-0.11535043192135372-0.19481609414641957j),0.08708027125479244,0.14707043606595402,0.17091719283453638
49,(0.0009670108373188811-1.1272792367362226e-18j),1,5,MEC LV Pyramidal,(0.11099822798901506+0.18746562863966723j),-0.00230873654185889,-0.0038992401502641453,0.004531482998880886
49,(0.0009670108373188811-1.1272792367362226e-18j),2,1,MEC LIII Superficial Trilayered Interneuron,(-0.16172185726613084-0.2731330957839263j),-0.020268605021690728,-0.03423177874890383,0.039782295381729935
49,(0.0009670108373188811-1.1272792367362226e-18j),2,2,DG Hilar Ectopic Granule,(-0.15709212778524034-0.2653139155745572j),0.039678188684203204,0.06701275074142292,0.07787854273926362
49,(0.0009670108373188811-1.1272792367362226e-18j),2,3,DG Basket,(0.1494277439373766+0.252369487882273j),0.04788516956189494,0.08087357408377818,0.09398683125340372
49,(0.0009670108373188811-1.1272792367362226e-18j),2,4,CA1 OR LM,(-0.11535043192135372-0.19481609414641957j),0.0665506958847595,0.11239790279966023,0.13062267673152167
49,(0.0009670108373188811-1.1272792367362226e-18j),2,5,MEC LV Pyramidal,(0.11099822798901506+0.18746562863966723j),-0.0004222557176226702,-0.0007131504257766438,0.0008287843029705887
49,(0.0009670108373188811-1.1272792367362226e-18j),3,1,MEC LIII Superficial Trilayered Interneuron,(-0.16172185726613084-0.2731330957839263j),-0.02123617306393449,-0.035865910703774595,0.04168139389478847
49,(0.0009670108373188811-1.1272792367362226e-18j),3,2,DG Hilar Ectopic Granule,(-0.15709212778524034-0.2653139155745572j),-0.00655171674769098,-0.011065236995463442,0.012859411421513324
49,(0.0009670108373188811-1.1272792367362226e-18j),3,3,DG Basket,(0.1494277439373766+0.252369487882273j),-0.014260187184195717,-0.024084122813826804,0.027989246332114633
49,(0.0009670108373188811-1.1272792367362226e-18j),3,4,CA1 OR LM,(-0.11535043192135372-0.19481609414641957j),0.046617275795745296,0.0787322200619551,0.09149826707922236
49,(0.0009670108373188811-1.1272792367362226e-18j),3,5,MEC LV Pyramidal,(0.11099822798901506+0.18746562863966723j),-0.002042524974910497,-0.0034496337047083795,0.004008975052278722
49,(0.0009670108373188811-1.1272792367362226e-18j),4,1,MEC LIII Superficial Trilayered Interneuron,(-0.16172185726613084-0.2731330957839263j),-0.019752263326108455,-0.03335972590347661,0.03876884340367942
49,(0.0009670108373188811-1.1272792367362226e-18j),4,2,DG Hilar Ectopic Granule,(-0.15709212778524034-0.2653139155745572j),-0.005749709132144227,-0.009710721121235551,0.011285267378253513
49,(0.0009670108373188811-1.1272792367362226e-18j),4,3,DG Basket,(0.1494277439373766+0.252369487882273j),-0.010540489325018713,-0.01780190092475957,0.02068839268154462
49,(0.0009670108373188811-1.1272792367362226e-18j),4,4,CA1 OR LM,(-0.11535043192135372-0.19481609414641957j),-0.020191719383600544,-0.034101926095045504,0.03963138775084738
49,(0.0009670108373188811-1.1272792367362226e-18j),4,5,MEC LV Pyramidal,(0.11099822798901506+0.18746562863966723j),-0.0021453491963179354,-0.003623294200508704,0.004210793753864231
49,(0.0009670108373188811-1.1272792367362226e-18j),5,1,MEC LIII Superficial Trilayered Interneuron,(-0.16172185726613084-0.2731330957839263j),-0.018675702424173726,-0.03154151519951786,0.03665581866658695
49,(0.0009670108373188811-1.1272792367362226e-18j),5,2,DG Hilar Ectopic Granule,(-0.15709212778524034-0.2653139155745572j),-0.00532470324602282,-0.00899292591800763,0.010451085169731388
49,(0.0009670108373188811-1.1272792367362226e-18j),5,3,DG Basket,(0.1494277439373766+0.252369487882273j),-0.00991522770442619,-0.016745892510100547,0.019461157632331697
49,(0.0009670108373188811-1.1272792367362226e-18j),5,4,CA1 OR LM,(-0.11535043192135372-0.19481609414641957j),-0.027450084701091223,-0.04636062645262601,0.05387777682103271
49,(0.0009670108373188811-1.1272792367362226e-18j),5,5,MEC LV Pyramidal,(0.11099822798901506+0.18746562863966723j),-0.0038232210424279985,-0.006457062866067506,0.00750404424264757
49,(0.0009670108373188811-1.1272792367362226e-18j),6,1,MEC LIII Superficial Trilayered Interneuron,(-0.16172185726613084-0.2731330957839263j),-0.017689494958642665,-0.02987590300151762,0.03472013554190038
49,(0.0009670108373188811-1.1272792367362226e-18j),6,2,DG Hilar Ectopic Granule,(-0.15709212778524034-0.2653139155745572j),-0.00536749471508355,-0.009065196708210536,0.010535074317488274
49,(0.0009670108373188811-1.1272792367362226e-18j),6,3,DG Basket,(0.1494277439373766+0.252369487882273j),-0.009995385771121596,-0.016881271989898108,0.019618488237131283
49,(0.0009670108373188811-1.1272792367362226e-18j),6,4,CA1 OR LM,(-0.11535043192135372-0.19481609414641957j),-0.03033949878273428,-0.05124057667371535,0.05954898726462471
49,(0.0009670108373188811-1.1272792367362226e-18j),6,5,MEC LV Pyramidal,(0.11099822798901506+0.18746562863966723j),-0.0038962954706839147,-0.006580478742867223,0.0076474714043400895
49,(0.0009670108373188811-1.1272792367362226e-18j),7,1,MEC LIII Superficial Trilayered Interneuron,(-0.16172185726613084-0.2731330957839263j),-0.016783520525718514,-0.02834579689373,0.03294193016169222
49,(0.0009670108373188811-1.1272792367362226e-18j),7,2,DG Hilar Ectopic Granule,(-0.15709212778524034-0.2653139155745572j),-0.005756201725522129,-0.009721686504387516,0.011298010745015881
49,(0.0009670108373188811-1.1272792367362226e-18j),7,3,DG Basket,(0.1494277439373766+0.252369487882273j),-0.01039858811094961,-0.01756224304208754,0.020409875437408596
49,(0.0009670108373188811-1.1272792367362226e-18j),7,4,CA1 OR LM,(-0.11535043192135372-0.19481609414641957j),-0.029286934806694913,-0.04946289453385979,0.057483062601424904
49,(0.0009670108373188811-1.1272792367362226e-18j),7,5,MEC LV Pyramidal,(0.11099822798901506+0.18746562863966723j),-0.0038322812372307753,-0.0064723646879530595,0.007521827180618599
49,(0.0009670108373188811-1.1272792367362226e-18j),8,1,MEC LIII Superficial Trilayered Interneuron,(-0.16172185726613084-0.2731330957839263j),-0.01593876736542073,-0.026919087791164538,0.03128388710882049
49,(0.0009670108373188811-1.1272792367362226e-18j),8,2,DG Hilar Ectopic Granule,(-0.15709212778524034-0.2653139155745572j),-0.005558939916625975,-0.009388529753317812,0.01091083424517078
49,(0.0009670108373188811-1.1272792367362226e-18j),8,3,DG Basket,(0.1494277439373766+0.252369487882273j),-0.009970503783460101,-0.016839248639225986,0.019569651004288924
49,(0.0009670108373188811-1.1272792367362226e-18j),8,4,CA1 OR LM,(-0.11535043192135372-0.19481609414641957j),-0.028687110982512858,-0.048449848178881365,0.05630575570116845
49,(0.0009670108373188811-1.1272792367362226e-18j),8,5,MEC LV Pyramidal,(0.11099822798901506+0.18746562863966723j),-0.003660901033650433,-0.006182919548308474,0.007185449917648712
49,(0.0009670108373188811-1.1272792367362226e-18j),9,1,MEC LIII Superficial Trilayered Interneuron,(-0.16172185726613084-0.2731330957839263j),-0.015138915414954634,-0.0255682126337014,0.029713974106862898
49,(0.0009670108373188811-1.1272792367362226e-18j),9,2,DG Hilar Ectopic Granule,(-0.15709212778524034-0.2653139155745572j),-0.005307902621707547,-0.008964551234412609,0.0104181096690301
49,(0.0009670108373188811-1.1272792367362226e-18j),9,3,DG Basket,(0.1494277439373766+0.252369487882273j),-0.009505628875842104,-0.01605411838647961,0.018657215695069455
49,(0.0009670108373188811-1.1272792367362226e-18j),9,4,CA1 OR LM,(-0.11535043192135372-0.19481609414641957j),-0.027436771096370122,-0.046338141019086065,0.053851645483674104
49,(0.0009670108373188811-1.1272792367362226e-18j),9,5,MEC LV Pyramidal,(0.11099822798901506+0.18746562863966723j),-0.003504205555401009,-0.00591827553671282,0.006877895165161847
49,(0.0009670108373188811-1.1272792367362226e-18j),10,1,MEC LIII Superficial Trilayered Interneuron,(-0.16172185726613084-0.2731330957839263j),-0.014381057519660043,-0.024288261508941145,0.028226485124975848
49,(0.0009670108373188811-1.1272792367362226e-18j),10,2,DG Hilar Ectopic Granule,(-0.15709212778524034-0.2653139155745572j),-0.005049949309903673,-0.00852889220964167,0.009911810649739176
49,(0.0009670108373188811-1.1272792367362226e-18j),10,3,DG Basket,(0.1494277439373766+0.252369487882273j),-0.009040882116219291,-0.015269204563715156,0.017745031908902097
49,(0.0009670108373188811-1.1272792367362226e-18j),10,4,CA1 OR LM,(-0.11535043192135372-0.19481609414641957j),-0.026147463499780567,-0.044160621039861916,0.05132105121778637
49,(0.0009670108373188811-1.1272792367362226e-18j),10,5,MEC LV Pyramidal,(0.11099822798901506+0.18746562863966723j),-0.0033351227609345548,-0.005632710506251779,0.006546027152230801
50,(-0.0010342261471243297-5.343808139392214e-19j),0,1,MEC LV Superficial Pyramidal,(-0.5193065585052576-0.09423739784108481j),-0.5193065585052576,-0.09423739784108481,0.5277878256064964
50,(-0.0010342261471243297-5.343808139392214e-19j),0,2,CA3 Spiny Lucidum,(0.3219869092240667+0.058430243114024165j),0.3219869092240667,0.058430243114024165,0.327245569904363
50,(-0.0010342261471243297-5.343808139392214e-19j),0,3,CA3 Mossy Fiber Associated,(0.2675690416210166+0.0485551545849427j),0.2675690416210166,0.0485551545849427,0.2719389546768851
50,(-0.0010342261471243297-5.343808139392214e-19j),0,4,CA1 Neurogliaform Projecting,(0.2549447939657194+0.046264260643296855j),0.2549447939657194,0.046264260643296855,0.2591085289663272
50,(-0.0010342261471243297-5.343808139392214e-19j),0,5,CA3 LMR Targeting,(-0.24006241841394588-0.04356358929084999j),-0.24006241841394588,-0.04356358929084999,0.2439830958215226
50,(-0.0010342261471243297-5.343808139392214e-19j),1,1,MEC LV Superficial Pyramidal,(-0.5193065585052576-0.09423739784108481j),0.0013768058331040433,0.0002498458702649145,0.0013992916997387468
50,(-0.0010342261471243297-5.343808139392214e-19j),1,2,CA3 Spiny Lucidum,(0.3219869092240667+0.058430243114024165j),-0.0006127516271620247,-0.00011119466511809394,0.000622759030557112
50,(-0.0010342261471243297-5.343808139392214e-19j),1,3,CA3 Mossy Fiber Associated,(0.2675690416210166+0.0485551545849427j),0.01890873379493138,0.003431325563137944,0.019217549501635844
50,(-0.0010342261471243297-5.343808139392214e-19j),1,4,CA1 Neurogliaform Projecting,(0.2549447939657194+0.046264260643296855j),0.0020941560288455395,0.00038002180330562127,0.0021283575931073653
50,(-0.0010342261471243297-5.343808139392214e-19j),1,5,CA3 LMR Targeting,(-0.24006241841394588-0.04356358929084999j),-0.0014905473784924531,-0.00027048629370726333,0.0015148908616181617
50,(-0.0010342261471243297-5.343808139392214e-19j),2,1,MEC LV Superficial Pyramidal,(-0.5193065585052576-0.09423739784108481j),-0.02386363394192593,-0.004330480193033344,0.02425337262354441
50,(-0.0010342261471243297-5.343808139392214e-19j),2,2,CA3 Spiny Lucidum,(0.3219869092240667+0.058430243114024165j),-0.004625605900181081,-0.0008393983405989615,0.004701150871647315
50,(-0.0010342261471243297-5.343808139392214e-19j),2,3,CA3 Mossy Fiber Associated,(0.2675690416210166+0.0485551545849427j),-0.05553986616112181,-0.01007869509395685,0.056446938163130456
50,(-0.0010342261471243297-5.343808139392214e-19j),2,4,CA1 Neurogliaform Projecting,(0.2549447939657194+0.046264260643296855j),0.011695289671934327,0.002122318017421386,0.011886296070581667
50,(-0.0010342261471243297-5.343808139392214e-19j),2,5,CA3 LMR Targeting,(-0.24006241841394588-0.04356358929084999j),0.009597759604248303,0.0017416839348457615,0.009754509334140819
50,(-0.0010342261471243297-5.343808139392214e-19j),3,1,MEC LV Superficial Pyramidal,(-0.5193065585052576-0.09423739784108481j),-0.0023791305279918513,-0.0004317354872766477,0.0024179862696460433
50,(-0.0010342261471243297-5.343808139392214e-19j),3,2,CA3 Spiny Lucidum,(0.3219869092240667+0.058430243114024165j),0.001637619391226423,0.0002971751223929444,0.0016643648409799042
50,(-0.0010342261471243297-5.343808139392214e-19j),3,3,CA3 Mossy Fiber Associated,(0.2675690416210166+0.0485551545849427j),0.013523773101668416,0.002454128809315637,0.013744642124046854
50,(-0.0010342261471243297-5.343808139392214e-19j),3,4,CA1 Neurogliaform Projecting,(0.2549447939657194+0.046264260643296855j),0.005579394187245673,0.0010124801644121242,0.005670516341568799
50,(-0.0010342261471243297-5.343808139392214e-19j),3,5,CA3 LMR Targeting,(-0.24006241841394588-0.04356358929084999j),0.019012656833084868,0.0034501842440668247,0.019323169801320268
50,(-0.0010342261471243297-5.343808139392214e-19j),4,1,MEC LV Superficial Pyramidal,(-0.5193065585052576-0.09423739784108481j),0.001491439302513493,0.00027064814916132686,0.0015157973524605412
50,(-0.0010342261471243297-5.343808139392214e-19j),4,2,CA3 Spiny Lucidum,(0.3219869092240667+0.058430243114024165j),-0.001188620191305428,-0.0002156962434142958,0.0012080326272919915
50,(-0.0010342261471243297-5.343808139392214e-19j),4,3,CA3 Mossy Fiber Associated,(0.2675690416210166+0.0485551545849427j),-0.007012742047647819,-0.0012725865897077054,0.007127273507811498
50,(-0.0010342261471243297-5.343808139392214e-19j),4,4,CA1 Neurogliaform Projecting,(0.2549447939657194+0.046264260643296855j),0.0036551752986213664,0.0006632964732557013,0.0037148712864761876
50,(-0.0010342261471243297-5.343808139392214e-19j),4,5,CA3 LMR Targeting,(-0.24006241841394588-0.04356358929084999j),0.012554218095408007,0.0022781858342902886,0.012759252434317254
50,(-0.0010342261471243297-5.343808139392214e-19j),5,1,MEC LV Superficial Pyramidal,(-0.5193065585052576-0.09423739784108481j),0.0039776282111329275,0.0007218112809423687,0.004042590470391009
50,(-0.0010342261471243297-5.343808139392214e-19j),5,2,CA3 Spiny Lucidum,(0.3219869092240667+0.058430243114024165j),0.0005610183319097845,0.0001018067399196705,0.0005701808318699503
50,(-0.0010342261471243297-5.343808139392214e-19j),5,3,CA3 Mossy Fiber Associated,(0.2675690416210166+0.0485551545849427j),0.008329560975607758,0.001511546770676831,0.008465598601771243
50,(-0.0010342261471243297-5.343808139392214e-19j),5,4,CA1 Neurogliaform Projecting,(0.2549447939657194+0.046264260643296855j),0.003675654390087726,0.0006670127681076065,0.0037356848405867625
50,(-0.0010342261471243297-5.343808139392214e-19j),5,5,CA3 LMR Targeting,(-0.24006241841394588-0.04356358929084999j),0.013301946926986538,0.002413874510323047,0.013519193104618113
50,(-0.0010342261471243297-5.343808139392214e-19j),6,1,MEC LV Superficial Pyramidal,(-0.5193065585052576-0.09423739784108481j),0.0040726423280550185,0.000739053279893202,0.004139156349159368
50,(-0.0010342261471243297-5.343808139392214e-19j),6,2,CA3 Spiny Lucidum,(0.3219869092240667+0.058430243114024165j),0.0005252579189884985,9.531737789596648e-05,0.0005338363831635031
50,(-0.0010342261471243297-5.343808139392214e-19j),6,3,CA3 Mossy Fiber Associated,(0.2675690416210166+0.0485551545849427j),0.008222777420904447,0.0014921689982172954,0.008357071067842895
50,(-0.0010342261471243297-5.343808139392214e-19j),6,4,CA1 Neurogliaform Projecting,(0.2549447939657194+0.046264260643296855j),0.0033306597974974575,0.0006044073722340584,0.0033850558279409047
50,(-0.0010342261471243297-5.343808139392214e-19j),6,5,CA3 LMR Targeting,(-0.24006241841394588-0.04356358929084999j),0.01248983410493809,0.0022665022157702715,0.012693816930417982
50,(-0.0010342261471243297-5.343808139392214e-19j),7,1,MEC LV Superficial Pyramidal,(-0.5193065585052576-0.09423739784108481j),0.0042046404519893955,0.0007630066837463829,0.004273310254351683
50,(-0.0010342261471243297-5.343808139392214e-19j),7,2,CA3 Spiny Lucidum,(0.3219869092240667+0.058430243114024165j),0.0006119746445916652,0.00011105366783165144,0.0006219693583786566
50,(-0.0010342261471243297-5.343808139392214e-19j),7,3,CA3 Mossy Fiber Associated,(0.2675690416210166+0.0485551545849427j),0.008935918619887243,0.0016215811340448217,0.009081859223503611
50,(-0.0010342261471243297-5.343808139392214e-19j),7,4,CA1 Neurogliaform Projecting,(0.2549447939657194+0.046264260643296855j),0.0031376574283770754,0.0005693836646663727,0.0031889013618233396
50,(-0.0010342261471243297-5.343808139392214e-19j),7,5,CA3 LMR Targeting,(-0.24006241841394588-0.04356358929084999j),0.011954252162040659,0.002169311360383037,0.012149487912333617
50,(-0.0010342261471243297-5.343808139392214e-19j),8,1,MEC LV Superficial Pyramidal,(-0.5193065585052576-0.09423739784108481j),0.004085397596457557,0.0007413679498763443,0.004152119935435998
50,(-0.0010342261471243297-5.343808139392214e-19j),8,2,CA3 Spiny Lucidum,(0.3219869092240667+0.058430243114024165j),0.0005654776576439031,0.00010261596377102908,0.0005747129869031084
50,(-0.0010342261471243297-5.343808139392214e-19j),8,3,CA3 Mossy Fiber Associated,(0.2675690416210166+0.0485551545849427j),0.008410299588894764,0.001526198225962448,0.008547655830687988
50,(-0.0010342261471243297-5.343808139392214e-19j),8,4,CA1 Neurogliaform Projecting,(0.2549447939657194+0.046264260643296855j),0.0029540073602021804,0.0005360570982005946,0.003002251937572844
50,(-0.0010342261471243297-5.343808139392214e-19j),8,5,CA3 LMR Targeting,(-0.24006241841394588-0.04356358929084999j),0.011310017429503726,0.0020524035266597856,0.011494731597211115
50,(-0.0010342261471243297-5.343808139392214e-19j),9,1,MEC LV Superficial Pyramidal,(-0.5193065585052576-0.09423739784108481j),0.003926118744201385,0.0007124639733678628,0.003990239755568151
50,(-0.0010342261471243297-5.343808139392214e-19j),9,2,CA3 Spiny Lucidum,(0.3219869092240667+0.058430243114024165j),0.0005563022450443639,0.0001009509222010021,0.0005653877223062349
50,(-0.0010342261471243297-5.343808139392214e-19j),9,3,CA3 Mossy Fiber Associated,(0.2675690416210166+0.0485551545849427j),0.008167421645617054,0.0014821237096818026,0.008300811227108766
50,(-0.0010342261471243297-5.343808139392214e-19j),9,4,CA1 Neurogliaform Projecting,(0.2549447939657194+0.046264260643296855j),0.0028062573280970087,0.0005092452308584896,0.002852088865489692
50,(-0.0010342261471243297-5.343808139392214e-19j),9,5,CA3 LMR Targeting,(-0.24006241841394588-0.04356358929084999j),0.010756651883665539,0.0019519855206850457,0.010932328536013242
50,(-0.0010342261471243297-5.343808139392214e-19j),10,1,MEC LV Superficial Pyramidal,(-0.5193065585052576-0.09423739784108481j),0.003739566337812236,0.0006786107260880519,0.0038006405923817856
50,(-0.0010342261471243297-5.343808139392214e-19j),10,2,CA3 Spiny Lucidum,(0.3219869092240667+0.058430243114024165j),0.0005303123311605458,9.623459075012537e-05,0.000538973343531734
50,(-0.0010342261471243297-5.343808139392214e-19j),10,3,CA3 Mossy Fiber Associated,(0.2675690416210166+0.0485551545849427j),0.007781251622709315,0.0014120463007081792,0.007908334310792634
50,(-0.0010342261471243297-5.343808139392214e-19j),10,4,CA1 Neurogliaform Projecting,(0.2549447939657194+0.046264260643296855j),0.0026637835844769094,0.0004833908397680291,0.0027072882537513975
50,(-0.0010342261471243297-5.343808139392214e-19j),10,5,CA3 LMR Targeting,(-0.24006241841394588-0.04356358929084999j),0.010217656798922678,0.0018541752900931127,0.010384530632963759
51,(0.0006584436373322507-8.491328336939437e-20j),0,1,EC LIII V Bipolar Pyramidal,(-0.35235632427549557+0.024590373050903058j),-0.35235632427549557,0.024590373050903058,0.353213343043154
51,(0.0006584436373322507-8.491328336939437e-20j),0,2,CA1 Axo Axonic,(-0.34899065548133373+0.024355488516378747j),-0.34899065548133373,0.024355488516378747,0.34983948810013205
51,(0.0006584436373322507-8.491328336939437e-20j),0,3,CA1 O LMR,(0.24687510032714807-0.017229010509478546j),0.24687510032714807,-0.017229010509478546,0.24747556235853907
51,(0.0006584436373322507-8.491328336939437e-20j),0,4,MEC LIII Bipolar Complex Pyramidal,(-0.24399567652881943+0.017028060219972056j),-0.24399567652881943,0.017028060219972056,0.24458913508087657
51,(0.0006584436373322507-8.491328336939437e-20j),0,5,CA1 OR LM,(0.22934737627128962-0.01600577924166148j),0.22934737627128962,-0.01600577924166148,0.22990520649097382
51,(0.0006584436373322507-8.491328336939437e-20j),1,1,EC LIII V Bipolar Pyramidal,(-0.35235632427549557+0.024590373050903058j),0.04427321152194991,-0.0030897552065362022,0.044380895052980124
51,(0.0006584436373322507-8.491328336939437e-20j),1,2,CA1 Axo Axonic,(-0.34899065548133373+0.024355488516378747j),0.8752272142215817,-0.061080679469184135,0.8773559858566463
51,(0.0006584436373322507-8.491328336939437e-20j),1,3,CA1 O LMR,(0.24687510032714807-0.017229010509478546j),0.014385919345919797,-0.0010039698425272862,0.014420909502247552
51,(0.0006584436373322507-8.491328336939437e-20j),1,4,MEC LIII Bipolar Complex Pyramidal,(-0.24399567652881943+0.017028060219972056j),0.09022270669088632,-0.006296495514173052,0.09044215089431312
51,(0.0006584436373322507-8.491328336939437e-20j),1,5,CA1 OR LM,(0.22934737627128962-0.01600577924166148j),1.953812411302143,-0.13635338081186152,1.9585645720826053
51,(0.0006584436373322507-8.491328336939437e-20j),2,1,EC LIII V Bipolar Pyramidal,(-0.35235632427549557+0.024590373050903058j),0.1210525454028552,-0.008448059663291804,0.12134697549005849
51,(0.0006584436373322507-8.491328336939437e-20j),2,2,CA1 Axo Axonic,(-0.34899065548133373+0.024355488516378747j),0.03423433308927329,-0.0023891582577527555,0.03431759955544531
51,(0.0006584436373322507-8.491328336939437e-20j),2,3,CA1 O LMR,(0.24687510032714807-0.017229010509478546j),0.027469012791255923,-0.001917017590831956,0.02753582430525262
51,(0.0006584436373322507-8.491328336939437e-20j),2,4,MEC LIII Bipolar Complex Pyramidal,(-0.24399567652881943+0.017028060219972056j),0.07155110496621206,-0.004993434889926343,0.07172513516115413
51,(0.0006584436373322507-8.491328336939437e-20j),2,5,CA1 OR LM,(0.22934737627128962-0.01600577924166148j),0.14997008018526614,-0.01046616724082513,0.1503348449544818
51,(0.0006584436373322507-8.491328336939437e-20j),3,1,EC LIII V Bipolar Pyramidal,(-0.35235632427549557+0.024590373050903058j),0.032421134958223935,-0.0022626181181668622,0.032499991272737706
51,(0.0006584436373322507-8.491328336939437e-20j),3,2,CA1 Axo Axonic,(-0.34899065548133373+0.024355488516378747j),0.07464144309997077,-0.005209104546824724,0.07482298977069764
51,(0.0006584436373322507-8.491328336939437e-20j),3,3,CA1 O LMR,(0.24687510032714807-0.017229010509478546j),0.029659995262322186,-0.0020699226832048695,0.029732135794043126
51,(0.0006584436373322507-8.491328336939437e-20j),3,4,MEC LIII Bipolar Complex Pyramidal,(-0.24399567652881943+0.017028060219972056j),0.07267376493947197,-0.0050717834979967765,0.07285052572444607
51,(0.0006584436373322507-8.491328336939437e-20j),3,5,CA1 OR LM,(0.22934737627128962-0.01600577924166148j),0.14083864749795635,-0.009828899450237816,0.1411812023374801
51,(0.0006584436373322507-8.491328336939437e-20j),4,1,EC LIII V Bipolar Pyramidal,(-0.35235632427549557+0.024590373050903058j),0.028328182930608174,-0.0019769776732408515,0.028397084161415113
51,(0.0006584436373322507-8.491328336939437e-20j),4,2,CA1 Axo Axonic,(-0.34899065548133373+0.024355488516378747j),0.06399440111646448,-0.00446606485596249,0.06415005151636757
51,(0.0006584436373322507-8.491328336939437e-20j),4,3,CA1 O LMR,(0.24687510032714807-0.017229010509478546j),0.024738652928794694,-0.0017264702302326894,0.024798823524256993
51,(0.0006584436373322507-8.491328336939437e-20j),4,4,MEC LIII Bipolar Complex Pyramidal,(-0.24399567652881943+0.017028060219972056j),0.0681722868229245,-0.0047576326837777,0.0683380988864984
51,(0.0006584436373322507-8.491328336939437e-20j),4,5,CA1 OR LM,(0.22934737627128962-0.01600577924166148j),0.11500151974409253,-0.008025768453972055,0.11528123222245536
51,(0.0006584436373322507-8.491328336939437e-20j),5,1,EC LIII V Bipolar Pyramidal,(-0.35235632427549557+0.024590373050903058j),0.025636475015730128,-0.0017891277690082058,0.02569882933921293
51,(0.0006584436373322507-8.491328336939437e-20j),5,2,CA1 Axo Axonic,(-0.34899065548133373+0.024355488516378747j),0.07171799798598505,-0.005005082081513616,0.07189243410652087
51,(0.0006584436373322507-8.491328336939437e-20j),5,3,CA1 O LMR,(0.24687510032714807-0.017229010509478546j),0.026176915396255458,-0.0018268442215118453,0.02624058420600401
51,(0.0006584436373322507-8.491328336939437e-20j),5,4,MEC LIII Bipolar Complex Pyramidal,(-0.24399567652881943+0.017028060219972056j),0.06517586639065927,-0.004548517390052652,0.06533439040980392
51,(0.0006584436373322507-8.491328336939437e-20j),5,5,CA1 OR LM,(0.22934737627128962-0.01600577924166148j),0.1416881445215548,-0.009888184461678993,0.1420327655504503
51,(0.0006584436373322507-8.491328336939437e-20j),6,1,EC LIII V Bipolar Pyramidal,(-0.35235632427549557+0.024590373050903058j),0.025629820417677897,-0.0017886633554662125,0.025692158555512736
51,(0.0006584436373322507-8.491328336939437e-20j),6,2,CA1 Axo Axonic,(-0.34899065548133373+0.024355488516378747j),0.06300149354138118,-0.004396771456088098,0.06315472894155881
51,(0.0006584436373322507-8.491328336939437e-20j),6,3,CA1 O LMR,(0.24687510032714807-0.017229010509478546j),0.02519268021230952,-0.0017581560536669369,0.025253955115758345
51,(0.0006584436373322507-8.491328336939437e-20j),6,4,MEC LIII Bipolar Complex Pyramidal,(-0.24399567652881943+0.017028060219972056j),0.06182892417942678,-0.004314939753200946,0.061979307597447866
51,(0.0006584436373322507-8.491328336939437e-20j),6,5,CA1 OR LM,(0.22934737627128962-0.01600577924166148j),0.12520974705224183,-0.008738183984506825,0.12551428849431234
51,(0.0006584436373322507-8.491328336939437e-20j),7,1,EC LIII V Bipolar Pyramidal,(-0.35235632427549557+0.024590373050903058j),0.023892997922386618,-0.0016674533469039183,0.023951111673224525
51,(0.0006584436373322507-8.491328336939437e-20j),7,2,CA1 Axo Axonic,(-0.34899065548133373+0.024355488516378747j),0.05983042987524433,-0.004175468095977259,0.05997595245493858
51,(0.0006584436373322507-8.491328336939437e-20j),7,3,CA1 O LMR,(0.24687510032714807-0.017229010509478546j),0.02364846080347802,-0.00165038750030355,0.023705979778840494
51,(0.0006584436373322507-8.491328336939437e-20j),7,4,MEC LIII Bipolar Complex Pyramidal,(-0.24399567652881943+0.017028060219972056j),0.058773391458178774,-0.0041016991092612635,0.0589163430558893
51,(0.0006584436373322507-8.491328336939437e-20j),7,5,CA1 OR LM,(0.22934737627128962-0.01600577924166148j),0.11810896300943773,-0.008242631850100041,0.11839623356754643
51,(0.0006584436373322507-8.491328336939437e-20j),8,1,EC LIII V Bipolar Pyramidal,(-0.35235632427549557+0.024590373050903058j),0.022651868440774138,-0.0015808369451121268,0.022706963454085415
51,(0.0006584436373322507-8.491328336939437e-20j),8,2,CA1 Axo Axonic,(-0.34899065548133373+0.024355488516378747j),0.05673336376866819,-0.003959328904831453,0.05687135350846387
51,(0.0006584436373322507-8.491328336939437e-20j),8,3,CA1 O LMR,(0.24687510032714807-0.017229010509478546j),0.02240650084074899,-0.0015637131405894478,0.022460999058646906
51,(0.0006584436373322507-8.491328336939437e-20j),8,4,MEC LIII Bipolar Complex Pyramidal,(-0.24399567652881943+0.017028060219972056j),0.05582754425070279,-0.0038961132383910743,0.055963330810724125
51,(0.0006584436373322507-8.491328336939437e-20j),8,5,CA1 OR LM,(0.22934737627128962-0.01600577924166148j),0.11176802462426268,-0.007800108104556776,0.11203987243322155
51,(0.0006584436373322507-8.491328336939437e-20j),9,1,EC LIII V Bipolar Pyramidal,(-0.35235632427549557+0.024590373050903058j),0.021499343282203966,-0.0015004040944798412,0.021551635065877962
51,(0.0006584436373322507-8.491328336939437e-20j),9,2,CA1 Axo Axonic,(-0.34899065548133373+0.024355488516378747j),0.0540148440183045,-0.0037696078463400375,0.054146221637681735
51,(0.0006584436373322507-8.491328336939437e-20j),9,3,CA1 O LMR,(0.24687510032714807-0.017229010509478546j),0.021301631903425402,-0.0014866061398934724,0.02135344280354341
51,(0.0006584436373322507-8.491328336939437e-20j),9,4,MEC LIII Bipolar Complex Pyramidal,(-0.24399567652881943+0.017028060219972056j),0.05303919450850943,-0.0037015188586877745,0.05316819910409527
51,(0.0006584436373322507-8.491328336939437e-20j),9,5,CA1 OR LM,(0.22934737627128962-0.01600577924166148j),0.10646910837072092,-0.007430305383666188,0.10672806788914925
51,(0.0006584436373322507-8.491328336939437e-20j),10,1,EC LIII V Bipolar Pyramidal,(-0.35235632427549557+0.024590373050903058j),0.020436631175122226,-0.0014262391501934455,0.020486338176978387
51,(0.0006584436373322507-8.491328336939437e-20j),10,2,CA1 Axo Axonic,(-0.34899065548133373+0.024355488516378747j),0.05127057046997432,-0.0035780894723022767,0.05139527332925083
51,(0.0006584436373322507-8.491328336939437e-20j),10,3,CA1 O LMR,(0.24687510032714807-0.017229010509478546j),0.02024064505972119,-0.0014125615989236673,0.020289875374293692
51,(0.0006584436373322507-8.491328336939437e-20j),10,4,MEC LIII Bipolar Complex Pyramidal,(-0.24399567652881943+0.017028060219972056j),0.05038662304882283,-0.0035164002238172606,0.05050917592673856
51,(0.0006584436373322507-8.491328336939437e-20j),10,5,CA1 OR LM,(0.22934737627128962-0.01600577924166148j),0.10106926732465692,-0.0070534592861502205,0.10131509307820005
52,(-0.0006428689983597692+0.00038942603719045363j),0,1,CA1 Axo Axonic,(-0.2519353031296182+0.23468694931462353j),-0.2519353031296182,0.23468694931462353,0.3443099782777393
52,(-0.0006428689983597692+0.00038942603719045363j),0,2,CA1 Radiatum,(-0.2199532959060886+0.2590749388017705j),-0.2199532959060886,0.2590749388017705,0.3398518446251138
52,(-0.0006428689983597692+0.00038942603719045363j),0,3,CA1 SO SO,(-0.13591182542399802+0.25459301180608873j),-0.13591182542399802,0.25459301180608873,0.2885994212582183
52,(-0.0006428689983597692+0.00038942603719045363j),0,4,CA1 Basket CCK+,(0.16482085986357387-0.2356873108374411j),0.16482085986357387,-0.2356873108374411,0.28760115496282773
52,(-0.0006428689983597692+0.00038942603719045363j),0,5,MEC LV Superficial Pyramidal,(-0.06608119405438562+0.23824736757860368j),-0.06608119405438562,0.23824736757860368,0.24724184994815837
52,(-0.0006428689983597692+0.00038942603719045363j),1,1,CA1 Axo Axonic,(-0.2519353031296182+0.23468694931462353j),-0.015660542154074624,-0.03837546152379696,0.04144790257327829
52,(-0.0006428689983597692+0.00038942603719045363j),1,2,CA1 Radiatum,(-0.2199532959060886+0.2590749388017705j),-0.019077624370167988,-0.06272736870327142,0.06556430840057251
52,(-0.0006428689983597692+0.00038942603719045363j),1,3,CA1 SO SO,(-0.13591182542399802+0.25459301180608873j),-0.08140094524390654,0.26382616745285314,0.2760984616390725
52,(-0.0006428689983597692+0.00038942603719045363j),1,4,CA1 Basket CCK+,(0.16482085986357387-0.2356873108374411j),-0.05157863813689101,-0.09295220845275325,0.10630366394579463
52,(-0.0006428689983597692+0.00038942603719045363j),1,5,MEC LV Superficial Pyramidal,(-0.06608119405438562+0.23824736757860368j),-0.005957222380286484,0.009003911617354646,0.010796245778108246
52,(-0.0006428689983597692+0.00038942603719045363j),2,1,CA1 Axo Axonic,(-0.2519353031296182+0.23468694931462353j),4.832397524899216e-05,0.006047844678572571,0.0060480377365491386
52,(-0.0006428689983597692+0.00038942603719045363j),2,2,CA1 Radiatum,(-0.2199532959060886+0.2590749388017705j),0.009738716166848111,0.003719134340243874,0.010424708764239413
52,(-0.0006428689983597692+0.00038942603719045363j),2,3,CA1 SO SO,(-0.13591182542399802+0.25459301180608873j),0.033496521245563765,0.07703938877112713,0.08400645426265398
52,(-0.0006428689983597692+0.00038942603719045363j),2,4,CA1 Basket CCK+,(0.16482085986357387-0.2356873108374411j),0.0067450410921810425,0.00209680756004045,0.007063439762541593
52,(-0.0006428689983597692+0.00038942603719045363j),2,5,MEC LV Superficial Pyramidal,(-0.06608119405438562+0.23824736757860368j),-0.004411603988261369,0.002320964915526296,0.004984889957496313
52,(-0.0006428689983597692+0.00038942603719045363j),3,1,CA1 Axo Axonic,(-0.2519353031296182+0.23468694931462353j),-0.00864666670236144,0.024675912946217092,0.02614699838970069
52,(-0.0006428689983597692+0.00038942603719045363j),3,2,CA1 Radiatum,(-0.2199532959060886+0.2590749388017705j),0.0026760919487768616,0.019589839782003633,0.019771780162718796
52,(-0.0006428689983597692+0.00038942603719045363j),3,3,CA1 SO SO,(-0.13591182542399802+0.25459301180608873j),-0.0217441001327755,0.02603458001693238,0.033920572625505935
52,(-0.0006428689983597692+0.00038942603719045363j),3,4,CA1 Basket CCK+,(0.16482085986357387-0.2356873108374411j),-0.010239887290551858,0.04898953673323997,0.05004827670420505
52,(-0.0006428689983597692+0.00038942603719045363j),3,5,MEC LV Superficial Pyramidal,(-0.06608119405438562+0.23824736757860368j),-0.002550888285241463,0.001636745651530507,0.003030836084578999
52,(-0.0006428689983597692+0.00038942603719045363j),4,1,CA1 Axo Axonic,(-0.2519353031296182+0.23468694931462353j),-0.020913800843292293,0.017842893526718303,0.027491015170755324
52,(-0.0006428689983597692+0.00038942603719045363j),4,2,CA1 Radiatum,(-0.2199532959060886+0.2590749388017705j),-0.011409036295689767,0.013320495157594233,0.01753857749191359
52,(-0.0006428689983597692+0.00038942603719045363j),4,3,CA1 SO SO,(-0.13591182542399802+0.25459301180608873j),-0.02979023174828872,0.02684201849872303,0.04009927511442742
52,(-0.0006428689983597692+0.00038942603719045363j),4,4,CA1 Basket CCK+,(0.16482085986357387-0.2356873108374411j),-0.03807885675703535,0.034047048121504754,0.05108033689895631
52,(-0.0006428689983597692+0.00038942603719045363j),4,5,MEC LV Superficial Pyramidal,(-0.06608119405438562+0.23824736757860368j),-0.0024725509708812803,0.002037066259588138,0.003203614716153984
52,(-0.0006428689983597692+0.00038942603719045363j),5,1,CA1 Axo Axonic,(-0.2519353031296182+0.23468694931462353j),-0.019836713090832032,0.013074308775980144,0.0237577931680882
52,(-0.0006428689983597692+0.00038942603719045363j),5,2,CA1 Radiatum,(-0.2199532959060886+0.2590749388017705j),-0.011552080856996253,0.008552018010479154,0.014373154983445323
52,(-0.0006428689983597692+0.00038942603719045363j),5,3,CA1 SO SO,(-0.13591182542399802+0.25459301180608873j),-0.03360617174965385,0.0226634957262149,0.040534045174388814
52,(-0.0006428689983597692+0.00038942603719045363j),5,4,CA1 Basket CCK+,(0.16482085986357387-0.2356873108374411j),-0.03561711726257292,0.023997181991805443,0.042946988085821584
52,(-0.0006428689983597692+0.00038942603719045363j),5,5,MEC LV Superficial Pyramidal,(-0.06608119405438562+0.23824736757860368j),-0.002746152296274582,0.0018917852412122086,0.0033346969627242734
52,(-0.0006428689983597692+0.00038942603719045363j),6,1,CA1 Axo Axonic,(-0.2519353031296182+0.23468694931462353j),-0.019576581472971234,0.01168130141739626,0.022796827519897245
52,(-0.0006428689983597692+0.00038942603719045363j),6,2,CA1 Radiatum,(-0.2199532959060886+0.2590749388017705j),-0.011722369954308563,0.007188507100761767,0.013750948755754219
52,(-0.0006428689983597692+0.00038942603719045363j),6,3,CA1 SO SO,(-0.13591182542399802+0.25459301180608873j),-0.032508736817172174,0.019407003334973937,0.037860926400338585
52,(-0.0006428689983597692+0.00038942603719045363j),6,4,CA1 Basket CCK+,(0.16482085986357387-0.2356873108374411j),-0.035485967959174594,0.021252040463182183,0.04136306499581842
52,(-0.0006428689983597692+0.00038942603719045363j),6,5,MEC LV Superficial Pyramidal,(-0.06608119405438562+0.23824736757860368j),-0.002710745158868478,0.0016655411227344062,0.0031815352501344814
52,(-0.0006428689983597692+0.00038942603719045363j),7,1,CA1 Axo Axonic,(-0.2519353031296182+0.23468694931462353j),-0.01874734794145641,0.01109168088358686,0.021782755557122613
52,(-0.0006428689983597692+0.00038942603719045363j),7,2,CA1 Radiatum,(-0.2199532959060886+0.2590749388017705j),-0.011278700647894102,0.0067906742646232695,0.01316519446392736
52,(-0.0006428689983597692+0.00038942603719045363j),7,3,CA1 SO SO,(-0.13591182542399802+0.25459301180608873j),-0.031091572790681702,0.01810622854151817,0.03597945817540817
52,(-0.0006428689983597692+0.00038942603719045363j),7,4,CA1 Basket CCK+,(0.16482085986357387-0.2356873108374411j),-0.03398279467687744,0.02020533785653161,0.03953588258718147
52,(-0.0006428689983597692+0.00038942603719045363j),7,5,MEC LV Superficial Pyramidal,(-0.06608119405438562+0.23824736757860368j),-0.002608547735615552,0.0015299443263640255,0.003024111593635145
52,(-0.0006428689983597692+0.00038942603719045363j),8,1,CA1 Axo Axonic,(-0.2519353031296182+0.23468694931462353j),-0.01800333046957643,0.010458797018830656,0.020820815139611613
52,(-0.0006428689983597692+0.00038942603719045363j),8,2,CA1 Radiatum,(-0.2199532959060886+0.2590749388017705j),-0.010906006750856538,0.006382186996707161,0.012636189857336994
52,(-0.0006428689983597692+0.00038942603719045363j),8,3,CA1 SO SO,(-0.13591182542399802+0.25459301180608873j),-0.02966539988756709,0.017190589128685735,0.03428632825311794
52,(-0.0006428689983597692+0.00038942603719045363j),8,4,CA1 Basket CCK+,(0.16482085986357387-0.2356873108374411j),-0.032706868474613814,0.019029663063534458,0.03784002275009008
52,(-0.0006428689983597692+0.00038942603719045363j),8,5,MEC LV Superficial Pyramidal,(-0.06608119405438562+0.23824736757860368j),-0.002488511197477935,0.001443800071211438,0.0028770204423332175
52,(-0.0006428689983597692+0.00038942603719045363j),9,1,CA1 Axo Axonic,(-0.2519353031296182+0.23468694931462353j),-0.017127730925842733,0.009879924340078564,0.019773013721578876
52,(-0.0006428689983597692+0.00038942603719045363j),9,2,CA1 Radiatum,(-0.2199532959060886+0.2590749388017705j),-0.010389241162130362,0.006009234156887936,0.012001967633567943
52,(-0.0006428689983597692+0.00038942603719045363j),9,3,CA1 SO SO,(-0.13591182542399802+0.25459301180608873j),-0.028255741077852305,0.016293043923761266,0.03261671633013115
52,(-0.0006428689983597692+0.00038942603719045363j),9,4,CA1 Basket CCK+,(0.16482085986357387-0.2356873108374411j),-0.031117051946355292,0.017959473735308786,0.035927894715407686
52,(-0.0006428689983597692+0.00038942603719045363j),9,5,MEC LV Superficial Pyramidal,(-0.06608119405438562+0.23824736757860368j),-0.002371061424823243,0.001368409907984106,0.002737604419296896
52,(-0.0006428689983597692+0.00038942603719045363j),10,1,CA1 Axo Axonic,(-0.2519353031296182+0.23468694931462353j),-0.016285647914496465,0.009369823566415603,0.018788717935524505
52,(-0.0006428689983597692+0.00038942603719045363j),10,2,CA1 Radiatum,(-0.2199532959060886+0.2590749388017705j),-0.009884471286189706,0.005691416332869993,0.011405919186175575
52,(-0.0006428689983597692+0.00038942603719045363j),10,3,CA1 SO SO,(-0.13591182542399802+0.25459301180608873j),-0.02685929103591166,0.015451857474804554,0.03098679419322815
52,(-0.0006428689983597692+0.00038942603719045363j),10,4,CA1 Basket CCK+,(0.16482085986357387-0.2356873108374411j),-0.029592055066049998,0.017027884381727892,0.03414144943539492
52,(-0.0006428689983597692+0.00038942603719045363j),10,5,MEC LV Superficial Pyramidal,(-0.06608119405438562+0.23824736757860368j),-0.0022547158945079838,0.0012978658015974972,0.002601576330593291
53,(-0.0006428689983597694-0.00038942603719045423j),0,1,MEC LII III Pyramidal Multiform,(0.2518181391561451-0.1609504345193669j),0.2518181391561451,-0.1609504345193669,0.2988601973833864
53,(-0.0006428689983597694-0.00038942603719045423j),0,2,MEC LIII Bipolar Complex Pyramidal,(-0.22104059705648038+0.18986893137178568j),-0.22104059705648038,0.18986893137178568,0.2913917580292023
53,(-0.0006428689983597694-0.00038942603719045423j),0,3,CA1 Axo Axonic,(0.27927118563390785+0.008068583121236293j),0.27927118563390785,0.008068583121236293,0.27938771833950204
53,(-0.0006428689983597694-0.00038942603719045423j),0,4,EC LIII Pyramidal,(-0.22625031579243035+0.1517756978987112j),-0.22625031579243035,0.1517756978987112,0.2724427790726253
53,(-0.0006428689983597694-0.00038942603719045423j),0,5,MEC LIII Superficial Trilayered Interneuron,(0.23259646861187513-0.12109474872633187j),0.23259646861187513,-0.12109474872633187,0.26223091995378517
53,(-0.0006428689983597694-0.00038942603719045423j),1,1,MEC LII III Pyramidal Multiform,(0.2518181391561451-0.1609504345193669j),0.025737249787876088,-0.0001995627859936634,0.025738023466247005
53,(-0.0006428689983597694-0.00038942603719045423j),1,2,MEC LIII Bipolar Complex Pyramidal,(-0.22104059705648038+0.18986893137178568j),0.043379973638096536,-0.004481690972647725,0.04361086638460949
53,(-0.0006428689983597694-0.00038942603719045423j),1,3,CA1 Axo Axonic,(0.27927118563390785+0.008068583121236293j),0.06381952063204184,-0.04593572823631479,0.0786321966010373
53,(-0.0006428689983597694-0.00038942603719045423j),1,4,EC LIII Pyramidal,(-0.22625031579243035+0.1517756978987112j),0.03875491664922375,-0.007202869653232144,0.03941858566374157
53,(-0.0006428689983597694-0.00038942603719045423j),1,5,MEC LIII Superficial Trilayered Interneuron,(0.23259646861187513-0.12109474872633187j),0.03355633741065265,0.00011804836576521992,0.03355654505210908
53,(-0.0006428689983597694-0.00038942603719045423j),2,1,MEC LII III Pyramidal Multiform,(0.2518181391561451-0.1609504345193669j),0.027714743761257054,-0.006068847273697239,0.028371428039201677
53,(-0.0006428689983597694-0.00038942603719045423j),2,2,MEC LIII Bipolar Complex Pyramidal,(-0.22104059705648038+0.18986893137178568j),0.03411460768333544,-0.007962782576288985,0.03503159093939556
53,(-0.0006428689983597694-0.00038942603719045423j),2,3,CA1 Axo Axonic,(0.27927118563390785+0.008068583121236293j),-0.0053982107753315555,0.005340510418125774,0.007593532188712684
53,(-0.0006428689983597694-0.00038942603719045423j),2,4,EC LIII Pyramidal,(-0.22625031579243035+0.1517756978987112j),0.03027193648733151,-0.006418314689643355,0.03094486875312811
53,(-0.0006428689983597694-0.00038942603719045423j),2,5,MEC LIII Superficial Trilayered Interneuron,(0.23259646861187513-0.12109474872633187j),0.03763496587664339,-0.007917619946880465,0.03845880084141147
53,(-0.0006428689983597694-0.00038942603719045423j),3,1,MEC LII III Pyramidal Multiform,(0.2518181391561451-0.1609504345193669j),0.026584962636239932,-0.005274331262661649,0.027103114371572933
53,(-0.0006428689983597694-0.00038942603719045423j),3,2,MEC LIII Bipolar Complex Pyramidal,(-0.22104059705648038+0.18986893137178568j),0.03311609786807644,-0.006511451800638696,0.033750184333719686
53,(-0.0006428689983597694-0.00038942603719045423j),3,3,CA1 Axo Axonic,(0.27927118563390785+0.008068583121236293j),-0.004995242154211382,0.014849971872473116,0.015667613372573788
53,(-0.0006428689983597694-0.00038942603719045423j),3,4,EC LIII Pyramidal,(-0.22625031579243035+0.1517756978987112j),0.029473551101814474,-0.005893687576079899,0.030057041900288652
53,(-0.0006428689983597694-0.00038942603719045423j),3,5,MEC LIII Superficial Trilayered Interneuron,(0.23259646861187513-0.12109474872633187j),0.036318272209832705,-0.007242894083362106,0.037033449893445085
53,(-0.0006428689983597694-0.00038942603719045423j),4,1,MEC LII III Pyramidal Multiform,(0.2518181391561451-0.1609504345193669j),0.02510469658928176,-0.005032929059869916,0.025604221639440213
53,(-0.0006428689983597694-0.00038942603719045423j),4,2,MEC LIII Bipolar Complex Pyramidal,(-0.22104059705648038+0.18986893137178568j),0.031136364734806216,-0.006247260686976817,0.031756912239541336
53,(-0.0006428689983597694-0.00038942603719045423j),4,3,CA1 Axo Axonic,(0.27927118563390785+0.008068583121236293j),0.02462081771928613,-0.0007673051351692089,0.024632771308498176
53,(-0.0006428689983597694-0.00038942603719045423j),4,4,EC LIII Pyramidal,(-0.22625031579243035+0.1517756978987112j),0.02779177603280678,-0.005570317705137824,0.028344510127957148
53,(-0.0006428689983597694-0.00038942603719045423j),4,5,MEC LIII Superficial Trilayered Interneuron,(0.23259646861187513-0.12109474872633187j),0.034371038338544366,-0.006888668212592623,0.03505455785219478
53,(-0.0006428689983597694-0.00038942603719045423j),5,1,MEC LII III Pyramidal Multiform,(0.2518181391561451-0.1609504345193669j),0.02376387952178228,-0.004721338847365827,0.02422835137679468
53,(-0.0006428689983597694-0.00038942603719045423j),5,2,MEC LIII Bipolar Complex Pyramidal,(-0.22104059705648038+0.18986893137178568j),0.02949516671293051,-0.005851801988565951,0.030070058961314795
53,(-0.0006428689983597694-0.00038942603719045423j),5,3,CA1 Axo Axonic,(0.27927118563390785+0.008068583121236293j),0.026729720610326444,-0.0041030611872012865,0.027042800798216665
53,(-0.0006428689983597694-0.00038942603719045423j),5,4,EC LIII Pyramidal,(-0.22625031579243035+0.1517756978987112j),0.02630658603816487,-0.0052309718454539335,0.02682162439956429
53,(-0.0006428689983597694-0.00038942603719045423j),5,5,MEC LIII Superficial Trilayered Interneuron,(0.23259646861187513-0.12109474872633187j),0.03253208184712641,-0.006475030582416441,0.033170203049594976
53,(-0.0006428689983597694-0.00038942603719045423j),6,1,MEC LII III Pyramidal Multiform,(0.2518181391561451-0.1609504345193669j),0.02253761065276533,-0.004464801620704797,0.022975603309769464
53,(-0.0006428689983597694-0.00038942603719045423j),6,2,MEC LIII Bipolar Complex Pyramidal,(-0.22104059705648038+0.18986893137178568j),0.027983905947096873,-0.005541947126924789,0.02852739332665348
53,(-0.0006428689983597694-0.00038942603719045423j),6,3,CA1 Axo Axonic,(0.27927118563390785+0.008068583121236293j),0.027450742322214353,-0.005120282534513523,0.02792419286700789
53,(-0.0006428689983597694-0.00038942603719045423j),6,4,EC LIII Pyramidal,(-0.22625031579243035+0.1517756978987112j),0.024941516871915873,-0.0049420997406277156,0.025426435332511255
53,(-0.0006428689983597694-0.00038942603719045423j),6,5,MEC LIII Superficial Trilayered Interneuron,(0.23259646861187513-0.12109474872633187j),0.03083365462485824,-0.006112604576665382,0.03143371107959912
53,(-0.0006428689983597694-0.00038942603719045423j),7,1,MEC LII III Pyramidal Multiform,(0.2518181391561451-0.1609504345193669j),0.02139120091754064,-0.004230055040187298,0.021805431487076917
53,(-0.0006428689983597694-0.00038942603719045423j),7,2,MEC LIII Bipolar Complex Pyramidal,(-0.22104059705648038+0.18986893137178568j),0.02656221746997101,-0.005251706281400357,0.027076406995540103
53,(-0.0006428689983597694-0.00038942603719045423j),7,3,CA1 Axo Axonic,(0.27927118563390785+0.008068583121236293j),0.02637114641305198,-0.004986529922518579,0.02683845829787541
53,(-0.0006428689983597694-0.00038942603719045423j),7,4,EC LIII Pyramidal,(-0.22625031579243035+0.1517756978987112j),0.02367194100467187,-0.004681551803950429,0.024130431372475232
53,(-0.0006428689983597694-0.00038942603719045423j),7,5,MEC LIII Superficial Trilayered Interneuron,(0.23259646861187513-0.12109474872633187j),0.029259749029925772,-0.005787659144450411,0.029826664440841897
53,(-0.0006428689983597694-0.00038942603719045423j),8,1,MEC LII III Pyramidal Multiform,(0.2518181391561451-0.1609504345193669j),0.02031668630316699,-0.004015563045522007,0.020709719672507763
53,(-0.0006428689983597694-0.00038942603719045423j),8,2,MEC LIII Bipolar Complex Pyramidal,(-0.22104059705648038+0.18986893137178568j),0.025229679234679215,-0.004986412773867007,0.02571771814598231
53,(-0.0006428689983597694-0.00038942603719045423j),8,3,CA1 Axo Axonic,(0.27927118563390785+0.008068583121236293j),0.025493596914836814,-0.0049575802071679005,0.025971158718214326
53,(-0.0006428689983597694-0.00038942603719045423j),8,4,EC LIII Pyramidal,(-0.22625031579243035+0.1517756978987112j),0.022481943779774784,-0.004443642863379484,0.022916888052574184
53,(-0.0006428689983597694-0.00038942603719045423j),8,5,MEC LIII Superficial Trilayered Interneuron,(0.23259646861187513-0.12109474872633187j),0.027787385323454022,-0.005492559441831539,0.028325024136550365
53,(-0.0006428689983597694-0.00038942603719045423j),9,1,MEC LII III Pyramidal Multiform,(0.2518181391561451-0.1609504345193669j),0.019298042994091845,-0.0038132289952424593,0.019671176344387115
53,(-0.0006428689983597694-0.00038942603719045423j),9,2,MEC LIII Bipolar Complex Pyramidal,(-0.22104059705648038+0.18986893137178568j),0.023964818898091326,-0.004735230216623653,0.024428158956882953
53,(-0.0006428689983597694-0.00038942603719045423j),9,3,CA1 Axo Axonic,(0.27927118563390785+0.008068583121236293j),0.024315288513037006,-0.0047780198184042885,0.02478028911972767
53,(-0.0006428689983597694-0.00038942603719045423j),9,4,EC LIII Pyramidal,(-0.22625031579243035+0.1517756978987112j),0.021354643343507118,-0.0042196833465114065,0.02176755658941119
53,(-0.0006428689983597694-0.00038942603719045423j),9,5,MEC LIII Superficial Trilayered Interneuron,(0.23259646861187513-0.12109474872633187j),0.026393705126418157,-0.0052155308574931255,0.026904078360460056
53,(-0.0006428689983597694-0.00038942603719045423j),10,1,MEC LII III Pyramidal Multiform,(0.2518181391561451-0.1609504345193669j),0.018332373694162574,-0.003622102779944321,0.018686774837058006
53,(-0.0006428689983597694-0.00038942603719045423j),10,2,MEC LIII Bipolar Complex Pyramidal,(-0.22104059705648038+0.18986893137178568j),0.022765914826243346,-0.004498040175313991,0.023206017394083487
53,(-0.0006428689983597694-0.00038942603719045423j),10,3,CA1 Axo Axonic,(0.27927118563390785+0.008068583121236293j),0.023141194504993433,-0.004564463146842647,0.023587055919228727
53,(-0.0006428689983597694-0.00038942603719045423j),10,4,EC LIII Pyramidal,(-0.22625031579243035+0.1517756978987112j),0.02028590770967527,-0.0040081050215163535,0.02067807915327164
53,(-0.0006428689983597694-0.00038942603719045423j),10,5,MEC LIII Superficial Trilayered Interneuron,(0.23259646861187513-0.12109474872633187j),0.0250725591265777,-0.0049539090080673665,0.025557277547030428
54,(0.00041197590894575544+7.036381652818178e-05j),0,1,CA3c Pyramidal,(0.19594118916554476+0.2834772666156903j),0.19594118916554476,0.2834772666156903,0.34460457092080327
54,(0.00041197590894575544+7.036381652818178e-05j),0,2,CA1 O LMR,(-0.03965764160718152-0.2585783596276795j),-0.03965764160718152,-0.2585783596276795,0.2616017901421647
54,(0.00041197590894575544+7.036381652818178e-05j),0,3,EC LV Deep Pyramidal,(0.027191141980197363-0.24159122481293432j),0.027191141980197363,-0.24159122481293432,0.24311659365169017
54,(0.00041197590894575544+7.036381652818178e-05j),0,4,EC LIII Stellate,(-0.009695380703872034-0.2367355236474616j),-0.009695380703872034,-0.2367355236474616,0.2369339751146527
54,(0.00041197590894575544+7.036381652818178e-05j),0,5,CA1 Recurrent O LM,(0.05165851327839219+0.23062384906342875j),0.05165851327839219,0.23062384906342875,0.23633865902760176
54,(0.00041197590894575544+7.036381652818178e-05j),1,1,CA3c Pyramidal,(0.19594118916554476+0.2834772666156903j),-0.0018219780923458895,9.022621273341977e-05,0.0018242107713892558
54,(0.00041197590894575544+7.036381652818178e-05j),1,2,CA1 O LMR,(-0.03965764160718152-0.2585783596276795j),-0.028772218948594826,0.011239827052241748,0.03088971180490658
54,(0.00041197590894575544+7.036381652818178e-05j),1,3,EC LV Deep Pyramidal,(0.027191141980197363-0.24159122481293432j),-0.0036545828979880094,0.01587203075574855,0.016287336690499598
54,(0.00041197590894575544+7.036381652818178e-05j),1,4,EC LIII Stellate,(-0.009695380703872034-0.2367355236474616j),0.014236742595335515,0.10865612197047111,0.10958484238884379
54,(0.00041197590894575544+7.036381652818178e-05j),1,5,CA1 Recurrent O LM,(0.05165851327839219+0.23062384906342875j),-0.06273337020997609,-0.008105746914654306,0.06325487230993627
54,(0.00041197590894575544+7.036381652818178e-05j),2,1,CA3c Pyramidal,(0.19594118916554476+0.2834772666156903j),0.013854037759726125,0.013490654054002838,0.01933732424749351
54,(0.00041197590894575544+7.036381652818178e-05j),2,2,CA1 O LMR,(-0.03965764160718152-0.2585783596276795j),0.077271523048687,0.09228395210637487,0.1203628517883963
54,(0.00041197590894575544+7.036381652818178e-05j),2,3,EC LV Deep Pyramidal,(0.027191141980197363-0.24159122481293432j),0.15024544757791097,0.2391360962073749,0.28241771726856946
54,(0.00041197590894575544+7.036381652818178e-05j),2,4,EC LIII Stellate,(-0.009695380703872034-0.2367355236474616j),0.008035837387983509,0.08459755316752864,0.08497835421128692
54,(0.00041197590894575544+7.036381652818178e-05j),2,5,CA1 Recurrent O LM,(0.05165851327839219+0.23062384906342875j),0.14358992621142444,0.18223731533130294,0.23200971102211015
54,(0.00041197590894575544+7.036381652818178e-05j),3,1,CA3c Pyramidal,(0.19594118916554476+0.2834772666156903j),0.000678040652436576,0.0043688581405433745,0.004421160546570179
54,(0.00041197590894575544+7.036381652818178e-05j),3,2,CA1 O LMR,(-0.03965764160718152-0.2585783596276795j),0.01844137863214456,0.040739010982262396,0.044718580720624554
54,(0.00041197590894575544+7.036381652818178e-05j),3,3,EC LV Deep Pyramidal,(0.027191141980197363-0.24159122481293432j),0.020754108252834896,0.042917323536555065,0.04767210577383521
54,(0.00041197590894575544+7.036381652818178e-05j),3,4,EC LIII Stellate,(-0.009695380703872034-0.2367355236474616j),0.011800922895959992,0.08720872111383494,0.08800353867605003
54,(0.00041197590894575544+7.036381652818178e-05j),3,5,CA1 Recurrent O LM,(0.05165851327839219+0.23062384906342875j),0.031054190816593986,0.06637675176369337,0.07328189368440476
54,(0.00041197590894575544+7.036381652818178e-05j),4,1,CA3c Pyramidal,(0.19594118916554476+0.2834772666156903j),0.0030185997376644424,0.008021261215609506,0.008570447821745906
54,(0.00041197590894575544+7.036381652818178e-05j),4,2,CA1 O LMR,(-0.03965764160718152-0.2585783596276795j),0.006587210430006538,0.02764481766596091,0.028418784017501718
54,(0.00041197590894575544+7.036381652818178e-05j),4,3,EC LV Deep Pyramidal,(0.027191141980197363-0.24159122481293432j),0.015113763333434317,0.030025733638098566,0.03361503417527799
54,(0.00041197590894575544+7.036381652818178e-05j),4,4,EC LIII Stellate,(-0.009695380703872034-0.2367355236474616j),0.011528297887352497,0.0829702790736112,0.08376734961625835
54,(0.00041197590894575544+7.036381652818178e-05j),4,5,CA1 Recurrent O LM,(0.05165851327839219+0.23062384906342875j),0.012834865245404396,0.04575182791127423,0.047518033661869276
54,(0.00041197590894575544+7.036381652818178e-05j),5,1,CA3c Pyramidal,(0.19594118916554476+0.2834772666156903j),0.0010059314896000442,0.005541242762491258,0.005631808724968445
54,(0.00041197590894575544+7.036381652818178e-05j),5,2,CA1 O LMR,(-0.03965764160718152-0.2585783596276795j),0.005741751389531781,0.029693761787453088,0.030243796026775464
54,(0.00041197590894575544+7.036381652818178e-05j),5,3,EC LV Deep Pyramidal,(0.027191141980197363-0.24159122481293432j),0.004680238479582291,0.021793100826521413,0.02228999497219977
54,(0.00041197590894575544+7.036381652818178e-05j),5,4,EC LIII Stellate,(-0.009695380703872034-0.2367355236474616j),0.011537301521350232,0.07946276849029829,0.08029595819552372
54,(0.00041197590894575544+7.036381652818178e-05j),5,5,CA1 Recurrent O LM,(0.05165851327839219+0.23062384906342875j),0.008991247665777061,0.046718137211424246,0.04757548611514972
54,(0.00041197590894575544+7.036381652818178e-05j),6,1,CA3c Pyramidal,(0.19594118916554476+0.2834772666156903j),0.0009515632198342091,0.005245815876447891,0.005331421646327929
54,(0.00041197590894575544+7.036381652818178e-05j),6,2,CA1 O LMR,(-0.03965764160718152-0.2585783596276795j),0.0049020766903087615,0.028298185630896408,0.028719639027646925
54,(0.00041197590894575544+7.036381652818178e-05j),6,3,EC LV Deep Pyramidal,(0.027191141980197363-0.24159122481293432j),0.00508441924135321,0.022976071839604133,0.02353191866806642
54,(0.00041197590894575544+7.036381652818178e-05j),6,4,EC LIII Stellate,(-0.009695380703872034-0.2367355236474616j),0.010996254487359181,0.07546464300011949,0.07626158899397684
54,(0.00041197590894575544+7.036381652818178e-05j),6,5,CA1 Recurrent O LM,(0.05165851327839219+0.23062384906342875j),0.008122868235892752,0.045379635175563295,0.046100892367121234
54,(0.00041197590894575544+7.036381652818178e-05j),7,1,CA3c Pyramidal,(0.19594118916554476+0.2834772666156903j),0.0007362545635224098,0.004858010796714509,0.004913485492326431
54,(0.00041197590894575544+7.036381652818178e-05j),7,2,CA1 O LMR,(-0.03965764160718152-0.2585783596276795j),0.0040695034519665696,0.026149227378884223,0.026463993479030258
54,(0.00041197590894575544+7.036381652818178e-05j),7,3,EC LV Deep Pyramidal,(0.027191141980197363-0.24159122481293432j),0.0033739200689277605,0.020325057946049167,0.020603187062728182
54,(0.00041197590894575544+7.036381652818178e-05j),7,4,EC LIII Stellate,(-0.009695380703872034-0.2367355236474616j),0.010518792389188045,0.07175683316734373,0.07252370715519747
54,(0.00041197590894575544+7.036381652818178e-05j),7,5,CA1 Recurrent O LM,(0.05165851327839219+0.23062384906342875j),0.006531165951528222,0.04170234452861565,0.04221068191666371
54,(0.00041197590894575544+7.036381652818178e-05j),8,1,CA3c Pyramidal,(0.19594118916554476+0.2834772666156903j),0.0007080061414340117,0.004644763059726792,0.0046984142619942385
54,(0.00041197590894575544+7.036381652818178e-05j),8,2,CA1 O LMR,(-0.03965764160718152-0.2585783596276795j),0.003687161386943243,0.024652539872542834,0.024926750314886205
54,(0.00041197590894575544+7.036381652818178e-05j),8,3,EC LV Deep Pyramidal,(0.027191141980197363-0.24159122481293432j),0.002992301483777877,0.01906917160825905,0.019302517296846344
54,(0.00041197590894575544+7.036381652818178e-05j),8,4,EC LIII Stellate,(-0.009695380703872034-0.2367355236474616j),0.010003971753858273,0.06817624153125194,0.06890630856590416
54,(0.00041197590894575544+7.036381652818178e-05j),8,5,CA1 Recurrent O LM,(0.05165851327839219+0.23062384906342875j),0.005908000751168676,0.03929045085800107,0.039732153245209435
54,(0.00041197590894575544+7.036381652818178e-05j),9,1,CA3c Pyramidal,(0.19594118916554476+0.2834772666156903j),0.0006504066415431649,0.004391107445323872,0.004439014912764114
54,(0.00041197590894575544+7.036381652818178e-05j),9,2,CA1 O LMR,(-0.03965764160718152-0.2585783596276795j),0.0034662705263202183,0.023419719319476166,0.023674844970235424
54,(0.00041197590894575544+7.036381652818178e-05j),9,3,EC LV Deep Pyramidal,(0.027191141980197363-0.24159122481293432j),0.0026875385136313425,0.017998524914235783,0.018198070291946287
54,(0.00041197590894575544+7.036381652818178e-05j),9,4,EC LIII Stellate,(-0.009695380703872034-0.2367355236474616j),0.009512990055698549,0.06477527108083252,0.06547009029621967
54,(0.00041197590894575544+7.036381652818178e-05j),9,5,CA1 Recurrent O LM,(0.05165851327839219+0.23062384906342875j),0.005523469515341899,0.03729639804182519,0.03770318318631961
54,(0.00041197590894575544+7.036381652818178e-05j),10,1,CA3c Pyramidal,(0.19594118916554476+0.2834772666156903j),0.0006155083685851038,0.004169353501953151,0.004214541395697437
54,(0.00041197590894575544+7.036381652818178e-05j),10,2,CA1 O LMR,(-0.03965764160718152-0.2585783596276795j),0.003280290038704454,0.02224695540336908,0.02248749268943775
54,(0.00041197590894575544+7.036381652818178e-05j),10,3,EC LV Deep Pyramidal,(0.027191141980197363-0.24159122481293432j),0.002540088930170923,0.01710868311254533,0.01729621604914412
54,(0.00041197590894575544+7.036381652818178e-05j),10,4,EC LIII Stellate,(-0.009695380703872034-0.2367355236474616j),0.00903889595313355,0.061537207894690485,0.062197504737135006
54,(0.00041197590894575544+7.036381652818178e-05j),10,5,CA1 Recurrent O LM,(0.05165851327839219+0.23062384906342875j),0.0052286183783175205,0.035434505204590586,0.035818188246200235
55,(0.00041197590894575576-7.036381652818159e-05j),0,1,CA3c Pyramidal,(-0.025125337583039004-0.4120276428793512j),-0.025125337583039004,-0.4120276428793512,0.4127930002863128
55,(0.00041197590894575576-7.036381652818159e-05j),0,2,CA1 Bistratified,(-0.10323666661402543+0.3599401686991992j),-0.10323666661402543,0.3599401686991992,0.37445257961026707
55,(0.00041197590894575576-7.036381652818159e-05j),0,3,CA3 Spiny Lucidum,(0.003749553613182424-0.27328494054104036j),0.003749553613182424,-0.27328494054104036,0.2733106618462187
55,(0.00041197590894575576-7.036381652818159e-05j),0,4,CA1 Radiatum,(0.12225480085527368-0.24259521372904364j),0.12225480085527368,-0.24259521372904364,0.2716591137002456
55,(0.00041197590894575576-7.036381652818159e-05j),0,5,EC LIII V Bipolar Pyramidal,(0.09381930155988974-0.22302010704834485j),0.09381930155988974,-0.22302010704834485,0.24195046909035067
55,(0.00041197590894575576-7.036381652818159e-05j),1,1,CA3c Pyramidal,(-0.025125337583039004-0.4120276428793512j),-0.0010081824348989114,0.004727075536102526,0.004833391660734487
55,(0.00041197590894575576-7.036381652818159e-05j),1,2,CA1 Bistratified,(-0.10323666661402543+0.3599401686991992j),-0.18595964627985856,-2.87684775548172,2.8828517128469753
55,(0.00041197590894575576-7.036381652818159e-05j),1,3,CA3 Spiny Lucidum,(0.003749553613182424-0.27328494054104036j),-1.0084033807810796e-05,-0.0007004804107687038,0.0007005529912922571
55,(0.00041197590894575576-7.036381652818159e-05j),1,4,CA1 Radiatum,(0.12225480085527368-0.24259521372904364j),-0.1290754919820957,-2.2298645320569794,2.233597169132364
55,(0.00041197590894575576-7.036381652818159e-05j),1,5,EC LIII V Bipolar Pyramidal,(0.09381930155988974-0.22302010704834485j),-0.013882708318225549,0.012189733463317939,0.018474825903257167
55,(0.00041197590894575576-7.036381652818159e-05j),2,1,CA3c Pyramidal,(-0.025125337583039004-0.4120276428793512j),0.001208338725679992,-0.031285589625047835,0.03130891567370033
55,(0.00041197590894575576-7.036381652818159e-05j),2,2,CA1 Bistratified,(-0.10323666661402543+0.3599401686991992j),-0.010653272467030248,-0.12548696471567747,0.12593836003303546
55,(0.00041197590894575576-7.036381652818159e-05j),2,3,CA3 Spiny Lucidum,(0.003749553613182424-0.27328494054104036j),0.00094635216935925,-0.009442653305396053,0.009489957000659063
55,(0.00041197590894575576-7.036381652818159e-05j),2,4,CA1 Radiatum,(0.12225480085527368-0.24259521372904364j),-0.006457905810751279,-0.08143090794623961,0.08168657978156195
55,(0.00041197590894575576-7.036381652818159e-05j),2,5,EC LIII V Bipolar Pyramidal,(0.09381930155988974-0.22302010704834485j),-0.028592255439736883,-0.2514239701042573,0.2530445214070394
55,(0.00041197590894575576-7.036381652818159e-05j),3,1,CA3c Pyramidal,(-0.025125337583039004-0.4120276428793512j),-0.0016301895919580971,-0.0003125540681170871,0.0016598819690643815
55,(0.00041197590894575576-7.036381652818159e-05j),3,2,CA1 Bistratified,(-0.10323666661402543+0.3599401686991992j),0.0043990494147718405,-0.2157885225102806,0.21583335720625643
55,(0.00041197590894575576-7.036381652818159e-05j),3,3,CA3 Spiny Lucidum,(0.003749553613182424-0.27328494054104036j),-0.0005016509250116086,0.0018146557063302658,0.0018827185087213643
55,(0.00041197590894575576-7.036381652818159e-05j),3,4,CA1 Radiatum,(0.12225480085527368-0.24259521372904364j),0.0034365720837835154,-0.1698269451235542,0.16986171233590497
55,(0.00041197590894575576-7.036381652818159e-05j),3,5,EC LIII V Bipolar Pyramidal,(0.09381930155988974-0.22302010704834485j),-0.01144238145041333,-0.03008081851663024,0.032183594203991694
55,(0.00041197590894575576-7.036381652818159e-05j),4,1,CA3c Pyramidal,(-0.025125337583039004-0.4120276428793512j),-0.002051578628002446,-0.005146838218434855,0.005540660476298658
55,(0.00041197590894575576-7.036381652818159e-05j),4,2,CA1 Bistratified,(-0.10323666661402543+0.3599401686991992j),-0.014668005750627608,-0.00973621782410907,0.017605235875129414
55,(0.00041197590894575576-7.036381652818159e-05j),4,3,CA3 Spiny Lucidum,(0.003749553613182424-0.27328494054104036j),-0.000801965177372743,-0.0038160989118080236,0.0038994562506099333
55,(0.00041197590894575576-7.036381652818159e-05j),4,4,CA1 Radiatum,(0.12225480085527368-0.24259521372904364j),-0.012926327299320165,-0.009533631873490878,0.016061758127564708
55,(0.00041197590894575576-7.036381652818159e-05j),4,5,EC LIII V Bipolar Pyramidal,(0.09381930155988974-0.22302010704834485j),-0.009001924802380488,-0.023903890098811803,0.02554272131163369
55,(0.00041197590894575576-7.036381652818159e-05j),5,1,CA3c Pyramidal,(-0.025125337583039004-0.4120276428793512j),-0.0019901892908795724,-0.0007726867381438075,0.002134923466739511
55,(0.00041197590894575576-7.036381652818159e-05j),5,2,CA1 Bistratified,(-0.10323666661402543+0.3599401686991992j),-0.018862288740876337,-0.03810086380090086,0.04251425359710538
55,(0.00041197590894575576-7.036381652818159e-05j),5,3,CA3 Spiny Lucidum,(0.003749553613182424-0.27328494054104036j),-0.0005332852316861362,-0.0003613450948669779,0.0006441765409567172
55,(0.00041197590894575576-7.036381652818159e-05j),5,4,CA1 Radiatum,(0.12225480085527368-0.24259521372904364j),-0.016185196271606892,-0.029967809461684265,0.034059215820130835
55,(0.00041197590894575576-7.036381652818159e-05j),5,5,EC LIII V Bipolar Pyramidal,(0.09381930155988974-0.22302010704834485j),-0.010253944242242418,-0.004309418210958719,0.011122700114628601
55,(0.00041197590894575576-7.036381652818159e-05j),6,1,CA3c Pyramidal,(-0.025125337583039004-0.4120276428793512j),-0.0018844755933135047,-0.0007295892567403463,0.002020779242110631
55,(0.00041197590894575576-7.036381652818159e-05j),6,2,CA1 Bistratified,(-0.10323666661402543+0.3599401686991992j),-0.018251956270850876,-0.007599440209565958,0.019770821915434382
55,(0.00041197590894575576-7.036381652818159e-05j),6,3,CA3 Spiny Lucidum,(0.003749553613182424-0.27328494054104036j),-0.0004670484004074211,-0.00027676378604817937,0.0005428926243658622
55,(0.00041197590894575576-7.036381652818159e-05j),6,4,CA1 Radiatum,(0.12225480085527368-0.24259521372904364j),-0.015597381138825497,-0.006191130033261273,0.016781191539295984
55,(0.00041197590894575576-7.036381652818159e-05j),6,5,EC LIII V Bipolar Pyramidal,(0.09381930155988974-0.22302010704834485j),-0.010289428498921607,-0.005011174094824352,0.011444833098086613
55,(0.00041197590894575576-7.036381652818159e-05j),7,1,CA3c Pyramidal,(-0.025125337583039004-0.4120276428793512j),-0.001822107269239676,-0.00030190965221653295,0.001846950009804699
55,(0.00041197590894575576-7.036381652818159e-05j),7,2,CA1 Bistratified,(-0.10323666661402543+0.3599401686991992j),-0.017263475233576214,-0.005861349632410499,0.01823137396505425
55,(0.00041197590894575576-7.036381652818159e-05j),7,3,CA3 Spiny Lucidum,(0.003749553613182424-0.27328494054104036j),-0.0004790662640039096,-7.680396594395287e-05,0.00048518381515811454
55,(0.00041197590894575576-7.036381652818159e-05j),7,4,CA1 Radiatum,(0.12225480085527368-0.24259521372904364j),-0.01477095028129244,-0.004724992916578783,0.01550827296232991
55,(0.00041197590894575576-7.036381652818159e-05j),7,5,EC LIII V Bipolar Pyramidal,(0.09381930155988974-0.22302010704834485j),-0.00984138980757867,-0.0021057964490218033,0.010064160771242983
55,(0.00041197590894575576-7.036381652818159e-05j),8,1,CA3c Pyramidal,(-0.025125337583039004-0.4120276428793512j),-0.0017399634079496699,-0.00029915100860854817,0.001765492562135378
55,(0.00041197590894575576-7.036381652818159e-05j),8,2,CA1 Bistratified,(-0.10323666661402543+0.3599401686991992j),-0.016633394722970405,-0.002757753234610626,0.01686045737556206
55,(0.00041197590894575576-7.036381652818159e-05j),8,3,CA3 Spiny Lucidum,(0.003749553613182424-0.27328494054104036j),-0.0004636923988922148,-0.00010827716034909951,0.0004761665509500656
55,(0.00041197590894575576-7.036381652818159e-05j),8,4,CA1 Radiatum,(0.12225480085527368-0.24259521372904364j),-0.014219926954547957,-0.002330061350275419,0.01440956309152803
55,(0.00041197590894575576-7.036381652818159e-05j),8,5,EC LIII V Bipolar Pyramidal,(0.09381930155988974-0.22302010704834485j),-0.009351647882667994,-0.0016448981905981305,0.009495209749070413
55,(0.00041197590894575576-7.036381652818159e-05j),9,1,CA3c Pyramidal,(-0.025125337583039004-0.4120276428793512j),-0.0016549922911484472,-0.0002339970569099166,0.0016714526934386415
55,(0.00041197590894575576-7.036381652818159e-05j),9,2,CA1 Bistratified,(-0.10323666661402543+0.3599401686991992j),-0.015879850986253,-0.0026186500268643564,0.016094315621013437
55,(0.00041197590894575576-7.036381652818159e-05j),9,3,CA3 Spiny Lucidum,(0.003749553613182424-0.27328494054104036j),-0.0004401084087402806,-6.722838182490069e-05,0.000445213506945484
55,(0.00041197590894575576-7.036381652818159e-05j),9,4,CA1 Radiatum,(0.12225480085527368-0.24259521372904364j),-0.013570076025536983,-0.0022019465364991396,0.013747564580261266
55,(0.00041197590894575576-7.036381652818159e-05j),9,5,EC LIII V Bipolar Pyramidal,(0.09381930155988974-0.22302010704834485j),-0.008907554072039206,-0.0012729218695935916,0.008998046989896856
55,(0.00041197590894575576-7.036381652818159e-05j),10,1,CA3c Pyramidal,(-0.025125337583039004-0.4120276428793512j),-0.0015725033731358495,-0.00021688882453176653,0.0015873901917078852
55,(0.00041197590894575576-7.036381652818159e-05j),10,2,CA1 Bistratified,(-0.10323666661402543+0.3599401686991992j),-0.015102613626955362,-0.0021289970330568213,0.015251936491208665
55,(0.00041197590894575576-7.036381652818159e-05j),10,3,CA3 Spiny Lucidum,(0.003749553613182424-0.27328494054104036j),-0.0004177625524137048,-5.9625448491152595e-05,0.00042199614252619007
55,(0.00041197590894575576-7.036381652818159e-05j),10,4,CA1 Radiatum,(0.12225480085527368-0.24259521372904364j),-0.012904222285547827,-0.001811334490005589,0.013030728507244443
55,(0.00041197590894575576-7.036381652818159e-05j),10,5,EC LIII V Bipolar Pyramidal,(0.09381930155988974-0.22302010704834485j),-0.008471309890146984,-0.0011821574071122964,0.008553396248864692
56,(-0.00012135571152664657+0.0002765361809918128j),0,1,CA1 Quadrilaminar,(-0.14191657716775322+0.43741636793835975j),-0.14191657716775322,0.43741636793835975,0.45986236399100694
56,(-0.00012135571152664657+0.0002765361809918128j),0,2,CA1 Bistratified,(0.01603590793565809-0.2602737397853108j),0.01603590793565809,-0.2602737397853108,0.2607672716526224
56,(-0.00012135571152664657+0.0002765361809918128j),0,3,CA1 Radiatum,(-0.11939149652808256+0.21780958492269656j),-0.11939149652808256,0.21780958492269656,0.2483854760798475
56,(-0.00012135571152664657+0.0002765361809918128j),0,4,EC LIII Pyramidal Stellate,(-0.12192594713576647+0.19420439337598j),-0.12192594713576647,0.19420439337598,0.22930609017530718
56,(-0.00012135571152664657+0.0002765361809918128j),0,5,EC LIII V Bipolar Pyramidal,(-0.1334836303584805-0.15445951926609447j),-0.1334836303584805,-0.15445951926609447,0.20414608168072307
56,(-0.00012135571152664657+0.0002765361809918128j),1,1,CA1 Quadrilaminar,(-0.14191657716775322+0.43741636793835975j),0.24968451436010455,-0.7907412820028072,0.8292250187824076
56,(-0.00012135571152664657+0.0002765361809918128j),1,2,CA1 Bistratified,(0.01603590793565809-0.2602737397853108j),0.3819087537221115,-1.1481518224928915,1.210002852750077
56,(-0.00012135571152664657+0.0002765361809918128j),1,3,CA1 Radiatum,(-0.11939149652808256+0.21780958492269656j),0.28735788899429265,-0.8732763991365207,0.9193401033655086
56,(-0.00012135571152664657+0.0002765361809918128j),1,4,EC LIII Pyramidal Stellate,(-0.12192594713576647+0.19420439337598j),-0.02551372209194109,-0.01326459681771496,0.028755861032515383
56,(-0.00012135571152664657+0.0002765361809918128j),1,5,EC LIII V Bipolar Pyramidal,(-0.1334836303584805-0.15445951926609447j),-0.00763101785594517,-0.01808095832050839,0.019625327699320478
56,(-0.00012135571152664657+0.0002765361809918128j),2,1,CA1 Quadrilaminar,(-0.14191657716775322+0.43741636793835975j),0.044923073223880554,-0.08876838326037544,0.0994882323420164
56,(-0.00012135571152664657+0.0002765361809918128j),2,2,CA1 Bistratified,(0.01603590793565809-0.2602737397853108j),0.06168619115439321,-0.08173108347033568,0.10239705163905512
56,(-0.00012135571152664657+0.0002765361809918128j),2,3,CA1 Radiatum,(-0.11939149652808256+0.21780958492269656j),0.054608714851662445,-0.06481323175530246,0.08475179495631185
56,(-0.00012135571152664657+0.0002765361809918128j),2,4,EC LIII Pyramidal Stellate,(-0.12192594713576647+0.19420439337598j),-0.017182233273149168,-0.009335674930972338,0.019554640540539212
56,(-0.00012135571152664657+0.0002765361809918128j),2,5,EC LIII V Bipolar Pyramidal,(-0.1334836303584805-0.15445951926609447j),0.023595351968680067,-0.10064347766100147,0.1033723862074703
56,(-0.00012135571152664657+0.0002765361809918128j),3,1,CA1 Quadrilaminar,(-0.14191657716775322+0.43741636793835975j),0.03741846011773681,-0.07100996612198861,0.08026553710172647
56,(-0.00012135571152664657+0.0002765361809918128j),3,2,CA1 Bistratified,(0.01603590793565809-0.2602737397853108j),0.059428644972923404,-0.0994242916920615,0.11583157437325069
56,(-0.00012135571152664657+0.0002765361809918128j),3,3,CA1 Radiatum,(-0.11939149652808256+0.21780958492269656j),0.04736384390686683,-0.07939980345429058,0.0924535694184601
56,(-0.00012135571152664657+0.0002765361809918128j),3,4,EC LIII Pyramidal Stellate,(-0.12192594713576647+0.19420439337598j),-0.014834416400279028,-0.01615536880824588,0.02193298546179501
56,(-0.00012135571152664657+0.0002765361809918128j),3,5,EC LIII V Bipolar Pyramidal,(-0.1334836303584805-0.15445951926609447j),0.0014183977740030614,-0.019766186662235584,0.01981701257535143
56,(-0.00012135571152664657+0.0002765361809918128j),4,1,CA1 Quadrilaminar,(-0.14191657716775322+0.43741636793835975j),-0.0060052207449294214,-0.019662867747013785,0.02055945145746563
56,(-0.00012135571152664657+0.0002765361809918128j),4,2,CA1 Bistratified,(0.01603590793565809-0.2602737397853108j),-0.0030719181103001647,-0.018893978417965068,0.019142076724716153
56,(-0.00012135571152664657+0.0002765361809918128j),4,3,CA1 Radiatum,(-0.11939149652808256+0.21780958492269656j),-0.003267327634416611,-0.016236885325968852,0.016562363205753126
56,(-0.00012135571152664657+0.0002765361809918128j),4,4,EC LIII Pyramidal Stellate,(-0.12192594713576647+0.19420439337598j),-0.01489136498094211,-0.011269390413948324,0.01867490056995269
56,(-0.00012135571152664657+0.0002765361809918128j),4,5,EC LIII V Bipolar Pyramidal,(-0.1334836303584805-0.15445951926609447j),-0.00037048478022053453,-0.015149367903833347,0.015153897414793034
56,(-0.00012135571152664657+0.0002765361809918128j),5,1,CA1 Quadrilaminar,(-0.14191657716775322+0.43741636793835975j),-0.009123627449363039,-0.021148667084993925,0.023032730999746343
56,(-0.00012135571152664657+0.0002765361809918128j),5,2,CA1 Bistratified,(0.01603590793565809-0.2602737397853108j),-0.005936728746358403,-0.024334022231359647,0.025047742137049873
56,(-0.00012135571152664657+0.0002765361809918128j),5,3,CA1 Radiatum,(-0.11939149652808256+0.21780958492269656j),-0.0056425584381873,-0.019724465160543235,0.020515676727757302
56,(-0.00012135571152664657+0.0002765361809918128j),5,4,EC LIII Pyramidal Stellate,(-0.12192594713576647+0.19420439337598j),-0.014162318893062902,-0.01050969392504709,0.017635899263348555
56,(-0.00012135571152664657+0.0002765361809918128j),5,5,EC LIII V Bipolar Pyramidal,(-0.1334836303584805-0.15445951926609447j),-0.006113895507395362,-0.0070986391931413696,0.009368585628031157
56,(-0.00012135571152664657+0.0002765361809918128j),6,1,CA1 Quadrilaminar,(-0.14191657716775322+0.43741636793835975j),-0.012655300552365918,-0.011968353384388376,0.0174183269806349
56,(-0.00012135571152664657+0.0002765361809918128j),6,2,CA1 Bistratified,(0.01603590793565809-0.2602737397853108j),-0.011431264967590312,-0.011625144199595896,0.01630391966432169
56,(-0.00012135571152664657+0.0002765361809918128j),6,3,CA1 Radiatum,(-0.11939149652808256+0.21780958492269656j),-0.009866028856598085,-0.009775322982726693,0.01388868117626187
56,(-0.00012135571152664657+0.0002765361809918128j),6,4,EC LIII Pyramidal Stellate,(-0.12192594713576647+0.19420439337598j),-0.013769570723604048,-0.00954817122962446,0.01675615265335578
56,(-0.00012135571152664657+0.0002765361809918128j),6,5,EC LIII V Bipolar Pyramidal,(-0.1334836303584805-0.15445951926609447j),-0.006545863491084295,-0.006643179007548628,0.009326315251493756
56,(-0.00012135571152664657+0.0002765361809918128j),7,1,CA1 Quadrilaminar,(-0.14191657716775322+0.43741636793835975j),-0.012606656386076685,-0.010336404457619169,0.016302424431602115
56,(-0.00012135571152664657+0.0002765361809918128j),7,2,CA1 Bistratified,(0.01603590793565809-0.2602737397853108j),-0.011421542435435708,-0.010132940908400289,0.015268533755982947
56,(-0.00012135571152664657+0.0002765361809918128j),7,3,CA1 Radiatum,(-0.11939149652808256+0.21780958492269656j),-0.009845138215973569,-0.008539981854957645,0.013032959624529996
56,(-0.00012135571152664657+0.0002765361809918128j),7,4,EC LIII Pyramidal Stellate,(-0.12192594713576647+0.19420439337598j),-0.01312336267257902,-0.009076635376951945,0.01595643937732275
56,(-0.00012135571152664657+0.0002765361809918128j),7,5,EC LIII V Bipolar Pyramidal,(-0.1334836303584805-0.15445951926609447j),-0.006825314989078171,-0.005207663429160627,0.008585143160807057
56,(-0.00012135571152664657+0.0002765361809918128j),8,1,CA1 Quadrilaminar,(-0.14191657716775322+0.43741636793835975j),-0.012610924512965124,-0.009024241567410479,0.0155071710166195
56,(-0.00012135571152664657+0.0002765361809918128j),8,2,CA1 Bistratified,(0.01603590793565809-0.2602737397853108j),-0.011715027537464727,-0.008489048844020148,0.014467405450864942
56,(-0.00012135571152664657+0.0002765361809918128j),8,3,CA1 Radiatum,(-0.11939149652808256+0.21780958492269656j),-0.010028342909893313,-0.007236420403892514,0.012366626127617807
56,(-0.00012135571152664657+0.0002765361809918128j),8,4,EC LIII Pyramidal Stellate,(-0.12192594713576647+0.19420439337598j),-0.012501870501868462,-0.008561783951547042,0.015152587583593018
56,(-0.00012135571152664657+0.0002765361809918128j),8,5,EC LIII V Bipolar Pyramidal,(-0.1334836303584805-0.15445951926609447j),-0.006593901683872044,-0.004767210801476687,0.008136697010598746
56,(-0.00012135571152664657+0.0002765361809918128j),9,1,CA1 Quadrilaminar,(-0.14191657716775322+0.43741636793835975j),-0.012099323534664431,-0.0084953033597899,0.01478390371895536
56,(-0.00012135571152664657+0.0002765361809918128j),9,2,CA1 Bistratified,(0.01603590793565809-0.2602737397853108j),-0.011260793599650074,-0.00799936520657396,0.013812867776174003
56,(-0.00012135571152664657+0.0002765361809918128j),9,3,CA1 Radiatum,(-0.11939149652808256+0.21780958492269656j),-0.009631516362818001,-0.006819346332264399,0.011801253825191576
56,(-0.00012135571152664657+0.0002765361809918128j),9,4,EC LIII Pyramidal Stellate,(-0.12192594713576647+0.19420439337598j),-0.011882381414557878,-0.008123541448721325,0.014393849858537634
56,(-0.00012135571152664657+0.0002765361809918128j),9,5,EC LIII V Bipolar Pyramidal,(-0.1334836303584805-0.15445951926609447j),-0.006355596533112486,-0.004407918481379018,0.007734555748728828
56,(-0.00012135571152664657+0.0002765361809918128j),10,1,CA1 Quadrilaminar,(-0.14191657716775322+0.43741636793835975j),-0.01156260423859968,-0.007959819667391616,0.01403754059356117
56,(-0.00012135571152664657+0.0002765361809918128j),10,2,CA1 Bistratified,(0.01603590793565809-0.2602737397853108j),-0.0107909360547845,-0.0074479872870006,0.01311170528824419
56,(-0.00012135571152664657+0.0002765361809918128j),10,3,CA1 Radiatum,(-0.11939149652808256+0.21780958492269656j),-0.009222406740674084,-0.006359880756646747,0.01120271705119773
56,(-0.00012135571152664657+0.0002765361809918128j),10,4,EC LIII Pyramidal Stellate,(-0.12192594713576647+0.19420439337598j),-0.011293420223310825,-0.007710181943423406,0.013674364553462008
56,(-0.00012135571152664657+0.0002765361809918128j),10,5,EC LIII V Bipolar Pyramidal,(-0.1334836303584805-0.15445951926609447j),-0.006058125654593915,-0.004170096037434785,0.007354630337976086
57,(-0.00012135571152664596-0.00027653618099181254j),0,1,EC LIII V Bipolar Pyramidal,(0.24989310142151439+0.2171350163840098j),0.24989310142151439,0.2171350163840098,0.33105011324291594
57,(-0.00012135571152664596-0.00027653618099181254j),0,2,CA1 Quadrilaminar,(-0.25972131008662847+0.09569571948518872j),-0.25972131008662847,0.09569571948518872,0.2767902267799615
57,(-0.00012135571152664596-0.00027653618099181254j),0,3,CA1 O LM,(0.1635129057446166+0.2220961002643177j),0.1635129057446166,0.2220961002643177,0.275795482373562
57,(-0.00012135571152664596-0.00027653618099181254j),0,4,EC LV Deep Pyramidal,(-0.05290658284055066-0.21086975523729412j),-0.05290658284055066,-0.21086975523729412,0.21740552012702064
57,(-0.00012135571152664596-0.00027653618099181254j),0,5,CA1 Bistratified,(0.21347874892026414+0.03655374753532174j),0.21347874892026414,0.03655374753532174,0.21658567057734268
57,(-0.00012135571152664596-0.00027653618099181254j),1,1,EC LIII V Bipolar Pyramidal,(0.24989310142151439+0.2171350163840098j),0.022364566810611306,0.014491404335702597,0.026649102203397335
57,(-0.00012135571152664596-0.00027653618099181254j),1,2,CA1 Quadrilaminar,(-0.25972131008662847+0.09569571948518872j),0.47542761256672883,-0.1636106974367885,0.5027920793992802
57,(-0.00012135571152664596-0.00027653618099181254j),1,3,CA1 O LM,(0.1635129057446166+0.2220961002643177j),-0.028135874411719105,-0.06458699291852295,0.07044932280135391
57,(-0.00012135571152664596-0.00027653618099181254j),1,4,EC LV Deep Pyramidal,(-0.05290658284055066-0.21086975523729412j),0.018487297850312008,0.005928195876044913,0.019414522609400083
57,(-0.00012135571152664596-0.00027653618099181254j),1,5,CA1 Bistratified,(0.21347874892026414+0.03655374753532174j),0.6736311345129907,-0.26403293315382886,0.7235276740906829
57,(-0.00012135571152664596-0.00027653618099181254j),2,1,EC LIII V Bipolar Pyramidal,(0.24989310142151439+0.2171350163840098j),0.0675620984803443,-0.00963886605080429,0.06824620787862933
57,(-0.00012135571152664596-0.00027653618099181254j),2,2,CA1 Quadrilaminar,(-0.25972131008662847+0.09569571948518872j),0.03881644164803336,-0.04145578089438818,0.056791706364386504
57,(-0.00012135571152664596-0.00027653618099181254j),2,3,CA1 O LM,(0.1635129057446166+0.2220961002643177j),0.040000514763390914,-0.030549566252920827,0.05033206909692719
57,(-0.00012135571152664596-0.00027653618099181254j),2,4,EC LV Deep Pyramidal,(-0.05290658284055066-0.21086975523729412j),0.07717745792631213,-0.01831223876182108,0.07932022504026083
57,(-0.00012135571152664596-0.00027653618099181254j),2,5,CA1 Bistratified,(0.21347874892026414+0.03655374753532174j),0.0182282955143183,-0.06594731838100884,0.06842016924126586
57,(-0.00012135571152664596-0.00027653618099181254j),3,1,EC LIII V Bipolar Pyramidal,(0.24989310142151439+0.2171350163840098j),0.016039591679791937,0.0025019082411989616,0.016233546935338253
57,(-0.00012135571152664596-0.00027653618099181254j),3,2,CA1 Quadrilaminar,(-0.25972131008662847+0.09569571948518872j),0.0297738942853979,-0.035188448010618316,0.04609459463227806
57,(-0.00012135571152664596-0.00027653618099181254j),3,3,CA1 O LM,(0.1635129057446166+0.2220961002643177j),0.01663636176087298,0.0013097529417811279,0.01668783944694882
57,(-0.00012135571152664596-0.00027653618099181254j),3,4,EC LV Deep Pyramidal,(-0.05290658284055066-0.21086975523729412j),0.014396673046954842,-0.003545567113357793,0.014826841908384951
57,(-0.00012135571152664596-0.00027653618099181254j),3,5,CA1 Bistratified,(0.21347874892026414+0.03655374753532174j),0.035624642376105235,-0.05888709189773924,0.06882444868357596
57,(-0.00012135571152664596-0.00027653618099181254j),4,1,EC LIII V Bipolar Pyramidal,(0.24989310142151439+0.2171350163840098j),0.013549005514778447,0.003909654986428996,0.01410180671234739
57,(-0.00012135571152664596-0.00027653618099181254j),4,2,CA1 Quadrilaminar,(-0.25972131008662847+0.09569571948518872j),0.022345302519452683,0.01262475894668285,0.02566509464521234
57,(-0.00012135571152664596-0.00027653618099181254j),4,3,CA1 O LM,(0.1635129057446166+0.2220961002643177j),0.01128075031972351,0.007391525775663564,0.013486659373923585
57,(-0.00012135571152664596-0.00027653618099181254j),4,4,EC LV Deep Pyramidal,(-0.05290658284055066-0.21086975523729412j),0.011073252387409313,-0.0012249732455334166,0.011140802389753564
57,(-0.00012135571152664596-0.00027653618099181254j),4,5,CA1 Bistratified,(0.21347874892026414+0.03655374753532174j),0.019146604081013374,0.008443003597235115,0.020925504953955183
57,(-0.00012135571152664596-0.00027653618099181254j),5,1,EC LIII V Bipolar Pyramidal,(0.24989310142151439+0.2171350163840098j),0.01146670386378871,0.00995073552650781,0.015182306643535152
57,(-0.00012135571152664596-0.00027653618099181254j),5,2,CA1 Quadrilaminar,(-0.25972131008662847+0.09569571948518872j),0.026329551496635625,0.01722055479390999,0.03146097248058368
57,(-0.00012135571152664596-0.00027653618099181254j),5,3,CA1 O LM,(0.1635129057446166+0.2220961002643177j),0.012289617647693683,0.011003271207632313,0.01649565637357951
57,(-0.00012135571152664596-0.00027653618099181254j),5,4,EC LV Deep Pyramidal,(-0.05290658284055066-0.21086975523729412j),0.008756387493819668,0.006529236493201938,0.010922694316242739
57,(-0.00012135571152664596-0.00027653618099181254j),5,5,CA1 Bistratified,(0.21347874892026414+0.03655374753532174j),0.026365569836346775,0.013580523266124153,0.029657610911484732
57,(-0.00012135571152664596-0.00027653618099181254j),6,1,EC LIII V Bipolar Pyramidal,(0.24989310142151439+0.2171350163840098j),0.01144112351794133,0.010438798848973021,0.015487666988998398
57,(-0.00012135571152664596-0.00027653618099181254j),6,2,CA1 Quadrilaminar,(-0.25972131008662847+0.09569571948518872j),0.02135523507038293,0.019985032275032778,0.02924803548865145
57,(-0.00012135571152664596-0.00027653618099181254j),6,3,CA1 O LM,(0.1635129057446166+0.2220961002643177j),0.011581699889234466,0.011299999610274874,0.01618103097817027
57,(-0.00012135571152664596-0.00027653618099181254j),6,4,EC LV Deep Pyramidal,(-0.05290658284055066-0.21086975523729412j),0.008976101502910457,0.007496178648891256,0.011694575346144234
57,(-0.00012135571152664596-0.00027653618099181254j),6,5,CA1 Bistratified,(0.21347874892026414+0.03655374753532174j),0.020000925928666084,0.01823500766363465,0.0270657078698637
57,(-0.00012135571152664596-0.00027653618099181254j),7,1,EC LIII V Bipolar Pyramidal,(0.24989310142151439+0.2171350163840098j),0.0104282664668761,0.010498244437568681,0.014797360500275525
57,(-0.00012135571152664596-0.00027653618099181254j),7,2,CA1 Quadrilaminar,(-0.25972131008662847+0.09569571948518872j),0.019888158407616912,0.019551931873997334,0.027889368670730004
57,(-0.00012135571152664596-0.00027653618099181254j),7,3,CA1 O LM,(0.1635129057446166+0.2220961002643177j),0.010755497605544078,0.010943576312233175,0.015344138660887272
57,(-0.00012135571152664596-0.00027653618099181254j),7,4,EC LV Deep Pyramidal,(-0.05290658284055066-0.21086975523729412j),0.007990750874152441,0.007850100707226686,0.01120161509097545
57,(-0.00012135571152664596-0.00027653618099181254j),7,5,CA1 Bistratified,(0.21347874892026414+0.03655374753532174j),0.01868942144964213,0.01788649635561477,0.025869310504954782
57,(-0.00012135571152664596-0.00027653618099181254j),8,1,EC LIII V Bipolar Pyramidal,(0.24989310142151439+0.2171350163840098j),0.009844245233534171,0.010083017960287832,0.014091714423924694
57,(-0.00012135571152664596-0.00027653618099181254j),8,2,CA1 Quadrilaminar,(-0.25972131008662847+0.09569571948518872j),0.01874593548901075,0.01926298803080633,0.02687885423959029
57,(-0.00012135571152664596-0.00027653618099181254j),8,3,CA1 O LM,(0.1635129057446166+0.2220961002643177j),0.010156098236858757,0.010503619737204695,0.01461069330937179
57,(-0.00012135571152664596-0.00027653618099181254j),8,4,EC LV Deep Pyramidal,(-0.05290658284055066-0.21086975523729412j),0.007508927436367905,0.0076001141466951055,0.010683900331219574
57,(-0.00012135571152664596-0.00027653618099181254j),8,5,CA1 Bistratified,(0.21347874892026414+0.03655374753532174j),0.017506681943000906,0.017918310304236566,0.02505094323198838
57,(-0.00012135571152664596-0.00027653618099181254j),9,1,EC LIII V Bipolar Pyramidal,(0.24989310142151439+0.2171350163840098j),0.009325162794870116,0.009676604861948388,0.013438576665894085
57,(-0.00012135571152664596-0.00027653618099181254j),9,2,CA1 Quadrilaminar,(-0.25972131008662847+0.09569571948518872j),0.01784324037383373,0.018444943169076414,0.025663147810603217
57,(-0.00012135571152664596-0.00027653618099181254j),9,3,CA1 O LM,(0.1635129057446166+0.2220961002643177j),0.009650540457519743,0.01003117629847579,0.013919677763990366
57,(-0.00012135571152664596-0.00027653618099181254j),9,4,EC LV Deep Pyramidal,(-0.05290658284055066-0.21086975523729412j),0.0070995625353747855,0.00734189024303216,0.01021308672901724
57,(-0.00012135571152664596-0.00027653618099181254j),9,5,CA1 Bistratified,(0.21347874892026414+0.03655374753532174j),0.016687692994608056,0.01718748907025905,0.02395597791831018
57,(-0.00012135571152664596-0.00027653618099181254j),10,1,EC LIII V Bipolar Pyramidal,(0.24989310142151439+0.2171350163840098j),0.0088611837321646,0.009216616545257137,0.01278540565165948
57,(-0.00012135571152664596-0.00027653618099181254j),10,2,CA1 Quadrilaminar,(-0.25972131008662847+0.09569571948518872j),0.016913188052958186,0.017591097977234568,0.02440292314784017
57,(-0.00012135571152664596-0.00027653618099181254j),10,3,CA1 O LM,(0.1635129057446166+0.2220961002643177j),0.009166634137212528,0.00954652039927572,0.013234924750042875
57,(-0.00012135571152664596-0.00027653618099181254j),10,4,EC LV Deep Pyramidal,(-0.05290658284055066-0.21086975523729412j),0.006747045945351946,0.0070053685472092776,0.009726140934148505
57,(-0.00012135571152664596-0.00027653618099181254j),10,5,CA1 Bistratified,(0.21347874892026414+0.03655374753532174j),0.015801366207072474,0.016421455015923313,0.02278919390522633
58,(0.00020612220806661094+0.00015480508129081964j),0,1,CA3 LMR Targeting,(0.362835922743705-0.027079950060739474j),0.362835922743705,-0.027079950060739474,0.3638450639057345
58,(0.00020612220806661094+0.00015480508129081964j),0,2,CA2 Pyramidal,(0.2771622893619466+0.07353485291535683j),0.2771622893619466,0.07353485291535683,0.2867513020679044
58,(0.00020612220806661094+0.00015480508129081964j),0,3,CA3 Mossy Fiber Associated ORDEN,(0.2407406637755386-0.05827067893035358j),0.2407406637755386,-0.05827067893035358,0.24769242866525268
58,(0.00020612220806661094+0.00015480508129081964j),0,4,CA3 Axo Axonic,(-0.22709881633319137+0.07252390185185431j),-0.22709881633319137,0.07252390185185431,0.23839796291024382
58,(0.00020612220806661094+0.00015480508129081964j),0,5,DG HIPP,(0.23538645323769575+0.0010899731328293076j),0.23538645323769575,0.0010899731328293076,0.2353889768218814
58,(0.00020612220806661094+0.00015480508129081964j),1,1,CA3 LMR Targeting,(0.362835922743705-0.027079950060739474j),-0.016432541289843977,0.007688283702666998,0.01814216413593268
58,(0.00020612220806661094+0.00015480508129081964j),1,2,CA2 Pyramidal,(0.2771622893619466+0.07353485291535683j),0.11455682018586623,0.09784979615014885,0.15065804876515088
58,(0.00020612220806661094+0.00015480508129081964j),1,3,CA3 Mossy Fiber Associated ORDEN,(0.2407406637755386-0.05827067893035358j),-0.03883805695294596,0.06168366974152222,0.07289217914606105
58,(0.00020612220806661094+0.00015480508129081964j),1,4,CA3 Axo Axonic,(-0.22709881633319137+0.07252390185185431j),-0.03246820689065614,0.055800363380535165,0.06455900411324682
58,(0.00020612220806661094+0.00015480508129081964j),1,5,DG HIPP,(0.23538645323769575+0.0010899731328293076j),0.02812289369820205,-0.013410075669281422,0.03115649658444008
58,(0.00020612220806661094+0.00015480508129081964j),2,1,CA3 LMR Targeting,(0.362835922743705-0.027079950060739474j),0.0024345027867621084,-0.01345938514960008,0.013677786824776427
58,(0.00020612220806661094+0.00015480508129081964j),2,2,CA2 Pyramidal,(0.2771622893619466+0.07353485291535683j),-0.004736111048984767,0.022337825749160795,0.022834386505185256
58,(0.00020612220806661094+0.00015480508129081964j),2,3,CA3 Mossy Fiber Associated ORDEN,(0.2407406637755386-0.05827067893035358j),0.05021358091193029,0.03676963087461806,0.062236721175320885
58,(0.00020612220806661094+0.00015480508129081964j),2,4,CA3 Axo Axonic,(-0.22709881633319137+0.07252390185185431j),0.04430977926029426,0.018463330235500435,0.0480026155691661
58,(0.00020612220806661094+0.00015480508129081964j),2,5,DG HIPP,(0.23538645323769575+0.0010899731328293076j),0.0417507667123871,0.032070574872938025,0.052646446164512334
58,(0.00020612220806661094+0.00015480508129081964j),3,1,CA3 LMR Targeting,(0.362835922743705-0.027079950060739474j),-0.011575996100964912,-0.015948132665093435,0.019706512152914708
58,(0.00020612220806661094+0.00015480508129081964j),3,2,CA2 Pyramidal,(0.2771622893619466+0.07353485291535683j),0.005164362635916788,0.00015219783816676401,0.005166604844305013
58,(0.00020612220806661094+0.00015480508129081964j),3,3,CA3 Mossy Fiber Associated ORDEN,(0.2407406637755386-0.05827067893035358j),-0.012081849499175077,-0.004149106730910008,0.012774434390030731
58,(0.00020612220806661094+0.00015480508129081964j),3,4,CA3 Axo Axonic,(-0.22709881633319137+0.07252390185185431j),-0.02381661267429951,-0.02381579598008447,0.03368119916871446
58,(0.00020612220806661094+0.00015480508129081964j),3,5,DG HIPP,(0.23538645323769575+0.0010899731328293076j),-0.007574313418218942,-0.0012254282725565817,0.007672802500298866
58,(0.00020612220806661094+0.00015480508129081964j),4,1,CA3 LMR Targeting,(0.362835922743705-0.027079950060739474j),-0.005639522121458045,-0.013373863880910646,0.014514284166418303
58,(0.00020612220806661094+0.00015480508129081964j),4,2,CA2 Pyramidal,(0.2771622893619466+0.07353485291535683j),-0.005646119411680303,-0.0109609136527623,0.012329650948598022
58,(0.00020612220806661094+0.00015480508129081964j),4,3,CA3 Mossy Fiber Associated ORDEN,(0.2407406637755386-0.05827067893035358j),0.004900694942431729,-0.0023526086680309135,0.005436136354403751
58,(0.00020612220806661094+0.00015480508129081964j),4,4,CA3 Axo Axonic,(-0.22709881633319137+0.07252390185185431j),-0.00400372408654735,-0.021924672333898287,0.0222872399257962
58,(0.00020612220806661094+0.00015480508129081964j),4,5,DG HIPP,(0.23538645323769575+0.0010899731328293076j),0.010804399629938968,0.0015699803764017636,0.010917870201908061
58,(0.00020612220806661094+0.00015480508129081964j),5,1,CA3 LMR Targeting,(0.362835922743705-0.027079950060739474j),-0.006743136008134654,-0.01289631736203414,0.014552830814879465
58,(0.00020612220806661094+0.00015480508129081964j),5,2,CA2 Pyramidal,(0.2771622893619466+0.07353485291535683j),-0.00512338498845105,-0.01214507853899724,0.013181502435545688
58,(0.00020612220806661094+0.00015480508129081964j),5,3,CA3 Mossy Fiber Associated ORDEN,(0.2407406637755386-0.05827067893035358j),-0.004186402450643257,-0.006734981295486857,0.007930065480770616
58,(0.00020612220806661094+0.00015480508129081964j),5,4,CA3 Axo Axonic,(-0.22709881633319137+0.07252390185185431j),-0.013754326308828365,-0.025599293549194255,0.029060373748930803
58,(0.00020612220806661094+0.00015480508129081964j),5,5,DG HIPP,(0.23538645323769575+0.0010899731328293076j),-0.0018886285525252997,-0.0033129427117848972,0.0038134639399085026
58,(0.00020612220806661094+0.00015480508129081964j),6,1,CA3 LMR Targeting,(0.362835922743705-0.027079950060739474j),-0.006303328681183402,-0.012199164805115832,0.013731408318355625
58,(0.00020612220806661094+0.00015480508129081964j),6,2,CA2 Pyramidal,(0.2771622893619466+0.07353485291535683j),-0.0067175940008080024,-0.012930062525267525,0.014570950074275158
58,(0.00020612220806661094+0.00015480508129081964j),6,3,CA3 Mossy Fiber Associated ORDEN,(0.2407406637755386-0.05827067893035358j),-0.0031551015263837734,-0.006777293108166838,0.007475718528395444
58,(0.00020612220806661094+0.00015480508129081964j),6,4,CA3 Axo Axonic,(-0.22709881633319137+0.07252390185185431j),-0.01257039261326647,-0.02493011060021069,0.027919978241223643
58,(0.00020612220806661094+0.00015480508129081964j),6,5,DG HIPP,(0.23538645323769575+0.0010899731328293076j),-0.002070268526655777,-0.004293557215160985,0.004766617808501373
58,(0.00020612220806661094+0.00015480508129081964j),7,1,CA3 LMR Targeting,(0.362835922743705-0.027079950060739474j),-0.006063168946416292,-0.01164969704390417,0.013133067383042563
58,(0.00020612220806661094+0.00015480508129081964j),7,2,CA2 Pyramidal,(0.2771622893619466+0.07353485291535683j),-0.006473060728062882,-0.012637277477778638,0.014198637161346195
58,(0.00020612220806661094+0.00015480508129081964j),7,3,CA3 Mossy Fiber Associated ORDEN,(0.2407406637755386-0.05827067893035358j),-0.0037207851674514168,-0.007029527672913204,0.007953521331245614
58,(0.00020612220806661094+0.00015480508129081964j),7,4,CA3 Axo Axonic,(-0.22709881633319137+0.07252390185185431j),-0.012719576984967654,-0.024385299052572782,0.027503280687218492
58,(0.00020612220806661094+0.00015480508129081964j),7,5,DG HIPP,(0.23538645323769575+0.0010899731328293076j),-0.0026327924355527784,-0.004919664271308661,0.0055798470006887205
58,(0.00020612220806661094+0.00015480508129081964j),8,1,CA3 LMR Targeting,(0.362835922743705-0.027079950060739474j),-0.005710082221505024,-0.011054421731620356,0.012442076948679758
58,(0.00020612220806661094+0.00015480508129081964j),8,2,CA2 Pyramidal,(0.2771622893619466+0.07353485291535683j),-0.0062990295158728725,-0.012184466883016415,0.013716377293774088
58,(0.00020612220806661094+0.00015480508129081964j),8,3,CA3 Mossy Fiber Associated ORDEN,(0.2407406637755386-0.05827067893035358j),-0.0034193438088067495,-0.0067304964532878386,0.007549271129754528
58,(0.00020612220806661094+0.00015480508129081964j),8,4,CA3 Axo Axonic,(-0.22709881633319137+0.07252390185185431j),-0.011952352729095204,-0.02323972724447106,0.026133190738180444
58,(0.00020612220806661094+0.00015480508129081964j),8,5,DG HIPP,(0.23538645323769575+0.0010899731328293076j),-0.002376206332434003,-0.004783686834828154,0.005341349667266473
58,(0.00020612220806661094+0.00015480508129081964j),9,1,CA3 LMR Targeting,(0.362835922743705-0.027079950060739474j),-0.005437089144233568,-0.010504430913019431,0.011828144705267211
58,(0.00020612220806661094+0.00015480508129081964j),9,2,CA2 Pyramidal,(0.2771622893619466+0.07353485291535683j),-0.005999047420114905,-0.01161945926084224,0.013076712257412406
58,(0.00020612220806661094+0.00015480508129081964j),9,3,CA3 Mossy Fiber Associated ORDEN,(0.2407406637755386-0.05827067893035358j),-0.0033451351836535324,-0.006459345573873668,0.007274137381135862
58,(0.00020612220806661094+0.00015480508129081964j),9,4,CA3 Axo Axonic,(-0.22709881633319137+0.07252390185185431j),-0.011464545268127294,-0.022152399371152452,0.024943227459652762
58,(0.00020612220806661094+0.00015480508129081964j),9,5,DG HIPP,(0.23538645323769575+0.0010899731328293076j),-0.002389896379299309,-0.004631497299545487,0.005211753250057517
58,(0.00020612220806661094+0.00015480508129081964j),10,1,CA3 LMR Targeting,(0.362835922743705-0.027079950060739474j),-0.005164440689245576,-0.00997859882005881,0.011235830278373486
58,(0.00020612220806661094+0.00015480508129081964j),10,2,CA2 Pyramidal,(0.2771622893619466+0.07353485291535683j),-0.005723610233019977,-0.011061327198394824,0.012454423852169157
58,(0.00020612220806661094+0.00015480508129081964j),10,3,CA3 Mossy Fiber Associated ORDEN,(0.2407406637755386-0.05827067893035358j),-0.003177566939328894,-0.0061483717841437895,0.006920939766388051
58,(0.00020612220806661094+0.00015480508129081964j),10,4,CA3 Axo Axonic,(-0.22709881633319137+0.07252390185185431j),-0.010895512506324258,-0.02106056533062026,0.023712013934307486
58,(0.00020612220806661094+0.00015480508129081964j),10,5,DG HIPP,(0.23538645323769575+0.0010899731328293076j),-0.002286039948072896,-0.004424459603729967,0.004980142711732613
59,(0.00020612220806661045-0.0001548050812908192j),0,1,MEC LII III Pyramidal Multiform,(-0.2501047200692373-0.0408037764682293j),-0.2501047200692373,-0.0408037764682293,0.2534113635474557
59,(0.00020612220806661045-0.0001548050812908192j),0,2,DG Hilar Ectopic Granule,(-0.22974603987332326-0.01838353580097785j),-0.22974603987332326,-0.01838353580097785,0.2304803619096874
59,(0.00020612220806661045-0.0001548050812908192j),0,3,CA3 Axo Axonic,(-0.22513952337583543+0.03843279216308653j),-0.22513952337583543,0.03843279216308653,0.22839633206194307
59,(0.00020612220806661045-0.0001548050812908192j),0,4,MEC LV Pyramidal,(-0.20204806007806286-0.07805157079807472j),-0.20204806007806286,-0.07805157079807472,0.216599783668764
59,(0.00020612220806661045-0.0001548050812908192j),0,5,CA3 Mossy Fiber Associated ORDEN,(0.19490204954065546-0.05204275040588393j),0.19490204954065546,-0.05204275040588393,0.20173065405375865
59,(0.00020612220806661045-0.0001548050812908192j),1,1,MEC LII III Pyramidal Multiform,(-0.2501047200692373-0.0408037764682293j),0.09258332905307545,0.03421615480283132,0.09870368821903952
59,(0.00020612220806661045-0.0001548050812908192j),1,2,DG Hilar Ectopic Granule,(-0.22974603987332326-0.01838353580097785j),0.023462713557333228,-0.024136139255628204,0.033660839942588255
59,(0.00020612220806661045-0.0001548050812908192j),1,3,CA3 Axo Axonic,(-0.22513952337583543+0.03843279216308653j),-0.13902263330268733,-0.02209495418024201,0.14076746630752598
59,(0.00020612220806661045-0.0001548050812908192j),1,4,MEC LV Pyramidal,(-0.20204806007806286-0.07805157079807472j),0.0008060858130299127,-7.907543250104081e-05,0.0008099550987513579
59,(0.00020612220806661045-0.0001548050812908192j),1,5,CA3 Mossy Fiber Associated ORDEN,(0.19490204954065546-0.05204275040588393j),-0.15438885065348648,-0.023354434914452365,0.15614527478050033
59,(0.00020612220806661045-0.0001548050812908192j),2,1,MEC LII III Pyramidal Multiform,(-0.2501047200692373-0.0408037764682293j),0.07240335143518806,0.026941492206328164,0.07725340964223514
59,(0.00020612220806661045-0.0001548050812908192j),2,2,DG Hilar Ectopic Granule,(-0.22974603987332326-0.01838353580097785j),-0.1071554028035395,-0.05483701460286436,0.12037183441546265
59,(0.00020612220806661045-0.0001548050812908192j),2,3,CA3 Axo Axonic,(-0.22513952337583543+0.03843279216308653j),-0.03276491153332115,-0.0273042751304834,0.04265047324693474
59,(0.00020612220806661045-0.0001548050812908192j),2,4,MEC LV Pyramidal,(-0.20204806007806286-0.07805157079807472j),-0.05294690351706597,-0.044195435245575454,0.06896818896122578
59,(0.00020612220806661045-0.0001548050812908192j),2,5,CA3 Mossy Fiber Associated ORDEN,(0.19490204954065546-0.05204275040588393j),-0.07439366445219586,-0.04056537066987327,0.08473468362016892
59,(0.00020612220806661045-0.0001548050812908192j),3,1,MEC LII III Pyramidal Multiform,(-0.2501047200692373-0.0408037764682293j),0.06942241945594829,0.024825147629349346,0.07372760865467304
59,(0.00020612220806661045-0.0001548050812908192j),3,2,DG Hilar Ectopic Granule,(-0.22974603987332326-0.01838353580097785j),0.0007251104088526275,0.0019954478674540682,0.0021231102884102402
59,(0.00020612220806661045-0.0001548050812908192j),3,3,CA3 Axo Axonic,(-0.22513952337583543+0.03843279216308653j),0.05027819171027888,0.023112252290421548,0.0553359988397395
59,(0.00020612220806661045-0.0001548050812908192j),3,4,MEC LV Pyramidal,(-0.20204806007806286-0.07805157079807472j),-0.008918320391962902,-0.002731477712712904,0.00932724016570543
59,(0.00020612220806661045-0.0001548050812908192j),3,5,CA3 Mossy Fiber Associated ORDEN,(0.19490204954065546-0.05204275040588393j),0.006852234600069667,0.006907403742982872,0.009729611784802398
59,(0.00020612220806661045-0.0001548050812908192j),4,1,MEC LII III Pyramidal Multiform,(-0.2501047200692373-0.0408037764682293j),0.06452182614026786,0.023179652700907896,0.06855918864608637
59,(0.00020612220806661045-0.0001548050812908192j),4,2,DG Hilar Ectopic Granule,(-0.22974603987332326-0.01838353580097785j),0.0021354795042772432,-0.006887134319410231,0.007210609672336065
59,(0.00020612220806661045-0.0001548050812908192j),4,3,CA3 Axo Axonic,(-0.22513952337583543+0.03843279216308653j),0.05059430746774851,0.014768407940183354,0.05270569059626051
59,(0.00020612220806661045-0.0001548050812908192j),4,4,MEC LV Pyramidal,(-0.20204806007806286-0.07805157079807472j),0.004916407031389756,0.000750945398024623,0.0049734270969938816
59,(0.00020612220806661045-0.0001548050812908192j),4,5,CA3 Mossy Fiber Associated ORDEN,(0.19490204954065546-0.05204275040588393j),0.00671042928051487,-0.00035108633030608486,0.006719607335262911
59,(0.00020612220806661045-0.0001548050812908192j),5,1,MEC LII III Pyramidal Multiform,(-0.2501047200692373-0.0408037764682293j),0.0606227853949422,0.02163767686578421,0.06436855730237637
59,(0.00020612220806661045-0.0001548050812908192j),5,2,DG Hilar Ectopic Granule,(-0.22974603987332326-0.01838353580097785j),0.01774842787335646,0.006374014098764276,0.01885828061375115
59,(0.00020612220806661045-0.0001548050812908192j),5,3,CA3 Axo Axonic,(-0.22513952337583543+0.03843279216308653j),0.056891218879141454,0.020541032577567633,0.06048590583687307
59,(0.00020612220806661045-0.0001548050812908192j),5,4,MEC LV Pyramidal,(-0.20204806007806286-0.07805157079807472j),0.015054201932851468,0.005572580509764511,0.016052496671012773
59,(0.00020612220806661045-0.0001548050812908192j),5,5,CA3 Mossy Fiber Associated ORDEN,(0.19490204954065546-0.05204275040588393j),0.014831161229765619,0.005610376910519988,0.01585684938761161
59,(0.00020612220806661045-0.0001548050812908192j),6,1,MEC LII III Pyramidal Multiform,(-0.2501047200692373-0.0408037764682293j),0.057392222923176445,0.02051031336594663,0.06094702787202103
59,(0.00020612220806661045-0.0001548050812908192j),6,2,DG Hilar Ectopic Granule,(-0.22974603987332326-0.01838353580097785j),0.022743119815607817,0.008050934629337375,0.024126065724708552
59,(0.00020612220806661045-0.0001548050812908192j),6,3,CA3 Axo Axonic,(-0.22513952337583543+0.03843279216308653j),0.055602232744578116,0.01970468537505779,0.058990532392175034
59,(0.00020612220806661045-0.0001548050812908192j),6,4,MEC LV Pyramidal,(-0.20204806007806286-0.07805157079807472j),0.01627241643108665,0.005571411303886304,0.01719977210383239
59,(0.00020612220806661045-0.0001548050812908192j),6,5,CA3 Mossy Fiber Associated ORDEN,(0.19490204954065546-0.05204275040588393j),0.01517859229449457,0.005261536559619869,0.016064664049108102
59,(0.00020612220806661045-0.0001548050812908192j),7,1,MEC LII III Pyramidal Multiform,(-0.2501047200692373-0.0408037764682293j),0.05441500845277093,0.019430189415677056,0.05777997408829654
59,(0.00020612220806661045-0.0001548050812908192j),7,2,DG Hilar Ectopic Granule,(-0.22974603987332326-0.01838353580097785j),0.024917641098839035,0.008930694565771693,0.026469721255760446
59,(0.00020612220806661045-0.0001548050812908192j),7,3,CA3 Axo Axonic,(-0.22513952337583543+0.03843279216308653j),0.05428521923092434,0.019428011971463856,0.05765702625103779
59,(0.00020612220806661045-0.0001548050812908192j),7,4,MEC LV Pyramidal,(-0.20204806007806286-0.07805157079807472j),0.016619076609887696,0.00591990402930521,0.017641966190918186
59,(0.00020612220806661045-0.0001548050812908192j),7,5,CA3 Mossy Fiber Associated ORDEN,(0.19490204954065546-0.05204275040588393j),0.015635738146111598,0.005620151356534097,0.016615125899135445
59,(0.00020612220806661045-0.0001548050812908192j),8,1,MEC LII III Pyramidal Multiform,(-0.2501047200692373-0.0408037764682293j),0.05166584082195043,0.018450505318858543,0.0548614642017541
59,(0.00020612220806661045-0.0001548050812908192j),8,2,DG Hilar Ectopic Granule,(-0.22974603987332326-0.01838353580097785j),0.024294656440010283,0.008596008433908219,0.02577055863837558
59,(0.00020612220806661045-0.0001548050812908192j),8,3,CA3 Axo Axonic,(-0.22513952337583543+0.03843279216308653j),0.05177580339411786,0.018453699519878405,0.0549661063117655
59,(0.00020612220806661045-0.0001548050812908192j),8,4,MEC LV Pyramidal,(-0.20204806007806286-0.07805157079807472j),0.016119766412813225,0.005740231317122339,0.017111315693941635
59,(0.00020612220806661045-0.0001548050812908192j),8,5,CA3 Mossy Fiber Associated ORDEN,(0.19490204954065546-0.05204275040588393j),0.015005021942323903,0.005329082272903818,0.015923247199016898
59,(0.00020612220806661045-0.0001548050812908192j),9,1,MEC LII III Pyramidal Multiform,(-0.2501047200692373-0.0408037764682293j),0.04906758494705901,0.017520875158900957,0.05210190935916499
59,(0.00020612220806661045-0.0001548050812908192j),9,2,DG Hilar Ectopic Granule,(-0.22974603987332326-0.01838353580097785j),0.023410546719110793,0.008351922829983954,0.024855750092195494
59,(0.00020612220806661045-0.0001548050812908192j),9,3,CA3 Axo Axonic,(-0.22513952337583543+0.03843279216308653j),0.049336176714031836,0.017616232577423514,0.05238692568742753
59,(0.00020612220806661045-0.0001548050812908192j),9,4,MEC LV Pyramidal,(-0.20204806007806286-0.07805157079807472j),0.01549337244745489,0.005532817340990382,0.01645164604300488
59,(0.00020612220806661045-0.0001548050812908192j),9,5,CA3 Mossy Fiber Associated ORDEN,(0.19490204954065546-0.05204275040588393j),0.014385239027145018,0.005137467961042105,0.015275099964282732
59,(0.00020612220806661045-0.0001548050812908192j),10,1,MEC LII III Pyramidal Multiform,(-0.2501047200692373-0.0408037764682293j),0.046610057431003264,0.016643528120816924,0.04949246894255576
59,(0.00020612220806661045-0.0001548050812908192j),10,2,DG Hilar Ectopic Granule,(-0.22974603987332326-0.01838353580097785j),0.022354245189595914,0.0079794083687511,0.023735695395582308
59,(0.00020612220806661045-0.0001548050812908192j),10,3,CA3 Axo Axonic,(-0.22513952337583543+0.03843279216308653j),0.046905480793174824,0.01674653071286099,0.04980532521082147
59,(0.00020612220806661045-0.0001548050812908192j),10,4,MEC LV Pyramidal,(-0.20204806007806286-0.07805157079807472j),0.014766201724329416,0.005269842315125553,0.01567839122454459
59,(0.00020612220806661045-0.0001548050812908192j),10,5,CA3 Mossy Fiber Associated ORDEN,(0.19490204954065546-0.05204275040588393j),0.01369425517795404,0.004887764830484547,0.014540387543564397
60,(0.00023648858979178602+3.2165622336044723e-19j),0,1,CA3 Spiny Lucidum,(0.2748510913112308-0.05458914594628671j),0.2748510913112308,-0.05458914594628671,0.2802197303012754
60,(0.00023648858979178602+3.2165622336044723e-19j),0,2,EC LV Deep Pyramidal,(0.2514604339320292-0.04994344487462185j),0.2514604339320292,-0.04994344487462185,0.2563721855413118
60,(0.00023648858979178602+3.2165622336044723e-19j),0,3,CA1 Quadrilaminar,(0.24706834393702168-0.049071116369020014j),0.24706834393702168,-0.049071116369020014,0.251894305289906
60,(0.00023648858979178602+3.2165622336044723e-19j),0,4,CA1 O LMR,(0.22797862255623297-0.04527963938576188j),0.22797862255623297,-0.04527963938576188,0.23243170628281756
60,(0.00023648858979178602+3.2165622336044723e-19j),0,5,DG Basket,(0.2212015551531202-0.04393362209402968j),0.2212015551531202,-0.04393362209402968,0.22552226309714943
60,(0.00023648858979178602+3.2165622336044723e-19j),1,1,CA3 Spiny Lucidum,(0.2748510913112308-0.05458914594628671j),0.0018086955474553952,-0.00035923141051179714,0.0018440246174287551
60,(0.00023648858979178602+3.2165622336044723e-19j),1,2,EC LV Deep Pyramidal,(0.2514604339320292-0.04994344487462185j),0.02372323823899433,-0.004711756130815338,0.02418662188856391
60,(0.00023648858979178602+3.2165622336044723e-19j),1,3,CA1 Quadrilaminar,(0.24706834393702168-0.049071116369020014j),-0.46285828776273896,0.09192991922493948,0.47189925259461724
60,(0.00023648858979178602+3.2165622336044723e-19j),1,4,CA1 O LMR,(0.22797862255623297-0.04527963938576188j),-0.24142868385316074,0.047951003561983736,0.246144486287365
60,(0.00023648858979178602+3.2165622336044723e-19j),1,5,DG Basket,(0.2212015551531202-0.04393362209402968j),0.00786942769399002,-0.0015629748270292202,0.008023140441302527
60,(0.00023648858979178602+3.2165622336044723e-19j),2,1,CA3 Spiny Lucidum,(0.2748510913112308-0.05458914594628671j),-0.002047034863852298,0.00040656882389248717,0.0020870193919530593
60,(0.00023648858979178602+3.2165622336044723e-19j),2,2,EC LV Deep Pyramidal,(0.2514604339320292-0.04994344487462185j),-0.07053162838461066,0.014008535812421981,0.07190931565654568
60,(0.00023648858979178602+3.2165622336044723e-19j),2,3,CA1 Quadrilaminar,(0.24706834393702168-0.049071116369020014j),-0.18590629057502686,0.03692350494268537,0.18953757963163617
60,(0.00023648858979178602+3.2165622336044723e-19j),2,4,CA1 O LMR,(0.22797862255623297-0.04527963938576188j),-0.07421968846697266,0.014741034450627424,0.07566941424914732
60,(0.00023648858979178602+3.2165622336044723e-19j),2,5,DG Basket,(0.2212015551531202-0.04393362209402968j),-0.051258146128261045,0.010180561432674911,0.0522593663910177
60,(0.00023648858979178602+3.2165622336044723e-19j),3,1,CA3 Spiny Lucidum,(0.2748510913112308-0.05458914594628671j),0.00023468786934400908,-4.661218658556786e-05,0.00023927200411982688
60,(0.00023648858979178602+3.2165622336044723e-19j),3,2,EC LV Deep Pyramidal,(0.2514604339320292-0.04994344487462185j),-0.03189895424692916,0.0063355639616059205,0.03252203334293967
60,(0.00023648858979178602+3.2165622336044723e-19j),3,3,CA1 Quadrilaminar,(0.24706834393702168-0.049071116369020014j),-0.05888411916267771,0.01169518286994906,0.0600342967971307
60,(0.00023648858979178602+3.2165622336044723e-19j),3,4,CA1 O LMR,(0.22797862255623297-0.04527963938576188j),-0.014103032181469088,0.0028010530297207397,0.01437850530433746
60,(0.00023648858979178602+3.2165622336044723e-19j),3,5,DG Basket,(0.2212015551531202-0.04393362209402968j),-0.00456574579587761,0.0009068188975189103,0.0046549280537374026
60,(0.00023648858979178602+3.2165622336044723e-19j),4,1,CA3 Spiny Lucidum,(0.2748510913112308-0.05458914594628671j),-0.00047769412887974663,9.487651802542744e-05,0.00048702488071843857
60,(0.00023648858979178602+3.2165622336044723e-19j),4,2,EC LV Deep Pyramidal,(0.2514604339320292-0.04994344487462185j),-0.008998939306285939,0.0017873111174819285,0.009174714691416433
60,(0.00023648858979178602+3.2165622336044723e-19j),4,3,CA1 Quadrilaminar,(0.24706834393702168-0.049071116369020014j),-0.004370073825911113,0.000867955796502698,0.004455434042671491
60,(0.00023648858979178602+3.2165622336044723e-19j),4,4,CA1 O LMR,(0.22797862255623297-0.04527963938576188j),0.0009279625805519281,-0.00018430592544051294,0.0009460883812081604
60,(0.00023648858979178602+3.2165622336044723e-19j),4,5,DG Basket,(0.2212015551531202-0.04393362209402968j),-0.007597121638723338,0.0015088911596799685,0.007745515458981328
60,(0.00023648858979178602+3.2165622336044723e-19j),5,1,CA3 Spiny Lucidum,(0.2748510913112308-0.05458914594628671j),-2.8662516501560835e-05,5.692763630757967e-06,2.9222378581455816e-05
60,(0.00023648858979178602+3.2165622336044723e-19j),5,2,EC LV Deep Pyramidal,(0.2514604339320292-0.04994344487462185j),0.0014411522055564618,-0.00028623232931194466,0.0014693020880416647
60,(0.00023648858979178602+3.2165622336044723e-19j),5,3,CA1 Quadrilaminar,(0.24706834393702168-0.049071116369020014j),0.004768223590818227,-0.0009470337274702047,0.004861360827278878
60,(0.00023648858979178602+3.2165622336044723e-19j),5,4,CA1 O LMR,(0.22797862255623297-0.04527963938576188j),0.005452701739050541,-0.0010829803498853556,0.005559208819003169
60,(0.00023648858979178602+3.2165622336044723e-19j),5,5,DG Basket,(0.2212015551531202-0.04393362209402968j),0.004026074777211546,-0.0007996329305275083,0.004104715694817731
60,(0.00023648858979178602+3.2165622336044723e-19j),6,1,CA3 Spiny Lucidum,(0.2748510913112308-0.05458914594628671j),0.00022313571977332464,-4.431777336020433e-05,0.00022749420756222803
60,(0.00023648858979178602+3.2165622336044723e-19j),6,2,EC LV Deep Pyramidal,(0.2514604339320292-0.04994344487462185j),0.0035907374298679217,-0.0007131690424758054,0.0036608749464302035
60,(0.00023648858979178602+3.2165622336044723e-19j),6,3,CA1 Quadrilaminar,(0.24706834393702168-0.049071116369020014j),0.009946836139148133,-0.001975576255176337,0.0101411266986997
60,(0.00023648858979178602+3.2165622336044723e-19j),6,4,CA1 O LMR,(0.22797862255623297-0.04527963938576188j),0.006228765607673284,-0.00123711713568372,0.006350431465871892
60,(0.00023648858979178602+3.2165622336044723e-19j),6,5,DG Basket,(0.2212015551531202-0.04393362209402968j),0.009569262436501299,-0.0019005850086037178,0.009756177886527283
60,(0.00023648858979178602+3.2165622336044723e-19j),7,1,CA3 Spiny Lucidum,(0.2748510913112308-0.05458914594628671j),0.00031051164080005903,-6.16718136238413e-05,0.00031657683375130075
60,(0.00023648858979178602+3.2165622336044723e-19j),7,2,EC LV Deep Pyramidal,(0.2514604339320292-0.04994344487462185j),0.004487714593462536,-0.0008913208448221338,0.004575372675617918
60,(0.00023648858979178602+3.2165622336044723e-19j),7,3,CA1 Quadrilaminar,(0.24706834393702168-0.049071116369020014j),0.011659715206939028,-0.002315777216263629,0.011887463262710465
60,(0.00023648858979178602+3.2165622336044723e-19j),7,4,CA1 O LMR,(0.22797862255623297-0.04527963938576188j),0.0064282103292957965,-0.0012767295562308798,0.006553771921376169
60,(0.00023648858979178602+3.2165622336044723e-19j),7,5,DG Basket,(0.2212015551531202-0.04393362209402968j),0.01102064920956115,-0.0021888500615132507,0.011235914452859961
60,(0.00023648858979178602+3.2165622336044723e-19j),8,1,CA3 Spiny Lucidum,(0.2748510913112308-0.05458914594628671j),0.00030681102106031743,-6.093682046772637e-05,0.0003128039301747829
60,(0.00023648858979178602+3.2165622336044723e-19j),8,2,EC LV Deep Pyramidal,(0.2514604339320292-0.04994344487462185j),0.004686964911499164,-0.0009308946541865205,0.00477851493027043
60,(0.00023648858979178602+3.2165622336044723e-19j),8,3,CA1 Quadrilaminar,(0.24706834393702168-0.049071116369020014j),0.012039886460672118,-0.0023912843716313217,0.012275060363675771
60,(0.00023648858979178602+3.2165622336044723e-19j),8,4,CA1 O LMR,(0.22797862255623297-0.04527963938576188j),0.006348498270487293,-0.0012608976627091271,0.006472502854862675
60,(0.00023648858979178602+3.2165622336044723e-19j),8,5,DG Basket,(0.2212015551531202-0.04393362209402968j),0.010807216907769522,-0.002146459518268281,0.011018313199176358
60,(0.00023648858979178602+3.2165622336044723e-19j),9,1,CA3 Spiny Lucidum,(0.2748510913112308-0.05458914594628671j),0.0002998967387325007,-5.956355043519214e-05,0.0003057545918589539
60,(0.00023648858979178602+3.2165622336044723e-19j),9,2,EC LV Deep Pyramidal,(0.2514604339320292-0.04994344487462185j),0.004636139173978369,-0.0009207999749545256,0.0047266964186811365
60,(0.00023648858979178602+3.2165622336044723e-19j),9,3,CA1 Quadrilaminar,(0.24706834393702168-0.049071116369020014j),0.011681270273454466,-0.0023200583441510153,0.011909439362193155
60,(0.00023648858979178602+3.2165622336044723e-19j),9,4,CA1 O LMR,(0.22797862255623297-0.04527963938576188j),0.00611254316310141,-0.001214033785500524,0.006231938859866527
60,(0.00023648858979178602+3.2165622336044723e-19j),9,5,DG Basket,(0.2212015551531202-0.04393362209402968j),0.010475167598407326,-0.0020805100322259917,0.010679778003728152
60,(0.00023648858979178602+3.2165622336044723e-19j),10,1,CA3 Spiny Lucidum,(0.2748510913112308-0.05458914594628671j),0.0002888736677194194,-5.7374219370728556e-05,0.0002945162082977268
60,(0.00023648858979178602+3.2165622336044723e-19j),10,2,EC LV Deep Pyramidal,(0.2514604339320292-0.04994344487462185j),0.004456757589891818,-0.0008851723650110427,0.004543810991979922
60,(0.00023648858979178602+3.2165622336044723e-19j),10,3,CA1 Quadrilaminar,(0.24706834393702168-0.049071116369020014j),0.011199340150667408,-0.002224340500415244,0.011418095746320337
60,(0.00023648858979178602+3.2165622336044723e-19j),10,4,CA1 O LMR,(0.22797862255623297-0.04527963938576188j),0.005830643874332125,-0.0011580447721647332,0.005944533260368285
60,(0.00023648858979178602+3.2165622336044723e-19j),10,5,DG Basket,(0.2212015551531202-0.04393362209402968j),0.01004481896548852,-0.001995036970365058,0.01024102341382741
61,(0.0001472108682193068+7.756126873072171e-05j),0,1,CA1 Quadrilaminar,(-0.3128969061864088+0.3654992233225384j),-0.3128969061864088,0.3654992233225384,0.48113839604671454
61,(0.0001472108682193068+7.756126873072171e-05j),0,2,CA3 Pyramidal,(0.061604240893244455+0.3258587849848668j),0.061604240893244455,0.3258587849848668,0.3316308644379268
61,(0.0001472108682193068+7.756126873072171e-05j),0,3,CA1 Oriens Alveus,(0.23940402960997761-0.20933949283111916j),0.23940402960997761,-0.20933949283111916,0.3180209311543585
61,(0.0001472108682193068+7.756126873072171e-05j),0,4,CA3c Pyramidal,(-0.09620605216188408+0.27228254388357803j),-0.09620605216188408,0.27228254388357803,0.2887791339004391
61,(0.0001472108682193068+7.756126873072171e-05j),0,5,CA1 Ivy,(-0.2077437078893823+0.09091328220680195j),-0.2077437078893823,0.09091328220680195,0.22676567872859993
61,(0.0001472108682193068+7.756126873072171e-05j),1,1,CA1 Quadrilaminar,(-0.3128969061864088+0.3654992233225384j),-0.5003524904798655,1.5108086713990763,1.5915072906851688
61,(0.0001472108682193068+7.756126873072171e-05j),1,2,CA3 Pyramidal,(0.061604240893244455+0.3258587849848668j),-0.004524071324401862,0.04585519834672792,0.04607783020896312
61,(0.0001472108682193068+7.756126873072171e-05j),1,3,CA1 Oriens Alveus,(0.23940402960997761-0.20933949283111916j),-0.958235039775046,2.8657149888307023,3.0216778102010875
61,(0.0001472108682193068+7.756126873072171e-05j),1,4,CA3c Pyramidal,(-0.09620605216188408+0.27228254388357803j),0.017665144044151992,0.08214110300455646,0.08401915327415406
61,(0.0001472108682193068+7.756126873072171e-05j),1,5,CA1 Ivy,(-0.2077437078893823+0.09091328220680195j),-0.27071831889596676,0.8260697310740572,0.8692983427929813
61,(0.0001472108682193068+7.756126873072171e-05j),2,1,CA1 Quadrilaminar,(-0.3128969061864088+0.3654992233225384j),0.04010435057085632,0.5220208702644695,0.523559115980597
61,(0.0001472108682193068+7.756126873072171e-05j),2,2,CA3 Pyramidal,(0.061604240893244455+0.3258587849848668j),-0.002867385344628586,0.010577083542486236,0.01095885920063416
61,(0.0001472108682193068+7.756126873072171e-05j),2,3,CA1 Oriens Alveus,(0.23940402960997761-0.20933949283111916j),0.07724916241376363,1.016786782830708,1.0197170170360252
61,(0.0001472108682193068+7.756126873072171e-05j),2,4,CA3c Pyramidal,(-0.09620605216188408+0.27228254388357803j),-0.007651527905924147,0.03325240081257915,0.034121372174863523
61,(0.0001472108682193068+7.756126873072171e-05j),2,5,CA1 Ivy,(-0.2077437078893823+0.09091328220680195j),0.03597077513553721,0.2341266172926068,0.23687374187260637
61,(0.0001472108682193068+7.756126873072171e-05j),3,1,CA1 Quadrilaminar,(-0.3128969061864088+0.3654992233225384j),-0.027003969782196335,0.19643911780206455,0.19828651337610223
61,(0.0001472108682193068+7.756126873072171e-05j),3,2,CA3 Pyramidal,(0.061604240893244455+0.3258587849848668j),0.0015870376190749897,0.004784623492416131,0.005040963238165851
61,(0.0001472108682193068+7.756126873072171e-05j),3,3,CA1 Oriens Alveus,(0.23940402960997761-0.20933949283111916j),-0.05356143906683639,0.3873842057575939,0.39106949590239365
61,(0.0001472108682193068+7.756126873072171e-05j),3,4,CA3c Pyramidal,(-0.09620605216188408+0.27228254388357803j),0.0012308981001619246,0.009651188909218464,0.009729365729296217
61,(0.0001472108682193068+7.756126873072171e-05j),3,5,CA1 Ivy,(-0.2077437078893823+0.09091328220680195j),-0.018486448831368022,0.09781310752216091,0.09954472760290523
61,(0.0001472108682193068+7.756126873072171e-05j),4,1,CA1 Quadrilaminar,(-0.3128969061864088+0.3654992233225384j),0.0033272917455570822,0.0698071672047839,0.06988641830510925
61,(0.0001472108682193068+7.756126873072171e-05j),4,2,CA3 Pyramidal,(0.061604240893244455+0.3258587849848668j),-3.164230319871613e-05,0.005048861458469335,0.0050489606120635196
61,(0.0001472108682193068+7.756126873072171e-05j),4,3,CA1 Oriens Alveus,(0.23940402960997761-0.20933949283111916j),0.0062023803269945195,0.13964170408192392,0.13977937988353037
61,(0.0001472108682193068+7.756126873072171e-05j),4,4,CA3c Pyramidal,(-0.09620605216188408+0.27228254388357803j),-0.0011241015425371692,0.006775689560346435,0.006868302067914755
61,(0.0001472108682193068+7.756126873072171e-05j),4,5,CA1 Ivy,(-0.2077437078893823+0.09091328220680195j),0.0031807512209022087,0.029831978067812792,0.030001068210444345
61,(0.0001472108682193068+7.756126873072171e-05j),5,1,CA1 Quadrilaminar,(-0.3128969061864088+0.3654992233225384j),-0.005009876256501406,0.04885240673842447,0.04910861944956218
61,(0.0001472108682193068+7.756126873072171e-05j),5,2,CA3 Pyramidal,(0.061604240893244455+0.3258587849848668j),0.00034394666007668084,0.004661896330271623,0.004674567006598357
61,(0.0001472108682193068+7.756126873072171e-05j),5,3,CA1 Oriens Alveus,(0.23940402960997761-0.20933949283111916j),-0.0094528415620367,0.09665038340138157,0.09711154836182473
61,(0.0001472108682193068+7.756126873072171e-05j),5,4,CA3c Pyramidal,(-0.09620605216188408+0.27228254388357803j),0.00019512820818873346,0.003685505623191361,0.00369066751634526
61,(0.0001472108682193068+7.756126873072171e-05j),5,5,CA1 Ivy,(-0.2077437078893823+0.09091328220680195j),-0.0032774298603110963,0.02117586792757494,0.021427994049265455
61,(0.0001472108682193068+7.756126873072171e-05j),6,1,CA1 Quadrilaminar,(-0.3128969061864088+0.3654992233225384j),0.0010689563893178228,0.031282442381383224,0.031300700776609215
61,(0.0001472108682193068+7.756126873072171e-05j),6,2,CA3 Pyramidal,(0.061604240893244455+0.3258587849848668j),0.00021961463997176775,0.0045376256763358476,0.0045429370861406705
61,(0.0001472108682193068+7.756126873072171e-05j),6,3,CA1 Oriens Alveus,(0.23940402960997761-0.20933949283111916j),0.0021029754983394296,0.062250727370489915,0.062286238962564425
61,(0.0001472108682193068+7.756126873072171e-05j),6,4,CA3c Pyramidal,(-0.09620605216188408+0.27228254388357803j),1.8109081383710805e-05,0.0026698613222609514,0.0026699227365100955
61,(0.0001472108682193068+7.756126873072171e-05j),6,5,CA1 Ivy,(-0.2077437078893823+0.09091328220680195j),0.0005652919625064791,0.012058386186062352,0.012071629236150926
61,(0.0001472108682193068+7.756126873072171e-05j),7,1,CA1 Quadrilaminar,(-0.3128969061864088+0.3654992233225384j),0.0007019286664893756,0.024026119362321015,0.024036370679978634
61,(0.0001472108682193068+7.756126873072171e-05j),7,2,CA3 Pyramidal,(0.061604240893244455+0.3258587849848668j),0.00025194219433991147,0.004269337952746115,0.004276765299153929
61,(0.0001472108682193068+7.756126873072171e-05j),7,3,CA1 Oriens Alveus,(0.23940402960997761-0.20933949283111916j),0.001430506666938643,0.04807043842389398,0.048091718617549316
61,(0.0001472108682193068+7.756126873072171e-05j),7,4,CA3c Pyramidal,(-0.09620605216188408+0.27228254388357803j),0.00011490160583898213,0.002160449230930281,0.0021635025441287606
61,(0.0001472108682193068+7.756126873072171e-05j),7,5,CA1 Ivy,(-0.2077437078893823+0.09091328220680195j),0.0001205804502874032,0.00881855299183654,0.008819377331468514
61,(0.0001472108682193068+7.756126873072171e-05j),8,1,CA1 Quadrilaminar,(-0.3128969061864088+0.3654992233225384j),0.0010653571388773392,0.02055152988457496,0.02057912453021106
61,(0.0001472108682193068+7.756126873072171e-05j),8,2,CA3 Pyramidal,(0.061604240893244455+0.3258587849848668j),0.00022492346174018529,0.004062736423411952,0.004068957828456733
61,(0.0001472108682193068+7.756126873072171e-05j),8,3,CA1 Oriens Alveus,(0.23940402960997761-0.20933949283111916j),0.002134107796803953,0.04123106220385026,0.041286255661492834
61,(0.0001472108682193068+7.756126873072171e-05j),8,4,CA3c Pyramidal,(-0.09620605216188408+0.27228254388357803j),9.098536607761279e-05,0.0019719224809371183,0.0019740204172362247
61,(0.0001472108682193068+7.756126873072171e-05j),8,5,CA1 Ivy,(-0.2077437078893823+0.09091328220680195j),0.0003828746244835019,0.0072332646667095145,0.007243390830042357
61,(0.0001472108682193068+7.756126873072171e-05j),9,1,CA1 Quadrilaminar,(-0.3128969061864088+0.3654992233225384j),0.0009576062674682717,0.018982362450169446,0.01900650136014247
61,(0.0001472108682193068+7.756126873072171e-05j),9,2,CA3 Pyramidal,(0.061604240893244455+0.3258587849848668j),0.0002170873952536456,0.0038594366020166244,0.0038655371970999887
61,(0.0001472108682193068+7.756126873072171e-05j),9,3,CA1 Oriens Alveus,(0.23940402960997761-0.20933949283111916j),0.0019291965274676273,0.03808950187583211,0.03813832655466953
61,(0.0001472108682193068+7.756126873072171e-05j),9,4,CA3c Pyramidal,(-0.09620605216188408+0.27228254388357803j),0.00010005912171787256,0.0018285560318824013,0.001831291617840388
61,(0.0001472108682193068+7.756126873072171e-05j),9,5,CA1 Ivy,(-0.2077437078893823+0.09091328220680195j),0.0003132780743819604,0.006628729055232663,0.006636127789575347
61,(0.0001472108682193068+7.756126873072171e-05j),10,1,CA1 Quadrilaminar,(-0.3128969061864088+0.3654992233225384j),0.0009747640363697611,0.017771175651491354,0.017797888890617307
61,(0.0001472108682193068+7.756126873072171e-05j),10,2,CA3 Pyramidal,(0.061604240893244455+0.3258587849848668j),0.00020511492746752016,0.0036679017289801986,0.003673632429479838
61,(0.0001472108682193068+7.756126873072171e-05j),10,3,CA1 Oriens Alveus,(0.23940402960997761-0.20933949283111916j),0.0019572146929796,0.0356702274968983,0.03572388303411171
61,(0.0001472108682193068+7.756126873072171e-05j),10,4,CA3c Pyramidal,(-0.09620605216188408+0.27228254388357803j),9.442250380713654e-05,0.0017217869068160067,0.0017243740202485774
61,(0.0001472108682193068+7.756126873072171e-05j),10,5,CA1 Ivy,(-0.2077437078893823+0.09091328220680195j),0.00033733087490059733,0.006164456289049072,0.0061736790861493486
62,(-3.2875398440435697e-06+0.0001761104368373148j),0,1,EC LIII Pyramidal Stellate,(0.4444406359951543+0.16473199760188367j),0.4444406359951543,0.16473199760188367,0.4739874575953295
62,(-3.2875398440435697e-06+0.0001761104368373148j),0,2,EC LIV VI Deep Multipolar Principal,(-0.17137696550223985-0.20799259479260107j),-0.17137696550223985,-0.20799259479260107,0.26950136139417746
62,(-3.2875398440435697e-06+0.0001761104368373148j),0,3,CA3 Spiny Lucidum,(0.22520325707369707+0.06159090974409047j),0.22520325707369707,0.06159090974409047,0.2334736541019273
62,(-3.2875398440435697e-06+0.0001761104368373148j),0,4,CA1 Quadrilaminar,(-0.22402495638551356-0.005422681954885375j),-0.22402495638551356,-0.005422681954885375,0.22409057669414634
62,(-3.2875398440435697e-06+0.0001761104368373148j),0,5,DG HIPP,(-0.20024742832127568+0.007245197836403373j),-0.20024742832127568,0.007245197836403373,0.2003784555309604
62,(-3.2875398440435697e-06+0.0001761104368373148j),1,1,EC LIII Pyramidal Stellate,(0.4444406359951543+0.16473199760188367j),-0.03250287320668954,-0.03524709293619629,0.04794574357691196
62,(-3.2875398440435697e-06+0.0001761104368373148j),1,2,EC LIV VI Deep Multipolar Principal,(-0.17137696550223985-0.20799259479260107j),-0.011534885988330001,-0.010544939339123118,0.01562847850654561
62,(-3.2875398440435697e-06+0.0001761104368373148j),1,3,CA3 Spiny Lucidum,(0.22520325707369707+0.06159090974409047j),0.0025887553103018956,-0.0016407061200503041,0.003064893249199193
62,(-3.2875398440435697e-06+0.0001761104368373148j),1,4,CA1 Quadrilaminar,(-0.22402495638551356-0.005422681954885375j),0.75184746296557,-0.18505258641505312,0.7742861662890955
62,(-3.2875398440435697e-06+0.0001761104368373148j),1,5,DG HIPP,(-0.20024742832127568+0.007245197836403373j),0.016602576367545186,-0.014993914346498313,0.022371030585788796
62,(-3.2875398440435697e-06+0.0001761104368373148j),2,1,EC LIII Pyramidal Stellate,(0.4444406359951543+0.16473199760188367j),-0.023144973365370424,-0.0365720238084537,0.04328051198322186
62,(-3.2875398440435697e-06+0.0001761104368373148j),2,2,EC LIV VI Deep Multipolar Principal,(-0.17137696550223985-0.20799259479260107j),0.09191586422123657,-0.026784778676712667,0.09573897045768395
62,(-3.2875398440435697e-06+0.0001761104368373148j),2,3,CA3 Spiny Lucidum,(0.22520325707369707+0.06159090974409047j),0.00521093225750151,-1.5533331457643135e-06,0.005210932489018991
62,(-3.2875398440435697e-06+0.0001761104368373148j),2,4,CA1 Quadrilaminar,(-0.22402495638551356-0.005422681954885375j),0.21844591762952748,-0.15862236782014152,0.2699623575646697
62,(-3.2875398440435697e-06+0.0001761104368373148j),2,5,DG HIPP,(-0.20024742832127568+0.007245197836403373j),0.049093997403170615,-0.006243171727927687,0.04948937031572456
62,(-3.2875398440435697e-06+0.0001761104368373148j),3,1,EC LIII Pyramidal Stellate,(0.4444406359951543+0.16473199760188367j),-0.014072133794090743,-0.03557352681222314,0.03825572845181162
62,(-3.2875398440435697e-06+0.0001761104368373148j),3,2,EC LIV VI Deep Multipolar Principal,(-0.17137696550223985-0.20799259479260107j),0.03726868690862474,-0.02509266002347573,0.044928794897558
62,(-3.2875398440435697e-06+0.0001761104368373148j),3,3,CA3 Spiny Lucidum,(0.22520325707369707+0.06159090974409047j),-0.0005235137764590252,-0.0010726223000159445,0.0011935599158123084
62,(-3.2875398440435697e-06+0.0001761104368373148j),3,4,CA1 Quadrilaminar,(-0.22402495638551356-0.005422681954885375j),0.0946618138397487,-0.054154143988026295,0.10905746334161236
62,(-3.2875398440435697e-06+0.0001761104368373148j),3,5,DG HIPP,(-0.20024742832127568+0.007245197836403373j),0.001780881054884787,-0.009960946340735924,0.010118892693109654
62,(-3.2875398440435697e-06+0.0001761104368373148j),4,1,EC LIII Pyramidal Stellate,(0.4444406359951543+0.16473199760188367j),-0.015670450645354893,-0.03422030949849695,0.037637648778868
62,(-3.2875398440435697e-06+0.0001761104368373148j),4,2,EC LIV VI Deep Multipolar Principal,(-0.17137696550223985-0.20799259479260107j),0.015597185665482755,-0.011572582089647494,0.019421556500578696
62,(-3.2875398440435697e-06+0.0001761104368373148j),4,3,CA3 Spiny Lucidum,(0.22520325707369707+0.06159090974409047j),0.0009410256421658079,-0.0011482592321920017,0.0014845970913105468
62,(-3.2875398440435697e-06+0.0001761104368373148j),4,4,CA1 Quadrilaminar,(-0.22402495638551356-0.005422681954885375j),0.006977522526293736,-0.041865474614099715,0.042442947414956515
62,(-3.2875398440435697e-06+0.0001761104368373148j),4,5,DG HIPP,(-0.20024742832127568+0.007245197836403373j),0.007640419966649743,-0.009869703086580825,0.012481468514723863
62,(-3.2875398440435697e-06+0.0001761104368373148j),5,1,EC LIII Pyramidal Stellate,(0.4444406359951543+0.16473199760188367j),-0.015700399609273618,-0.03180313251894596,0.035467475042755964
62,(-3.2875398440435697e-06+0.0001761104368373148j),5,2,EC LIV VI Deep Multipolar Principal,(-0.17137696550223985-0.20799259479260107j),0.00175617585647113,-0.008472005108330027,0.008652110967528224
62,(-3.2875398440435697e-06+0.0001761104368373148j),5,3,CA3 Spiny Lucidum,(0.22520325707369707+0.06159090974409047j),2.6525661692027083e-05,-0.0010827318041959169,0.001083056679285782
62,(-3.2875398440435697e-06+0.0001761104368373148j),5,4,CA1 Quadrilaminar,(-0.22402495638551356-0.005422681954885375j),-0.0023686579243196145,-0.03534409550164715,0.03542337684625785
62,(-3.2875398440435697e-06+0.0001761104368373148j),5,5,DG HIPP,(-0.20024742832127568+0.007245197836403373j),0.0004041805805417006,-0.009115909096636158,0.009124864963374576
62,(-3.2875398440435697e-06+0.0001761104368373148j),6,1,EC LIII Pyramidal Stellate,(0.4444406359951543+0.16473199760188367j),-0.015627711922680504,-0.030096660518864293,0.03391215643874708
62,(-3.2875398440435697e-06+0.0001761104368373148j),6,2,EC LIV VI Deep Multipolar Principal,(-0.17137696550223985-0.20799259479260107j),-0.0009917826178992395,-0.007132048369027632,0.007200676822307522
62,(-3.2875398440435697e-06+0.0001761104368373148j),6,3,CA3 Spiny Lucidum,(0.22520325707369707+0.06159090974409047j),-0.00021840683027833218,-0.0008279649625428931,0.0008562870562556008
62,(-3.2875398440435697e-06+0.0001761104368373148j),6,4,CA1 Quadrilaminar,(-0.22402495638551356-0.005422681954885375j),-0.011343697766493266,-0.032683411889689755,0.034596024219101504
62,(-3.2875398440435697e-06+0.0001761104368373148j),6,5,DG HIPP,(-0.20024742832127568+0.007245197836403373j),-0.0018462112448034338,-0.0071317793197767055,0.007366869906984467
62,(-3.2875398440435697e-06+0.0001761104368373148j),7,1,EC LIII Pyramidal Stellate,(0.4444406359951543+0.16473199760188367j),-0.01495567023574963,-0.028543939594759746,0.032224657636502216
62,(-3.2875398440435697e-06+0.0001761104368373148j),7,2,EC LIV VI Deep Multipolar Principal,(-0.17137696550223985-0.20799259479260107j),-0.0024207418485023367,-0.0065552175839244916,0.006987908747950516
62,(-3.2875398440435697e-06+0.0001761104368373148j),7,3,CA3 Spiny Lucidum,(0.22520325707369707+0.06159090974409047j),-0.00036257558481722727,-0.0007669310687284526,0.0008483185244273054
62,(-3.2875398440435697e-06+0.0001761104368373148j),7,4,CA1 Quadrilaminar,(-0.22402495638551356-0.005422681954885375j),-0.013343072057349708,-0.02975260241805229,0.032607589953480426
62,(-3.2875398440435697e-06+0.0001761104368373148j),7,5,DG HIPP,(-0.20024742832127568+0.007245197836403373j),-0.0030326391139789905,-0.0065682644985780025,0.00723456968443289
62,(-3.2875398440435697e-06+0.0001761104368373148j),8,1,EC LIII Pyramidal Stellate,(0.4444406359951543+0.16473199760188367j),-0.014283616420470357,-0.02710936505036536,0.030642117607650773
62,(-3.2875398440435697e-06+0.0001761104368373148j),8,2,EC LIV VI Deep Multipolar Principal,(-0.17137696550223985-0.20799259479260107j),-0.0027784961783665907,-0.006043218391949117,0.006651355466819513
62,(-3.2875398440435697e-06+0.0001761104368373148j),8,3,CA3 Spiny Lucidum,(0.22520325707369707+0.06159090974409047j),-0.0003558174889475198,-0.0007240519218659927,0.0008067572565516569
62,(-3.2875398440435697e-06+0.0001761104368373148j),8,4,CA1 Quadrilaminar,(-0.22402495638551356-0.005422681954885375j),-0.014110769455079768,-0.027980004523377115,0.03133679096114687
62,(-3.2875398440435697e-06+0.0001761104368373148j),8,5,DG HIPP,(-0.20024742832127568+0.007245197836403373j),-0.0030373411029987756,-0.006190787336167724,0.006895744254075879
62,(-3.2875398440435697e-06+0.0001761104368373148j),9,1,EC LIII Pyramidal Stellate,(0.4444406359951543+0.16473199760188367j),-0.013591279717629174,-0.025744066243192747,0.02911150685032869
62,(-3.2875398440435697e-06+0.0001761104368373148j),9,2,EC LIV VI Deep Multipolar Principal,(-0.17137696550223985-0.20799259479260107j),-0.002873159918569943,-0.005686116366052731,0.0063707901586827955
62,(-3.2875398440435697e-06+0.0001761104368373148j),9,3,CA3 Spiny Lucidum,(0.22520325707369707+0.06159090974409047j),-0.00035261870087302175,-0.0006867064187764308,0.0007719492559709662
62,(-3.2875398440435697e-06+0.0001761104368373148j),9,4,CA1 Quadrilaminar,(-0.22402495638551356-0.005422681954885375j),-0.013707986496684631,-0.02648052631310107,0.02981823548790448
62,(-3.2875398440435697e-06+0.0001761104368373148j),9,5,DG HIPP,(-0.20024742832127568+0.007245197836403373j),-0.0030099885022977194,-0.005867403449866995,0.006594425981651139
62,(-3.2875398440435697e-06+0.0001761104368373148j),10,1,EC LIII Pyramidal Stellate,(0.4444406359951543+0.16473199760188367j),-0.012924039673719297,-0.024454160542798982,0.027659298063053894
62,(-3.2875398440435697e-06+0.0001761104368373148j),10,2,EC LIV VI Deep Multipolar Principal,(-0.17137696550223985-0.20799259479260107j),-0.0027937879641814533,-0.005382436321954905,0.00606431133342481
62,(-3.2875398440435697e-06+0.0001761104368373148j),10,3,CA3 Spiny Lucidum,(0.22520325707369707+0.06159090974409047j),-0.0003395778262568282,-0.0006499354319433717,0.000733300188040839
62,(-3.2875398440435697e-06+0.0001761104368373148j),10,4,CA1 Quadrilaminar,(-0.22402495638551356-0.005422681954885375j),-0.013179685144604745,-0.02513117966588686,0.028377460984203642
62,(-3.2875398440435697e-06+0.0001761104368373148j),10,5,DG HIPP,(-0.20024742832127568+0.007245197836403373j),-0.002901360689842558,-0.0055547061672376295,0.006266789804749434
63,(-3.287539844043233e-06-0.00017611043683731542j),0,1,CA3 Pyramidal,(-0.377769458479867+0.2562371098418804j),-0.377769458479867,0.2562371098418804,0.45647258430303544
63,(-3.287539844043233e-06-0.00017611043683731542j),0,2,EC LIII Pyramidal,(-0.28010968118861646+0.05668929392799796j),-0.28010968118861646,0.05668929392799796,0.285788574896974
63,(-3.287539844043233e-06-0.00017611043683731542j),0,3,EC LIII Pyramidal Stellate,(0.23525803089169825-0.1389280170642014j),0.23525803089169825,-0.1389280170642014,0.2732166448524509
63,(-3.287539844043233e-06-0.00017611043683731542j),0,4,LEC LIII Complex Pyramidal,(-0.26779128102977573-0.030691948016462522j),-0.26779128102977573,-0.030691948016462522,0.26954436716172264
63,(-3.287539844043233e-06-0.00017611043683731542j),0,5,EC LII III Pyramidal Tripolar,(0.2668619074722308+0.034429970592346294j),0.2668619074722308,0.034429970592346294,0.2690737826966933
63,(-3.287539844043233e-06-0.00017611043683731542j),1,1,CA3 Pyramidal,(-0.377769458479867+0.2562371098418804j),-0.02751576913218585,0.02961874499471101,0.0404275599807541
63,(-3.287539844043233e-06-0.00017611043683731542j),1,2,EC LIII Pyramidal,(-0.28010968118861646+0.05668929392799796j),-0.009766105492304156,0.026413193294609404,0.028160852197780036
63,(-3.287539844043233e-06-0.00017611043683731542j),1,3,EC LIII Pyramidal Stellate,(0.23525803089169825-0.1389280170642014j),0.0012510476574804647,0.02288108297251157,0.02291525863341381
63,(-3.287539844043233e-06-0.00017611043683731542j),1,4,LEC LIII Complex Pyramidal,(-0.26779128102977573-0.030691948016462522j),-0.004023263541075164,0.02369852183268992,0.024037607754837532
63,(-3.287539844043233e-06-0.00017611043683731542j),1,5,EC LII III Pyramidal Tripolar,(0.2668619074722308+0.034429970592346294j),-0.009465263904543988,0.03214930022949182,0.03351370952354672
63,(-3.287539844043233e-06-0.00017611043683731542j),2,1,CA3 Pyramidal,(-0.377769458479867+0.2562371098418804j),0.0016226191560836344,0.006875170405564386,0.007064054149795138
63,(-3.287539844043233e-06-0.00017611043683731542j),2,2,EC LIII Pyramidal,(-0.28010968118861646+0.05668929392799796j),0.019306258926176486,0.022500299357988973,0.029647851607219167
63,(-3.287539844043233e-06-0.00017611043683731542j),2,3,EC LIII Pyramidal Stellate,(0.23525803089169825-0.1389280170642014j),0.015462492468873852,0.019192305708205886,0.024646161399845067
63,(-3.287539844043233e-06-0.00017611043683731542j),2,4,LEC LIII Complex Pyramidal,(-0.26779128102977573-0.030691948016462522j),0.014126956686473674,0.017808851878650857,0.022731610379760372
63,(-3.287539844043233e-06-0.00017611043683731542j),2,5,EC LII III Pyramidal Tripolar,(0.2668619074722308+0.034429970592346294j),0.02323700106984727,0.0278099500469689,0.036240192333029754
63,(-3.287539844043233e-06-0.00017611043683731542j),3,1,CA3 Pyramidal,(-0.377769458479867+0.2562371098418804j),0.0005857636478178582,0.0050983696017757,0.005131909162038567
63,(-3.287539844043233e-06-0.00017611043683731542j),3,2,EC LIII Pyramidal,(-0.28010968118861646+0.05668929392799796j),0.012985060558473396,0.02396986721765912,0.027261077237325577
63,(-3.287539844043233e-06-0.00017611043683731542j),3,3,EC LIII Pyramidal Stellate,(0.23525803089169825-0.1389280170642014j),0.006512790833131886,0.026619689330960088,0.027404822650638646
63,(-3.287539844043233e-06-0.00017611043683731542j),3,4,LEC LIII Complex Pyramidal,(-0.26779128102977573-0.030691948016462522j),0.004880130183837989,0.02620045833885634,0.02665107291981607
63,(-3.287539844043233e-06-0.00017611043683731542j),3,5,EC LII III Pyramidal Tripolar,(0.2668619074722308+0.034429970592346294j),0.016297929693095386,0.02939668478919842,0.03361231305454253
63,(-3.287539844043233e-06-0.00017611043683731542j),4,1,CA3 Pyramidal,(-0.377769458479867+0.2562371098418804j),0.002233250192763689,0.004407382038616395,0.004940892921102163
63,(-3.287539844043233e-06-0.00017611043683731542j),4,2,EC LIII Pyramidal,(-0.28010968118861646+0.05668929392799796j),0.011353610684964632,0.02396859182777182,0.02652164907753802
63,(-3.287539844043233e-06-0.00017611043683731542j),4,3,EC LIII Pyramidal Stellate,(0.23525803089169825-0.1389280170642014j),0.004907742469326672,0.02409828076576769,0.024592947607210522
63,(-3.287539844043233e-06-0.00017611043683731542j),4,4,LEC LIII Complex Pyramidal,(-0.26779128102977573-0.030691948016462522j),0.0033638466092362957,0.02323557010288264,0.023477801899165183
63,(-3.287539844043233e-06-0.00017611043683731542j),4,5,EC LII III Pyramidal Tripolar,(0.2668619074722308+0.034429970592346294j),0.01410754947424595,0.029507287463085483,0.032706313849124896
63,(-3.287539844043233e-06-0.00017611043683731542j),5,1,CA3 Pyramidal,(-0.377769458479867+0.2562371098418804j),0.001675453909692855,0.004301533069055074,0.004616311573938596
63,(-3.287539844043233e-06-0.00017611043683731542j),5,2,EC LIII Pyramidal,(-0.28010968118861646+0.05668929392799796j),0.01008433455499561,0.023412754500187365,0.025492172851742594
63,(-3.287539844043233e-06-0.00017611043683731542j),5,3,EC LIII Pyramidal Stellate,(0.23525803089169825-0.1389280170642014j),0.007078617363573694,0.021129408626619585,0.022283597839903527
63,(-3.287539844043233e-06-0.00017611043683731542j),5,4,LEC LIII Complex Pyramidal,(-0.26779128102977573-0.030691948016462522j),0.006184743921452045,0.019862862875660095,0.0208034703593226
63,(-3.287539844043233e-06-0.00017611043683731542j),5,5,EC LII III Pyramidal Tripolar,(0.2668619074722308+0.034429970592346294j),0.01248224231865457,0.028870655388574893,0.031453475417948004
63,(-3.287539844043233e-06-0.00017611043683731542j),6,1,CA3 Pyramidal,(-0.377769458479867+0.2562371098418804j),0.0016756856790102737,0.004102839416539825,0.004431840901110167
63,(-3.287539844043233e-06-0.00017611043683731542j),6,2,EC LIII Pyramidal,(-0.28010968118861646+0.05668929392799796j),0.009279910262576607,0.022471547223183147,0.024312284324703528
63,(-3.287539844043233e-06-0.00017611043683731542j),6,3,EC LIII Pyramidal Stellate,(0.23525803089169825-0.1389280170642014j),0.007290125442355793,0.0194490218608853,0.02077042080244109
63,(-3.287539844043233e-06-0.00017611043683731542j),6,4,LEC LIII Complex Pyramidal,(-0.26779128102977573-0.030691948016462522j),0.006602937841914086,0.018090255265055748,0.019257625079408373
63,(-3.287539844043233e-06-0.00017611043683731542j),6,5,EC LII III Pyramidal Tripolar,(0.2668619074722308+0.034429970592346294j),0.011470780618625836,0.02772984508706133,0.030008717342683306
63,(-3.287539844043233e-06-0.00017611043683731542j),7,1,CA3 Pyramidal,(-0.377769458479867+0.2562371098418804j),0.0015556197430881438,0.0038915147964110872,0.004190923549263581
63,(-3.287539844043233e-06-0.00017611043683731542j),7,2,EC LIII Pyramidal,(-0.28010968118861646+0.05668929392799796j),0.008731275836051685,0.021433357912484238,0.0231435522150311
63,(-3.287539844043233e-06-0.00017611043683731542j),7,3,EC LIII Pyramidal Stellate,(0.23525803089169825-0.1389280170642014j),0.007211208943635475,0.018309236983548412,0.019678152691462305
63,(-3.287539844043233e-06-0.00017611043683731542j),7,4,LEC LIII Complex Pyramidal,(-0.26779128102977573-0.030691948016462522j),0.006624249607276924,0.01697228825088963,0.01821920007384503
63,(-3.287539844043233e-06-0.00017611043683731542j),7,5,EC LII III Pyramidal Tripolar,(0.2668619074722308+0.034429970592346294j),0.01078242253024249,0.026454620168807032,0.028567596396906276
63,(-3.287539844043233e-06-0.00017611043683731542j),8,1,CA3 Pyramidal,(-0.377769458479867+0.2562371098418804j),0.0014949699219427674,0.003694134698460247,0.00398516828225378
63,(-3.287539844043233e-06-0.00017611043683731542j),8,2,EC LIII Pyramidal,(-0.28010968118861646+0.05668929392799796j),0.008251288351148583,0.02039553185575461,0.022001397208652487
63,(-3.287539844043233e-06-0.00017611043683731542j),8,3,EC LIII Pyramidal Stellate,(0.23525803089169825-0.1389280170642014j),0.0068938133744030315,0.017331833325690136,0.01865253626911368
63,(-3.287539844043233e-06-0.00017611043683731542j),8,4,LEC LIII Complex Pyramidal,(-0.26779128102977573-0.030691948016462522j),0.00635268265311486,0.016044156371732492,0.017256057793476203
63,(-3.287539844043233e-06-0.00017611043683731542j),8,5,EC LII III Pyramidal Tripolar,(0.2668619074722308+0.034429970592346294j),0.010188384558758947,0.025175982782826015,0.027159405166503732
63,(-3.287539844043233e-06-0.00017611043683731542j),9,1,CA3 Pyramidal,(-0.377769458479867+0.2562371098418804j),0.0014147875026746296,0.0035112067745236013,0.003785524625621229
63,(-3.287539844043233e-06-0.00017611043683731542j),9,2,EC LIII Pyramidal,(-0.28010968118861646+0.05668929392799796j),0.007825814678055884,0.019388397585508085,0.020908212173904553
63,(-3.287539844043233e-06-0.00017611043683731542j),9,3,EC LIII Pyramidal Stellate,(0.23525803089169825-0.1389280170642014j),0.006592232626062602,0.01643212004291985,0.01770514332336941
63,(-3.287539844043233e-06-0.00017611043683731542j),9,4,LEC LIII Complex Pyramidal,(-0.26779128102977573-0.030691948016462522j),0.006088176055848397,0.015200495162026028,0.016374398946458535
63,(-3.287539844043233e-06-0.00017611043683731542j),9,5,EC LII III Pyramidal Tripolar,(0.2668619074722308+0.034429970592346294j),0.009661400773024437,0.02393387180231132,0.02581032514995637
63,(-3.287539844043233e-06-0.00017611043683731542j),10,1,CA3 Pyramidal,(-0.377769458479867+0.2562371098418804j),0.0013447072497717613,0.0033360315730843787,0.0035968519908670927
63,(-3.287539844043233e-06-0.00017611043683731542j),10,2,EC LIII Pyramidal,(-0.28010968118861646+0.05668929392799796j),0.007428553351695442,0.018423647164627507,0.019864898181105102
63,(-3.287539844043233e-06-0.00017611043683731542j),10,3,EC LIII Pyramidal Stellate,(0.23525803089169825-0.1389280170642014j),0.006274673899675631,0.015598382596291697,0.01681312202321646
63,(-3.287539844043233e-06-0.00017611043683731542j),10,4,LEC LIII Complex Pyramidal,(-0.26779128102977573-0.030691948016462522j),0.005799166307120138,0.014425279357761969,0.015547315344042875
63,(-3.287539844043233e-06-0.00017611043683731542j),10,5,EC LII III Pyramidal Tripolar,(0.2668619074722308+0.034429970592346294j),0.009170659132289774,0.0227433129892928,0.02452262780881332
64,(0.00014721086821930745-7.756126873072192e-05j),0,1,CA3 Pyramidal,(0.4012038881756057-0.2594490903203512j),0.4012038881756057,-0.2594490903203512,0.47778487874281006
64,(0.00014721086821930745-7.756126873072192e-05j),0,2,CA3c Pyramidal,(0.20145101424687856-0.17900252289273988j),0.20145101424687856,-0.17900252289273988,0.2694891729607368
64,(0.00014721086821930745-7.756126873072192e-05j),0,3,EC LIV VI Deep Multipolar Principal,(0.18641218111318972+0.1480819806260657j),0.18641218111318972,0.1480819806260657,0.2380709437405479
64,(0.00014721086821930745-7.756126873072192e-05j),0,4,EC LIII Pyramidal Stellate,(-0.04204151055834368-0.2087947526403299j),-0.04204151055834368,-0.2087947526403299,0.21298529841320943
64,(0.00014721086821930745-7.756126873072192e-05j),0,5,CA1 SO SO,(-0.18773108162805877-0.07164428992010798j),-0.18773108162805877,-0.07164428992010798,0.20093746113504407
64,(0.00014721086821930745-7.756126873072192e-05j),1,1,CA3 Pyramidal,(0.4012038881756057-0.2594490903203512j),0.048547898571028036,-0.032405085947006716,0.058369410232550045
64,(0.00014721086821930745-7.756126873072192e-05j),1,2,CA3c Pyramidal,(0.20145101424687856-0.17900252289273988j),0.10595421299356445,-0.061045786243057024,0.12228198260217502
64,(0.00014721086821930745-7.756126873072192e-05j),1,3,EC LIV VI Deep Multipolar Principal,(0.18641218111318972+0.1480819806260657j),0.007916468717364449,0.0075617766133333686,0.010947645523260488
64,(0.00014721086821930745-7.756126873072192e-05j),1,4,EC LIII Pyramidal Stellate,(-0.04204151055834368-0.2087947526403299j),0.03811880614828753,0.019128470670437058,0.042649053592787894
64,(0.00014721086821930745-7.756126873072192e-05j),1,5,CA1 SO SO,(-0.18773108162805877-0.07164428992010798j),2.7856352098599935,-1.8145977776157993,3.3245343458806267
64,(0.00014721086821930745-7.756126873072192e-05j),2,1,CA3 Pyramidal,(0.4012038881756057-0.2594490903203512j),0.012081014021758462,-0.0011989580553513654,0.012140362441559003
64,(0.00014721086821930745-7.756126873072192e-05j),2,2,CA3c Pyramidal,(0.20145101424687856-0.17900252289273988j),0.031128927678772556,-0.02440674456730839,0.03955628039646915
64,(0.00014721086821930745-7.756126873072192e-05j),2,3,EC LIV VI Deep Multipolar Principal,(0.18641218111318972+0.1480819806260657j),0.15263342837574206,-0.13107027813174565,0.20118742820381683
64,(0.00014721086821930745-7.756126873072192e-05j),2,4,EC LIII Pyramidal Stellate,(-0.04204151055834368-0.2087947526403299j),0.042133546028114956,0.018933747244984395,0.046192234040369116
64,(0.00014721086821930745-7.756126873072192e-05j),2,5,CA1 SO SO,(-0.18773108162805877-0.07164428992010798j),0.9395281580347588,-0.7227417237828161,1.185355963007207
64,(0.00014721086821930745-7.756126873072192e-05j),3,1,CA3 Pyramidal,(0.4012038881756057-0.2594490903203512j),0.010577983428442293,0.002898559243831041,0.010967925013529138
64,(0.00014721086821930745-7.756126873072192e-05j),3,2,CA3c Pyramidal,(0.20145101424687856-0.17900252289273988j),0.012772861501362183,-0.004742314933655593,0.013624813461583722
64,(0.00014721086821930745-7.756126873072192e-05j),3,3,EC LIV VI Deep Multipolar Principal,(0.18641218111318972+0.1480819806260657j),0.09816844074928043,-0.061469899732791794,0.11582569374842724
64,(0.00014721086821930745-7.756126873072192e-05j),3,4,EC LIII Pyramidal Stellate,(-0.04204151055834368-0.2087947526403299j),0.05126673324824144,0.006149825349608704,0.05163427437058678
64,(0.00014721086821930745-7.756126873072192e-05j),3,5,CA1 SO SO,(-0.18773108162805877-0.07164428992010798j),0.37546569318480844,-0.18165265250259766,0.4170997157994455
64,(0.00014721086821930745-7.756126873072192e-05j),4,1,CA3 Pyramidal,(0.4012038881756057-0.2594490903203512j),0.00901572459641959,0.002432593646934459,0.00933813695817271
64,(0.00014721086821930745-7.756126873072192e-05j),4,2,CA3c Pyramidal,(0.20145101424687856-0.17900252289273988j),0.00796733495438517,-0.002254756490498672,0.008280238710738574
64,(0.00014721086821930745-7.756126873072192e-05j),4,3,EC LIV VI Deep Multipolar Principal,(0.18641218111318972+0.1480819806260657j),0.04021129595933764,-0.023470632891304525,0.046559842472326175
64,(0.00014721086821930745-7.756126873072192e-05j),4,4,EC LIII Pyramidal Stellate,(-0.04204151055834368-0.2087947526403299j),0.04756999394992562,0.008698995434731427,0.04835883420813035
64,(0.00014721086821930745-7.756126873072192e-05j),4,5,CA1 SO SO,(-0.18773108162805877-0.07164428992010798j),0.17312538339781552,-0.03739710929022175,0.17711844104978286
64,(0.00014721086821930745-7.756126873072192e-05j),5,1,CA3 Pyramidal,(0.4012038881756057-0.2594490903203512j),0.008735617766393354,0.0024645554392399883,0.009076621137494646
64,(0.00014721086821930745-7.756126873072192e-05j),5,2,CA3c Pyramidal,(0.20145101424687856-0.17900252289273988j),0.0056979348137297554,-4.5380218060792096e-05,0.005698115522320058
64,(0.00014721086821930745-7.756126873072192e-05j),5,3,EC LIV VI Deep Multipolar Principal,(0.18641218111318972+0.1480819806260657j),0.018893175670920248,-0.005453281907148264,0.0196644443219503
64,(0.00014721086821930745-7.756126873072192e-05j),5,4,EC LIII Pyramidal Stellate,(-0.04204151055834368-0.2087947526403299j),0.04249229153733013,0.009861002071067698,0.04362148784646231
64,(0.00014721086821930745-7.756126873072192e-05j),5,5,CA1 SO SO,(-0.18773108162805877-0.07164428992010798j),0.11431455766723597,0.004848957028777063,0.11441735217580742
64,(0.00014721086821930745-7.756126873072192e-05j),6,1,CA3 Pyramidal,(0.4012038881756057-0.2594490903203512j),0.0083373063229854,0.002250852626193414,0.008635798415209455
64,(0.00014721086821930745-7.756126873072192e-05j),6,2,CA3c Pyramidal,(0.20145101424687856-0.17900252289273988j),0.004412622719618785,0.0005984590205045667,0.004453020600100472
64,(0.00014721086821930745-7.756126873072192e-05j),6,3,EC LIV VI Deep Multipolar Principal,(0.18641218111318972+0.1480819806260657j),0.012474230633582802,-0.0011030505953909964,0.012522905035007173
64,(0.00014721086821930745-7.756126873072192e-05j),6,4,EC LIII Pyramidal Stellate,(-0.04204151055834368-0.2087947526403299j),0.03937889158152489,0.010264579823387193,0.04069470114327146
64,(0.00014721086821930745-7.756126873072192e-05j),6,5,CA1 SO SO,(-0.18773108162805877-0.07164428992010798j),0.09751244607813926,0.014423976776332545,0.09857346623806122
64,(0.00014721086821930745-7.756126873072192e-05j),7,1,CA3 Pyramidal,(0.4012038881756057-0.2594490903203512j),0.007909802921804846,0.0021664843428730257,0.008201136303568333
64,(0.00014721086821930745-7.756126873072192e-05j),7,2,CA3c Pyramidal,(0.20145101424687856-0.17900252289273988j),0.0038639616432932507,0.0008732594454700519,0.003961411571642631
64,(0.00014721086821930745-7.756126873072192e-05j),7,3,EC LIV VI Deep Multipolar Principal,(0.18641218111318972+0.1480819806260657j),0.009809658168638134,0.0008952694385260235,0.009850426424936514
64,(0.00014721086821930745-7.756126873072192e-05j),7,4,EC LIII Pyramidal Stellate,(-0.04204151055834368-0.2087947526403299j),0.03714964955107186,0.009930099562201753,0.038453911882703085
64,(0.00014721086821930745-7.756126873072192e-05j),7,5,CA1 SO SO,(-0.18773108162805877-0.07164428992010798j),0.08689853385916327,0.018851335929623764,0.08891978437447803
64,(0.00014721086821930745-7.756126873072192e-05j),8,1,CA3 Pyramidal,(0.4012038881756057-0.2594490903203512j),0.007509868329060192,0.0020534816915557742,0.007785557743500209
64,(0.00014721086821930745-7.756126873072192e-05j),8,2,CA3c Pyramidal,(0.20145101424687856-0.17900252289273988j),0.0035729756138118732,0.0008981525710220083,0.0036841325678818584
64,(0.00014721086821930745-7.756126873072192e-05j),8,3,EC LIV VI Deep Multipolar Principal,(0.18641218111318972+0.1480819806260657j),0.008325552118822186,0.0016009004883778732,0.008478071741670574
64,(0.00014721086821930745-7.756126873072192e-05j),8,4,EC LIII Pyramidal Stellate,(-0.04204151055834368-0.2087947526403299j),0.035199141469067476,0.009529337079763226,0.03646625598192356
64,(0.00014721086821930745-7.756126873072192e-05j),8,5,CA1 SO SO,(-0.18773108162805877-0.07164428992010798j),0.07963707412799369,0.020118624125064977,0.08213904438422209
64,(0.00014721086821930745-7.756126873072192e-05j),9,1,CA3 Pyramidal,(0.4012038881756057-0.2594490903203512j),0.007136708585434228,0.0019512545808165378,0.007398648786945368
64,(0.00014721086821930745-7.756126873072192e-05j),9,2,CA3c Pyramidal,(0.20145101424687856-0.17900252289273988j),0.003358172755303517,0.0008884375961361349,0.0034737077621312604
64,(0.00014721086821930745-7.756126873072192e-05j),9,3,EC LIV VI Deep Multipolar Principal,(0.18641218111318972+0.1480819806260657j),0.0075345689178189556,0.0018353784471486837,0.007754891541576932
64,(0.00014721086821930745-7.756126873072192e-05j),9,4,EC LIII Pyramidal Stellate,(-0.04204151055834368-0.2087947526403299j),0.03338953228562777,0.009088971927355957,0.03460448348045733
64,(0.00014721086821930745-7.756126873072192e-05j),9,5,CA1 SO SO,(-0.18773108162805877-0.07164428992010798j),0.07471703118050285,0.01987601382573902,0.07731552673318086
64,(0.00014721086821930745-7.756126873072192e-05j),10,1,CA3 Pyramidal,(0.4012038881756057-0.2594490903203512j),0.006780619620520912,0.0018525556770215932,0.00702913685843846
64,(0.00014721086821930745-7.756126873072192e-05j),10,2,CA3c Pyramidal,(0.20145101424687856-0.17900252289273988j),0.003173761671855922,0.0008560151865967162,0.003287175862260172
64,(0.00014721086821930745-7.756126873072192e-05j),10,3,EC LIV VI Deep Multipolar Principal,(0.18641218111318972+0.1480819806260657j),0.007037628788654638,0.001837524534544853,0.0072735627708816015
64,(0.00014721086821930745-7.756126873072192e-05j),10,4,EC LIII Pyramidal Stellate,(-0.04204151055834368-0.2087947526403299j),0.031701005224370415,0.008650795687354579,0.03286015822025075
64,(0.00014721086821930745-7.756126873072192e-05j),10,5,CA1 SO SO,(-0.18773108162805877-0.07164428992010798j),0.07071575173361691,0.019103142969346287,0.0732505809844388
65,(-5.246165945109683e-05-8.854227035419523e-05j),0,1,CA1 SO SO,(0.2643419682919187-0.02948530752504263j),0.2643419682919187,-0.02948530752504263,0.2659813143066484
65,(-5.246165945109683e-05-8.854227035419523e-05j),0,2,DG MOPP,(-0.19680996719489396-0.16194080293062438j),-0.19680996719489396,-0.16194080293062438,0.25487052956564155
65,(-5.246165945109683e-05-8.854227035419523e-05j),0,3,DG Basket,(0.2297581368937798+0.09993713498183722j),0.2297581368937798,0.09993713498183722,0.25055185574503097
65,(-5.246165945109683e-05-8.854227035419523e-05j),0,4,CA1 Schaffer Collateral Associated,(0.2359648506700319-0.07846396726032565j),0.2359648506700319,-0.07846396726032565,0.24866846384284422
65,(-5.246165945109683e-05-8.854227035419523e-05j),0,5,EC LIII V Bipolar Pyramidal,(0.2298509202163903-0.03259123182304677j),0.2298509202163903,-0.03259123182304677,0.23215002458768982
65,(-5.246165945109683e-05-8.854227035419523e-05j),1,1,CA1 SO SO,(0.2643419682919187-0.02948530752504263j),0.5786054494309962,-0.101180555683198,0.5873855386027187
65,(-5.246165945109683e-05-8.854227035419523e-05j),1,2,DG MOPP,(-0.19680996719489396-0.16194080293062438j),0.00538802074566339,0.0009370311933383383,0.005468893399307408
65,(-5.246165945109683e-05-8.854227035419523e-05j),1,3,DG Basket,(0.2297581368937798+0.09993713498183722j),-0.07410128676140461,-0.049177570049713605,0.08893499927301066
65,(-5.246165945109683e-05-8.854227035419523e-05j),1,4,CA1 Schaffer Collateral Associated,(0.2359648506700319-0.07846396726032565j),-0.24403675713624695,0.21105206380299563,0.32264053134886717
65,(-5.246165945109683e-05-8.854227035419523e-05j),1,5,EC LIII V Bipolar Pyramidal,(0.2298509202163903-0.03259123182304677j),0.004893145452518467,-0.008116416469302116,0.009477293322603282
65,(-5.246165945109683e-05-8.854227035419523e-05j),2,1,CA1 SO SO,(0.2643419682919187-0.02948530752504263j),-0.015550265214077345,0.07546668396333776,0.07705213258989296
65,(-5.246165945109683e-05-8.854227035419523e-05j),2,2,DG MOPP,(-0.19680996719489396-0.16194080293062438j),0.0003402188517524445,-0.0008251471045953685,0.0008925338152192732
65,(-5.246165945109683e-05-8.854227035419523e-05j),2,3,DG Basket,(0.2297581368937798+0.09993713498183722j),-0.0014515049373152475,0.01591752526073147,0.015983568969697444
65,(-5.246165945109683e-05-8.854227035419523e-05j),2,4,CA1 Schaffer Collateral Associated,(0.2359648506700319-0.07846396726032565j),0.055834210907415034,-0.0442435068935886,0.07123866232529023
65,(-5.246165945109683e-05-8.854227035419523e-05j),2,5,EC LIII V Bipolar Pyramidal,(0.2298509202163903-0.03259123182304677j),-0.03685994079349233,0.03646670712948793,0.05185051556318033
65,(-5.246165945109683e-05-8.854227035419523e-05j),3,1,CA1 SO SO,(0.2643419682919187-0.02948530752504263j),0.015442378646112876,-0.02510433943359006,0.02947363086975929
65,(-5.246165945109683e-05-8.854227035419523e-05j),3,2,DG MOPP,(-0.19680996719489396-0.16194080293062438j),0.00014935023390773712,-0.00020131843154657378,0.00025066831321223735
65,(-5.246165945109683e-05-8.854227035419523e-05j),3,3,DG Basket,(0.2297581368937798+0.09993713498183722j),0.011417914229934057,-0.005917486147514884,0.012860225801600886
65,(-5.246165945109683e-05-8.854227035419523e-05j),3,4,CA1 Schaffer Collateral Associated,(0.2359648506700319-0.07846396726032565j),0.0005923323900807396,0.008785974404721347,0.008805918685790675
65,(-5.246165945109683e-05-8.854227035419523e-05j),3,5,EC LIII V Bipolar Pyramidal,(0.2298509202163903-0.03259123182304677j),0.008677536812420969,-0.008207711637443839,0.0119442946821632
65,(-5.246165945109683e-05-8.854227035419523e-05j),4,1,CA1 SO SO,(0.2643419682919187-0.02948530752504263j),0.01743365182141379,-0.011447282023087917,0.020855993899749684
65,(-5.246165945109683e-05-8.854227035419523e-05j),4,2,DG MOPP,(-0.19680996719489396-0.16194080293062438j),0.00017545305050985322,-0.0003239724750300091,0.00036843172706796433
65,(-5.246165945109683e-05-8.854227035419523e-05j),4,3,DG Basket,(0.2297581368937798+0.09993713498183722j),-0.005554529151263112,0.004643406172031003,0.007239752410869264
65,(-5.246165945109683e-05-8.854227035419523e-05j),4,4,CA1 Schaffer Collateral Associated,(0.2359648506700319-0.07846396726032565j),0.0071022493655848555,-0.006737143508154025,0.009789333414508489
65,(-5.246165945109683e-05-8.854227035419523e-05j),4,5,EC LIII V Bipolar Pyramidal,(0.2298509202163903-0.03259123182304677j),0.0020264935327476913,-0.0009729334331928412,0.002247949177293078
65,(-5.246165945109683e-05-8.854227035419523e-05j),5,1,CA1 SO SO,(0.2643419682919187-0.02948530752504263j),0.009887123460574548,-0.011940775948675321,0.015502817182083605
65,(-5.246165945109683e-05-8.854227035419523e-05j),5,2,DG MOPP,(-0.19680996719489396-0.16194080293062438j),0.00022210717053644988,-0.0003039662474900676,0.00037646656533734925
65,(-5.246165945109683e-05-8.854227035419523e-05j),5,3,DG Basket,(0.2297581368937798+0.09993713498183722j),0.0056211441012018575,-0.006742991337730182,0.008778678328038948
65,(-5.246165945109683e-05-8.854227035419523e-05j),5,4,CA1 Schaffer Collateral Associated,(0.2359648506700319-0.07846396726032565j),0.0011541103173079291,-0.0010451672396910672,0.0015570308871181886
65,(-5.246165945109683e-05-8.854227035419523e-05j),5,5,EC LIII V Bipolar Pyramidal,(0.2298509202163903-0.03259123182304677j),0.0030170883434000235,-0.0034429832819684314,0.004577876795174201
65,(-5.246165945109683e-05-8.854227035419523e-05j),6,1,CA1 SO SO,(0.2643419682919187-0.02948530752504263j),0.00798225959757757,-0.010900990316589775,0.013511034681529881
65,(-5.246165945109683e-05-8.854227035419523e-05j),6,2,DG MOPP,(-0.19680996719489396-0.16194080293062438j),0.00018074907266428232,-0.0002614157148649649,0.00031781819212776133
65,(-5.246165945109683e-05-8.854227035419523e-05j),6,3,DG Basket,(0.2297581368937798+0.09993713498183722j),0.003811211566442873,-0.0046261859875505245,0.005993907773364282
65,(-5.246165945109683e-05-8.854227035419523e-05j),6,4,CA1 Schaffer Collateral Associated,(0.2359648506700319-0.07846396726032565j),0.002794954199418954,-0.0036744232952601106,0.004616617325445095
65,(-5.246165945109683e-05-8.854227035419523e-05j),6,5,EC LIII V Bipolar Pyramidal,(0.2298509202163903-0.03259123182304677j),0.0018307062324806785,-0.0024221527588261407,0.0030361668756398556
65,(-5.246165945109683e-05-8.854227035419523e-05j),7,1,CA1 SO SO,(0.2643419682919187-0.02948530752504263j),0.008131442331376004,-0.011314088289345608,0.013933016479126157
65,(-5.246165945109683e-05-8.854227035419523e-05j),7,2,DG MOPP,(-0.19680996719489396-0.16194080293062438j),0.00017218919706552782,-0.0002476479784366009,0.00030162665798932014
65,(-5.246165945109683e-05-8.854227035419523e-05j),7,3,DG Basket,(0.2297581368937798+0.09993713498183722j),0.0034525689375284148,-0.004712817144450838,0.0058421637862538425
65,(-5.246165945109683e-05-8.854227035419523e-05j),7,4,CA1 Schaffer Collateral Associated,(0.2359648506700319-0.07846396726032565j),0.002295093131024396,-0.0030758851155142904,0.003837775621882775
65,(-5.246165945109683e-05-8.854227035419523e-05j),7,5,EC LIII V Bipolar Pyramidal,(0.2298509202163903-0.03259123182304677j),0.0019947795712993046,-0.0027596250981269735,0.003405095625718219
65,(-5.246165945109683e-05-8.854227035419523e-05j),8,1,CA1 SO SO,(0.2643419682919187-0.02948530752504263j),0.007668726085154864,-0.010748555397000708,0.013203817739257375
65,(-5.246165945109683e-05-8.854227035419523e-05j),8,2,DG MOPP,(-0.19680996719489396-0.16194080293062438j),0.00016509612918605708,-0.00023546755790197817,0.00028757903730373095
65,(-5.246165945109683e-05-8.854227035419523e-05j),8,3,DG Basket,(0.2297581368937798+0.09993713498183722j),0.0030758045973795166,-0.004338452017523905,0.0053181519186290835
65,(-5.246165945109683e-05-8.854227035419523e-05j),8,4,CA1 Schaffer Collateral Associated,(0.2359648506700319-0.07846396726032565j),0.00222305206367475,-0.0030962231351580596,0.0038116345811864717
65,(-5.246165945109683e-05-8.854227035419523e-05j),8,5,EC LIII V Bipolar Pyramidal,(0.2298509202163903-0.03259123182304677j),0.0018427651762983753,-0.0025747505901940883,0.0031662476366643823
65,(-5.246165945109683e-05-8.854227035419523e-05j),9,1,CA1 SO SO,(0.2643419682919187-0.02948530752504263j),0.0072366317216126215,-0.010230801126954172,0.012531485561318612
65,(-5.246165945109683e-05-8.854227035419523e-05j),9,2,DG MOPP,(-0.19680996719489396-0.16194080293062438j),0.00015755656636467743,-0.0002238648849740137,0.00027375090562234747
65,(-5.246165945109683e-05-8.854227035419523e-05j),9,3,DG Basket,(0.2297581368937798+0.09993713498183722j),0.0029994373466344687,-0.004239889818051983,0.005193581622118449
65,(-5.246165945109683e-05-8.854227035419523e-05j),9,4,CA1 Schaffer Collateral Associated,(0.2359648506700319-0.07846396726032565j),0.0020490182789180867,-0.002892181049284323,0.003544458651074915
65,(-5.246165945109683e-05-8.854227035419523e-05j),9,5,EC LIII V Bipolar Pyramidal,(0.2298509202163903-0.03259123182304677j),0.0017555275570606255,-0.002477309343597859,0.003036270506308109
65,(-5.246165945109683e-05-8.854227035419523e-05j),10,1,CA1 SO SO,(0.2643419682919187-0.02948530752504263j),0.006852717875148777,-0.009717300259611308,0.011890570491436716
65,(-5.246165945109683e-05-8.854227035419523e-05j),10,2,DG MOPP,(-0.19680996719489396-0.16194080293062438j),0.00014952842445104078,-0.00021236357486438575,0.00025972492688995446
65,(-5.246165945109683e-05-8.854227035419523e-05j),10,3,DG Basket,(0.2297581368937798+0.09993713498183722j),0.002838916669305635,-0.004018402743814968,0.004920061835664372
65,(-5.246165945109683e-05-8.854227035419523e-05j),10,4,CA1 Schaffer Collateral Associated,(0.2359648506700319-0.07846396726032565j),0.0019586638439240715,-0.0027748694486805013,0.0033965076933102694
65,(-5.246165945109683e-05-8.854227035419523e-05j),10,5,EC LIII V Bipolar Pyramidal,(0.2298509202163903-0.03259123182304677j),0.0016558634046288303,-0.002346259814490672,0.00287172748217563
66,(9.14607047496811e-05+9.721099471800831e-20j),0,1,CA1 Ivy,(-0.3772543516481283+0.12797073485635954j),-0.3772543516481283,0.12797073485635954,0.3983683657334331
66,(9.14607047496811e-05+9.721099471800831e-20j),0,2,MEC LII Oblique Pyramidal,(-0.311121006079419+0.19484037956691422j),-0.311121006079419,0.19484037956691422,0.3670954289195782
66,(9.14607047496811e-05+9.721099471800831e-20j),0,3,CA2 SP SR,(-0.3418221864594834+0.11358654265876972j),-0.3418221864594834,0.11358654265876972,0.36020037455437826
66,(9.14607047496811e-05+9.721099471800831e-20j),0,4,CA1 Schaffer Collateral Associated,(-0.24386173958282414+0.15332014120494872j),-0.24386173958282414,0.15332014120494872,0.2880548797216713
66,(9.14607047496811e-05+9.721099471800831e-20j),0,5,CA1 Recurrent O LM,(0.21505138156257675-0.10582975224269499j),0.21505138156257675,-0.10582975224269499,0.23968110724820005
66,(9.14607047496811e-05+9.721099471800831e-20j),1,1,CA1 Ivy,(-0.3772543516481283+0.12797073485635954j),0.09690134016099801,-0.04730852841936114,0.10783304960077382
66,(9.14607047496811e-05+9.721099471800831e-20j),1,2,MEC LII Oblique Pyramidal,(-0.311121006079419+0.19484037956691422j),-0.010512265181222093,0.002299903127575133,0.01076091416360916
66,(9.14607047496811e-05+9.721099471800831e-20j),1,3,CA2 SP SR,(-0.3418221864594834+0.11358654265876972j),0.02823461592910138,-0.010554295638451568,0.030142771821577773
66,(9.14607047496811e-05+9.721099471800831e-20j),1,4,CA1 Schaffer Collateral Associated,(-0.24386173958282414+0.15332014120494872j),0.11833208152469041,-0.05819304743420485,0.1318670250200769
66,(9.14607047496811e-05+9.721099471800831e-20j),1,5,CA1 Recurrent O LM,(0.21505138156257675-0.10582975224269499j),0.07193429936532938,0.005577048387651833,0.07215016904969133
66,(9.14607047496811e-05+9.721099471800831e-20j),2,1,CA1 Ivy,(-0.3772543516481283+0.12797073485635954j),0.014100395365814184,-0.008197306931269664,0.01631002729604447
66,(9.14607047496811e-05+9.721099471800831e-20j),2,2,MEC LII Oblique Pyramidal,(-0.311121006079419+0.19484037956691422j),-0.021567630330701495,0.010234434420923555,0.023872710905927293
66,(9.14607047496811e-05+9.721099471800831e-20j),2,3,CA2 SP SR,(-0.3418221864594834+0.11358654265876972j),0.011931218735722901,-0.00474894608770899,0.012841591391398174
66,(9.14607047496811e-05+9.721099471800831e-20j),2,4,CA1 Schaffer Collateral Associated,(-0.24386173958282414+0.15332014120494872j),0.02495435179105864,-0.010935581427380218,0.027245304448047094
66,(9.14607047496811e-05+9.721099471800831e-20j),2,5,CA1 Recurrent O LM,(0.21505138156257675-0.10582975224269499j),0.0936258178735426,-0.03869665559204251,0.10130757585935478
66,(9.14607047496811e-05+9.721099471800831e-20j),3,1,CA1 Ivy,(-0.3772543516481283+0.12797073485635954j),0.01451124640791895,-0.005039697295677893,0.015361471971897864
66,(9.14607047496811e-05+9.721099471800831e-20j),3,2,MEC LII Oblique Pyramidal,(-0.311121006079419+0.19484037956691422j),-0.019363980539433532,0.008783502745576446,0.021262964581946455
66,(9.14607047496811e-05+9.721099471800831e-20j),3,3,CA2 SP SR,(-0.3418221864594834+0.11358654265876972j),0.003582883513832154,-0.001398319728362604,0.0038460827261537567
66,(9.14607047496811e-05+9.721099471800831e-20j),3,4,CA1 Schaffer Collateral Associated,(-0.24386173958282414+0.15332014120494872j),0.01670893409518861,-0.005621444871450422,0.017629212150295104
66,(9.14607047496811e-05+9.721099471800831e-20j),3,5,CA1 Recurrent O LM,(0.21505138156257675-0.10582975224269499j),0.0011757134738840727,-0.0016829552144586495,0.0020529589441939926
66,(9.14607047496811e-05+9.721099471800831e-20j),4,1,CA1 Ivy,(-0.3772543516481283+0.12797073485635954j),-0.0024524480130529514,0.0011863179487535654,0.002724307532614891
66,(9.14607047496811e-05+9.721099471800831e-20j),4,2,MEC LII Oblique Pyramidal,(-0.311121006079419+0.19484037956691422j),-0.018158609477159398,0.00827605950859484,0.019955657321516277
66,(9.14607047496811e-05+9.721099471800831e-20j),4,3,CA2 SP SR,(-0.3418221864594834+0.11358654265876972j),-0.0018785680897557462,0.0008904751644111638,0.0020789334011174195
66,(9.14607047496811e-05+9.721099471800831e-20j),4,4,CA1 Schaffer Collateral Associated,(-0.24386173958282414+0.15332014120494872j),-0.006179816015711948,0.002865374285460684,0.006811790938059477
66,(9.14607047496811e-05+9.721099471800831e-20j),4,5,CA1 Recurrent O LM,(0.21505138156257675-0.10582975224269499j),-0.010207254335762648,0.005344188404288604,0.011521648787195264
66,(9.14607047496811e-05+9.721099471800831e-20j),5,1,CA1 Ivy,(-0.3772543516481283+0.12797073485635954j),-0.0035157623294303467,0.0017935768138202359,0.0039468344966713574
66,(9.14607047496811e-05+9.721099471800831e-20j),5,2,MEC LII Oblique Pyramidal,(-0.311121006079419+0.19484037956691422j),-0.017062470226229257,0.007772339856296987,0.018749324176160126
66,(9.14607047496811e-05+9.721099471800831e-20j),5,3,CA2 SP SR,(-0.3418221864594834+0.11358654265876972j),-0.0021650581182910255,0.0010392688153864592,0.00240157371867129
66,(9.14607047496811e-05+9.721099471800831e-20j),5,4,CA1 Schaffer Collateral Associated,(-0.24386173958282414+0.15332014120494872j),-0.008056332000947984,0.003914335891684672,0.008956925297356755
66,(9.14607047496811e-05+9.721099471800831e-20j),5,5,CA1 Recurrent O LM,(0.21505138156257675-0.10582975224269499j),-0.013601687674929508,0.00629138291926955,0.014986240577383172
66,(9.14607047496811e-05+9.721099471800831e-20j),6,1,CA1 Ivy,(-0.3772543516481283+0.12797073485635954j),-0.0056286219635605745,0.002550857580828251,0.006179665007615336
66,(9.14607047496811e-05+9.721099471800831e-20j),6,2,MEC LII Oblique Pyramidal,(-0.311121006079419+0.19484037956691422j),-0.01613294555749213,0.007352983866103147,0.017729588379208874
66,(9.14607047496811e-05+9.721099471800831e-20j),6,3,CA2 SP SR,(-0.3418221864594834+0.11358654265876972j),-0.002614654165107947,0.0011898991080477408,0.0028726775472456257
66,(9.14607047496811e-05+9.721099471800831e-20j),6,4,CA1 Schaffer Collateral Associated,(-0.24386173958282414+0.15332014120494872j),-0.010372872571271861,0.004718942712685236,0.011395828434363568
66,(9.14607047496811e-05+9.721099471800831e-20j),6,5,CA1 Recurrent O LM,(0.21505138156257675-0.10582975224269499j),-0.014217573793587573,0.006521752637882169,0.015642015920137378
66,(9.14607047496811e-05+9.721099471800831e-20j),7,1,CA1 Ivy,(-0.3772543516481283+0.12797073485635954j),-0.005643145484475253,0.0025995326620959955,0.006213103976295369
66,(9.14607047496811e-05+9.721099471800831e-20j),7,2,MEC LII Oblique Pyramidal,(-0.311121006079419+0.19484037956691422j),-0.015296000326930738,0.006972649955291047,0.01681027880198557
66,(9.14607047496811e-05+9.721099471800831e-20j),7,3,CA2 SP SR,(-0.3418221864594834+0.11358654265876972j),-0.0025674732354817108,0.0011766577879217842,0.002824259613561032
66,(9.14607047496811e-05+9.721099471800831e-20j),7,4,CA1 Schaffer Collateral Associated,(-0.24386173958282414+0.15332014120494872j),-0.010302501688309817,0.0047285298524449995,0.011335807673169574
66,(9.14607047496811e-05+9.721099471800831e-20j),7,5,CA1 Recurrent O LM,(0.21505138156257675-0.10582975224269499j),-0.014111288330182147,0.006439485530851498,0.015511138972995523
66,(9.14607047496811e-05+9.721099471800831e-20j),8,1,CA1 Ivy,(-0.3772543516481283+0.12797073485635954j),-0.005629608149426374,0.0025684293360586996,0.006187836226857882
66,(9.14607047496811e-05+9.721099471800831e-20j),8,2,MEC LII Oblique Pyramidal,(-0.311121006079419+0.19484037956691422j),-0.01451974125396377,0.006619262376894394,0.015957365712931035
66,(9.14607047496811e-05+9.721099471800831e-20j),8,3,CA2 SP SR,(-0.3418221864594834+0.11358654265876972j),-0.0025052772767013578,0.0011426704201240336,0.002753563132049564
66,(9.14607047496811e-05+9.721099471800831e-20j),8,4,CA1 Schaffer Collateral Associated,(-0.24386173958282414+0.15332014120494872j),-0.010116744420700674,0.004615512381583293,0.011119868354361346
66,(9.14607047496811e-05+9.721099471800831e-20j),8,5,CA1 Recurrent O LM,(0.21505138156257675-0.10582975224269499j),-0.01358796249642027,0.0062010286217495615,0.014936046356779998
66,(9.14607047496811e-05+9.721099471800831e-20j),9,1,CA1 Ivy,(-0.3772543516481283+0.12797073485635954j),-0.005394923260511441,0.002462627751557307,0.005930407442119605
66,(9.14607047496811e-05+9.721099471800831e-20j),9,2,MEC LII Oblique Pyramidal,(-0.311121006079419+0.19484037956691422j),-0.01378939144433748,0.0062864481330124474,0.015154759863957706
66,(9.14607047496811e-05+9.721099471800831e-20j),9,3,CA2 SP SR,(-0.3418221864594834+0.11358654265876972j),-0.0023923892274460307,0.001091449185818691,0.0026295983611236335
66,(9.14607047496811e-05+9.721099471800831e-20j),9,4,CA1 Schaffer Collateral Associated,(-0.24386173958282414+0.15332014120494872j),-0.009677592415784971,0.0044156851176947775,0.010637390188607822
66,(9.14607047496811e-05+9.721099471800831e-20j),9,5,CA1 Recurrent O LM,(0.21505138156257675-0.10582975224269499j),-0.012983645814969214,0.005921082984945141,0.014270048435908494
66,(9.14607047496811e-05+9.721099471800831e-20j),10,1,CA1 Ivy,(-0.3772543516481283+0.12797073485635954j),-0.005159583477084842,0.0023523953113640506,0.005670543656293855
66,(9.14607047496811e-05+9.721099471800831e-20j),10,2,MEC LII Oblique Pyramidal,(-0.311121006079419+0.19484037956691422j),-0.013098347605863137,0.005971468361308059,0.014395316752128929
66,(9.14607047496811e-05+9.721099471800831e-20j),10,3,CA2 SP SR,(-0.3418221864594834+0.11358654265876972j),-0.0022811473352717013,0.0010400262588112564,0.0025070476230486974
66,(9.14607047496811e-05+9.721099471800831e-20j),10,4,CA1 Schaffer Collateral Associated,(-0.24386173958282414+0.15332014120494872j),-0.009236394132009731,0.004211162684653916,0.010151101798250541
66,(9.14607047496811e-05+9.721099471800831e-20j),10,5,CA1 Recurrent O LM,(0.21505138156257675-0.10582975224269499j),-0.012358799239703061,0.0056350781677246735,0.013582857748045962
67,(-5.246165945109695e-05+8.854227035419547e-05j),0,1,DG Neurogliaform,(-0.1881137834312415-0.3920950922089774j),-0.1881137834312415,-0.3920950922089774,0.43488545256329575
67,(-5.246165945109695e-05+8.854227035419547e-05j),0,2,CA2 Pyramidal,(-0.15072577394102848-0.29420527624924075j),-0.15072577394102848,-0.29420527624924075,0.3305676988197941
67,(-5.246165945109695e-05+8.854227035419547e-05j),0,3,MEC LII Oblique Pyramidal,(0.1234290506223989+0.2611311095508512j),0.1234290506223989,0.2611311095508512,0.2888324547428931
67,(-5.246165945109695e-05+8.854227035419547e-05j),0,4,CA1 O LM,(-0.12397501261710392-0.22123310391894788j),-0.12397501261710392,-0.22123310391894788,0.253601833634978
67,(-5.246165945109695e-05+8.854227035419547e-05j),0,5,DG MOPP,(-0.011540524047864922-0.23259903630891335j),-0.011540524047864922,-0.23259903630891335,0.23288515493078246
67,(-5.246165945109695e-05+8.854227035419547e-05j),1,1,DG Neurogliaform,(-0.1881137834312415-0.3920950922089774j),-8.563521340612014e-05,0.0011510656921867844,0.0011542467749595634
67,(-5.246165945109695e-05+8.854227035419547e-05j),1,2,CA2 Pyramidal,(-0.15072577394102848-0.29420527624924075j),0.04105621509507635,0.06851452857520927,0.07987398464967392
67,(-5.246165945109695e-05+8.854227035419547e-05j),1,3,MEC LII Oblique Pyramidal,(0.1234290506223989+0.2611311095508512j),-0.005379971816217435,-0.01363593727775484,0.014658884070288505
67,(-5.246165945109695e-05+8.854227035419547e-05j),1,4,CA1 O LM,(-0.12397501261710392-0.22123310391894788j),-0.13015905023129395,-0.09406182047097078,0.16058955267210143
67,(-5.246165945109695e-05+8.854227035419547e-05j),1,5,DG MOPP,(-0.011540524047864922-0.23259903630891335j),-0.00036155272309534706,0.0032246862701238114,0.0032448916641858293
67,(-5.246165945109695e-05+8.854227035419547e-05j),2,1,DG Neurogliaform,(-0.1881137834312415-0.3920950922089774j),-0.0003840137595607661,-0.0005230673342371795,0.00064889598833556
67,(-5.246165945109695e-05+8.854227035419547e-05j),2,2,CA2 Pyramidal,(-0.15072577394102848-0.29420527624924075j),-0.028616254553787003,-0.03444345284933437,0.04477992260903826
67,(-5.246165945109695e-05+8.854227035419547e-05j),2,3,MEC LII Oblique Pyramidal,(0.1234290506223989+0.2611311095508512j),-0.0014196677045045024,-0.002458084898324795,0.0028385978508033683
67,(-5.246165945109695e-05+8.854227035419547e-05j),2,4,CA1 O LM,(-0.12397501261710392-0.22123310391894788j),-0.015259221420393232,-0.00912555522340907,0.017779752430562026
67,(-5.246165945109695e-05+8.854227035419547e-05j),2,5,DG MOPP,(-0.011540524047864922-0.23259903630891335j),-0.0007454493867369296,-0.0012912482028743062,0.0014909784403580723
67,(-5.246165945109695e-05+8.854227035419547e-05j),3,1,DG Neurogliaform,(-0.1881137834312415-0.3920950922089774j),2.5824931102601774e-05,6.170399284306642e-06,2.6551852925585066e-05
67,(-5.246165945109695e-05+8.854227035419547e-05j),3,2,CA2 Pyramidal,(-0.15072577394102848-0.29420527624924075j),-0.0005818070895238678,0.0005813918659140986,0.0008225059216633708
67,(-5.246165945109695e-05+8.854227035419547e-05j),3,3,MEC LII Oblique Pyramidal,(0.1234290506223989+0.2611311095508512j),-0.0010990616473251077,-0.00296167677260333,0.0031590292512097854
67,(-5.246165945109695e-05+8.854227035419547e-05j),3,4,CA1 O LM,(-0.12397501261710392-0.22123310391894788j),-0.005851327180180491,-0.00942389487427851,0.011092692386024762
67,(-5.246165945109695e-05+8.854227035419547e-05j),3,5,DG MOPP,(-0.011540524047864922-0.23259903630891335j),0.00010818203514708258,9.104915404940382e-05,0.0001413976703544888
67,(-5.246165945109695e-05+8.854227035419547e-05j),4,1,DG Neurogliaform,(-0.1881137834312415-0.3920950922089774j),7.73052875816876e-06,-3.306056276139483e-05,3.395234726761908e-05
67,(-5.246165945109695e-05+8.854227035419547e-05j),4,2,CA2 Pyramidal,(-0.15072577394102848-0.29420527624924075j),-0.002029018676106613,-0.003142146353564833,0.003740320908051903
67,(-5.246165945109695e-05+8.854227035419547e-05j),4,3,MEC LII Oblique Pyramidal,(0.1234290506223989+0.2611311095508512j),-0.0006835532082756461,-0.002241797723147611,0.002343694096944766
67,(-5.246165945109695e-05+8.854227035419547e-05j),4,4,CA1 O LM,(-0.12397501261710392-0.22123310391894788j),-0.0031399260421772473,-0.0035865738540118712,0.004766827829975028
67,(-5.246165945109695e-05+8.854227035419547e-05j),4,5,DG MOPP,(-0.011540524047864922-0.23259903630891335j),-2.7974181786092747e-05,-0.00014702258169544942,0.00014966026317963116
67,(-5.246165945109695e-05+8.854227035419547e-05j),5,1,DG Neurogliaform,(-0.1881137834312415-0.3920950922089774j),-3.3296430909890345e-05,-6.689271471727677e-05,7.472139983688794e-05
67,(-5.246165945109695e-05+8.854227035419547e-05j),5,2,CA2 Pyramidal,(-0.15072577394102848-0.29420527624924075j),-0.00021434122537911454,-0.0008237085544260556,0.000851139203380788
67,(-5.246165945109695e-05+8.854227035419547e-05j),5,3,MEC LII Oblique Pyramidal,(0.1234290506223989+0.2611311095508512j),-0.0006817255986948205,-0.0021665217497019904,0.0022712477372245385
67,(-5.246165945109695e-05+8.854227035419547e-05j),5,4,CA1 O LM,(-0.12397501261710392-0.22123310391894788j),-0.0007137066332601652,-0.0014583231126427199,0.001623602001485435
67,(-5.246165945109695e-05+8.854227035419547e-05j),5,5,DG MOPP,(-0.011540524047864922-0.23259903630891335j),-6.832420339870888e-05,-0.00015858977480738621,0.00017268153764524337
67,(-5.246165945109695e-05+8.854227035419547e-05j),6,1,DG Neurogliaform,(-0.1881137834312415-0.3920950922089774j),-6.000773691263064e-06,-2.9511155145416756e-05,3.0115072022338128e-05
67,(-5.246165945109695e-05+8.854227035419547e-05j),6,2,CA2 Pyramidal,(-0.15072577394102848-0.29420527624924075j),-0.0007222771003882499,-0.0016412529471595055,0.0017931523767669663
67,(-5.246165945109695e-05+8.854227035419547e-05j),6,3,MEC LII Oblique Pyramidal,(0.1234290506223989+0.2611311095508512j),-0.0006852694316725569,-0.002090343237351804,0.002199802046532199
67,(-5.246165945109695e-05+8.854227035419547e-05j),6,4,CA1 O LM,(-0.12397501261710392-0.22123310391894788j),-0.0004191933950748375,-0.0012062067092706115,0.0012769720936511519
67,(-5.246165945109695e-05+8.854227035419547e-05j),6,5,DG MOPP,(-0.011540524047864922-0.23259903630891335j),-3.006957232462463e-05,-0.00010581712659050458,0.00011000656098459175
67,(-5.246165945109695e-05+8.854227035419547e-05j),7,1,DG Neurogliaform,(-0.1881137834312415-0.3920950922089774j),-9.361136808304691e-06,-3.256517454964823e-05,3.388394126710843e-05
67,(-5.246165945109695e-05+8.854227035419547e-05j),7,2,CA2 Pyramidal,(-0.15072577394102848-0.29420527624924075j),-0.00044052487382387,-0.0012489218129629203,0.0013243367620632315
67,(-5.246165945109695e-05+8.854227035419547e-05j),7,3,MEC LII Oblique Pyramidal,(0.1234290506223989+0.2611311095508512j),-0.0006595273405743192,-0.0019916408655409963,0.0020980013465815325
67,(-5.246165945109695e-05+8.854227035419547e-05j),7,4,CA1 O LM,(-0.12397501261710392-0.22123310391894788j),-0.00046864577976337996,-0.0012838398944042227,0.0013667017748411217
67,(-5.246165945109695e-05+8.854227035419547e-05j),7,5,DG MOPP,(-0.011540524047864922-0.23259903630891335j),-3.18916216359326e-05,-0.00010402107867909495,0.00010880009347483093
67,(-5.246165945109695e-05+8.854227035419547e-05j),8,1,DG Neurogliaform,(-0.1881137834312415-0.3920950922089774j),-1.0116216897308724e-05,-3.193841559828538e-05,3.3502242242008115e-05
67,(-5.246165945109695e-05+8.854227035419547e-05j),8,2,CA2 Pyramidal,(-0.15072577394102848-0.29420527624924075j),-0.00042105196688495045,-0.0012154762978163068,0.0012863387537390457
67,(-5.246165945109695e-05+8.854227035419547e-05j),8,3,MEC LII Oblique Pyramidal,(0.1234290506223989+0.2611311095508512j),-0.0006283498165404511,-0.001892347671573465,0.0019939416245356666
67,(-5.246165945109695e-05+8.854227035419547e-05j),8,4,CA1 O LM,(-0.12397501261710392-0.22123310391894788j),-0.00042507435821382113,-0.0012056171905231727,0.0012783587212108656
67,(-5.246165945109695e-05+8.854227035419547e-05j),8,5,DG MOPP,(-0.011540524047864922-0.23259903630891335j),-3.3019818762531315e-05,-0.00010154426141668462,0.00010677801954414774
67,(-5.246165945109695e-05+8.854227035419547e-05j),9,1,DG Neurogliaform,(-0.1881137834312415-0.3920950922089774j),-1.039559945203156e-05,-3.118824237090161e-05,3.287514182711888e-05
67,(-5.246165945109695e-05+8.854227035419547e-05j),9,2,CA2 Pyramidal,(-0.15072577394102848-0.29420527624924075j),-0.0003769771473281165,-0.00112845421554456,0.0011897565659360458
67,(-5.246165945109695e-05+8.854227035419547e-05j),9,3,MEC LII Oblique Pyramidal,(0.1234290506223989+0.2611311095508512j),-0.0005978108237306085,-0.001798184405524006,0.0018949524894411448
67,(-5.246165945109695e-05+8.854227035419547e-05j),9,4,CA1 O LM,(-0.12397501261710392-0.22123310391894788j),-0.00037790737890712396,-0.0011191559071410408,0.0011812383042896716
67,(-5.246165945109695e-05+8.854227035419547e-05j),9,5,DG MOPP,(-0.011540524047864922-0.23259903630891335j),-3.247542524326569e-05,-9.757568685231942e-05,0.00010283806644153147
67,(-5.246165945109695e-05+8.854227035419547e-05j),10,1,DG Neurogliaform,(-0.1881137834312415-0.3920950922089774j),-9.718957429126742e-06,-2.9351402810444848e-05,3.091865101278139e-05
67,(-5.246165945109695e-05+8.854227035419547e-05j),10,2,CA2 Pyramidal,(-0.15072577394102848-0.29420527624924075j),-0.00036155793921402457,-0.0010792489600316272,0.0011382014150131958
67,(-5.246165945109695e-05+8.854227035419547e-05j),10,3,MEC LII Oblique Pyramidal,(0.1234290506223989+0.2611311095508512j),-0.0005685477103413299,-0.001708807603779652,0.0018009080836260147
67,(-5.246165945109695e-05+8.854227035419547e-05j),10,4,CA1 O LM,(-0.12397501261710392-0.22123310391894788j),-0.00035369767787076564,-0.0010592939057064016,0.001116783607507692
67,(-5.246165945109695e-05+8.854227035419547e-05j),10,5,DG MOPP,(-0.011540524047864922-0.23259903630891335j),-3.0663217405084394e-05,-9.234220665959854e-05,9.730013377377996e-05
68,(-7.313616729737547e-05-3.8888456612216887e-20j),0,1,CA3 Trilaminar,(-0.34367542901795617+0.04484987462931258j),-0.34367542901795617,0.04484987462931258,0.3465895436462867
68,(-7.313616729737547e-05-3.8888456612216887e-20j),0,2,DG Neurogliaform,(-0.3108652192742129+0.04056812019090751j),-0.3108652192742129,0.04056812019090751,0.31350112747840064
68,(-7.313616729737547e-05-3.8888456612216887e-20j),0,3,EC LIII Stellate,(-0.2851980178115167+0.03721853313728351j),-0.2851980178115167,0.03721853313728351,0.2876162870431876
68,(-7.313616729737547e-05-3.8888456612216887e-20j),0,4,CA1 O LM,(-0.2528420523167237+0.032996057878873775j),-0.2528420523167237,0.032996057878873775,0.2549859667810737
68,(-7.313616729737547e-05-3.8888456612216887e-20j),0,5,CA3 Spiny Lucidum,(-0.2342529466637186+0.030570167088860734j),-0.2342529466637186,0.030570167088860734,0.23623923919720843
68,(-7.313616729737547e-05-3.8888456612216887e-20j),1,1,CA3 Trilaminar,(-0.34367542901795617+0.04484987462931258j),-0.006076045639035109,0.000792928042401534,0.006127566032941979
68,(-7.313616729737547e-05-3.8888456612216887e-20j),1,2,DG Neurogliaform,(-0.3108652192742129+0.04056812019090751j),0.00035684879227599573,-4.656900739437354e-05,0.0003598746073266826
68,(-7.313616729737547e-05-3.8888456612216887e-20j),1,3,EC LIII Stellate,(-0.2851980178115167+0.03721853313728351j),0.10910477324470674,-0.014238246287979418,0.1100299014001923
68,(-7.313616729737547e-05-3.8888456612216887e-20j),1,4,CA1 O LM,(-0.2528420523167237+0.032996057878873775j),-0.17473584860010793,0.022803145762719405,0.1762174799577944
68,(-7.313616729737547e-05-3.8888456612216887e-20j),1,5,CA3 Spiny Lucidum,(-0.2342529466637186+0.030570167088860734j),0.007394842789887708,-0.0009650319575584337,0.007457545612751106
68,(-7.313616729737547e-05-3.8888456612216887e-20j),2,1,CA3 Trilaminar,(-0.34367542901795617+0.04484987462931258j),-0.0030040237204528655,0.0003920271159063758,0.0030294956300759616
68,(-7.313616729737547e-05-3.8888456612216887e-20j),2,2,DG Neurogliaform,(-0.3108652192742129+0.04056812019090751j),0.0013948894997513593,-0.0001820340178649324,0.001406717135808279
68,(-7.313616729737547e-05-3.8888456612216887e-20j),2,3,EC LIII Stellate,(-0.2851980178115167+0.03721853313728351j),0.08989035415843397,-0.011730751674364269,0.0906525581854935
68,(-7.313616729737547e-05-3.8888456612216887e-20j),2,4,CA1 O LM,(-0.2528420523167237+0.032996057878873775j),-0.08719698147939314,0.011379264728294045,0.08793634768896322
68,(-7.313616729737547e-05-3.8888456612216887e-20j),2,5,CA3 Spiny Lucidum,(-0.2342529466637186+0.030570167088860734j),-0.0009435616453536591,0.00012313542932080717,0.000951562353467456
68,(-7.313616729737547e-05-3.8888456612216887e-20j),3,1,CA3 Trilaminar,(-0.34367542901795617+0.04484987462931258j),0.0005373636813651318,-7.012632182765417e-05,0.0005419201297823901
68,(-7.313616729737547e-05-3.8888456612216887e-20j),3,2,DG Neurogliaform,(-0.3108652192742129+0.04056812019090751j),0.0010661343476419081,-0.00013913124940696513,0.0010751743820345517
68,(-7.313616729737547e-05-3.8888456612216887e-20j),3,3,EC LIII Stellate,(-0.2851980178115167+0.03721853313728351j),0.08499656198549442,-0.011092108504425009,0.08571727025767871
68,(-7.313616729737547e-05-3.8888456612216887e-20j),3,4,CA1 O LM,(-0.2528420523167237+0.032996057878873775j),0.008954477599975893,-0.0011685653492233652,0.009030404977844325
68,(-7.313616729737547e-05-3.8888456612216887e-20j),3,5,CA3 Spiny Lucidum,(-0.2342529466637186+0.030570167088860734j),0.001167851059413289,-0.00015240534870377128,0.0011777535766391287
68,(-7.313616729737547e-05-3.8888456612216887e-20j),4,1,CA3 Trilaminar,(-0.34367542901795617+0.04484987462931258j),0.0010129691842280127,-0.0001321931598246705,0.0010215584171744641
68,(-7.313616729737547e-05-3.8888456612216887e-20j),4,2,DG Neurogliaform,(-0.3108652192742129+0.04056812019090751j),0.0009481732106073006,-0.00012373724168796458,0.0009562130213994694
68,(-7.313616729737547e-05-3.8888456612216887e-20j),4,3,EC LIII Stellate,(-0.2851980178115167+0.03721853313728351j),0.07962309047585497,-0.010390866858433143,0.08029823566552301
68,(-7.313616729737547e-05-3.8888456612216887e-20j),4,4,CA1 O LM,(-0.2528420523167237+0.032996057878873775j),0.021703687159203074,-0.0028323457713155488,0.021887718448318123
68,(-7.313616729737547e-05-3.8888456612216887e-20j),4,5,CA3 Spiny Lucidum,(-0.2342529466637186+0.030570167088860734j),3.859182007969177e-05,-5.036258475724069e-06,3.891905030313051e-05
68,(-7.313616729737547e-05-3.8888456612216887e-20j),5,1,CA3 Trilaminar,(-0.34367542901795617+0.04484987462931258j),0.00106973143182241,-0.00013960067131177668,0.001078801966840774
68,(-7.313616729737547e-05-3.8888456612216887e-20j),5,2,DG Neurogliaform,(-0.3108652192742129+0.04056812019090751j),0.0008547503398242761,-0.00011154549421826088,0.0008619979934490053
68,(-7.313616729737547e-05-3.8888456612216887e-20j),5,3,EC LIII Stellate,(-0.2851980178115167+0.03721853313728351j),0.07504228708499719,-0.009793068935059436,0.07567859043424344
68,(-7.313616729737547e-05-3.8888456612216887e-20j),5,4,CA1 O LM,(-0.2528420523167237+0.032996057878873775j),0.025400740852839623,-0.0033148137648268687,0.025616120435549984
68,(-7.313616729737547e-05-3.8888456612216887e-20j),5,5,CA3 Spiny Lucidum,(-0.2342529466637186+0.030570167088860734j),0.0010864733285231144,-0.00014178550009115472,0.001095685822500316
68,(-7.313616729737547e-05-3.8888456612216887e-20j),6,1,CA3 Trilaminar,(-0.34367542901795617+0.04484987462931258j),0.00108303295010545,-0.00014133652839378764,0.0010922162722064354
68,(-7.313616729737547e-05-3.8888456612216887e-20j),6,2,DG Neurogliaform,(-0.3108652192742129+0.04056812019090751j),0.0007681215318073949,-0.00010024037650895607,0.0007746346369152336
68,(-7.313616729737547e-05-3.8888456612216887e-20j),6,3,EC LIII Stellate,(-0.2851980178115167+0.03721853313728351j),0.07112920653031718,-0.009282409290890864,0.07173232983722286
68,(-7.313616729737547e-05-3.8888456612216887e-20j),6,4,CA1 O LM,(-0.2528420523167237+0.032996057878873775j),0.02569834623324633,-0.003353651467127539,0.025916249290489014
68,(-7.313616729737547e-05-3.8888456612216887e-20j),6,5,CA3 Spiny Lucidum,(-0.2342529466637186+0.030570167088860734j),0.0011023260356391876,-0.000143854289031704,0.0011116729489021602
68,(-7.313616729737547e-05-3.8888456612216887e-20j),7,1,CA3 Trilaminar,(-0.34367542901795617+0.04484987462931258j),0.0010444016249049187,-0.00013629511447322054,0.0010532573818081232
68,(-7.313616729737547e-05-3.8888456612216887e-20j),7,2,DG Neurogliaform,(-0.3108652192742129+0.04056812019090751j),0.0007168378262086567,-9.35478184369334e-05,0.0007229160832474691
68,(-7.313616729737547e-05-3.8888456612216887e-20j),7,3,EC LIII Stellate,(-0.2851980178115167+0.03721853313728351j),0.06747775597749045,-0.008805892537926092,0.0680499176718624
68,(-7.313616729737547e-05-3.8888456612216887e-20j),7,4,CA1 O LM,(-0.2528420523167237+0.032996057878873775j),0.025044943902935466,-0.0032683820235694665,0.025257306589444098
68,(-7.313616729737547e-05-3.8888456612216887e-20j),7,5,CA3 Spiny Lucidum,(-0.2342529466637186+0.030570167088860734j),0.0011811060280632923,-0.0001541351310273506,0.0011911209376651325
68,(-7.313616729737547e-05-3.8888456612216887e-20j),8,1,CA3 Trilaminar,(-0.34367542901795617+0.04484987462931258j),0.001001374249826069,-0.00013068001308692408,0.001009865166264844
68,(-7.313616729737547e-05-3.8888456612216887e-20j),8,2,DG Neurogliaform,(-0.3108652192742129+0.04056812019090751j),0.0006745374264576012,-8.80275878198487e-05,0.0006802570072475732
68,(-7.313616729737547e-05-3.8888456612216887e-20j),8,3,EC LIII Stellate,(-0.2851980178115167+0.03721853313728351j),0.06407984411830896,-0.00836246275500209,0.06462319402161713
68,(-7.313616729737547e-05-3.8888456612216887e-20j),8,4,CA1 O LM,(-0.2528420523167237+0.032996057878873775j),0.024036528823242333,-0.0031367831774495097,0.024240340892258294
68,(-7.313616729737547e-05-3.8888456612216887e-20j),8,5,CA3 Spiny Lucidum,(-0.2342529466637186+0.030570167088860734j),0.0011300655237645254,-0.0001474743108885417,0.0011396476474653213
68,(-7.313616729737547e-05-3.8888456612216887e-20j),9,1,CA3 Trilaminar,(-0.34367542901795617+0.04484987462931258j),0.0009533043177323873,-0.00012440685461876795,0.0009613876365355171
68,(-7.313616729737547e-05-3.8888456612216887e-20j),9,2,DG Neurogliaform,(-0.3108652192742129+0.04056812019090751j),0.0006392725275417118,-8.342549479355211e-05,0.000644693087950474
68,(-7.313616729737547e-05-3.8888456612216887e-20j),9,3,EC LIII Stellate,(-0.2851980178115167+0.03721853313728351j),0.06086278167544354,-0.007942633942539494,0.06137885325759912
68,(-7.313616729737547e-05-3.8888456612216887e-20j),9,4,CA1 O LM,(-0.2528420523167237+0.032996057878873775j),0.022919279069054502,-0.0029909813331101035,0.02311361768266086
68,(-7.313616729737547e-05-3.8888456612216887e-20j),9,5,CA3 Spiny Lucidum,(-0.2342529466637186+0.030570167088860734j),0.0010896217410705964,-0.00014219637004609894,0.001098860931268377
68,(-7.313616729737547e-05-3.8888456612216887e-20j),10,1,CA3 Trilaminar,(-0.34367542901795617+0.04484987462931258j),0.0009067244566092745,-0.00011832815141443371,0.0009144128124816171
68,(-7.313616729737547e-05-3.8888456612216887e-20j),10,2,DG Neurogliaform,(-0.3108652192742129+0.04056812019090751j),0.0006064764019871752,-7.914557835131122e-05,0.0006116188753953505
68,(-7.313616729737547e-05-3.8888456612216887e-20j),10,3,EC LIII Stellate,(-0.2851980178115167+0.03721853313728351j),0.057816154716192614,-0.007545047075316737,0.05830639314462409
68,(-7.313616729737547e-05-3.8888456612216887e-20j),10,4,CA1 O LM,(-0.2528420523167237+0.032996057878873775j),0.02180314964759799,-0.002845325692945628,0.021988024305391533
68,(-7.313616729737547e-05-3.8888456612216887e-20j),10,5,CA3 Spiny Lucidum,(-0.2342529466637186+0.030570167088860734j),0.0010379037404651943,-0.0001354471361836171,0.0010467044000920147
69,(-4.926885201011617e-05+3.6515797871026435e-05j),0,1,DG HIPP,(-0.37710791641007013-0.09204481201775527j),-0.37710791641007013,-0.09204481201775527,0.388178603272422
69,(-4.926885201011617e-05+3.6515797871026435e-05j),0,2,DG MOPP,(-0.32120266981366935+0.1619199608419807j),-0.32120266981366935,0.1619199608419807,0.35970714312409424
69,(-4.926885201011617e-05+3.6515797871026435e-05j),0,3,MEC LII Oblique Pyramidal,(0.027970981182600635+0.306553888739081j),0.027970981182600635,0.306553888739081,0.3078273257678244
69,(-4.926885201011617e-05+3.6515797871026435e-05j),0,4,CA3 Spiny Lucidum,(-0.11583699555277963+0.22858126144185104j),-0.11583699555277963,0.22858126144185104,0.25625690746015517
69,(-4.926885201011617e-05+3.6515797871026435e-05j),0,5,CA1 Ivy,(0.011117670459589224-0.2467577801437716j),0.011117670459589224,-0.2467577801437716,0.24700810646197413
69,(-4.926885201011617e-05+3.6515797871026435e-05j),1,1,DG HIPP,(-0.37710791641007013-0.09204481201775527j),0.012957533138386412,0.009370533945206417,0.01599076519278073
69,(-4.926885201011617e-05+3.6515797871026435e-05j),1,2,DG MOPP,(-0.32120266981366935+0.1619199608419807j),-0.0017450406415146784,0.002778580931787426,0.0032811093908967194
69,(-4.926885201011617e-05+3.6515797871026435e-05j),1,3,MEC LII Oblique Pyramidal,(0.027970981182600635+0.306553888739081j),0.0054060248804824445,-0.026114604239721444,0.026668289401565907
69,(-4.926885201011617e-05+3.6515797871026435e-05j),1,4,CA3 Spiny Lucidum,(-0.11583699555277963+0.22858126144185104j),-0.0003484732156013527,0.0017956865724157067,0.0018291866630679374
69,(-4.926885201011617e-05+3.6515797871026435e-05j),1,5,CA1 Ivy,(0.011117670459589224-0.2467577801437716j),-0.15990168004162264,-0.19935995163093495,0.25556395988953956
69,(-4.926885201011617e-05+3.6515797871026435e-05j),2,1,DG HIPP,(-0.37710791641007013-0.09204481201775527j),-0.004077464806863336,-0.006350575453074739,0.007546888619583867
69,(-4.926885201011617e-05+3.6515797871026435e-05j),2,2,DG MOPP,(-0.32120266981366935+0.1619199608419807j),0.0008770887306903345,-0.001060099171421841,0.0013758978504065102
69,(-4.926885201011617e-05+3.6515797871026435e-05j),2,3,MEC LII Oblique Pyramidal,(0.027970981182600635+0.306553888739081j),0.0027068466246264,-0.015182098870225522,0.015421515643883853
69,(-4.926885201011617e-05+3.6515797871026435e-05j),2,4,CA3 Spiny Lucidum,(-0.11583699555277963+0.22858126144185104j),-0.0011618184783834236,0.00018206714599047606,0.0011759977135871868
69,(-4.926885201011617e-05+3.6515797871026435e-05j),2,5,CA1 Ivy,(0.011117670459589224-0.2467577801437716j),0.059305773929534795,-0.07164550466126872,0.09300673717290037
69,(-4.926885201011617e-05+3.6515797871026435e-05j),3,1,DG HIPP,(-0.37710791641007013-0.09204481201775527j),0.006400331181341294,-0.01035092193039408,0.012169873624650452
69,(-4.926885201011617e-05+3.6515797871026435e-05j),3,2,DG MOPP,(-0.32120266981366935+0.1619199608419807j),-0.00010557897349688266,-0.0006791649020259996,0.0006873222561423724
69,(-4.926885201011617e-05+3.6515797871026435e-05j),3,3,MEC LII Oblique Pyramidal,(0.027970981182600635+0.306553888739081j),0.003011980340109397,-0.01610886215794963,0.016388028117898357
69,(-4.926885201011617e-05+3.6515797871026435e-05j),3,4,CA3 Spiny Lucidum,(-0.11583699555277963+0.22858126144185104j),0.0008888940445231553,-0.0010064378604168899,0.0013427768948225392
69,(-4.926885201011617e-05+3.6515797871026435e-05j),3,5,CA1 Ivy,(0.011117670459589224-0.2467577801437716j),-0.005279564951864478,-0.030127644403097915,0.03058674162705915
69,(-4.926885201011617e-05+3.6515797871026435e-05j),4,1,DG HIPP,(-0.37710791641007013-0.09204481201775527j),-0.003039049905127999,-0.010244302329342404,0.010685576940007905
69,(-4.926885201011617e-05+3.6515797871026435e-05j),4,2,DG MOPP,(-0.32120266981366935+0.1619199608419807j),0.00016093172474805335,-0.0007902407296321058,0.0008064610534922725
69,(-4.926885201011617e-05+3.6515797871026435e-05j),4,3,MEC LII Oblique Pyramidal,(0.027970981182600635+0.306553888739081j),0.00266671862196431,-0.01577967931081378,0.016003426738072556
69,(-4.926885201011617e-05+3.6515797871026435e-05j),4,4,CA3 Spiny Lucidum,(-0.11583699555277963+0.22858126144185104j),-0.0004817695132027535,-0.001207937661265116,0.0013004673226783734
69,(-4.926885201011617e-05+3.6515797871026435e-05j),4,5,CA1 Ivy,(0.011117670459589224-0.2467577801437716j),0.007176777204752031,-0.014272595767340168,0.015975391105839783
69,(-4.926885201011617e-05+3.6515797871026435e-05j),5,1,DG HIPP,(-0.37710791641007013-0.09204481201775527j),0.0020412179004057123,-0.006420940657031152,0.0067375848371692025
69,(-4.926885201011617e-05+3.6515797871026435e-05j),5,2,DG MOPP,(-0.32120266981366935+0.1619199608419807j),0.00015529791086415,-0.0007628888655803461,0.000778535074576115
69,(-4.926885201011617e-05+3.6515797871026435e-05j),5,3,MEC LII Oblique Pyramidal,(0.027970981182600635+0.306553888739081j),0.0025999309839839528,-0.015326399353538772,0.01554535809383732
69,(-4.926885201011617e-05+3.6515797871026435e-05j),5,4,CA3 Spiny Lucidum,(-0.11583699555277963+0.22858126144185104j),0.00027736640596304684,-0.0007497316539392259,0.0007993933175072862
69,(-4.926885201011617e-05+3.6515797871026435e-05j),5,5,CA1 Ivy,(0.011117670459589224-0.2467577801437716j),-0.0006644340513411967,-0.009667440557882323,0.009690246619605188
69,(-4.926885201011617e-05+3.6515797871026435e-05j),6,1,DG HIPP,(-0.37710791641007013-0.09204481201775527j),0.0006651932615038421,-0.004427668388197727,0.004477357416043036
69,(-4.926885201011617e-05+3.6515797871026435e-05j),6,2,DG MOPP,(-0.32120266981366935+0.1619199608419807j),0.00012817696287042643,-0.0007673308416197402,0.0007779626946785724
69,(-4.926885201011617e-05+3.6515797871026435e-05j),6,3,MEC LII Oblique Pyramidal,(0.027970981182600635+0.306553888739081j),0.0024954477529987576,-0.014667661370322226,0.01487842564125618
69,(-4.926885201011617e-05+3.6515797871026435e-05j),6,4,CA3 Spiny Lucidum,(-0.11583699555277963+0.22858126144185104j),7.168077802548424e-05,-0.0005108659131976842,0.0005158702503591795
69,(-4.926885201011617e-05+3.6515797871026435e-05j),6,5,CA1 Ivy,(0.011117670459589224-0.2467577801437716j),0.0017394105439051705,-0.007249349980163475,0.007455107254436025
69,(-4.926885201011617e-05+3.6515797871026435e-05j),7,1,DG HIPP,(-0.37710791641007013-0.09204481201775527j),0.0007169324729239084,-0.0037724052808890173,0.003839926271950041
69,(-4.926885201011617e-05+3.6515797871026435e-05j),7,2,DG MOPP,(-0.32120266981366935+0.1619199608419807j),0.00012606073209184667,-0.0007479826511228825,0.0007585310504892651
69,(-4.926885201011617e-05+3.6515797871026435e-05j),7,3,MEC LII Oblique Pyramidal,(0.027970981182600635+0.306553888739081j),0.0023769811284635616,-0.013974775034187292,0.01417548505488318
69,(-4.926885201011617e-05+3.6515797871026435e-05j),7,4,CA3 Spiny Lucidum,(-0.11583699555277963+0.22858126144185104j),8.571433109494607e-05,-0.00043891382218212065,0.0004472049752155853
69,(-4.926885201011617e-05+3.6515797871026435e-05j),7,5,CA1 Ivy,(0.011117670459589224-0.2467577801437716j),0.0008955786816643948,-0.005993003466216114,0.006059550455366313
69,(-4.926885201011617e-05+3.6515797871026435e-05j),8,1,DG HIPP,(-0.37710791641007013-0.09204481201775527j),0.0005410180244387889,-0.0034677752454949015,0.0035097244416100355
69,(-4.926885201011617e-05+3.6515797871026435e-05j),8,2,DG MOPP,(-0.32120266981366935+0.1619199608419807j),0.00012160635010264906,-0.0007163529129568957,0.0007266014039947334
69,(-4.926885201011617e-05+3.6515797871026435e-05j),8,3,MEC LII Oblique Pyramidal,(0.027970981182600635+0.306553888739081j),0.0022595204649061207,-0.013291894447945474,0.013482577303566754
69,(-4.926885201011617e-05+3.6515797871026435e-05j),8,4,CA3 Spiny Lucidum,(-0.11583699555277963+0.22858126144185104j),6.189330560128336e-05,-0.00040539310044791863,0.00041009065725645363
69,(-4.926885201011617e-05+3.6515797871026435e-05j),8,5,CA1 Ivy,(0.011117670459589224-0.2467577801437716j),0.0009722366074523161,-0.005417856852734006,0.005504399776323229
69,(-4.926885201011617e-05+3.6515797871026435e-05j),9,1,DG HIPP,(-0.37710791641007013-0.09204481201775527j),0.0005570646650935872,-0.0032379070871409042,0.0032854776435174726
69,(-4.926885201011617e-05+3.6515797871026435e-05j),9,2,DG MOPP,(-0.32120266981366935+0.1619199608419807j),0.00011622522069374844,-0.0006820983024369958,0.0006919294733661386
69,(-4.926885201011617e-05+3.6515797871026435e-05j),9,3,MEC LII Oblique Pyramidal,(0.027970981182600635+0.306553888739081j),0.002147303700909559,-0.012633609966824213,0.012814796681094085
69,(-4.926885201011617e-05+3.6515797871026435e-05j),9,4,CA3 Spiny Lucidum,(-0.11583699555277963+0.22858126144185104j),6.550166860302129e-05,-0.0003788095087298825,0.00038443089430215534
69,(-4.926885201011617e-05+3.6515797871026435e-05j),9,5,CA1 Ivy,(0.011117670459589224-0.2467577801437716j),0.0008369239844056575,-0.005056398543205018,0.005125193458143728
69,(-4.926885201011617e-05+3.6515797871026435e-05j),10,1,DG HIPP,(-0.37710791641007013-0.09204481201775527j),0.0005170497284539727,-0.003048052682362288,0.003091595959395449
69,(-4.926885201011617e-05+3.6515797871026435e-05j),10,2,DG MOPP,(-0.32120266981366935+0.1619199608419807j),0.00011026282427823015,-0.0006487205152007099,0.0006580244655482701
69,(-4.926885201011617e-05+3.6515797871026435e-05j),10,3,MEC LII Oblique Pyramidal,(0.027970981182600635+0.306553888739081j),0.0020404012269455017,-0.012004170970752582,0.01217634419117576
69,(-4.926885201011617e-05+3.6515797871026435e-05j),10,4,CA3 Spiny Lucidum,(-0.11583699555277963+0.22858126144185104j),6.0447157008076204e-05,-0.0003565802966826488,0.000361667480944368
69,(-4.926885201011617e-05+3.6515797871026435e-05j),10,5,CA1 Ivy,(0.011117670459589224-0.2467577801437716j),0.0008145840443903454,-0.004769017457091076,0.004838085847875663
70,(-4.9268852010116115e-05-3.651579787102624e-05j),0,1,DG HIPP,(0.14945228137091926-0.3908250607789896j),0.14945228137091926,-0.3908250607789896,0.4184258746060924
70,(-4.9268852010116115e-05-3.651579787102624e-05j),0,2,MEC LII Oblique Pyramidal,(0.17904091582647585+0.28808953158920586j),0.17904091582647585,0.28808953158920586,0.3391920219451974
70,(-4.9268852010116115e-05-3.651579787102624e-05j),0,3,DG MOPP,(0.2797385672479704-0.12514030534989792j),0.2797385672479704,-0.12514030534989792,0.30645352344036275
70,(-4.9268852010116115e-05-3.651579787102624e-05j),0,4,CA1 Ivy,(-0.1626536661813977-0.20413544018463256j),-0.1626536661813977,-0.20413544018463256,0.261012438518978
70,(-4.9268852010116115e-05-3.651579787102624e-05j),0,5,CA3 Spiny Lucidum,(0.20883872344213716+0.10198968387086114j),0.20883872344213716,0.10198968387086114,0.23241236633410808
70,(-4.9268852010116115e-05-3.651579787102624e-05j),1,1,DG HIPP,(0.14945228137091926-0.3908250607789896j),-0.0011973871285411125,0.018795281686643642,0.018833383913037984
70,(-4.9268852010116115e-05-3.651579787102624e-05j),1,2,MEC LII Oblique Pyramidal,(0.17904091582647585+0.28808953158920586j),-0.019544796505341917,-0.018112967093292343,0.026647300939455706
70,(-4.9268852010116115e-05-3.651579787102624e-05j),1,3,DG MOPP,(0.2797385672479704-0.12514030534989792j),0.002724303408374675,0.0009616498128895265,0.00288904818642963
70,(-4.9268852010116115e-05-3.651579787102624e-05j),1,4,CA1 Ivy,(-0.1626536661813977-0.20413544018463256j),-0.03833213426510733,-0.3043174501804621,0.3067221266906844
70,(-4.9268852010116115e-05-3.651579787102624e-05j),1,5,CA3 Spiny Lucidum,(0.20883872344213716+0.10198968387086114j),0.0013311183536516146,0.0012646736487979767,0.0018361033493221924
70,(-4.9268852010116115e-05-3.651579787102624e-05j),2,1,DG HIPP,(0.14945228137091926-0.3908250607789896j),-0.0017811175633091392,-0.008855250675213491,0.009032598977879915
70,(-4.9268852010116115e-05-3.651579787102624e-05j),2,2,MEC LII Oblique Pyramidal,(0.17904091582647585+0.28808953158920586j),-0.011122337292276723,-0.0108901162111344,0.015566021262197407
70,(-4.9268852010116115e-05-3.651579787102624e-05j),2,3,DG MOPP,(0.2797385672479704-0.12514030534989792j),-0.0011558530741619707,-0.00019248223471327367,0.0011717703442782183
70,(-4.9268852010116115e-05-3.651579787102624e-05j),2,4,CA1 Ivy,(-0.1626536661813977-0.20413544018463256j),-0.07813279100476102,-0.01298490049667779,0.07920442330515567
70,(-4.9268852010116115e-05-3.651579787102624e-05j),2,5,CA3 Spiny Lucidum,(0.20883872344213716+0.10198968387086114j),0.0007558154801713854,-0.0008015488580302675,0.0011016976045523234
70,(-4.9268852010116115e-05-3.651579787102624e-05j),3,1,DG HIPP,(0.14945228137091926-0.3908250607789896j),-0.010093395484889762,-0.003665250029366325,0.01073828152881842
70,(-4.9268852010116115e-05-3.651579787102624e-05j),3,2,MEC LII Oblique Pyramidal,(0.17904091582647585+0.28808953158920586j),-0.011878383961169353,-0.011439413698239488,0.016491094302332837
70,(-4.9268852010116115e-05-3.651579787102624e-05j),3,3,DG MOPP,(0.2797385672479704-0.12514030534989792j),-0.00037262702016499814,-0.0006742519124171211,0.0007703677936902548
70,(-4.9268852010116115e-05-3.651579787102624e-05j),3,4,CA1 Ivy,(-0.1626536661813977-0.20413544018463256j),-0.016201140021662577,-0.030401711290936734,0.034449107207865155
70,(-4.9268852010116115e-05-3.651579787102624e-05j),3,5,CA3 Spiny Lucidum,(0.20883872344213716+0.10198968387086114j),-0.0011283203847484975,-0.00013635045671713252,0.00113652907472091
70,(-4.9268852010116115e-05-3.651579787102624e-05j),4,1,DG HIPP,(0.14945228137091926-0.3908250607789896j),-0.0048233437173032965,-0.011364129822648015,0.012345367197505595
70,(-4.9268852010116115e-05-3.651579787102624e-05j),4,2,MEC LII Oblique Pyramidal,(0.17904091582647585+0.28808953158920586j),-0.011479285346634832,-0.011439820066993244,0.016206278883033158
70,(-4.9268852010116115e-05-3.651579787102624e-05j),4,3,DG MOPP,(0.2797385672479704-0.12514030534989792j),-0.0005899706156352177,-0.000550300489883382,0.0008067812321062557
70,(-4.9268852010116115e-05-3.651579787102624e-05j),4,4,CA1 Ivy,(-0.1626536661813977-0.20413544018463256j),-0.013008967778837512,-0.0064145112316762115,0.014504454385192598
70,(-4.9268852010116115e-05-3.651579787102624e-05j),4,5,CA3 Spiny Lucidum,(0.20883872344213716+0.10198968387086114j),-0.0005007107090844998,-0.0014418527106244607,0.0015263192501331457
70,(-4.9268852010116115e-05-3.651579787102624e-05j),5,1,DG HIPP,(0.14945228137091926-0.3908250607789896j),-0.0051980026354655744,-0.0038658585152454993,0.006477969856228354
70,(-4.9268852010116115e-05-3.651579787102624e-05j),5,2,MEC LII Oblique Pyramidal,(0.17904091582647585+0.28808953158920586j),-0.011154946182769474,-0.011103103611887134,0.015738860637186682
70,(-4.9268852010116115e-05-3.651579787102624e-05j),5,3,DG MOPP,(0.2797385672479704-0.12514030534989792j),-0.0005695154424398101,-0.0005313059755875943,0.0007788670482646559
70,(-4.9268852010116115e-05-3.651579787102624e-05j),5,4,CA1 Ivy,(-0.1626536661813977-0.20413544018463256j),-0.0057661675791668065,-0.008905503828036884,0.010609273631225371
70,(-4.9268852010116115e-05-3.651579787102624e-05j),5,5,CA3 Spiny Lucidum,(0.20883872344213716+0.10198968387086114j),-0.0006284462249998442,-0.000419179593138697,0.0007554178903232822
70,(-4.9268852010116115e-05-3.651579787102624e-05j),6,1,DG HIPP,(0.14945228137091926-0.3908250607789896j),-0.0031752248253995464,-0.0032784976533663896,0.004564055165635327
70,(-4.9268852010116115e-05-3.651579787102624e-05j),6,2,MEC LII Oblique Pyramidal,(0.17904091582647585+0.28808953158920586j),-0.010679502941050283,-0.01061989042061506,0.01506100446895137
70,(-4.9268852010116115e-05-3.651579787102624e-05j),6,3,DG MOPP,(0.2797385672479704-0.12514030534989792j),-0.0005573856918600319,-0.0005575308832354275,0.0007883650773921701
70,(-4.9268852010116115e-05-3.651579787102624e-05j),6,4,CA1 Ivy,(-0.1626536661813977-0.20413544018463256j),-0.005557150826253273,-0.004831088336897621,0.0073635140948215515
70,(-4.9268852010116115e-05-3.651579787102624e-05j),6,5,CA3 Spiny Lucidum,(0.20883872344213716+0.10198968387086114j),-0.0003635645640909575,-0.00038245840376132105,0.0005276870501256456
70,(-4.9268852010116115e-05-3.651579787102624e-05j),7,1,DG HIPP,(0.14945228137091926-0.3908250607789896j),-0.0027880862292956796,-0.00266934593670349,0.0038599005883291388
70,(-4.9268852010116115e-05-3.651579787102624e-05j),7,2,MEC LII Oblique Pyramidal,(0.17904091582647585+0.28808953158920586j),-0.010174691511485038,-0.01011869898756561,0.014349648656146498
70,(-4.9268852010116115e-05-3.651579787102624e-05j),7,3,DG MOPP,(0.2797385672479704-0.12514030534989792j),-0.0005439461826758864,-0.0005425518755246935,0.0007682707773194496
70,(-4.9268852010116115e-05-3.651579787102624e-05j),7,4,CA1 Ivy,(-0.1626536661813977-0.20413544018463256j),-0.0042951410351526045,-0.004441509084887501,0.006178611451045452
70,(-4.9268852010116115e-05-3.651579787102624e-05j),7,5,CA3 Spiny Lucidum,(0.20883872344213716+0.10198968387086114j),-0.00032565752523483374,-0.0003086758793062841,0.0004487021531122667
70,(-4.9268852010116115e-05-3.651579787102624e-05j),8,1,DG HIPP,(0.14945228137091926-0.3908250607789896j),-0.002497896278602269,-0.0025512018375552672,0.0035704504806257204
70,(-4.9268852010116115e-05-3.651579787102624e-05j),8,2,MEC LII Oblique Pyramidal,(0.17904091582647585+0.28808953158920586j),-0.009676781471178638,-0.009625326806896532,0.013648700149849698
70,(-4.9268852010116115e-05-3.651579787102624e-05j),8,3,DG MOPP,(0.2797385672479704-0.12514030534989792j),-0.0005214274504368152,-0.0005188858432582248,0.0007356147798969488
70,(-4.9268852010116115e-05-3.651579787102624e-05j),8,4,CA1 Ivy,(-0.1626536661813977-0.20413544018463256j),-0.00397255656606563,-0.003881047369843065,0.005553713564594137
70,(-4.9268852010116115e-05-3.651579787102624e-05j),8,5,CA3 Spiny Lucidum,(0.20883872344213716+0.10198968387086114j),-0.0002912655522079186,-0.00029935995329929526,0.0004176745186653598
70,(-4.9268852010116115e-05-3.651579787102624e-05j),9,1,DG HIPP,(0.14945228137091926-0.3908250607789896j),-0.0023609275701866428,-0.0023392459668159556,0.0033235599415283785
70,(-4.9268852010116115e-05-3.651579787102624e-05j),9,2,MEC LII Oblique Pyramidal,(0.17904091582647585+0.28808953158920586j),-0.009197363641564956,-0.009148888729286988,0.012972804744389527
70,(-4.9268852010116115e-05-3.651579787102624e-05j),9,3,DG MOPP,(0.2797385672479704-0.12514030534989792j),-0.000496732911055066,-0.0004937156353751789,0.000700356133362989
70,(-4.9268852010116115e-05-3.651579787102624e-05j),9,4,CA1 Ivy,(-0.1626536661813977-0.20413544018463256j),-0.0036686959275714502,-0.0036802658083677055,0.00519650711817272
70,(-4.9268852010116115e-05-3.651579787102624e-05j),9,5,CA3 Spiny Lucidum,(0.20883872344213716+0.10198968387086114j),-0.00027639145095774035,-0.0002734012979440431,0.00038876793062187165
70,(-4.9268852010116115e-05-3.651579787102624e-05j),10,1,DG HIPP,(0.14945228137091926-0.3908250607789896j),-0.0022184430805512996,-0.002208152236919582,0.0031300840249199216
70,(-4.9268852010116115e-05-3.651579787102624e-05j),10,2,MEC LII Oblique Pyramidal,(0.17904091582647585+0.28808953158920586j),-0.008739172333901634,-0.008693000066061786,0.012326450552782094
70,(-4.9268852010116115e-05-3.651579787102624e-05j),10,3,DG MOPP,(0.2797385672479704-0.12514030534989792j),-0.00047227420900791727,-0.00046978316870866687,0.0006661374888834959
70,(-4.9268852010116115e-05-3.651579787102624e-05j),10,4,CA1 Ivy,(-0.1626536661813977-0.20413544018463256j),-0.0034740885713829893,-0.003450275833951821,0.004896293979344565
70,(-4.9268852010116115e-05-3.651579787102624e-05j),10,5,CA3 Spiny Lucidum,(0.20883872344213716+0.10198968387086114j),-0.000259505014762272,-0.0002583569578034372,0.00036618461236405614
71,(-4.4040868327579516e-05+7.192547237130215e-21j),0,1,CA2 SP SR,(-0.4351299116469363+0.1769476934125443j),-0.4351299116469363,0.1769476934125443,0.46973239851418636
71,(-4.4040868327579516e-05+7.192547237130215e-21j),0,2,CA1 SO SO,(-0.23817255830510758+0.09685402841358579j),-0.23817255830510758,0.09685402841358579,0.2571125635777831
71,(-4.4040868327579516e-05+7.192547237130215e-21j),0,3,DG Semilunar Granule,(0.21614363748037574-0.0878958606940866j),0.21614363748037574,-0.0878958606940866,0.23333185455570005
71,(-4.4040868327579516e-05+7.192547237130215e-21j),0,4,CA1 Ivy,(0.20703178811327072-0.08419048286306369j),0.20703178811327072,-0.08419048286306369,0.22349541090164254
71,(-4.4040868327579516e-05+7.192547237130215e-21j),0,5,DG HIPP,(-0.20267407396293913+0.0824183972242394j),-0.20267407396293913,0.0824183972242394,0.21879116174504726
71,(-4.4040868327579516e-05+7.192547237130215e-21j),1,1,CA2 SP SR,(-0.4351299116469363+0.1769476934125443j),-0.0008094607009530385,0.0003291711282261211,0.0008738307948596466
71,(-4.4040868327579516e-05+7.192547237130215e-21j),1,2,CA1 SO SO,(-0.23817255830510758+0.09685402841358579j),-0.5406250870893249,0.21984781923939992,0.5836167821564592
71,(-4.4040868327579516e-05+7.192547237130215e-21j),1,3,DG Semilunar Granule,(0.21614363748037574-0.0878958606940866j),-0.0008391343450924075,0.0003412380598367953,0.0009058641523952938
71,(-4.4040868327579516e-05+7.192547237130215e-21j),1,4,CA1 Ivy,(0.20703178811327072-0.08419048286306369j),0.07460940681489775,-0.03034027790184721,0.08054251081529697
71,(-4.4040868327579516e-05+7.192547237130215e-21j),1,5,DG HIPP,(-0.20267407396293913+0.0824183972242394j),0.03713695392795449,-0.015101922809782476,0.04009016612087861
71,(-4.4040868327579516e-05+7.192547237130215e-21j),2,1,CA2 SP SR,(-0.4351299116469363+0.1769476934125443j),0.0019453646367666505,-0.0007910919845048206,0.0021000643080463077
71,(-4.4040868327579516e-05+7.192547237130215e-21j),2,2,CA1 SO SO,(-0.23817255830510758+0.09685402841358579j),0.15837722903168164,-0.0644048699390841,0.17097173435285754
71,(-4.4040868327579516e-05+7.192547237130215e-21j),2,3,DG Semilunar Granule,(0.21614363748037574-0.0878958606940866j),-0.0012147947473724542,0.000494002188228427,0.0013113978954604813
71,(-4.4040868327579516e-05+7.192547237130215e-21j),2,4,CA1 Ivy,(0.20703178811327072-0.08419048286306369j),0.0008633194823639459,-0.0003510730634541872,0.000931972544934806
71,(-4.4040868327579516e-05+7.192547237130215e-21j),2,5,DG HIPP,(-0.20267407396293913+0.0824183972242394j),-0.010754908978878635,0.0043735360078363756,0.011610162977142294
71,(-4.4040868327579516e-05+7.192547237130215e-21j),3,1,CA2 SP SR,(-0.4351299116469363+0.1769476934125443j),0.0012517458495023696,-0.0005090285335012132,0.0013512874304398767
71,(-4.4040868327579516e-05+7.192547237130215e-21j),3,2,CA1 SO SO,(-0.23817255830510758+0.09685402841358579j),-0.02988963924082102,0.01215476706847909,0.03226652904226625
71,(-4.4040868327579516e-05+7.192547237130215e-21j),3,3,DG Semilunar Granule,(0.21614363748037574-0.0878958606940866j),-0.00018785890453182398,7.63937365696082e-05,0.0002027978574811964
71,(-4.4040868327579516e-05+7.192547237130215e-21j),3,4,CA1 Ivy,(0.20703178811327072-0.08419048286306369j),0.0073610750531068634,-0.00299341694703045,0.007946443918901166
71,(-4.4040868327579516e-05+7.192547237130215e-21j),3,5,DG HIPP,(-0.20267407396293913+0.0824183972242394j),-0.009053619113071438,0.0036816982152069752,0.009773582802249678
71,(-4.4040868327579516e-05+7.192547237130215e-21j),4,1,CA2 SP SR,(-0.4351299116469363+0.1769476934125443j),-0.003308164512859882,0.0013452811776698973,0.00357123702533707
71,(-4.4040868327579516e-05+7.192547237130215e-21j),4,2,CA1 SO SO,(-0.23817255830510758+0.09685402841358579j),-0.03539799384754363,0.014394766241298087,0.03821292011312864
71,(-4.4040868327579516e-05+7.192547237130215e-21j),4,3,DG Semilunar Granule,(0.21614363748037574-0.0878958606940866j),-0.0004654739615700533,0.00018928724879353084,0.0005024894739748719
71,(-4.4040868327579516e-05+7.192547237130215e-21j),4,4,CA1 Ivy,(0.20703178811327072-0.08419048286306369j),-0.00845196586513405,0.0034370329977464623,0.00912408476577181
71,(-4.4040868327579516e-05+7.192547237130215e-21j),4,5,DG HIPP,(-0.20267407396293913+0.0824183972242394j),-0.001346583223719319,0.00054759461266017,0.0014536664810804285
71,(-4.4040868327579516e-05+7.192547237130215e-21j),5,1,CA2 SP SR,(-0.4351299116469363+0.1769476934125443j),-0.00247680925675166,0.0010072065221768828,0.0026737705721782416
71,(-4.4040868327579516e-05+7.192547237130215e-21j),5,2,CA1 SO SO,(-0.23817255830510758+0.09685402841358579j),-0.04109727022942542,0.016712404681913463,0.044365415478303145
71,(-4.4040868327579516e-05+7.192547237130215e-21j),5,3,DG Semilunar Granule,(0.21614363748037574-0.0878958606940866j),-0.0004443169837675518,0.0001806836609418848,0.00047965004680043227
71,(-4.4040868327579516e-05+7.192547237130215e-21j),5,4,CA1 Ivy,(0.20703178811327072-0.08419048286306369j),-0.004595296997419391,0.0018686998583051287,0.004960725113823712
71,(-4.4040868327579516e-05+7.192547237130215e-21j),5,5,DG HIPP,(-0.20267407396293913+0.0824183972242394j),-0.003954610073305865,0.001608161406714033,0.004269089357455132
71,(-4.4040868327579516e-05+7.192547237130215e-21j),6,1,CA2 SP SR,(-0.4351299116469363+0.1769476934125443j),-0.0027941134190370494,0.0011362398019486408,0.0030163074587938143
71,(-4.4040868327579516e-05+7.192547237130215e-21j),6,2,CA1 SO SO,(-0.23817255830510758+0.09685402841358579j),-0.03888438305504662,0.01581252335726154,0.04197655465251453
71,(-4.4040868327579516e-05+7.192547237130215e-21j),6,3,DG Semilunar Granule,(0.21614363748037574-0.0878958606940866j),-0.00045192756190857736,0.00018377853953226544,0.0004878658348411411
71,(-4.4040868327579516e-05+7.192547237130215e-21j),6,4,CA1 Ivy,(0.20703178811327072-0.08419048286306369j),-0.006290129308867769,0.00255791165506889,0.006790334215442903
71,(-4.4040868327579516e-05+7.192547237130215e-21j),6,5,DG HIPP,(-0.20267407396293913+0.0824183972242394j),-0.0036912074644120728,0.0015010474556041303,0.003984740394217299
71,(-4.4040868327579516e-05+7.192547237130215e-21j),7,1,CA2 SP SR,(-0.4351299116469363+0.1769476934125443j),-0.0026221115666073226,0.0010662944126856276,0.00283062764104721
71,(-4.4040868327579516e-05+7.192547237130215e-21j),7,2,CA1 SO SO,(-0.23817255830510758+0.09685402841358579j),-0.03778507551342068,0.015365484602546931,0.0407898277592099
71,(-4.4040868327579516e-05+7.192547237130215e-21j),7,3,DG Semilunar Granule,(0.21614363748037574-0.0878958606940866j),-0.0004223214840451965,0.0001717390840761023,0.000455905416600237
71,(-4.4040868327579516e-05+7.192547237130215e-21j),7,4,CA1 Ivy,(0.20703178811327072-0.08419048286306369j),-0.00582202367616089,0.0023675542244169815,0.006285003794058732
71,(-4.4040868327579516e-05+7.192547237130215e-21j),7,5,DG HIPP,(-0.20267407396293913+0.0824183972242394j),-0.0038930812602827043,0.0015831404158525783,0.004202667637997352
71,(-4.4040868327579516e-05+7.192547237130215e-21j),8,1,CA2 SP SR,(-0.4351299116469363+0.1769476934125443j),-0.0025476888880244393,0.0010360300687268756,0.0027502867075033135
71,(-4.4040868327579516e-05+7.192547237130215e-21j),8,2,CA1 SO SO,(-0.23817255830510758+0.09685402841358579j),-0.036094269293578,0.014677910035502442,0.0389645649128491
71,(-4.4040868327579516e-05+7.192547237130215e-21j),8,3,DG Semilunar Granule,(0.21614363748037574-0.0878958606940866j),-0.0004037214803514424,0.00016417530217331956,0.00043582629973518226
71,(-4.4040868327579516e-05+7.192547237130215e-21j),8,4,CA1 Ivy,(0.20703178811327072-0.08419048286306369j),-0.005769311187085828,0.0023461184345385925,0.006228099492005206
71,(-4.4040868327579516e-05+7.192547237130215e-21j),8,5,DG HIPP,(-0.20267407396293913+0.0824183972242394j),-0.003647034853273157,0.0014830844485944363,0.0039370550799616485
71,(-4.4040868327579516e-05+7.192547237130215e-21j),9,1,CA2 SP SR,(-0.4351299116469363+0.1769476934125443j),-0.002416958342292096,0.0009828678569213341,0.0026091601814653875
71,(-4.4040868327579516e-05+7.192547237130215e-21j),9,2,CA1 SO SO,(-0.23817255830510758+0.09685402841358579j),-0.034400806583957985,0.013989255193978803,0.03713643432680566
71,(-4.4040868327579516e-05+7.192547237130215e-21j),9,3,DG Semilunar Granule,(0.21614363748037574-0.0878958606940866j),-0.0003837429735891867,0.0001560509452978574,0.00041425905820805675
71,(-4.4040868327579516e-05+7.192547237130215e-21j),9,4,CA1 Ivy,(0.20703178811327072-0.08419048286306369j),-0.005460155737926743,0.0022203988685644506,0.00589435932209232
71,(-4.4040868327579516e-05+7.192547237130215e-21j),9,5,DG HIPP,(-0.20267407396293913+0.0824183972242394j),-0.003501576913969042,0.00142393327061408,0.003780030005648457
71,(-4.4040868327579516e-05+7.192547237130215e-21j),10,1,CA2 SP SR,(-0.4351299116469363+0.1769476934125443j),-0.0023016852272963193,0.0009359914844518356,0.0024847202950272814
71,(-4.4040868327579516e-05+7.192547237130215e-21j),10,2,CA1 SO SO,(-0.23817255830510758+0.09685402841358579j),-0.03269511788180089,0.013295628593168528,0.0352951055104293
71,(-4.4040868327579516e-05+7.192547237130215e-21j),10,3,DG Semilunar Granule,(0.21614363748037574-0.0878958606940866j),-0.00036495132763337103,0.00014840923113777736,0.00039397305926708537
71,(-4.4040868327579516e-05+7.192547237130215e-21j),10,4,CA1 Ivy,(0.20703178811327072-0.08419048286306369j),-0.005210797531530544,0.0021189961419895466,0.0056251716031043356
71,(-4.4040868327579516e-05+7.192547237130215e-21j),10,5,DG HIPP,(-0.20267407396293913+0.0824183972242394j),-0.003328698778650417,0.0013536315366553403,0.003593404221071806
72,(-3.1246645030960555e-05-8.009994579980934e-21j),0,1,CA2 SP SR,(0.3512546887570599+0.37047131694858604j),0.3512546887570599,0.37047131694858604,0.5105182201013385
72,(-3.1246645030960555e-05-8.009994579980934e-21j),0,2,CA1 Recurrent O LM,(0.2289540963195767+0.24147983870174683j),0.2289540963195767,0.24147983870174683,0.33276491810426123
72,(-3.1246645030960555e-05-8.009994579980934e-21j),0,3,DG Semilunar Granule,(0.2121566195554649+0.22376339665158063j),0.2121566195554649,0.22376339665158063,0.3083512427447875
72,(-3.1246645030960555e-05-8.009994579980934e-21j),0,4,CA3 Trilaminar,(-0.18609185993636435-0.19627267231077275j),-0.18609185993636435,-0.19627267231077275,0.2704683756570949
72,(-3.1246645030960555e-05-8.009994579980934e-21j),0,5,CA3 Horizontal Axo Axonic,(0.14395536871577846+0.1518309555344889j),0.14395536871577846,0.1518309555344889,0.20922664084817608
72,(-3.1246645030960555e-05-8.009994579980934e-21j),1,1,CA2 SP SR,(0.3512546887570599+0.37047131694858604j),-0.004617507049343071,-0.004870124079034482,0.006711145945062171
72,(-3.1246645030960555e-05-8.009994579980934e-21j),1,2,CA1 Recurrent O LM,(0.2289540963195767+0.24147983870174683j),0.1706423685524497,0.17997796194138768,0.24801388011513725
72,(-3.1246645030960555e-05-8.009994579980934e-21j),1,3,DG Semilunar Granule,(0.2121566195554649+0.22376339665158063j),-0.0020795774899846713,-0.002193348120526082,0.0030224854862622983
72,(-3.1246645030960555e-05-8.009994579980934e-21j),1,4,CA3 Trilaminar,(-0.18609185993636435-0.19627267231077275j),0.004457271165860889,0.004701121925679224,0.006478256988273684
72,(-3.1246645030960555e-05-8.009994579980934e-21j),1,5,CA3 Horizontal Axo Axonic,(0.14395536871577846+0.1518309555344889j),0.019539621984156683,0.020608606008259606,0.028399145566150634
72,(-3.1246645030960555e-05-8.009994579980934e-21j),2,1,CA2 SP SR,(0.3512546887570599+0.37047131694858604j),0.02034352840406051,0.02145649296783035,0.02956755381165933
72,(-3.1246645030960555e-05-8.009994579980934e-21j),2,2,CA1 Recurrent O LM,(0.2289540963195767+0.24147983870174683j),0.05013798233881446,0.05288095772310824,0.07287120805037084
72,(-3.1246645030960555e-05-8.009994579980934e-21j),2,3,DG Semilunar Granule,(0.2121566195554649+0.22376339665158063j),-0.0004143355918322131,-0.00043700328359440034,0.0006022008406929022
72,(-3.1246645030960555e-05-8.009994579980934e-21j),2,4,CA3 Trilaminar,(-0.18609185993636435-0.19627267231077275j),0.0020314298951228846,0.0021425664414558795,0.0029525071337512267
72,(-3.1246645030960555e-05-8.009994579980934e-21j),2,5,CA3 Horizontal Axo Axonic,(0.14395536871577846+0.1518309555344889j),0.006753908187061131,0.007123404585613807,0.00981621967406981
72,(-3.1246645030960555e-05-8.009994579980934e-21j),3,1,CA2 SP SR,(0.3512546887570599+0.37047131694858604j),0.0006589378210966625,0.0006949873416145243,0.0009577089626165357
72,(-3.1246645030960555e-05-8.009994579980934e-21j),3,2,CA1 Recurrent O LM,(0.2289540963195767+0.24147983870174683j),0.0016903382826230996,0.001782814207741832,0.0024567600633817184
72,(-3.1246645030960555e-05-8.009994579980934e-21j),3,3,DG Semilunar Granule,(0.2121566195554649+0.22376339665158063j),-0.0005528206885007437,-0.0005830646965311835,0.000803476915645644
72,(-3.1246645030960555e-05-8.009994579980934e-21j),3,4,CA3 Trilaminar,(-0.18609185993636435-0.19627267231077275j),-0.00022825525415013205,-0.00024074276390348922,0.0003317492116328727
72,(-3.1246645030960555e-05-8.009994579980934e-21j),3,5,CA3 Horizontal Axo Axonic,(0.14395536871577846+0.1518309555344889j),-0.0014599856023611542,-0.00153985927062403,0.002121962424839006
72,(-3.1246645030960555e-05-8.009994579980934e-21j),4,1,CA2 SP SR,(0.3512546887570599+0.37047131694858604j),-0.0013212567000627042,-0.0013935407138093358,0.0019203319995523742
72,(-3.1246645030960555e-05-8.009994579980934e-21j),4,2,CA1 Recurrent O LM,(0.2289540963195767+0.24147983870174683j),-0.00915930569259833,-0.00966039785626476,0.013312256289291795
72,(-3.1246645030960555e-05-8.009994579980934e-21j),4,3,DG Semilunar Granule,(0.2121566195554649+0.22376339665158063j),-0.000316687393831823,-0.00033401289608132726,0.00046027765550874585
72,(-3.1246645030960555e-05-8.009994579980934e-21j),4,4,CA3 Trilaminar,(-0.18609185993636435-0.19627267231077275j),-0.00030333550380538945,-0.00031993054375929286,0.000440871841580959
72,(-3.1246645030960555e-05-8.009994579980934e-21j),4,5,CA3 Horizontal Axo Axonic,(0.14395536871577846+0.1518309555344889j),-0.0012194237028739217,-0.0012861365828898137,0.0017723265717632948
72,(-3.1246645030960555e-05-8.009994579980934e-21j),5,1,CA2 SP SR,(0.3512546887570599+0.37047131694858604j),-0.0025088661121824393,-0.002646122492818203,0.0036464192594730313
72,(-3.1246645030960555e-05-8.009994579980934e-21j),5,2,CA1 Recurrent O LM,(0.2289540963195767+0.24147983870174683j),-0.013407481330972132,-0.01414098494521246,0.019486611066603952
72,(-3.1246645030960555e-05-8.009994579980934e-21j),5,3,DG Semilunar Granule,(0.2121566195554649+0.22376339665158063j),-0.0003910926819641877,-0.00041248878826052746,0.000568419287433651
72,(-3.1246645030960555e-05-8.009994579980934e-21j),5,4,CA3 Trilaminar,(-0.18609185993636435-0.19627267231077275j),-0.00039274334958214684,-0.0004142297614797986,0.0005708183896272222
72,(-3.1246645030960555e-05-8.009994579980934e-21j),5,5,CA3 Horizontal Axo Axonic,(0.14395536871577846+0.1518309555344889j),-0.001483194006664547,-0.0015643373726444646,0.0021556938272532626
72,(-3.1246645030960555e-05-8.009994579980934e-21j),6,1,CA2 SP SR,(0.3512546887570599+0.37047131694858604j),-0.002418057214766142,-0.002550345573980448,0.0035144364044045885
72,(-3.1246645030960555e-05-8.009994579980934e-21j),6,2,CA1 Recurrent O LM,(0.2289540963195767+0.24147983870174683j),-0.01372368327717146,-0.01447448583553416,0.01994618316608956
72,(-3.1246645030960555e-05-8.009994579980934e-21j),6,3,DG Semilunar Granule,(0.2121566195554649+0.22376339665158063j),-0.0004089897238780279,-0.00043136495105501214,0.0005944310853551642
72,(-3.1246645030960555e-05-8.009994579980934e-21j),6,4,CA3 Trilaminar,(-0.18609185993636435-0.19627267231077275j),-0.00037567737326545136,-0.0003962301306608271,0.0005460144734593812
72,(-3.1246645030960555e-05-8.009994579980934e-21j),6,5,CA3 Horizontal Axo Axonic,(0.14395536871577846+0.1518309555344889j),-0.00138041999449085,-0.0014559407451921415,0.0020063207158130944
72,(-3.1246645030960555e-05-8.009994579980934e-21j),7,1,CA2 SP SR,(0.3512546887570599+0.37047131694858604j),-0.0024237928387371085,-0.0025563949855158924,0.003522772636302844
72,(-3.1246645030960555e-05-8.009994579980934e-21j),7,2,CA1 Recurrent O LM,(0.2289540963195767+0.24147983870174683j),-0.013191852790266573,-0.013913559683703256,0.01917321368764341
72,(-3.1246645030960555e-05-8.009994579980934e-21j),7,3,DG Semilunar Granule,(0.2121566195554649+0.22376339665158063j),-0.00039430229036428505,-0.0004158739896227655,0.0005730841748218818
72,(-3.1246645030960555e-05-8.009994579980934e-21j),7,4,CA3 Trilaminar,(-0.18609185993636435-0.19627267231077275j),-0.00036270399588522517,-0.00038254699885600826,0.0005271587948283213
72,(-3.1246645030960555e-05-8.009994579980934e-21j),7,5,CA3 Horizontal Axo Axonic,(0.14395536871577846+0.1518309555344889j),-0.0013255192899650741,-0.0013980365037454564,0.0019265273042119943
72,(-3.1246645030960555e-05-8.009994579980934e-21j),8,1,CA2 SP SR,(0.3512546887570599+0.37047131694858604j),-0.0023370158733734964,-0.0024648705798123866,0.003396649844718224
72,(-3.1246645030960555e-05-8.009994579980934e-21j),8,2,CA1 Recurrent O LM,(0.2289540963195767+0.24147983870174683j),-0.01269369344392489,-0.013388146771088457,0.01844918229116261
72,(-3.1246645030960555e-05-8.009994579980934e-21j),8,3,DG Semilunar Granule,(0.2121566195554649+0.22376339665158063j),-0.00037289062370274376,-0.00039329092212198757,0.0005419641747099014
72,(-3.1246645030960555e-05-8.009994579980934e-21j),8,4,CA3 Trilaminar,(-0.18609185993636435-0.19627267231077275j),-0.0003473598396078328,-0.0003663633863221352,0.0005048573947262746
72,(-3.1246645030960555e-05-8.009994579980934e-21j),8,5,CA3 Horizontal Axo Axonic,(0.14395536871577846+0.1518309555344889j),-0.0012673431582858944,-0.001336677641335887,0.0018419733433742563
72,(-3.1246645030960555e-05-8.009994579980934e-21j),9,1,CA2 SP SR,(0.3512546887570599+0.37047131694858604j),-0.00223878932610442,-0.0023612702023914993,0.0032538860790416553
72,(-3.1246645030960555e-05-8.009994579980934e-21j),9,2,CA1 Recurrent O LM,(0.2289540963195767+0.24147983870174683j),-0.012128455531921009,-0.012791985522991408,0.017627658018302007
72,(-3.1246645030960555e-05-8.009994579980934e-21j),9,3,DG Semilunar Granule,(0.2121566195554649+0.22376339665158063j),-0.0003551447346869781,-0.0003745741815786572,0.0005161720644138009
72,(-3.1246645030960555e-05-8.009994579980934e-21j),9,4,CA3 Trilaminar,(-0.18609185993636435-0.19627267231077275j),-0.0003312624261409179,-0.0003493853070040861,0.00048146120064145005
72,(-3.1246645030960555e-05-8.009994579980934e-21j),9,5,CA3 Horizontal Axo Axonic,(0.14395536871577846+0.1518309555344889j),-0.0012073213196548357,-0.0012733720960575912,0.001754736807590015
72,(-3.1246645030960555e-05-8.009994579980934e-21j),10,1,CA2 SP SR,(0.3512546887570599+0.37047131694858604j),-0.0021297098678086236,-0.0022462231671195186,0.003095348548636464
72,(-3.1246645030960555e-05-8.009994579980934e-21j),10,2,CA1 Recurrent O LM,(0.2289540963195767+0.24147983870174683j),-0.011542505751905926,-0.0121739792910004,0.016776030841962827
72,(-3.1246645030960555e-05-8.009994579980934e-21j),10,3,DG Semilunar Granule,(0.2121566195554649+0.22376339665158063j),-0.00033787634510974056,-0.00035636106376691116,0.0004910739581303422
72,(-3.1246645030960555e-05-8.009994579980934e-21j),10,4,CA3 Trilaminar,(-0.18609185993636435-0.19627267231077275j),-0.00031489684179510856,-0.00033212438557217726,0.0004576752434469554
72,(-3.1246645030960555e-05-8.009994579980934e-21j),10,5,CA3 Horizontal Axo Axonic,(0.14395536871577846+0.1518309555344889j),-0.0011470965444948622,-0.001209852511890902,0.0016672053211649663
73,(1.6014445496838993e-05+1.6199775996626195e-05j),0,1,CA3 Horizontal Axo Axonic,(0.4476862795968356+0.12144915893387874j),0.4476862795968356,0.12144915893387874,0.46386733356101134
73,(1.6014445496838993e-05+1.6199775996626195e-05j),0,2,DG Neurogliaform,(-0.21058350224697475-0.3020359644860324j),-0.21058350224697475,-0.3020359644860324,0.36819985776967573
73,(1.6014445496838993e-05+1.6199775996626195e-05j),0,3,CA1 Radiatum Giant,(-0.2677432140396926-0.16895480233314153j),-0.2677432140396926,-0.16895480233314153,0.3165946207624753
73,(1.6014445496838993e-05+1.6199775996626195e-05j),0,4,CA3 Pyramidal,(0.12073961931330357+0.21324236257259277j),0.12073961931330357,0.21324236257259277,0.24505175140664184
73,(1.6014445496838993e-05+1.6199775996626195e-05j),0,5,CA2 Pyramidal,(0.015393119554204318+0.2142840917547083j),0.015393119554204318,0.2142840917547083,0.2148362634862892
73,(1.6014445496838993e-05+1.6199775996626195e-05j),1,1,CA3 Horizontal Axo Axonic,(0.4476862795968356+0.12144915893387874j),0.030911952865873192,0.06400804368861682,0.07108149187253912
73,(1.6014445496838993e-05+1.6199775996626195e-05j),1,2,DG Neurogliaform,(-0.21058350224697475-0.3020359644860324j),0.00016867855659572566,0.0011312334204889385,0.001143740139667364
73,(1.6014445496838993e-05+1.6199775996626195e-05j),1,3,CA1 Radiatum Giant,(-0.2677432140396926-0.16895480233314153j),-0.014002053456641968,-0.017321667531878245,0.022273250034235782
73,(1.6014445496838993e-05+1.6199775996626195e-05j),1,4,CA3 Pyramidal,(0.12073961931330357+0.21324236257259277j),0.004642622333497278,0.030604023105662074,0.03095416244034695
73,(1.6014445496838993e-05+1.6199775996626195e-05j),1,5,CA2 Pyramidal,(0.015393119554204318+0.2142840917547083j),-0.05351486852970943,-0.018697330235404437,0.056687135327901816
73,(1.6014445496838993e-05+1.6199775996626195e-05j),2,1,CA3 Horizontal Axo Axonic,(0.4476862795968356+0.12144915893387874j),-0.0035626233949665187,0.0037112419334761667,0.0051444729703979085
73,(1.6014445496838993e-05+1.6199775996626195e-05j),2,2,DG Neurogliaform,(-0.21058350224697475-0.3020359644860324j),0.0006270920719642414,0.0006399928079900592,0.0008960107482610943
73,(1.6014445496838993e-05+1.6199775996626195e-05j),2,3,CA1 Radiatum Giant,(-0.2677432140396926-0.16895480233314153j),0.005383592978018183,0.011698607629978708,0.012877907199275925
73,(1.6014445496838993e-05+1.6199775996626195e-05j),2,4,CA3 Pyramidal,(0.12073961931330357+0.21324236257259277j),-0.0014372502308611017,-0.0018635712687969607,0.0023534200857466573
73,(1.6014445496838993e-05+1.6199775996626195e-05j),2,5,CA2 Pyramidal,(0.015393119554204318+0.2142840917547083j),0.027798671920215665,0.07351780447926481,0.07859792450172712
73,(1.6014445496838993e-05+1.6199775996626195e-05j),3,1,CA3 Horizontal Axo Axonic,(0.4476862795968356+0.12144915893387874j),0.0012994585333540802,0.0025325010157387037,0.002846428266200345
73,(1.6014445496838993e-05+1.6199775996626195e-05j),3,2,DG Neurogliaform,(-0.21058350224697475-0.3020359644860324j),0.00011468383268461996,8.692104144793512e-05,0.00014390152509833785
73,(1.6014445496838993e-05+1.6199775996626195e-05j),3,3,CA1 Radiatum Giant,(-0.2677432140396926-0.16895480233314153j),-0.0008570941663536732,-0.00061591143150234,0.0010554417565421408
73,(1.6014445496838993e-05+1.6199775996626195e-05j),3,4,CA3 Pyramidal,(0.12073961931330357+0.21324236257259277j),0.004236033514578338,0.00660757361611248,0.007848822142778919
73,(1.6014445496838993e-05+1.6199775996626195e-05j),3,5,CA2 Pyramidal,(0.015393119554204318+0.2142840917547083j),0.0017991077320658716,0.01118203481052623,0.011325841740700759
73,(1.6014445496838993e-05+1.6199775996626195e-05j),4,1,CA3 Horizontal Axo Axonic,(0.4476862795968356+0.12144915893387874j),0.0012296172540178843,0.002091357210012085,0.00242605308500206
73,(1.6014445496838993e-05+1.6199775996626195e-05j),4,2,DG Neurogliaform,(-0.21058350224697475-0.3020359644860324j),0.00018575973838910376,0.00022580108846668762,0.0002923915387953782
73,(1.6014445496838993e-05+1.6199775996626195e-05j),4,3,CA1 Radiatum Giant,(-0.2677432140396926-0.16895480233314153j),0.0006721609234791378,0.001204027676968269,0.0013789426942255193
73,(1.6014445496838993e-05+1.6199775996626195e-05j),4,4,CA3 Pyramidal,(0.12073961931330357+0.21324236257259277j),0.002137646499322936,0.00305409588985488,0.0037278726185984512
73,(1.6014445496838993e-05+1.6199775996626195e-05j),4,5,CA2 Pyramidal,(0.015393119554204318+0.2142840917547083j),0.007119428334977989,0.013159403489450248,0.014961823418789664
73,(1.6014445496838993e-05+1.6199775996626195e-05j),5,1,CA3 Horizontal Axo Axonic,(0.4476862795968356+0.12144915893387874j),0.000796525166521347,0.001209413570399226,0.0014481483091063785
73,(1.6014445496838993e-05+1.6199775996626195e-05j),5,2,DG Neurogliaform,(-0.21058350224697475-0.3020359644860324j),0.00020149334663259035,0.00027013763515158995,0.00033700728577064137
73,(1.6014445496838993e-05+1.6199775996626195e-05j),5,3,CA1 Radiatum Giant,(-0.2677432140396926-0.16895480233314153j),0.00012448630612118847,0.0002720230494805765,0.00029915444148534783
73,(1.6014445496838993e-05+1.6199775996626195e-05j),5,4,CA3 Pyramidal,(0.12073961931330357+0.21324236257259277j),0.0024558734659056226,0.0035689497583879636,0.00433228771648846
73,(1.6014445496838993e-05+1.6199775996626195e-05j),5,5,CA2 Pyramidal,(0.015393119554204318+0.2142840917547083j),0.005486475129774096,0.00918667859861338,0.010700302473474794
73,(1.6014445496838993e-05+1.6199775996626195e-05j),6,1,CA3 Horizontal Axo Axonic,(0.4476862795968356+0.12144915893387874j),0.0008894110550021921,0.0013410079508194817,0.0016091470874103392
73,(1.6014445496838993e-05+1.6199775996626195e-05j),6,2,DG Neurogliaform,(-0.21058350224697475-0.3020359644860324j),0.0001604594471047036,0.000217546372920166,0.0002703213985903948
73,(1.6014445496838993e-05+1.6199775996626195e-05j),6,3,CA1 Radiatum Giant,(-0.2677432140396926-0.16895480233314153j),0.00034154077501164366,0.0005480362657338079,0.0006457506094112581
73,(1.6014445496838993e-05+1.6199775996626195e-05j),6,4,CA3 Pyramidal,(0.12073961931330357+0.21324236257259277j),0.002210210919159596,0.003215601616461769,0.0039019387569468396
73,(1.6014445496838993e-05+1.6199775996626195e-05j),6,5,CA2 Pyramidal,(0.015393119554204318+0.2142840917547083j),0.006056823391006291,0.009314252887138906,0.011110374270717273
73,(1.6014445496838993e-05+1.6199775996626195e-05j),7,1,CA3 Horizontal Axo Axonic,(0.4476862795968356+0.12144915893387874j),0.0008388568960361371,0.001238061920160853,0.0014954859444942172
73,(1.6014445496838993e-05+1.6199775996626195e-05j),7,2,DG Neurogliaform,(-0.21058350224697475-0.3020359644860324j),0.00015426380191252008,0.00021924067003279012,0.00026807422848332886
73,(1.6014445496838993e-05+1.6199775996626195e-05j),7,3,CA1 Radiatum Giant,(-0.2677432140396926-0.16895480233314153j),0.00027182400188233114,0.0004104370508343424,0.0004922873761299574
73,(1.6014445496838993e-05+1.6199775996626195e-05j),7,4,CA3 Pyramidal,(0.12073961931330357+0.21324236257259277j),0.002148806783219034,0.0031279842274605763,0.003794951372395998
73,(1.6014445496838993e-05+1.6199775996626195e-05j),7,5,CA2 Pyramidal,(0.015393119554204318+0.2142840917547083j),0.005589570343890143,0.008295179850430037,0.010002664913925522
73,(1.6014445496838993e-05+1.6199775996626195e-05j),8,1,CA3 Horizontal Axo Axonic,(0.4476862795968356+0.12144915893387874j),0.0008011743161853844,0.0011703161869096456,0.0014182807416932132
73,(1.6014445496838993e-05+1.6199775996626195e-05j),8,2,DG Neurogliaform,(-0.21058350224697475-0.3020359644860324j),0.0001464231424380912,0.00021159243891369624,0.0002573151702618635
73,(1.6014445496838993e-05+1.6199775996626195e-05j),8,3,CA1 Radiatum Giant,(-0.2677432140396926-0.16895480233314153j),0.00027293508259955234,0.0004018938032622172,0.0004858108566244626
73,(1.6014445496838993e-05+1.6199775996626195e-05j),8,4,CA3 Pyramidal,(0.12073961931330357+0.21324236257259277j),0.0020250833575447013,0.002945624710401752,0.003574586345234078
73,(1.6014445496838993e-05+1.6199775996626195e-05j),8,5,CA2 Pyramidal,(0.015393119554204318+0.2142840917547083j),0.005359881847256714,0.007854731302448839,0.009509213282402581
73,(1.6014445496838993e-05+1.6199775996626195e-05j),9,1,CA3 Horizontal Axo Axonic,(0.4476862795968356+0.12144915893387874j),0.0007575804227838863,0.001103537277898235,0.0013385524347953122
73,(1.6014445496838993e-05+1.6199775996626195e-05j),9,2,DG Neurogliaform,(-0.21058350224697475-0.3020359644860324j),0.00013951138050475448,0.00020243443990527557,0.0002458518410549431
73,(1.6014445496838993e-05+1.6199775996626195e-05j),9,3,CA1 Radiatum Giant,(-0.2677432140396926-0.16895480233314153j),0.0002542195885764637,0.0003716499201137274,0.0004502790938257365
73,(1.6014445496838993e-05+1.6199775996626195e-05j),9,4,CA3 Pyramidal,(0.12073961931330357+0.21324236257259277j),0.0019277999443683374,0.0028046300852069233,0.003403287019978532
73,(1.6014445496838993e-05+1.6199775996626195e-05j),9,5,CA2 Pyramidal,(0.015393119554204318+0.2142840917547083j),0.005080588348543435,0.007413797975058103,0.008987590243348376
73,(1.6014445496838993e-05+1.6199775996626195e-05j),10,1,CA3 Horizontal Axo Axonic,(0.4476862795968356+0.12144915893387874j),0.000720892136989782,0.0010495583134923086,0.0012732863490175783
73,(1.6014445496838993e-05+1.6199775996626195e-05j),10,2,DG Neurogliaform,(-0.21058350224697475-0.3020359644860324j),0.00013223228027548306,0.0001921285910675827,0.0002332354421018991
73,(1.6014445496838993e-05+1.6199775996626195e-05j),10,3,CA1 Radiatum Giant,(-0.2677432140396926-0.16895480233314153j),0.00024367613646105585,0.000355365563045328,0.0004308859975435615
73,(1.6014445496838993e-05+1.6199775996626195e-05j),10,4,CA3 Pyramidal,(0.12073961931330357+0.21324236257259277j),0.0018301647415164643,0.0026627493643607875,0.0032310582103227113
73,(1.6014445496838993e-05+1.6199775996626195e-05j),10,5,CA2 Pyramidal,(0.015393119554204318+0.2142840917547083j),0.004835586865275694,0.0070443173007822164,0.008544314282944328
74,(1.601444549683897e-05-1.619977599662618e-05j),0,1,CA3 Horizontal Axo Axonic,(0.3719887863228488+0.3755862188144576j),0.3719887863228488,0.3755862188144576,0.5286214760235226
74,(1.601444549683897e-05-1.619977599662618e-05j),0,2,CA2 Pyramidal,(-0.04630382217963793-0.2996156012713837j),-0.04630382217963793,-0.2996156012713837,0.3031724797432252
74,(1.601444549683897e-05-1.619977599662618e-05j),0,3,CA1 O LMR,(0.06464090939516103+0.2898856851108091j),0.06464090939516103,0.2898856851108091,0.29700531577666517
74,(1.601444549683897e-05-1.619977599662618e-05j),0,4,DG Neurogliaform,(-0.10609481379896174+0.18762505921562259j),-0.10609481379896174,0.18762505921562259,0.21554413088901828
74,(1.601444549683897e-05-1.619977599662618e-05j),0,5,CA1 Radiatum Giant,(-0.19538074653939866-0.08134857343373444j),-0.19538074653939866,-0.08134857343373444,0.21163937846723238
74,(1.601444549683897e-05-1.619977599662618e-05j),1,1,CA3 Horizontal Axo Axonic,(0.3719887863228488+0.3755862188144576j),0.010041102761887374,-0.056802767245949036,0.05768343012921685
74,(1.601444549683897e-05-1.619977599662618e-05j),1,2,CA2 Pyramidal,(-0.04630382217963793-0.2996156012713837j),-0.043290681695484945,-0.03867907189365812,0.058053025108210934
74,(1.601444549683897e-05-1.619977599662618e-05j),1,3,CA1 O LMR,(0.06464090939516103+0.2898856851108091j),0.061047638671441515,-0.2879976017242487,0.29439672686067325
74,(1.601444549683897e-05-1.619977599662618e-05j),1,4,DG Neurogliaform,(-0.10609481379896174+0.18762505921562259j),-0.0001651386169938435,-0.0014730970970908497,0.001482324465250482
74,(1.601444549683897e-05-1.619977599662618e-05j),1,5,CA1 Radiatum Giant,(-0.19538074653939866-0.08134857343373444j),-0.007831031768336057,0.008368283618411422,0.011460943646788494
74,(1.601444549683897e-05-1.619977599662618e-05j),2,1,CA3 Horizontal Axo Axonic,(0.3719887863228488+0.3755862188144576j),-0.00427586916363499,-0.009946824679016638,0.010826928387110493
74,(1.601444549683897e-05-1.619977599662618e-05j),2,2,CA2 Pyramidal,(-0.04630382217963793-0.2996156012713837j),0.004542015417616786,-0.07481641832774656,0.07495416169530708
74,(1.601444549683897e-05-1.619977599662618e-05j),2,3,CA1 O LMR,(0.06464090939516103+0.2898856851108091j),-0.028731782082123406,-0.06239878722229112,0.06869588014158774
74,(1.601444549683897e-05-1.619977599662618e-05j),2,4,DG Neurogliaform,(-0.10609481379896174+0.18762505921562259j),0.00038890468947216,-0.00017282497491681722,0.0004255764672164518
74,(1.601444549683897e-05-1.619977599662618e-05j),2,5,CA1 Radiatum Giant,(-0.19538074653939866-0.08134857343373444j),0.0015937661028584975,-0.010712357063903328,0.010830267044499884
74,(1.601444549683897e-05-1.619977599662618e-05j),3,1,CA3 Horizontal Axo Axonic,(0.3719887863228488+0.3755862188144576j),0.0004666055484173977,-0.002152476708163729,0.0022024705939015995
74,(1.601444549683897e-05-1.619977599662618e-05j),3,2,CA2 Pyramidal,(-0.04630382217963793-0.2996156012713837j),-0.0015128384970958116,-0.014397597264958692,0.014476860409710425
74,(1.601444549683897e-05-1.619977599662618e-05j),3,3,CA1 O LMR,(0.06464090939516103+0.2898856851108091j),6.861768714921292e-05,-0.02783568168322182,0.027835766257759825
74,(1.601444549683897e-05-1.619977599662618e-05j),3,4,DG Neurogliaform,(-0.10609481379896174+0.18762505921562259j),7.959567514145538e-05,1.3199150617554377e-05,8.068264421949112e-05
74,(1.601444549683897e-05-1.619977599662618e-05j),3,5,CA1 Radiatum Giant,(-0.19538074653939866-0.08134857343373444j),-0.0006043387472498631,-0.00014876677818712917,0.0006223800090938914
74,(1.601444549683897e-05-1.619977599662618e-05j),4,1,CA3 Horizontal Axo Axonic,(0.3719887863228488+0.3755862188144576j),0.0005273188973432356,-0.0015830644853730286,0.00166857975066961
74,(1.601444549683897e-05-1.619977599662618e-05j),4,2,CA2 Pyramidal,(-0.04630382217963793-0.2996156012713837j),0.0027576820611501266,-0.010728518103846766,0.01107727001814784
74,(1.601444549683897e-05-1.619977599662618e-05j),4,3,CA1 O LMR,(0.06464090939516103+0.2898856851108091j),0.0022482445887742107,-0.012975742811385724,0.013169073818540954
74,(1.601444549683897e-05-1.619977599662618e-05j),4,4,DG Neurogliaform,(-0.10609481379896174+0.18762505921562259j),0.00010501586789266715,-0.00010507083528637828,0.00014855373753974472
74,(1.601444549683897e-05-1.619977599662618e-05j),4,5,CA1 Radiatum Giant,(-0.19538074653939866-0.08134857343373444j),0.00027115361794292995,-0.0009558130336196675,0.0009935304926175
74,(1.601444549683897e-05-1.619977599662618e-05j),5,1,CA3 Horizontal Axo Axonic,(0.3719887863228488+0.3755862188144576j),0.00038246373616479675,-0.0008093051534118054,0.0008951275556143051
74,(1.601444549683897e-05-1.619977599662618e-05j),5,2,CA2 Pyramidal,(-0.04630382217963793-0.2996156012713837j),0.0023935971033678992,-0.00684810989439963,0.007254372213984151
74,(1.601444549683897e-05-1.619977599662618e-05j),5,3,CA1 O LMR,(0.06464090939516103+0.2898856851108091j),0.002459061243027672,-0.006783200269262766,0.0072151776201204686
74,(1.601444549683897e-05-1.619977599662618e-05j),5,4,DG Neurogliaform,(-0.10609481379896174+0.18762505921562259j),0.00010681969499544295,-0.00015147152848217228,0.0001853485127527194
74,(1.601444549683897e-05-1.619977599662618e-05j),5,5,CA1 Radiatum Giant,(-0.19538074653939866-0.08134857343373444j),3.642757660559222e-05,-0.00024995520690447863,0.000252595672559957
74,(1.601444549683897e-05-1.619977599662618e-05j),6,1,CA3 Horizontal Axo Axonic,(0.3719887863228488+0.3755862188144576j),0.00042971937877546033,-0.0008896396111329261,0.0009879865293575167
74,(1.601444549683897e-05-1.619977599662618e-05j),6,2,CA2 Pyramidal,(-0.04630382217963793-0.2996156012713837j),0.00287514377866637,-0.006329230401042125,0.006951662334828971
74,(1.601444549683897e-05-1.619977599662618e-05j),6,3,CA1 O LMR,(0.06464090939516103+0.2898856851108091j),0.002529086120263937,-0.005697675595076582,0.006233761608406514
74,(1.601444549683897e-05-1.619977599662618e-05j),6,4,DG Neurogliaform,(-0.10609481379896174+0.18762505921562259j),8.438478717972174e-05,-0.00012422712725580025,0.00015017713359095558
74,(1.601444549683897e-05-1.619977599662618e-05j),6,5,CA1 Radiatum Giant,(-0.19538074653939866-0.08134857343373444j),0.00015571199137010217,-0.00039083220867517374,0.00042070897256221826
74,(1.601444549683897e-05-1.619977599662618e-05j),7,1,CA3 Horizontal Axo Axonic,(0.3719887863228488+0.3755862188144576j),0.00041281013889357573,-0.0007993226737874984,0.0008996271158675294
74,(1.601444549683897e-05-1.619977599662618e-05j),7,2,CA2 Pyramidal,(-0.04630382217963793-0.2996156012713837j),0.002737865785211065,-0.0053939392923746075,0.0060490073687880465
74,(1.601444549683897e-05-1.619977599662618e-05j),7,3,CA1 O LMR,(0.06464090939516103+0.2898856851108091j),0.0025777059720922192,-0.005231265906614148,0.005831870288703568
74,(1.601444549683897e-05-1.619977599662618e-05j),7,4,DG Neurogliaform,(-0.10609481379896174+0.18762505921562259j),7.828748250582976e-05,-0.00013444526612371138,0.00015557782457720695
74,(1.601444549683897e-05-1.619977599662618e-05j),7,5,CA1 Radiatum Giant,(-0.19538074653939866-0.08134857343373444j),0.00013116458055787694,-0.00027277873625978263,0.0003026753808098832
74,(1.601444549683897e-05-1.619977599662618e-05j),8,1,CA3 Horizontal Axo Axonic,(0.3719887863228488+0.3755862188144576j),0.0003976778785709996,-0.0007453725281119514,0.0008448241833474777
74,(1.601444549683897e-05-1.619977599662618e-05j),8,2,CA2 Pyramidal,(-0.04630382217963793-0.2996156012713837j),0.0026533680193281573,-0.005024167122519463,0.005681779397424625
74,(1.601444549683897e-05-1.619977599662618e-05j),8,3,CA1 O LMR,(0.06464090939516103+0.2898856851108091j),0.002493858330406202,-0.004772725716052064,0.005385001405088127
74,(1.601444549683897e-05-1.619977599662618e-05j),8,4,DG Neurogliaform,(-0.10609481379896174+0.18762505921562259j),7.332543988534228e-05,-0.00013281056144045063,0.00015170782894928874
74,(1.601444549683897e-05-1.619977599662618e-05j),8,5,CA1 Radiatum Giant,(-0.19538074653939866-0.08134857343373444j),0.00013457540705957526,-0.00025869042456505803,0.0002916012276155578
74,(1.601444549683897e-05-1.619977599662618e-05j),9,1,CA3 Horizontal Axo Axonic,(0.3719887863228488+0.3755862188144576j),0.00037691086915941094,-0.0007002051528593432,0.0007952037848132256
74,(1.601444549683897e-05-1.619977599662618e-05j),9,2,CA2 Pyramidal,(-0.04630382217963793-0.2996156012713837j),0.0025240042680106252,-0.004715306741801797,0.005348337612213475
74,(1.601444549683897e-05-1.619977599662618e-05j),9,3,CA1 O LMR,(0.06464090939516103+0.2898856851108091j),0.0023804415254713076,-0.00445408547979592,0.005050285072896085
74,(1.601444549683897e-05-1.619977599662618e-05j),9,4,DG Neurogliaform,(-0.10609481379896174+0.18762505921562259j),6.963073690535435e-05,-0.00012777599217912136,0.00014551681586449575
74,(1.601444549683897e-05-1.619977599662618e-05j),9,5,CA1 Radiatum Giant,(-0.19538074653939866-0.08134857343373444j),0.0001261027275614608,-0.00023695705743008073,0.0002684223257561907
74,(1.601444549683897e-05-1.619977599662618e-05j),10,1,CA3 Horizontal Axo Axonic,(0.3719887863228488+0.3755862188144576j),0.0003588086606764267,-0.0006654972779519559,0.0007560623532076398
74,(1.601444549683897e-05-1.619977599662618e-05j),10,2,CA2 Pyramidal,(-0.04630382217963793-0.2996156012713837j),0.0024056542177152687,-0.0044701231238123244,0.005076334598630484
74,(1.601444549683897e-05-1.619977599662618e-05j),10,3,CA1 O LMR,(0.06464090939516103+0.2898856851108091j),0.002265518223696314,-0.004211740200927904,0.004782397760748506
74,(1.601444549683897e-05-1.619977599662618e-05j),10,4,DG Neurogliaform,(-0.10609481379896174+0.18762505921562259j),6.592561918841948e-05,-0.00012149043880763249,0.00013822486746981383
74,(1.601444549683897e-05-1.619977599662618e-05j),10,5,CA1 Radiatum Giant,(-0.19538074653939866-0.08134857343373444j),0.00012111763625702192,-0.00022583452256196666,0.00025626297702414935
75,(-1.0797401182616502e-05+1.2896738662548548e-05j),0,1,DG Semilunar Granule,(-0.29305676427221067+0.43106553102741085j),-0.29305676427221067,0.43106553102741085,0.5212482701416301
75,(-1.0797401182616502e-05+1.2896738662548548e-05j),0,2,CA3 Trilaminar,(-0.27092286954874273+0.2840154171377065j),-0.27092286954874273,0.2840154171377065,0.3925098195159333
75,(-1.0797401182616502e-05+1.2896738662548548e-05j),0,3,CA1 Oriens Bistratified,(0.09545161073528456-0.26195782020266656j),0.09545161073528456,-0.26195782020266656,0.27880622223561097
75,(-1.0797401182616502e-05+1.2896738662548548e-05j),0,4,MEC LV Pyramidal,(-0.12459392485575639+0.2305130537883929j),-0.12459392485575639,0.2305130537883929,0.26203036861747986
75,(-1.0797401182616502e-05+1.2896738662548548e-05j),0,5,DG MOPP,(0.07143927664993768-0.20916536711038042j),0.07143927664993768,-0.20916536711038042,0.22102877877481597
75,(-1.0797401182616502e-05+1.2896738662548548e-05j),1,1,DG Semilunar Granule,(-0.29305676427221067+0.43106553102741085j),-0.0025320518669419627,0.006176605108856374,0.0066754578365558525
75,(-1.0797401182616502e-05+1.2896738662548548e-05j),1,2,CA3 Trilaminar,(-0.27092286954874273+0.2840154171377065j),0.0036933619260437634,-0.003817623145537775,0.005311795251898874
75,(-1.0797401182616502e-05+1.2896738662548548e-05j),1,3,CA1 Oriens Bistratified,(0.09545161073528456-0.26195782020266656j),0.017611201337999226,-0.018662095945002823,0.02565985653950615
75,(-1.0797401182616502e-05+1.2896738662548548e-05j),1,4,MEC LV Pyramidal,(-0.12459392485575639+0.2305130537883929j),-0.002099076153369403,0.004688834560849431,0.00513724539385264
75,(-1.0797401182616502e-05+1.2896738662548548e-05j),1,5,DG MOPP,(0.07143927664993768-0.20916536711038042j),0.002500061601625148,0.0017465730211874686,0.0030497254516202643
75,(-1.0797401182616502e-05+1.2896738662548548e-05j),2,1,DG Semilunar Granule,(-0.29305676427221067+0.43106553102741085j),0.0006700901612323956,-0.00033151257702050815,0.0007476104686955878
75,(-1.0797401182616502e-05+1.2896738662548548e-05j),2,2,CA3 Trilaminar,(-0.27092286954874273+0.2840154171377065j),0.00018949123481141336,-0.0006280375226529601,0.0006560015685426533
75,(-1.0797401182616502e-05+1.2896738662548548e-05j),2,3,CA1 Oriens Bistratified,(0.09545161073528456-0.26195782020266656j),-0.004627845022526976,0.0019079721707900383,0.005005727455329241
75,(-1.0797401182616502e-05+1.2896738662548548e-05j),2,4,MEC LV Pyramidal,(-0.12459392485575639+0.2305130537883929j),-0.023573514973692,0.02609403165748251,0.035165453165807214
75,(-1.0797401182616502e-05+1.2896738662548548e-05j),2,5,DG MOPP,(0.07143927664993768-0.20916536711038042j),0.000807751931385272,0.00031323058327065585,0.0008663582289980931
75,(-1.0797401182616502e-05+1.2896738662548548e-05j),3,1,DG Semilunar Granule,(-0.29305676427221067+0.43106553102741085j),-0.00016692177177744246,0.00058463496035886,0.0006079974627966193
75,(-1.0797401182616502e-05+1.2896738662548548e-05j),3,2,CA3 Trilaminar,(-0.27092286954874273+0.2840154171377065j),-7.069069927016535e-05,0.0006568055148763629,0.0006605987127865972
75,(-1.0797401182616502e-05+1.2896738662548548e-05j),3,3,CA1 Oriens Bistratified,(0.09545161073528456-0.26195782020266656j),0.00045344982350123484,0.001683045766212403,0.0017430604675681208
75,(-1.0797401182616502e-05+1.2896738662548548e-05j),3,4,MEC LV Pyramidal,(-0.12459392485575639+0.2305130537883929j),0.003985743258387233,0.0024637614156696177,0.004685751768406179
75,(-1.0797401182616502e-05+1.2896738662548548e-05j),3,5,DG MOPP,(0.07143927664993768-0.20916536711038042j),0.0004788603361809116,0.0007646625522369406,0.0009022283748368855
75,(-1.0797401182616502e-05+1.2896738662548548e-05j),4,1,DG Semilunar Granule,(-0.29305676427221067+0.43106553102741085j),0.00019579091627861797,0.0004214339258869009,0.00046469413250617523
75,(-1.0797401182616502e-05+1.2896738662548548e-05j),4,2,CA3 Trilaminar,(-0.27092286954874273+0.2840154171377065j),0.0001775042350534786,0.0004173550764808064,0.0004535339164012107
75,(-1.0797401182616502e-05+1.2896738662548548e-05j),4,3,CA1 Oriens Bistratified,(0.09545161073528456-0.26195782020266656j),0.0004270830892250605,0.002399981639873286,0.0024376857543233275
75,(-1.0797401182616502e-05+1.2896738662548548e-05j),4,4,MEC LV Pyramidal,(-0.12459392485575639+0.2305130537883929j),0.00020570084028045441,0.008113422355432548,0.008116029519002794
75,(-1.0797401182616502e-05+1.2896738662548548e-05j),4,5,DG MOPP,(0.07143927664993768-0.20916536711038042j),0.000340813650704604,0.000946674225831382,0.0010061540808246252
75,(-1.0797401182616502e-05+1.2896738662548548e-05j),5,1,DG Semilunar Granule,(-0.29305676427221067+0.43106553102741085j),0.00014244440922788176,0.0004792425167354661,0.0004999637982566576
75,(-1.0797401182616502e-05+1.2896738662548548e-05j),5,2,CA3 Trilaminar,(-0.27092286954874273+0.2840154171377065j),0.00011861018183916083,0.00043395532255704523,0.0004498728678321332
75,(-1.0797401182616502e-05+1.2896738662548548e-05j),5,3,CA1 Oriens Bistratified,(0.09545161073528456-0.26195782020266656j),0.000624082205964525,0.0019650898272295957,0.0020618090670289505
75,(-1.0797401182616502e-05+1.2896738662548548e-05j),5,4,MEC LV Pyramidal,(-0.12459392485575639+0.2305130537883929j),0.0021330277404966926,0.00590184906772997,0.006275478448691665
75,(-1.0797401182616502e-05+1.2896738662548548e-05j),5,5,DG MOPP,(0.07143927664993768-0.20916536711038042j),0.0003355195404754735,0.0008906853110600195,0.0009517844742266794
75,(-1.0797401182616502e-05+1.2896738662548548e-05j),6,1,DG Semilunar Granule,(-0.29305676427221067+0.43106553102741085j),0.0001483167308305705,0.00043063621299514694,0.0004554617443727513
75,(-1.0797401182616502e-05+1.2896738662548548e-05j),6,2,CA3 Trilaminar,(-0.27092286954874273+0.2840154171377065j),0.00013572821061197087,0.00040101780272211365,0.00042336441189122113
75,(-1.0797401182616502e-05+1.2896738662548548e-05j),6,3,CA1 Oriens Bistratified,(0.09545161073528456-0.26195782020266656j),0.000586893060942146,0.0019360260472143962,0.0020230275135238868
75,(-1.0797401182616502e-05+1.2896738662548548e-05j),6,4,MEC LV Pyramidal,(-0.12459392485575639+0.2305130537883929j),0.0017304612865680817,0.006059141980924489,0.006301404431498774
75,(-1.0797401182616502e-05+1.2896738662548548e-05j),6,5,DG MOPP,(0.07143927664993768-0.20916536711038042j),0.00029239575065346797,0.0008521028600411232,0.0009008743303538329
75,(-1.0797401182616502e-05+1.2896738662548548e-05j),7,1,DG Semilunar Granule,(-0.29305676427221067+0.43106553102741085j),0.0001366026364251544,0.00041391954933643957,0.00043587804900130513
75,(-1.0797401182616502e-05+1.2896738662548548e-05j),7,2,CA3 Trilaminar,(-0.27092286954874273+0.2840154171377065j),0.0001287633621112352,0.00038567215129673007,0.00040659932575944703
75,(-1.0797401182616502e-05+1.2896738662548548e-05j),7,3,CA1 Oriens Bistratified,(0.09545161073528456-0.26195782020266656j),0.0006129622429604396,0.0018184908063762675,0.00191901837515176
75,(-1.0797401182616502e-05+1.2896738662548548e-05j),7,4,MEC LV Pyramidal,(-0.12459392485575639+0.2305130537883929j),0.0019002200540660739,0.005594646137558087,0.00590854480040293
75,(-1.0797401182616502e-05+1.2896738662548548e-05j),7,5,DG MOPP,(0.07143927664993768-0.20916536711038042j),0.00027657026616246323,0.0008063327921798999,0.0008524457072856954
75,(-1.0797401182616502e-05+1.2896738662548548e-05j),8,1,DG Semilunar Granule,(-0.29305676427221067+0.43106553102741085j),0.00013338833269358646,0.0003914495867678096,0.0004135519632155841
75,(-1.0797401182616502e-05+1.2896738662548548e-05j),8,2,CA3 Trilaminar,(-0.27092286954874273+0.2840154171377065j),0.000124184692712161,0.0003652455977563727,0.0003857799691332144
75,(-1.0797401182616502e-05+1.2896738662548548e-05j),8,3,CA1 Oriens Bistratified,(0.09545161073528456-0.26195782020266656j),0.000584498136681924,0.0017368435186096236,0.001832556542080189
75,(-1.0797401182616502e-05+1.2896738662548548e-05j),8,4,MEC LV Pyramidal,(-0.12459392485575639+0.2305130537883929j),0.0017952805190115987,0.005370680569966443,0.005662794533316358
75,(-1.0797401182616502e-05+1.2896738662548548e-05j),8,5,DG MOPP,(0.07143927664993768-0.20916536711038042j),0.00026157243043603985,0.0007669516019231827,0.0008103301154818034
75,(-1.0797401182616502e-05+1.2896738662548548e-05j),9,1,DG Semilunar Granule,(-0.29305676427221067+0.43106553102741085j),0.00012655922090386428,0.00037269550541090647,0.00039359773392295353
75,(-1.0797401182616502e-05+1.2896738662548548e-05j),9,2,CA3 Trilaminar,(-0.27092286954874273+0.2840154171377065j),0.00011782909150502482,0.0003473009630268504,0.0003667446710236936
75,(-1.0797401182616502e-05+1.2896738662548548e-05j),9,3,CA1 Oriens Bistratified,(0.09545161073528456-0.26195782020266656j),0.0005593243557722317,0.001647362818015495,0.0017397264121522026
75,(-1.0797401182616502e-05+1.2896738662548548e-05j),9,4,MEC LV Pyramidal,(-0.12459392485575639+0.2305130537883929j),0.001728753544357762,0.005086186031394695,0.005371952825843135
75,(-1.0797401182616502e-05+1.2896738662548548e-05j),9,5,DG MOPP,(0.07143927664993768-0.20916536711038042j),0.00024835796139745676,0.0007285222156643669,0.0007696923383443667
75,(-1.0797401182616502e-05+1.2896738662548548e-05j),10,1,DG Semilunar Granule,(-0.29305676427221067+0.43106553102741085j),0.00012041668576155051,0.0003538478744193806,0.0003737759976789705
75,(-1.0797401182616502e-05+1.2896738662548548e-05j),10,2,CA3 Trilaminar,(-0.27092286954874273+0.2840154171377065j),0.00011218848000982166,0.0003298003657411648,0.00034835977995446057
75,(-1.0797401182616502e-05+1.2896738662548548e-05j),10,3,CA1 Oriens Bistratified,(0.09545161073528456-0.26195782020266656j),0.0005317498578679289,0.0015655232857652293,0.001653366586578948
75,(-1.0797401182616502e-05+1.2896738662548548e-05j),10,4,MEC LV Pyramidal,(-0.12459392485575639+0.2305130537883929j),0.001641508111872542,0.004836236642236619,0.005107223682300931
75,(-1.0797401182616502e-05+1.2896738662548548e-05j),10,5,DG MOPP,(0.07143927664993768-0.20916536711038042j),0.00023564365681789966,0.000692159015911141,0.0007311716872975807
76,(1.7072803369818663e-05-6.805484006585457e-21j),0,1,CA1 Radiatum Giant,(0.17383909997402844-0.40407676770934015j),0.17383909997402844,-0.40407676770934015,0.43988415166064837
76,(1.7072803369818663e-05-6.805484006585457e-21j),0,2,CA1 O LM,(-0.1693383825349902+0.31454800827704826j),-0.1693383825349902,0.31454800827704826,0.35723372924546853
76,(1.7072803369818663e-05-6.805484006585457e-21j),0,3,DG Neurogliaform,(0.11351693668126381-0.3150863703584629j),0.11351693668126381,-0.3150863703584629,0.33491120569364125
76,(1.7072803369818663e-05-6.805484006585457e-21j),0,4,CA3 Spiny Lucidum,(0.1292447858529526-0.27805793504833765j),0.1292447858529526,-0.27805793504833765,0.3066275100403112
76,(1.7072803369818663e-05-6.805484006585457e-21j),0,5,CA3c Pyramidal,(-0.10550578219185426+0.18321000651252664j),-0.10550578219185426,0.18321000651252664,0.2114175408102058
76,(1.7072803369818663e-05-6.805484006585457e-21j),1,1,CA1 Radiatum Giant,(0.17383909997402844-0.40407676770934015j),-0.014253400685830437,0.024916385866696818,0.028705151380352626
76,(1.7072803369818663e-05-6.805484006585457e-21j),1,2,CA1 O LM,(-0.1693383825349902+0.31454800827704826j),0.1627343502339378,-0.2810647851025552,0.324776665065099
76,(1.7072803369818663e-05-6.805484006585457e-21j),1,3,DG Neurogliaform,(0.11351693668126381-0.3150863703584629j),0.0007483260094172434,-0.0017788371545250099,0.0019298324898003375
76,(1.7072803369818663e-05-6.805484006585457e-21j),1,4,CA3 Spiny Lucidum,(0.1292447858529526-0.27805793504833765j),-0.0020619428233653067,0.0007551632411538932,0.002195877894514571
76,(1.7072803369818663e-05-6.805484006585457e-21j),1,5,CA3c Pyramidal,(-0.10550578219185426+0.18321000651252664j),0.02550739617322481,-0.046249979263262755,0.05281749559937577
76,(1.7072803369818663e-05-6.805484006585457e-21j),2,1,CA1 Radiatum Giant,(0.17383909997402844-0.40407676770934015j),0.005175005539606193,-0.009373743494749663,0.010707368931736518
76,(1.7072803369818663e-05-6.805484006585457e-21j),2,2,CA1 O LM,(-0.1693383825349902+0.31454800827704826j),-0.0055715852062209695,0.014177790291848737,0.01523326292262497
76,(1.7072803369818663e-05-6.805484006585457e-21j),2,3,DG Neurogliaform,(0.11351693668126381-0.3150863703584629j),0.0005749459531965823,-0.0011357566562880798,0.0012729909785225526
76,(1.7072803369818663e-05-6.805484006585457e-21j),2,4,CA3 Spiny Lucidum,(0.1292447858529526-0.27805793504833765j),-0.0021024991120713885,-1.3892311514641373e-05,0.002102545008455276
76,(1.7072803369818663e-05-6.805484006585457e-21j),2,5,CA3c Pyramidal,(-0.10550578219185426+0.18321000651252664j),-0.0035995750829408892,0.0035760533744316966,0.005073962801845637
76,(1.7072803369818663e-05-6.805484006585457e-21j),3,1,CA1 Radiatum Giant,(0.17383909997402844-0.40407676770934015j),-0.0005948710857415444,0.00041075806264857166,0.0007229064909669382
76,(1.7072803369818663e-05-6.805484006585457e-21j),3,2,CA1 O LM,(-0.1693383825349902+0.31454800827704826j),0.006446512608008163,-0.01975982707628039,0.020784809137678214
76,(1.7072803369818663e-05-6.805484006585457e-21j),3,3,DG Neurogliaform,(0.11351693668126381-0.3150863703584629j),0.00011098494650568726,-0.0002813913171313015,0.00030248757281541163
76,(1.7072803369818663e-05-6.805484006585457e-21j),3,4,CA3 Spiny Lucidum,(0.1292447858529526-0.27805793504833765j),0.0011512257889403923,-0.0021034096833908522,0.0023978434296892353
76,(1.7072803369818663e-05-6.805484006585457e-21j),3,5,CA3c Pyramidal,(-0.10550578219185426+0.18321000651252664j),0.002970274474418998,-0.0064585453660605694,0.00710882118911761
76,(1.7072803369818663e-05-6.805484006585457e-21j),4,1,CA1 Radiatum Giant,(0.17383909997402844-0.40407676770934015j),0.0005801693193880896,-0.0013372990258133943,0.001457726011155969
76,(1.7072803369818663e-05-6.805484006585457e-21j),4,2,CA1 O LM,(-0.1693383825349902+0.31454800827704826j),0.007091938062261716,-0.020173741811501982,0.021383999723066306
76,(1.7072803369818663e-05-6.805484006585457e-21j),4,3,DG Neurogliaform,(0.11351693668126381-0.3150863703584629j),0.00014071514496546964,-0.0004441515626595871,0.00046590917852689517
76,(1.7072803369818663e-05-6.805484006585457e-21j),4,4,CA3 Spiny Lucidum,(0.1292447858529526-0.27805793504833765j),-0.0006896287317158525,0.0010194915905657879,0.0012308334131158347
76,(1.7072803369818663e-05-6.805484006585457e-21j),4,5,CA3c Pyramidal,(-0.10550578219185426+0.18321000651252664j),2.8729266620178652e-05,-0.001258105051126277,0.0012584330297755162
76,(1.7072803369818663e-05-6.805484006585457e-21j),5,1,CA1 Radiatum Giant,(0.17383909997402844-0.40407676770934015j),9.232424620834141e-05,-0.0004904266950997348,0.0004990411903885156
76,(1.7072803369818663e-05-6.805484006585457e-21j),5,2,CA1 O LM,(-0.1693383825349902+0.31454800827704826j),0.004807802282379912,-0.014996926255757022,0.015748738359216963
76,(1.7072803369818663e-05-6.805484006585457e-21j),5,3,DG Neurogliaform,(0.11351693668126381-0.3150863703584629j),0.0001674213576394582,-0.000482455973043142,0.0005106796225803849
76,(1.7072803369818663e-05-6.805484006585457e-21j),5,4,CA3 Spiny Lucidum,(0.1292447858529526-0.27805793504833765j),0.0003864085549558766,-0.0009864468474071837,0.0010594285979256273
76,(1.7072803369818663e-05-6.805484006585457e-21j),5,5,CA3c Pyramidal,(-0.10550578219185426+0.18321000651252664j),0.0010787573162112682,-0.0030575658725685967,0.003242287219290651
76,(1.7072803369818663e-05-6.805484006585457e-21j),6,1,CA1 Radiatum Giant,(0.17383909997402844-0.40407676770934015j),0.0002805666719110268,-0.0008105518539560446,0.0008577365360871663
76,(1.7072803369818663e-05-6.805484006585457e-21j),6,2,CA1 O LM,(-0.1693383825349902+0.31454800827704826j),0.004555625301216637,-0.014185602367361775,0.01489916227208715
76,(1.7072803369818663e-05-6.805484006585457e-21j),6,3,DG Neurogliaform,(0.11351693668126381-0.3150863703584629j),0.00012867001451661813,-0.00039927663446521724,0.0004194970839774424
76,(1.7072803369818663e-05-6.805484006585457e-21j),6,4,CA3 Spiny Lucidum,(0.1292447858529526-0.27805793504833765j),0.00022068333521745126,-0.0007059008474124289,0.0007395925505440704
76,(1.7072803369818663e-05-6.805484006585457e-21j),6,5,CA3c Pyramidal,(-0.10550578219185426+0.18321000651252664j),0.0008024793615431204,-0.0025433402587049943,0.0026669369691187383
76,(1.7072803369818663e-05-6.805484006585457e-21j),7,1,CA1 Radiatum Giant,(0.17383909997402844-0.40407676770934015j),0.00022143856295518357,-0.0006944585689910433,0.0007289085959218375
76,(1.7072803369818663e-05-6.805484006585457e-21j),7,2,CA1 O LM,(-0.1693383825349902+0.31454800827704826j),0.004480757439772416,-0.013797027843756542,0.01450638357949593
76,(1.7072803369818663e-05-6.805484006585457e-21j),7,3,DG Neurogliaform,(0.11351693668126381-0.3150863703584629j),0.00012368446192382668,-0.0003809268296050525,0.0004005035525864199
76,(1.7072803369818663e-05-6.805484006585457e-21j),7,4,CA3 Spiny Lucidum,(0.1292447858529526-0.27805793504833765j),0.0002271490000921262,-0.0006821032910680666,0.0007189308505890815
76,(1.7072803369818663e-05-6.805484006585457e-21j),7,5,CA3c Pyramidal,(-0.10550578219185426+0.18321000651252664j),0.0008244751766836448,-0.002511562147373594,0.0026434265144102994
76,(1.7072803369818663e-05-6.805484006585457e-21j),8,1,CA1 Radiatum Giant,(0.17383909997402844-0.40407676770934015j),0.00022090111422366158,-0.0006755469690595743,0.0007107467971583358
76,(1.7072803369818663e-05-6.805484006585457e-21j),8,2,CA1 O LM,(-0.1693383825349902+0.31454800827704826j),0.0042715587009805045,-0.01313782353877598,0.013814797178096336
76,(1.7072803369818663e-05-6.805484006585457e-21j),8,3,DG Neurogliaform,(0.11351693668126381-0.3150863703584629j),0.00011794132705209056,-0.000363353239482451,0.0003820153573734956
76,(1.7072803369818663e-05-6.805484006585457e-21j),8,4,CA3 Spiny Lucidum,(0.1292447858529526-0.27805793504833765j),0.0001945373214187748,-0.000609024510483148,0.0006393399907670643
76,(1.7072803369818663e-05-6.805484006585457e-21j),8,5,CA3c Pyramidal,(-0.10550578219185426+0.18321000651252664j),0.0007551609254547987,-0.0023358904996706566,0.002454924123019972
76,(1.7072803369818663e-05-6.805484006585457e-21j),9,1,CA1 Radiatum Giant,(0.17383909997402844-0.40407676770934015j),0.00020517517988016798,-0.0006335981763326691,0.0006659906181703638
76,(1.7072803369818663e-05-6.805484006585457e-21j),9,2,CA1 O LM,(-0.1693383825349902+0.31454800827704826j),0.004044108719095725,-0.012450482080136037,0.013090810492847823
76,(1.7072803369818663e-05-6.805484006585457e-21j),9,3,DG Neurogliaform,(0.11351693668126381-0.3150863703584629j),0.00011257273255387676,-0.0003462336985241752,0.00036407470951492374
76,(1.7072803369818663e-05-6.805484006585457e-21j),9,4,CA3 Spiny Lucidum,(0.1292447858529526-0.27805793504833765j),0.00019386457799923655,-0.0005953215869817861,0.0006260920591489198
76,(1.7072803369818663e-05-6.805484006585457e-21j),9,5,CA3c Pyramidal,(-0.10550578219185426+0.18321000651252664j),0.0007269469094062984,-0.0022357135315148116,0.002350928923658433
76,(1.7072803369818663e-05-6.805484006585457e-21j),10,1,CA1 Radiatum Giant,(0.17383909997402844-0.40407676770934015j),0.00019670349888651487,-0.0006050812678128423,0.000636251213855183
76,(1.7072803369818663e-05-6.805484006585457e-21j),10,2,CA1 O LM,(-0.1693383825349902+0.31454800827704826j),0.003840640667341664,-0.011824457489065986,0.012432550649258071
76,(1.7072803369818663e-05-6.805484006585457e-21j),10,3,DG Neurogliaform,(0.11351693668126381-0.3150863703584629j),0.00010669422783402971,-0.00032844684392275734,0.00034534184156559996
76,(1.7072803369818663e-05-6.805484006585457e-21j),10,4,CA3 Spiny Lucidum,(0.1292447858529526-0.27805793504833765j),0.00018321169807887052,-0.0005642580148114822,0.0005932568023983695
76,(1.7072803369818663e-05-6.805484006585457e-21j),10,5,CA3c Pyramidal,(-0.10550578219185426+0.18321000651252664j),0.0006887842713355687,-0.002121046640555645,0.002230081304314185
77,(-1.0797401182616518e-05-1.2896738662548531e-05j),0,1,CA1 Radiatum Giant,(-0.30889642182177623-0.27570308632661367j),-0.30889642182177623,-0.27570308632661367,0.4140400840792071
77,(-1.0797401182616518e-05-1.2896738662548531e-05j),0,2,EC LII III Pyramidal Tripolar,(0.3110172560933734+0.17477708263458822j),0.3110172560933734,0.17477708263458822,0.35676149203930163
77,(-1.0797401182616518e-05-1.2896738662548531e-05j),0,3,EC LIII Pyramidal,(-0.3009044279701674-0.18897590193060732j),-0.3009044279701674,-0.18897590193060732,0.35532431141499476
77,(-1.0797401182616518e-05-1.2896738662548531e-05j),0,4,LEC LIII Complex Pyramidal,(0.25969468242854127+0.1830478284892996j),0.25969468242854127,0.1830478284892996,0.31772289120601455
77,(-1.0797401182616518e-05-1.2896738662548531e-05j),0,5,CA1 Oriens Bistratified,(-0.24339697805633156-0.035402271876967976j),-0.24339697805633156,-0.035402271876967976,0.24595814640097835
77,(-1.0797401182616518e-05-1.2896738662548531e-05j),1,1,CA1 Radiatum Giant,(-0.30889642182177623-0.27570308632661367j),0.007071498668264447,-0.00026215213303046976,0.007076356206135915
77,(-1.0797401182616518e-05-1.2896738662548531e-05j),1,2,EC LII III Pyramidal Tripolar,(0.3110172560933734+0.17477708263458822j),0.026686468640261227,0.005610982676034135,0.027269960305772376
77,(-1.0797401182616518e-05-1.2896738662548531e-05j),1,3,EC LIII Pyramidal,(-0.3009044279701674-0.18897590193060732j),0.01950282549064308,0.0031493664019450543,0.01975547293415619
77,(-1.0797401182616518e-05-1.2896738662548531e-05j),1,4,LEC LIII Complex Pyramidal,(0.25969468242854127+0.1830478284892996j),0.014922656984519042,-0.0016111850794840244,0.015009384025934139
77,(-1.0797401182616518e-05-1.2896738662548531e-05j),1,5,CA1 Oriens Bistratified,(-0.24339697805633156-0.035402271876967976j),-0.01924261203067396,-0.002776339308338054,0.019441866621239357
77,(-1.0797401182616518e-05-1.2896738662548531e-05j),2,1,CA1 Radiatum Giant,(-0.30889642182177623-0.27570308632661367j),-0.0031405583241405285,-0.0006974384074649807,0.0032170680626209406
77,(-1.0797401182616518e-05-1.2896738662548531e-05j),2,2,EC LII III Pyramidal Tripolar,(0.3110172560933734+0.17477708263458822j),0.04181357650807178,0.01722271113228096,0.04522164259668556
77,(-1.0797401182616518e-05-1.2896738662548531e-05j),2,3,EC LIII Pyramidal,(-0.3009044279701674-0.18897590193060732j),0.034381036244630396,0.014314508152798451,0.03724192257270189
77,(-1.0797401182616518e-05-1.2896738662548531e-05j),2,4,LEC LIII Complex Pyramidal,(0.25969468242854127+0.1830478284892996j),0.025077156687688576,0.009699774087643654,0.026887718476847514
77,(-1.0797401182616518e-05-1.2896738662548531e-05j),2,5,CA1 Oriens Bistratified,(-0.24339697805633156-0.035402271876967976j),0.0002709286286401719,-0.001335245969035342,0.00136245518078283
77,(-1.0797401182616518e-05-1.2896738662548531e-05j),3,1,CA1 Radiatum Giant,(-0.30889642182177623-0.27570308632661367j),0.0011166712852540104,-5.7003114518484196e-05,0.0011181252677476038
77,(-1.0797401182616518e-05-1.2896738662548531e-05j),3,2,EC LII III Pyramidal Tripolar,(0.3110172560933734+0.17477708263458822j),0.03778990865938075,0.014163609466446524,0.04035697002504467
77,(-1.0797401182616518e-05-1.2896738662548531e-05j),3,3,EC LIII Pyramidal,(-0.3009044279701674-0.18897590193060732j),0.030551746030549217,0.01140155898563445,0.03260988704086663
77,(-1.0797401182616518e-05-1.2896738662548531e-05j),3,4,LEC LIII Complex Pyramidal,(0.25969468242854127+0.1830478284892996j),0.025683439235359505,0.008729400511047385,0.02712639829093937
77,(-1.0797401182616518e-05-1.2896738662548531e-05j),3,5,CA1 Oriens Bistratified,(-0.24339697805633156-0.035402271876967976j),0.0006170374515906044,-0.00038075344184372177,0.0007250575150574386
77,(-1.0797401182616518e-05-1.2896738662548531e-05j),4,1,CA1 Radiatum Giant,(-0.30889642182177623-0.27570308632661367j),0.00035074744542423997,0.00015347382554230113,0.0003828550451518418
77,(-1.0797401182616518e-05-1.2896738662548531e-05j),4,2,EC LII III Pyramidal Tripolar,(0.3110172560933734+0.17477708263458822j),0.035995557248309835,0.013593042908811118,0.038476628713247876
77,(-1.0797401182616518e-05-1.2896738662548531e-05j),4,3,EC LIII Pyramidal,(-0.3009044279701674-0.18897590193060732j),0.029154008064168766,0.011015500152425563,0.0311656450248299
77,(-1.0797401182616518e-05-1.2896738662548531e-05j),4,4,LEC LIII Complex Pyramidal,(0.25969468242854127+0.1830478284892996j),0.022026218053939724,0.008216939323161617,0.023508984954698067
77,(-1.0797401182616518e-05-1.2896738662548531e-05j),4,5,CA1 Oriens Bistratified,(-0.24339697805633156-0.035402271876967976j),0.0023695115397919632,0.0005769662684959431,0.0024387445565678696
77,(-1.0797401182616518e-05-1.2896738662548531e-05j),5,1,CA1 Radiatum Giant,(-0.30889642182177623-0.27570308632661367j),0.0007177313177957296,0.00023411311118318187,0.0007549484706737695
77,(-1.0797401182616518e-05-1.2896738662548531e-05j),5,2,EC LII III Pyramidal Tripolar,(0.3110172560933734+0.17477708263458822j),0.034142670198572235,0.012782801774153496,0.036457124811012924
77,(-1.0797401182616518e-05-1.2896738662548531e-05j),5,3,EC LIII Pyramidal,(-0.3009044279701674-0.18897590193060732j),0.027656606980820567,0.010349809386832456,0.02952975557019289
77,(-1.0797401182616518e-05-1.2896738662548531e-05j),5,4,LEC LIII Complex Pyramidal,(0.25969468242854127+0.1830478284892996j),0.021517669563462516,0.007895696053132156,0.02292056106655786
77,(-1.0797401182616518e-05-1.2896738662548531e-05j),5,5,CA1 Oriens Bistratified,(-0.24339697805633156-0.035402271876967976j),0.002346182760367099,0.0008150134704009334,0.0024837110343151345
77,(-1.0797401182616518e-05-1.2896738662548531e-05j),6,1,CA1 Radiatum Giant,(-0.30889642182177623-0.27570308632661367j),0.0005861436429972879,0.00021785609063359275,0.0006253204350189464
77,(-1.0797401182616518e-05-1.2896738662548531e-05j),6,2,EC LII III Pyramidal Tripolar,(0.3110172560933734+0.17477708263458822j),0.03236728114909936,0.012109645915515986,0.03455842029352638
77,(-1.0797401182616518e-05-1.2896738662548531e-05j),6,3,EC LIII Pyramidal,(-0.3009044279701674-0.18897590193060732j),0.026216689367045406,0.009808510326442572,0.02799145720022597
77,(-1.0797401182616518e-05-1.2896738662548531e-05j),6,4,LEC LIII Complex Pyramidal,(0.25969468242854127+0.1830478284892996j),0.02038993395226431,0.0075938856880778454,0.021758136556729632
77,(-1.0797401182616518e-05-1.2896738662548531e-05j),6,5,CA1 Oriens Bistratified,(-0.24339697805633156-0.035402271876967976j),0.0024097904182161026,0.0008753628573458012,0.0025638545184442007
77,(-1.0797401182616518e-05-1.2896738662548531e-05j),7,1,CA1 Radiatum Giant,(-0.30889642182177623-0.27570308632661367j),0.0006001571803837864,0.00021870204410735244,0.0006387638258879029
77,(-1.0797401182616518e-05-1.2896738662548531e-05j),7,2,EC LII III Pyramidal Tripolar,(0.3110172560933734+0.17477708263458822j),0.03074234538629804,0.011489580173205042,0.0328192360119328
77,(-1.0797401182616518e-05-1.2896738662548531e-05j),7,3,EC LIII Pyramidal,(-0.3009044279701674-0.18897590193060732j),0.02490325202691827,0.009306869483767752,0.026585518259084142
77,(-1.0797401182616518e-05-1.2896738662548531e-05j),7,4,LEC LIII Complex Pyramidal,(0.25969468242854127+0.1830478284892996j),0.019469913912506444,0.00726022138812716,0.02077951785689531
77,(-1.0797401182616518e-05-1.2896738662548531e-05j),7,5,CA1 Oriens Bistratified,(-0.24339697805633156-0.035402271876967976j),0.002283777430570652,0.0008446955048204972,0.002434984568379817
77,(-1.0797401182616518e-05-1.2896738662548531e-05j),8,1,CA1 Radiatum Giant,(-0.30889642182177623-0.27570308632661367j),0.0005645592927536609,0.0002104843976640787,0.0006025204367442849
77,(-1.0797401182616518e-05-1.2896738662548531e-05j),8,2,EC LII III Pyramidal Tripolar,(0.3110172560933734+0.17477708263458822j),0.029195782285647724,0.010909777322096637,0.03116756237643033
77,(-1.0797401182616518e-05-1.2896738662548531e-05j),8,3,EC LIII Pyramidal,(-0.3009044279701674-0.18897590193060732j),0.02364997985543628,0.008837409043574409,0.025247204711927866
77,(-1.0797401182616518e-05-1.2896738662548531e-05j),8,4,LEC LIII Complex Pyramidal,(0.25969468242854127+0.1830478284892996j),0.018488929487211044,0.006904728829734464,0.019736154483465825
77,(-1.0797401182616518e-05-1.2896738662548531e-05j),8,5,CA1 Oriens Bistratified,(-0.24339697805633156-0.035402271876967976j),0.0021896338334967728,0.0008131137571965036,0.00233573335527324
77,(-1.0797401182616518e-05-1.2896738662548531e-05j),9,1,CA1 Radiatum Giant,(-0.30889642182177623-0.27570308632661367j),0.0005408809486038539,0.00020157318948559424,0.0005772208860410372
77,(-1.0797401182616518e-05-1.2896738662548531e-05j),9,2,EC LII III Pyramidal Tripolar,(0.3110172560933734+0.17477708263458822j),0.027734736541054975,0.010362384757895882,0.029607340793668092
77,(-1.0797401182616518e-05-1.2896738662548531e-05j),9,3,EC LIII Pyramidal,(-0.3009044279701674-0.18897590193060732j),0.02246680535200519,0.008394101508025753,0.023983708696778513
77,(-1.0797401182616518e-05-1.2896738662548531e-05j),9,4,LEC LIII Complex Pyramidal,(0.25969468242854127+0.1830478284892996j),0.017574506544230126,0.006563745867929798,0.018760224947797218
77,(-1.0797401182616518e-05-1.2896738662548531e-05j),9,5,CA1 Oriens Bistratified,(-0.24339697805633156-0.035402271876967976j),0.0020838731433353405,0.0007771887833730747,0.0022240840097701416
77,(-1.0797401182616518e-05-1.2896738662548531e-05j),10,1,CA1 Radiatum Giant,(-0.30889642182177623-0.27570308632661367j),0.000513148707375422,0.00019163785214987956,0.0005477651524674471
77,(-1.0797401182616518e-05-1.2896738662548531e-05j),10,2,EC LII III Pyramidal Tripolar,(0.3110172560933734+0.17477708263458822j),0.026346709759649874,0.009843444392568639,0.02812547799893934
77,(-1.0797401182616518e-05-1.2896738662548531e-05j),10,3,EC LIII Pyramidal,(-0.3009044279701674-0.18897590193060732j),0.021342390007864507,0.007973762427607532,0.02278329428550051
77,(-1.0797401182616518e-05-1.2896738662548531e-05j),10,4,LEC LIII Complex Pyramidal,(0.25969468242854127+0.1830478284892996j),0.016696285297836795,0.006237185311583013,0.017823255128000273
77,(-1.0797401182616518e-05-1.2896738662548531e-05j),10,5,CA1 Oriens Bistratified,(-0.24339697805633156-0.035402271876967976j),0.001982270454931772,0.0007400792678980062,0.0021159190625512744
78,(-5.557833365642262e-06+3.0190419137086e-06j),0,1,CA1 Recurrent O LM,(-0.5626788801737013+0.09535842948412994j),-0.5626788801737013,0.09535842948412994,0.5707019820074312
78,(-5.557833365642262e-06+3.0190419137086e-06j),0,2,CA1 O LMR,(-0.415137535504503+0.03357620441286245j),-0.415137535504503,0.03357620441286245,0.4164931390641709
78,(-5.557833365642262e-06+3.0190419137086e-06j),0,3,DG Semilunar Granule,(0.30596650557843214-0.07991923007065163j),0.30596650557843214,-0.07991923007065163,0.316231854611395
78,(-5.557833365642262e-06+3.0190419137086e-06j),0,4,CA2 Pyramidal,(-0.2278644841803665-0.027711540053673975j),-0.2278644841803665,-0.027711540053673975,0.22954335669526763
78,(-5.557833365642262e-06+3.0190419137086e-06j),0,5,EC LIV VI Deep Multipolar Principal,(-0.20443709260317874+0.03784534154027016j),-0.20443709260317874,0.03784534154027016,0.20791054496667644
78,(-5.557833365642262e-06+3.0190419137086e-06j),1,1,CA1 Recurrent O LM,(-0.5626788801737013+0.09535842948412994j),-0.31541777474905625,0.03604593687024975,0.3174707580116638
78,(-5.557833365642262e-06+3.0190419137086e-06j),1,2,CA1 O LMR,(-0.415137535504503+0.03357620441286245j),-0.20096523556513737,0.022851736473169123,0.20226029705701098
78,(-5.557833365642262e-06+3.0190419137086e-06j),1,3,DG Semilunar Granule,(0.30596650557843214-0.07991923007065163j),0.0018070334588565298,-0.0010332635383910106,0.0020815867652335092
78,(-5.557833365642262e-06+3.0190419137086e-06j),1,4,CA2 Pyramidal,(-0.2278644841803665-0.027711540053673975j),0.04800019794485169,-0.018066909386218053,0.05128773944633121
78,(-5.557833365642262e-06+3.0190419137086e-06j),1,5,EC LIV VI Deep Multipolar Principal,(-0.20443709260317874+0.03784534154027016j),-0.01211824485059814,0.0007248377678592339,0.012139903131770184
78,(-5.557833365642262e-06+3.0190419137086e-06j),2,1,CA1 Recurrent O LM,(-0.5626788801737013+0.09535842948412994j),0.015591759855050414,-0.021879303988214523,0.026866464568049545
78,(-5.557833365642262e-06+3.0190419137086e-06j),2,2,CA1 O LMR,(-0.415137535504503+0.03357620441286245j),0.00273634499925631,-0.012971315368545277,0.013256794723658276
78,(-5.557833365642262e-06+3.0190419137086e-06j),2,3,DG Semilunar Granule,(0.30596650557843214-0.07991923007065163j),-0.0014510761062520659,0.00013696470160734283,0.0014575257101067016
78,(-5.557833365642262e-06+3.0190419137086e-06j),2,4,CA2 Pyramidal,(-0.2278644841803665-0.027711540053673975j),-0.04547449596849861,-0.003019932705476193,0.0455746615690627
78,(-5.557833365642262e-06+3.0190419137086e-06j),2,5,EC LIV VI Deep Multipolar Principal,(-0.20443709260317874+0.03784534154027016j),0.058621950584069445,-0.012855692794423662,0.06001501418399963
78,(-5.557833365642262e-06+3.0190419137086e-06j),3,1,CA1 Recurrent O LM,(-0.5626788801737013+0.09535842948412994j),-0.030209595079576202,-0.005372802166069033,0.030683654247622965
78,(-5.557833365642262e-06+3.0190419137086e-06j),3,2,CA1 O LMR,(-0.415137535504503+0.03357620441286245j),-0.015764237028531237,-0.003377021639278236,0.016121893320694962
78,(-5.557833365642262e-06+3.0190419137086e-06j),3,3,DG Semilunar Granule,(0.30596650557843214-0.07991923007065163j),0.00040302997896207835,-0.00022198605539623534,0.0004601206067245346
78,(-5.557833365642262e-06+3.0190419137086e-06j),3,4,CA2 Pyramidal,(-0.2278644841803665-0.027711540053673975j),-0.0053055226881729926,-0.004304369251235936,0.006831995729338814
78,(-5.557833365642262e-06+3.0190419137086e-06j),3,5,EC LIV VI Deep Multipolar Principal,(-0.20443709260317874+0.03784534154027016j),-0.018159305716024067,-0.0020234465309440872,0.018271691764902724
78,(-5.557833365642262e-06+3.0190419137086e-06j),4,1,CA1 Recurrent O LM,(-0.5626788801737013+0.09535842948412994j),-0.01446113355877768,-0.004383269256801498,0.015110838268687386
78,(-5.557833365642262e-06+3.0190419137086e-06j),4,2,CA1 O LMR,(-0.415137535504503+0.03357620441286245j),-0.009628372793486478,-0.0025059651758480663,0.009949141878218134
78,(-5.557833365642262e-06+3.0190419137086e-06j),4,3,DG Semilunar Granule,(0.30596650557843214-0.07991923007065163j),-0.0005446906964425113,-9.271490676992337e-05,0.0005525251204500874
78,(-5.557833365642262e-06+3.0190419137086e-06j),4,4,CA2 Pyramidal,(-0.2278644841803665-0.027711540053673975j),-0.00979611303628981,-0.0021499879066599757,0.010029271091088887
78,(-5.557833365642262e-06+3.0190419137086e-06j),4,5,EC LIV VI Deep Multipolar Principal,(-0.20443709260317874+0.03784534154027016j),-0.002402204203001278,-0.0023975192907448686,0.0033939186469935873
78,(-5.557833365642262e-06+3.0190419137086e-06j),5,1,CA1 Recurrent O LM,(-0.5626788801737013+0.09535842948412994j),-0.011895179072346137,-0.0031034317164350873,0.012293354854626003
78,(-5.557833365642262e-06+3.0190419137086e-06j),5,2,CA1 O LMR,(-0.415137535504503+0.03357620441286245j),-0.007032916735924813,-0.001969265115246012,0.007303418576843054
78,(-5.557833365642262e-06+3.0190419137086e-06j),5,3,DG Semilunar Granule,(0.30596650557843214-0.07991923007065163j),-0.0003350070680383564,-9.416111180858284e-05,0.0003479885782790642
78,(-5.557833365642262e-06+3.0190419137086e-06j),5,4,CA2 Pyramidal,(-0.2278644841803665-0.027711540053673975j),-0.006804876175604619,-0.0022235456175432678,0.007158945095375939
78,(-5.557833365642262e-06+3.0190419137086e-06j),5,5,EC LIV VI Deep Multipolar Principal,(-0.20443709260317874+0.03784534154027016j),-0.004796071975624828,-0.0008920547539990745,0.004878326360495595
78,(-5.557833365642262e-06+3.0190419137086e-06j),6,1,CA1 Recurrent O LM,(-0.5626788801737013+0.09535842948412994j),-0.010114217699344185,-0.0029417630717141685,0.010533345605258966
78,(-5.557833365642262e-06+3.0190419137086e-06j),6,2,CA1 O LMR,(-0.415137535504503+0.03357620441286245j),-0.006455299589655482,-0.0018184078932815201,0.0067065266761979535
78,(-5.557833365642262e-06+3.0190419137086e-06j),6,3,DG Semilunar Granule,(0.30596650557843214-0.07991923007065163j),-0.0003145289198418724,-7.938088496685708e-05,0.0003243913782994492
78,(-5.557833365642262e-06+3.0190419137086e-06j),6,4,CA2 Pyramidal,(-0.2278644841803665-0.027711540053673975j),-0.007263130243422725,-0.0018641125724383296,0.007498531630635728
78,(-5.557833365642262e-06+3.0190419137086e-06j),6,5,EC LIV VI Deep Multipolar Principal,(-0.20443709260317874+0.03784534154027016j),-0.0023563056948103385,-0.0009215425376087177,0.0025301022066347334
78,(-5.557833365642262e-06+3.0190419137086e-06j),7,1,CA1 Recurrent O LM,(-0.5626788801737013+0.09535842948412994j),-0.010017482790236969,-0.002657556124576943,0.010364003377458455
78,(-5.557833365642262e-06+3.0190419137086e-06j),7,2,CA1 O LMR,(-0.415137535504503+0.03357620441286245j),-0.0062563150128923375,-0.0016680310225066482,0.006474859460450599
78,(-5.557833365642262e-06+3.0190419137086e-06j),7,3,DG Semilunar Granule,(0.30596650557843214-0.07991923007065163j),-0.00028106246354010945,-7.779977071339011e-05,0.0002916314673252724
78,(-5.557833365642262e-06+3.0190419137086e-06j),7,4,CA2 Pyramidal,(-0.2278644841803665-0.027711540053673975j),-0.006553757619534462,-0.0017696557413049954,0.006788477029374096
78,(-5.557833365642262e-06+3.0190419137086e-06j),7,5,EC LIV VI Deep Multipolar Principal,(-0.20443709260317874+0.03784534154027016j),-0.002741828022728607,-0.0007144296002400293,0.0028333779415953306
78,(-5.557833365642262e-06+3.0190419137086e-06j),8,1,CA1 Recurrent O LM,(-0.5626788801737013+0.09535842948412994j),-0.009390727690540036,-0.0024995323328033626,0.009717686372825829
78,(-5.557833365642262e-06+3.0190419137086e-06j),8,2,CA1 O LMR,(-0.415137535504503+0.03357620441286245j),-0.005900513962524082,-0.0015658550957915673,0.006104749561035084
78,(-5.557833365642262e-06+3.0190419137086e-06j),8,3,DG Semilunar Granule,(0.30596650557843214-0.07991923007065163j),-0.00027513178184408125,-7.267494834314528e-05,0.00028456834943011133
78,(-5.557833365642262e-06+3.0190419137086e-06j),8,4,CA2 Pyramidal,(-0.2278644841803665-0.027711540053673975j),-0.0062545616024932745,-0.0016557310247252393,0.006470006651126484
78,(-5.557833365642262e-06+3.0190419137086e-06j),8,5,EC LIV VI Deep Multipolar Principal,(-0.20443709260317874+0.03784534154027016j),-0.0024342361752864943,-0.0006682931704723865,0.0025243061460079393
78,(-5.557833365642262e-06+3.0190419137086e-06j),9,1,CA1 Recurrent O LM,(-0.5626788801737013+0.09535842948412994j),-0.008895193794228345,-0.0023591248466919416,0.009202713875762832
78,(-5.557833365642262e-06+3.0190419137086e-06j),9,2,CA1 O LMR,(-0.415137535504503+0.03357620441286245j),-0.005580232164162332,-0.001481176268905401,0.005773462924928189
78,(-5.557833365642262e-06+3.0190419137086e-06j),9,3,DG Semilunar Granule,(0.30596650557843214-0.07991923007065163j),-0.00026001769108596886,-6.901655072641142e-05,0.0002690213447885681
78,(-5.557833365642262e-06+3.0190419137086e-06j),9,4,CA2 Pyramidal,(-0.2278644841803665-0.027711540053673975j),-0.005911639474449261,-0.0015722085192970343,0.006117133389424895
78,(-5.557833365642262e-06+3.0190419137086e-06j),9,5,EC LIV VI Deep Multipolar Principal,(-0.20443709260317874+0.03784534154027016j),-0.002326435826513141,-0.0006145142321506928,0.002406227627719297
78,(-5.557833365642262e-06+3.0190419137086e-06j),10,1,CA1 Recurrent O LM,(-0.5626788801737013+0.09535842948412994j),-0.008433129059409641,-0.0022388522816767665,0.008725257891422384
78,(-5.557833365642262e-06+3.0190419137086e-06j),10,2,CA1 O LMR,(-0.415137535504503+0.03357620441286245j),-0.005295822963080407,-0.0014053693484547727,0.005479124369994345
78,(-5.557833365642262e-06+3.0190419137086e-06j),10,3,DG Semilunar Granule,(0.30596650557843214-0.07991923007065163j),-0.00024695504356503454,-6.543090371139364e-05,0.0002554760198192734
78,(-5.557833365642262e-06+3.0190419137086e-06j),10,4,CA2 Pyramidal,(-0.2278644841803665-0.027711540053673975j),-0.005622234198967812,-0.001490385174980616,0.005816422040898102
78,(-5.557833365642262e-06+3.0190419137086e-06j),10,5,EC LIV VI Deep Multipolar Principal,(-0.20443709260317874+0.03784534154027016j),-0.002183434015753139,-0.0005822656187735163,0.002259738337054444
79,(-5.557833365642256e-06-3.0190419137085965e-06j),0,1,CA1 Oriens Bistratified,(-0.03500228229319407-0.46559123642372874j),-0.03500228229319407,-0.46559123642372874,0.4669050858582598
79,(-5.557833365642256e-06-3.0190419137085965e-06j),0,2,CA1 Radiatum Giant,(0.01048170342939085+0.3771492007709339j),0.01048170342939085,0.3771492007709339,0.3772948260299045
79,(-5.557833365642256e-06-3.0190419137085965e-06j),0,3,CA3 Trilaminar,(0.0024581887910509843-0.37694764462830166j),0.0024581887910509843,-0.37694764462830166,0.3769556598367464
79,(-5.557833365642256e-06-3.0190419137085965e-06j),0,4,CA2 Pyramidal,(0.03960407619809628-0.339835598819205j),0.03960407619809628,-0.339835598819205,0.3421355244290079
79,(-5.557833365642256e-06-3.0190419137085965e-06j),0,5,CA1 O LM,(0.029212269114934273+0.29852201200591033j),0.029212269114934273,0.29852201200591033,0.2999479093424393
79,(-5.557833365642256e-06-3.0190419137085965e-06j),1,1,CA1 Oriens Bistratified,(-0.03500228229319407-0.46559123642372874j),0.00725207767381166,-0.01066616765989824,0.012898052687753165
79,(-5.557833365642256e-06-3.0190419137085965e-06j),1,2,CA1 Radiatum Giant,(0.01048170342939085+0.3771492007709339j),-0.003196433852384341,-0.00240737091200751,0.004001577698939315
79,(-5.557833365642256e-06-3.0190419137085965e-06j),1,3,CA3 Trilaminar,(0.0024581887910509843-0.37694764462830166j),0.0018418387810744004,-0.00495456046341259,0.0052858338491746796
79,(-5.557833365642256e-06-3.0190419137085965e-06j),1,4,CA2 Pyramidal,(0.03960407619809628-0.339835598819205j),-0.010459101408934201,-0.04778779325831338,0.048918973688965216
79,(-5.557833365642256e-06-3.0190419137085965e-06j),1,5,CA1 O LM,(0.029212269114934273+0.29852201200591033j),0.04259375041987492,-0.06418796831976001,0.07703455621894054
79,(-5.557833365642256e-06-3.0190419137085965e-06j),2,1,CA1 Oriens Bistratified,(-0.03500228229319407-0.46559123642372874j),-0.001198375365991739,-0.012436453810019387,0.012494058063197946
79,(-5.557833365642256e-06-3.0190419137085965e-06j),2,2,CA1 Radiatum Giant,(0.01048170342939085+0.3771492007709339j),0.0015617945542591761,-0.0051647566324988185,0.005395731025788272
79,(-5.557833365642256e-06-3.0190419137085965e-06j),2,3,CA3 Trilaminar,(0.0024581887910509843-0.37694764462830166j),0.00010563467508196544,-0.0027733229501606675,0.0027753340106134146
79,(-5.557833365642256e-06-3.0190419137085965e-06j),2,4,CA2 Pyramidal,(0.03960407619809628-0.339835598819205j),0.008125974906571952,-0.05528377001282165,0.05587778355494064
79,(-5.557833365642256e-06-3.0190419137085965e-06j),2,5,CA1 O LM,(0.029212269114934273+0.29852201200591033j),-0.0005798933650277901,-0.06485304677275175,0.06485563932321946
79,(-5.557833365642256e-06-3.0190419137085965e-06j),3,1,CA1 Oriens Bistratified,(-0.03500228229319407-0.46559123642372874j),0.0008050171795365061,-0.007336991352808269,0.007381022610081359
79,(-5.557833365642256e-06-3.0190419137085965e-06j),3,2,CA1 Radiatum Giant,(0.01048170342939085+0.3771492007709339j),-0.00022355971694173928,-0.0015488315017465565,0.001564882732936102
79,(-5.557833365642256e-06-3.0190419137085965e-06j),3,3,CA3 Trilaminar,(0.0024581887910509843-0.37694764462830166j),7.063412260118284e-05,-0.0011630688712758552,0.0011652117312345128
79,(-5.557833365642256e-06-3.0190419137085965e-06j),3,4,CA2 Pyramidal,(0.03960407619809628-0.339835598819205j),0.0005981614954793707,-0.026185820860844627,0.026192651857551954
79,(-5.557833365642256e-06-3.0190419137085965e-06j),3,5,CA1 O LM,(0.029212269114934273+0.29852201200591033j),0.002415854877370422,-0.031390673906234,0.03148349985430518
79,(-5.557833365642256e-06-3.0190419137085965e-06j),4,1,CA1 Oriens Bistratified,(-0.03500228229319407-0.46559123642372874j),0.00027165446033619036,-0.004594839205004347,0.004602862529520682
79,(-5.557833365642256e-06-3.0190419137085965e-06j),4,2,CA1 Radiatum Giant,(0.01048170342939085+0.3771492007709339j),0.00017520783035394238,-0.0010608168939238935,0.0010751884794079935
79,(-5.557833365642256e-06-3.0190419137085965e-06j),4,3,CA3 Trilaminar,(0.0024581887910509843-0.37694764462830166j),7.483346152978303e-05,-0.0008494651794099413,0.0008527550281261866
79,(-5.557833365642256e-06-3.0190419137085965e-06j),4,4,CA2 Pyramidal,(0.03960407619809628-0.339835598819205j),0.0016177426431822025,-0.019397171205517743,0.01946451494478444
79,(-5.557833365642256e-06-3.0190419137085965e-06j),4,5,CA1 O LM,(0.029212269114934273+0.29852201200591033j),0.0016750400193924603,-0.021833963005578324,0.021898120914716157
79,(-5.557833365642256e-06-3.0190419137085965e-06j),5,1,CA1 Oriens Bistratified,(-0.03500228229319407-0.46559123642372874j),0.00025869015905795084,-0.00339631847972409,0.0034061561640812634
79,(-5.557833365642256e-06-3.0190419137085965e-06j),5,2,CA1 Radiatum Giant,(0.01048170342939085+0.3771492007709339j),1.704155683176865e-05,-0.0008746555533319699,0.0008748215541661653
79,(-5.557833365642256e-06-3.0190419137085965e-06j),5,3,CA3 Trilaminar,(0.0024581887910509843-0.37694764462830166j),4.2379519731955046e-05,-0.0006785424374263574,0.000679864591724862
79,(-5.557833365642256e-06-3.0190419137085965e-06j),5,4,CA2 Pyramidal,(0.03960407619809628-0.339835598819205j),0.001059129578710287,-0.017120041071257263,0.017152771255573677
79,(-5.557833365642256e-06-3.0190419137085965e-06j),5,5,CA1 O LM,(0.029212269114934273+0.29852201200591033j),0.0011630709787195548,-0.01673367092584249,0.016774041753731442
79,(-5.557833365642256e-06-3.0190419137085965e-06j),6,1,CA1 Oriens Bistratified,(-0.03500228229319407-0.46559123642372874j),0.00020384940544328128,-0.003070897690531433,0.0030776561220855828
79,(-5.557833365642256e-06-3.0190419137085965e-06j),6,2,CA1 Radiatum Giant,(0.01048170342939085+0.3771492007709339j),7.04036339725041e-05,-0.0008183890985714455,0.0008214118262705484
79,(-5.557833365642256e-06-3.0190419137085965e-06j),6,3,CA3 Trilaminar,(0.0024581887910509843-0.37694764462830166j),4.683940698550489e-05,-0.000640097614628191,0.000641809073089072
79,(-5.557833365642256e-06-3.0190419137085965e-06j),6,4,CA2 Pyramidal,(0.03960407619809628-0.339835598819205j),0.0011755336217585408,-0.01573021661415552,0.01577407981544848
79,(-5.557833365642256e-06-3.0190419137085965e-06j),6,5,CA1 O LM,(0.029212269114934273+0.29852201200591033j),0.001082486317366397,-0.015418085765717121,0.015456039120883926
79,(-5.557833365642256e-06-3.0190419137085965e-06j),7,1,CA1 Oriens Bistratified,(-0.03500228229319407-0.46559123642372874j),0.00021035115143366954,-0.002871981370697569,0.0028796743914101396
79,(-5.557833365642256e-06-3.0190419137085965e-06j),7,2,CA1 Radiatum Giant,(0.01048170342939085+0.3771492007709339j),5.0758914824199336e-05,-0.0007439228069583717,0.0007456524727692876
79,(-5.557833365642256e-06-3.0190419137085965e-06j),7,3,CA3 Trilaminar,(0.0024581887910509843-0.37694764462830166j),4.327504952549983e-05,-0.0005994832979045866,0.0006010432217220271
79,(-5.557833365642256e-06-3.0190419137085965e-06j),7,4,CA2 Pyramidal,(0.03960407619809628-0.339835598819205j),0.0010529656896643676,-0.014631377807633955,0.014669217882809355
79,(-5.557833365642256e-06-3.0190419137085965e-06j),7,5,CA1 O LM,(0.029212269114934273+0.29852201200591033j),0.0010490374722482891,-0.014464854762223436,0.014502844648909368
79,(-5.557833365642256e-06-3.0190419137085965e-06j),8,1,CA1 Oriens Bistratified,(-0.03500228229319407-0.46559123642372874j),0.00019556059730718283,-0.0026928685854097443,0.0026999602155412996
79,(-5.557833365642256e-06-3.0190419137085965e-06j),8,2,CA1 Radiatum Giant,(0.01048170342939085+0.3771492007709339j),5.173375024388435e-05,-0.0006963975501089605,0.000698316496090461
79,(-5.557833365642256e-06-3.0190419137085965e-06j),8,3,CA3 Trilaminar,(0.0024581887910509843-0.37694764462830166j),4.134494999847399e-05,-0.0005650353199484654,0.0005665459537227682
79,(-5.557833365642256e-06-3.0190419137085965e-06j),8,4,CA2 Pyramidal,(0.03960407619809628-0.339835598819205j),0.001007828758530593,-0.013797944647261475,0.013834702573435142
79,(-5.557833365642256e-06-3.0190419137085965e-06j),8,5,CA1 O LM,(0.029212269114934273+0.29852201200591033j),0.0009932434390669187,-0.013615366426214828,0.013651546998393532
79,(-5.557833365642256e-06-3.0190419137085965e-06j),9,1,CA1 Oriens Bistratified,(-0.03500228229319407-0.46559123642372874j),0.00018560513902158562,-0.002543588275072771,0.0025503510700918995
79,(-5.557833365642256e-06-3.0190419137085965e-06j),9,2,CA1 Radiatum Giant,(0.01048170342939085+0.3771492007709339j),4.75809395999787e-05,-0.0006587475398995429,0.0006604636758648554
79,(-5.557833365642256e-06-3.0190419137085965e-06j),9,3,CA3 Trilaminar,(0.0024581887910509843-0.37694764462830166j),3.8966622091238636e-05,-0.0005352076524768014,0.0005366242902692069
79,(-5.557833365642256e-06-3.0190419137085965e-06j),9,4,CA2 Pyramidal,(0.03960407619809628-0.339835598819205j),0.0009519294835966621,-0.013077678486820862,0.01311227838121193
79,(-5.557833365642256e-06-3.0190419137085965e-06j),9,5,CA1 O LM,(0.029212269114934273+0.29852201200591033j),0.0009388991951275352,-0.012880815001407643,0.012914988455244523
79,(-5.557833365642256e-06-3.0190419137085965e-06j),10,1,CA1 Oriens Bistratified,(-0.03500228229319407-0.46559123642372874j),0.0001757841791999039,-0.0024124802476304967,0.002418875983357619
79,(-5.557833365642256e-06-3.0190419137085965e-06j),10,2,CA1 Radiatum Giant,(0.01048170342939085+0.3771492007709339j),4.569285757469875e-05,-0.0006251589450792528,0.0006268265660020689
79,(-5.557833365642256e-06-3.0190419137085965e-06j),10,3,CA3 Trilaminar,(0.0024581887910509843-0.37694764462830166j),3.70689960672672e-05,-0.0005081250688974558,0.0005094754126662829
79,(-5.557833365642256e-06-3.0190419137085965e-06j),10,4,CA2 Pyramidal,(0.03960407619809628-0.339835598819205j),0.0009057575189292919,-0.012413210380227715,0.012446211818336132
79,(-5.557833365642256e-06-3.0190419137085965e-06j),10,5,CA1 O LM,(0.029212269114934273+0.29852201200591033j),0.0008912757442630708,-0.01222327981203803,0.012255730978431608
80,(7.2463941275146515e-06-4.696818950409618e-21j),0,1,MEC LII III Pyramidal Multiform,(0.3183596235052669-0.27284748579815365j),0.3183596235052669,-0.27284748579815365,0.4192834368118886
80,(7.2463941275146515e-06-4.696818950409618e-21j),0,2,CA1 O LM,(0.27314322334782687-0.23409514351315114j),0.27314322334782687,-0.23409514351315114,0.3597328962956873
80,(7.2463941275146515e-06-4.696818950409618e-21j),0,3,EC LIII Stellate,(-0.2534074019704156+0.2171807208118715j),-0.2534074019704156,0.2171807208118715,0.33374058318664196
80,(7.2463941275146515e-06-4.696818950409618e-21j),0,4,EC LI II Pyramidal Fan,(0.18989571914182005-0.16274855762549525j),0.18989571914182005,-0.16274855762549525,0.25009493628933827
80,(7.2463941275146515e-06-4.696818950409618e-21j),0,5,EC LIII Pyramidal Stellate,(-0.175250063885457+0.15019661975546242j),-0.175250063885457,0.15019661975546242,0.2308064329212332
80,(7.2463941275146515e-06-4.696818950409618e-21j),1,1,MEC LII III Pyramidal Multiform,(0.3183596235052669-0.27284748579815365j),0.06517655039266139,-0.05585902418099863,0.08583829741753106
80,(7.2463941275146515e-06-4.696818950409618e-21j),1,2,CA1 O LM,(0.27314322334782687-0.23409514351315114j),-0.1530943348973177,0.1312082352239077,0.20162707250819362
80,(7.2463941275146515e-06-4.696818950409618e-21j),1,3,EC LIII Stellate,(-0.2534074019704156+0.2171807208118715j),0.08318813532696193,-0.07129570428023388,0.10955977048164847
80,(7.2463941275146515e-06-4.696818950409618e-21j),1,4,EC LI II Pyramidal Fan,(0.18989571914182005-0.16274855762549525j),0.009309487597012587,-0.007978619452262142,0.012260706655121759
80,(7.2463941275146515e-06-4.696818950409618e-21j),1,5,EC LIII Pyramidal Stellate,(-0.175250063885457+0.15019661975546242j),0.05437415510403905,-0.04660092052248073,0.07161141345358756
80,(7.2463941275146515e-06-4.696818950409618e-21j),2,1,MEC LII III Pyramidal Multiform,(0.3183596235052669-0.27284748579815365j),0.0937128270615958,-0.08031580440152943,0.12342091553922817
80,(7.2463941275146515e-06-4.696818950409618e-21j),2,2,CA1 O LM,(0.27314322334782687-0.23409514351315114j),-0.003964610575478398,0.0033978367475678986,0.005221439607839771
80,(7.2463941275146515e-06-4.696818950409618e-21j),2,3,EC LIII Stellate,(-0.2534074019704156+0.2171807208118715j),0.1271273590207556,-0.1089534530260508,0.16742825429984015
80,(7.2463941275146515e-06-4.696818950409618e-21j),2,4,EC LI II Pyramidal Fan,(0.18989571914182005-0.16274855762549525j),0.01217059704767038,-0.010430709675293835,0.016028822066110514
80,(7.2463941275146515e-06-4.696818950409618e-21j),2,5,EC LIII Pyramidal Stellate,(-0.175250063885457+0.15019661975546242j),0.0838242889497536,-0.07184091448826521,0.1103975924214021
80,(7.2463941275146515e-06-4.696818950409618e-21j),3,1,MEC LII III Pyramidal Multiform,(0.3183596235052669-0.27284748579815365j),0.08161232741530408,-0.0699451711251098,0.10748441259021556
80,(7.2463941275146515e-06-4.696818950409618e-21j),3,2,CA1 O LM,(0.27314322334782687-0.23409514351315114j),0.025131512179005156,-0.021538754936471356,0.033098502513208256
80,(7.2463941275146515e-06-4.696818950409618e-21j),3,3,EC LIII Stellate,(-0.2534074019704156+0.2171807208118715j),0.11295845551938677,-0.09681011130985126,0.14876763870261256
80,(7.2463941275146515e-06-4.696818950409618e-21j),3,4,EC LI II Pyramidal Fan,(0.18989571914182005-0.16274855762549525j),0.011103253880527589,-0.009515952029734766,0.014623118332546727
80,(7.2463941275146515e-06-4.696818950409618e-21j),3,5,EC LIII Pyramidal Stellate,(-0.175250063885457+0.15019661975546242j),0.07757198300992783,-0.06648242732416014,0.10216323062141666
80,(7.2463941275146515e-06-4.696818950409618e-21j),4,1,MEC LII III Pyramidal Multiform,(0.3183596235052669-0.27284748579815365j),0.07814089127778592,-0.06697000545616624,0.10291248962339652
80,(7.2463941275146515e-06-4.696818950409618e-21j),4,2,CA1 O LM,(0.27314322334782687-0.23409514351315114j),0.037921255483809715,-0.03250009879753393,0.049942747614822265
80,(7.2463941275146515e-06-4.696818950409618e-21j),4,3,EC LIII Stellate,(-0.2534074019704156+0.2171807208118715j),0.10789507968325436,-0.09247058687101477,0.14209911208774562
80,(7.2463941275146515e-06-4.696818950409618e-21j),4,4,EC LI II Pyramidal Fan,(0.18989571914182005-0.16274855762549525j),0.010602168797000053,-0.00908650119766598,0.013963183276576542
80,(7.2463941275146515e-06-4.696818950409618e-21j),4,5,EC LIII Pyramidal Stellate,(-0.175250063885457+0.15019661975546242j),0.07142573013310663,-0.06121483206174582,0.09406854197549316
80,(7.2463941275146515e-06-4.696818950409618e-21j),5,1,MEC LII III Pyramidal Multiform,(0.3183596235052669-0.27284748579815365j),0.07403962964075998,-0.06345505304498379,0.09751107893097384
80,(7.2463941275146515e-06-4.696818950409618e-21j),5,2,CA1 O LM,(0.27314322334782687-0.23409514351315114j),0.03741024445840711,-0.032062141018965616,0.049269739974530186
80,(7.2463941275146515e-06-4.696818950409618e-21j),5,3,EC LIII Stellate,(-0.2534074019704156+0.2171807208118715j),0.10220467738113478,-0.08759367457849959,0.13460478410794294
80,(7.2463941275146515e-06-4.696818950409618e-21j),5,4,EC LI II Pyramidal Fan,(0.18989571914182005-0.16274855762549525j),0.010016139782371633,-0.008584249871051084,0.013191376046063132
80,(7.2463941275146515e-06-4.696818950409618e-21j),5,5,EC LIII Pyramidal Stellate,(-0.175250063885457+0.15019661975546242j),0.06903527651147921,-0.05916611352954995,0.09092028592788293
80,(7.2463941275146515e-06-4.696818950409618e-21j),6,1,MEC LII III Pyramidal Multiform,(0.3183596235052669-0.27284748579815365j),0.07023909733262775,-0.06019783822122213,0.09250573236622034
80,(7.2463941275146515e-06-4.696818950409618e-21j),6,2,CA1 O LM,(0.27314322334782687-0.23409514351315114j),0.036169973077292625,-0.03099917667594212,0.04763628771218794
80,(7.2463941275146515e-06-4.696818950409618e-21j),6,3,EC LIII Stellate,(-0.2534074019704156+0.2171807208118715j),0.09697260533424558,-0.08310957044559938,0.12771408256321382
80,(7.2463941275146515e-06-4.696818950409618e-21j),6,4,EC LI II Pyramidal Fan,(0.18989571914182005-0.16274855762549525j),0.009501004483413584,-0.008142757417896895,0.01251293668810643
80,(7.2463941275146515e-06-4.696818950409618e-21j),6,5,EC LIII Pyramidal Stellate,(-0.175250063885457+0.15019661975546242j),0.06556949036009378,-0.05619579013455471,0.08635580406046456
80,(7.2463941275146515e-06-4.696818950409618e-21j),7,1,MEC LII III Pyramidal Multiform,(0.3183596235052669-0.27284748579815365j),0.06672302815487698,-0.057184420173798774,0.08787502715089235
80,(7.2463941275146515e-06-4.696818950409618e-21j),7,2,CA1 O LM,(0.27314322334782687-0.23409514351315114j),0.03454927808820614,-0.029610173421857653,0.04550181300221659
80,(7.2463941275146515e-06-4.696818950409618e-21j),7,3,EC LIII Stellate,(-0.2534074019704156+0.2171807208118715j),0.0921082693809751,-0.07894063149437755,0.12130769385776563
80,(7.2463941275146515e-06-4.696818950409618e-21j),7,4,EC LI II Pyramidal Fan,(0.18989571914182005-0.16274855762549525j),0.009019824497931624,-0.007730366085699676,0.01187921688464451
80,(7.2463941275146515e-06-4.696818950409618e-21j),7,5,EC LIII Pyramidal Stellate,(-0.175250063885457+0.15019661975546242j),0.06244101385268396,-0.05351455518388189,0.0822355630337618
80,(7.2463941275146515e-06-4.696818950409618e-21j),8,1,MEC LII III Pyramidal Multiform,(0.3183596235052669-0.27284748579815365j),0.06337045557114668,-0.054311125531862216,0.0834596489079146
80,(7.2463941275146515e-06-4.696818950409618e-21j),8,2,CA1 O LM,(0.27314322334782687-0.23409514351315114j),0.03294982127082083,-0.028239372167410688,0.043395309218722776
80,(7.2463941275146515e-06-4.696818950409618e-21j),8,3,EC LIII Stellate,(-0.2534074019704156+0.2171807208118715j),0.08748302488373878,-0.07497660390074715,0.11521619146325915
80,(7.2463941275146515e-06-4.696818950409618e-21j),8,4,EC LI II Pyramidal Fan,(0.18989571914182005-0.16274855762549525j),0.008566962741292662,-0.007342244657634752,0.011282792527706195
80,(7.2463941275146515e-06-4.696818950409618e-21j),8,5,EC LIII Pyramidal Stellate,(-0.175250063885457+0.15019661975546242j),0.05930702097116431,-0.05082859247034138,0.07810805687629264
80,(7.2463941275146515e-06-4.696818950409618e-21j),9,1,MEC LII III Pyramidal Multiform,(0.3183596235052669-0.27284748579815365j),0.06020111865376235,-0.05159487150431193,0.07928559423193365
80,(7.2463941275146515e-06-4.696818950409618e-21j),9,2,CA1 O LM,(0.27314322334782687-0.23409514351315114j),0.031348116183750926,-0.02686664405200031,0.041285844437129175
80,(7.2463941275146515e-06-4.696818950409618e-21j),9,3,EC LIII Stellate,(-0.2534074019704156+0.2171807208118715j),0.08310617965732346,-0.07122546485049223,0.10945183388323847
80,(7.2463941275146515e-06-4.696818950409618e-21j),9,4,EC LI II Pyramidal Fan,(0.18989571914182005-0.16274855762549525j),0.008137725729873136,-0.006974370622328913,0.010717482243150387
80,(7.2463941275146515e-06-4.696818950409618e-21j),9,5,EC LIII Pyramidal Stellate,(-0.175250063885457+0.15019661975546242j),0.05636073115769571,-0.048303499120919476,0.07422775790736724
80,(7.2463941275146515e-06-4.696818950409618e-21j),10,1,MEC LII III Pyramidal Multiform,(0.3183596235052669-0.27284748579815365j),0.057188943412104364,-0.04901331159284835,0.07531852336504294
80,(7.2463941275146515e-06-4.696818950409618e-21j),10,2,CA1 O LM,(0.27314322334782687-0.23409514351315114j),0.029792335005402234,-0.0255332746432458,0.03923686199330337
80,(7.2463941275146515e-06-4.696818950409618e-21j),10,3,EC LIII Stellate,(-0.2534074019704156+0.2171807208118715j),0.0789482287061136,-0.06766192733082033,0.10397576268512786
80,(7.2463941275146515e-06-4.696818950409618e-21j),10,4,EC LI II Pyramidal Fan,(0.18989571914182005-0.16274855762549525j),0.007730515640647928,-0.006625374578755876,0.010181181678917574
80,(7.2463941275146515e-06-4.696818950409618e-21j),10,5,EC LIII Pyramidal Stellate,(-0.175250063885457+0.15019661975546242j),0.05354404557950461,-0.0458894820108614,0.07051814926843472
81,(3.274481273101681e-06+1.1390912861082608e-21j),0,1,CA1 Oriens Bistratified,(0.18078248737872-0.6497939969868328j),0.18078248737872,-0.6497939969868328,0.6744735326630402
81,(3.274481273101681e-06+1.1390912861082608e-21j),0,2,CA1 O LM,(0.08346529855221642-0.30000278645534517j),0.08346529855221642,-0.30000278645534517,0.31139705834092596
81,(3.274481273101681e-06+1.1390912861082608e-21j),0,3,CA3 Trilaminar,(-0.07394129312815945+0.26577025850667346j),-0.07394129312815945,0.26577025850667346,0.2758643600325501
81,(3.274481273101681e-06+1.1390912861082608e-21j),0,4,MEC LII III Pyramidal Multiform,(-0.057654882914828794+0.20723133837931568j),-0.057654882914828794,0.20723133837931568,0.2151020993165921
81,(3.274481273101681e-06+1.1390912861082608e-21j),0,5,EC LIV VI Deep Multipolar Principal,(0.050376714390306235-0.1810711152024697j),0.050376714390306235,-0.1810711152024697,0.1879482963834164
81,(3.274481273101681e-06+1.1390912861082608e-21j),1,1,CA1 Oriens Bistratified,(0.18078248737872-0.6497939969868328j),0.00031505128681369785,-0.0011324019150462643,0.0011754111665810453
81,(3.274481273101681e-06+1.1390912861082608e-21j),1,2,CA1 O LM,(0.08346529855221642-0.30000278645534517j),0.0010791081993727799,-0.003878683384760612,0.004025997926622864
81,(3.274481273101681e-06+1.1390912861082608e-21j),1,3,CA3 Trilaminar,(-0.07394129312815945+0.26577025850667346j),-0.00017118914743398844,0.0006153122570931199,0.000638682157202004
81,(3.274481273101681e-06+1.1390912861082608e-21j),1,4,MEC LII III Pyramidal Multiform,(-0.057654882914828794+0.20723133837931568j),-0.005386305731146665,0.01936022222496965,0.020095534181245153
81,(3.274481273101681e-06+1.1390912861082608e-21j),1,5,EC LIV VI Deep Multipolar Principal,(0.050376714390306235-0.1810711152024697j),0.002956746206990095,-0.010627555598850183,0.011031196043004685
81,(3.274481273101681e-06+1.1390912861082608e-21j),2,1,CA1 Oriens Bistratified,(0.18078248737872-0.6497939969868328j),-0.0014852579522922744,0.005338524297182994,0.00554128440494265
81,(3.274481273101681e-06+1.1390912861082608e-21j),2,2,CA1 O LM,(0.08346529855221642-0.30000278645534517j),-0.007361176021777846,0.026458580469104126,0.02746349200053874
81,(3.274481273101681e-06+1.1390912861082608e-21j),2,3,CA3 Trilaminar,(-0.07394129312815945+0.26577025850667346j),-0.00031131194445240906,0.0011189614416118802,0.0011614602165261093
81,(3.274481273101681e-06+1.1390912861082608e-21j),2,4,MEC LII III Pyramidal Multiform,(-0.057654882914828794+0.20723133837931568j),-0.008380826785133294,0.030123553524062027,0.031267662760741124
81,(3.274481273101681e-06+1.1390912861082608e-21j),2,5,EC LIV VI Deep Multipolar Principal,(0.050376714390306235-0.1810711152024697j),-0.0018586590308280826,0.006680655290173806,0.0069343902759367426
81,(3.274481273101681e-06+1.1390912861082608e-21j),3,1,CA1 Oriens Bistratified,(0.18078248737872-0.6497939969868328j),-0.0007038207096772525,0.002529771985851775,0.002625854126140868
81,(3.274481273101681e-06+1.1390912861082608e-21j),3,2,CA1 O LM,(0.08346529855221642-0.30000278645534517j),-0.003355238780695946,0.012059873994245376,0.012517914683866555
81,(3.274481273101681e-06+1.1390912861082608e-21j),3,3,CA3 Trilaminar,(-0.07394129312815945+0.26577025850667346j),-0.00011986269480706079,0.0004308274583318922,0.00044719052366874783
81,(3.274481273101681e-06+1.1390912861082608e-21j),3,4,MEC LII III Pyramidal Multiform,(-0.057654882914828794+0.20723133837931568j),-0.007172565438937697,0.02578064962372816,0.02675981296641063
81,(3.274481273101681e-06+1.1390912861082608e-21j),3,5,EC LIV VI Deep Multipolar Principal,(0.050376714390306235-0.1810711152024697j),-0.002080144814412043,0.007476750833926986,0.007760721969092386
81,(3.274481273101681e-06+1.1390912861082608e-21j),4,1,CA1 Oriens Bistratified,(0.18078248737872-0.6497939969868328j),-0.0006828378500421939,0.0024543524226618876,0.002547570086195181
81,(3.274481273101681e-06+1.1390912861082608e-21j),4,2,CA1 O LM,(0.08346529855221642-0.30000278645534517j),-0.0035367199524692573,0.012712179301547485,0.013194994907800702
81,(3.274481273101681e-06+1.1390912861082608e-21j),4,3,CA3 Trilaminar,(-0.07394129312815945+0.26577025850667346j),-0.00014937447406457722,0.0005369028712769606,0.0005572947395117898
81,(3.274481273101681e-06+1.1390912861082608e-21j),4,4,MEC LII III Pyramidal Multiform,(-0.057654882914828794+0.20723133837931568j),-0.006962159778291047,0.025024379825681727,0.025974819622827806
81,(3.274481273101681e-06+1.1390912861082608e-21j),4,5,EC LIV VI Deep Multipolar Principal,(0.050376714390306235-0.1810711152024697j),-0.001296797753256651,0.004661133982557199,0.004838166431221753
81,(3.274481273101681e-06+1.1390912861082608e-21j),5,1,CA1 Oriens Bistratified,(0.18078248737872-0.6497939969868328j),-0.0006621235345448599,0.00237989809881103,0.0024702879459128917
81,(3.274481273101681e-06+1.1390912861082608e-21j),5,2,CA1 O LM,(0.08346529855221642-0.30000278645534517j),-0.00338045968824628,0.012150526548938992,0.012612010272764982
81,(3.274481273101681e-06+1.1390912861082608e-21j),5,3,CA3 Trilaminar,(-0.07394129312815945+0.26577025850667346j),-0.0001420531562391083,0.000510587554776993,0.0005299799527252341
81,(3.274481273101681e-06+1.1390912861082608e-21j),5,4,MEC LII III Pyramidal Multiform,(-0.057654882914828794+0.20723133837931568j),-0.0065865229881471475,0.023674212921674233,0.024573372632468626
81,(3.274481273101681e-06+1.1390912861082608e-21j),5,5,EC LIV VI Deep Multipolar Principal,(0.050376714390306235-0.1810711152024697j),-0.0012618213985303862,0.004535417019221051,0.004707674668031888
81,(3.274481273101681e-06+1.1390912861082608e-21j),6,1,CA1 Oriens Bistratified,(0.18078248737872-0.6497939969868328j),-0.000648182410939892,0.0023297889396711744,0.002418275613172739
81,(3.274481273101681e-06+1.1390912861082608e-21j),6,2,CA1 O LM,(0.08346529855221642-0.30000278645534517j),-0.0032779249621274985,0.01178198172758639,0.012229467915102364
81,(3.274481273101681e-06+1.1390912861082608e-21j),6,3,CA3 Trilaminar,(-0.07394129312815945+0.26577025850667346j),-0.00013626425360627672,0.0004897802618002408,0.0005083823872440784
81,(3.274481273101681e-06+1.1390912861082608e-21j),6,4,MEC LII III Pyramidal Multiform,(-0.057654882914828794+0.20723133837931568j),-0.006260754347321441,0.022503289176324694,0.02335797655514699
81,(3.274481273101681e-06+1.1390912861082608e-21j),6,5,EC LIV VI Deep Multipolar Principal,(0.050376714390306235-0.1810711152024697j),-0.0012942796016086706,0.004652082885583764,0.004828771568575352
81,(3.274481273101681e-06+1.1390912861082608e-21j),7,1,CA1 Oriens Bistratified,(0.18078248737872-0.6497939969868328j),-0.0006120491681200174,0.0021999137254484873,0.00228346766642601
81,(3.274481273101681e-06+1.1390912861082608e-21j),7,2,CA1 O LM,(0.08346529855221642-0.30000278645534517j),-0.00310160231783027,0.011148217929674024,0.01157163341734759
81,(3.274481273101681e-06+1.1390912861082608e-21j),7,3,CA3 Trilaminar,(-0.07394129312815945+0.26577025850667346j),-0.00012883945534272018,0.0004630930012671441,0.0004806815297841388
81,(3.274481273101681e-06+1.1390912861082608e-21j),7,4,MEC LII III Pyramidal Multiform,(-0.057654882914828794+0.20723133837931568j),-0.005946951781217677,0.02137537558994881,0.022187224186443595
81,(3.274481273101681e-06+1.1390912861082608e-21j),7,5,EC LIV VI Deep Multipolar Principal,(0.050376714390306235-0.1810711152024697j),-0.0012260360265165888,0.004406792171473516,0.004574164577371135
81,(3.274481273101681e-06+1.1390912861082608e-21j),8,1,CA1 Oriens Bistratified,(0.18078248737872-0.6497939969868328j),-0.0005805270463283338,0.00208661245490222,0.0021658631509104556
81,(3.274481273101681e-06+1.1390912861082608e-21j),8,2,CA1 O LM,(0.08346529855221642-0.30000278645534517j),-0.0029423273233216436,0.010575729206886396,0.01097740125598746
81,(3.274481273101681e-06+1.1390912861082608e-21j),8,3,CA3 Trilaminar,(-0.07394129312815945+0.26577025850667346j),-0.00012231467757831122,0.00043964072176562224,0.0004563385197259634
81,(3.274481273101681e-06+1.1390912861082608e-21j),8,4,MEC LII III Pyramidal Multiform,(-0.057654882914828794+0.20723133837931568j),-0.005649605952322861,0.020306613137089313,0.02107786954404857
81,(3.274481273101681e-06+1.1390912861082608e-21j),8,5,EC LIV VI Deep Multipolar Principal,(0.050376714390306235-0.1810711152024697j),-0.0011617980748356853,0.004175899035826274,0.004334501992629224
81,(3.274481273101681e-06+1.1390912861082608e-21j),9,1,CA1 Oriens Bistratified,(0.18078248737872-0.6497939969868328j),-0.00055164982049314,0.0019828178436574243,0.002058126362878721
81,(3.274481273101681e-06+1.1390912861082608e-21j),9,2,CA1 O LM,(0.08346529855221642-0.30000278645534517j),-0.00279616439202704,0.010050369717068859,0.010432088321952356
81,(3.274481273101681e-06+1.1390912861082608e-21j),9,3,CA3 Trilaminar,(-0.07394129312815945+0.26577025850667346j),-0.00011627135548507174,0.00041791895836373763,0.00043379175172675587
81,(3.274481273101681e-06+1.1390912861082608e-21j),9,4,MEC LII III Pyramidal Multiform,(-0.057654882914828794+0.20723133837931568j),-0.005367138880518569,0.019291330018319286,0.02002402541045334
81,(3.274481273101681e-06+1.1390912861082608e-21j),9,5,EC LIV VI Deep Multipolar Principal,(0.050376714390306235-0.1810711152024697j),-0.0011028164682096192,0.003963898999351685,0.004114450077424154
81,(3.274481273101681e-06+1.1390912861082608e-21j),10,1,CA1 Oriens Bistratified,(0.18078248737872-0.6497939969868328j),-0.0005242696805171036,0.0018844042702463233,0.0019559749874760884
81,(3.274481273101681e-06+1.1390912861082608e-21j),10,2,CA1 O LM,(0.08346529855221642-0.30000278645534517j),-0.0026569847085856474,0.009550110404819866,0.00991282888412317
81,(3.274481273101681e-06+1.1390912861082608e-21j),10,3,CA3 Trilaminar,(-0.07394129312815945+0.26577025850667346j),-0.00011046697701739144,0.0003970560399515298,0.00041213644812531654
81,(3.274481273101681e-06+1.1390912861082608e-21j),10,4,MEC LII III Pyramidal Multiform,(-0.057654882914828794+0.20723133837931568j),-0.005098759377762104,0.018326682433621944,0.019022739976542396
81,(3.274481273101681e-06+1.1390912861082608e-21j),10,5,EC LIV VI Deep Multipolar Principal,(0.050376714390306235-0.1810711152024697j),-0.0010486945339611199,0.003769366284983636,0.003912528902887655
82,(8.492492997238394e-06+1.1533408751593888e-21j),0,1,CA3 Trilaminar,(-0.3716469273638286+0.31260516992732934j),-0.3716469273638286,0.31260516992732934,0.48563713911136297
82,(8.492492997238394e-06+1.1533408751593888e-21j),0,2,CA1 Radiatum Giant,(-0.2479452038497657+0.20855534345974436j),-0.2479452038497657,0.20855534345974436,0.3239940669174573
82,(8.492492997238394e-06+1.1533408751593888e-21j),0,3,EC LIII Pyramidal,(0.24774738291013185-0.20838894938005206j),0.24774738291013185,-0.20838894938005206,0.3237355710491842
82,(8.492492997238394e-06+1.1533408751593888e-21j),0,4,CA1 Oriens Bistratified,(-0.211207558376252+0.17765403078795985j),-0.211207558376252,0.17765403078795985,0.2759883826730163
82,(8.492492997238394e-06+1.1533408751593888e-21j),0,5,CA3 Horizontal Axo Axonic,(-0.19723902520101602+0.16590461120348057j),-0.19723902520101602,0.16590461120348057,0.25773547113431067
82,(8.492492997238394e-06+1.1533408751593888e-21j),1,1,CA3 Trilaminar,(-0.3716469273638286+0.31260516992732934j),-0.001998289314646589,0.0016808307153244183,0.002611197441521558
82,(8.492492997238394e-06+1.1533408751593888e-21j),1,2,CA1 Radiatum Giant,(-0.2479452038497657+0.20855534345974436j),0.0040921034747397915,-0.0034420107039629675,0.005347218766253455
82,(8.492492997238394e-06+1.1533408751593888e-21j),1,3,EC LIII Pyramidal,(0.24774738291013185-0.20838894938005206j),-0.002000711570555807,0.0016828681591032559,0.002614362643069906
82,(8.492492997238394e-06+1.1533408751593888e-21j),1,4,CA1 Oriens Bistratified,(-0.211207558376252+0.17765403078795985j),-0.007472308897488454,0.006285219170834528,0.009764188664958854
82,(8.492492997238394e-06+1.1533408751593888e-21j),1,5,CA3 Horizontal Axo Axonic,(-0.19723902520101602+0.16590461120348057j),-0.008262805151530274,0.006950133092158957,0.01079714309300744
82,(8.492492997238394e-06+1.1533408751593888e-21j),2,1,CA3 Trilaminar,(-0.3716469273638286+0.31260516992732934j),0.0007317895674429,-0.0006155336832842546,0.0009562414372300271
82,(8.492492997238394e-06+1.1533408751593888e-21j),2,2,CA1 Radiatum Giant,(-0.2479452038497657+0.20855534345974436j),-0.0015573316708587285,0.0013099258886793354,0.00203499085179565
82,(8.492492997238394e-06+1.1533408751593888e-21j),2,3,EC LIII Pyramidal,(0.24774738291013185-0.20838894938005206j),0.010379763953361017,-0.008730780844770724,0.013563407900926232
82,(8.492492997238394e-06+1.1533408751593888e-21j),2,4,CA1 Oriens Bistratified,(-0.211207558376252+0.17765403078795985j),0.005145325203394806,-0.004327912169078644,0.006723480883586181
82,(8.492492997238394e-06+1.1533408751593888e-21j),2,5,CA3 Horizontal Axo Axonic,(-0.19723902520101602+0.16590461120348057j),0.0034685973873076763,-0.0029175580257315295,0.0045324731294016625
82,(8.492492997238394e-06+1.1533408751593888e-21j),3,1,CA3 Trilaminar,(-0.3716469273638286+0.31260516992732934j),0.0003923802800302032,-0.0003300447147108918,0.0005127297512970888
82,(8.492492997238394e-06+1.1533408751593888e-21j),3,2,CA1 Radiatum Giant,(-0.2479452038497657+0.20855534345974436j),0.0014563163359013114,-0.0012249583734798297,0.0019029924558366937
82,(8.492492997238394e-06+1.1533408751593888e-21j),3,3,EC LIII Pyramidal,(0.24774738291013185-0.20838894938005206j),0.00865257632983607,-0.00727798320057058,0.011306463488263118
82,(8.492492997238394e-06+1.1533408751593888e-21j),3,4,CA1 Oriens Bistratified,(-0.211207558376252+0.17765403078795985j),0.0008967594347845994,-0.0007542955823238632,0.001171810270218046
82,(8.492492997238394e-06+1.1533408751593888e-21j),3,5,CA3 Horizontal Axo Axonic,(-0.19723902520101602+0.16590461120348057j),0.0012047426659333605,-0.0010133510008387997,0.001574257012695582
82,(8.492492997238394e-06+1.1533408751593888e-21j),4,1,CA3 Trilaminar,(-0.3716469273638286+0.31260516992732934j),0.0002261223702496434,-0.0001901993983312561,0.00029547781211605153
82,(8.492492997238394e-06+1.1533408751593888e-21j),4,2,CA1 Radiatum Giant,(-0.2479452038497657+0.20855534345974436j),8.420421422823179e-05,-7.082709625538019e-05,0.00011003102861358174
82,(8.492492997238394e-06+1.1533408751593888e-21j),4,3,EC LIII Pyramidal,(0.24774738291013185-0.20838894938005206j),0.008434676642362247,-0.007094700187004363,0.011021730390673282
82,(8.492492997238394e-06+1.1533408751593888e-21j),4,4,CA1 Oriens Bistratified,(-0.211207558376252+0.17765403078795985j),0.001572974115721336,-0.0013230832936632392,0.0020554310912069234
82,(8.492492997238394e-06+1.1533408751593888e-21j),4,5,CA3 Horizontal Axo Axonic,(-0.19723902520101602+0.16590461120348057j),0.0007899466734690961,-0.0006644516499704275,0.0010322362820950027
82,(8.492492997238394e-06+1.1533408751593888e-21j),5,1,CA3 Trilaminar,(-0.3716469273638286+0.31260516992732934j),0.00018123082644187007,-0.00015243955788303855,0.00023681729510400943
82,(8.492492997238394e-06+1.1533408751593888e-21j),5,2,CA1 Radiatum Giant,(-0.2479452038497657+0.20855534345974436j),0.00028818308436659164,-0.00024240082569123135,0.00037657356573561135
82,(8.492492997238394e-06+1.1533408751593888e-21j),5,3,EC LIII Pyramidal,(0.24774738291013185-0.20838894938005206j),0.008102746269863785,-0.006815501994152515,0.010587991525595796
82,(8.492492997238394e-06+1.1533408751593888e-21j),5,4,CA1 Oriens Bistratified,(-0.211207558376252+0.17765403078795985j),0.0008664063284189956,-0.0007287645277809349,0.0011321473680030588
82,(8.492492997238394e-06+1.1533408751593888e-21j),5,5,CA3 Horizontal Axo Axonic,(-0.19723902520101602+0.16590461120348057j),0.000626876068317098,-0.0005272872864836118,0.0008191492461792011
82,(8.492492997238394e-06+1.1533408751593888e-21j),6,1,CA3 Trilaminar,(-0.3716469273638286+0.31260516992732934j),0.00015154924019058182,-0.00012747334228800568,0.00019803187924275655
82,(8.492492997238394e-06+1.1533408751593888e-21j),6,2,CA1 Radiatum Giant,(-0.2479452038497657+0.20855534345974436j),0.00017067646912353334,-0.0001435619204803143,0.0002230257431878045
82,(8.492492997238394e-06+1.1533408751593888e-21j),6,3,EC LIII Pyramidal,(0.24774738291013185-0.20838894938005206j),0.007703661465259378,-0.006479817870396397,0.01006650086200914
82,(8.492492997238394e-06+1.1533408751593888e-21j),6,4,CA1 Oriens Bistratified,(-0.211207558376252+0.17765403078795985j),0.0007682759845671887,-0.0006462236790447072,0.001003918837267615
82,(8.492492997238394e-06+1.1533408751593888e-21j),6,5,CA3 Horizontal Axo Axonic,(-0.19723902520101602+0.16590461120348057j),0.000543329016569444,-0.00045701295247052294,0.0007099769425637311
82,(8.492492997238394e-06+1.1533408751593888e-21j),7,1,CA3 Trilaminar,(-0.3716469273638286+0.31260516992732934j),0.0001465400884650882,-0.00012325997037222834,0.00019148633847749683
82,(8.492492997238394e-06+1.1533408751593888e-21j),7,2,CA1 Radiatum Giant,(-0.2479452038497657+0.20855534345974436j),0.00019109211899553195,-0.0001607342343823349,0.0002497032079182763
82,(8.492492997238394e-06+1.1533408751593888e-21j),7,3,EC LIII Pyramidal,(0.24774738291013185-0.20838894938005206j),0.0073387872582309,-0.006172909471343295,0.00958971374770759
82,(8.492492997238394e-06+1.1533408751593888e-21j),7,4,CA1 Oriens Bistratified,(-0.211207558376252+0.17765403078795985j),0.0006895162459124714,-0.0005799761207499837,0.0009010021942356341
82,(8.492492997238394e-06+1.1533408751593888e-21j),7,5,CA3 Horizontal Axo Axonic,(-0.19723902520101602+0.16590461120348057j),0.0005315749352886732,-0.000447126185473206,0.0006946176916570561
82,(8.492492997238394e-06+1.1533408751593888e-21j),8,1,CA3 Trilaminar,(-0.3716469273638286+0.31260516992732934j),0.00013729990942494284,-0.00011548773407394219,0.0001794120448844812
82,(8.492492997238394e-06+1.1533408751593888e-21j),8,2,CA1 Radiatum Giant,(-0.2479452038497657+0.20855534345974436j),0.00016773685505760714,-0.00014108930874336885,0.00021918450124563634
82,(8.492492997238394e-06+1.1533408751593888e-21j),8,3,EC LIII Pyramidal,(0.24774738291013185-0.20838894938005206j),0.0069723253400168494,-0.005864665593133989,0.009110851945143808
82,(8.492492997238394e-06+1.1533408751593888e-21j),8,4,CA1 Oriens Bistratified,(-0.211207558376252+0.17765403078795985j),0.0006579725819758529,-0.0005534436467834116,0.0008597835709042666
82,(8.492492997238394e-06+1.1533408751593888e-21j),8,5,CA3 Horizontal Axo Axonic,(-0.19723902520101602+0.16590461120348057j),0.0004992102245343811,-0.00041990310044258503,0.0006523261929747746
82,(8.492492997238394e-06+1.1533408751593888e-21j),9,1,CA3 Trilaminar,(-0.3716469273638286+0.31260516992732934j),0.00013012894990831948,-0.0001094559903591838,0.00017004163440096563
82,(8.492492997238394e-06+1.1533408751593888e-21j),9,2,CA1 Radiatum Giant,(-0.2479452038497657+0.20855534345974436j),0.00016077225808251998,-0.00013523114374704924,0.00021008374808177693
82,(8.492492997238394e-06+1.1533408751593888e-21j),9,3,EC LIII Pyramidal,(0.24774738291013185-0.20838894938005206j),0.006626208413150693,-0.005573534595482018,0.008658575276657466
82,(8.492492997238394e-06+1.1533408751593888e-21j),9,4,CA1 Oriens Bistratified,(-0.211207558376252+0.17765403078795985j),0.0006182122355565905,-0.0005199998351072953,0.0008078280737282479
82,(8.492492997238394e-06+1.1533408751593888e-21j),9,5,CA3 Horizontal Axo Axonic,(-0.19723902520101602+0.16590461120348057j),0.0004734706215003805,-0.00039825262417636054,0.0006186918312757281
82,(8.492492997238394e-06+1.1533408751593888e-21j),10,1,CA3 Trilaminar,(-0.3716469273638286+0.31260516992732934j),0.00012330495062374175,-0.00010371608697542435,0.00016112460254665389
82,(8.492492997238394e-06+1.1533408751593888e-21j),10,2,CA1 Radiatum Giant,(-0.2479452038497657+0.20855534345974436j),0.00015149177351124178,-0.00012742500506324309,0.00019795678658977292
82,(8.492492997238394e-06+1.1533408751593888e-21j),10,3,EC LIII Pyramidal,(0.24774738291013185-0.20838894938005206j),0.006295121846770059,-0.005295046157333958,0.008225939026881903
82,(8.492492997238394e-06+1.1533408751593888e-21j),10,4,CA1 Oriens Bistratified,(-0.211207558376252+0.17765403078795985j),0.0005859357679086083,-0.0004928509744256786,0.000765651883761146
82,(8.492492997238394e-06+1.1533408751593888e-21j),10,5,CA3 Horizontal Axo Axonic,(-0.19723902520101602+0.16590461120348057j),0.0004489030305910416,-0.00037758796811315895,0.0005865889570539541
83,(1.4776581645641676e-07-2.6238616539202312e-21j),0,1,MEC LV Pyramidal,(-0.0580391016980447+0.4259187666059151j),-0.0580391016980447,0.4259187666059151,0.429855014014051
83,(1.4776581645641676e-07-2.6238616539202312e-21j),0,2,EC LV Deep Pyramidal,(0.05114034030435942-0.3752923465211617j),0.05114034030435942,-0.3752923465211617,0.3787607157082232
83,(1.4776581645641676e-07-2.6238616539202312e-21j),0,3,DG Neurogliaform,(0.03960241750776604-0.2906215348968516j),0.03960241750776604,-0.2906215348968516,0.29330739509644377
83,(1.4776581645641676e-07-2.6238616539202312e-21j),0,4,MEC LV Multipolar Pyramidal,(0.036908126197854885-0.2708495329529783j),0.036908126197854885,-0.2708495329529783,0.2733526646665133
83,(1.4776581645641676e-07-2.6238616539202312e-21j),0,5,DG Semilunar Granule,(0.036738624058293146-0.26960564495149286j),0.036738624058293146,-0.26960564495149286,0.2720972809261552
83,(1.4776581645641676e-07-2.6238616539202312e-21j),1,1,MEC LV Pyramidal,(-0.0580391016980447+0.4259187666059151j),-0.0011910108706249534,0.008740209034763587,0.008820984121134662
83,(1.4776581645641676e-07-2.6238616539202312e-21j),1,2,EC LV Deep Pyramidal,(0.05114034030435942-0.3752923465211617j),-8.989513604040266e-05,0.0006596936262969266,0.0006657903694561161
83,(1.4776581645641676e-07-2.6238616539202312e-21j),1,3,DG Neurogliaform,(0.03960241750776604-0.2906215348968516j),-0.0007416219542500331,0.005442377617858377,0.005492674872809373
83,(1.4776581645641676e-07-2.6238616539202312e-21j),1,4,MEC LV Multipolar Pyramidal,(0.036908126197854885-0.2708495329529783j),-0.0010959057849559977,0.008042282299149776,0.008116607300388372
83,(1.4776581645641676e-07-2.6238616539202312e-21j),1,5,DG Semilunar Granule,(0.036738624058293146-0.26960564495149286j),-0.0017772416875064608,0.013042251953545818,0.01316278557280261
83,(1.4776581645641676e-07-2.6238616539202312e-21j),2,1,MEC LV Pyramidal,(-0.0580391016980447+0.4259187666059151j),-0.00017337164227918501,0.001272284268425918,0.0012840424393417281
83,(1.4776581645641676e-07-2.6238616539202312e-21j),2,2,EC LV Deep Pyramidal,(0.05114034030435942-0.3752923465211617j),-0.000204320338808742,0.0014994006480438683,0.001513257778504803
83,(1.4776581645641676e-07-2.6238616539202312e-21j),2,3,DG Neurogliaform,(0.03960241750776604-0.2906215348968516j),6.10826336535772e-05,-0.00044825366391996216,0.00045239632552854307
83,(1.4776581645641676e-07-2.6238616539202312e-21j),2,4,MEC LV Multipolar Pyramidal,(0.036908126197854885-0.2708495329529783j),0.00011814944874309959,-0.0008670373250368839,0.0008750502929805883
83,(1.4776581645641676e-07-2.6238616539202312e-21j),2,5,DG Semilunar Granule,(0.036738624058293146-0.26960564495149286j),4.940455589034718e-05,-0.00036255432792533756,0.000365904975150811
83,(1.4776581645641676e-07-2.6238616539202312e-21j),3,1,MEC LV Pyramidal,(-0.0580391016980447+0.4259187666059151j),-0.0008825155023608742,0.006476322053220334,0.00653617479485787
83,(1.4776581645641676e-07-2.6238616539202312e-21j),3,2,EC LV Deep Pyramidal,(0.05114034030435942-0.3752923465211617j),-0.0011699973240227783,0.008586001550689054,0.008665351485465277
83,(1.4776581645641676e-07-2.6238616539202312e-21j),3,3,DG Neurogliaform,(0.03960241750776604-0.2906215348968516j),3.913402275527402e-05,-0.00028718422953841123,0.0002898383229191426
83,(1.4776581645641676e-07-2.6238616539202312e-21j),3,4,MEC LV Multipolar Pyramidal,(0.036908126197854885-0.2708495329529783j),-0.0007263964639786995,0.005330645667369759,0.005379910320249654
83,(1.4776581645641676e-07-2.6238616539202312e-21j),3,5,DG Semilunar Granule,(0.036738624058293146-0.26960564495149286j),3.1942568310972535e-05,-0.0002344098874585452,0.00023657625199632564
83,(1.4776581645641676e-07-2.6238616539202312e-21j),4,1,MEC LV Pyramidal,(-0.0580391016980447+0.4259187666059151j),-0.0016188174300741703,0.011879658764611256,0.0119894479537432
83,(1.4776581645641676e-07-2.6238616539202312e-21j),4,2,EC LV Deep Pyramidal,(0.05114034030435942-0.3752923465211617j),-0.002818128585221892,0.020680779268418735,0.020871906474299443
83,(1.4776581645641676e-07-2.6238616539202312e-21j),4,3,DG Neurogliaform,(0.03960241750776604-0.2906215348968516j),-1.8307885513178035e-05,0.0001343520452384447,0.00013559369724185829
83,(1.4776581645641676e-07-2.6238616539202312e-21j),4,4,MEC LV Multipolar Pyramidal,(0.036908126197854885-0.2708495329529783j),-0.0015814576572142998,0.011605494831820922,0.01171275025828622
83,(1.4776581645641676e-07-2.6238616539202312e-21j),4,5,DG Semilunar Granule,(0.036738624058293146-0.26960564495149286j),-4.584980713647575e-05,0.00033646787654094347,0.0003395774385297463
83,(1.4776581645641676e-07-2.6238616539202312e-21j),5,1,MEC LV Pyramidal,(-0.0580391016980447+0.4259187666059151j),-0.00073646150820103,0.005404507789552515,0.005454455059893293
83,(1.4776581645641676e-07-2.6238616539202312e-21j),5,2,EC LV Deep Pyramidal,(0.05114034030435942-0.3752923465211617j),-0.00103600735496024,0.0076027188896720475,0.007672981542719094
83,(1.4776581645641676e-07-2.6238616539202312e-21j),5,3,DG Neurogliaform,(0.03960241750776604-0.2906215348968516j),-2.77478084323261e-05,0.00020362672746038565,0.0002055086008152049
83,(1.4776581645641676e-07-2.6238616539202312e-21j),5,4,MEC LV Multipolar Pyramidal,(0.036908126197854885-0.2708495329529783j),-0.0006413523678118841,0.00470655129845718,0.004750048208671874
83,(1.4776581645641676e-07-2.6238616539202312e-21j),5,5,DG Semilunar Granule,(0.036738624058293146-0.26960564495149286j),-6.373794464021452e-05,0.0004677396095548207,0.0004720623559800709
83,(1.4776581645641676e-07-2.6238616539202312e-21j),6,1,MEC LV Pyramidal,(-0.0580391016980447+0.4259187666059151j),-0.0006054437189222025,0.004443036409388943,0.004484097973053013
83,(1.4776581645641676e-07-2.6238616539202312e-21j),6,2,EC LV Deep Pyramidal,(0.05114034030435942-0.3752923465211617j),-0.0007885184230693962,0.0057865263998575995,0.005840004202033489
83,(1.4776581645641676e-07-2.6238616539202312e-21j),6,3,DG Neurogliaform,(0.03960241750776604-0.2906215348968516j),-2.3639716874475806e-05,0.00017347958117051434,0.00017508284124094644
83,(1.4776581645641676e-07-2.6238616539202312e-21j),6,4,MEC LV Multipolar Pyramidal,(0.036908126197854885-0.2708495329529783j),-0.0004637808070700339,0.0034034460138692643,0.0034348999121268614
83,(1.4776581645641676e-07-2.6238616539202312e-21j),6,5,DG Semilunar Granule,(0.036738624058293146-0.26960564495149286j),-4.1298517704406955e-05,0.00030306833167106044,0.0003058692224243249
83,(1.4776581645641676e-07-2.6238616539202312e-21j),7,1,MEC LV Pyramidal,(-0.0580391016980447+0.4259187666059151j),-0.0005260708236521826,0.0038605600328380165,0.003896238478153558
83,(1.4776581645641676e-07-2.6238616539202312e-21j),7,2,EC LV Deep Pyramidal,(0.05114034030435942-0.3752923465211617j),-0.0006459205140151936,0.004740074546399713,0.004783881271086491
83,(1.4776581645641676e-07-2.6238616539202312e-21j),7,3,DG Neurogliaform,(0.03960241750776604-0.2906215348968516j),-2.218903893482245e-05,0.00016283381063439956,0.00016433868483887342
83,(1.4776581645641676e-07-2.6238616539202312e-21j),7,4,MEC LV Multipolar Pyramidal,(0.036908126197854885-0.2708495329529783j),-0.00037764290693630495,0.002771324786806612,0.002796936759944353
83,(1.4776581645641676e-07-2.6238616539202312e-21j),7,5,DG Semilunar Granule,(0.036738624058293146-0.26960564495149286j),-3.738916115692133e-05,0.0002743795982101156,0.00027691535400905945
83,(1.4776581645641676e-07-2.6238616539202312e-21j),8,1,MEC LV Pyramidal,(-0.0580391016980447+0.4259187666059151j),-0.0005036058576382081,0.00369570133694889,0.0037298561945165293
83,(1.4776581645641676e-07-2.6238616539202312e-21j),8,2,EC LV Deep Pyramidal,(0.05114034030435942-0.3752923465211617j),-0.0006203889411695131,0.004552711618687352,0.004594786776473555
83,(1.4776581645641676e-07-2.6238616539202312e-21j),8,3,DG Neurogliaform,(0.03960241750776604-0.2906215348968516j),-2.200339064004181e-05,0.0001614714344014445,0.00016296371782491425
83,(1.4776581645641676e-07-2.6238616539202312e-21j),8,4,MEC LV Multipolar Pyramidal,(0.036908126197854885-0.2708495329529783j),-0.0003600516832164261,0.0026422319495528652,0.0026666508751287477
83,(1.4776581645641676e-07-2.6238616539202312e-21j),8,5,DG Semilunar Granule,(0.036738624058293146-0.26960564495149286j),-3.5752122778164676e-05,0.0002623662253844276,0.00026479095623834517
83,(1.4776581645641676e-07-2.6238616539202312e-21j),9,1,MEC LV Pyramidal,(-0.0580391016980447+0.4259187666059151j),-0.00046790713801476454,0.0034337270095285287,0.003465460758076897
83,(1.4776581645641676e-07-2.6238616539202312e-21j),9,2,EC LV Deep Pyramidal,(0.05114034030435942-0.3752923465211617j),-0.0005678638552749254,0.004167257344834485,0.004205770219139969
83,(1.4776581645641676e-07-2.6238616539202312e-21j),9,3,DG Neurogliaform,(0.03960241750776604-0.2906215348968516j),-2.1106761158941995e-05,0.00015489153720249472,0.00015632301066564842
83,(1.4776581645641676e-07-2.6238616539202312e-21j),9,4,MEC LV Multipolar Pyramidal,(0.036908126197854885-0.2708495329529783j),-0.00033012677071104807,0.002422628588160562,0.002445017987850589
83,(1.4776581645641676e-07-2.6238616539202312e-21j),9,5,DG Semilunar Granule,(0.036738624058293146-0.26960564495149286j),-3.421678176921322e-05,0.00025109915663732243,0.000253419759724092
83,(1.4776581645641676e-07-2.6238616539202312e-21j),10,1,MEC LV Pyramidal,(-0.0580391016980447+0.4259187666059151j),-0.0004424274516730683,0.0032467448498696666,0.0032767505504919243
83,(1.4776581645641676e-07-2.6238616539202312e-21j),10,2,EC LV Deep Pyramidal,(0.05114034030435942-0.3752923465211617j),-0.0005350994575946363,0.003926816479274978,0.003963107252071739
83,(1.4776581645641676e-07-2.6238616539202312e-21j),10,3,DG Neurogliaform,(0.03960241750776604-0.2906215348968516j),-2.0076673972053658e-05,0.00014733226334573188,0.00014869387566526142
83,(1.4776581645641676e-07-2.6238616539202312e-21j),10,4,MEC LV Multipolar Pyramidal,(0.036908126197854885-0.2708495329529783j),-0.0003107232647251722,0.002280236354381156,0.002301309796416583
83,(1.4776581645641676e-07-2.6238616539202312e-21j),10,5,DG Semilunar Granule,(0.036738624058293146-0.26960564495149286j),-3.232614797197102e-05,0.00023722477899422483,0.00023941715813943784
84,(-1.4912111538474782e-06-1.3638482205677317e-27j),0,1,EC LI II Pyramidal Fan,(0.8722342185474031+1.9099206466837216e-05j),0.8722342185474031,1.9099206466837216e-05,0.8722342187565096
84,(-1.4912111538474782e-06-1.3638482205677317e-27j),0,2,MEC LII III Pyramidal Multiform,(-0.30912765593481034-6.768930637851937e-06j),-0.30912765593481034,-6.768930637851937e-06,0.30912765600891956
84,(-1.4912111538474782e-06-1.3638482205677317e-27j),0,3,MEC LIII Superficial Trilayered Interneuron,(0.15532825165098704+3.401203811237339e-06j),0.15532825165098704,3.401203811237339e-06,0.15532825168822492
84,(-1.4912111538474782e-06-1.3638482205677317e-27j),0,4,EC LV Deep Pyramidal,(0.13333037903022618+2.919519073260892e-06j),0.13333037903022618,2.919519073260892e-06,0.13333037906219036
84,(-1.4912111538474782e-06-1.3638482205677317e-27j),0,5,MEC LV Pyramidal,(-0.12896383983658066-2.8239054962748146e-06j),-0.12896383983658066,-2.8239054962748146e-06,0.12896383986749801
84,(-1.4912111538474782e-06-1.3638482205677317e-27j),1,1,EC LI II Pyramidal Fan,(0.8722342185474031+1.9099206466837216e-05j),0.01089017752206502,2.3846089104568793e-07,0.010890177524675795
84,(-1.4912111538474782e-06-1.3638482205677317e-27j),1,2,MEC LII III Pyramidal Multiform,(-0.30912765593481034-6.768930637851937e-06j),0.0577844584170628,1.2652992492313113e-06,0.05778445843091585
84,(-1.4912111538474782e-06-1.3638482205677317e-27j),1,3,MEC LIII Superficial Trilayered Interneuron,(0.15532825165098704+3.401203811237339e-06j),0.07680119099318233,1.681706326719977e-06,0.0768011910115944
84,(-1.4912111538474782e-06-1.3638482205677317e-27j),1,4,EC LV Deep Pyramidal,(0.13333037903022618+2.919519073260892e-06j),0.009764996803093364,2.1382294581191613e-07,0.009764996805434393
84,(-1.4912111538474782e-06-1.3638482205677317e-27j),1,5,MEC LV Pyramidal,(-0.12896383983658066-2.8239054962748146e-06j),0.010740260587838403,2.3517817817886882e-07,0.010740260590413237
84,(-1.4912111538474782e-06-1.3638482205677317e-27j),2,1,EC LI II Pyramidal Fan,(0.8722342185474031+1.9099206466837216e-05j),0.023567173075800897,5.160475189418267e-07,0.02356717308145081
84,(-1.4912111538474782e-06-1.3638482205677317e-27j),2,2,MEC LII III Pyramidal Multiform,(-0.30912765593481034-6.768930637851937e-06j),0.1865627538548731,4.085141902416081e-06,0.18656275389959903
84,(-1.4912111538474782e-06-1.3638482205677317e-27j),2,3,MEC LIII Superficial Trilayered Interneuron,(0.15532825165098704+3.401203811237339e-06j),0.24741009720132162,5.417508769970444e-06,0.2474100972606349
84,(-1.4912111538474782e-06-1.3638482205677317e-27j),2,4,EC LV Deep Pyramidal,(0.13333037903022618+2.919519073260892e-06j),0.029868180257193695,6.540199060008882e-07,0.029868180264354192
84,(-1.4912111538474782e-06-1.3638482205677317e-27j),2,5,MEC LV Pyramidal,(-0.12896383983658066-2.8239054962748146e-06j),0.030736171788575677,6.730262108159003e-07,0.030736171795944265
84,(-1.4912111538474782e-06-1.3638482205677317e-27j),3,1,EC LI II Pyramidal Fan,(0.8722342185474031+1.9099206466837216e-05j),0.020611652819559883,4.5133085180327975e-07,0.020611652824501253
84,(-1.4912111538474782e-06-1.3638482205677317e-27j),3,2,MEC LII III Pyramidal Multiform,(-0.30912765593481034-6.768930637851937e-06j),0.14937436237028479,3.270832222736562e-06,0.1493743624060953
84,(-1.4912111538474782e-06-1.3638482205677317e-27j),3,3,MEC LIII Superficial Trilayered Interneuron,(0.15532825165098704+3.401203811237339e-06j),0.20661782729305256,4.524285403320313e-06,0.20661782734258644
84,(-1.4912111538474782e-06-1.3638482205677317e-27j),3,4,EC LV Deep Pyramidal,(0.13333037903022618+2.919519073260892e-06j),0.028656127690984336,6.274797384047928e-07,0.02865612769785426
84,(-1.4912111538474782e-06-1.3638482205677317e-27j),3,5,MEC LV Pyramidal,(-0.12896383983658066-2.8239054962748146e-06j),0.0349800524688326,7.6595394918935e-07,0.0349800524772186
84,(-1.4912111538474782e-06-1.3638482205677317e-27j),4,1,EC LI II Pyramidal Fan,(0.8722342185474031+1.9099206466837216e-05j),0.019741452751634463,4.322761868838814e-07,0.01974145275636721
84,(-1.4912111538474782e-06-1.3638482205677317e-27j),4,2,MEC LII III Pyramidal Multiform,(-0.30912765593481034-6.768930637851937e-06j),0.14613599969358848,3.1999221895565845e-06,0.14613599972862265
84,(-1.4912111538474782e-06-1.3638482205677317e-27j),4,3,MEC LIII Superficial Trilayered Interneuron,(0.15532825165098704+3.401203811237339e-06j),0.19961288262326454,4.370898982910572e-06,0.19961288267111907
84,(-1.4912111538474782e-06-1.3638482205677317e-27j),4,4,EC LV Deep Pyramidal,(0.13333037903022618+2.919519073260892e-06j),0.04683434660861943,1.0255259844433182e-06,0.04683434661984734
84,(-1.4912111538474782e-06-1.3638482205677317e-27j),4,5,MEC LV Pyramidal,(-0.12896383983658066-2.8239054962748146e-06j),0.041689393249827546,9.128675672656192e-07,0.04168939325982202
84,(-1.4912111538474782e-06-1.3638482205677317e-27j),5,1,EC LI II Pyramidal Fan,(0.8722342185474031+1.9099206466837216e-05j),0.018661556174687084,4.086298230431768e-07,0.018661556179160942
84,(-1.4912111538474782e-06-1.3638482205677317e-27j),5,2,MEC LII III Pyramidal Multiform,(-0.30912765593481034-6.768930637851937e-06j),0.1378711486550606,3.0189477528180754e-06,0.13787114868811337
84,(-1.4912111538474782e-06-1.3638482205677317e-27j),5,3,MEC LIII Superficial Trilayered Interneuron,(0.15532825165098704+3.401203811237339e-06j),0.18867513240760972,4.13139639838479e-06,0.18867513245284206
84,(-1.4912111538474782e-06-1.3638482205677317e-27j),5,4,EC LV Deep Pyramidal,(0.13333037903022618+2.919519073260892e-06j),0.046265388719248145,1.013067582820849e-06,0.046265388730339654
84,(-1.4912111538474782e-06-1.3638482205677317e-27j),5,5,MEC LV Pyramidal,(-0.12896383983658066-2.8239054962748146e-06j),0.04061660186754542,8.893767850059344e-07,0.04061660187728271
84,(-1.4912111538474782e-06-1.3638482205677317e-27j),6,1,EC LI II Pyramidal Fan,(0.8722342185474031+1.9099206466837216e-05j),0.017710927646935028,3.8781402593391917e-07,0.017710927651180985
84,(-1.4912111538474782e-06-1.3638482205677317e-27j),6,2,MEC LII III Pyramidal Multiform,(-0.30912765593481034-6.768930637851937e-06j),0.13095360079125037,2.867475049630874e-06,0.13095360082264476
84,(-1.4912111538474782e-06-1.3638482205677317e-27j),6,3,MEC LIII Superficial Trilayered Interneuron,(0.15532825165098704+3.401203811237339e-06j),0.17912415840406817,3.9222598837014195e-06,0.1791241584470108
84,(-1.4912111538474782e-06-1.3638482205677317e-27j),6,4,EC LV Deep Pyramidal,(0.13333037903022618+2.919519073260892e-06j),0.04859130711805626,1.0639979347532832e-06,0.04859130712970538
84,(-1.4912111538474782e-06-1.3638482205677317e-27j),6,5,MEC LV Pyramidal,(-0.12896383983658066-2.8239054962748146e-06j),0.04081573040233416,8.937370782794564e-07,0.04081573041211919
84,(-1.4912111538474782e-06-1.3638482205677317e-27j),7,1,EC LI II Pyramidal Fan,(0.8722342185474031+1.9099206466837216e-05j),0.01681257002770563,3.681427985433233e-07,0.016812570031736217
84,(-1.4912111538474782e-06-1.3638482205677317e-27j),7,2,MEC LII III Pyramidal Multiform,(-0.30912765593481034-6.768930637851937e-06j),0.12435663627522747,2.7230221209697e-06,0.12435663630504032
84,(-1.4912111538474782e-06-1.3638482205677317e-27j),7,3,MEC LIII Superficial Trilayered Interneuron,(0.15532825165098704+3.401203811237339e-06j),0.17008698809405784,3.72437406592595e-06,0.17008698813483392
84,(-1.4912111538474782e-06-1.3638482205677317e-27j),7,4,EC LV Deep Pyramidal,(0.13333037903022618+2.919519073260892e-06j),0.046826701704146594,1.0253585848870596e-06,0.04682670171537267
84,(-1.4912111538474782e-06-1.3638482205677317e-27j),7,5,MEC LV Pyramidal,(-0.12896383983658066-2.8239054962748146e-06j),0.039091022423519216,8.559713576925736e-07,0.03909102243289077
84,(-1.4912111538474782e-06-1.3638482205677317e-27j),8,1,EC LI II Pyramidal Fan,(0.8722342185474031+1.9099206466837216e-05j),0.015967848957113232,3.496460441265996e-07,0.015967848960941312
84,(-1.4912111538474782e-06-1.3638482205677317e-27j),8,2,MEC LII III Pyramidal Multiform,(-0.30912765593481034-6.768930637851937e-06j),0.11811839749969168,2.5864241661644257e-06,0.11811839752800898
84,(-1.4912111538474782e-06-1.3638482205677317e-27j),8,3,MEC LIII Superficial Trilayered Interneuron,(0.15532825165098704+3.401203811237339e-06j),0.16154973380511362,3.537434848386492e-06,0.16154973384384302
84,(-1.4912111538474782e-06-1.3638482205677317e-27j),8,4,EC LV Deep Pyramidal,(0.13333037903022618+2.919519073260892e-06j),0.04506152236139753,9.867066677736883e-07,0.04506152237220043
84,(-1.4912111538474782e-06-1.3638482205677317e-27j),8,5,MEC LV Pyramidal,(-0.12896383983658066-2.8239054962748146e-06j),0.03741430409774219,8.192564606955556e-07,0.037414304106711774
84,(-1.4912111538474782e-06-1.3638482205677317e-27j),9,1,EC LI II Pyramidal Fan,(0.8722342185474031+1.9099206466837216e-05j),0.015167849272959956,3.321285484627864e-07,0.015167849276596245
84,(-1.4912111538474782e-06-1.3638482205677317e-27j),9,2,MEC LII III Pyramidal Multiform,(-0.30912765593481034-6.768930637851937e-06j),0.11220810625433235,2.4570072384913957e-06,0.11220810628123275
84,(-1.4912111538474782e-06-1.3638482205677317e-27j),9,3,MEC LIII Superficial Trilayered Interneuron,(0.15532825165098704+3.401203811237339e-06j),0.15346305417966716,3.360361809384762e-06,0.15346305421645787
84,(-1.4912111538474782e-06-1.3638482205677317e-27j),9,4,EC LV Deep Pyramidal,(0.13333037903022618+2.919519073260892e-06j),0.04288402138063517,9.390261939635083e-07,0.042884021390916044
84,(-1.4912111538474782e-06-1.3638482205677317e-27j),9,5,MEC LV Pyramidal,(-0.12896383983658066-2.8239054962748146e-06j),0.03557847689977358,7.790575760998245e-07,0.03557847690830305
84,(-1.4912111538474782e-06-1.3638482205677317e-27j),10,1,EC LI II Pyramidal Fan,(0.8722342185474031+1.9099206466837216e-05j),0.01440890725345361,3.155100874819399e-07,0.014408907256907954
84,(-1.4912111538474782e-06-1.3638482205677317e-27j),10,2,MEC LII III Pyramidal Multiform,(-0.30912765593481034-6.768930637851937e-06j),0.1065945923453543,2.334088808013067e-06,0.10659459237090893
84,(-1.4912111538474782e-06-1.3638482205677317e-27j),10,3,MEC LIII Superficial Trilayered Interneuron,(0.15532825165098704+3.401203811237339e-06j),0.14578526648217155,3.1922422271365198e-06,0.14578526651712162
84,(-1.4912111538474782e-06-1.3638482205677317e-27j),10,4,EC LV Deep Pyramidal,(0.13333037903022618+2.919519073260892e-06j),0.04081588988273249,8.937405704008463e-07,0.04081588989251756
84,(-1.4912111538474782e-06-1.3638482205677317e-27j),10,5,MEC LV Pyramidal,(-0.12896383983658066-2.8239054962748146e-06j),0.03383635709568156,7.409105908964702e-07,0.033836357103793374
