pre_neuron_id,post_neuron_id,pre_neuron,post_neuron,pre_ei,post_ei,v_ij
1000,1002,DG Granule,DG Mossy,e,e,62.0
1000,1004,DG Granule,DG Total Molecular Layer,e,i,54.5
1000,1005,DG Granule,DG MOLAX,e,i,54.5
1000,1009,DG Granule,DG HICAP,e,i,60.5
1000,1010,DG Granule,DG Axo Axonic,e,i,65.1
1000,1013,DG Granule,DG HIPP,e,i,65.0
1000,1026,DG Granule,DG HIPROM,e,i,65.0
1000,1027,DG Granule,DG AIPRIM,e,i,64.0
1000,1035,DG Granule,DG Basket,e,i,62.0
1000,1041,DG Granule,DG Hilar Ectopic Granule,e,e,70.0
1000,2000,DG Granule,CA3 Pyramidal,e,e,60.5
1000,2004,DG Granule,CA3c Pyramidal,e,e,62.0
1000,2005,DG Granule,CA3 LMR Targeting,e,i,68.0
1000,2013,DG Granule,CA3 Lucidum ORAX,e,i,61.0
1000,2019,DG Granule,CA3 Spiny Lucidum,e,i,62.0
1000,2028,DG Granule,CA3 Axo Axonic,e,i,58.0
1000,2035,DG Granule,CA3 Mossy Fiber Associated ORDEN,e,i,57.0
1000,2036,DG Granule,CA3 Mossy Fiber Associated,e,i,57.0
1000,2043,DG Granule,CA3 Basket,e,i,58.0
1000,2044,DG Granule,CA3 Basket CCK+,e,i,60.0
1000,3000,DG Granule,CA2 Pyramidal,e,e,75.3
1000,3003,DG Granule,CA2 Bistratified,e,i,72.7
1000,3006,DG Granule,CA2 Basket,e,i,71.2
1000,3007,DG Granule,CA2 Wide Arbor Basket,e,i,74.9
1001,1000,DG Semilunar Granule,DG Granule,e,e,75.0
1001,1001,DG Semilunar Granule,DG Semilunar Granule,e,e,78.0
1001,1002,DG Semilunar Granule,DG Mossy,e,e,62.0
1001,1004,DG Semilunar Granule,DG Total Molecular Layer,e,i,54.5
1001,1005,DG Semilunar Granule,DG MOLAX,e,i,54.5
1001,1009,DG Semilunar Granule,DG HICAP,e,i,60.5
1001,1010,DG Semilunar Granule,DG Axo Axonic,e,i,65.1
1001,1013,DG Semilunar Granule,DG HIPP,e,i,65.0
1001,1026,DG Semilunar Granule,DG HIPROM,e,i,65.0
1001,1027,DG Semilunar Granule,DG AIPRIM,e,i,64.0
1001,1035,DG Semilunar Granule,DG Basket,e,i,62.0
1001,1041,DG Semilunar Granule,DG Hilar Ectopic Granule,e,e,70.0
1001,2000,DG Semilunar Granule,CA3 Pyramidal,e,e,60.5
1001,2004,DG Semilunar Granule,CA3c Pyramidal,e,e,62.0
1001,2005,DG Semilunar Granule,CA3 LMR Targeting,e,i,68.0
1001,2013,DG Semilunar Granule,CA3 Lucidum ORAX,e,i,61.0
1001,2019,DG Semilunar Granule,CA3 Spiny Lucidum,e,i,62.0
1001,2028,DG Semilunar Granule,CA3 Axo Axonic,e,i,58.0
1001,2035,DG Semilunar Granule,CA3 Mossy Fiber Associated ORDEN,e,i,57.0
1001,2036,DG Semilunar Granule,CA3 Mossy Fiber Associated,e,i,57.0
1001,2043,DG Semilunar Granule,CA3 Basket,e,i,58.0
1001,2044,DG Semilunar Granule,CA3 Basket CCK+,e,i,60.0
1002,1000,DG Mossy,DG Granule,e,e,75.0
1002,1001,DG Mossy,DG Semilunar Granule,e,e,78.0
1002,1002,DG Mossy,DG Mossy,e,e,62.0
1002,1004,DG Mossy,DG Total Molecular Layer,e,i,54.5
1002,1005,DG Mossy,DG MOLAX,e,i,54.5
1002,1009,DG Mossy,DG HICAP,e,i,60.5
1002,1010,DG Mossy,DG Axo Axonic,e,i,65.1
1002,1013,DG Mossy,DG HIPP,e,i,65.0
1002,1026,DG Mossy,DG HIPROM,e,i,65.0
1002,1027,DG Mossy,DG AIPRIM,e,i,64.0
1002,1035,DG Mossy,DG Basket,e,i,62.0
1002,1041,DG Mossy,DG Hilar Ectopic Granule,e,e,70.0
1004,1000,DG Total Molecular Layer,DG Granule,i,e,-20.6
1004,1001,DG Total Molecular Layer,DG Semilunar Granule,i,e,-29.0
1004,1002,DG Total Molecular Layer,DG Mossy,i,e,-31.700000000000003
1004,1004,DG Total Molecular Layer,DG Total Molecular Layer,i,i,-30.700000000000003
1004,1005,DG Total Molecular Layer,DG MOLAX,i,i,-30.700000000000003
1004,1007,DG Total Molecular Layer,DG Neurogliaform,i,i,-40.00000000000001
1004,1008,DG Total Molecular Layer,DG MOPP,i,i,-40.00000000000001
1004,1009,DG Total Molecular Layer,DG HICAP,i,i,-31.5
1004,1010,DG Total Molecular Layer,DG Axo Axonic,i,i,-17.900000000000006
1004,1013,DG Total Molecular Layer,DG HIPP,i,i,-24.0
1004,1026,DG Total Molecular Layer,DG HIPROM,i,i,-31.200000000000003
1004,1027,DG Total Molecular Layer,DG AIPRIM,i,i,-22.0
1004,1035,DG Total Molecular Layer,DG Basket,i,i,-26.299999999999997
1004,1041,DG Total Molecular Layer,DG Hilar Ectopic Granule,i,e,-30.0
1004,4011,DG Total Molecular Layer,CA1 Neurogliaform Projecting,i,i,-51.3
1005,1000,DG MOLAX,DG Granule,i,e,-20.6
1005,1001,DG MOLAX,DG Semilunar Granule,i,e,-29.0
1005,1004,DG MOLAX,DG Total Molecular Layer,i,i,-30.700000000000003
1005,1005,DG MOLAX,DG MOLAX,i,i,-30.700000000000003
1005,1007,DG MOLAX,DG Neurogliaform,i,i,-40.00000000000001
1005,1008,DG MOLAX,DG MOPP,i,i,-40.00000000000001
1005,1009,DG MOLAX,DG HICAP,i,i,-31.5
1005,1010,DG MOLAX,DG Axo Axonic,i,i,-17.900000000000006
1005,1026,DG MOLAX,DG HIPROM,i,i,-31.200000000000003
1005,1027,DG MOLAX,DG AIPRIM,i,i,-22.0
1005,1035,DG MOLAX,DG Basket,i,i,-26.299999999999997
1005,1041,DG MOLAX,DG Hilar Ectopic Granule,i,e,-30.0
1005,4011,DG MOLAX,CA1 Neurogliaform Projecting,i,i,-51.3
1007,1000,DG Neurogliaform,DG Granule,i,e,-20.6
1007,1001,DG Neurogliaform,DG Semilunar Granule,i,e,-29.0
1007,1004,DG Neurogliaform,DG Total Molecular Layer,i,i,-30.700000000000003
1007,1005,DG Neurogliaform,DG MOLAX,i,i,-30.700000000000003
1007,1007,DG Neurogliaform,DG Neurogliaform,i,i,-40.00000000000001
1007,1008,DG Neurogliaform,DG MOPP,i,i,-40.00000000000001
1007,1009,DG Neurogliaform,DG HICAP,i,i,-31.5
1007,1010,DG Neurogliaform,DG Axo Axonic,i,i,-17.900000000000006
1007,1027,DG Neurogliaform,DG AIPRIM,i,i,-22.0
1007,1035,DG Neurogliaform,DG Basket,i,i,-26.299999999999997
1007,1041,DG Neurogliaform,DG Hilar Ectopic Granule,i,e,-30.0
1007,4011,DG Neurogliaform,CA1 Neurogliaform Projecting,i,i,-51.3
1007,5005,DG Neurogliaform,SUB CA1 Projecting Pyramidal,i,e,-21.0
1008,1000,DG MOPP,DG Granule,i,e,-20.6
1008,1001,DG MOPP,DG Semilunar Granule,i,e,-29.0
1008,1004,DG MOPP,DG Total Molecular Layer,i,i,-30.700000000000003
1008,1005,DG MOPP,DG MOLAX,i,i,-30.700000000000003
1008,1007,DG MOPP,DG Neurogliaform,i,i,-40.00000000000001
1008,1008,DG MOPP,DG MOPP,i,i,-40.00000000000001
1008,1009,DG MOPP,DG HICAP,i,i,-31.5
1008,1010,DG MOPP,DG Axo Axonic,i,i,-17.900000000000006
1008,1027,DG MOPP,DG AIPRIM,i,i,-22.0
1008,1035,DG MOPP,DG Basket,i,i,-26.299999999999997
1008,1041,DG MOPP,DG Hilar Ectopic Granule,i,e,-30.0
1008,4011,DG MOPP,CA1 Neurogliaform Projecting,i,i,-51.3
1009,1000,DG HICAP,DG Granule,i,e,-20.6
1009,1001,DG HICAP,DG Semilunar Granule,i,e,-29.0
1009,1004,DG HICAP,DG Total Molecular Layer,i,i,-30.700000000000003
1009,1005,DG HICAP,DG MOLAX,i,i,-30.700000000000003
1009,1009,DG HICAP,DG HICAP,i,i,-31.5
1009,1010,DG HICAP,DG Axo Axonic,i,i,-17.900000000000006
1009,1026,DG HICAP,DG HIPROM,i,i,-31.200000000000003
1009,1027,DG HICAP,DG AIPRIM,i,i,-22.0
1009,1035,DG HICAP,DG Basket,i,i,-26.299999999999997
1009,1041,DG HICAP,DG Hilar Ectopic Granule,i,e,-30.0
1010,1000,DG Axo Axonic,DG Granule,i,e,-20.6
1010,1002,DG Axo Axonic,DG Mossy,i,e,-31.700000000000003
1010,1041,DG Axo Axonic,DG Hilar Ectopic Granule,i,e,-30.0
1013,1000,DG HIPP,DG Granule,i,e,-20.6
1013,1001,DG HIPP,DG Semilunar Granule,i,e,-29.0
1013,1004,DG HIPP,DG Total Molecular Layer,i,i,-30.700000000000003
1013,1005,DG HIPP,DG MOLAX,i,i,-30.700000000000003
1013,1007,DG HIPP,DG Neurogliaform,i,i,-40.00000000000001
1013,1008,DG HIPP,DG MOPP,i,i,-40.00000000000001
1013,1009,DG HIPP,DG HICAP,i,i,-31.5
1013,1010,DG HIPP,DG Axo Axonic,i,i,-17.900000000000006
1013,1027,DG HIPP,DG AIPRIM,i,i,-22.0
1013,1035,DG HIPP,DG Basket,i,i,-26.299999999999997
1013,1041,DG HIPP,DG Hilar Ectopic Granule,i,e,-30.0
1013,4011,DG HIPP,CA1 Neurogliaform Projecting,i,i,-51.3
1026,1000,DG HIPROM,DG Granule,i,e,-20.6
1026,1001,DG HIPROM,DG Semilunar Granule,i,e,-29.0
1026,1002,DG HIPROM,DG Mossy,i,e,-31.700000000000003
1026,1004,DG HIPROM,DG Total Molecular Layer,i,i,-30.700000000000003
1026,1005,DG HIPROM,DG MOLAX,i,i,-30.700000000000003
1026,1007,DG HIPROM,DG Neurogliaform,i,i,-40.00000000000001
1026,1008,DG HIPROM,DG MOPP,i,i,-40.00000000000001
1026,1009,DG HIPROM,DG HICAP,i,i,-31.5
1026,1010,DG HIPROM,DG Axo Axonic,i,i,-17.900000000000006
1026,1013,DG HIPROM,DG HIPP,i,i,-24.0
1026,1026,DG HIPROM,DG HIPROM,i,i,-31.200000000000003
1026,1027,DG HIPROM,DG AIPRIM,i,i,-22.0
1026,1035,DG HIPROM,DG Basket,i,i,-26.299999999999997
1026,1041,DG HIPROM,DG Hilar Ectopic Granule,i,e,-30.0
1026,2000,DG HIPROM,CA3 Pyramidal,i,e,-37.5
1026,2001,DG HIPROM,CA3 Granule,i,e,-19.4
1026,2004,DG HIPROM,CA3c Pyramidal,i,e,-23.0
1026,2005,DG HIPROM,CA3 LMR Targeting,i,i,-24.0
1026,2009,DG HIPROM,CA3 O LM,i,i,-36.5
1026,2013,DG HIPROM,CA3 Lucidum ORAX,i,i,-28.200000000000003
1026,2019,DG HIPROM,CA3 Spiny Lucidum,i,i,-32.8
1026,2020,DG HIPROM,CA3 Trilaminar,i,i,-20.799999999999997
1026,2028,DG HIPROM,CA3 Axo Axonic,i,i,-22.5
1026,2035,DG HIPROM,CA3 Mossy Fiber Associated ORDEN,i,i,-33.0
1026,2036,DG HIPROM,CA3 Mossy Fiber Associated,i,i,-34.4
1026,2043,DG HIPROM,CA3 Basket,i,i,-37.6
1026,2044,DG HIPROM,CA3 Basket CCK+,i,i,-40.4
1026,2047,DG HIPROM,CA3 Horizontal Axo Axonic,i,i,-37.0
1026,3007,DG HIPROM,CA2 Wide Arbor Basket,i,i,-25.099999999999994
1026,4011,DG HIPROM,CA1 Neurogliaform Projecting,i,i,-51.3
1027,1000,DG AIPRIM,DG Granule,i,e,-20.6
1027,1001,DG AIPRIM,DG Semilunar Granule,i,e,-29.0
1027,1002,DG AIPRIM,DG Mossy,i,e,-31.700000000000003
1027,1004,DG AIPRIM,DG Total Molecular Layer,i,i,-30.700000000000003
1027,1005,DG AIPRIM,DG MOLAX,i,i,-30.700000000000003
1027,1009,DG AIPRIM,DG HICAP,i,i,-31.5
1027,1010,DG AIPRIM,DG Axo Axonic,i,i,-17.900000000000006
1027,1013,DG AIPRIM,DG HIPP,i,i,-24.0
1027,1026,DG AIPRIM,DG HIPROM,i,i,-31.200000000000003
1027,1027,DG AIPRIM,DG AIPRIM,i,i,-22.0
1027,1035,DG AIPRIM,DG Basket,i,i,-26.299999999999997
1027,1041,DG AIPRIM,DG Hilar Ectopic Granule,i,e,-30.0
1035,1000,DG Basket,DG Granule,i,e,-20.6
1035,1004,DG Basket,DG Total Molecular Layer,i,i,-30.700000000000003
1035,1005,DG Basket,DG MOLAX,i,i,-30.700000000000003
1035,1009,DG Basket,DG HICAP,i,i,-31.5
1035,1010,DG Basket,DG Axo Axonic,i,i,-17.900000000000006
1035,1013,DG Basket,DG HIPP,i,i,-24.0
1035,1035,DG Basket,DG Basket,i,i,-26.299999999999997
1041,1002,DG Hilar Ectopic Granule,DG Mossy,e,e,62.0
1041,1004,DG Hilar Ectopic Granule,DG Total Molecular Layer,e,i,54.5
1041,1005,DG Hilar Ectopic Granule,DG MOLAX,e,i,54.5
1041,1009,DG Hilar Ectopic Granule,DG HICAP,e,i,60.5
1041,1010,DG Hilar Ectopic Granule,DG Axo Axonic,e,i,65.1
1041,1013,DG Hilar Ectopic Granule,DG HIPP,e,i,65.0
1041,1026,DG Hilar Ectopic Granule,DG HIPROM,e,i,65.0
1041,1027,DG Hilar Ectopic Granule,DG AIPRIM,e,i,64.0
1041,1035,DG Hilar Ectopic Granule,DG Basket,e,i,62.0
1041,1041,DG Hilar Ectopic Granule,DG Hilar Ectopic Granule,e,e,70.0
1041,2000,DG Hilar Ectopic Granule,CA3 Pyramidal,e,e,60.5
1041,2004,DG Hilar Ectopic Granule,CA3c Pyramidal,e,e,62.0
1041,2005,DG Hilar Ectopic Granule,CA3 LMR Targeting,e,i,68.0
1041,2013,DG Hilar Ectopic Granule,CA3 Lucidum ORAX,e,i,61.0
1041,2019,DG Hilar Ectopic Granule,CA3 Spiny Lucidum,e,i,62.0
1041,2028,DG Hilar Ectopic Granule,CA3 Axo Axonic,e,i,58.0
1041,2035,DG Hilar Ectopic Granule,CA3 Mossy Fiber Associated ORDEN,e,i,57.0
1041,2036,DG Hilar Ectopic Granule,CA3 Mossy Fiber Associated,e,i,57.0
1041,2043,DG Hilar Ectopic Granule,CA3 Basket,e,i,58.0
1041,2044,DG Hilar Ectopic Granule,CA3 Basket CCK+,e,i,60.0
2000,2000,CA3 Pyramidal,CA3 Pyramidal,e,e,60.5
2000,2001,CA3 Pyramidal,CA3 Granule,e,e,78.0
2000,2004,CA3 Pyramidal,CA3c Pyramidal,e,e,62.0
2000,2005,CA3 Pyramidal,CA3 LMR Targeting,e,i,68.0
2000,2009,CA3 Pyramidal,CA3 O LM,e,i,60.0
2000,2013,CA3 Pyramidal,CA3 Lucidum ORAX,e,i,61.0
2000,2020,CA3 Pyramidal,CA3 Trilaminar,e,i,61.2
2000,2028,CA3 Pyramidal,CA3 Axo Axonic,e,i,58.0
2000,2035,CA3 Pyramidal,CA3 Mossy Fiber Associated ORDEN,e,i,57.0
2000,2036,CA3 Pyramidal,CA3 Mossy Fiber Associated,e,i,57.0
2000,2043,CA3 Pyramidal,CA3 Basket,e,i,58.0
2000,2044,CA3 Pyramidal,CA3 Basket CCK+,e,i,60.0
2000,2047,CA3 Pyramidal,CA3 Horizontal Axo Axonic,e,i,59.0
2000,3000,CA3 Pyramidal,CA2 Pyramidal,e,e,75.3
2000,3003,CA3 Pyramidal,CA2 Bistratified,e,i,72.7
2000,3006,CA3 Pyramidal,CA2 Basket,e,i,71.2
2000,3007,CA3 Pyramidal,CA2 Wide Arbor Basket,e,i,74.9
2000,3008,CA3 Pyramidal,CA2 SP SR,e,i,71.0
2000,4000,CA3 Pyramidal,CA1 Pyramidal,e,e,62.4
2000,4003,CA3 Pyramidal,CA1 Quadrilaminar,e,i,58.5
2000,4005,CA3 Pyramidal,CA1 LMR,e,i,53.1
2000,4006,CA3 Pyramidal,CA1 Perforant Path Associated,e,i,55.4
2000,4013,CA3 Pyramidal,CA1 Radial Trilaminar,e,i,57.0
2000,4015,CA3 Pyramidal,CA1 Schaffer Collateral Associated,e,i,60.6
2000,4023,CA3 Pyramidal,CA1 Back Projection,e,i,62.0
2000,4028,CA3 Pyramidal,CA1 Radiatum,e,i,55.8
2000,4033,CA3 Pyramidal,CA1 SO SO,e,i,59.0
2000,4035,CA3 Pyramidal,CA1 Trilaminar,e,i,64.0
2000,4036,CA3 Pyramidal,CA1 Axo Axonic,e,i,65.1
2000,4038,CA3 Pyramidal,CA1 Horizontal Axo Axonic,e,i,57.0
2000,4039,CA3 Pyramidal,CA1 Horizontal Basket,e,i,55.4
2000,4054,CA3 Pyramidal,CA1 Radiatum Giant,e,e,66.0
2000,4055,CA3 Pyramidal,CA1 Oriens Alveus,e,i,51.0
2000,4061,CA3 Pyramidal,CA1 R Receiving Apical Targeting,e,i,57.0
2000,4066,CA3 Pyramidal,CA1 OR LM,e,i,68.0
2000,4069,CA3 Pyramidal,CA1 O LM,e,i,60.0
2000,4076,CA3 Pyramidal,CA1 Perforant Path Associated QuadD,e,i,64.0
2000,4078,CA3 Pyramidal,CA1 Basket,e,i,57.0
2000,4079,CA3 Pyramidal,CA1 Basket CCK+,e,i,61.4
2000,4080,CA3 Pyramidal,CA1 Bistratified,e,i,64.0
2000,4081,CA3 Pyramidal,CA1 Ivy,e,i,71.0
2000,4083,CA3 Pyramidal,CA1 Oriens Bistratified,e,i,66.0
2000,4087,CA3 Pyramidal,CA1 O LMR,e,i,55.7
2000,4089,CA3 Pyramidal,CA1 Recurrent O LM,e,i,75.0
2001,2000,CA3 Granule,CA3 Pyramidal,e,e,60.5
2001,2004,CA3 Granule,CA3c Pyramidal,e,e,62.0
2001,2005,CA3 Granule,CA3 LMR Targeting,e,i,68.0
2001,2013,CA3 Granule,CA3 Lucidum ORAX,e,i,61.0
2001,2019,CA3 Granule,CA3 Spiny Lucidum,e,i,62.0
2001,2028,CA3 Granule,CA3 Axo Axonic,e,i,58.0
2001,2035,CA3 Granule,CA3 Mossy Fiber Associated ORDEN,e,i,57.0
2001,2036,CA3 Granule,CA3 Mossy Fiber Associated,e,i,57.0
2001,2043,CA3 Granule,CA3 Basket,e,i,58.0
2001,2044,CA3 Granule,CA3 Basket CCK+,e,i,60.0
2004,1000,CA3c Pyramidal,DG Granule,e,e,75.0
2004,1001,CA3c Pyramidal,DG Semilunar Granule,e,e,78.0
2004,1002,CA3c Pyramidal,DG Mossy,e,e,62.0
2004,1004,CA3c Pyramidal,DG Total Molecular Layer,e,i,54.5
2004,1005,CA3c Pyramidal,DG MOLAX,e,i,54.5
2004,1009,CA3c Pyramidal,DG HICAP,e,i,60.5
2004,1010,CA3c Pyramidal,DG Axo Axonic,e,i,65.1
2004,1013,CA3c Pyramidal,DG HIPP,e,i,65.0
2004,1026,CA3c Pyramidal,DG HIPROM,e,i,65.0
2004,1027,CA3c Pyramidal,DG AIPRIM,e,i,64.0
2004,1035,CA3c Pyramidal,DG Basket,e,i,62.0
2004,1041,CA3c Pyramidal,DG Hilar Ectopic Granule,e,e,70.0
2004,2000,CA3c Pyramidal,CA3 Pyramidal,e,e,60.5
2004,2001,CA3c Pyramidal,CA3 Granule,e,e,78.0
2004,2004,CA3c Pyramidal,CA3c Pyramidal,e,e,62.0
2004,2005,CA3c Pyramidal,CA3 LMR Targeting,e,i,68.0
2004,2009,CA3c Pyramidal,CA3 O LM,e,i,60.0
2004,2013,CA3c Pyramidal,CA3 Lucidum ORAX,e,i,61.0
2004,2020,CA3c Pyramidal,CA3 Trilaminar,e,i,61.2
2004,2028,CA3c Pyramidal,CA3 Axo Axonic,e,i,58.0
2004,2035,CA3c Pyramidal,CA3 Mossy Fiber Associated ORDEN,e,i,57.0
2004,2036,CA3c Pyramidal,CA3 Mossy Fiber Associated,e,i,57.0
2004,2043,CA3c Pyramidal,CA3 Basket,e,i,58.0
2004,2044,CA3c Pyramidal,CA3 Basket CCK+,e,i,60.0
2004,2047,CA3c Pyramidal,CA3 Horizontal Axo Axonic,e,i,59.0
2004,3000,CA3c Pyramidal,CA2 Pyramidal,e,e,75.3
2004,3003,CA3c Pyramidal,CA2 Bistratified,e,i,72.7
2004,3006,CA3c Pyramidal,CA2 Basket,e,i,71.2
2004,3007,CA3c Pyramidal,CA2 Wide Arbor Basket,e,i,74.9
2004,3008,CA3c Pyramidal,CA2 SP SR,e,i,71.0
2004,4000,CA3c Pyramidal,CA1 Pyramidal,e,e,62.4
2004,4003,CA3c Pyramidal,CA1 Quadrilaminar,e,i,58.5
2004,4005,CA3c Pyramidal,CA1 LMR,e,i,53.1
2004,4006,CA3c Pyramidal,CA1 Perforant Path Associated,e,i,55.4
2004,4013,CA3c Pyramidal,CA1 Radial Trilaminar,e,i,57.0
2004,4015,CA3c Pyramidal,CA1 Schaffer Collateral Associated,e,i,60.6
2004,4023,CA3c Pyramidal,CA1 Back Projection,e,i,62.0
2004,4028,CA3c Pyramidal,CA1 Radiatum,e,i,55.8
2004,4033,CA3c Pyramidal,CA1 SO SO,e,i,59.0
2004,4035,CA3c Pyramidal,CA1 Trilaminar,e,i,64.0
2004,4036,CA3c Pyramidal,CA1 Axo Axonic,e,i,65.1
2004,4038,CA3c Pyramidal,CA1 Horizontal Axo Axonic,e,i,57.0
2004,4039,CA3c Pyramidal,CA1 Horizontal Basket,e,i,55.4
2004,4054,CA3c Pyramidal,CA1 Radiatum Giant,e,e,66.0
2004,4055,CA3c Pyramidal,CA1 Oriens Alveus,e,i,51.0
2004,4061,CA3c Pyramidal,CA1 R Receiving Apical Targeting,e,i,57.0
2004,4066,CA3c Pyramidal,CA1 OR LM,e,i,68.0
2004,4069,CA3c Pyramidal,CA1 O LM,e,i,60.0
2004,4076,CA3c Pyramidal,CA1 Perforant Path Associated QuadD,e,i,64.0
2004,4078,CA3c Pyramidal,CA1 Basket,e,i,57.0
2004,4079,CA3c Pyramidal,CA1 Basket CCK+,e,i,61.4
2004,4080,CA3c Pyramidal,CA1 Bistratified,e,i,64.0
2004,4081,CA3c Pyramidal,CA1 Ivy,e,i,71.0
2004,4083,CA3c Pyramidal,CA1 Oriens Bistratified,e,i,66.0
2004,4087,CA3c Pyramidal,CA1 O LMR,e,i,55.7
2004,4089,CA3c Pyramidal,CA1 Recurrent O LM,e,i,75.0
2004,5005,CA3c Pyramidal,SUB CA1 Projecting Pyramidal,e,e,60.0
2005,2000,CA3 LMR Targeting,CA3 Pyramidal,i,e,-37.5
2005,2001,CA3 LMR Targeting,CA3 Granule,i,e,-19.4
2005,2004,CA3 LMR Targeting,CA3c Pyramidal,i,e,-23.0
2005,2005,CA3 LMR Targeting,CA3 LMR Targeting,i,i,-24.0
2005,2013,CA3 LMR Targeting,CA3 Lucidum ORAX,i,i,-28.200000000000003
2005,2028,CA3 LMR Targeting,CA3 Axo Axonic,i,i,-22.5
2005,2035,CA3 LMR Targeting,CA3 Mossy Fiber Associated ORDEN,i,i,-33.0
2005,2036,CA3 LMR Targeting,CA3 Mossy Fiber Associated,i,i,-34.4
2005,2043,CA3 LMR Targeting,CA3 Basket,i,i,-37.6
2005,2044,CA3 LMR Targeting,CA3 Basket CCK+,i,i,-40.4
2009,2000,CA3 O LM,CA3 Pyramidal,i,e,-37.5
2009,2001,CA3 O LM,CA3 Granule,i,e,-19.4
2009,2004,CA3 O LM,CA3c Pyramidal,i,e,-23.0
2009,2005,CA3 O LM,CA3 LMR Targeting,i,i,-24.0
2009,2009,CA3 O LM,CA3 O LM,i,i,-36.5
2009,2013,CA3 O LM,CA3 Lucidum ORAX,i,i,-28.200000000000003
2009,2020,CA3 O LM,CA3 Trilaminar,i,i,-20.799999999999997
2009,2028,CA3 O LM,CA3 Axo Axonic,i,i,-22.5
2009,2035,CA3 O LM,CA3 Mossy Fiber Associated ORDEN,i,i,-33.0
2009,2036,CA3 O LM,CA3 Mossy Fiber Associated,i,i,-34.4
2009,2043,CA3 O LM,CA3 Basket,i,i,-37.6
2009,2044,CA3 O LM,CA3 Basket CCK+,i,i,-40.4
2009,2047,CA3 O LM,CA3 Horizontal Axo Axonic,i,i,-37.0
2013,2000,CA3 Lucidum ORAX,CA3 Pyramidal,i,e,-37.5
2013,2001,CA3 Lucidum ORAX,CA3 Granule,i,e,-19.4
2013,2004,CA3 Lucidum ORAX,CA3c Pyramidal,i,e,-23.0
2013,2005,CA3 Lucidum ORAX,CA3 LMR Targeting,i,i,-24.0
2013,2009,CA3 Lucidum ORAX,CA3 O LM,i,i,-36.5
2013,2013,CA3 Lucidum ORAX,CA3 Lucidum ORAX,i,i,-28.200000000000003
2013,2019,CA3 Lucidum ORAX,CA3 Spiny Lucidum,i,i,-32.8
2013,2020,CA3 Lucidum ORAX,CA3 Trilaminar,i,i,-20.799999999999997
2013,2028,CA3 Lucidum ORAX,CA3 Axo Axonic,i,i,-22.5
2013,2035,CA3 Lucidum ORAX,CA3 Mossy Fiber Associated ORDEN,i,i,-33.0
2013,2036,CA3 Lucidum ORAX,CA3 Mossy Fiber Associated,i,i,-34.4
2013,2043,CA3 Lucidum ORAX,CA3 Basket,i,i,-37.6
2013,2044,CA3 Lucidum ORAX,CA3 Basket CCK+,i,i,-40.4
2013,2047,CA3 Lucidum ORAX,CA3 Horizontal Axo Axonic,i,i,-37.0
2013,3007,CA3 Lucidum ORAX,CA2 Wide Arbor Basket,i,i,-25.099999999999994
2019,1000,CA3 Spiny Lucidum,DG Granule,i,e,-20.6
2019,1001,CA3 Spiny Lucidum,DG Semilunar Granule,i,e,-29.0
2019,1004,CA3 Spiny Lucidum,DG Total Molecular Layer,i,i,-30.700000000000003
2019,1005,CA3 Spiny Lucidum,DG MOLAX,i,i,-30.700000000000003
2019,1007,CA3 Spiny Lucidum,DG Neurogliaform,i,i,-40.00000000000001
2019,1008,CA3 Spiny Lucidum,DG MOPP,i,i,-40.00000000000001
2019,1009,CA3 Spiny Lucidum,DG HICAP,i,i,-31.5
2019,1010,CA3 Spiny Lucidum,DG Axo Axonic,i,i,-17.900000000000006
2019,1026,CA3 Spiny Lucidum,DG HIPROM,i,i,-31.200000000000003
2019,1027,CA3 Spiny Lucidum,DG AIPRIM,i,i,-22.0
2019,1035,CA3 Spiny Lucidum,DG Basket,i,i,-26.299999999999997
2019,1041,CA3 Spiny Lucidum,DG Hilar Ectopic Granule,i,e,-30.0
2019,2000,CA3 Spiny Lucidum,CA3 Pyramidal,i,e,-37.5
2019,2001,CA3 Spiny Lucidum,CA3 Granule,i,e,-19.4
2019,2004,CA3 Spiny Lucidum,CA3c Pyramidal,i,e,-23.0
2019,2005,CA3 Spiny Lucidum,CA3 LMR Targeting,i,i,-24.0
2019,2013,CA3 Spiny Lucidum,CA3 Lucidum ORAX,i,i,-28.200000000000003
2019,2019,CA3 Spiny Lucidum,CA3 Spiny Lucidum,i,i,-32.8
2019,2028,CA3 Spiny Lucidum,CA3 Axo Axonic,i,i,-22.5
2019,2035,CA3 Spiny Lucidum,CA3 Mossy Fiber Associated ORDEN,i,i,-33.0
2019,2036,CA3 Spiny Lucidum,CA3 Mossy Fiber Associated,i,i,-34.4
2019,2043,CA3 Spiny Lucidum,CA3 Basket,i,i,-37.6
2019,2044,CA3 Spiny Lucidum,CA3 Basket CCK+,i,i,-40.4
2019,4011,CA3 Spiny Lucidum,CA1 Neurogliaform Projecting,i,i,-51.3
2020,2000,CA3 Trilaminar,CA3 Pyramidal,i,e,-37.5
2020,2001,CA3 Trilaminar,CA3 Granule,i,e,-19.4
2020,2004,CA3 Trilaminar,CA3c Pyramidal,i,e,-23.0
2020,2005,CA3 Trilaminar,CA3 LMR Targeting,i,i,-24.0
2020,2009,CA3 Trilaminar,CA3 O LM,i,i,-36.5
2020,2013,CA3 Trilaminar,CA3 Lucidum ORAX,i,i,-28.200000000000003
2020,2019,CA3 Trilaminar,CA3 Spiny Lucidum,i,i,-32.8
2020,2020,CA3 Trilaminar,CA3 Trilaminar,i,i,-20.799999999999997
2020,2028,CA3 Trilaminar,CA3 Axo Axonic,i,i,-22.5
2020,2035,CA3 Trilaminar,CA3 Mossy Fiber Associated ORDEN,i,i,-33.0
2020,2036,CA3 Trilaminar,CA3 Mossy Fiber Associated,i,i,-34.4
2020,2043,CA3 Trilaminar,CA3 Basket,i,i,-37.6
2020,2044,CA3 Trilaminar,CA3 Basket CCK+,i,i,-40.4
2020,2047,CA3 Trilaminar,CA3 Horizontal Axo Axonic,i,i,-37.0
2020,3007,CA3 Trilaminar,CA2 Wide Arbor Basket,i,i,-25.099999999999994
2020,4000,CA3 Trilaminar,CA1 Pyramidal,i,e,-27.799999999999997
2020,4003,CA3 Trilaminar,CA1 Quadrilaminar,i,i,-32.6
2020,4005,CA3 Trilaminar,CA1 LMR,i,i,-53.8
2020,4006,CA3 Trilaminar,CA1 Perforant Path Associated,i,i,-23.900000000000006
2020,4013,CA3 Trilaminar,CA1 Radial Trilaminar,i,i,-40.0
2020,4015,CA3 Trilaminar,CA1 Schaffer Collateral Associated,i,i,-22.9
2020,4023,CA3 Trilaminar,CA1 Back Projection,i,i,-23.5
2020,4028,CA3 Trilaminar,CA1 Radiatum,i,i,-33.6
2020,4033,CA3 Trilaminar,CA1 SO SO,i,i,-35.0
2020,4035,CA3 Trilaminar,CA1 Trilaminar,i,i,-33.0
2020,4036,CA3 Trilaminar,CA1 Axo Axonic,i,i,-26.900000000000006
2020,4038,CA3 Trilaminar,CA1 Horizontal Axo Axonic,i,i,-38.0
2020,4039,CA3 Trilaminar,CA1 Horizontal Basket,i,i,-38.6
2020,4054,CA3 Trilaminar,CA1 Radiatum Giant,i,e,-34.0
2020,4055,CA3 Trilaminar,CA1 Oriens Alveus,i,i,-28.4
2020,4061,CA3 Trilaminar,CA1 R Receiving Apical Targeting,i,i,-38.0
2020,4066,CA3 Trilaminar,CA1 OR LM,i,i,-17.1
2020,4069,CA3 Trilaminar,CA1 O LM,i,i,-42.3
2020,4076,CA3 Trilaminar,CA1 Perforant Path Associated QuadD,i,i,-33.0
2020,4078,CA3 Trilaminar,CA1 Basket,i,i,-32.0
2020,4079,CA3 Trilaminar,CA1 Basket CCK+,i,i,-31.1
2020,4080,CA3 Trilaminar,CA1 Bistratified,i,i,-23.0
2020,4081,CA3 Trilaminar,CA1 Ivy,i,i,-29.1
2020,4083,CA3 Trilaminar,CA1 Oriens Bistratified,i,i,-30.0
2020,4087,CA3 Trilaminar,CA1 O LMR,i,i,-48.3
2020,4089,CA3 Trilaminar,CA1 Recurrent O LM,i,i,-20.0
2028,2000,CA3 Axo Axonic,CA3 Pyramidal,i,e,-37.5
2028,2004,CA3 Axo Axonic,CA3c Pyramidal,i,e,-23.0
2035,1002,CA3 Mossy Fiber Associated ORDEN,DG Mossy,i,e,-31.700000000000003
2035,1004,CA3 Mossy Fiber Associated ORDEN,DG Total Molecular Layer,i,i,-30.700000000000003
2035,1005,CA3 Mossy Fiber Associated ORDEN,DG MOLAX,i,i,-30.700000000000003
2035,1009,CA3 Mossy Fiber Associated ORDEN,DG HICAP,i,i,-31.5
2035,1010,CA3 Mossy Fiber Associated ORDEN,DG Axo Axonic,i,i,-17.900000000000006
2035,1013,CA3 Mossy Fiber Associated ORDEN,DG HIPP,i,i,-24.0
2035,1026,CA3 Mossy Fiber Associated ORDEN,DG HIPROM,i,i,-31.200000000000003
2035,1027,CA3 Mossy Fiber Associated ORDEN,DG AIPRIM,i,i,-22.0
2035,1035,CA3 Mossy Fiber Associated ORDEN,DG Basket,i,i,-26.299999999999997
2035,1041,CA3 Mossy Fiber Associated ORDEN,DG Hilar Ectopic Granule,i,e,-30.0
2035,2000,CA3 Mossy Fiber Associated ORDEN,CA3 Pyramidal,i,e,-37.5
2035,2004,CA3 Mossy Fiber Associated ORDEN,CA3c Pyramidal,i,e,-23.0
2035,2005,CA3 Mossy Fiber Associated ORDEN,CA3 LMR Targeting,i,i,-24.0
2035,2013,CA3 Mossy Fiber Associated ORDEN,CA3 Lucidum ORAX,i,i,-28.200000000000003
2035,2019,CA3 Mossy Fiber Associated ORDEN,CA3 Spiny Lucidum,i,i,-32.8
2035,2028,CA3 Mossy Fiber Associated ORDEN,CA3 Axo Axonic,i,i,-22.5
2035,2035,CA3 Mossy Fiber Associated ORDEN,CA3 Mossy Fiber Associated ORDEN,i,i,-33.0
2035,2036,CA3 Mossy Fiber Associated ORDEN,CA3 Mossy Fiber Associated,i,i,-34.4
2035,2043,CA3 Mossy Fiber Associated ORDEN,CA3 Basket,i,i,-37.6
2035,2044,CA3 Mossy Fiber Associated ORDEN,CA3 Basket CCK+,i,i,-40.4
2035,3007,CA3 Mossy Fiber Associated ORDEN,CA2 Wide Arbor Basket,i,i,-25.099999999999994
2036,1002,CA3 Mossy Fiber Associated,DG Mossy,i,e,-31.700000000000003
2036,1004,CA3 Mossy Fiber Associated,DG Total Molecular Layer,i,i,-30.700000000000003
2036,1005,CA3 Mossy Fiber Associated,DG MOLAX,i,i,-30.700000000000003
2036,1009,CA3 Mossy Fiber Associated,DG HICAP,i,i,-31.5
2036,1010,CA3 Mossy Fiber Associated,DG Axo Axonic,i,i,-17.900000000000006
2036,1013,CA3 Mossy Fiber Associated,DG HIPP,i,i,-24.0
2036,1026,CA3 Mossy Fiber Associated,DG HIPROM,i,i,-31.200000000000003
2036,1027,CA3 Mossy Fiber Associated,DG AIPRIM,i,i,-22.0
2036,1035,CA3 Mossy Fiber Associated,DG Basket,i,i,-26.299999999999997
2036,1041,CA3 Mossy Fiber Associated,DG Hilar Ectopic Granule,i,e,-30.0
2036,2000,CA3 Mossy Fiber Associated,CA3 Pyramidal,i,e,-37.5
2036,2001,CA3 Mossy Fiber Associated,CA3 Granule,i,e,-19.4
2036,2004,CA3 Mossy Fiber Associated,CA3c Pyramidal,i,e,-23.0
2036,2005,CA3 Mossy Fiber Associated,CA3 LMR Targeting,i,i,-24.0
2036,2013,CA3 Mossy Fiber Associated,CA3 Lucidum ORAX,i,i,-28.200000000000003
2036,2019,CA3 Mossy Fiber Associated,CA3 Spiny Lucidum,i,i,-32.8
2036,2028,CA3 Mossy Fiber Associated,CA3 Axo Axonic,i,i,-22.5
2036,2035,CA3 Mossy Fiber Associated,CA3 Mossy Fiber Associated ORDEN,i,i,-33.0
2036,2036,CA3 Mossy Fiber Associated,CA3 Mossy Fiber Associated,i,i,-34.4
2036,2043,CA3 Mossy Fiber Associated,CA3 Basket,i,i,-37.6
2036,2044,CA3 Mossy Fiber Associated,CA3 Basket CCK+,i,i,-40.4
2036,3007,CA3 Mossy Fiber Associated,CA2 Wide Arbor Basket,i,i,-25.099999999999994
2043,2000,CA3 Basket,CA3 Pyramidal,i,e,-37.5
2043,2004,CA3 Basket,CA3c Pyramidal,i,e,-23.0
2043,2028,CA3 Basket,CA3 Axo Axonic,i,i,-22.5
2043,2035,CA3 Basket,CA3 Mossy Fiber Associated ORDEN,i,i,-33.0
2043,2043,CA3 Basket,CA3 Basket,i,i,-37.6
2043,2044,CA3 Basket,CA3 Basket CCK+,i,i,-40.4
2044,2000,CA3 Basket CCK+,CA3 Pyramidal,i,e,-37.5
2044,2004,CA3 Basket CCK+,CA3c Pyramidal,i,e,-23.0
2044,2028,CA3 Basket CCK+,CA3 Axo Axonic,i,i,-22.5
2044,2035,CA3 Basket CCK+,CA3 Mossy Fiber Associated ORDEN,i,i,-33.0
2044,2043,CA3 Basket CCK+,CA3 Basket,i,i,-37.6
2044,2044,CA3 Basket CCK+,CA3 Basket CCK+,i,i,-40.4
2047,2000,CA3 Horizontal Axo Axonic,CA3 Pyramidal,i,e,-37.5
2047,2004,CA3 Horizontal Axo Axonic,CA3c Pyramidal,i,e,-23.0
3000,1002,CA2 Pyramidal,DG Mossy,e,e,62.0
3000,1004,CA2 Pyramidal,DG Total Molecular Layer,e,i,54.5
3000,1005,CA2 Pyramidal,DG MOLAX,e,i,54.5
3000,1009,CA2 Pyramidal,DG HICAP,e,i,60.5
3000,1010,CA2 Pyramidal,DG Axo Axonic,e,i,65.1
3000,1013,CA2 Pyramidal,DG HIPP,e,i,65.0
3000,1026,CA2 Pyramidal,DG HIPROM,e,i,65.0
3000,1027,CA2 Pyramidal,DG AIPRIM,e,i,64.0
3000,1035,CA2 Pyramidal,DG Basket,e,i,62.0
3000,1041,CA2 Pyramidal,DG Hilar Ectopic Granule,e,e,70.0
3000,2000,CA2 Pyramidal,CA3 Pyramidal,e,e,60.5
3000,2001,CA2 Pyramidal,CA3 Granule,e,e,78.0
3000,2004,CA2 Pyramidal,CA3c Pyramidal,e,e,62.0
3000,2005,CA2 Pyramidal,CA3 LMR Targeting,e,i,68.0
3000,2009,CA2 Pyramidal,CA3 O LM,e,i,60.0
3000,2013,CA2 Pyramidal,CA3 Lucidum ORAX,e,i,61.0
3000,2019,CA2 Pyramidal,CA3 Spiny Lucidum,e,i,62.0
3000,2020,CA2 Pyramidal,CA3 Trilaminar,e,i,61.2
3000,2028,CA2 Pyramidal,CA3 Axo Axonic,e,i,58.0
3000,2035,CA2 Pyramidal,CA3 Mossy Fiber Associated ORDEN,e,i,57.0
3000,2036,CA2 Pyramidal,CA3 Mossy Fiber Associated,e,i,57.0
3000,2043,CA2 Pyramidal,CA3 Basket,e,i,58.0
3000,2044,CA2 Pyramidal,CA3 Basket CCK+,e,i,60.0
3000,2047,CA2 Pyramidal,CA3 Horizontal Axo Axonic,e,i,59.0
3000,3000,CA2 Pyramidal,CA2 Pyramidal,e,e,75.3
3000,3003,CA2 Pyramidal,CA2 Bistratified,e,i,72.7
3000,3006,CA2 Pyramidal,CA2 Basket,e,i,71.2
3000,3007,CA2 Pyramidal,CA2 Wide Arbor Basket,e,i,74.9
3000,3008,CA2 Pyramidal,CA2 SP SR,e,i,71.0
3000,4000,CA2 Pyramidal,CA1 Pyramidal,e,e,62.4
3000,4003,CA2 Pyramidal,CA1 Quadrilaminar,e,i,58.5
3000,4005,CA2 Pyramidal,CA1 LMR,e,i,53.1
3000,4006,CA2 Pyramidal,CA1 Perforant Path Associated,e,i,55.4
3000,4013,CA2 Pyramidal,CA1 Radial Trilaminar,e,i,57.0
3000,4015,CA2 Pyramidal,CA1 Schaffer Collateral Associated,e,i,60.6
3000,4023,CA2 Pyramidal,CA1 Back Projection,e,i,62.0
3000,4028,CA2 Pyramidal,CA1 Radiatum,e,i,55.8
3000,4033,CA2 Pyramidal,CA1 SO SO,e,i,59.0
3000,4035,CA2 Pyramidal,CA1 Trilaminar,e,i,64.0
3000,4036,CA2 Pyramidal,CA1 Axo Axonic,e,i,65.1
3000,4038,CA2 Pyramidal,CA1 Horizontal Axo Axonic,e,i,57.0
3000,4039,CA2 Pyramidal,CA1 Horizontal Basket,e,i,55.4
3000,4054,CA2 Pyramidal,CA1 Radiatum Giant,e,e,66.0
3000,4055,CA2 Pyramidal,CA1 Oriens Alveus,e,i,51.0
3000,4061,CA2 Pyramidal,CA1 R Receiving Apical Targeting,e,i,57.0
3000,4066,CA2 Pyramidal,CA1 OR LM,e,i,68.0
3000,4069,CA2 Pyramidal,CA1 O LM,e,i,60.0
3000,4076,CA2 Pyramidal,CA1 Perforant Path Associated QuadD,e,i,64.0
3000,4078,CA2 Pyramidal,CA1 Basket,e,i,57.0
3000,4079,CA2 Pyramidal,CA1 Basket CCK+,e,i,61.4
3000,4080,CA2 Pyramidal,CA1 Bistratified,e,i,64.0
3000,4081,CA2 Pyramidal,CA1 Ivy,e,i,71.0
3000,4083,CA2 Pyramidal,CA1 Oriens Bistratified,e,i,66.0
3000,4087,CA2 Pyramidal,CA1 O LMR,e,i,55.7
3000,4089,CA2 Pyramidal,CA1 Recurrent O LM,e,i,75.0
3003,3000,CA2 Bistratified,CA2 Pyramidal,i,e,-10.700000000000003
3003,3003,CA2 Bistratified,CA2 Bistratified,i,i,-46.3
3003,3006,CA2 Bistratified,CA2 Basket,i,i,-20.799999999999997
3003,3007,CA2 Bistratified,CA2 Wide Arbor Basket,i,i,-25.099999999999994
3003,3008,CA2 Bistratified,CA2 SP SR,i,i,-18.0
3003,4000,CA2 Bistratified,CA1 Pyramidal,i,e,-27.799999999999997
3003,4003,CA2 Bistratified,CA1 Quadrilaminar,i,i,-32.6
3003,4005,CA2 Bistratified,CA1 LMR,i,i,-53.8
3003,4006,CA2 Bistratified,CA1 Perforant Path Associated,i,i,-23.900000000000006
3003,4013,CA2 Bistratified,CA1 Radial Trilaminar,i,i,-40.0
3003,4015,CA2 Bistratified,CA1 Schaffer Collateral Associated,i,i,-22.9
3003,4023,CA2 Bistratified,CA1 Back Projection,i,i,-23.5
3003,4028,CA2 Bistratified,CA1 Radiatum,i,i,-33.6
3003,4033,CA2 Bistratified,CA1 SO SO,i,i,-35.0
3003,4035,CA2 Bistratified,CA1 Trilaminar,i,i,-33.0
3003,4036,CA2 Bistratified,CA1 Axo Axonic,i,i,-26.900000000000006
3003,4038,CA2 Bistratified,CA1 Horizontal Axo Axonic,i,i,-38.0
3003,4039,CA2 Bistratified,CA1 Horizontal Basket,i,i,-38.6
3003,4054,CA2 Bistratified,CA1 Radiatum Giant,i,e,-34.0
3003,4055,CA2 Bistratified,CA1 Oriens Alveus,i,i,-28.4
3003,4061,CA2 Bistratified,CA1 R Receiving Apical Targeting,i,i,-38.0
3003,4066,CA2 Bistratified,CA1 OR LM,i,i,-17.1
3003,4069,CA2 Bistratified,CA1 O LM,i,i,-42.3
3003,4076,CA2 Bistratified,CA1 Perforant Path Associated QuadD,i,i,-33.0
3003,4078,CA2 Bistratified,CA1 Basket,i,i,-32.0
3003,4079,CA2 Bistratified,CA1 Basket CCK+,i,i,-31.1
3003,4080,CA2 Bistratified,CA1 Bistratified,i,i,-23.0
3003,4081,CA2 Bistratified,CA1 Ivy,i,i,-29.1
3003,4083,CA2 Bistratified,CA1 Oriens Bistratified,i,i,-30.0
3003,4087,CA2 Bistratified,CA1 O LMR,i,i,-48.3
3003,4089,CA2 Bistratified,CA1 Recurrent O LM,i,i,-20.0
3006,3000,CA2 Basket,CA2 Pyramidal,i,e,-10.700000000000003
3006,3003,CA2 Basket,CA2 Bistratified,i,i,-46.3
3006,3006,CA2 Basket,CA2 Basket,i,i,-20.799999999999997
3006,3007,CA2 Basket,CA2 Wide Arbor Basket,i,i,-25.099999999999994
3006,3008,CA2 Basket,CA2 SP SR,i,i,-18.0
3007,2000,CA2 Wide Arbor Basket,CA3 Pyramidal,i,e,-37.5
3007,2004,CA2 Wide Arbor Basket,CA3c Pyramidal,i,e,-23.0
3007,2028,CA2 Wide Arbor Basket,CA3 Axo Axonic,i,i,-22.5
3007,2035,CA2 Wide Arbor Basket,CA3 Mossy Fiber Associated ORDEN,i,i,-33.0
3007,2043,CA2 Wide Arbor Basket,CA3 Basket,i,i,-37.6
3007,2044,CA2 Wide Arbor Basket,CA3 Basket CCK+,i,i,-40.4
3007,3000,CA2 Wide Arbor Basket,CA2 Pyramidal,i,e,-10.700000000000003
3007,3003,CA2 Wide Arbor Basket,CA2 Bistratified,i,i,-46.3
3007,3006,CA2 Wide Arbor Basket,CA2 Basket,i,i,-20.799999999999997
3007,3007,CA2 Wide Arbor Basket,CA2 Wide Arbor Basket,i,i,-25.099999999999994
3007,3008,CA2 Wide Arbor Basket,CA2 SP SR,i,i,-18.0
3007,4000,CA2 Wide Arbor Basket,CA1 Pyramidal,i,e,-27.799999999999997
3007,4013,CA2 Wide Arbor Basket,CA1 Radial Trilaminar,i,i,-40.0
3007,4036,CA2 Wide Arbor Basket,CA1 Axo Axonic,i,i,-26.900000000000006
3007,4039,CA2 Wide Arbor Basket,CA1 Horizontal Basket,i,i,-38.6
3007,4054,CA2 Wide Arbor Basket,CA1 Radiatum Giant,i,e,-34.0
3007,4066,CA2 Wide Arbor Basket,CA1 OR LM,i,i,-17.1
3007,4078,CA2 Wide Arbor Basket,CA1 Basket,i,i,-32.0
3007,4079,CA2 Wide Arbor Basket,CA1 Basket CCK+,i,i,-31.1
3007,4080,CA2 Wide Arbor Basket,CA1 Bistratified,i,i,-23.0
3007,4081,CA2 Wide Arbor Basket,CA1 Ivy,i,i,-29.1
3008,3000,CA2 SP SR,CA2 Pyramidal,i,e,-10.700000000000003
3008,3003,CA2 SP SR,CA2 Bistratified,i,i,-46.3
3008,3006,CA2 SP SR,CA2 Basket,i,i,-20.799999999999997
3008,3007,CA2 SP SR,CA2 Wide Arbor Basket,i,i,-25.099999999999994
3008,3008,CA2 SP SR,CA2 SP SR,i,i,-18.0
4000,4000,CA1 Pyramidal,CA1 Pyramidal,e,e,62.4
4000,4003,CA1 Pyramidal,CA1 Quadrilaminar,e,i,58.5
4000,4013,CA1 Pyramidal,CA1 Radial Trilaminar,e,i,57.0
4000,4023,CA1 Pyramidal,CA1 Back Projection,e,i,62.0
4000,4033,CA1 Pyramidal,CA1 SO SO,e,i,59.0
4000,4035,CA1 Pyramidal,CA1 Trilaminar,e,i,64.0
4000,4036,CA1 Pyramidal,CA1 Axo Axonic,e,i,65.1
4000,4038,CA1 Pyramidal,CA1 Horizontal Axo Axonic,e,i,57.0
4000,4039,CA1 Pyramidal,CA1 Horizontal Basket,e,i,55.4
4000,4055,CA1 Pyramidal,CA1 Oriens Alveus,e,i,51.0
4000,4066,CA1 Pyramidal,CA1 OR LM,e,i,68.0
4000,4069,CA1 Pyramidal,CA1 O LM,e,i,60.0
4000,4076,CA1 Pyramidal,CA1 Perforant Path Associated QuadD,e,i,64.0
4000,4078,CA1 Pyramidal,CA1 Basket,e,i,57.0
4000,4079,CA1 Pyramidal,CA1 Basket CCK+,e,i,61.4
4000,4080,CA1 Pyramidal,CA1 Bistratified,e,i,64.0
4000,4081,CA1 Pyramidal,CA1 Ivy,e,i,71.0
4000,4083,CA1 Pyramidal,CA1 Oriens Bistratified,e,i,66.0
4000,4087,CA1 Pyramidal,CA1 O LMR,e,i,55.7
4000,4089,CA1 Pyramidal,CA1 Recurrent O LM,e,i,75.0
4000,5005,CA1 Pyramidal,SUB CA1 Projecting Pyramidal,e,e,60.0
4000,6002,CA1 Pyramidal,MEC LV Pyramidal,e,e,61.8
4000,6021,CA1 Pyramidal,EC LV Deep Pyramidal,e,e,66.5
4000,6023,CA1 Pyramidal,MEC LV Superficial Pyramidal,e,e,66.5
4000,6025,CA1 Pyramidal,LEC LIII Multipolar Principal,e,e,66.5
4000,6033,CA1 Pyramidal,MEC LV Multipolar Pyramidal,e,e,66.5
4000,6052,CA1 Pyramidal,MEC LV VI Pyramidal Polymorphic,e,e,63.0
4000,6078,CA1 Pyramidal,LEC LVI Multipolar Pyramidal,e,e,64.0
4000,6086,CA1 Pyramidal,EC LIV VI Deep Multipolar Principal,e,e,59.8
4000,6095,CA1 Pyramidal,EC LIII V Bipolar Pyramidal,e,e,68.0
4003,3007,CA1 Quadrilaminar,CA2 Wide Arbor Basket,i,i,-25.099999999999994
4003,4000,CA1 Quadrilaminar,CA1 Pyramidal,i,e,-27.799999999999997
4003,4003,CA1 Quadrilaminar,CA1 Quadrilaminar,i,i,-32.6
4003,4005,CA1 Quadrilaminar,CA1 LMR,i,i,-53.8
4003,4006,CA1 Quadrilaminar,CA1 Perforant Path Associated,i,i,-23.900000000000006
4003,4011,CA1 Quadrilaminar,CA1 Neurogliaform Projecting,i,i,-51.3
4003,4012,CA1 Quadrilaminar,CA1 Neurogliaform,i,i,-39.3
4003,4013,CA1 Quadrilaminar,CA1 Radial Trilaminar,i,i,-40.0
4003,4015,CA1 Quadrilaminar,CA1 Schaffer Collateral Associated,i,i,-22.9
4003,4023,CA1 Quadrilaminar,CA1 Back Projection,i,i,-23.5
4003,4028,CA1 Quadrilaminar,CA1 Radiatum,i,i,-33.6
4003,4033,CA1 Quadrilaminar,CA1 SO SO,i,i,-35.0
4003,4035,CA1 Quadrilaminar,CA1 Trilaminar,i,i,-33.0
4003,4036,CA1 Quadrilaminar,CA1 Axo Axonic,i,i,-26.900000000000006
4003,4038,CA1 Quadrilaminar,CA1 Horizontal Axo Axonic,i,i,-38.0
4003,4039,CA1 Quadrilaminar,CA1 Horizontal Basket,i,i,-38.6
4003,4055,CA1 Quadrilaminar,CA1 Oriens Alveus,i,i,-28.4
4003,4061,CA1 Quadrilaminar,CA1 R Receiving Apical Targeting,i,i,-38.0
4003,4066,CA1 Quadrilaminar,CA1 OR LM,i,i,-17.1
4003,4069,CA1 Quadrilaminar,CA1 O LM,i,i,-42.3
4003,4076,CA1 Quadrilaminar,CA1 Perforant Path Associated QuadD,i,i,-33.0
4003,4078,CA1 Quadrilaminar,CA1 Basket,i,i,-32.0
4003,4079,CA1 Quadrilaminar,CA1 Basket CCK+,i,i,-31.1
4003,4080,CA1 Quadrilaminar,CA1 Bistratified,i,i,-23.0
4003,4081,CA1 Quadrilaminar,CA1 Ivy,i,i,-29.1
4003,4083,CA1 Quadrilaminar,CA1 Oriens Bistratified,i,i,-30.0
4003,4087,CA1 Quadrilaminar,CA1 O LMR,i,i,-48.3
4003,4089,CA1 Quadrilaminar,CA1 Recurrent O LM,i,i,-20.0
4005,4000,CA1 LMR,CA1 Pyramidal,i,e,-27.799999999999997
4005,4003,CA1 LMR,CA1 Quadrilaminar,i,i,-32.6
4005,4005,CA1 LMR,CA1 LMR,i,i,-53.8
4005,4006,CA1 LMR,CA1 Perforant Path Associated,i,i,-23.900000000000006
4005,4011,CA1 LMR,CA1 Neurogliaform Projecting,i,i,-51.3
4005,4012,CA1 LMR,CA1 Neurogliaform,i,i,-39.3
4005,4013,CA1 LMR,CA1 Radial Trilaminar,i,i,-40.0
4005,4015,CA1 LMR,CA1 Schaffer Collateral Associated,i,i,-22.9
4005,4028,CA1 LMR,CA1 Radiatum,i,i,-33.6
4005,4036,CA1 LMR,CA1 Axo Axonic,i,i,-26.900000000000006
4005,4054,CA1 LMR,CA1 Radiatum Giant,i,e,-34.0
4005,4055,CA1 LMR,CA1 Oriens Alveus,i,i,-28.4
4005,4061,CA1 LMR,CA1 R Receiving Apical Targeting,i,i,-38.0
4005,4066,CA1 LMR,CA1 OR LM,i,i,-17.1
4005,4076,CA1 LMR,CA1 Perforant Path Associated QuadD,i,i,-33.0
4005,4078,CA1 LMR,CA1 Basket,i,i,-32.0
4005,4079,CA1 LMR,CA1 Basket CCK+,i,i,-31.1
4005,4080,CA1 LMR,CA1 Bistratified,i,i,-23.0
4005,4081,CA1 LMR,CA1 Ivy,i,i,-29.1
4006,1000,CA1 Perforant Path Associated,DG Granule,i,e,-20.6
4006,1001,CA1 Perforant Path Associated,DG Semilunar Granule,i,e,-29.0
4006,1004,CA1 Perforant Path Associated,DG Total Molecular Layer,i,i,-30.700000000000003
4006,1005,CA1 Perforant Path Associated,DG MOLAX,i,i,-30.700000000000003
4006,1007,CA1 Perforant Path Associated,DG Neurogliaform,i,i,-40.00000000000001
4006,1008,CA1 Perforant Path Associated,DG MOPP,i,i,-40.00000000000001
4006,1009,CA1 Perforant Path Associated,DG HICAP,i,i,-31.5
4006,1010,CA1 Perforant Path Associated,DG Axo Axonic,i,i,-17.900000000000006
4006,1027,CA1 Perforant Path Associated,DG AIPRIM,i,i,-22.0
4006,1035,CA1 Perforant Path Associated,DG Basket,i,i,-26.299999999999997
4006,1041,CA1 Perforant Path Associated,DG Hilar Ectopic Granule,i,e,-30.0
4006,4000,CA1 Perforant Path Associated,CA1 Pyramidal,i,e,-27.799999999999997
4006,4003,CA1 Perforant Path Associated,CA1 Quadrilaminar,i,i,-32.6
4006,4005,CA1 Perforant Path Associated,CA1 LMR,i,i,-53.8
4006,4006,CA1 Perforant Path Associated,CA1 Perforant Path Associated,i,i,-23.900000000000006
4006,4011,CA1 Perforant Path Associated,CA1 Neurogliaform Projecting,i,i,-51.3
4006,4012,CA1 Perforant Path Associated,CA1 Neurogliaform,i,i,-39.3
4006,4013,CA1 Perforant Path Associated,CA1 Radial Trilaminar,i,i,-40.0
4006,4015,CA1 Perforant Path Associated,CA1 Schaffer Collateral Associated,i,i,-22.9
4006,4036,CA1 Perforant Path Associated,CA1 Axo Axonic,i,i,-26.900000000000006
4006,4054,CA1 Perforant Path Associated,CA1 Radiatum Giant,i,e,-34.0
4006,4055,CA1 Perforant Path Associated,CA1 Oriens Alveus,i,i,-28.4
4006,4076,CA1 Perforant Path Associated,CA1 Perforant Path Associated QuadD,i,i,-33.0
4006,4078,CA1 Perforant Path Associated,CA1 Basket,i,i,-32.0
4006,4079,CA1 Perforant Path Associated,CA1 Basket CCK+,i,i,-31.1
4006,5005,CA1 Perforant Path Associated,SUB CA1 Projecting Pyramidal,i,e,-21.0
4011,1000,CA1 Neurogliaform Projecting,DG Granule,i,e,-20.6
4011,1001,CA1 Neurogliaform Projecting,DG Semilunar Granule,i,e,-29.0
4011,1004,CA1 Neurogliaform Projecting,DG Total Molecular Layer,i,i,-30.700000000000003
4011,1005,CA1 Neurogliaform Projecting,DG MOLAX,i,i,-30.700000000000003
4011,1007,CA1 Neurogliaform Projecting,DG Neurogliaform,i,i,-40.00000000000001
4011,1008,CA1 Neurogliaform Projecting,DG MOPP,i,i,-40.00000000000001
4011,1009,CA1 Neurogliaform Projecting,DG HICAP,i,i,-31.5
4011,1010,CA1 Neurogliaform Projecting,DG Axo Axonic,i,i,-17.900000000000006
4011,1027,CA1 Neurogliaform Projecting,DG AIPRIM,i,i,-22.0
4011,1035,CA1 Neurogliaform Projecting,DG Basket,i,i,-26.299999999999997
4011,1041,CA1 Neurogliaform Projecting,DG Hilar Ectopic Granule,i,e,-30.0
4011,4000,CA1 Neurogliaform Projecting,CA1 Pyramidal,i,e,-27.799999999999997
4011,4003,CA1 Neurogliaform Projecting,CA1 Quadrilaminar,i,i,-32.6
4011,4005,CA1 Neurogliaform Projecting,CA1 LMR,i,i,-53.8
4011,4006,CA1 Neurogliaform Projecting,CA1 Perforant Path Associated,i,i,-23.900000000000006
4011,4011,CA1 Neurogliaform Projecting,CA1 Neurogliaform Projecting,i,i,-51.3
4011,4012,CA1 Neurogliaform Projecting,CA1 Neurogliaform,i,i,-39.3
4011,4013,CA1 Neurogliaform Projecting,CA1 Radial Trilaminar,i,i,-40.0
4011,4015,CA1 Neurogliaform Projecting,CA1 Schaffer Collateral Associated,i,i,-22.9
4011,4036,CA1 Neurogliaform Projecting,CA1 Axo Axonic,i,i,-26.900000000000006
4011,4054,CA1 Neurogliaform Projecting,CA1 Radiatum Giant,i,e,-34.0
4011,4055,CA1 Neurogliaform Projecting,CA1 Oriens Alveus,i,i,-28.4
4011,4076,CA1 Neurogliaform Projecting,CA1 Perforant Path Associated QuadD,i,i,-33.0
4011,4078,CA1 Neurogliaform Projecting,CA1 Basket,i,i,-32.0
4011,4079,CA1 Neurogliaform Projecting,CA1 Basket CCK+,i,i,-31.1
4012,4000,CA1 Neurogliaform,CA1 Pyramidal,i,e,-27.799999999999997
4012,4003,CA1 Neurogliaform,CA1 Quadrilaminar,i,i,-32.6
4012,4005,CA1 Neurogliaform,CA1 LMR,i,i,-53.8
4012,4006,CA1 Neurogliaform,CA1 Perforant Path Associated,i,i,-23.900000000000006
4012,4011,CA1 Neurogliaform,CA1 Neurogliaform Projecting,i,i,-51.3
4012,4012,CA1 Neurogliaform,CA1 Neurogliaform,i,i,-39.3
4012,4013,CA1 Neurogliaform,CA1 Radial Trilaminar,i,i,-40.0
4012,4015,CA1 Neurogliaform,CA1 Schaffer Collateral Associated,i,i,-22.9
4012,4036,CA1 Neurogliaform,CA1 Axo Axonic,i,i,-26.900000000000006
4012,4054,CA1 Neurogliaform,CA1 Radiatum Giant,i,e,-34.0
4012,4055,CA1 Neurogliaform,CA1 Oriens Alveus,i,i,-28.4
4012,4076,CA1 Neurogliaform,CA1 Perforant Path Associated QuadD,i,i,-33.0
4012,4078,CA1 Neurogliaform,CA1 Basket,i,i,-32.0
4012,4079,CA1 Neurogliaform,CA1 Basket CCK+,i,i,-31.1
4013,3007,CA1 Radial Trilaminar,CA2 Wide Arbor Basket,i,i,-25.099999999999994
4013,4000,CA1 Radial Trilaminar,CA1 Pyramidal,i,e,-27.799999999999997
4013,4003,CA1 Radial Trilaminar,CA1 Quadrilaminar,i,i,-32.6
4013,4005,CA1 Radial Trilaminar,CA1 LMR,i,i,-53.8
4013,4006,CA1 Radial Trilaminar,CA1 Perforant Path Associated,i,i,-23.900000000000006
4013,4013,CA1 Radial Trilaminar,CA1 Radial Trilaminar,i,i,-40.0
4013,4015,CA1 Radial Trilaminar,CA1 Schaffer Collateral Associated,i,i,-22.9
4013,4023,CA1 Radial Trilaminar,CA1 Back Projection,i,i,-23.5
4013,4028,CA1 Radial Trilaminar,CA1 Radiatum,i,i,-33.6
4013,4033,CA1 Radial Trilaminar,CA1 SO SO,i,i,-35.0
4013,4035,CA1 Radial Trilaminar,CA1 Trilaminar,i,i,-33.0
4013,4036,CA1 Radial Trilaminar,CA1 Axo Axonic,i,i,-26.900000000000006
4013,4038,CA1 Radial Trilaminar,CA1 Horizontal Axo Axonic,i,i,-38.0
4013,4039,CA1 Radial Trilaminar,CA1 Horizontal Basket,i,i,-38.6
4013,4054,CA1 Radial Trilaminar,CA1 Radiatum Giant,i,e,-34.0
4013,4055,CA1 Radial Trilaminar,CA1 Oriens Alveus,i,i,-28.4
4013,4061,CA1 Radial Trilaminar,CA1 R Receiving Apical Targeting,i,i,-38.0
4013,4066,CA1 Radial Trilaminar,CA1 OR LM,i,i,-17.1
4013,4069,CA1 Radial Trilaminar,CA1 O LM,i,i,-42.3
4013,4076,CA1 Radial Trilaminar,CA1 Perforant Path Associated QuadD,i,i,-33.0
4013,4078,CA1 Radial Trilaminar,CA1 Basket,i,i,-32.0
4013,4079,CA1 Radial Trilaminar,CA1 Basket CCK+,i,i,-31.1
4013,4080,CA1 Radial Trilaminar,CA1 Bistratified,i,i,-23.0
4013,4081,CA1 Radial Trilaminar,CA1 Ivy,i,i,-29.1
4013,4083,CA1 Radial Trilaminar,CA1 Oriens Bistratified,i,i,-30.0
4013,4087,CA1 Radial Trilaminar,CA1 O LMR,i,i,-48.3
4013,4089,CA1 Radial Trilaminar,CA1 Recurrent O LM,i,i,-20.0
4015,3007,CA1 Schaffer Collateral Associated,CA2 Wide Arbor Basket,i,i,-25.099999999999994
4015,4000,CA1 Schaffer Collateral Associated,CA1 Pyramidal,i,e,-27.799999999999997
4015,4003,CA1 Schaffer Collateral Associated,CA1 Quadrilaminar,i,i,-32.6
4015,4005,CA1 Schaffer Collateral Associated,CA1 LMR,i,i,-53.8
4015,4006,CA1 Schaffer Collateral Associated,CA1 Perforant Path Associated,i,i,-23.900000000000006
4015,4013,CA1 Schaffer Collateral Associated,CA1 Radial Trilaminar,i,i,-40.0
4015,4015,CA1 Schaffer Collateral Associated,CA1 Schaffer Collateral Associated,i,i,-22.9
4015,4023,CA1 Schaffer Collateral Associated,CA1 Back Projection,i,i,-23.5
4015,4028,CA1 Schaffer Collateral Associated,CA1 Radiatum,i,i,-33.6
4015,4033,CA1 Schaffer Collateral Associated,CA1 SO SO,i,i,-35.0
4015,4035,CA1 Schaffer Collateral Associated,CA1 Trilaminar,i,i,-33.0
4015,4036,CA1 Schaffer Collateral Associated,CA1 Axo Axonic,i,i,-26.900000000000006
4015,4038,CA1 Schaffer Collateral Associated,CA1 Horizontal Axo Axonic,i,i,-38.0
4015,4039,CA1 Schaffer Collateral Associated,CA1 Horizontal Basket,i,i,-38.6
4015,4054,CA1 Schaffer Collateral Associated,CA1 Radiatum Giant,i,e,-34.0
4015,4055,CA1 Schaffer Collateral Associated,CA1 Oriens Alveus,i,i,-28.4
4015,4061,CA1 Schaffer Collateral Associated,CA1 R Receiving Apical Targeting,i,i,-38.0
4015,4066,CA1 Schaffer Collateral Associated,CA1 OR LM,i,i,-17.1
4015,4069,CA1 Schaffer Collateral Associated,CA1 O LM,i,i,-42.3
4015,4076,CA1 Schaffer Collateral Associated,CA1 Perforant Path Associated QuadD,i,i,-33.0
4015,4078,CA1 Schaffer Collateral Associated,CA1 Basket,i,i,-32.0
4015,4079,CA1 Schaffer Collateral Associated,CA1 Basket CCK+,i,i,-31.1
4015,4080,CA1 Schaffer Collateral Associated,CA1 Bistratified,i,i,-23.0
4015,4081,CA1 Schaffer Collateral Associated,CA1 Ivy,i,i,-29.1
4015,4083,CA1 Schaffer Collateral Associated,CA1 Oriens Bistratified,i,i,-30.0
4015,4087,CA1 Schaffer Collateral Associated,CA1 O LMR,i,i,-48.3
4015,4089,CA1 Schaffer Collateral Associated,CA1 Recurrent O LM,i,i,-20.0
4023,1002,CA1 Back Projection,DG Mossy,i,e,-31.700000000000003
4023,1004,CA1 Back Projection,DG Total Molecular Layer,i,i,-30.700000000000003
4023,1005,CA1 Back Projection,DG MOLAX,i,i,-30.700000000000003
4023,1009,CA1 Back Projection,DG HICAP,i,i,-31.5
4023,1010,CA1 Back Projection,DG Axo Axonic,i,i,-17.900000000000006
4023,1013,CA1 Back Projection,DG HIPP,i,i,-24.0
4023,1026,CA1 Back Projection,DG HIPROM,i,i,-31.200000000000003
4023,1027,CA1 Back Projection,DG AIPRIM,i,i,-22.0
4023,1035,CA1 Back Projection,DG Basket,i,i,-26.299999999999997
4023,1041,CA1 Back Projection,DG Hilar Ectopic Granule,i,e,-30.0
4023,2000,CA1 Back Projection,CA3 Pyramidal,i,e,-37.5
4023,2001,CA1 Back Projection,CA3 Granule,i,e,-19.4
4023,2004,CA1 Back Projection,CA3c Pyramidal,i,e,-23.0
4023,2005,CA1 Back Projection,CA3 LMR Targeting,i,i,-24.0
4023,2009,CA1 Back Projection,CA3 O LM,i,i,-36.5
4023,2013,CA1 Back Projection,CA3 Lucidum ORAX,i,i,-28.200000000000003
4023,2019,CA1 Back Projection,CA3 Spiny Lucidum,i,i,-32.8
4023,2020,CA1 Back Projection,CA3 Trilaminar,i,i,-20.799999999999997
4023,2028,CA1 Back Projection,CA3 Axo Axonic,i,i,-22.5
4023,2035,CA1 Back Projection,CA3 Mossy Fiber Associated ORDEN,i,i,-33.0
4023,2036,CA1 Back Projection,CA3 Mossy Fiber Associated,i,i,-34.4
4023,2043,CA1 Back Projection,CA3 Basket,i,i,-37.6
4023,2044,CA1 Back Projection,CA3 Basket CCK+,i,i,-40.4
4023,2047,CA1 Back Projection,CA3 Horizontal Axo Axonic,i,i,-37.0
4023,3007,CA1 Back Projection,CA2 Wide Arbor Basket,i,i,-25.099999999999994
4023,4000,CA1 Back Projection,CA1 Pyramidal,i,e,-27.799999999999997
4023,4003,CA1 Back Projection,CA1 Quadrilaminar,i,i,-32.6
4023,4005,CA1 Back Projection,CA1 LMR,i,i,-53.8
4023,4006,CA1 Back Projection,CA1 Perforant Path Associated,i,i,-23.900000000000006
4023,4011,CA1 Back Projection,CA1 Neurogliaform Projecting,i,i,-51.3
4023,4012,CA1 Back Projection,CA1 Neurogliaform,i,i,-39.3
4023,4013,CA1 Back Projection,CA1 Radial Trilaminar,i,i,-40.0
4023,4015,CA1 Back Projection,CA1 Schaffer Collateral Associated,i,i,-22.9
4023,4023,CA1 Back Projection,CA1 Back Projection,i,i,-23.5
4023,4028,CA1 Back Projection,CA1 Radiatum,i,i,-33.6
4023,4033,CA1 Back Projection,CA1 SO SO,i,i,-35.0
4023,4035,CA1 Back Projection,CA1 Trilaminar,i,i,-33.0
4023,4036,CA1 Back Projection,CA1 Axo Axonic,i,i,-26.900000000000006
4023,4038,CA1 Back Projection,CA1 Horizontal Axo Axonic,i,i,-38.0
4023,4039,CA1 Back Projection,CA1 Horizontal Basket,i,i,-38.6
4023,4054,CA1 Back Projection,CA1 Radiatum Giant,i,e,-34.0
4023,4055,CA1 Back Projection,CA1 Oriens Alveus,i,i,-28.4
4023,4061,CA1 Back Projection,CA1 R Receiving Apical Targeting,i,i,-38.0
4023,4066,CA1 Back Projection,CA1 OR LM,i,i,-17.1
4023,4069,CA1 Back Projection,CA1 O LM,i,i,-42.3
4023,4076,CA1 Back Projection,CA1 Perforant Path Associated QuadD,i,i,-33.0
4023,4078,CA1 Back Projection,CA1 Basket,i,i,-32.0
4023,4079,CA1 Back Projection,CA1 Basket CCK+,i,i,-31.1
4023,4080,CA1 Back Projection,CA1 Bistratified,i,i,-23.0
4023,4081,CA1 Back Projection,CA1 Ivy,i,i,-29.1
4023,4083,CA1 Back Projection,CA1 Oriens Bistratified,i,i,-30.0
4023,4087,CA1 Back Projection,CA1 O LMR,i,i,-48.3
4023,4089,CA1 Back Projection,CA1 Recurrent O LM,i,i,-20.0
4028,4000,CA1 Radiatum,CA1 Pyramidal,i,e,-27.799999999999997
4028,4003,CA1 Radiatum,CA1 Quadrilaminar,i,i,-32.6
4028,4005,CA1 Radiatum,CA1 LMR,i,i,-53.8
4028,4006,CA1 Radiatum,CA1 Perforant Path Associated,i,i,-23.900000000000006
4028,4013,CA1 Radiatum,CA1 Radial Trilaminar,i,i,-40.0
4028,4015,CA1 Radiatum,CA1 Schaffer Collateral Associated,i,i,-22.9
4028,4028,CA1 Radiatum,CA1 Radiatum,i,i,-33.6
4028,4036,CA1 Radiatum,CA1 Axo Axonic,i,i,-26.900000000000006
4028,4054,CA1 Radiatum,CA1 Radiatum Giant,i,e,-34.0
4028,4055,CA1 Radiatum,CA1 Oriens Alveus,i,i,-28.4
4028,4061,CA1 Radiatum,CA1 R Receiving Apical Targeting,i,i,-38.0
4028,4066,CA1 Radiatum,CA1 OR LM,i,i,-17.1
4028,4076,CA1 Radiatum,CA1 Perforant Path Associated QuadD,i,i,-33.0
4028,4078,CA1 Radiatum,CA1 Basket,i,i,-32.0
4028,4079,CA1 Radiatum,CA1 Basket CCK+,i,i,-31.1
4028,4080,CA1 Radiatum,CA1 Bistratified,i,i,-23.0
4028,4081,CA1 Radiatum,CA1 Ivy,i,i,-29.1
4033,4000,CA1 SO SO,CA1 Pyramidal,i,e,-27.799999999999997
4033,4003,CA1 SO SO,CA1 Quadrilaminar,i,i,-32.6
4033,4013,CA1 SO SO,CA1 Radial Trilaminar,i,i,-40.0
4033,4023,CA1 SO SO,CA1 Back Projection,i,i,-23.5
4033,4033,CA1 SO SO,CA1 SO SO,i,i,-35.0
4033,4035,CA1 SO SO,CA1 Trilaminar,i,i,-33.0
4033,4036,CA1 SO SO,CA1 Axo Axonic,i,i,-26.900000000000006
4033,4038,CA1 SO SO,CA1 Horizontal Axo Axonic,i,i,-38.0
4033,4039,CA1 SO SO,CA1 Horizontal Basket,i,i,-38.6
4033,4055,CA1 SO SO,CA1 Oriens Alveus,i,i,-28.4
4033,4066,CA1 SO SO,CA1 OR LM,i,i,-17.1
4033,4069,CA1 SO SO,CA1 O LM,i,i,-42.3
4033,4076,CA1 SO SO,CA1 Perforant Path Associated QuadD,i,i,-33.0
4033,4078,CA1 SO SO,CA1 Basket,i,i,-32.0
4033,4079,CA1 SO SO,CA1 Basket CCK+,i,i,-31.1
4033,4080,CA1 SO SO,CA1 Bistratified,i,i,-23.0
4033,4081,CA1 SO SO,CA1 Ivy,i,i,-29.1
4033,4083,CA1 SO SO,CA1 Oriens Bistratified,i,i,-30.0
4033,4087,CA1 SO SO,CA1 O LMR,i,i,-48.3
4033,4089,CA1 SO SO,CA1 Recurrent O LM,i,i,-20.0
4035,3007,CA1 Trilaminar,CA2 Wide Arbor Basket,i,i,-25.099999999999994
4035,4000,CA1 Trilaminar,CA1 Pyramidal,i,e,-27.799999999999997
4035,4003,CA1 Trilaminar,CA1 Quadrilaminar,i,i,-32.6
4035,4005,CA1 Trilaminar,CA1 LMR,i,i,-53.8
4035,4006,CA1 Trilaminar,CA1 Perforant Path Associated,i,i,-23.900000000000006
4035,4013,CA1 Trilaminar,CA1 Radial Trilaminar,i,i,-40.0
4035,4015,CA1 Trilaminar,CA1 Schaffer Collateral Associated,i,i,-22.9
4035,4023,CA1 Trilaminar,CA1 Back Projection,i,i,-23.5
4035,4028,CA1 Trilaminar,CA1 Radiatum,i,i,-33.6
4035,4033,CA1 Trilaminar,CA1 SO SO,i,i,-35.0
4035,4035,CA1 Trilaminar,CA1 Trilaminar,i,i,-33.0
4035,4036,CA1 Trilaminar,CA1 Axo Axonic,i,i,-26.900000000000006
4035,4038,CA1 Trilaminar,CA1 Horizontal Axo Axonic,i,i,-38.0
4035,4039,CA1 Trilaminar,CA1 Horizontal Basket,i,i,-38.6
4035,4054,CA1 Trilaminar,CA1 Radiatum Giant,i,e,-34.0
4035,4055,CA1 Trilaminar,CA1 Oriens Alveus,i,i,-28.4
4035,4061,CA1 Trilaminar,CA1 R Receiving Apical Targeting,i,i,-38.0
4035,4066,CA1 Trilaminar,CA1 OR LM,i,i,-17.1
4035,4069,CA1 Trilaminar,CA1 O LM,i,i,-42.3
4035,4076,CA1 Trilaminar,CA1 Perforant Path Associated QuadD,i,i,-33.0
4035,4078,CA1 Trilaminar,CA1 Basket,i,i,-32.0
4035,4079,CA1 Trilaminar,CA1 Basket CCK+,i,i,-31.1
4035,4080,CA1 Trilaminar,CA1 Bistratified,i,i,-23.0
4035,4081,CA1 Trilaminar,CA1 Ivy,i,i,-29.1
4035,4083,CA1 Trilaminar,CA1 Oriens Bistratified,i,i,-30.0
4035,4087,CA1 Trilaminar,CA1 O LMR,i,i,-48.3
4035,4089,CA1 Trilaminar,CA1 Recurrent O LM,i,i,-20.0
4035,5005,CA1 Trilaminar,SUB CA1 Projecting Pyramidal,i,e,-21.0
4036,4000,CA1 Axo Axonic,CA1 Pyramidal,i,e,-27.799999999999997
4036,4054,CA1 Axo Axonic,CA1 Radiatum Giant,i,e,-34.0
4038,4000,CA1 Horizontal Axo Axonic,CA1 Pyramidal,i,e,-27.799999999999997
4038,4054,CA1 Horizontal Axo Axonic,CA1 Radiatum Giant,i,e,-34.0
4039,4000,CA1 Horizontal Basket,CA1 Pyramidal,i,e,-27.799999999999997
4039,4013,CA1 Horizontal Basket,CA1 Radial Trilaminar,i,i,-40.0
4039,4036,CA1 Horizontal Basket,CA1 Axo Axonic,i,i,-26.900000000000006
4039,4039,CA1 Horizontal Basket,CA1 Horizontal Basket,i,i,-38.6
4039,4054,CA1 Horizontal Basket,CA1 Radiatum Giant,i,e,-34.0
4039,4066,CA1 Horizontal Basket,CA1 OR LM,i,i,-17.1
4039,4078,CA1 Horizontal Basket,CA1 Basket,i,i,-32.0
4039,4079,CA1 Horizontal Basket,CA1 Basket CCK+,i,i,-31.1
4039,4080,CA1 Horizontal Basket,CA1 Bistratified,i,i,-23.0
4039,4081,CA1 Horizontal Basket,CA1 Ivy,i,i,-29.1
4054,4000,CA1 Radiatum Giant,CA1 Pyramidal,e,e,62.4
4054,4003,CA1 Radiatum Giant,CA1 Quadrilaminar,e,i,58.5
4054,4013,CA1 Radiatum Giant,CA1 Radial Trilaminar,e,i,57.0
4054,4023,CA1 Radiatum Giant,CA1 Back Projection,e,i,62.0
4054,4033,CA1 Radiatum Giant,CA1 SO SO,e,i,59.0
4054,4035,CA1 Radiatum Giant,CA1 Trilaminar,e,i,64.0
4054,4036,CA1 Radiatum Giant,CA1 Axo Axonic,e,i,65.1
4054,4038,CA1 Radiatum Giant,CA1 Horizontal Axo Axonic,e,i,57.0
4054,4039,CA1 Radiatum Giant,CA1 Horizontal Basket,e,i,55.4
4054,4055,CA1 Radiatum Giant,CA1 Oriens Alveus,e,i,51.0
4054,4066,CA1 Radiatum Giant,CA1 OR LM,e,i,68.0
4054,4069,CA1 Radiatum Giant,CA1 O LM,e,i,60.0
4054,4076,CA1 Radiatum Giant,CA1 Perforant Path Associated QuadD,e,i,64.0
4054,4078,CA1 Radiatum Giant,CA1 Basket,e,i,57.0
4054,4079,CA1 Radiatum Giant,CA1 Basket CCK+,e,i,61.4
4054,4080,CA1 Radiatum Giant,CA1 Bistratified,e,i,64.0
4054,4081,CA1 Radiatum Giant,CA1 Ivy,e,i,71.0
4054,4083,CA1 Radiatum Giant,CA1 Oriens Bistratified,e,i,66.0
4054,4087,CA1 Radiatum Giant,CA1 O LMR,e,i,55.7
4054,4089,CA1 Radiatum Giant,CA1 Recurrent O LM,e,i,75.0
4055,3007,CA1 Oriens Alveus,CA2 Wide Arbor Basket,i,i,-25.099999999999994
4055,4000,CA1 Oriens Alveus,CA1 Pyramidal,i,e,-27.799999999999997
4055,4003,CA1 Oriens Alveus,CA1 Quadrilaminar,i,i,-32.6
4055,4013,CA1 Oriens Alveus,CA1 Radial Trilaminar,i,i,-40.0
4055,4023,CA1 Oriens Alveus,CA1 Back Projection,i,i,-23.5
4055,4033,CA1 Oriens Alveus,CA1 SO SO,i,i,-35.0
4055,4035,CA1 Oriens Alveus,CA1 Trilaminar,i,i,-33.0
4055,4036,CA1 Oriens Alveus,CA1 Axo Axonic,i,i,-26.900000000000006
4055,4038,CA1 Oriens Alveus,CA1 Horizontal Axo Axonic,i,i,-38.0
4055,4039,CA1 Oriens Alveus,CA1 Horizontal Basket,i,i,-38.6
4055,4055,CA1 Oriens Alveus,CA1 Oriens Alveus,i,i,-28.4
4055,4066,CA1 Oriens Alveus,CA1 OR LM,i,i,-17.1
4055,4069,CA1 Oriens Alveus,CA1 O LM,i,i,-42.3
4055,4076,CA1 Oriens Alveus,CA1 Perforant Path Associated QuadD,i,i,-33.0
4055,4078,CA1 Oriens Alveus,CA1 Basket,i,i,-32.0
4055,4079,CA1 Oriens Alveus,CA1 Basket CCK+,i,i,-31.1
4055,4080,CA1 Oriens Alveus,CA1 Bistratified,i,i,-23.0
4055,4081,CA1 Oriens Alveus,CA1 Ivy,i,i,-29.1
4055,4083,CA1 Oriens Alveus,CA1 Oriens Bistratified,i,i,-30.0
4055,4087,CA1 Oriens Alveus,CA1 O LMR,i,i,-48.3
4055,4089,CA1 Oriens Alveus,CA1 Recurrent O LM,i,i,-20.0
4061,4000,CA1 R Receiving Apical Targeting,CA1 Pyramidal,i,e,-27.799999999999997
4061,4003,CA1 R Receiving Apical Targeting,CA1 Quadrilaminar,i,i,-32.6
4061,4005,CA1 R Receiving Apical Targeting,CA1 LMR,i,i,-53.8
4061,4006,CA1 R Receiving Apical Targeting,CA1 Perforant Path Associated,i,i,-23.900000000000006
4061,4011,CA1 R Receiving Apical Targeting,CA1 Neurogliaform Projecting,i,i,-51.3
4061,4012,CA1 R Receiving Apical Targeting,CA1 Neurogliaform,i,i,-39.3
4061,4013,CA1 R Receiving Apical Targeting,CA1 Radial Trilaminar,i,i,-40.0
4061,4015,CA1 R Receiving Apical Targeting,CA1 Schaffer Collateral Associated,i,i,-22.9
4061,4028,CA1 R Receiving Apical Targeting,CA1 Radiatum,i,i,-33.6
4061,4036,CA1 R Receiving Apical Targeting,CA1 Axo Axonic,i,i,-26.900000000000006
4061,4054,CA1 R Receiving Apical Targeting,CA1 Radiatum Giant,i,e,-34.0
4061,4055,CA1 R Receiving Apical Targeting,CA1 Oriens Alveus,i,i,-28.4
4061,4061,CA1 R Receiving Apical Targeting,CA1 R Receiving Apical Targeting,i,i,-38.0
4061,4066,CA1 R Receiving Apical Targeting,CA1 OR LM,i,i,-17.1
4061,4076,CA1 R Receiving Apical Targeting,CA1 Perforant Path Associated QuadD,i,i,-33.0
4061,4078,CA1 R Receiving Apical Targeting,CA1 Basket,i,i,-32.0
4061,4079,CA1 R Receiving Apical Targeting,CA1 Basket CCK+,i,i,-31.1
4061,4080,CA1 R Receiving Apical Targeting,CA1 Bistratified,i,i,-23.0
4061,4081,CA1 R Receiving Apical Targeting,CA1 Ivy,i,i,-29.1
4066,4000,CA1 OR LM,CA1 Pyramidal,i,e,-27.799999999999997
4066,4003,CA1 OR LM,CA1 Quadrilaminar,i,i,-32.6
4066,4005,CA1 OR LM,CA1 LMR,i,i,-53.8
4066,4006,CA1 OR LM,CA1 Perforant Path Associated,i,i,-23.900000000000006
4066,4011,CA1 OR LM,CA1 Neurogliaform Projecting,i,i,-51.3
4066,4012,CA1 OR LM,CA1 Neurogliaform,i,i,-39.3
4066,4013,CA1 OR LM,CA1 Radial Trilaminar,i,i,-40.0
4066,4015,CA1 OR LM,CA1 Schaffer Collateral Associated,i,i,-22.9
4066,4036,CA1 OR LM,CA1 Axo Axonic,i,i,-26.900000000000006
4066,4054,CA1 OR LM,CA1 Radiatum Giant,i,e,-34.0
4066,4055,CA1 OR LM,CA1 Oriens Alveus,i,i,-28.4
4066,4076,CA1 OR LM,CA1 Perforant Path Associated QuadD,i,i,-33.0
4066,4078,CA1 OR LM,CA1 Basket,i,i,-32.0
4066,4079,CA1 OR LM,CA1 Basket CCK+,i,i,-31.1
4069,4000,CA1 O LM,CA1 Pyramidal,i,e,-27.799999999999997
4069,4003,CA1 O LM,CA1 Quadrilaminar,i,i,-32.6
4069,4005,CA1 O LM,CA1 LMR,i,i,-53.8
4069,4006,CA1 O LM,CA1 Perforant Path Associated,i,i,-23.900000000000006
4069,4011,CA1 O LM,CA1 Neurogliaform Projecting,i,i,-51.3
4069,4012,CA1 O LM,CA1 Neurogliaform,i,i,-39.3
4069,4013,CA1 O LM,CA1 Radial Trilaminar,i,i,-40.0
4069,4015,CA1 O LM,CA1 Schaffer Collateral Associated,i,i,-22.9
4069,4036,CA1 O LM,CA1 Axo Axonic,i,i,-26.900000000000006
4069,4054,CA1 O LM,CA1 Radiatum Giant,i,e,-34.0
4069,4055,CA1 O LM,CA1 Oriens Alveus,i,i,-28.4
4069,4076,CA1 O LM,CA1 Perforant Path Associated QuadD,i,i,-33.0
4069,4078,CA1 O LM,CA1 Basket,i,i,-32.0
4069,4079,CA1 O LM,CA1 Basket CCK+,i,i,-31.1
4076,4003,CA1 Perforant Path Associated QuadD,CA1 Quadrilaminar,i,i,-32.6
4076,4005,CA1 Perforant Path Associated QuadD,CA1 LMR,i,i,-53.8
4076,4006,CA1 Perforant Path Associated QuadD,CA1 Perforant Path Associated,i,i,-23.900000000000006
4076,4011,CA1 Perforant Path Associated QuadD,CA1 Neurogliaform Projecting,i,i,-51.3
4076,4012,CA1 Perforant Path Associated QuadD,CA1 Neurogliaform,i,i,-39.3
4076,4013,CA1 Perforant Path Associated QuadD,CA1 Radial Trilaminar,i,i,-40.0
4076,4015,CA1 Perforant Path Associated QuadD,CA1 Schaffer Collateral Associated,i,i,-22.9
4076,4036,CA1 Perforant Path Associated QuadD,CA1 Axo Axonic,i,i,-26.900000000000006
4076,4055,CA1 Perforant Path Associated QuadD,CA1 Oriens Alveus,i,i,-28.4
4076,4076,CA1 Perforant Path Associated QuadD,CA1 Perforant Path Associated QuadD,i,i,-33.0
4076,4078,CA1 Perforant Path Associated QuadD,CA1 Basket,i,i,-32.0
4076,4079,CA1 Perforant Path Associated QuadD,CA1 Basket CCK+,i,i,-31.1
4078,4000,CA1 Basket,CA1 Pyramidal,i,e,-27.799999999999997
4078,4013,CA1 Basket,CA1 Radial Trilaminar,i,i,-40.0
4078,4036,CA1 Basket,CA1 Axo Axonic,i,i,-26.900000000000006
4078,4039,CA1 Basket,CA1 Horizontal Basket,i,i,-38.6
4078,4054,CA1 Basket,CA1 Radiatum Giant,i,e,-34.0
4078,4066,CA1 Basket,CA1 OR LM,i,i,-17.1
4078,4078,CA1 Basket,CA1 Basket,i,i,-32.0
4078,4079,CA1 Basket,CA1 Basket CCK+,i,i,-31.1
4078,4080,CA1 Basket,CA1 Bistratified,i,i,-23.0
4078,4081,CA1 Basket,CA1 Ivy,i,i,-29.1
4079,4000,CA1 Basket CCK+,CA1 Pyramidal,i,e,-27.799999999999997
4079,4013,CA1 Basket CCK+,CA1 Radial Trilaminar,i,i,-40.0
4079,4036,CA1 Basket CCK+,CA1 Axo Axonic,i,i,-26.900000000000006
4079,4039,CA1 Basket CCK+,CA1 Horizontal Basket,i,i,-38.6
4079,4054,CA1 Basket CCK+,CA1 Radiatum Giant,i,e,-34.0
4079,4066,CA1 Basket CCK+,CA1 OR LM,i,i,-17.1
4079,4078,CA1 Basket CCK+,CA1 Basket,i,i,-32.0
4079,4079,CA1 Basket CCK+,CA1 Basket CCK+,i,i,-31.1
4079,4080,CA1 Basket CCK+,CA1 Bistratified,i,i,-23.0
4079,4081,CA1 Basket CCK+,CA1 Ivy,i,i,-29.1
4080,3007,CA1 Bistratified,CA2 Wide Arbor Basket,i,i,-25.099999999999994
4080,4000,CA1 Bistratified,CA1 Pyramidal,i,e,-27.799999999999997
4080,4003,CA1 Bistratified,CA1 Quadrilaminar,i,i,-32.6
4080,4005,CA1 Bistratified,CA1 LMR,i,i,-53.8
4080,4006,CA1 Bistratified,CA1 Perforant Path Associated,i,i,-23.900000000000006
4080,4013,CA1 Bistratified,CA1 Radial Trilaminar,i,i,-40.0
4080,4015,CA1 Bistratified,CA1 Schaffer Collateral Associated,i,i,-22.9
4080,4023,CA1 Bistratified,CA1 Back Projection,i,i,-23.5
4080,4028,CA1 Bistratified,CA1 Radiatum,i,i,-33.6
4080,4033,CA1 Bistratified,CA1 SO SO,i,i,-35.0
4080,4035,CA1 Bistratified,CA1 Trilaminar,i,i,-33.0
4080,4036,CA1 Bistratified,CA1 Axo Axonic,i,i,-26.900000000000006
4080,4038,CA1 Bistratified,CA1 Horizontal Axo Axonic,i,i,-38.0
4080,4039,CA1 Bistratified,CA1 Horizontal Basket,i,i,-38.6
4080,4054,CA1 Bistratified,CA1 Radiatum Giant,i,e,-34.0
4080,4055,CA1 Bistratified,CA1 Oriens Alveus,i,i,-28.4
4080,4061,CA1 Bistratified,CA1 R Receiving Apical Targeting,i,i,-38.0
4080,4066,CA1 Bistratified,CA1 OR LM,i,i,-17.1
4080,4069,CA1 Bistratified,CA1 O LM,i,i,-42.3
4080,4076,CA1 Bistratified,CA1 Perforant Path Associated QuadD,i,i,-33.0
4080,4078,CA1 Bistratified,CA1 Basket,i,i,-32.0
4080,4079,CA1 Bistratified,CA1 Basket CCK+,i,i,-31.1
4080,4080,CA1 Bistratified,CA1 Bistratified,i,i,-23.0
4080,4081,CA1 Bistratified,CA1 Ivy,i,i,-29.1
4080,4083,CA1 Bistratified,CA1 Oriens Bistratified,i,i,-30.0
4080,4087,CA1 Bistratified,CA1 O LMR,i,i,-48.3
4080,4089,CA1 Bistratified,CA1 Recurrent O LM,i,i,-20.0
4081,3007,CA1 Ivy,CA2 Wide Arbor Basket,i,i,-25.099999999999994
4081,4000,CA1 Ivy,CA1 Pyramidal,i,e,-27.799999999999997
4081,4003,CA1 Ivy,CA1 Quadrilaminar,i,i,-32.6
4081,4005,CA1 Ivy,CA1 LMR,i,i,-53.8
4081,4006,CA1 Ivy,CA1 Perforant Path Associated,i,i,-23.900000000000006
4081,4013,CA1 Ivy,CA1 Radial Trilaminar,i,i,-40.0
4081,4015,CA1 Ivy,CA1 Schaffer Collateral Associated,i,i,-22.9
4081,4023,CA1 Ivy,CA1 Back Projection,i,i,-23.5
4081,4028,CA1 Ivy,CA1 Radiatum,i,i,-33.6
4081,4033,CA1 Ivy,CA1 SO SO,i,i,-35.0
4081,4035,CA1 Ivy,CA1 Trilaminar,i,i,-33.0
4081,4036,CA1 Ivy,CA1 Axo Axonic,i,i,-26.900000000000006
4081,4038,CA1 Ivy,CA1 Horizontal Axo Axonic,i,i,-38.0
4081,4039,CA1 Ivy,CA1 Horizontal Basket,i,i,-38.6
4081,4054,CA1 Ivy,CA1 Radiatum Giant,i,e,-34.0
4081,4055,CA1 Ivy,CA1 Oriens Alveus,i,i,-28.4
4081,4061,CA1 Ivy,CA1 R Receiving Apical Targeting,i,i,-38.0
4081,4066,CA1 Ivy,CA1 OR LM,i,i,-17.1
4081,4069,CA1 Ivy,CA1 O LM,i,i,-42.3
4081,4076,CA1 Ivy,CA1 Perforant Path Associated QuadD,i,i,-33.0
4081,4078,CA1 Ivy,CA1 Basket,i,i,-32.0
4081,4079,CA1 Ivy,CA1 Basket CCK+,i,i,-31.1
4081,4080,CA1 Ivy,CA1 Bistratified,i,i,-23.0
4081,4081,CA1 Ivy,CA1 Ivy,i,i,-29.1
4081,4083,CA1 Ivy,CA1 Oriens Bistratified,i,i,-30.0
4081,4087,CA1 Ivy,CA1 O LMR,i,i,-48.3
4081,4089,CA1 Ivy,CA1 Recurrent O LM,i,i,-20.0
4083,4000,CA1 Oriens Bistratified,CA1 Pyramidal,i,e,-27.799999999999997
4083,4003,CA1 Oriens Bistratified,CA1 Quadrilaminar,i,i,-32.6
4083,4005,CA1 Oriens Bistratified,CA1 LMR,i,i,-53.8
4083,4006,CA1 Oriens Bistratified,CA1 Perforant Path Associated,i,i,-23.900000000000006
4083,4013,CA1 Oriens Bistratified,CA1 Radial Trilaminar,i,i,-40.0
4083,4015,CA1 Oriens Bistratified,CA1 Schaffer Collateral Associated,i,i,-22.9
4083,4023,CA1 Oriens Bistratified,CA1 Back Projection,i,i,-23.5
4083,4028,CA1 Oriens Bistratified,CA1 Radiatum,i,i,-33.6
4083,4033,CA1 Oriens Bistratified,CA1 SO SO,i,i,-35.0
4083,4035,CA1 Oriens Bistratified,CA1 Trilaminar,i,i,-33.0
4083,4036,CA1 Oriens Bistratified,CA1 Axo Axonic,i,i,-26.900000000000006
4083,4038,CA1 Oriens Bistratified,CA1 Horizontal Axo Axonic,i,i,-38.0
4083,4039,CA1 Oriens Bistratified,CA1 Horizontal Basket,i,i,-38.6
4083,4055,CA1 Oriens Bistratified,CA1 Oriens Alveus,i,i,-28.4
4083,4061,CA1 Oriens Bistratified,CA1 R Receiving Apical Targeting,i,i,-38.0
4083,4066,CA1 Oriens Bistratified,CA1 OR LM,i,i,-17.1
4083,4069,CA1 Oriens Bistratified,CA1 O LM,i,i,-42.3
4083,4076,CA1 Oriens Bistratified,CA1 Perforant Path Associated QuadD,i,i,-33.0
4083,4078,CA1 Oriens Bistratified,CA1 Basket,i,i,-32.0
4083,4079,CA1 Oriens Bistratified,CA1 Basket CCK+,i,i,-31.1
4083,4080,CA1 Oriens Bistratified,CA1 Bistratified,i,i,-23.0
4083,4081,CA1 Oriens Bistratified,CA1 Ivy,i,i,-29.1
4083,4083,CA1 Oriens Bistratified,CA1 Oriens Bistratified,i,i,-30.0
4083,4087,CA1 Oriens Bistratified,CA1 O LMR,i,i,-48.3
4083,4089,CA1 Oriens Bistratified,CA1 Recurrent O LM,i,i,-20.0
4087,4000,CA1 O LMR,CA1 Pyramidal,i,e,-27.799999999999997
4087,4003,CA1 O LMR,CA1 Quadrilaminar,i,i,-32.6
4087,4005,CA1 O LMR,CA1 LMR,i,i,-53.8
4087,4006,CA1 O LMR,CA1 Perforant Path Associated,i,i,-23.900000000000006
4087,4011,CA1 O LMR,CA1 Neurogliaform Projecting,i,i,-51.3
4087,4012,CA1 O LMR,CA1 Neurogliaform,i,i,-39.3
4087,4013,CA1 O LMR,CA1 Radial Trilaminar,i,i,-40.0
4087,4015,CA1 O LMR,CA1 Schaffer Collateral Associated,i,i,-22.9
4087,4028,CA1 O LMR,CA1 Radiatum,i,i,-33.6
4087,4036,CA1 O LMR,CA1 Axo Axonic,i,i,-26.900000000000006
4087,4054,CA1 O LMR,CA1 Radiatum Giant,i,e,-34.0
4087,4055,CA1 O LMR,CA1 Oriens Alveus,i,i,-28.4
4087,4061,CA1 O LMR,CA1 R Receiving Apical Targeting,i,i,-38.0
4087,4066,CA1 O LMR,CA1 OR LM,i,i,-17.1
4087,4076,CA1 O LMR,CA1 Perforant Path Associated QuadD,i,i,-33.0
4087,4078,CA1 O LMR,CA1 Basket,i,i,-32.0
4087,4079,CA1 O LMR,CA1 Basket CCK+,i,i,-31.1
4087,4080,CA1 O LMR,CA1 Bistratified,i,i,-23.0
4087,4081,CA1 O LMR,CA1 Ivy,i,i,-29.1
4089,4000,CA1 Recurrent O LM,CA1 Pyramidal,i,e,-27.799999999999997
4089,4003,CA1 Recurrent O LM,CA1 Quadrilaminar,i,i,-32.6
4089,4005,CA1 Recurrent O LM,CA1 LMR,i,i,-53.8
4089,4006,CA1 Recurrent O LM,CA1 Perforant Path Associated,i,i,-23.900000000000006
4089,4011,CA1 Recurrent O LM,CA1 Neurogliaform Projecting,i,i,-51.3
4089,4012,CA1 Recurrent O LM,CA1 Neurogliaform,i,i,-39.3
4089,4013,CA1 Recurrent O LM,CA1 Radial Trilaminar,i,i,-40.0
4089,4015,CA1 Recurrent O LM,CA1 Schaffer Collateral Associated,i,i,-22.9
4089,4023,CA1 Recurrent O LM,CA1 Back Projection,i,i,-23.5
4089,4033,CA1 Recurrent O LM,CA1 SO SO,i,i,-35.0
4089,4035,CA1 Recurrent O LM,CA1 Trilaminar,i,i,-33.0
4089,4036,CA1 Recurrent O LM,CA1 Axo Axonic,i,i,-26.900000000000006
4089,4038,CA1 Recurrent O LM,CA1 Horizontal Axo Axonic,i,i,-38.0
4089,4039,CA1 Recurrent O LM,CA1 Horizontal Basket,i,i,-38.6
4089,4054,CA1 Recurrent O LM,CA1 Radiatum Giant,i,e,-34.0
4089,4055,CA1 Recurrent O LM,CA1 Oriens Alveus,i,i,-28.4
4089,4066,CA1 Recurrent O LM,CA1 OR LM,i,i,-17.1
4089,4069,CA1 Recurrent O LM,CA1 O LM,i,i,-42.3
4089,4076,CA1 Recurrent O LM,CA1 Perforant Path Associated QuadD,i,i,-33.0
4089,4078,CA1 Recurrent O LM,CA1 Basket,i,i,-32.0
4089,4079,CA1 Recurrent O LM,CA1 Basket CCK+,i,i,-31.1
4089,4080,CA1 Recurrent O LM,CA1 Bistratified,i,i,-23.0
4089,4081,CA1 Recurrent O LM,CA1 Ivy,i,i,-29.1
4089,4083,CA1 Recurrent O LM,CA1 Oriens Bistratified,i,i,-30.0
4089,4087,CA1 Recurrent O LM,CA1 O LMR,i,i,-48.3
4089,4089,CA1 Recurrent O LM,CA1 Recurrent O LM,i,i,-20.0
5005,3007,SUB CA1 Projecting Pyramidal,CA2 Wide Arbor Basket,e,i,74.9
5005,4000,SUB CA1 Projecting Pyramidal,CA1 Pyramidal,e,e,62.4
5005,4003,SUB CA1 Projecting Pyramidal,CA1 Quadrilaminar,e,i,58.5
5005,4005,SUB CA1 Projecting Pyramidal,CA1 LMR,e,i,53.1
5005,4006,SUB CA1 Projecting Pyramidal,CA1 Perforant Path Associated,e,i,55.4
5005,4011,SUB CA1 Projecting Pyramidal,CA1 Neurogliaform Projecting,e,i,63.1
5005,4012,SUB CA1 Projecting Pyramidal,CA1 Neurogliaform,e,i,63.1
5005,4013,SUB CA1 Projecting Pyramidal,CA1 Radial Trilaminar,e,i,57.0
5005,4015,SUB CA1 Projecting Pyramidal,CA1 Schaffer Collateral Associated,e,i,60.6
5005,4023,SUB CA1 Projecting Pyramidal,CA1 Back Projection,e,i,62.0
5005,4028,SUB CA1 Projecting Pyramidal,CA1 Radiatum,e,i,55.8
5005,4036,SUB CA1 Projecting Pyramidal,CA1 Axo Axonic,e,i,65.1
5005,4054,SUB CA1 Projecting Pyramidal,CA1 Radiatum Giant,e,e,66.0
5005,4055,SUB CA1 Projecting Pyramidal,CA1 Oriens Alveus,e,i,51.0
5005,4061,SUB CA1 Projecting Pyramidal,CA1 R Receiving Apical Targeting,e,i,57.0
5005,4066,SUB CA1 Projecting Pyramidal,CA1 OR LM,e,i,68.0
5005,4076,SUB CA1 Projecting Pyramidal,CA1 Perforant Path Associated QuadD,e,i,64.0
5005,4078,SUB CA1 Projecting Pyramidal,CA1 Basket,e,i,57.0
5005,4079,SUB CA1 Projecting Pyramidal,CA1 Basket CCK+,e,i,61.4
5005,4080,SUB CA1 Projecting Pyramidal,CA1 Bistratified,e,i,64.0
5005,4081,SUB CA1 Projecting Pyramidal,CA1 Ivy,e,i,71.0
5005,5005,SUB CA1 Projecting Pyramidal,SUB CA1 Projecting Pyramidal,e,e,60.0
6002,1000,MEC LV Pyramidal,DG Granule,e,e,75.0
6002,1001,MEC LV Pyramidal,DG Semilunar Granule,e,e,78.0
6002,1004,MEC LV Pyramidal,DG Total Molecular Layer,e,i,54.5
6002,1005,MEC LV Pyramidal,DG MOLAX,e,i,54.5
6002,1007,MEC LV Pyramidal,DG Neurogliaform,e,i,75.6
6002,1008,MEC LV Pyramidal,DG MOPP,e,i,75.6
6002,1009,MEC LV Pyramidal,DG HICAP,e,i,60.5
6002,1010,MEC LV Pyramidal,DG Axo Axonic,e,i,65.1
6002,1026,MEC LV Pyramidal,DG HIPROM,e,i,65.0
6002,1027,MEC LV Pyramidal,DG AIPRIM,e,i,64.0
6002,1035,MEC LV Pyramidal,DG Basket,e,i,62.0
6002,1041,MEC LV Pyramidal,DG Hilar Ectopic Granule,e,e,70.0
6002,4011,MEC LV Pyramidal,CA1 Neurogliaform Projecting,e,i,63.1
6002,5005,MEC LV Pyramidal,SUB CA1 Projecting Pyramidal,e,e,60.0
6002,6002,MEC LV Pyramidal,MEC LV Pyramidal,e,e,61.8
6002,6003,MEC LV Pyramidal,MEC LII Stellate,e,e,60.5
6002,6005,MEC LV Pyramidal,EC LI II Pyramidal Fan,e,e,56.5
6002,6006,MEC LV Pyramidal,MEC LIII Complex Pyramidal,e,e,61.0
6002,6008,MEC LV Pyramidal,MEC LII III Pyramidal Multiform,e,e,63.0
6002,6017,MEC LV Pyramidal,EC LIII Pyramidal,e,e,61.0
6002,6018,MEC LV Pyramidal,EC LIII Stellate,e,e,61.0
6002,6019,MEC LV Pyramidal,MEC LII Oblique Pyramidal,e,e,60.5
6002,6021,MEC LV Pyramidal,EC LV Deep Pyramidal,e,e,66.5
6002,6023,MEC LV Pyramidal,MEC LV Superficial Pyramidal,e,e,66.5
6002,6024,MEC LV Pyramidal,MEC LIII Bipolar Complex Pyramidal,e,e,61.0
6002,6033,MEC LV Pyramidal,MEC LV Multipolar Pyramidal,e,e,66.5
6002,6038,MEC LV Pyramidal,MEC LIII Superficial Trilayered Interneuron,e,i,62.0
6002,6040,MEC LV Pyramidal,MEC LIII Superficial Multipolar Interneuron,e,i,64.0
6002,6052,MEC LV Pyramidal,MEC LV VI Pyramidal Polymorphic,e,e,63.0
6002,6082,MEC LV Pyramidal,EC LII III Pyramidal Tripolar,e,e,60.5
6002,6086,MEC LV Pyramidal,EC LIV VI Deep Multipolar Principal,e,e,59.8
6002,6092,MEC LV Pyramidal,EC LIII Pyramidal Stellate,e,e,66.5
6002,6094,MEC LV Pyramidal,EC LI II Multipolar Pyramidal,e,e,63.0
6002,6095,MEC LV Pyramidal,EC LIII V Bipolar Pyramidal,e,e,68.0
6003,1000,MEC LII Stellate,DG Granule,e,e,75.0
6003,1001,MEC LII Stellate,DG Semilunar Granule,e,e,78.0
6003,1004,MEC LII Stellate,DG Total Molecular Layer,e,i,54.5
6003,1005,MEC LII Stellate,DG MOLAX,e,i,54.5
6003,1007,MEC LII Stellate,DG Neurogliaform,e,i,75.6
6003,1008,MEC LII Stellate,DG MOPP,e,i,75.6
6003,1009,MEC LII Stellate,DG HICAP,e,i,60.5
6003,1010,MEC LII Stellate,DG Axo Axonic,e,i,65.1
6003,1027,MEC LII Stellate,DG AIPRIM,e,i,64.0
6003,1035,MEC LII Stellate,DG Basket,e,i,62.0
6003,1041,MEC LII Stellate,DG Hilar Ectopic Granule,e,e,70.0
6003,2000,MEC LII Stellate,CA3 Pyramidal,e,e,60.5
6003,2001,MEC LII Stellate,CA3 Granule,e,e,78.0
6003,2005,MEC LII Stellate,CA3 LMR Targeting,e,i,68.0
6003,2028,MEC LII Stellate,CA3 Axo Axonic,e,i,58.0
6003,2043,MEC LII Stellate,CA3 Basket,e,i,58.0
6003,2044,MEC LII Stellate,CA3 Basket CCK+,e,i,60.0
6003,3000,MEC LII Stellate,CA2 Pyramidal,e,e,75.3
6003,3006,MEC LII Stellate,CA2 Basket,e,i,71.2
6003,3007,MEC LII Stellate,CA2 Wide Arbor Basket,e,i,74.9
6003,4011,MEC LII Stellate,CA1 Neurogliaform Projecting,e,i,63.1
6003,5005,MEC LII Stellate,SUB CA1 Projecting Pyramidal,e,e,60.0
6003,6002,MEC LII Stellate,MEC LV Pyramidal,e,e,61.8
6003,6005,MEC LII Stellate,EC LI II Pyramidal Fan,e,e,56.5
6003,6006,MEC LII Stellate,MEC LIII Complex Pyramidal,e,e,61.0
6003,6008,MEC LII Stellate,MEC LII III Pyramidal Multiform,e,e,63.0
6003,6017,MEC LII Stellate,EC LIII Pyramidal,e,e,61.0
6003,6018,MEC LII Stellate,EC LIII Stellate,e,e,61.0
6003,6019,MEC LII Stellate,MEC LII Oblique Pyramidal,e,e,60.5
6003,6021,MEC LII Stellate,EC LV Deep Pyramidal,e,e,66.5
6003,6023,MEC LII Stellate,MEC LV Superficial Pyramidal,e,e,66.5
6003,6024,MEC LII Stellate,MEC LIII Bipolar Complex Pyramidal,e,e,61.0
6003,6033,MEC LII Stellate,MEC LV Multipolar Pyramidal,e,e,66.5
6003,6038,MEC LII Stellate,MEC LIII Superficial Trilayered Interneuron,e,i,62.0
6003,6040,MEC LII Stellate,MEC LIII Superficial Multipolar Interneuron,e,i,64.0
6003,6052,MEC LII Stellate,MEC LV VI Pyramidal Polymorphic,e,e,63.0
6003,6082,MEC LII Stellate,EC LII III Pyramidal Tripolar,e,e,60.5
6003,6086,MEC LII Stellate,EC LIV VI Deep Multipolar Principal,e,e,59.8
6003,6092,MEC LII Stellate,EC LIII Pyramidal Stellate,e,e,66.5
6003,6094,MEC LII Stellate,EC LI II Multipolar Pyramidal,e,e,63.0
6003,6095,MEC LII Stellate,EC LIII V Bipolar Pyramidal,e,e,68.0
6005,1000,EC LI II Pyramidal Fan,DG Granule,e,e,75.0
6005,1001,EC LI II Pyramidal Fan,DG Semilunar Granule,e,e,78.0
6005,1004,EC LI II Pyramidal Fan,DG Total Molecular Layer,e,i,54.5
6005,1005,EC LI II Pyramidal Fan,DG MOLAX,e,i,54.5
6005,1007,EC LI II Pyramidal Fan,DG Neurogliaform,e,i,75.6
6005,1008,EC LI II Pyramidal Fan,DG MOPP,e,i,75.6
6005,1009,EC LI II Pyramidal Fan,DG HICAP,e,i,60.5
6005,1010,EC LI II Pyramidal Fan,DG Axo Axonic,e,i,65.1
6005,1027,EC LI II Pyramidal Fan,DG AIPRIM,e,i,64.0
6005,1035,EC LI II Pyramidal Fan,DG Basket,e,i,62.0
6005,1041,EC LI II Pyramidal Fan,DG Hilar Ectopic Granule,e,e,70.0
6005,4011,EC LI II Pyramidal Fan,CA1 Neurogliaform Projecting,e,i,63.1
6005,5005,EC LI II Pyramidal Fan,SUB CA1 Projecting Pyramidal,e,e,60.0
6005,6002,EC LI II Pyramidal Fan,MEC LV Pyramidal,e,e,61.8
6005,6003,EC LI II Pyramidal Fan,MEC LII Stellate,e,e,60.5
6005,6005,EC LI II Pyramidal Fan,EC LI II Pyramidal Fan,e,e,56.5
6005,6006,EC LI II Pyramidal Fan,MEC LIII Complex Pyramidal,e,e,61.0
6005,6007,EC LI II Pyramidal Fan,LEC LIII Complex Pyramidal,e,e,66.5
6005,6008,EC LI II Pyramidal Fan,MEC LII III Pyramidal Multiform,e,e,63.0
6005,6017,EC LI II Pyramidal Fan,EC LIII Pyramidal,e,e,61.0
6005,6018,EC LI II Pyramidal Fan,EC LIII Stellate,e,e,61.0
6005,6019,EC LI II Pyramidal Fan,MEC LII Oblique Pyramidal,e,e,60.5
6005,6021,EC LI II Pyramidal Fan,EC LV Deep Pyramidal,e,e,66.5
6005,6023,EC LI II Pyramidal Fan,MEC LV Superficial Pyramidal,e,e,66.5
6005,6024,EC LI II Pyramidal Fan,MEC LIII Bipolar Complex Pyramidal,e,e,61.0
6005,6025,EC LI II Pyramidal Fan,LEC LIII Multipolar Principal,e,e,66.5
6005,6038,EC LI II Pyramidal Fan,MEC LIII Superficial Trilayered Interneuron,e,i,62.0
6005,6040,EC LI II Pyramidal Fan,MEC LIII Superficial Multipolar Interneuron,e,i,64.0
6005,6082,EC LI II Pyramidal Fan,EC LII III Pyramidal Tripolar,e,e,60.5
6005,6092,EC LI II Pyramidal Fan,EC LIII Pyramidal Stellate,e,e,66.5
6005,6094,EC LI II Pyramidal Fan,EC LI II Multipolar Pyramidal,e,e,63.0
6005,6095,EC LI II Pyramidal Fan,EC LIII V Bipolar Pyramidal,e,e,68.0
6006,6002,MEC LIII Complex Pyramidal,MEC LV Pyramidal,e,e,61.8
6006,6003,MEC LIII Complex Pyramidal,MEC LII Stellate,e,e,60.5
6006,6005,MEC LIII Complex Pyramidal,EC LI II Pyramidal Fan,e,e,56.5
6006,6006,MEC LIII Complex Pyramidal,MEC LIII Complex Pyramidal,e,e,61.0
6006,6008,MEC LIII Complex Pyramidal,MEC LII III Pyramidal Multiform,e,e,63.0
6006,6017,MEC LIII Complex Pyramidal,EC LIII Pyramidal,e,e,61.0
6006,6018,MEC LIII Complex Pyramidal,EC LIII Stellate,e,e,61.0
6006,6019,MEC LIII Complex Pyramidal,MEC LII Oblique Pyramidal,e,e,60.5
6006,6021,MEC LIII Complex Pyramidal,EC LV Deep Pyramidal,e,e,66.5
6006,6023,MEC LIII Complex Pyramidal,MEC LV Superficial Pyramidal,e,e,66.5
6006,6024,MEC LIII Complex Pyramidal,MEC LIII Bipolar Complex Pyramidal,e,e,61.0
6006,6033,MEC LIII Complex Pyramidal,MEC LV Multipolar Pyramidal,e,e,66.5
6006,6038,MEC LIII Complex Pyramidal,MEC LIII Superficial Trilayered Interneuron,e,i,62.0
6006,6040,MEC LIII Complex Pyramidal,MEC LIII Superficial Multipolar Interneuron,e,i,64.0
6006,6082,MEC LIII Complex Pyramidal,EC LII III Pyramidal Tripolar,e,e,60.5
6006,6086,MEC LIII Complex Pyramidal,EC LIV VI Deep Multipolar Principal,e,e,59.8
6006,6092,MEC LIII Complex Pyramidal,EC LIII Pyramidal Stellate,e,e,66.5
6006,6094,MEC LIII Complex Pyramidal,EC LI II Multipolar Pyramidal,e,e,63.0
6006,6095,MEC LIII Complex Pyramidal,EC LIII V Bipolar Pyramidal,e,e,68.0
6007,6005,LEC LIII Complex Pyramidal,EC LI II Pyramidal Fan,e,e,56.5
6007,6007,LEC LIII Complex Pyramidal,LEC LIII Complex Pyramidal,e,e,66.5
6007,6017,LEC LIII Complex Pyramidal,EC LIII Pyramidal,e,e,61.0
6007,6018,LEC LIII Complex Pyramidal,EC LIII Stellate,e,e,61.0
6007,6021,LEC LIII Complex Pyramidal,EC LV Deep Pyramidal,e,e,66.5
6007,6025,LEC LIII Complex Pyramidal,LEC LIII Multipolar Principal,e,e,66.5
6007,6078,LEC LIII Complex Pyramidal,LEC LVI Multipolar Pyramidal,e,e,64.0
6007,6082,LEC LIII Complex Pyramidal,EC LII III Pyramidal Tripolar,e,e,60.5
6007,6086,LEC LIII Complex Pyramidal,EC LIV VI Deep Multipolar Principal,e,e,59.8
6007,6092,LEC LIII Complex Pyramidal,EC LIII Pyramidal Stellate,e,e,66.5
6007,6094,LEC LIII Complex Pyramidal,EC LI II Multipolar Pyramidal,e,e,63.0
6007,6095,LEC LIII Complex Pyramidal,EC LIII V Bipolar Pyramidal,e,e,68.0
6008,6002,MEC LII III Pyramidal Multiform,MEC LV Pyramidal,e,e,61.8
6008,6003,MEC LII III Pyramidal Multiform,MEC LII Stellate,e,e,60.5
6008,6005,MEC LII III Pyramidal Multiform,EC LI II Pyramidal Fan,e,e,56.5
6008,6006,MEC LII III Pyramidal Multiform,MEC LIII Complex Pyramidal,e,e,61.0
6008,6008,MEC LII III Pyramidal Multiform,MEC LII III Pyramidal Multiform,e,e,63.0
6008,6017,MEC LII III Pyramidal Multiform,EC LIII Pyramidal,e,e,61.0
6008,6018,MEC LII III Pyramidal Multiform,EC LIII Stellate,e,e,61.0
6008,6019,MEC LII III Pyramidal Multiform,MEC LII Oblique Pyramidal,e,e,60.5
6008,6021,MEC LII III Pyramidal Multiform,EC LV Deep Pyramidal,e,e,66.5
6008,6023,MEC LII III Pyramidal Multiform,MEC LV Superficial Pyramidal,e,e,66.5
6008,6024,MEC LII III Pyramidal Multiform,MEC LIII Bipolar Complex Pyramidal,e,e,61.0
6008,6033,MEC LII III Pyramidal Multiform,MEC LV Multipolar Pyramidal,e,e,66.5
6008,6038,MEC LII III Pyramidal Multiform,MEC LIII Superficial Trilayered Interneuron,e,i,62.0
6008,6040,MEC LII III Pyramidal Multiform,MEC LIII Superficial Multipolar Interneuron,e,i,64.0
6008,6052,MEC LII III Pyramidal Multiform,MEC LV VI Pyramidal Polymorphic,e,e,63.0
6008,6082,MEC LII III Pyramidal Multiform,EC LII III Pyramidal Tripolar,e,e,60.5
6008,6086,MEC LII III Pyramidal Multiform,EC LIV VI Deep Multipolar Principal,e,e,59.8
6008,6092,MEC LII III Pyramidal Multiform,EC LIII Pyramidal Stellate,e,e,66.5
6008,6094,MEC LII III Pyramidal Multiform,EC LI II Multipolar Pyramidal,e,e,63.0
6008,6095,MEC LII III Pyramidal Multiform,EC LIII V Bipolar Pyramidal,e,e,68.0
6017,4000,EC LIII Pyramidal,CA1 Pyramidal,e,e,62.4
6017,4003,EC LIII Pyramidal,CA1 Quadrilaminar,e,i,58.5
6017,4005,EC LIII Pyramidal,CA1 LMR,e,i,53.1
6017,4006,EC LIII Pyramidal,CA1 Perforant Path Associated,e,i,55.4
6017,4011,EC LIII Pyramidal,CA1 Neurogliaform Projecting,e,i,63.1
6017,4012,EC LIII Pyramidal,CA1 Neurogliaform,e,i,63.1
6017,4013,EC LIII Pyramidal,CA1 Radial Trilaminar,e,i,57.0
6017,4015,EC LIII Pyramidal,CA1 Schaffer Collateral Associated,e,i,60.6
6017,4036,EC LIII Pyramidal,CA1 Axo Axonic,e,i,65.1
6017,4054,EC LIII Pyramidal,CA1 Radiatum Giant,e,e,66.0
6017,4055,EC LIII Pyramidal,CA1 Oriens Alveus,e,i,51.0
6017,4076,EC LIII Pyramidal,CA1 Perforant Path Associated QuadD,e,i,64.0
6017,4078,EC LIII Pyramidal,CA1 Basket,e,i,57.0
6017,4079,EC LIII Pyramidal,CA1 Basket CCK+,e,i,61.4
6017,5005,EC LIII Pyramidal,SUB CA1 Projecting Pyramidal,e,e,60.0
6017,6002,EC LIII Pyramidal,MEC LV Pyramidal,e,e,61.8
6017,6006,EC LIII Pyramidal,MEC LIII Complex Pyramidal,e,e,61.0
6017,6007,EC LIII Pyramidal,LEC LIII Complex Pyramidal,e,e,66.5
6017,6008,EC LIII Pyramidal,MEC LII III Pyramidal Multiform,e,e,63.0
6017,6017,EC LIII Pyramidal,EC LIII Pyramidal,e,e,61.0
6017,6018,EC LIII Pyramidal,EC LIII Stellate,e,e,61.0
6017,6021,EC LIII Pyramidal,EC LV Deep Pyramidal,e,e,66.5
6017,6023,EC LIII Pyramidal,MEC LV Superficial Pyramidal,e,e,66.5
6017,6024,EC LIII Pyramidal,MEC LIII Bipolar Complex Pyramidal,e,e,61.0
6017,6025,EC LIII Pyramidal,LEC LIII Multipolar Principal,e,e,66.5
6017,6033,EC LIII Pyramidal,MEC LV Multipolar Pyramidal,e,e,66.5
6017,6038,EC LIII Pyramidal,MEC LIII Superficial Trilayered Interneuron,e,i,62.0
6017,6040,EC LIII Pyramidal,MEC LIII Superficial Multipolar Interneuron,e,i,64.0
6017,6052,EC LIII Pyramidal,MEC LV VI Pyramidal Polymorphic,e,e,63.0
6017,6078,EC LIII Pyramidal,LEC LVI Multipolar Pyramidal,e,e,64.0
6017,6082,EC LIII Pyramidal,EC LII III Pyramidal Tripolar,e,e,60.5
6017,6086,EC LIII Pyramidal,EC LIV VI Deep Multipolar Principal,e,e,59.8
6017,6092,EC LIII Pyramidal,EC LIII Pyramidal Stellate,e,e,66.5
6017,6095,EC LIII Pyramidal,EC LIII V Bipolar Pyramidal,e,e,68.0
6018,6006,EC LIII Stellate,MEC LIII Complex Pyramidal,e,e,61.0
6018,6007,EC LIII Stellate,LEC LIII Complex Pyramidal,e,e,66.5
6018,6008,EC LIII Stellate,MEC LII III Pyramidal Multiform,e,e,63.0
6018,6017,EC LIII Stellate,EC LIII Pyramidal,e,e,61.0
6018,6018,EC LIII Stellate,EC LIII Stellate,e,e,61.0
6018,6023,EC LIII Stellate,MEC LV Superficial Pyramidal,e,e,66.5
6018,6024,EC LIII Stellate,MEC LIII Bipolar Complex Pyramidal,e,e,61.0
6018,6025,EC LIII Stellate,LEC LIII Multipolar Principal,e,e,66.5
6018,6038,EC LIII Stellate,MEC LIII Superficial Trilayered Interneuron,e,i,62.0
6018,6040,EC LIII Stellate,MEC LIII Superficial Multipolar Interneuron,e,i,64.0
6018,6082,EC LIII Stellate,EC LII III Pyramidal Tripolar,e,e,60.5
6018,6092,EC LIII Stellate,EC LIII Pyramidal Stellate,e,e,66.5
6018,6095,EC LIII Stellate,EC LIII V Bipolar Pyramidal,e,e,68.0
6019,6006,MEC LII Oblique Pyramidal,MEC LIII Complex Pyramidal,e,e,61.0
6019,6008,MEC LII Oblique Pyramidal,MEC LII III Pyramidal Multiform,e,e,63.0
6019,6017,MEC LII Oblique Pyramidal,EC LIII Pyramidal,e,e,61.0
6019,6018,MEC LII Oblique Pyramidal,EC LIII Stellate,e,e,61.0
6019,6023,MEC LII Oblique Pyramidal,MEC LV Superficial Pyramidal,e,e,66.5
6019,6024,MEC LII Oblique Pyramidal,MEC LIII Bipolar Complex Pyramidal,e,e,61.0
6019,6033,MEC LII Oblique Pyramidal,MEC LV Multipolar Pyramidal,e,e,66.5
6019,6038,MEC LII Oblique Pyramidal,MEC LIII Superficial Trilayered Interneuron,e,i,62.0
6019,6040,MEC LII Oblique Pyramidal,MEC LIII Superficial Multipolar Interneuron,e,i,64.0
6019,6082,MEC LII Oblique Pyramidal,EC LII III Pyramidal Tripolar,e,e,60.5
6019,6086,MEC LII Oblique Pyramidal,EC LIV VI Deep Multipolar Principal,e,e,59.8
6019,6092,MEC LII Oblique Pyramidal,EC LIII Pyramidal Stellate,e,e,66.5
6019,6095,MEC LII Oblique Pyramidal,EC LIII V Bipolar Pyramidal,e,e,68.0
6021,6002,EC LV Deep Pyramidal,MEC LV Pyramidal,e,e,61.8
6021,6021,EC LV Deep Pyramidal,EC LV Deep Pyramidal,e,e,66.5
6021,6023,EC LV Deep Pyramidal,MEC LV Superficial Pyramidal,e,e,66.5
6021,6025,EC LV Deep Pyramidal,LEC LIII Multipolar Principal,e,e,66.5
6021,6033,EC LV Deep Pyramidal,MEC LV Multipolar Pyramidal,e,e,66.5
6021,6052,EC LV Deep Pyramidal,MEC LV VI Pyramidal Polymorphic,e,e,63.0
6021,6078,EC LV Deep Pyramidal,LEC LVI Multipolar Pyramidal,e,e,64.0
6021,6086,EC LV Deep Pyramidal,EC LIV VI Deep Multipolar Principal,e,e,59.8
6021,6095,EC LV Deep Pyramidal,EC LIII V Bipolar Pyramidal,e,e,68.0
6023,6002,MEC LV Superficial Pyramidal,MEC LV Pyramidal,e,e,61.8
6023,6003,MEC LV Superficial Pyramidal,MEC LII Stellate,e,e,60.5
6023,6005,MEC LV Superficial Pyramidal,EC LI II Pyramidal Fan,e,e,56.5
6023,6006,MEC LV Superficial Pyramidal,MEC LIII Complex Pyramidal,e,e,61.0
6023,6008,MEC LV Superficial Pyramidal,MEC LII III Pyramidal Multiform,e,e,63.0
6023,6017,MEC LV Superficial Pyramidal,EC LIII Pyramidal,e,e,61.0
6023,6018,MEC LV Superficial Pyramidal,EC LIII Stellate,e,e,61.0
6023,6019,MEC LV Superficial Pyramidal,MEC LII Oblique Pyramidal,e,e,60.5
6023,6021,MEC LV Superficial Pyramidal,EC LV Deep Pyramidal,e,e,66.5
6023,6023,MEC LV Superficial Pyramidal,MEC LV Superficial Pyramidal,e,e,66.5
6023,6024,MEC LV Superficial Pyramidal,MEC LIII Bipolar Complex Pyramidal,e,e,61.0
6023,6033,MEC LV Superficial Pyramidal,MEC LV Multipolar Pyramidal,e,e,66.5
6023,6038,MEC LV Superficial Pyramidal,MEC LIII Superficial Trilayered Interneuron,e,i,62.0
6023,6040,MEC LV Superficial Pyramidal,MEC LIII Superficial Multipolar Interneuron,e,i,64.0
6023,6052,MEC LV Superficial Pyramidal,MEC LV VI Pyramidal Polymorphic,e,e,63.0
6023,6082,MEC LV Superficial Pyramidal,EC LII III Pyramidal Tripolar,e,e,60.5
6023,6086,MEC LV Superficial Pyramidal,EC LIV VI Deep Multipolar Principal,e,e,59.8
6023,6092,MEC LV Superficial Pyramidal,EC LIII Pyramidal Stellate,e,e,66.5
6023,6094,MEC LV Superficial Pyramidal,EC LI II Multipolar Pyramidal,e,e,63.0
6023,6095,MEC LV Superficial Pyramidal,EC LIII V Bipolar Pyramidal,e,e,68.0
6024,6002,MEC LIII Bipolar Complex Pyramidal,MEC LV Pyramidal,e,e,61.8
6024,6003,MEC LIII Bipolar Complex Pyramidal,MEC LII Stellate,e,e,60.5
6024,6005,MEC LIII Bipolar Complex Pyramidal,EC LI II Pyramidal Fan,e,e,56.5
6024,6006,MEC LIII Bipolar Complex Pyramidal,MEC LIII Complex Pyramidal,e,e,61.0
6024,6008,MEC LIII Bipolar Complex Pyramidal,MEC LII III Pyramidal Multiform,e,e,63.0
6024,6017,MEC LIII Bipolar Complex Pyramidal,EC LIII Pyramidal,e,e,61.0
6024,6018,MEC LIII Bipolar Complex Pyramidal,EC LIII Stellate,e,e,61.0
6024,6019,MEC LIII Bipolar Complex Pyramidal,MEC LII Oblique Pyramidal,e,e,60.5
6024,6021,MEC LIII Bipolar Complex Pyramidal,EC LV Deep Pyramidal,e,e,66.5
6024,6023,MEC LIII Bipolar Complex Pyramidal,MEC LV Superficial Pyramidal,e,e,66.5
6024,6024,MEC LIII Bipolar Complex Pyramidal,MEC LIII Bipolar Complex Pyramidal,e,e,61.0
6024,6033,MEC LIII Bipolar Complex Pyramidal,MEC LV Multipolar Pyramidal,e,e,66.5
6024,6038,MEC LIII Bipolar Complex Pyramidal,MEC LIII Superficial Trilayered Interneuron,e,i,62.0
6024,6040,MEC LIII Bipolar Complex Pyramidal,MEC LIII Superficial Multipolar Interneuron,e,i,64.0
6024,6082,MEC LIII Bipolar Complex Pyramidal,EC LII III Pyramidal Tripolar,e,e,60.5
6024,6086,MEC LIII Bipolar Complex Pyramidal,EC LIV VI Deep Multipolar Principal,e,e,59.8
6024,6092,MEC LIII Bipolar Complex Pyramidal,EC LIII Pyramidal Stellate,e,e,66.5
6024,6094,MEC LIII Bipolar Complex Pyramidal,EC LI II Multipolar Pyramidal,e,e,63.0
6024,6095,MEC LIII Bipolar Complex Pyramidal,EC LIII V Bipolar Pyramidal,e,e,68.0
6025,6005,LEC LIII Multipolar Principal,EC LI II Pyramidal Fan,e,e,56.5
6025,6007,LEC LIII Multipolar Principal,LEC LIII Complex Pyramidal,e,e,66.5
6025,6017,LEC LIII Multipolar Principal,EC LIII Pyramidal,e,e,61.0
6025,6018,LEC LIII Multipolar Principal,EC LIII Stellate,e,e,61.0
6025,6021,LEC LIII Multipolar Principal,EC LV Deep Pyramidal,e,e,66.5
6025,6025,LEC LIII Multipolar Principal,LEC LIII Multipolar Principal,e,e,66.5
6025,6078,LEC LIII Multipolar Principal,LEC LVI Multipolar Pyramidal,e,e,64.0
6025,6082,LEC LIII Multipolar Principal,EC LII III Pyramidal Tripolar,e,e,60.5
6025,6086,LEC LIII Multipolar Principal,EC LIV VI Deep Multipolar Principal,e,e,59.8
6025,6092,LEC LIII Multipolar Principal,EC LIII Pyramidal Stellate,e,e,66.5
6025,6094,LEC LIII Multipolar Principal,EC LI II Multipolar Pyramidal,e,e,63.0
6025,6095,LEC LIII Multipolar Principal,EC LIII V Bipolar Pyramidal,e,e,68.0
6033,6002,MEC LV Multipolar Pyramidal,MEC LV Pyramidal,e,e,61.8
6033,6006,MEC LV Multipolar Pyramidal,MEC LIII Complex Pyramidal,e,e,61.0
6033,6008,MEC LV Multipolar Pyramidal,MEC LII III Pyramidal Multiform,e,e,63.0
6033,6017,MEC LV Multipolar Pyramidal,EC LIII Pyramidal,e,e,61.0
6033,6018,MEC LV Multipolar Pyramidal,EC LIII Stellate,e,e,61.0
6033,6021,MEC LV Multipolar Pyramidal,EC LV Deep Pyramidal,e,e,66.5
6033,6023,MEC LV Multipolar Pyramidal,MEC LV Superficial Pyramidal,e,e,66.5
6033,6024,MEC LV Multipolar Pyramidal,MEC LIII Bipolar Complex Pyramidal,e,e,61.0
6033,6033,MEC LV Multipolar Pyramidal,MEC LV Multipolar Pyramidal,e,e,66.5
6033,6038,MEC LV Multipolar Pyramidal,MEC LIII Superficial Trilayered Interneuron,e,i,62.0
6033,6040,MEC LV Multipolar Pyramidal,MEC LIII Superficial Multipolar Interneuron,e,i,64.0
6033,6052,MEC LV Multipolar Pyramidal,MEC LV VI Pyramidal Polymorphic,e,e,63.0
6033,6082,MEC LV Multipolar Pyramidal,EC LII III Pyramidal Tripolar,e,e,60.5
6033,6086,MEC LV Multipolar Pyramidal,EC LIV VI Deep Multipolar Principal,e,e,59.8
6033,6092,MEC LV Multipolar Pyramidal,EC LIII Pyramidal Stellate,e,e,66.5
6033,6095,MEC LV Multipolar Pyramidal,EC LIII V Bipolar Pyramidal,e,e,68.0
6038,6002,MEC LIII Superficial Trilayered Interneuron,MEC LV Pyramidal,i,e,-18.200000000000003
6038,6003,MEC LIII Superficial Trilayered Interneuron,MEC LII Stellate,i,e,-17.5
6038,6005,MEC LIII Superficial Trilayered Interneuron,EC LI II Pyramidal Fan,i,e,-31.299999999999997
6038,6006,MEC LIII Superficial Trilayered Interneuron,MEC LIII Complex Pyramidal,i,e,-28.5
6038,6008,MEC LIII Superficial Trilayered Interneuron,MEC LII III Pyramidal Multiform,i,e,-22.6
6038,6017,MEC LIII Superficial Trilayered Interneuron,EC LIII Pyramidal,i,e,-28.5
6038,6018,MEC LIII Superficial Trilayered Interneuron,EC LIII Stellate,i,e,-28.5
6038,6019,MEC LIII Superficial Trilayered Interneuron,MEC LII Oblique Pyramidal,i,e,-17.5
6038,6021,MEC LIII Superficial Trilayered Interneuron,EC LV Deep Pyramidal,i,e,-32.2
6038,6023,MEC LIII Superficial Trilayered Interneuron,MEC LV Superficial Pyramidal,i,e,-32.2
6038,6024,MEC LIII Superficial Trilayered Interneuron,MEC LIII Bipolar Complex Pyramidal,i,e,-26.200000000000003
6038,6038,MEC LIII Superficial Trilayered Interneuron,MEC LIII Superficial Trilayered Interneuron,i,i,-16.0
6038,6040,MEC LIII Superficial Trilayered Interneuron,MEC LIII Superficial Multipolar Interneuron,i,i,-28.0
6038,6082,MEC LIII Superficial Trilayered Interneuron,EC LII III Pyramidal Tripolar,i,e,-17.5
6038,6092,MEC LIII Superficial Trilayered Interneuron,EC LIII Pyramidal Stellate,i,e,-27.1
6038,6094,MEC LIII Superficial Trilayered Interneuron,EC LI II Multipolar Pyramidal,i,e,-22.6
6038,6095,MEC LIII Superficial Trilayered Interneuron,EC LIII V Bipolar Pyramidal,i,e,-22.0
6040,6002,MEC LIII Superficial Multipolar Interneuron,MEC LV Pyramidal,i,e,-18.200000000000003
6040,6003,MEC LIII Superficial Multipolar Interneuron,MEC LII Stellate,i,e,-17.5
6040,6005,MEC LIII Superficial Multipolar Interneuron,EC LI II Pyramidal Fan,i,e,-31.299999999999997
6040,6006,MEC LIII Superficial Multipolar Interneuron,MEC LIII Complex Pyramidal,i,e,-28.5
6040,6008,MEC LIII Superficial Multipolar Interneuron,MEC LII III Pyramidal Multiform,i,e,-22.6
6040,6017,MEC LIII Superficial Multipolar Interneuron,EC LIII Pyramidal,i,e,-28.5
6040,6018,MEC LIII Superficial Multipolar Interneuron,EC LIII Stellate,i,e,-28.5
6040,6019,MEC LIII Superficial Multipolar Interneuron,MEC LII Oblique Pyramidal,i,e,-17.5
6040,6021,MEC LIII Superficial Multipolar Interneuron,EC LV Deep Pyramidal,i,e,-32.2
6040,6023,MEC LIII Superficial Multipolar Interneuron,MEC LV Superficial Pyramidal,i,e,-32.2
6040,6024,MEC LIII Superficial Multipolar Interneuron,MEC LIII Bipolar Complex Pyramidal,i,e,-26.200000000000003
6040,6038,MEC LIII Superficial Multipolar Interneuron,MEC LIII Superficial Trilayered Interneuron,i,i,-16.0
6040,6040,MEC LIII Superficial Multipolar Interneuron,MEC LIII Superficial Multipolar Interneuron,i,i,-28.0
6040,6082,MEC LIII Superficial Multipolar Interneuron,EC LII III Pyramidal Tripolar,i,e,-17.5
6040,6092,MEC LIII Superficial Multipolar Interneuron,EC LIII Pyramidal Stellate,i,e,-27.1
6040,6094,MEC LIII Superficial Multipolar Interneuron,EC LI II Multipolar Pyramidal,i,e,-22.6
6040,6095,MEC LIII Superficial Multipolar Interneuron,EC LIII V Bipolar Pyramidal,i,e,-22.0
6052,6021,MEC LV VI Pyramidal Polymorphic,EC LV Deep Pyramidal,e,e,66.5
6052,6052,MEC LV VI Pyramidal Polymorphic,MEC LV VI Pyramidal Polymorphic,e,e,63.0
6052,6086,MEC LV VI Pyramidal Polymorphic,EC LIV VI Deep Multipolar Principal,e,e,59.8
6078,6007,LEC LVI Multipolar Pyramidal,LEC LIII Complex Pyramidal,e,e,66.5
6078,6017,LEC LVI Multipolar Pyramidal,EC LIII Pyramidal,e,e,61.0
6078,6018,LEC LVI Multipolar Pyramidal,EC LIII Stellate,e,e,61.0
6078,6021,LEC LVI Multipolar Pyramidal,EC LV Deep Pyramidal,e,e,66.5
6078,6025,LEC LVI Multipolar Pyramidal,LEC LIII Multipolar Principal,e,e,66.5
6078,6078,LEC LVI Multipolar Pyramidal,LEC LVI Multipolar Pyramidal,e,e,64.0
6078,6082,LEC LVI Multipolar Pyramidal,EC LII III Pyramidal Tripolar,e,e,60.5
6078,6086,LEC LVI Multipolar Pyramidal,EC LIV VI Deep Multipolar Principal,e,e,59.8
6078,6092,LEC LVI Multipolar Pyramidal,EC LIII Pyramidal Stellate,e,e,66.5
6078,6095,LEC LVI Multipolar Pyramidal,EC LIII V Bipolar Pyramidal,e,e,68.0
6082,1000,EC LII III Pyramidal Tripolar,DG Granule,e,e,75.0
6082,1001,EC LII III Pyramidal Tripolar,DG Semilunar Granule,e,e,78.0
6082,1004,EC LII III Pyramidal Tripolar,DG Total Molecular Layer,e,i,54.5
6082,1005,EC LII III Pyramidal Tripolar,DG MOLAX,e,i,54.5
6082,1007,EC LII III Pyramidal Tripolar,DG Neurogliaform,e,i,75.6
6082,1008,EC LII III Pyramidal Tripolar,DG MOPP,e,i,75.6
6082,1009,EC LII III Pyramidal Tripolar,DG HICAP,e,i,60.5
6082,1010,EC LII III Pyramidal Tripolar,DG Axo Axonic,e,i,65.1
6082,1027,EC LII III Pyramidal Tripolar,DG AIPRIM,e,i,64.0
6082,1035,EC LII III Pyramidal Tripolar,DG Basket,e,i,62.0
6082,1041,EC LII III Pyramidal Tripolar,DG Hilar Ectopic Granule,e,e,70.0
6082,4011,EC LII III Pyramidal Tripolar,CA1 Neurogliaform Projecting,e,i,63.1
6082,5005,EC LII III Pyramidal Tripolar,SUB CA1 Projecting Pyramidal,e,e,60.0
6082,6002,EC LII III Pyramidal Tripolar,MEC LV Pyramidal,e,e,61.8
6082,6003,EC LII III Pyramidal Tripolar,MEC LII Stellate,e,e,60.5
6082,6005,EC LII III Pyramidal Tripolar,EC LI II Pyramidal Fan,e,e,56.5
6082,6006,EC LII III Pyramidal Tripolar,MEC LIII Complex Pyramidal,e,e,61.0
6082,6007,EC LII III Pyramidal Tripolar,LEC LIII Complex Pyramidal,e,e,66.5
6082,6008,EC LII III Pyramidal Tripolar,MEC LII III Pyramidal Multiform,e,e,63.0
6082,6017,EC LII III Pyramidal Tripolar,EC LIII Pyramidal,e,e,61.0
6082,6018,EC LII III Pyramidal Tripolar,EC LIII Stellate,e,e,61.0
6082,6019,EC LII III Pyramidal Tripolar,MEC LII Oblique Pyramidal,e,e,60.5
6082,6021,EC LII III Pyramidal Tripolar,EC LV Deep Pyramidal,e,e,66.5
6082,6023,EC LII III Pyramidal Tripolar,MEC LV Superficial Pyramidal,e,e,66.5
6082,6024,EC LII III Pyramidal Tripolar,MEC LIII Bipolar Complex Pyramidal,e,e,61.0
6082,6025,EC LII III Pyramidal Tripolar,LEC LIII Multipolar Principal,e,e,66.5
6082,6038,EC LII III Pyramidal Tripolar,MEC LIII Superficial Trilayered Interneuron,e,i,62.0
6082,6040,EC LII III Pyramidal Tripolar,MEC LIII Superficial Multipolar Interneuron,e,i,64.0
6082,6082,EC LII III Pyramidal Tripolar,EC LII III Pyramidal Tripolar,e,e,60.5
6082,6092,EC LII III Pyramidal Tripolar,EC LIII Pyramidal Stellate,e,e,66.5
6082,6094,EC LII III Pyramidal Tripolar,EC LI II Multipolar Pyramidal,e,e,63.0
6082,6095,EC LII III Pyramidal Tripolar,EC LIII V Bipolar Pyramidal,e,e,68.0
6086,5005,EC LIV VI Deep Multipolar Principal,SUB CA1 Projecting Pyramidal,e,e,60.0
6086,6002,EC LIV VI Deep Multipolar Principal,MEC LV Pyramidal,e,e,61.8
6086,6006,EC LIV VI Deep Multipolar Principal,MEC LIII Complex Pyramidal,e,e,61.0
6086,6007,EC LIV VI Deep Multipolar Principal,LEC LIII Complex Pyramidal,e,e,66.5
6086,6021,EC LIV VI Deep Multipolar Principal,EC LV Deep Pyramidal,e,e,66.5
6086,6023,EC LIV VI Deep Multipolar Principal,MEC LV Superficial Pyramidal,e,e,66.5
6086,6025,EC LIV VI Deep Multipolar Principal,LEC LIII Multipolar Principal,e,e,66.5
6086,6033,EC LIV VI Deep Multipolar Principal,MEC LV Multipolar Pyramidal,e,e,66.5
6086,6052,EC LIV VI Deep Multipolar Principal,MEC LV VI Pyramidal Polymorphic,e,e,63.0
6086,6078,EC LIV VI Deep Multipolar Principal,LEC LVI Multipolar Pyramidal,e,e,64.0
6086,6086,EC LIV VI Deep Multipolar Principal,EC LIV VI Deep Multipolar Principal,e,e,59.8
6086,6092,EC LIV VI Deep Multipolar Principal,EC LIII Pyramidal Stellate,e,e,66.5
6086,6095,EC LIV VI Deep Multipolar Principal,EC LIII V Bipolar Pyramidal,e,e,68.0
6092,4000,EC LIII Pyramidal Stellate,CA1 Pyramidal,e,e,62.4
6092,4003,EC LIII Pyramidal Stellate,CA1 Quadrilaminar,e,i,58.5
6092,4005,EC LIII Pyramidal Stellate,CA1 LMR,e,i,53.1
6092,4006,EC LIII Pyramidal Stellate,CA1 Perforant Path Associated,e,i,55.4
6092,4011,EC LIII Pyramidal Stellate,CA1 Neurogliaform Projecting,e,i,63.1
6092,4012,EC LIII Pyramidal Stellate,CA1 Neurogliaform,e,i,63.1
6092,4013,EC LIII Pyramidal Stellate,CA1 Radial Trilaminar,e,i,57.0
6092,4015,EC LIII Pyramidal Stellate,CA1 Schaffer Collateral Associated,e,i,60.6
6092,4036,EC LIII Pyramidal Stellate,CA1 Axo Axonic,e,i,65.1
6092,4054,EC LIII Pyramidal Stellate,CA1 Radiatum Giant,e,e,66.0
6092,4055,EC LIII Pyramidal Stellate,CA1 Oriens Alveus,e,i,51.0
6092,4076,EC LIII Pyramidal Stellate,CA1 Perforant Path Associated QuadD,e,i,64.0
6092,4078,EC LIII Pyramidal Stellate,CA1 Basket,e,i,57.0
6092,4079,EC LIII Pyramidal Stellate,CA1 Basket CCK+,e,i,61.4
6092,5005,EC LIII Pyramidal Stellate,SUB CA1 Projecting Pyramidal,e,e,60.0
6092,6006,EC LIII Pyramidal Stellate,MEC LIII Complex Pyramidal,e,e,61.0
6092,6007,EC LIII Pyramidal Stellate,LEC LIII Complex Pyramidal,e,e,66.5
6092,6008,EC LIII Pyramidal Stellate,MEC LII III Pyramidal Multiform,e,e,63.0
6092,6017,EC LIII Pyramidal Stellate,EC LIII Pyramidal,e,e,61.0
6092,6018,EC LIII Pyramidal Stellate,EC LIII Stellate,e,e,61.0
6092,6023,EC LIII Pyramidal Stellate,MEC LV Superficial Pyramidal,e,e,66.5
6092,6024,EC LIII Pyramidal Stellate,MEC LIII Bipolar Complex Pyramidal,e,e,61.0
6092,6025,EC LIII Pyramidal Stellate,LEC LIII Multipolar Principal,e,e,66.5
6092,6038,EC LIII Pyramidal Stellate,MEC LIII Superficial Trilayered Interneuron,e,i,62.0
6092,6040,EC LIII Pyramidal Stellate,MEC LIII Superficial Multipolar Interneuron,e,i,64.0
6092,6082,EC LIII Pyramidal Stellate,EC LII III Pyramidal Tripolar,e,e,60.5
6092,6092,EC LIII Pyramidal Stellate,EC LIII Pyramidal Stellate,e,e,66.5
6092,6095,EC LIII Pyramidal Stellate,EC LIII V Bipolar Pyramidal,e,e,68.0
6094,6002,EC LI II Multipolar Pyramidal,MEC LV Pyramidal,e,e,61.8
6094,6003,EC LI II Multipolar Pyramidal,MEC LII Stellate,e,e,60.5
6094,6005,EC LI II Multipolar Pyramidal,EC LI II Pyramidal Fan,e,e,56.5
6094,6006,EC LI II Multipolar Pyramidal,MEC LIII Complex Pyramidal,e,e,61.0
6094,6007,EC LI II Multipolar Pyramidal,LEC LIII Complex Pyramidal,e,e,66.5
6094,6008,EC LI II Multipolar Pyramidal,MEC LII III Pyramidal Multiform,e,e,63.0
6094,6017,EC LI II Multipolar Pyramidal,EC LIII Pyramidal,e,e,61.0
6094,6018,EC LI II Multipolar Pyramidal,EC LIII Stellate,e,e,61.0
6094,6019,EC LI II Multipolar Pyramidal,MEC LII Oblique Pyramidal,e,e,60.5
6094,6021,EC LI II Multipolar Pyramidal,EC LV Deep Pyramidal,e,e,66.5
6094,6023,EC LI II Multipolar Pyramidal,MEC LV Superficial Pyramidal,e,e,66.5
6094,6024,EC LI II Multipolar Pyramidal,MEC LIII Bipolar Complex Pyramidal,e,e,61.0
6094,6025,EC LI II Multipolar Pyramidal,LEC LIII Multipolar Principal,e,e,66.5
6094,6038,EC LI II Multipolar Pyramidal,MEC LIII Superficial Trilayered Interneuron,e,i,62.0
6094,6040,EC LI II Multipolar Pyramidal,MEC LIII Superficial Multipolar Interneuron,e,i,64.0
6094,6082,EC LI II Multipolar Pyramidal,EC LII III Pyramidal Tripolar,e,e,60.5
6094,6092,EC LI II Multipolar Pyramidal,EC LIII Pyramidal Stellate,e,e,66.5
6094,6094,EC LI II Multipolar Pyramidal,EC LI II Multipolar Pyramidal,e,e,63.0
6094,6095,EC LI II Multipolar Pyramidal,EC LIII V Bipolar Pyramidal,e,e,68.0
6095,6002,EC LIII V Bipolar Pyramidal,MEC LV Pyramidal,e,e,61.8
6095,6006,EC LIII V Bipolar Pyramidal,MEC LIII Complex Pyramidal,e,e,61.0
6095,6007,EC LIII V Bipolar Pyramidal,LEC LIII Complex Pyramidal,e,e,66.5
6095,6008,EC LIII V Bipolar Pyramidal,MEC LII III Pyramidal Multiform,e,e,63.0
6095,6017,EC LIII V Bipolar Pyramidal,EC LIII Pyramidal,e,e,61.0
6095,6018,EC LIII V Bipolar Pyramidal,EC LIII Stellate,e,e,61.0
6095,6021,EC LIII V Bipolar Pyramidal,EC LV Deep Pyramidal,e,e,66.5
6095,6023,EC LIII V Bipolar Pyramidal,MEC LV Superficial Pyramidal,e,e,66.5
6095,6024,EC LIII V Bipolar Pyramidal,MEC LIII Bipolar Complex Pyramidal,e,e,61.0
6095,6025,EC LIII V Bipolar Pyramidal,LEC LIII Multipolar Principal,e,e,66.5
6095,6033,EC LIII V Bipolar Pyramidal,MEC LV Multipolar Pyramidal,e,e,66.5
6095,6038,EC LIII V Bipolar Pyramidal,MEC LIII Superficial Trilayered Interneuron,e,i,62.0
6095,6040,EC LIII V Bipolar Pyramidal,MEC LIII Superficial Multipolar Interneuron,e,i,64.0
6095,6052,EC LIII V Bipolar Pyramidal,MEC LV VI Pyramidal Polymorphic,e,e,63.0
6095,6078,EC LIII V Bipolar Pyramidal,LEC LVI Multipolar Pyramidal,e,e,64.0
6095,6082,EC LIII V Bipolar Pyramidal,EC LII III Pyramidal Tripolar,e,e,60.5
6095,6086,EC LIII V Bipolar Pyramidal,EC LIV VI Deep Multipolar Principal,e,e,59.8
6095,6092,EC LIII V Bipolar Pyramidal,EC LIII Pyramidal Stellate,e,e,66.5
6095,6095,EC LIII V Bipolar Pyramidal,EC LIII V Bipolar Pyramidal,e,e,68.0
