pre_neuron_id,post_neuron_id,pre_neuron,post_neuron,pre_ei,post_ei,w_ij
1000,1002,DG Granule,DG Mossy,e,e,1548576.2061576212
1000,1004,DG Granule,DG Total Molecular Layer,e,i,601011.3620444787
1000,1005,DG Granule,DG MOLAX,e,i,627179.024910298
1000,1009,DG Granule,DG HICAP,e,i,418316.0675269433
1000,1010,DG Granule,DG Axo Axonic,e,i,708529.9461439403
1000,1013,DG Granule,DG HIPP,e,i,895441.2950256229
1000,1026,DG Granule,DG HIPROM,e,i,1008478.4073152255
1000,1027,DG Granule,DG AIPRIM,e,i,896639.1990388761
1000,1035,DG Granule,DG Basket,e,i,381384.7396357308
1000,1041,DG Granule,DG Hilar Ectopic Granule,e,e,989157.7112523052
1000,2000,DG Granule,CA3 Pyramidal,e,e,19094.65915724406
1000,2004,DG Granule,CA3c Pyramidal,e,e,105286.88541901702
1000,2005,DG Granule,CA3 LMR Targeting,e,i,31784.513863372915
1000,2013,DG Granule,CA3 Lucidum ORAX,e,i,30282.85444549081
1000,2019,DG Granule,CA3 Spiny Lucidum,e,i,53212.60849785681
1000,2028,DG Granule,CA3 Axo Axonic,e,i,84424.96800175622
1000,2035,DG Granule,CA3 Mossy Fiber Associated ORDEN,e,i,57172.640039631064
1000,2036,DG Granule,CA3 Mossy Fiber Associated,e,i,154426.1818540976
1000,2043,DG Granule,CA3 Basket,e,i,72274.03331240187
1000,2044,DG Granule,CA3 Basket CCK+,e,i,17751.839032304833
1000,3000,DG Granule,CA2 Pyramidal,e,e,228776.9384270294
1000,3003,DG Granule,CA2 Bistratified,e,i,234548.93684897735
1000,3006,DG Granule,CA2 Basket,e,i,520440.6141559855
1000,3007,DG Granule,CA2 Wide Arbor Basket,e,i,228861.13048572556
1001,1000,DG Semilunar Granule,DG Granule,e,e,10939.477860675
1001,1001,DG Semilunar Granule,DG Semilunar Granule,e,e,10125.8588480868
1001,1002,DG Semilunar Granule,DG Mossy,e,e,177762.26892369404
1001,1004,DG Semilunar Granule,DG Total Molecular Layer,e,i,68942.98489200667
1001,1005,DG Semilunar Granule,DG MOLAX,e,i,118054.76483116006
1001,1009,DG Semilunar Granule,DG HICAP,e,i,98020.43648096238
1001,1010,DG Semilunar Granule,DG Axo Axonic,e,i,128067.62295686032
1001,1013,DG Semilunar Granule,DG HIPP,e,i,100437.40385577992
1001,1026,DG Semilunar Granule,DG HIPROM,e,i,245668.80320107125
1001,1027,DG Semilunar Granule,DG AIPRIM,e,i,175502.85009078524
1001,1035,DG Semilunar Granule,DG Basket,e,i,90708.45105852399
1001,1041,DG Semilunar Granule,DG Hilar Ectopic Granule,e,e,180734.24338692802
1001,2000,DG Semilunar Granule,CA3 Pyramidal,e,e,5221.038911896258
1001,2004,DG Semilunar Granule,CA3c Pyramidal,e,e,11545.91769716424
1001,2005,DG Semilunar Granule,CA3 LMR Targeting,e,i,3374.7560060192
1001,2013,DG Semilunar Granule,CA3 Lucidum ORAX,e,i,11783.986569101344
1001,2019,DG Semilunar Granule,CA3 Spiny Lucidum,e,i,12892.184705267493
1001,2028,DG Semilunar Granule,CA3 Axo Axonic,e,i,10268.8263070212
1001,2035,DG Semilunar Granule,CA3 Mossy Fiber Associated ORDEN,e,i,5552.233677577349
1001,2036,DG Semilunar Granule,CA3 Mossy Fiber Associated,e,i,5612.704099907561
1001,2043,DG Semilunar Granule,CA3 Basket,e,i,6934.086015248449
1001,2044,DG Semilunar Granule,CA3 Basket CCK+,e,i,1994.5523857895998
1002,1000,DG Mossy,DG Granule,e,e,21695.054873577752
1002,1001,DG Mossy,DG Semilunar Granule,e,e,12630.59148671424
1002,1002,DG Mossy,DG Mossy,e,e,60388.298414928
1002,1004,DG Mossy,DG Total Molecular Layer,e,i,48730.418053606576
1002,1005,DG Mossy,DG MOLAX,e,i,54425.65314522149
1002,1009,DG Mossy,DG HICAP,e,i,37769.105436227546
1002,1010,DG Mossy,DG Axo Axonic,e,i,65354.973760062
1002,1013,DG Mossy,DG HIPP,e,i,38774.4143439042
1002,1026,DG Mossy,DG HIPROM,e,i,82589.59285223401
1002,1027,DG Mossy,DG AIPRIM,e,i,63309.34563408001
1002,1035,DG Mossy,DG Basket,e,i,44703.7167300156
1002,1041,DG Mossy,DG Hilar Ectopic Granule,e,e,83487.7625175405
1004,1000,DG Total Molecular Layer,DG Granule,i,e,-4088.470679875126
1004,1001,DG Total Molecular Layer,DG Semilunar Granule,i,e,-3909.8704448121252
1004,1002,DG Total Molecular Layer,DG Mossy,i,e,-5027.841134178721
1004,1004,DG Total Molecular Layer,DG Total Molecular Layer,i,i,-4903.586444535626
1004,1005,DG Total Molecular Layer,DG MOLAX,i,i,-7452.5186146612505
1004,1007,DG Total Molecular Layer,DG Neurogliaform,i,i,-1405.9007232900003
1004,1008,DG Total Molecular Layer,DG MOPP,i,i,-1769.66012552
1004,1009,DG Total Molecular Layer,DG HICAP,i,i,-4280.481320425538
1004,1010,DG Total Molecular Layer,DG Axo Axonic,i,i,-3496.8655103965066
1004,1013,DG Total Molecular Layer,DG HIPP,i,i,-2067.3334440989997
1004,1026,DG Total Molecular Layer,DG HIPROM,i,i,-6450.741499644001
1004,1027,DG Total Molecular Layer,DG AIPRIM,i,i,-4666.19683674375
1004,1035,DG Total Molecular Layer,DG Basket,i,i,-3556.4824762152066
1004,1041,DG Total Molecular Layer,DG Hilar Ectopic Granule,i,e,-8514.869900625
1004,4011,DG Total Molecular Layer,CA1 Neurogliaform Projecting,i,i,-2118.724266658365
1005,1000,DG MOLAX,DG Granule,i,e,-3449.792252552701
1005,1001,DG MOLAX,DG Semilunar Granule,i,e,-3165.3755039969014
1005,1004,DG MOLAX,DG Total Molecular Layer,i,i,-1995.5460354155348
1005,1005,DG MOLAX,DG MOLAX,i,i,-2898.418977834144
1005,1007,DG MOLAX,DG Neurogliaform,i,i,-1340.9534767075204
1005,1008,DG MOLAX,DG MOPP,i,i,-1795.9360443570004
1005,1009,DG MOLAX,DG HICAP,i,i,-2198.1558503677497
1005,1010,DG MOLAX,DG Axo Axonic,i,i,-2035.0466104196598
1005,1026,DG MOLAX,DG HIPROM,i,i,-1657.5868676203204
1005,1027,DG MOLAX,DG AIPRIM,i,i,-1899.0558770040002
1005,1035,DG MOLAX,DG Basket,i,i,-2118.6820999485644
1005,1041,DG MOLAX,DG Hilar Ectopic Granule,i,e,-3355.3768550094
1005,4011,DG MOLAX,CA1 Neurogliaform Projecting,i,i,-1904.106605960637
1007,1000,DG Neurogliaform,DG Granule,i,e,-48.70676802368521
1007,1001,DG Neurogliaform,DG Semilunar Granule,i,e,-52.294380089591996
1007,1004,DG Neurogliaform,DG Total Molecular Layer,i,i,-15.685178136465602
1007,1005,DG Neurogliaform,DG MOLAX,i,i,-42.370045961546886
1007,1007,DG Neurogliaform,DG Neurogliaform,i,i,-6.547511973475201
1007,1008,DG Neurogliaform,DG MOPP,i,i,-12.598702910112003
1007,1009,DG Neurogliaform,DG HICAP,i,i,-18.19643688513252
1007,1010,DG Neurogliaform,DG Axo Axonic,i,i,-39.49972998325202
1007,1027,DG Neurogliaform,DG AIPRIM,i,i,-16.4847001493328
1007,1035,DG Neurogliaform,DG Basket,i,i,-19.15346085054624
1007,1041,DG Neurogliaform,DG Hilar Ectopic Granule,i,e,-55.48440426480001
1007,4011,DG Neurogliaform,CA1 Neurogliaform Projecting,i,i,-32.1361704991404
1007,5005,DG Neurogliaform,SUB CA1 Projecting Pyramidal,i,e,-285.546931192908
1008,1000,DG MOPP,DG Granule,i,e,-141.22529697224
1008,1001,DG MOPP,DG Semilunar Granule,i,e,-130.09502718
1008,1004,DG MOPP,DG Total Molecular Layer,i,i,-90.384323968575
1008,1005,DG MOPP,DG MOLAX,i,i,-119.167081191215
1008,1007,DG MOPP,DG Neurogliaform,i,i,-119.88691528800003
1008,1008,DG MOPP,DG MOPP,i,i,-140.097609072
1008,1009,DG MOPP,DG HICAP,i,i,-81.33840568853999
1008,1010,DG MOPP,DG Axo Axonic,i,i,-87.67444964396104
1008,1027,DG MOPP,DG AIPRIM,i,i,-76.56289324101002
1008,1035,DG MOPP,DG Basket,i,i,-89.79318890380797
1008,1041,DG MOPP,DG Hilar Ectopic Granule,i,e,-132.66519157125
1008,4011,DG MOPP,CA1 Neurogliaform Projecting,i,i,-184.73964355255498
1009,1000,DG HICAP,DG Granule,i,e,-125.96014447200001
1009,1001,DG HICAP,DG Semilunar Granule,i,e,-103.01006218744799
1009,1004,DG HICAP,DG Total Molecular Layer,i,i,-86.2667051610375
1009,1005,DG HICAP,DG MOLAX,i,i,-157.5078306872915
1009,1009,DG HICAP,DG HICAP,i,i,-69.4683689082201
1009,1010,DG HICAP,DG Axo Axonic,i,i,-67.32888292304713
1009,1026,DG HICAP,DG HIPROM,i,i,-198.4055371170163
1009,1027,DG HICAP,DG AIPRIM,i,i,-70.6828635016812
1009,1035,DG HICAP,DG Basket,i,i,-74.92934951603009
1009,1041,DG HICAP,DG Hilar Ectopic Granule,i,e,-122.781875814864
1010,1000,DG Axo Axonic,DG Granule,i,e,-290.3527656912882
1010,1002,DG Axo Axonic,DG Mossy,i,e,-307.6364004443646
1010,1041,DG Axo Axonic,DG Hilar Ectopic Granule,i,e,-279.33669893877413
1013,1000,DG HIPP,DG Granule,i,e,-4519.965682348033
1013,1001,DG HIPP,DG Semilunar Granule,i,e,-4421.7588128857915
1013,1004,DG HIPP,DG Total Molecular Layer,i,i,-2415.9540026948066
1013,1005,DG HIPP,DG MOLAX,i,i,-3142.6274015190106
1013,1007,DG HIPP,DG Neurogliaform,i,i,-3892.431415672801
1013,1008,DG HIPP,DG MOPP,i,i,-5264.097257229121
1013,1009,DG HIPP,DG HICAP,i,i,-2581.4899657562396
1013,1010,DG HIPP,DG Axo Axonic,i,i,-3199.135215302203
1013,1027,DG HIPP,DG AIPRIM,i,i,-2244.4833874161595
1013,1035,DG HIPP,DG Basket,i,i,-3295.452961004138
1013,1041,DG HIPP,DG Hilar Ectopic Granule,i,e,-4067.7105389628005
1013,4011,DG HIPP,CA1 Neurogliaform Projecting,i,i,-5463.381349298198
1026,1000,DG HIPROM,DG Granule,i,e,-7.1978899792696005
1026,1001,DG HIPROM,DG Semilunar Granule,i,e,-7.083911847743999
1026,1002,DG HIPROM,DG Mossy,i,e,-10.8700582906608
1026,1004,DG HIPROM,DG Total Molecular Layer,i,i,-12.994857704267998
1026,1005,DG HIPROM,DG MOLAX,i,i,-16.76995865136
1026,1007,DG HIPROM,DG Neurogliaform,i,i,-2.5642720667200005
1026,1008,DG HIPROM,DG MOPP,i,i,-3.530191984000001
1026,1009,DG HIPROM,DG HICAP,i,i,-14.561764116480001
1026,1010,DG HIPROM,DG Axo Axonic,i,i,-12.128599230400003
1026,1013,DG HIPROM,DG HIPP,i,i,-5.363385439104
1026,1026,DG HIPROM,DG HIPROM,i,i,-24.633322354368
1026,1027,DG HIPROM,DG AIPRIM,i,i,-16.4379653856
1026,1035,DG HIPROM,DG Basket,i,i,-13.702803714431997
1026,1041,DG HIPROM,DG Hilar Ectopic Granule,i,e,-17.330626404
1026,2000,DG HIPROM,CA3 Pyramidal,i,e,-8.449511820749997
1026,2001,DG HIPROM,CA3 Granule,i,e,-0.18209423899259997
1026,2004,DG HIPROM,CA3c Pyramidal,i,e,-7.819844383472001
1026,2005,DG HIPROM,CA3 LMR Targeting,i,i,-1.4055510994559999
1026,2009,DG HIPROM,CA3 O LM,i,i,-3.0569612468720004
1026,2013,DG HIPROM,CA3 Lucidum ORAX,i,i,-2.6136706527360003
1026,2019,DG HIPROM,CA3 Spiny Lucidum,i,i,-4.800530427901959
1026,2020,DG HIPROM,CA3 Trilaminar,i,i,-3.5435817231359996
1026,2028,DG HIPROM,CA3 Axo Axonic,i,i,-4.73223125925
1026,2035,DG HIPROM,CA3 Mossy Fiber Associated ORDEN,i,i,-7.843745092919999
1026,2036,DG HIPROM,CA3 Mossy Fiber Associated,i,i,-5.001931573316776
1026,2043,DG HIPROM,CA3 Basket,i,i,-7.307887427568001
1026,2044,DG HIPROM,CA3 Basket CCK+,i,i,-3.4995499721856005
1026,2047,DG HIPROM,CA3 Horizontal Axo Axonic,i,i,-2.3841735359040004
1026,3007,DG HIPROM,CA2 Wide Arbor Basket,i,i,-0.7107580985639679
1026,4011,DG HIPROM,CA1 Neurogliaform Projecting,i,i,-3.5809123712831994
1027,1000,DG AIPRIM,DG Granule,i,e,-5198.70757223961
1027,1001,DG AIPRIM,DG Semilunar Granule,i,e,-4221.690276727242
1027,1002,DG AIPRIM,DG Mossy,i,e,-8299.567272988299
1027,1004,DG AIPRIM,DG Total Molecular Layer,i,i,-9047.047449782945
1027,1005,DG AIPRIM,DG MOLAX,i,i,-12163.428213615165
1027,1009,DG AIPRIM,DG HICAP,i,i,-9756.98468499447
1027,1010,DG AIPRIM,DG Axo Axonic,i,i,-7725.744949203603
1027,1013,DG AIPRIM,DG HIPP,i,i,-3846.2820257664
1027,1026,DG AIPRIM,DG HIPROM,i,i,-21429.717139184646
1027,1027,DG AIPRIM,DG AIPRIM,i,i,-10954.1344524612
1027,1035,DG AIPRIM,DG Basket,i,i,-8921.306258922023
1027,1041,DG AIPRIM,DG Hilar Ectopic Granule,i,e,-12455.029083218698
1035,1000,DG Basket,DG Granule,i,e,-5317.503508323121
1035,1004,DG Basket,DG Total Molecular Layer,i,i,-5419.586277233849
1035,1005,DG Basket,DG MOLAX,i,i,-4992.880041672147
1035,1009,DG Basket,DG HICAP,i,i,-4100.037675563964
1035,1010,DG Basket,DG Axo Axonic,i,i,-2895.9885754967745
1035,1013,DG Basket,DG HIPP,i,i,-3307.448188474505
1035,1035,DG Basket,DG Basket,i,i,-3726.6449516264424
1041,1002,DG Hilar Ectopic Granule,DG Mossy,e,e,55.65027212412001
1041,1004,DG Hilar Ectopic Granule,DG Total Molecular Layer,e,i,20.139190526124004
1041,1005,DG Hilar Ectopic Granule,DG MOLAX,e,i,21.070177923307504
1041,1009,DG Hilar Ectopic Granule,DG HICAP,e,i,13.051269097680002
1041,1010,DG Hilar Ectopic Granule,DG Axo Axonic,e,i,20.703174296805003
1041,1013,DG Hilar Ectopic Granule,DG HIPP,e,i,33.0826227615
1041,1026,DG Hilar Ectopic Granule,DG HIPROM,e,i,36.74013136469001
1041,1027,DG Hilar Ectopic Granule,DG AIPRIM,e,i,32.258082690048
1041,1035,DG Hilar Ectopic Granule,DG Basket,e,i,13.97108332568
1041,1041,DG Hilar Ectopic Granule,DG Hilar Ectopic Granule,e,e,36.289132734400006
1041,2000,DG Hilar Ectopic Granule,CA3 Pyramidal,e,e,1.0815884977755004
1041,2004,DG Hilar Ectopic Granule,CA3c Pyramidal,e,e,3.215933878920049
1041,2005,DG Hilar Ectopic Granule,CA3 LMR Targeting,e,i,0.6936896282839999
1041,2013,DG Hilar Ectopic Granule,CA3 Lucidum ORAX,e,i,4.774658693042158
1041,2019,DG Hilar Ectopic Granule,CA3 Spiny Lucidum,e,i,5.232342806847204
1041,2028,DG Hilar Ectopic Granule,CA3 Axo Axonic,e,i,5.947252494326641
1041,2035,DG Hilar Ectopic Granule,CA3 Mossy Fiber Associated ORDEN,e,i,3.1031150507166783
1041,2036,DG Hilar Ectopic Granule,CA3 Mossy Fiber Associated,e,i,1.7710538635066735
1041,2043,DG Hilar Ectopic Granule,CA3 Basket,e,i,5.892007634630496
1041,2044,DG Hilar Ectopic Granule,CA3 Basket CCK+,e,i,0.9864374864752801
2000,2000,CA3 Pyramidal,CA3 Pyramidal,e,e,266540.7126583063
2000,2001,CA3 Pyramidal,CA3 Granule,e,e,41592.496640621466
2000,2004,CA3 Pyramidal,CA3c Pyramidal,e,e,395693.84575883904
2000,2005,CA3 Pyramidal,CA3 LMR Targeting,e,i,29902.143850072167
2000,2009,CA3 Pyramidal,CA3 O LM,e,i,86845.92434621646
2000,2013,CA3 Pyramidal,CA3 Lucidum ORAX,e,i,96208.96061487973
2000,2020,CA3 Pyramidal,CA3 Trilaminar,e,i,185716.6008594153
2000,2028,CA3 Pyramidal,CA3 Axo Axonic,e,i,175688.4680010275
2000,2035,CA3 Pyramidal,CA3 Mossy Fiber Associated ORDEN,e,i,203028.41063409072
2000,2036,CA3 Pyramidal,CA3 Mossy Fiber Associated,e,i,106324.98761268418
2000,2043,CA3 Pyramidal,CA3 Basket,e,i,177868.63874469043
2000,2044,CA3 Pyramidal,CA3 Basket CCK+,e,i,109382.14134671038
2000,2047,CA3 Pyramidal,CA3 Horizontal Axo Axonic,e,i,101282.42803019041
2000,3000,CA3 Pyramidal,CA2 Pyramidal,e,e,848693.1287684537
2000,3003,CA3 Pyramidal,CA2 Bistratified,e,i,468952.73982715176
2000,3006,CA3 Pyramidal,CA2 Basket,e,i,485909.8258273281
2000,3007,CA3 Pyramidal,CA2 Wide Arbor Basket,e,i,196409.19270127884
2000,3008,CA3 Pyramidal,CA2 SP SR,e,i,278151.1628942592
2000,4000,CA3 Pyramidal,CA1 Pyramidal,e,e,380827.98284731206
2000,4003,CA3 Pyramidal,CA1 Quadrilaminar,e,i,135430.70471760212
2000,4005,CA3 Pyramidal,CA1 LMR,e,i,32725.761933196078
2000,4006,CA3 Pyramidal,CA1 Perforant Path Associated,e,i,78833.5618303563
2000,4013,CA3 Pyramidal,CA1 Radial Trilaminar,e,i,48612.110393900584
2000,4015,CA3 Pyramidal,CA1 Schaffer Collateral Associated,e,i,127083.09531676587
2000,4023,CA3 Pyramidal,CA1 Back Projection,e,i,843714.0348847887
2000,4028,CA3 Pyramidal,CA1 Radiatum,e,i,77702.49045034703
2000,4033,CA3 Pyramidal,CA1 SO SO,e,i,1082066.7210632826
2000,4035,CA3 Pyramidal,CA1 Trilaminar,e,i,2030611.1265128772
2000,4036,CA3 Pyramidal,CA1 Axo Axonic,e,i,159502.00832572696
2000,4038,CA3 Pyramidal,CA1 Horizontal Axo Axonic,e,i,330795.00477235904
2000,4039,CA3 Pyramidal,CA1 Horizontal Basket,e,i,755237.5847063188
2000,4054,CA3 Pyramidal,CA1 Radiatum Giant,e,e,165936.03817408613
2000,4055,CA3 Pyramidal,CA1 Oriens Alveus,e,i,124756.44190094133
2000,4061,CA3 Pyramidal,CA1 R Receiving Apical Targeting,e,i,212463.56356371095
2000,4066,CA3 Pyramidal,CA1 OR LM,e,i,530494.5777978556
2000,4069,CA3 Pyramidal,CA1 O LM,e,i,1000047.2060714313
2000,4076,CA3 Pyramidal,CA1 Perforant Path Associated QuadD,e,i,584453.5674132234
2000,4078,CA3 Pyramidal,CA1 Basket,e,i,228141.63568381788
2000,4079,CA3 Pyramidal,CA1 Basket CCK+,e,i,156057.75447742542
2000,4080,CA3 Pyramidal,CA1 Bistratified,e,i,139888.41086861314
2000,4081,CA3 Pyramidal,CA1 Ivy,e,i,69076.63514988721
2000,4083,CA3 Pyramidal,CA1 Oriens Bistratified,e,i,476142.37045373034
2000,4087,CA3 Pyramidal,CA1 O LMR,e,i,673425.8315303042
2000,4089,CA3 Pyramidal,CA1 Recurrent O LM,e,i,2081164.3484694457
2001,2000,CA3 Granule,CA3 Pyramidal,e,e,76.58690108091
2001,2004,CA3 Granule,CA3c Pyramidal,e,e,133.22495805696
2001,2005,CA3 Granule,CA3 LMR Targeting,e,i,53.255096133239995
2001,2013,CA3 Granule,CA3 Lucidum ORAX,e,i,80.26403533702398
2001,2019,CA3 Granule,CA3 Spiny Lucidum,e,i,72.92673555817505
2001,2028,CA3 Granule,CA3 Axo Axonic,e,i,68.727183686112
2001,2035,CA3 Granule,CA3 Mossy Fiber Associated ORDEN,e,i,57.562403784192014
2001,2036,CA3 Granule,CA3 Mossy Fiber Associated,e,i,62.42631801930974
2001,2043,CA3 Granule,CA3 Basket,e,i,58.49439487262401
2001,2044,CA3 Granule,CA3 Basket CCK+,e,i,21.868798608480002
2004,1000,CA3c Pyramidal,DG Granule,e,e,160418.7566737335
2004,1001,CA3c Pyramidal,DG Semilunar Granule,e,e,87352.46675373509
2004,1002,CA3c Pyramidal,DG Mossy,e,e,33393.42821681123
2004,1004,CA3c Pyramidal,DG Total Molecular Layer,e,i,72103.63782101168
2004,1005,CA3c Pyramidal,DG MOLAX,e,i,108931.58216187557
2004,1009,CA3c Pyramidal,DG HICAP,e,i,82111.44264625497
2004,1010,CA3c Pyramidal,DG Axo Axonic,e,i,143794.61716747435
2004,1013,CA3c Pyramidal,DG HIPP,e,i,20095.79671391292
2004,1026,CA3c Pyramidal,DG HIPROM,e,i,164558.27937797178
2004,1027,CA3c Pyramidal,DG AIPRIM,e,i,108136.77620246162
2004,1035,CA3c Pyramidal,DG Basket,e,i,96808.27901181996
2004,1041,CA3c Pyramidal,DG Hilar Ectopic Granule,e,e,180998.38531761212
2004,2000,CA3c Pyramidal,CA3 Pyramidal,e,e,31089.11555366892
2004,2001,CA3c Pyramidal,CA3 Granule,e,e,5108.88681916704
2004,2004,CA3c Pyramidal,CA3c Pyramidal,e,e,37375.237707134394
2004,2005,CA3c Pyramidal,CA3 LMR Targeting,e,i,4152.834730963475
2004,2009,CA3c Pyramidal,CA3 O LM,e,i,15971.373086796002
2004,2013,CA3c Pyramidal,CA3 Lucidum ORAX,e,i,12467.0614729374
2004,2020,CA3c Pyramidal,CA3 Trilaminar,e,i,40886.40713210424
2004,2028,CA3c Pyramidal,CA3 Axo Axonic,e,i,19320.7649099472
2004,2035,CA3c Pyramidal,CA3 Mossy Fiber Associated ORDEN,e,i,19935.286052407922
2004,2036,CA3c Pyramidal,CA3 Mossy Fiber Associated,e,i,9490.240453686438
2004,2043,CA3c Pyramidal,CA3 Basket,e,i,19491.962611968
2004,2044,CA3c Pyramidal,CA3 Basket CCK+,e,i,8301.174242138999
2004,2047,CA3c Pyramidal,CA3 Horizontal Axo Axonic,e,i,16555.0318658361
2004,3000,CA3c Pyramidal,CA2 Pyramidal,e,e,1662664.1129644967
2004,3003,CA3c Pyramidal,CA2 Bistratified,e,i,1005433.8114323212
2004,3006,CA3c Pyramidal,CA2 Basket,e,i,1119782.6687443724
2004,3007,CA3c Pyramidal,CA2 Wide Arbor Basket,e,i,541851.3914313504
2004,3008,CA3c Pyramidal,CA2 SP SR,e,i,636442.6318356859
2004,4000,CA3c Pyramidal,CA1 Pyramidal,e,e,2946974.5185329346
2004,4003,CA3c Pyramidal,CA1 Quadrilaminar,e,i,1908198.67785086
2004,4005,CA3c Pyramidal,CA1 LMR,e,i,826291.8395654251
2004,4006,CA3c Pyramidal,CA1 Perforant Path Associated,e,i,1334059.6116201745
2004,4013,CA3c Pyramidal,CA1 Radial Trilaminar,e,i,1107880.820651227
2004,4015,CA3c Pyramidal,CA1 Schaffer Collateral Associated,e,i,2069167.2803931967
2004,4023,CA3c Pyramidal,CA1 Back Projection,e,i,126018.48160114558
2004,4028,CA3c Pyramidal,CA1 Radiatum,e,i,1362763.212436586
2004,4033,CA3c Pyramidal,CA1 SO SO,e,i,154057.07098671794
2004,4035,CA3c Pyramidal,CA1 Trilaminar,e,i,274426.1152931656
2004,4036,CA3c Pyramidal,CA1 Axo Axonic,e,i,2006266.478154768
2004,4038,CA3c Pyramidal,CA1 Horizontal Axo Axonic,e,i,52687.918220024934
2004,4039,CA3c Pyramidal,CA1 Horizontal Basket,e,i,111868.5426625028
2004,4054,CA3c Pyramidal,CA1 Radiatum Giant,e,e,2221043.9720433573
2004,4055,CA3c Pyramidal,CA1 Oriens Alveus,e,i,1743888.3093962292
2004,4061,CA3c Pyramidal,CA1 R Receiving Apical Targeting,e,i,2023667.388273065
2004,4066,CA3c Pyramidal,CA1 OR LM,e,i,2982732.150530972
2004,4069,CA3c Pyramidal,CA1 O LM,e,i,144040.2728645148
2004,4076,CA3c Pyramidal,CA1 Perforant Path Associated QuadD,e,i,2795497.1552758655
2004,4078,CA3c Pyramidal,CA1 Basket,e,i,2116029.980411057
2004,4079,CA3c Pyramidal,CA1 Basket CCK+,e,i,2795834.074983893
2004,4080,CA3c Pyramidal,CA1 Bistratified,e,i,2179251.9896411938
2004,4081,CA3c Pyramidal,CA1 Ivy,e,i,1842331.581818685
2004,4083,CA3c Pyramidal,CA1 Oriens Bistratified,e,i,81403.51344598243
2004,4087,CA3c Pyramidal,CA1 O LMR,e,i,115467.08815002012
2004,4089,CA3c Pyramidal,CA1 Recurrent O LM,e,i,274726.7904544783
2004,5005,CA3c Pyramidal,SUB CA1 Projecting Pyramidal,e,e,52188.355374704035
2005,2000,CA3 LMR Targeting,CA3 Pyramidal,i,e,-6333.728912114999
2005,2001,CA3 LMR Targeting,CA3 Granule,i,e,-2862.1156771583996
2005,2004,CA3 LMR Targeting,CA3c Pyramidal,i,e,-440.6883700128
2005,2005,CA3 LMR Targeting,CA3 LMR Targeting,i,i,-4841.434196881919
2005,2013,CA3 LMR Targeting,CA3 Lucidum ORAX,i,i,-466.11866121626895
2005,2028,CA3 LMR Targeting,CA3 Axo Axonic,i,i,-2438.5938726239997
2005,2035,CA3 LMR Targeting,CA3 Mossy Fiber Associated ORDEN,i,i,-377.58289502419194
2005,2036,CA3 LMR Targeting,CA3 Mossy Fiber Associated,i,i,-416.9114405781122
2005,2043,CA3 LMR Targeting,CA3 Basket,i,i,-4829.456375029759
2005,2044,CA3 LMR Targeting,CA3 Basket CCK+,i,i,-3248.4399480832
2009,2000,CA3 O LM,CA3 Pyramidal,i,e,-7956.640481999999
2009,2001,CA3 O LM,CA3 Granule,i,e,-2802.898052709888
2009,2004,CA3 O LM,CA3c Pyramidal,i,e,-1209.918388975296
2009,2005,CA3 O LM,CA3 LMR Targeting,i,i,-4414.5294707808
2009,2009,CA3 O LM,CA3 O LM,i,i,-916.640008409664
2009,2013,CA3 O LM,CA3 Lucidum ORAX,i,i,-415.6658528671153
2009,2020,CA3 O LM,CA3 Trilaminar,i,i,-1021.164472990771
2009,2028,CA3 O LM,CA3 Axo Axonic,i,i,-2874.037059621
2009,2035,CA3 O LM,CA3 Mossy Fiber Associated ORDEN,i,i,-904.0737054389043
2009,2036,CA3 O LM,CA3 Mossy Fiber Associated,i,i,-413.78973371814396
2009,2043,CA3 O LM,CA3 Basket,i,i,-5229.67281673984
2009,2044,CA3 O LM,CA3 Basket CCK+,i,i,-3516.2456296609603
2009,2047,CA3 O LM,CA3 Horizontal Axo Axonic,i,i,-779.1892652751199
2013,2000,CA3 Lucidum ORAX,CA3 Pyramidal,i,e,-9.745853616
2013,2001,CA3 Lucidum ORAX,CA3 Granule,i,e,-0.5047551916279198
2013,2004,CA3 Lucidum ORAX,CA3c Pyramidal,i,e,-8.74190284704
2013,2005,CA3 Lucidum ORAX,CA3 LMR Targeting,i,i,-1.5267116390399997
2013,2009,CA3 Lucidum ORAX,CA3 O LM,i,i,-3.235891743096
2013,2013,CA3 Lucidum ORAX,CA3 Lucidum ORAX,i,i,-3.854790117
2013,2019,CA3 Lucidum ORAX,CA3 Spiny Lucidum,i,i,-3.733716612306769
2013,2020,CA3 Lucidum ORAX,CA3 Trilaminar,i,i,-3.7729219347455993
2013,2028,CA3 Lucidum ORAX,CA3 Axo Axonic,i,i,-4.95162840942
2013,2035,CA3 Lucidum ORAX,CA3 Mossy Fiber Associated ORDEN,i,i,-8.659663626239999
2013,2036,CA3 Lucidum ORAX,CA3 Mossy Fiber Associated,i,i,-5.693170119883896
2013,2043,CA3 Lucidum ORAX,CA3 Basket,i,i,-8.52475372736
2013,2044,CA3 Lucidum ORAX,CA3 Basket CCK+,i,i,-4.0369942474336
2013,2047,CA3 Lucidum ORAX,CA3 Horizontal Axo Axonic,i,i,-2.70318407744
2013,3007,CA3 Lucidum ORAX,CA2 Wide Arbor Basket,i,i,-0.8005727042060797
2019,1000,CA3 Spiny Lucidum,DG Granule,i,e,-375.7964667797133
2019,1001,CA3 Spiny Lucidum,DG Semilunar Granule,i,e,-397.88052527542504
2019,1004,CA3 Spiny Lucidum,DG Total Molecular Layer,i,i,-138.6707865399021
2019,1005,CA3 Spiny Lucidum,DG MOLAX,i,i,-213.23379020683177
2019,1007,CA3 Spiny Lucidum,DG Neurogliaform,i,i,-139.73308553853784
2019,1008,CA3 Spiny Lucidum,DG MOPP,i,i,-268.50718916299644
2019,1009,CA3 Spiny Lucidum,DG HICAP,i,i,-174.75144750117542
2019,1010,CA3 Spiny Lucidum,DG Axo Axonic,i,i,-313.0787505564543
2019,1026,CA3 Spiny Lucidum,DG HIPROM,i,i,-34.07591967584834
2019,1027,CA3 Spiny Lucidum,DG AIPRIM,i,i,-157.25613901475907
2019,1035,CA3 Spiny Lucidum,DG Basket,i,i,-298.0205343531258
2019,1041,CA3 Spiny Lucidum,DG Hilar Ectopic Granule,i,e,-351.9288247314467
2019,2000,CA3 Spiny Lucidum,CA3 Pyramidal,i,e,-244.51697829333048
2019,2001,CA3 Spiny Lucidum,CA3 Granule,i,e,-45.29354319476758
2019,2004,CA3 Spiny Lucidum,CA3c Pyramidal,i,e,-207.723809960859
2019,2005,CA3 Spiny Lucidum,CA3 LMR Targeting,i,i,-72.18101807485812
2019,2013,CA3 Spiny Lucidum,CA3 Lucidum ORAX,i,i,-251.73987115465937
2019,2019,CA3 Spiny Lucidum,CA3 Spiny Lucidum,i,i,-41.299154762673076
2019,2028,CA3 Spiny Lucidum,CA3 Axo Axonic,i,i,-121.40744282969739
2019,2035,CA3 Spiny Lucidum,CA3 Mossy Fiber Associated ORDEN,i,i,-203.18359003273716
2019,2036,CA3 Spiny Lucidum,CA3 Mossy Fiber Associated,i,i,-185.92549313675687
2019,2043,CA3 Spiny Lucidum,CA3 Basket,i,i,-237.54514002495918
2019,2044,CA3 Spiny Lucidum,CA3 Basket CCK+,i,i,-151.35706178951867
2019,4011,CA3 Spiny Lucidum,CA1 Neurogliaform Projecting,i,i,-173.40685220571874
2020,2000,CA3 Trilaminar,CA3 Pyramidal,i,e,-2136.4730641337997
2020,2001,CA3 Trilaminar,CA3 Granule,i,e,-201.85078665615356
2020,2004,CA3 Trilaminar,CA3c Pyramidal,i,e,-1777.6954780199999
2020,2005,CA3 Trilaminar,CA3 LMR Targeting,i,i,-401.39896882176
2020,2009,CA3 Trilaminar,CA3 O LM,i,i,-864.7142663073599
2020,2013,CA3 Trilaminar,CA3 Lucidum ORAX,i,i,-941.3588400063122
2020,2019,CA3 Trilaminar,CA3 Spiny Lucidum,i,i,-687.3818302679434
2020,2020,CA3 Trilaminar,CA3 Trilaminar,i,i,-1080.898983370752
2020,2028,CA3 Trilaminar,CA3 Axo Axonic,i,i,-1040.6253247790396
2020,2035,CA3 Trilaminar,CA3 Mossy Fiber Associated ORDEN,i,i,-2236.1549409239037
2020,2036,CA3 Trilaminar,CA3 Mossy Fiber Associated,i,i,-1256.605933448546
2020,2043,CA3 Trilaminar,CA3 Basket,i,i,-1799.1837100281857
2020,2044,CA3 Trilaminar,CA3 Basket CCK+,i,i,-1099.010698050989
2020,2047,CA3 Trilaminar,CA3 Horizontal Axo Axonic,i,i,-785.3823811125601
2020,3007,CA3 Trilaminar,CA2 Wide Arbor Basket,i,i,-171.03619277471998
2020,4000,CA3 Trilaminar,CA1 Pyramidal,i,e,-969.113620583539
2020,4003,CA3 Trilaminar,CA1 Quadrilaminar,i,i,-1228.6242147664466
2020,4005,CA3 Trilaminar,CA1 LMR,i,i,-158.70251779459
2020,4006,CA3 Trilaminar,CA1 Perforant Path Associated,i,i,-122.69805776836613
2020,4013,CA3 Trilaminar,CA1 Radial Trilaminar,i,i,-1162.1359459557118
2020,4015,CA3 Trilaminar,CA1 Schaffer Collateral Associated,i,i,-230.07581979430068
2020,4023,CA3 Trilaminar,CA1 Back Projection,i,i,-567.15671808432
2020,4028,CA3 Trilaminar,CA1 Radiatum,i,i,-233.895389112
2020,4033,CA3 Trilaminar,CA1 SO SO,i,i,-611.5928071991921
2020,4035,CA3 Trilaminar,CA1 Trilaminar,i,i,-709.75535915592
2020,4036,CA3 Trilaminar,CA1 Axo Axonic,i,i,-704.3595131944562
2020,4038,CA3 Trilaminar,CA1 Horizontal Axo Axonic,i,i,-317.05590493584
2020,4039,CA3 Trilaminar,CA1 Horizontal Basket,i,i,-1205.3811158849153
2020,4054,CA3 Trilaminar,CA1 Radiatum Giant,i,e,-313.61632727039995
2020,4055,CA3 Trilaminar,CA1 Oriens Alveus,i,i,-833.3650758909057
2020,4061,CA3 Trilaminar,CA1 R Receiving Apical Targeting,i,i,-354.31826656844794
2020,4066,CA3 Trilaminar,CA1 OR LM,i,i,-528.7711221821953
2020,4069,CA3 Trilaminar,CA1 O LM,i,i,-419.9716123386839
2020,4076,CA3 Trilaminar,CA1 Perforant Path Associated QuadD,i,i,-1637.045385389568
2020,4078,CA3 Trilaminar,CA1 Basket,i,i,-801.2179108828161
2020,4079,CA3 Trilaminar,CA1 Basket CCK+,i,i,-999.3735315127874
2020,4080,CA3 Trilaminar,CA1 Bistratified,i,i,-912.4019572039679
2020,4081,CA3 Trilaminar,CA1 Ivy,i,i,-1050.9643338963554
2020,4083,CA3 Trilaminar,CA1 Oriens Bistratified,i,i,-342.3900395412
2020,4087,CA3 Trilaminar,CA1 O LMR,i,i,-497.6728460594099
2020,4089,CA3 Trilaminar,CA1 Recurrent O LM,i,i,-533.44122368768
2028,2000,CA3 Axo Axonic,CA3 Pyramidal,i,e,-50.17163437535287
2028,2004,CA3 Axo Axonic,CA3c Pyramidal,i,e,-36.819662761444086
2035,1002,CA3 Mossy Fiber Associated ORDEN,DG Mossy,i,e,-44.509869557916
2035,1004,CA3 Mossy Fiber Associated ORDEN,DG Total Molecular Layer,i,i,-18.933122988256404
2035,1005,CA3 Mossy Fiber Associated ORDEN,DG MOLAX,i,i,-22.970378251772004
2035,1009,CA3 Mossy Fiber Associated ORDEN,DG HICAP,i,i,-11.243805914376
2035,1010,CA3 Mossy Fiber Associated ORDEN,DG Axo Axonic,i,i,-8.877043565208002
2035,1013,CA3 Mossy Fiber Associated ORDEN,DG HIPP,i,i,-20.100070601856
2035,1026,CA3 Mossy Fiber Associated ORDEN,DG HIPROM,i,i,-26.718983279788805
2035,1027,CA3 Mossy Fiber Associated ORDEN,DG AIPRIM,i,i,-18.019655992799997
2035,1035,CA3 Mossy Fiber Associated ORDEN,DG Basket,i,i,-9.7184450808424
2035,1041,CA3 Mossy Fiber Associated ORDEN,DG Hilar Ectopic Granule,i,e,-30.204015382800005
2035,2000,CA3 Mossy Fiber Associated ORDEN,CA3 Pyramidal,i,e,-144.96456240000003
2035,2004,CA3 Mossy Fiber Associated ORDEN,CA3c Pyramidal,i,e,-149.23378355508004
2035,2005,CA3 Mossy Fiber Associated ORDEN,CA3 LMR Targeting,i,i,-32.58919175232
2035,2013,CA3 Mossy Fiber Associated ORDEN,CA3 Lucidum ORAX,i,i,-56.55274498641601
2035,2019,CA3 Mossy Fiber Associated ORDEN,CA3 Spiny Lucidum,i,i,-133.27417596040732
2035,2028,CA3 Mossy Fiber Associated ORDEN,CA3 Axo Axonic,i,i,-87.086706525
2035,2035,CA3 Mossy Fiber Associated ORDEN,CA3 Mossy Fiber Associated ORDEN,i,i,-132.06107584824
2035,2036,CA3 Mossy Fiber Associated ORDEN,CA3 Mossy Fiber Associated,i,i,-139.04815458701268
2035,2043,CA3 Mossy Fiber Associated ORDEN,CA3 Basket,i,i,-148.42525497856002
2035,2044,CA3 Mossy Fiber Associated ORDEN,CA3 Basket CCK+,i,i,-69.59508659935999
2035,3007,CA3 Mossy Fiber Associated ORDEN,CA2 Wide Arbor Basket,i,i,-23.68286694737717
2036,1002,CA3 Mossy Fiber Associated,DG Mossy,i,e,-813.6746196068501
2036,1004,CA3 Mossy Fiber Associated,DG Total Molecular Layer,i,i,-499.03870437625113
2036,1005,CA3 Mossy Fiber Associated,DG MOLAX,i,i,-507.05741520563816
2036,1009,CA3 Mossy Fiber Associated,DG HICAP,i,i,-325.4927809983923
2036,1010,CA3 Mossy Fiber Associated,DG Axo Axonic,i,i,-263.03853267914235
2036,1013,CA3 Mossy Fiber Associated,DG HIPP,i,i,-435.8921505484552
2036,1026,CA3 Mossy Fiber Associated,DG HIPROM,i,i,-657.7612335451436
2036,1027,CA3 Mossy Fiber Associated,DG AIPRIM,i,i,-420.80768929751554
2036,1035,CA3 Mossy Fiber Associated,DG Basket,i,i,-294.8683168745125
2036,1041,CA3 Mossy Fiber Associated,DG Hilar Ectopic Granule,i,e,-591.3146043317713
2036,2000,CA3 Mossy Fiber Associated,CA3 Pyramidal,i,e,-501.80138988525
2036,2001,CA3 Mossy Fiber Associated,CA3 Granule,i,e,-22.82591603913712
2036,2004,CA3 Mossy Fiber Associated,CA3c Pyramidal,i,e,-426.7273091783521
2036,2005,CA3 Mossy Fiber Associated,CA3 LMR Targeting,i,i,-113.66738982144001
2036,2013,CA3 Mossy Fiber Associated,CA3 Lucidum ORAX,i,i,-251.61763238211597
2036,2019,CA3 Mossy Fiber Associated,CA3 Spiny Lucidum,i,i,-297.9301048197955
2036,2028,CA3 Mossy Fiber Associated,CA3 Axo Axonic,i,i,-233.55247099275005
2036,2035,CA3 Mossy Fiber Associated,CA3 Mossy Fiber Associated ORDEN,i,i,-466.989275520768
2036,2036,CA3 Mossy Fiber Associated,CA3 Mossy Fiber Associated,i,i,-383.799406745221
2036,2043,CA3 Mossy Fiber Associated,CA3 Basket,i,i,-419.0911920310752
2036,2044,CA3 Mossy Fiber Associated,CA3 Basket CCK+,i,i,-244.80444084095998
2036,3007,CA3 Mossy Fiber Associated,CA2 Wide Arbor Basket,i,i,-75.73835545046059
2043,2000,CA3 Basket,CA3 Pyramidal,i,e,-13694.304060989987
2043,2004,CA3 Basket,CA3c Pyramidal,i,e,-12332.371448150581
2043,2028,CA3 Basket,CA3 Axo Axonic,i,i,-5265.150495764399
2043,2035,CA3 Basket,CA3 Mossy Fiber Associated ORDEN,i,i,-9496.353522032381
2043,2043,CA3 Basket,CA3 Basket,i,i,-11284.42661996594
2043,2044,CA3 Basket,CA3 Basket CCK+,i,i,-8714.271657318712
2044,2000,CA3 Basket CCK+,CA3 Pyramidal,i,e,-34966.80758014469
2044,2004,CA3 Basket CCK+,CA3c Pyramidal,i,e,-25331.28423556513
2044,2028,CA3 Basket CCK+,CA3 Axo Axonic,i,i,-14340.514846752882
2044,2035,CA3 Basket CCK+,CA3 Mossy Fiber Associated ORDEN,i,i,-22938.076513784763
2044,2043,CA3 Basket CCK+,CA3 Basket,i,i,-24135.47962231189
2044,2044,CA3 Basket CCK+,CA3 Basket CCK+,i,i,-14955.928692639796
2047,2000,CA3 Horizontal Axo Axonic,CA3 Pyramidal,i,e,-363.54470534162556
2047,2004,CA3 Horizontal Axo Axonic,CA3c Pyramidal,i,e,-301.2173642982967
3000,1002,CA2 Pyramidal,DG Mossy,e,e,166772.89226404476
3000,1004,CA2 Pyramidal,DG Total Molecular Layer,e,i,60043.32026271068
3000,1005,CA2 Pyramidal,DG MOLAX,e,i,49646.03947226277
3000,1009,CA2 Pyramidal,DG HICAP,e,i,35161.503840972495
3000,1010,CA2 Pyramidal,DG Axo Axonic,e,i,67449.33224344137
3000,1013,CA2 Pyramidal,DG HIPP,e,i,107625.6998132426
3000,1026,CA2 Pyramidal,DG HIPROM,e,i,133938.29864952073
3000,1027,CA2 Pyramidal,DG AIPRIM,e,i,107377.78544555353
3000,1035,CA2 Pyramidal,DG Basket,e,i,41162.47019260612
3000,1041,CA2 Pyramidal,DG Hilar Ectopic Granule,e,e,88629.65246917283
3000,2000,CA2 Pyramidal,CA3 Pyramidal,e,e,96622.6483330502
3000,2001,CA2 Pyramidal,CA3 Granule,e,e,8050.31678792453
3000,2004,CA2 Pyramidal,CA3c Pyramidal,e,e,129221.16909989643
3000,2005,CA2 Pyramidal,CA3 LMR Targeting,e,i,5902.116751303301
3000,2009,CA2 Pyramidal,CA3 O LM,e,i,19424.195603172528
3000,2013,CA2 Pyramidal,CA3 Lucidum ORAX,e,i,23059.714589457966
3000,2019,CA2 Pyramidal,CA3 Spiny Lucidum,e,i,4192.342639914439
3000,2020,CA2 Pyramidal,CA3 Trilaminar,e,i,34566.71573536322
3000,2028,CA2 Pyramidal,CA3 Axo Axonic,e,i,67833.28376638966
3000,2035,CA2 Pyramidal,CA3 Mossy Fiber Associated ORDEN,e,i,67056.41054810608
3000,2036,CA2 Pyramidal,CA3 Mossy Fiber Associated,e,i,38248.401687534526
3000,2043,CA2 Pyramidal,CA3 Basket,e,i,92673.44196645782
3000,2044,CA2 Pyramidal,CA3 Basket CCK+,e,i,34299.94608199589
3000,2047,CA2 Pyramidal,CA3 Horizontal Axo Axonic,e,i,15807.104667428173
3000,3000,CA2 Pyramidal,CA2 Pyramidal,e,e,147252.43624969624
3000,3003,CA2 Pyramidal,CA2 Bistratified,e,i,143583.496707043
3000,3006,CA2 Pyramidal,CA2 Basket,e,i,179764.61481418752
3000,3007,CA2 Pyramidal,CA2 Wide Arbor Basket,e,i,94736.6674750576
3000,3008,CA2 Pyramidal,CA2 SP SR,e,i,63637.56046373856
3000,4000,CA2 Pyramidal,CA1 Pyramidal,e,e,190449.679492576
3000,4003,CA2 Pyramidal,CA1 Quadrilaminar,e,i,66410.44448576619
3000,4005,CA2 Pyramidal,CA1 LMR,e,i,41673.63231484375
3000,4006,CA2 Pyramidal,CA1 Perforant Path Associated,e,i,101553.92830126226
3000,4013,CA2 Pyramidal,CA1 Radial Trilaminar,e,i,31583.439997483834
3000,4015,CA2 Pyramidal,CA1 Schaffer Collateral Associated,e,i,144883.15589626142
3000,4023,CA2 Pyramidal,CA1 Back Projection,e,i,47830.79730897814
3000,4028,CA2 Pyramidal,CA1 Radiatum,e,i,99332.67112739132
3000,4033,CA2 Pyramidal,CA1 SO SO,e,i,81285.05246100693
3000,4035,CA2 Pyramidal,CA1 Trilaminar,e,i,149389.29334053132
3000,4036,CA2 Pyramidal,CA1 Axo Axonic,e,i,94187.19382724448
3000,4038,CA2 Pyramidal,CA1 Horizontal Axo Axonic,e,i,19443.58080619737
3000,4039,CA2 Pyramidal,CA1 Horizontal Basket,e,i,49160.07375106088
3000,4054,CA2 Pyramidal,CA1 Radiatum Giant,e,e,143751.09639017002
3000,4055,CA2 Pyramidal,CA1 Oriens Alveus,e,i,60795.19462842028
3000,4061,CA2 Pyramidal,CA1 R Receiving Apical Targeting,e,i,271292.6045769688
3000,4066,CA2 Pyramidal,CA1 OR LM,e,i,271267.4894236993
3000,4069,CA2 Pyramidal,CA1 O LM,e,i,70443.3946383042
3000,4076,CA2 Pyramidal,CA1 Perforant Path Associated QuadD,e,i,217306.00954947932
3000,4078,CA2 Pyramidal,CA1 Basket,e,i,97607.05448525614
3000,4079,CA2 Pyramidal,CA1 Basket CCK+,e,i,80091.9557527811
3000,4080,CA2 Pyramidal,CA1 Bistratified,e,i,75855.14627028363
3000,4081,CA2 Pyramidal,CA1 Ivy,e,i,69231.03908010862
3000,4083,CA2 Pyramidal,CA1 Oriens Bistratified,e,i,28221.857504341024
3000,4087,CA2 Pyramidal,CA1 O LMR,e,i,51643.53244749384
3000,4089,CA2 Pyramidal,CA1 Recurrent O LM,e,i,164199.62216817323
3003,3000,CA2 Bistratified,CA2 Pyramidal,i,e,-606.6751808458241
3003,3003,CA2 Bistratified,CA2 Bistratified,i,i,-1392.306988893504
3003,3006,CA2 Bistratified,CA2 Basket,i,i,-701.2677084241919
3003,3007,CA2 Bistratified,CA2 Wide Arbor Basket,i,i,-544.7024079955198
3003,3008,CA2 Bistratified,CA2 SP SR,i,i,-317.2433699635199
3003,4000,CA2 Bistratified,CA1 Pyramidal,i,e,-11.396674469311998
3003,4003,CA2 Bistratified,CA1 Quadrilaminar,i,i,-17.720184688615795
3003,4005,CA2 Bistratified,CA1 LMR,i,i,-2.6348048018626553
3003,4006,CA2 Bistratified,CA1 Perforant Path Associated,i,i,-2.7001571437363205
3003,4013,CA2 Bistratified,CA1 Radial Trilaminar,i,i,-12.433699485864961
3003,4015,CA2 Bistratified,CA1 Schaffer Collateral Associated,i,i,-4.804407492272207
3003,4023,CA2 Bistratified,CA1 Back Projection,i,i,-5.465473263417889
3003,4028,CA2 Bistratified,CA1 Radiatum,i,i,-4.749411117696
3003,4033,CA2 Bistratified,CA1 SO SO,i,i,-16.859526437644803
3003,4035,CA2 Bistratified,CA1 Trilaminar,i,i,-16.906057070031363
3003,4036,CA2 Bistratified,CA1 Axo Axonic,i,i,-6.865304195711694
3003,4038,CA2 Bistratified,CA1 Horizontal Axo Axonic,i,i,-3.4514053563023994
3003,4039,CA2 Bistratified,CA1 Horizontal Basket,i,i,-32.372136360598
3003,4054,CA2 Bistratified,CA1 Radiatum Giant,i,e,-7.34134338561792
3003,4055,CA2 Bistratified,CA1 Oriens Alveus,i,i,-8.59939849849293
3003,4061,CA2 Bistratified,CA1 R Receiving Apical Targeting,i,i,-9.506003523140736
3003,4066,CA2 Bistratified,CA1 OR LM,i,i,-12.465886354758146
3003,4069,CA2 Bistratified,CA1 O LM,i,i,-6.447021570913996
3003,4076,CA2 Bistratified,CA1 Perforant Path Associated QuadD,i,i,-29.96979308907091
3003,4078,CA2 Bistratified,CA1 Basket,i,i,-13.24449342160896
3003,4079,CA2 Bistratified,CA1 Basket CCK+,i,i,-14.454535016527872
3003,4080,CA2 Bistratified,CA1 Bistratified,i,i,-10.4722955970192
3003,4081,CA2 Bistratified,CA1 Ivy,i,i,-5.6698359102
3003,4083,CA2 Bistratified,CA1 Oriens Bistratified,i,i,-4.729814630217601
3003,4087,CA2 Bistratified,CA1 O LMR,i,i,-5.183377197653491
3003,4089,CA2 Bistratified,CA1 Recurrent O LM,i,i,-15.65555933436288
3006,3000,CA2 Basket,CA2 Pyramidal,i,e,-4620.858338011908
3006,3003,CA2 Basket,CA2 Bistratified,i,i,-8982.065675607737
3006,3006,CA2 Basket,CA2 Basket,i,i,-5327.324146106914
3006,3007,CA2 Basket,CA2 Wide Arbor Basket,i,i,-4425.022201373292
3006,3008,CA2 Basket,CA2 SP SR,i,i,-2453.7603815894936
3007,2000,CA2 Wide Arbor Basket,CA3 Pyramidal,i,e,-10657.681816103595
3007,2004,CA2 Wide Arbor Basket,CA3c Pyramidal,i,e,-8422.618638958242
3007,2028,CA2 Wide Arbor Basket,CA3 Axo Axonic,i,i,-4497.171197412319
3007,2035,CA2 Wide Arbor Basket,CA3 Mossy Fiber Associated ORDEN,i,i,-7756.807153145767
3007,2043,CA2 Wide Arbor Basket,CA3 Basket,i,i,-7573.167658355239
3007,2044,CA2 Wide Arbor Basket,CA3 Basket CCK+,i,i,-6711.4482894629855
3007,3000,CA2 Wide Arbor Basket,CA2 Pyramidal,i,e,-4990.534861964166
3007,3003,CA2 Wide Arbor Basket,CA2 Bistratified,i,i,-9875.04578100517
3007,3006,CA2 Wide Arbor Basket,CA2 Basket,i,i,-5778.399772405079
3007,3007,CA2 Wide Arbor Basket,CA2 Wide Arbor Basket,i,i,-4827.875244048963
3007,3008,CA2 Wide Arbor Basket,CA2 SP SR,i,i,-2735.036449203952
3007,4000,CA2 Wide Arbor Basket,CA1 Pyramidal,i,e,-6788.104812510384
3007,4013,CA2 Wide Arbor Basket,CA1 Radial Trilaminar,i,i,-8595.631380358649
3007,4036,CA2 Wide Arbor Basket,CA1 Axo Axonic,i,i,-5560.169291760153
3007,4039,CA2 Wide Arbor Basket,CA1 Horizontal Basket,i,i,-7146.016107589707
3007,4054,CA2 Wide Arbor Basket,CA1 Radiatum Giant,i,e,-9646.297609975492
3007,4066,CA2 Wide Arbor Basket,CA1 OR LM,i,i,-4128.6102833959085
3007,4078,CA2 Wide Arbor Basket,CA1 Basket,i,i,-5832.53777003356
3007,4079,CA2 Wide Arbor Basket,CA1 Basket CCK+,i,i,-6731.2694816324665
3007,4080,CA2 Wide Arbor Basket,CA1 Bistratified,i,i,-5880.391759337851
3007,4081,CA2 Wide Arbor Basket,CA1 Ivy,i,i,-7998.132405850585
3008,3000,CA2 SP SR,CA2 Pyramidal,i,e,-130.07752401150006
3008,3003,CA2 SP SR,CA2 Bistratified,i,i,-378.2645885241599
3008,3006,CA2 SP SR,CA2 Basket,i,i,-156.67222431744
3008,3007,CA2 SP SR,CA2 Wide Arbor Basket,i,i,-106.085202261714
3008,3008,CA2 SP SR,CA2 SP SR,i,i,-101.47024742400002
4000,4000,CA1 Pyramidal,CA1 Pyramidal,e,e,96170.58579124039
4000,4003,CA1 Pyramidal,CA1 Quadrilaminar,e,i,54869.18212827653
4000,4013,CA1 Pyramidal,CA1 Radial Trilaminar,e,i,35009.97556462689
4000,4023,CA1 Pyramidal,CA1 Back Projection,e,i,70681.71990070409
4000,4033,CA1 Pyramidal,CA1 SO SO,e,i,92632.40646962484
4000,4035,CA1 Pyramidal,CA1 Trilaminar,e,i,133386.20012865638
4000,4036,CA1 Pyramidal,CA1 Axo Axonic,e,i,50979.62872911275
4000,4038,CA1 Pyramidal,CA1 Horizontal Axo Axonic,e,i,34139.20669267882
4000,4039,CA1 Pyramidal,CA1 Horizontal Basket,e,i,111130.94343586842
4000,4055,CA1 Pyramidal,CA1 Oriens Alveus,e,i,48773.83945202497
4000,4066,CA1 Pyramidal,CA1 OR LM,e,i,76314.98468901217
4000,4069,CA1 Pyramidal,CA1 O LM,e,i,57943.448955756
4000,4076,CA1 Pyramidal,CA1 Perforant Path Associated QuadD,e,i,50774.80379330661
4000,4078,CA1 Pyramidal,CA1 Basket,e,i,42387.40709254397
4000,4079,CA1 Pyramidal,CA1 Basket CCK+,e,i,52663.470341011525
4000,4080,CA1 Pyramidal,CA1 Bistratified,e,i,75625.76819063886
4000,4081,CA1 Pyramidal,CA1 Ivy,e,i,78455.60288830579
4000,4083,CA1 Pyramidal,CA1 Oriens Bistratified,e,i,54313.144160106036
4000,4087,CA1 Pyramidal,CA1 O LMR,e,i,45331.42551755646
4000,4089,CA1 Pyramidal,CA1 Recurrent O LM,e,i,172923.81420279422
4000,5005,CA1 Pyramidal,SUB CA1 Projecting Pyramidal,e,e,201320.5528006127
4000,6002,CA1 Pyramidal,MEC LV Pyramidal,e,e,154668.50466462746
4000,6021,CA1 Pyramidal,EC LV Deep Pyramidal,e,e,312912.2223900131
4000,6023,CA1 Pyramidal,MEC LV Superficial Pyramidal,e,e,59451.75528655248
4000,6025,CA1 Pyramidal,LEC LIII Multipolar Principal,e,e,66524.38652066834
4000,6033,CA1 Pyramidal,MEC LV Multipolar Pyramidal,e,e,173947.05585647878
4000,6052,CA1 Pyramidal,MEC LV VI Pyramidal Polymorphic,e,e,209589.69101139615
4000,6078,CA1 Pyramidal,LEC LVI Multipolar Pyramidal,e,e,264688.4365162759
4000,6086,CA1 Pyramidal,EC LIV VI Deep Multipolar Principal,e,e,239839.62870244664
4000,6095,CA1 Pyramidal,EC LIII V Bipolar Pyramidal,e,e,287297.4243556144
4003,3007,CA1 Quadrilaminar,CA2 Wide Arbor Basket,i,i,-0.3246643554754499
4003,4000,CA1 Quadrilaminar,CA1 Pyramidal,i,e,-13.142854294732798
4003,4003,CA1 Quadrilaminar,CA1 Quadrilaminar,i,i,-16.285852687535996
4003,4005,CA1 Quadrilaminar,CA1 LMR,i,i,-10.567310728291199
4003,4006,CA1 Quadrilaminar,CA1 Perforant Path Associated,i,i,-6.247483249203001
4003,4011,CA1 Quadrilaminar,CA1 Neurogliaform Projecting,i,i,-3.8072340878615996
4003,4012,CA1 Quadrilaminar,CA1 Neurogliaform,i,i,-3.960290368889999
4003,4013,CA1 Quadrilaminar,CA1 Radial Trilaminar,i,i,-15.13793484288
4003,4015,CA1 Quadrilaminar,CA1 Schaffer Collateral Associated,i,i,-7.891610165200621
4003,4023,CA1 Quadrilaminar,CA1 Back Projection,i,i,-2.6948812442580006
4003,4028,CA1 Quadrilaminar,CA1 Radiatum,i,i,-6.075828665424001
4003,4033,CA1 Quadrilaminar,CA1 SO SO,i,i,-3.8218456808909997
4003,4035,CA1 Quadrilaminar,CA1 Trilaminar,i,i,-4.3279191648
4003,4036,CA1 Quadrilaminar,CA1 Axo Axonic,i,i,-9.5034092972544
4003,4038,CA1 Quadrilaminar,CA1 Horizontal Axo Axonic,i,i,-1.20304130688
4003,4039,CA1 Quadrilaminar,CA1 Horizontal Basket,i,i,-5.1435951928578
4003,4055,CA1 Quadrilaminar,CA1 Oriens Alveus,i,i,-10.841224796999999
4003,4061,CA1 Quadrilaminar,CA1 R Receiving Apical Targeting,i,i,-8.859463012620001
4003,4066,CA1 Quadrilaminar,CA1 OR LM,i,i,-6.7144945982562
4003,4069,CA1 Quadrilaminar,CA1 O LM,i,i,-2.17037146688208
4003,4076,CA1 Quadrilaminar,CA1 Perforant Path Associated QuadD,i,i,-22.776458379147
4003,4078,CA1 Quadrilaminar,CA1 Basket,i,i,-10.050359516063999
4003,4079,CA1 Quadrilaminar,CA1 Basket CCK+,i,i,-12.6425378981088
4003,4080,CA1 Quadrilaminar,CA1 Bistratified,i,i,-8.676854555148001
4003,4081,CA1 Quadrilaminar,CA1 Ivy,i,i,-9.457347306771
4003,4083,CA1 Quadrilaminar,CA1 Oriens Bistratified,i,i,-1.3207342491
4003,4087,CA1 Quadrilaminar,CA1 O LMR,i,i,-2.1424735378872
4003,4089,CA1 Quadrilaminar,CA1 Recurrent O LM,i,i,-3.4147030409999997
4005,4000,CA1 LMR,CA1 Pyramidal,i,e,-162.25474999552
4005,4003,CA1 LMR,CA1 Quadrilaminar,i,i,-197.37262909977602
4005,4005,CA1 LMR,CA1 LMR,i,i,-204.87386449016637
4005,4006,CA1 LMR,CA1 Perforant Path Associated,i,i,-113.44000012800004
4005,4011,CA1 LMR,CA1 Neurogliaform Projecting,i,i,-79.92915441184078
4005,4012,CA1 LMR,CA1 Neurogliaform,i,i,-78.7826655366576
4005,4013,CA1 LMR,CA1 Radial Trilaminar,i,i,-179.98520503807995
4005,4015,CA1 LMR,CA1 Schaffer Collateral Associated,i,i,-136.1088971311808
4005,4028,CA1 LMR,CA1 Radiatum,i,i,-112.44052054609924
4005,4036,CA1 LMR,CA1 Axo Axonic,i,i,-118.96955400903843
4005,4054,CA1 LMR,CA1 Radiatum Giant,i,e,-228.10518639360004
4005,4055,CA1 LMR,CA1 Oriens Alveus,i,i,-134.26057765519357
4005,4061,CA1 LMR,CA1 R Receiving Apical Targeting,i,i,-155.514063224
4005,4066,CA1 LMR,CA1 OR LM,i,i,-90.2086449378048
4005,4076,CA1 LMR,CA1 Perforant Path Associated QuadD,i,i,-313.882761277008
4005,4078,CA1 LMR,CA1 Basket,i,i,-120.72038949427201
4005,4079,CA1 LMR,CA1 Basket CCK+,i,i,-147.6333370213984
4005,4080,CA1 LMR,CA1 Bistratified,i,i,-85.825820916864
4005,4081,CA1 LMR,CA1 Ivy,i,i,-78.1434658984176
4006,1000,CA1 Perforant Path Associated,DG Granule,i,e,-410.1623955455958
4006,1001,CA1 Perforant Path Associated,DG Semilunar Granule,i,e,-425.6154273912112
4006,1004,CA1 Perforant Path Associated,DG Total Molecular Layer,i,i,-165.0215454428213
4006,1005,CA1 Perforant Path Associated,DG MOLAX,i,i,-235.48983759098596
4006,1007,CA1 Perforant Path Associated,DG Neurogliaform,i,i,-300.6638341159681
4006,1008,CA1 Perforant Path Associated,DG MOPP,i,i,-476.08786664994676
4006,1009,CA1 Perforant Path Associated,DG HICAP,i,i,-203.48005832836057
4006,1010,CA1 Perforant Path Associated,DG Axo Axonic,i,i,-321.1879150621536
4006,1027,CA1 Perforant Path Associated,DG AIPRIM,i,i,-173.00326051548666
4006,1035,CA1 Perforant Path Associated,DG Basket,i,i,-302.91502392844865
4006,1041,CA1 Perforant Path Associated,DG Hilar Ectopic Granule,i,e,-380.5410889218456
4006,4000,CA1 Perforant Path Associated,CA1 Pyramidal,i,e,-685.5232627540223
4006,4003,CA1 Perforant Path Associated,CA1 Quadrilaminar,i,i,-696.0017666472768
4006,4005,CA1 Perforant Path Associated,CA1 LMR,i,i,-946.6298507560399
4006,4006,CA1 Perforant Path Associated,CA1 Perforant Path Associated,i,i,-469.1268061935742
4006,4011,CA1 Perforant Path Associated,CA1 Neurogliaform Projecting,i,i,-1228.2452297282375
4006,4012,CA1 Perforant Path Associated,CA1 Neurogliaform,i,i,-1230.7753726347285
4006,4013,CA1 Perforant Path Associated,CA1 Radial Trilaminar,i,i,-553.4112840278401
4006,4015,CA1 Perforant Path Associated,CA1 Schaffer Collateral Associated,i,i,-393.68499514680394
4006,4036,CA1 Perforant Path Associated,CA1 Axo Axonic,i,i,-603.813611268322
4006,4054,CA1 Perforant Path Associated,CA1 Radiatum Giant,i,e,-860.1806414215981
4006,4055,CA1 Perforant Path Associated,CA1 Oriens Alveus,i,i,-608.026993246176
4006,4076,CA1 Perforant Path Associated,CA1 Perforant Path Associated QuadD,i,i,-801.9042632092801
4006,4078,CA1 Perforant Path Associated,CA1 Basket,i,i,-497.778578567424
4006,4079,CA1 Perforant Path Associated,CA1 Basket CCK+,i,i,-685.0015287678091
4006,5005,CA1 Perforant Path Associated,SUB CA1 Projecting Pyramidal,i,e,-88240.648965
4011,1000,CA1 Neurogliaform Projecting,DG Granule,i,e,-34.782278294016
4011,1001,CA1 Neurogliaform Projecting,DG Semilunar Granule,i,e,-37.18527730176
4011,1004,CA1 Neurogliaform Projecting,DG Total Molecular Layer,i,i,-19.6696727578368
4011,1005,CA1 Neurogliaform Projecting,DG MOLAX,i,i,-36.0649063466496
4011,1007,CA1 Neurogliaform Projecting,DG Neurogliaform,i,i,-20.965446925824
4011,1008,CA1 Neurogliaform Projecting,DG MOPP,i,i,-25.3960768512
4011,1009,CA1 Neurogliaform Projecting,DG HICAP,i,i,-18.946092816504002
4011,1010,CA1 Neurogliaform Projecting,DG Axo Axonic,i,i,-25.946011003776007
4011,1027,CA1 Neurogliaform Projecting,DG AIPRIM,i,i,-17.24014423296
4011,1035,CA1 Neurogliaform Projecting,DG Basket,i,i,-19.070699519135996
4011,1041,CA1 Neurogliaform Projecting,DG Hilar Ectopic Granule,i,e,-39.55498971840001
4011,4000,CA1 Neurogliaform Projecting,CA1 Pyramidal,i,e,-37.258782879744
4011,4003,CA1 Neurogliaform Projecting,CA1 Quadrilaminar,i,i,-40.961044988063996
4011,4005,CA1 Neurogliaform Projecting,CA1 LMR,i,i,-46.10614966387199
4011,4006,CA1 Neurogliaform Projecting,CA1 Perforant Path Associated,i,i,-26.908247726899212
4011,4011,CA1 Neurogliaform Projecting,CA1 Neurogliaform Projecting,i,i,-69.36186630827518
4011,4012,CA1 Neurogliaform Projecting,CA1 Neurogliaform,i,i,-63.80739579110401
4011,4013,CA1 Neurogliaform Projecting,CA1 Radial Trilaminar,i,i,-34.796833623552
4011,4015,CA1 Neurogliaform Projecting,CA1 Schaffer Collateral Associated,i,i,-22.825711873355512
4011,4036,CA1 Neurogliaform Projecting,CA1 Axo Axonic,i,i,-31.38250077331201
4011,4054,CA1 Neurogliaform Projecting,CA1 Radiatum Giant,i,e,-48.361118747136
4011,4055,CA1 Neurogliaform Projecting,CA1 Oriens Alveus,i,i,-30.710629407360003
4011,4076,CA1 Neurogliaform Projecting,CA1 Perforant Path Associated QuadD,i,i,-54.343067999616
4011,4078,CA1 Neurogliaform Projecting,CA1 Basket,i,i,-23.966066835456004
4011,4079,CA1 Neurogliaform Projecting,CA1 Basket CCK+,i,i,-35.8642895176512
4012,4000,CA1 Neurogliaform,CA1 Pyramidal,i,e,-498.7138342441787
4012,4003,CA1 Neurogliaform,CA1 Quadrilaminar,i,i,-577.477069946952
4012,4005,CA1 Neurogliaform,CA1 LMR,i,i,-661.6301293107439
4012,4006,CA1 Neurogliaform,CA1 Perforant Path Associated,i,i,-372.38870030150065
4012,4011,CA1 Neurogliaform,CA1 Neurogliaform Projecting,i,i,-967.0348573058878
4012,4012,CA1 Neurogliaform,CA1 Neurogliaform,i,i,-841.0328368815743
4012,4013,CA1 Neurogliaform,CA1 Radial Trilaminar,i,i,-539.1641100552
4012,4015,CA1 Neurogliaform,CA1 Schaffer Collateral Associated,i,i,-336.9988757910745
4012,4036,CA1 Neurogliaform,CA1 Axo Axonic,i,i,-416.79829476322806
4012,4054,CA1 Neurogliaform,CA1 Radiatum Giant,i,e,-678.0620351275761
4012,4055,CA1 Neurogliaform,CA1 Oriens Alveus,i,i,-429.8353025026112
4012,4076,CA1 Neurogliaform,CA1 Perforant Path Associated QuadD,i,i,-759.6526148639999
4012,4078,CA1 Neurogliaform,CA1 Basket,i,i,-338.97546169087997
4012,4079,CA1 Neurogliaform,CA1 Basket CCK+,i,i,-486.2117791790688
4013,3007,CA1 Radial Trilaminar,CA2 Wide Arbor Basket,i,i,-10.851077946239997
4013,4000,CA1 Radial Trilaminar,CA1 Pyramidal,i,e,-165.94514470726918
4013,4003,CA1 Radial Trilaminar,CA1 Quadrilaminar,i,i,-171.503146674608
4013,4005,CA1 Radial Trilaminar,CA1 LMR,i,i,-43.274669654820244
4013,4006,CA1 Radial Trilaminar,CA1 Perforant Path Associated,i,i,-29.255114009097902
4013,4013,CA1 Radial Trilaminar,CA1 Radial Trilaminar,i,i,-149.231695375224
4013,4015,CA1 Radial Trilaminar,CA1 Schaffer Collateral Associated,i,i,-40.60397249156092
4013,4023,CA1 Radial Trilaminar,CA1 Back Projection,i,i,-68.82613286169601
4013,4028,CA1 Radial Trilaminar,CA1 Radiatum,i,i,-47.443997966736
4013,4033,CA1 Radial Trilaminar,CA1 SO SO,i,i,-76.2342334105275
4013,4035,CA1 Radial Trilaminar,CA1 Trilaminar,i,i,-94.47194714958002
4013,4036,CA1 Radial Trilaminar,CA1 Axo Axonic,i,i,-112.87490165427
4013,4038,CA1 Radial Trilaminar,CA1 Horizontal Axo Axonic,i,i,-35.4899563404414
4013,4039,CA1 Radial Trilaminar,CA1 Horizontal Basket,i,i,-109.69849255276799
4013,4054,CA1 Radial Trilaminar,CA1 Radiatum Giant,i,e,-67.97182818316801
4013,4055,CA1 Radial Trilaminar,CA1 Oriens Alveus,i,i,-127.05505936730876
4013,4061,CA1 Radial Trilaminar,CA1 R Receiving Apical Targeting,i,i,-78.59515673038398
4013,4066,CA1 Radial Trilaminar,CA1 OR LM,i,i,-89.34415112597942
4013,4069,CA1 Radial Trilaminar,CA1 O LM,i,i,-61.64320682675231
4013,4076,CA1 Radial Trilaminar,CA1 Perforant Path Associated QuadD,i,i,-230.44271043024003
4013,4078,CA1 Radial Trilaminar,CA1 Basket,i,i,-129.84255198275198
4013,4079,CA1 Radial Trilaminar,CA1 Basket CCK+,i,i,-151.4109638687184
4013,4080,CA1 Radial Trilaminar,CA1 Bistratified,i,i,-124.86040948054801
4013,4081,CA1 Radial Trilaminar,CA1 Ivy,i,i,-154.67523812181003
4013,4083,CA1 Radial Trilaminar,CA1 Oriens Bistratified,i,i,-37.39440662685001
4013,4087,CA1 Radial Trilaminar,CA1 O LMR,i,i,-71.7462053498736
4013,4089,CA1 Radial Trilaminar,CA1 Recurrent O LM,i,i,-65.58008432639998
4015,3007,CA1 Schaffer Collateral Associated,CA2 Wide Arbor Basket,i,i,-198.1683332450986
4015,4000,CA1 Schaffer Collateral Associated,CA1 Pyramidal,i,e,-1695.9048277761597
4015,4003,CA1 Schaffer Collateral Associated,CA1 Quadrilaminar,i,i,-1724.3375396241554
4015,4005,CA1 Schaffer Collateral Associated,CA1 LMR,i,i,-679.197181137493
4015,4006,CA1 Schaffer Collateral Associated,CA1 Perforant Path Associated,i,i,-394.39165184226187
4015,4013,CA1 Schaffer Collateral Associated,CA1 Radial Trilaminar,i,i,-1692.4782870523368
4015,4015,CA1 Schaffer Collateral Associated,CA1 Schaffer Collateral Associated,i,i,-375.2287761364328
4015,4023,CA1 Schaffer Collateral Associated,CA1 Back Projection,i,i,-569.6104131673967
4015,4028,CA1 Schaffer Collateral Associated,CA1 Radiatum,i,i,-673.2428769202274
4015,4033,CA1 Schaffer Collateral Associated,CA1 SO SO,i,i,-405.87409137115856
4015,4035,CA1 Schaffer Collateral Associated,CA1 Trilaminar,i,i,-503.80223647419706
4015,4036,CA1 Schaffer Collateral Associated,CA1 Axo Axonic,i,i,-1203.580807272546
4015,4038,CA1 Schaffer Collateral Associated,CA1 Horizontal Axo Axonic,i,i,-160.18571757264016
4015,4039,CA1 Schaffer Collateral Associated,CA1 Horizontal Basket,i,i,-588.6357613274599
4015,4054,CA1 Schaffer Collateral Associated,CA1 Radiatum Giant,i,e,-929.0478187360617
4015,4055,CA1 Schaffer Collateral Associated,CA1 Oriens Alveus,i,i,-1333.8261248573817
4015,4061,CA1 Schaffer Collateral Associated,CA1 R Receiving Apical Targeting,i,i,-934.1028809075583
4015,4066,CA1 Schaffer Collateral Associated,CA1 OR LM,i,i,-756.7131035841239
4015,4069,CA1 Schaffer Collateral Associated,CA1 O LM,i,i,-307.7678655675784
4015,4076,CA1 Schaffer Collateral Associated,CA1 Perforant Path Associated QuadD,i,i,-2391.9986363669886
4015,4078,CA1 Schaffer Collateral Associated,CA1 Basket,i,i,-1346.1241772467708
4015,4079,CA1 Schaffer Collateral Associated,CA1 Basket CCK+,i,i,-1515.4467559925547
4015,4080,CA1 Schaffer Collateral Associated,CA1 Bistratified,i,i,-1320.6906301596794
4015,4081,CA1 Schaffer Collateral Associated,CA1 Ivy,i,i,-1655.6542214811004
4015,4083,CA1 Schaffer Collateral Associated,CA1 Oriens Bistratified,i,i,-163.7587754245372
4015,4087,CA1 Schaffer Collateral Associated,CA1 O LMR,i,i,-313.7036508123294
4015,4089,CA1 Schaffer Collateral Associated,CA1 Recurrent O LM,i,i,-397.83275753487464
4023,1002,CA1 Back Projection,DG Mossy,i,e,-2390.6632042285205
4023,1004,CA1 Back Projection,DG Total Molecular Layer,i,i,-1396.6737349435311
4023,1005,CA1 Back Projection,DG MOLAX,i,i,-1496.50108256298
4023,1009,CA1 Back Projection,DG HICAP,i,i,-873.1419572625749
4023,1010,CA1 Back Projection,DG Axo Axonic,i,i,-738.8721308051722
4023,1013,CA1 Back Projection,DG HIPP,i,i,-1262.3735508384002
4023,1026,CA1 Back Projection,DG HIPROM,i,i,-1840.9809325438443
4023,1027,CA1 Back Projection,DG AIPRIM,i,i,-1195.606136325744
4023,1035,CA1 Back Projection,DG Basket,i,i,-842.6493941943166
4023,1041,CA1 Back Projection,DG Hilar Ectopic Granule,i,e,-1788.7691255616
4023,2000,CA1 Back Projection,CA3 Pyramidal,i,e,-9551.4468621
4023,2001,CA1 Back Projection,CA3 Granule,i,e,-1318.4752954673663
4023,2004,CA1 Back Projection,CA3c Pyramidal,i,e,-5258.993736087001
4023,2005,CA1 Back Projection,CA3 LMR Targeting,i,i,-2674.47409449792
4023,2009,CA1 Back Projection,CA3 O LM,i,i,-2280.92930434824
4023,2013,CA1 Back Projection,CA3 Lucidum ORAX,i,i,-1778.637586347508
4023,2019,CA1 Back Projection,CA3 Spiny Lucidum,i,i,-741.0652755645469
4023,2020,CA1 Back Projection,CA3 Trilaminar,i,i,-1812.04244178048
4023,2028,CA1 Back Projection,CA3 Axo Axonic,i,i,-3560.2277174100004
4023,2035,CA1 Back Projection,CA3 Mossy Fiber Associated ORDEN,i,i,-3849.1907083944593
4023,2036,CA1 Back Projection,CA3 Mossy Fiber Associated,i,i,-2063.991995595526
4023,2043,CA1 Back Projection,CA3 Basket,i,i,-5943.780451808782
4023,2044,CA1 Back Projection,CA3 Basket CCK+,i,i,-2744.569457272499
4023,2047,CA1 Back Projection,CA3 Horizontal Axo Axonic,i,i,-2038.3606500817561
4023,3007,CA1 Back Projection,CA2 Wide Arbor Basket,i,i,-340.05904038797587
4023,4000,CA1 Back Projection,CA1 Pyramidal,i,e,-2752.07743762848
4023,4003,CA1 Back Projection,CA1 Quadrilaminar,i,i,-3135.90470466273
4023,4005,CA1 Back Projection,CA1 LMR,i,i,-1463.1690085692965
4023,4006,CA1 Back Projection,CA1 Perforant Path Associated,i,i,-806.8093364377697
4023,4011,CA1 Back Projection,CA1 Neurogliaform Projecting,i,i,-859.520882899879
4023,4012,CA1 Back Projection,CA1 Neurogliaform,i,i,-964.6518575944535
4023,4013,CA1 Back Projection,CA1 Radial Trilaminar,i,i,-3082.4085094400007
4023,4015,CA1 Back Projection,CA1 Schaffer Collateral Associated,i,i,-902.1654360778017
4023,4023,CA1 Back Projection,CA1 Back Projection,i,i,-1013.2194899845979
4023,4028,CA1 Back Projection,CA1 Radiatum,i,i,-487.5228731646
4023,4033,CA1 Back Projection,CA1 SO SO,i,i,-799.1812457679961
4023,4035,CA1 Back Projection,CA1 Trilaminar,i,i,-922.959604961823
4023,4036,CA1 Back Projection,CA1 Axo Axonic,i,i,-2183.276690346115
4023,4038,CA1 Back Projection,CA1 Horizontal Axo Axonic,i,i,-479.01983748075605
4023,4039,CA1 Back Projection,CA1 Horizontal Basket,i,i,-1447.7441526730624
4023,4054,CA1 Back Projection,CA1 Radiatum Giant,i,e,-1603.9442042325002
4023,4055,CA1 Back Projection,CA1 Oriens Alveus,i,i,-2494.558289313792
4023,4061,CA1 Back Projection,CA1 R Receiving Apical Targeting,i,i,-751.96080813568
4023,4066,CA1 Back Projection,CA1 OR LM,i,i,-861.7617151116364
4023,4069,CA1 Back Projection,CA1 O LM,i,i,-622.311153734942
4023,4076,CA1 Back Projection,CA1 Perforant Path Associated QuadD,i,i,-3817.2207387600006
4023,4078,CA1 Back Projection,CA1 Basket,i,i,-2223.0362502150397
4023,4079,CA1 Back Projection,CA1 Basket CCK+,i,i,-2763.5599751855684
4023,4080,CA1 Back Projection,CA1 Bistratified,i,i,-1744.7238414777598
4023,4081,CA1 Back Projection,CA1 Ivy,i,i,-2138.6762283980806
4023,4083,CA1 Back Projection,CA1 Oriens Bistratified,i,i,-486.67215066288003
4023,4087,CA1 Back Projection,CA1 O LMR,i,i,-778.1301243206399
4023,4089,CA1 Back Projection,CA1 Recurrent O LM,i,i,-657.4649611467601
4028,4000,CA1 Radiatum,CA1 Pyramidal,i,e,-53.54274287673791
4028,4003,CA1 Radiatum,CA1 Quadrilaminar,i,i,-72.72673863334201
4028,4005,CA1 Radiatum,CA1 LMR,i,i,-79.28456652096335
4028,4006,CA1 Radiatum,CA1 Perforant Path Associated,i,i,-44.05437391041505
4028,4013,CA1 Radiatum,CA1 Radial Trilaminar,i,i,-65.74362196032001
4028,4015,CA1 Radiatum,CA1 Schaffer Collateral Associated,i,i,-55.73908998877218
4028,4028,CA1 Radiatum,CA1 Radiatum,i,i,-69.40554761564928
4028,4036,CA1 Radiatum,CA1 Axo Axonic,i,i,-46.49493507120002
4028,4054,CA1 Radiatum,CA1 Radiatum Giant,i,e,-92.0461787200464
4028,4055,CA1 Radiatum,CA1 Oriens Alveus,i,i,-55.27097397761147
4028,4061,CA1 Radiatum,CA1 R Receiving Apical Targeting,i,i,-95.8572664086996
4028,4066,CA1 Radiatum,CA1 OR LM,i,i,-52.519852806651365
4028,4076,CA1 Radiatum,CA1 Perforant Path Associated QuadD,i,i,-127.63488137657401
4028,4078,CA1 Radiatum,CA1 Basket,i,i,-55.4046601248
4028,4079,CA1 Radiatum,CA1 Basket CCK+,i,i,-60.220737926036996
4028,4080,CA1 Radiatum,CA1 Bistratified,i,i,-53.877642485184005
4028,4081,CA1 Radiatum,CA1 Ivy,i,i,-49.41774055548
4033,4000,CA1 SO SO,CA1 Pyramidal,i,e,-346.56875880033596
4033,4003,CA1 SO SO,CA1 Quadrilaminar,i,i,-308.506210707856
4033,4013,CA1 SO SO,CA1 Radial Trilaminar,i,i,-300.16737617592
4033,4023,CA1 SO SO,CA1 Back Projection,i,i,-243.4875178629855
4033,4033,CA1 SO SO,CA1 SO SO,i,i,-395.17643747433596
4033,4035,CA1 SO SO,CA1 Trilaminar,i,i,-478.440272172753
4033,4036,CA1 SO SO,CA1 Axo Axonic,i,i,-243.04333448014722
4033,4038,CA1 SO SO,CA1 Horizontal Axo Axonic,i,i,-264.0743927478721
4033,4039,CA1 SO SO,CA1 Horizontal Basket,i,i,-672.6813269216541
4033,4055,CA1 SO SO,CA1 Oriens Alveus,i,i,-258.66974503532794
4033,4066,CA1 SO SO,CA1 OR LM,i,i,-189.26370370257843
4033,4069,CA1 SO SO,CA1 O LM,i,i,-346.98191250809697
4033,4076,CA1 SO SO,CA1 Perforant Path Associated QuadD,i,i,-285.20768746899
4033,4078,CA1 SO SO,CA1 Basket,i,i,-266.078244679296
4033,4079,CA1 SO SO,CA1 Basket CCK+,i,i,-281.13921814797
4033,4080,CA1 SO SO,CA1 Bistratified,i,i,-248.95184019254998
4033,4081,CA1 SO SO,CA1 Ivy,i,i,-319.1981692914
4033,4083,CA1 SO SO,CA1 Oriens Bistratified,i,i,-271.31387165315994
4033,4087,CA1 SO SO,CA1 O LMR,i,i,-433.553327539605
4033,4089,CA1 SO SO,CA1 Recurrent O LM,i,i,-314.7203896012
4035,3007,CA1 Trilaminar,CA2 Wide Arbor Basket,i,i,-289.6362162280187
4035,4000,CA1 Trilaminar,CA1 Pyramidal,i,e,-1386.79553811582
4035,4003,CA1 Trilaminar,CA1 Quadrilaminar,i,i,-1509.9548613962163
4035,4005,CA1 Trilaminar,CA1 LMR,i,i,-386.5629212370179
4035,4006,CA1 Trilaminar,CA1 Perforant Path Associated,i,i,-208.14001531190164
4035,4013,CA1 Trilaminar,CA1 Radial Trilaminar,i,i,-1561.7802244968
4035,4015,CA1 Trilaminar,CA1 Schaffer Collateral Associated,i,i,-296.318830818937
4035,4023,CA1 Trilaminar,CA1 Back Projection,i,i,-673.9741875900879
4035,4028,CA1 Trilaminar,CA1 Radiatum,i,i,-333.300761219328
4035,4033,CA1 Trilaminar,CA1 SO SO,i,i,-419.209389289152
4035,4035,CA1 Trilaminar,CA1 Trilaminar,i,i,-454.40522413486195
4035,4036,CA1 Trilaminar,CA1 Axo Axonic,i,i,-1090.9432517695802
4035,4038,CA1 Trilaminar,CA1 Horizontal Axo Axonic,i,i,-287.4419314767
4035,4039,CA1 Trilaminar,CA1 Horizontal Basket,i,i,-938.1924892820482
4035,4054,CA1 Trilaminar,CA1 Radiatum Giant,i,e,-438.20874026397007
4035,4055,CA1 Trilaminar,CA1 Oriens Alveus,i,i,-1232.649303118968
4035,4061,CA1 Trilaminar,CA1 R Receiving Apical Targeting,i,i,-449.82353525199994
4035,4066,CA1 Trilaminar,CA1 OR LM,i,i,-450.7104248342389
4035,4069,CA1 Trilaminar,CA1 O LM,i,i,-308.3731316306783
4035,4076,CA1 Trilaminar,CA1 Perforant Path Associated QuadD,i,i,-1795.4540159001604
4035,4078,CA1 Trilaminar,CA1 Basket,i,i,-1154.2308150048
4035,4079,CA1 Trilaminar,CA1 Basket CCK+,i,i,-1398.38351515016
4035,4080,CA1 Trilaminar,CA1 Bistratified,i,i,-1191.9307010431999
4035,4081,CA1 Trilaminar,CA1 Ivy,i,i,-1522.39875416937
4035,4083,CA1 Trilaminar,CA1 Oriens Bistratified,i,i,-292.22850205368
4035,4087,CA1 Trilaminar,CA1 O LMR,i,i,-387.89349710312246
4035,4089,CA1 Trilaminar,CA1 Recurrent O LM,i,i,-332.4078515808
4035,5005,CA1 Trilaminar,SUB CA1 Projecting Pyramidal,i,e,-838.78146697254
4036,4000,CA1 Axo Axonic,CA1 Pyramidal,i,e,-223.86477262732654
4036,4054,CA1 Axo Axonic,CA1 Radiatum Giant,i,e,-257.3165617746797
4038,4000,CA1 Horizontal Axo Axonic,CA1 Pyramidal,i,e,-112.54813712407984
4038,4054,CA1 Horizontal Axo Axonic,CA1 Radiatum Giant,i,e,-133.8797986962677
4039,4000,CA1 Horizontal Basket,CA1 Pyramidal,i,e,-2941.9887647126575
4039,4013,CA1 Horizontal Basket,CA1 Radial Trilaminar,i,i,-5525.324154429722
4039,4036,CA1 Horizontal Basket,CA1 Axo Axonic,i,i,-2745.978179093751
4039,4039,CA1 Horizontal Basket,CA1 Horizontal Basket,i,i,-3478.5619646602577
4039,4054,CA1 Horizontal Basket,CA1 Radiatum Giant,i,e,-4464.090320450762
4039,4066,CA1 Horizontal Basket,CA1 OR LM,i,i,-1981.9765241485034
4039,4078,CA1 Horizontal Basket,CA1 Basket,i,i,-2902.3295251213353
4039,4079,CA1 Horizontal Basket,CA1 Basket CCK+,i,i,-3348.933598973451
4039,4080,CA1 Horizontal Basket,CA1 Bistratified,i,i,-3748.9775908578717
4039,4081,CA1 Horizontal Basket,CA1 Ivy,i,i,-4893.405686188446
4054,4000,CA1 Radiatum Giant,CA1 Pyramidal,e,e,1808.126274584448
4054,4003,CA1 Radiatum Giant,CA1 Quadrilaminar,e,i,637.0945491731185
4054,4013,CA1 Radiatum Giant,CA1 Radial Trilaminar,e,i,392.77359470950273
4054,4023,CA1 Radiatum Giant,CA1 Back Projection,e,i,1043.4261958778877
4054,4033,CA1 Radiatum Giant,CA1 SO SO,e,i,1478.02807798512
4054,4035,CA1 Radiatum Giant,CA1 Trilaminar,e,i,2390.54634602496
4054,4036,CA1 Radiatum Giant,CA1 Axo Axonic,e,i,1022.7077085123761
4054,4038,CA1 Radiatum Giant,CA1 Horizontal Axo Axonic,e,i,430.4094116038891
4054,4039,CA1 Radiatum Giant,CA1 Horizontal Basket,e,i,1168.9013802282345
4054,4055,CA1 Radiatum Giant,CA1 Oriens Alveus,e,i,549.5984967949057
4054,4066,CA1 Radiatum Giant,CA1 OR LM,e,i,1217.9702732666112
4054,4069,CA1 Radiatum Giant,CA1 O LM,e,i,990.0511658999997
4054,4076,CA1 Radiatum Giant,CA1 Perforant Path Associated QuadD,e,i,596.7808386048
4054,4078,CA1 Radiatum Giant,CA1 Basket,e,i,702.487195640568
4054,4079,CA1 Radiatum Giant,CA1 Basket CCK+,e,i,842.7368119442688
4054,4080,CA1 Radiatum Giant,CA1 Bistratified,e,i,895.2399478041601
4054,4081,CA1 Radiatum Giant,CA1 Ivy,e,i,1110.7505226554883
4054,4083,CA1 Radiatum Giant,CA1 Oriens Bistratified,e,i,666.6998045368321
4054,4087,CA1 Radiatum Giant,CA1 O LMR,e,i,846.0242332026314
4054,4089,CA1 Radiatum Giant,CA1 Recurrent O LM,e,i,2623.7016676713597
4055,3007,CA1 Oriens Alveus,CA2 Wide Arbor Basket,i,i,-66.54118425724748
4055,4000,CA1 Oriens Alveus,CA1 Pyramidal,i,e,-377.00647036975
4055,4003,CA1 Oriens Alveus,CA1 Quadrilaminar,i,i,-442.3663805617729
4055,4013,CA1 Oriens Alveus,CA1 Radial Trilaminar,i,i,-440.77331649727995
4055,4023,CA1 Oriens Alveus,CA1 Back Projection,i,i,-316.981847842932
4055,4033,CA1 Oriens Alveus,CA1 SO SO,i,i,-401.628562772976
4055,4035,CA1 Oriens Alveus,CA1 Trilaminar,i,i,-422.9570484433801
4055,4036,CA1 Oriens Alveus,CA1 Axo Axonic,i,i,-297.6269223530311
4055,4038,CA1 Oriens Alveus,CA1 Horizontal Axo Axonic,i,i,-191.122956239886
4055,4039,CA1 Oriens Alveus,CA1 Horizontal Basket,i,i,-827.7800344077599
4055,4055,CA1 Oriens Alveus,CA1 Oriens Alveus,i,i,-338.1967984647808
4055,4066,CA1 Oriens Alveus,CA1 OR LM,i,i,-141.7302150082992
4055,4069,CA1 Oriens Alveus,CA1 O LM,i,i,-245.02733457272814
4055,4076,CA1 Oriens Alveus,CA1 Perforant Path Associated QuadD,i,i,-407.47607126424
4055,4078,CA1 Oriens Alveus,CA1 Basket,i,i,-346.219724889792
4055,4079,CA1 Oriens Alveus,CA1 Basket CCK+,i,i,-410.29888866249007
4055,4080,CA1 Oriens Alveus,CA1 Bistratified,i,i,-368.44385570899203
4055,4081,CA1 Oriens Alveus,CA1 Ivy,i,i,-482.04864271265126
4055,4083,CA1 Oriens Alveus,CA1 Oriens Bistratified,i,i,-204.9978543837
4055,4087,CA1 Oriens Alveus,CA1 O LMR,i,i,-289.35997437244794
4055,4089,CA1 Oriens Alveus,CA1 Recurrent O LM,i,i,-329.94030882384
4061,4000,CA1 R Receiving Apical Targeting,CA1 Pyramidal,i,e,-404.556774158848
4061,4003,CA1 R Receiving Apical Targeting,CA1 Quadrilaminar,i,i,-402.88791640832
4061,4005,CA1 R Receiving Apical Targeting,CA1 LMR,i,i,-514.5635425357824
4061,4006,CA1 R Receiving Apical Targeting,CA1 Perforant Path Associated,i,i,-258.7916192153601
4061,4011,CA1 R Receiving Apical Targeting,CA1 Neurogliaform Projecting,i,i,-182.15923442227196
4061,4012,CA1 R Receiving Apical Targeting,CA1 Neurogliaform,i,i,-196.0825120128
4061,4013,CA1 R Receiving Apical Targeting,CA1 Radial Trilaminar,i,i,-334.41966538752
4061,4015,CA1 R Receiving Apical Targeting,CA1 Schaffer Collateral Associated,i,i,-264.86357216814196
4061,4028,CA1 R Receiving Apical Targeting,CA1 Radiatum,i,i,-205.67189489172483
4061,4036,CA1 R Receiving Apical Targeting,CA1 Axo Axonic,i,i,-287.66137616640003
4061,4054,CA1 R Receiving Apical Targeting,CA1 Radiatum Giant,i,e,-501.16800419840007
4061,4055,CA1 R Receiving Apical Targeting,CA1 Oriens Alveus,i,i,-335.30599842508803
4061,4061,CA1 R Receiving Apical Targeting,CA1 R Receiving Apical Targeting,i,i,-321.351459538944
4061,4066,CA1 R Receiving Apical Targeting,CA1 OR LM,i,i,-162.529135473024
4061,4076,CA1 R Receiving Apical Targeting,CA1 Perforant Path Associated QuadD,i,i,-533.85101662464
4061,4078,CA1 R Receiving Apical Targeting,CA1 Basket,i,i,-293.721611264
4061,4079,CA1 R Receiving Apical Targeting,CA1 Basket CCK+,i,i,-346.63266785792007
4061,4080,CA1 R Receiving Apical Targeting,CA1 Bistratified,i,i,-166.93229483519997
4061,4081,CA1 R Receiving Apical Targeting,CA1 Ivy,i,i,-158.83870516400643
4066,4000,CA1 OR LM,CA1 Pyramidal,i,e,-228.00957513062403
4066,4003,CA1 OR LM,CA1 Quadrilaminar,i,i,-289.13334112060204
4066,4005,CA1 OR LM,CA1 LMR,i,i,-304.46106343536235
4066,4006,CA1 OR LM,CA1 Perforant Path Associated,i,i,-188.81570103669003
4066,4011,CA1 OR LM,CA1 Neurogliaform Projecting,i,i,-390.15752515776893
4066,4012,CA1 OR LM,CA1 Neurogliaform,i,i,-354.92864844833275
4066,4013,CA1 OR LM,CA1 Radial Trilaminar,i,i,-242.85711631104002
4066,4015,CA1 OR LM,CA1 Schaffer Collateral Associated,i,i,-134.84868281670717
4066,4036,CA1 OR LM,CA1 Axo Axonic,i,i,-200.45041506986408
4066,4054,CA1 OR LM,CA1 Radiatum Giant,i,e,-325.74552032030397
4066,4055,CA1 OR LM,CA1 Oriens Alveus,i,i,-197.31186822551038
4066,4076,CA1 OR LM,CA1 Perforant Path Associated QuadD,i,i,-382.39097615482507
4066,4078,CA1 OR LM,CA1 Basket,i,i,-146.4235324463808
4066,4079,CA1 OR LM,CA1 Basket CCK+,i,i,-226.15379685602377
4069,4000,CA1 O LM,CA1 Pyramidal,i,e,-274.8424173018012
4069,4003,CA1 O LM,CA1 Quadrilaminar,i,i,-311.16953821220204
4069,4005,CA1 O LM,CA1 LMR,i,i,-367.9852080888324
4069,4006,CA1 O LM,CA1 Perforant Path Associated,i,i,-205.41408287217928
4069,4011,CA1 O LM,CA1 Neurogliaform Projecting,i,i,-446.27291849206443
4069,4012,CA1 O LM,CA1 Neurogliaform,i,i,-392.3943689955303
4069,4013,CA1 O LM,CA1 Radial Trilaminar,i,i,-276.7348443216
4069,4015,CA1 O LM,CA1 Schaffer Collateral Associated,i,i,-178.2874718077864
4069,4036,CA1 O LM,CA1 Axo Axonic,i,i,-225.21169511480326
4069,4054,CA1 O LM,CA1 Radiatum Giant,i,e,-361.24886881422003
4069,4055,CA1 O LM,CA1 Oriens Alveus,i,i,-236.203281920736
4069,4076,CA1 O LM,CA1 Perforant Path Associated QuadD,i,i,-393.239439764325
4069,4078,CA1 O LM,CA1 Basket,i,i,-186.24243259664004
4069,4079,CA1 O LM,CA1 Basket CCK+,i,i,-262.8342914026272
4076,4003,CA1 Perforant Path Associated QuadD,CA1 Quadrilaminar,i,i,-41.52939552505921
4076,4005,CA1 Perforant Path Associated QuadD,CA1 LMR,i,i,-57.32426433359999
4076,4006,CA1 Perforant Path Associated QuadD,CA1 Perforant Path Associated,i,i,-28.478401734076805
4076,4011,CA1 Perforant Path Associated QuadD,CA1 Neurogliaform Projecting,i,i,-71.909730464418
4076,4012,CA1 Perforant Path Associated QuadD,CA1 Neurogliaform,i,i,-69.66819600048
4076,4013,CA1 Perforant Path Associated QuadD,CA1 Radial Trilaminar,i,i,-35.02076963616
4076,4015,CA1 Perforant Path Associated QuadD,CA1 Schaffer Collateral Associated,i,i,-23.940307300713744
4076,4036,CA1 Perforant Path Associated QuadD,CA1 Axo Axonic,i,i,-34.886486464117205
4076,4055,CA1 Perforant Path Associated QuadD,CA1 Oriens Alveus,i,i,-36.7560000112272
4076,4076,CA1 Perforant Path Associated QuadD,CA1 Perforant Path Associated QuadD,i,i,-47.703724855644
4076,4078,CA1 Perforant Path Associated QuadD,CA1 Basket,i,i,-29.978863292928004
4076,4079,CA1 Perforant Path Associated QuadD,CA1 Basket CCK+,i,i,-39.870460421074796
4078,4000,CA1 Basket,CA1 Pyramidal,i,e,-6486.070905251756
4078,4013,CA1 Basket,CA1 Radial Trilaminar,i,i,-5058.244394227261
4078,4036,CA1 Basket,CA1 Axo Axonic,i,i,-3684.105878699405
4078,4039,CA1 Basket,CA1 Horizontal Basket,i,i,-4629.172014796329
4078,4054,CA1 Basket,CA1 Radiatum Giant,i,e,-5897.135275231496
4078,4066,CA1 Basket,CA1 OR LM,i,i,-2633.5779957736863
4078,4078,CA1 Basket,CA1 Basket,i,i,-3937.4169184850407
4078,4079,CA1 Basket,CA1 Basket CCK+,i,i,-4105.228870604433
4078,4080,CA1 Basket,CA1 Bistratified,i,i,-3377.598787123974
4078,4081,CA1 Basket,CA1 Ivy,i,i,-4705.464689871405
4079,4000,CA1 Basket CCK+,CA1 Pyramidal,i,e,-10764.811582513881
4079,4013,CA1 Basket CCK+,CA1 Radial Trilaminar,i,i,-12095.678105220019
4079,4036,CA1 Basket CCK+,CA1 Axo Axonic,i,i,-7911.277379999589
4079,4039,CA1 Basket CCK+,CA1 Horizontal Basket,i,i,-9651.142763438538
4079,4054,CA1 Basket CCK+,CA1 Radiatum Giant,i,e,-12502.931175701699
4079,4066,CA1 Basket CCK+,CA1 OR LM,i,i,-5586.5795707610505
4079,4078,CA1 Basket CCK+,CA1 Basket,i,i,-8008.7869568620035
4079,4079,CA1 Basket CCK+,CA1 Basket CCK+,i,i,-8908.811549156924
4079,4080,CA1 Basket CCK+,CA1 Bistratified,i,i,-8342.406396585975
4079,4081,CA1 Basket CCK+,CA1 Ivy,i,i,-11018.065182059321
4080,3007,CA1 Bistratified,CA2 Wide Arbor Basket,i,i,-101.74836997979133
4080,4000,CA1 Bistratified,CA1 Pyramidal,i,e,-1992.0890333808572
4080,4003,CA1 Bistratified,CA1 Quadrilaminar,i,i,-2104.116245545348
4080,4005,CA1 Bistratified,CA1 LMR,i,i,-886.4325667671935
4080,4006,CA1 Bistratified,CA1 Perforant Path Associated,i,i,-531.5957651221993
4080,4013,CA1 Bistratified,CA1 Radial Trilaminar,i,i,-2197.3733461180796
4080,4015,CA1 Bistratified,CA1 Schaffer Collateral Associated,i,i,-738.4940233895467
4080,4023,CA1 Bistratified,CA1 Back Projection,i,i,-652.3295734031999
4080,4028,CA1 Bistratified,CA1 Radiatum,i,i,-840.2772502139903
4080,4033,CA1 Bistratified,CA1 SO SO,i,i,-800.3602600812
4080,4035,CA1 Bistratified,CA1 Trilaminar,i,i,-922.9641047094601
4080,4036,CA1 Bistratified,CA1 Axo Axonic,i,i,-1362.0617055252485
4080,4038,CA1 Bistratified,CA1 Horizontal Axo Axonic,i,i,-428.2009709291999
4080,4039,CA1 Bistratified,CA1 Horizontal Basket,i,i,-1452.32267736713
4080,4054,CA1 Bistratified,CA1 Radiatum Giant,i,e,-1179.062196136104
4080,4055,CA1 Bistratified,CA1 Oriens Alveus,i,i,-1588.974931698739
4080,4061,CA1 Bistratified,CA1 R Receiving Apical Targeting,i,i,-1189.7743170636718
4080,4066,CA1 Bistratified,CA1 OR LM,i,i,-1115.3461404132001
4080,4069,CA1 Bistratified,CA1 O LM,i,i,-600.8522971724658
4080,4076,CA1 Bistratified,CA1 Perforant Path Associated QuadD,i,i,-2756.534500482048
4080,4078,CA1 Bistratified,CA1 Basket,i,i,-1572.0135945039362
4080,4079,CA1 Bistratified,CA1 Basket CCK+,i,i,-1932.4427412736516
4080,4080,CA1 Bistratified,CA1 Bistratified,i,i,-1628.674894961136
4080,4081,CA1 Bistratified,CA1 Ivy,i,i,-1938.1211922659331
4080,4083,CA1 Bistratified,CA1 Oriens Bistratified,i,i,-438.7577070042001
4080,4087,CA1 Bistratified,CA1 O LMR,i,i,-727.0325775072358
4080,4089,CA1 Bistratified,CA1 Recurrent O LM,i,i,-678.7481561783999
4081,3007,CA1 Ivy,CA2 Wide Arbor Basket,i,i,-198.30273016805094
4081,4000,CA1 Ivy,CA1 Pyramidal,i,e,-1319.0943716717757
4081,4003,CA1 Ivy,CA1 Quadrilaminar,i,i,-1593.6225808973184
4081,4005,CA1 Ivy,CA1 LMR,i,i,-227.81205306561057
4081,4006,CA1 Ivy,CA1 Perforant Path Associated,i,i,-165.183397187832
4081,4013,CA1 Ivy,CA1 Radial Trilaminar,i,i,-1679.646855372448
4081,4015,CA1 Ivy,CA1 Schaffer Collateral Associated,i,i,-266.4776559324284
4081,4023,CA1 Ivy,CA1 Back Projection,i,i,-741.4329953608201
4081,4028,CA1 Ivy,CA1 Radiatum,i,i,-273.01937584649284
4081,4033,CA1 Ivy,CA1 SO SO,i,i,-777.7708166619722
4081,4035,CA1 Ivy,CA1 Trilaminar,i,i,-844.7123803179602
4081,4036,CA1 Ivy,CA1 Axo Axonic,i,i,-988.8233424753321
4081,4038,CA1 Ivy,CA1 Horizontal Axo Axonic,i,i,-469.6637354347499
4081,4039,CA1 Ivy,CA1 Horizontal Basket,i,i,-1660.8417874561694
4081,4054,CA1 Ivy,CA1 Radiatum Giant,i,e,-410.039748942912
4081,4055,CA1 Ivy,CA1 Oriens Alveus,i,i,-1161.0757193639554
4081,4061,CA1 Ivy,CA1 R Receiving Apical Targeting,i,i,-448.9042363798081
4081,4066,CA1 Ivy,CA1 OR LM,i,i,-685.3316670086544
4081,4069,CA1 Ivy,CA1 O LM,i,i,-547.6707664724016
4081,4076,CA1 Ivy,CA1 Perforant Path Associated QuadD,i,i,-2052.3086014285795
4081,4078,CA1 Ivy,CA1 Basket,i,i,-1159.1158767621123
4081,4079,CA1 Ivy,CA1 Basket CCK+,i,i,-1365.5618006518803
4081,4080,CA1 Ivy,CA1 Bistratified,i,i,-1260.767320733778
4081,4081,CA1 Ivy,CA1 Ivy,i,i,-1533.389858211132
4081,4083,CA1 Ivy,CA1 Oriens Bistratified,i,i,-473.47506144899995
4081,4087,CA1 Ivy,CA1 O LMR,i,i,-687.9370462721065
4081,4089,CA1 Ivy,CA1 Recurrent O LM,i,i,-633.4016482079999
4083,4000,CA1 Oriens Bistratified,CA1 Pyramidal,i,e,-227.91123184999992
4083,4003,CA1 Oriens Bistratified,CA1 Quadrilaminar,i,i,-258.66955384008
4083,4005,CA1 Oriens Bistratified,CA1 LMR,i,i,-114.56413327690241
4083,4006,CA1 Oriens Bistratified,CA1 Perforant Path Associated,i,i,-82.23968588563604
4083,4013,CA1 Oriens Bistratified,CA1 Radial Trilaminar,i,i,-195.31065456576
4083,4015,CA1 Oriens Bistratified,CA1 Schaffer Collateral Associated,i,i,-121.96235185956584
4083,4023,CA1 Oriens Bistratified,CA1 Back Projection,i,i,-47.05204834473
4083,4028,CA1 Oriens Bistratified,CA1 Radiatum,i,i,-128.3691443664
4083,4033,CA1 Oriens Bistratified,CA1 SO SO,i,i,-131.24962865090998
4083,4035,CA1 Oriens Bistratified,CA1 Trilaminar,i,i,-143.11365057528
4083,4036,CA1 Oriens Bistratified,CA1 Axo Axonic,i,i,-140.10645063340402
4083,4038,CA1 Oriens Bistratified,CA1 Horizontal Axo Axonic,i,i,-35.178616403424
4083,4039,CA1 Oriens Bistratified,CA1 Horizontal Basket,i,i,-187.398916904352
4083,4055,CA1 Oriens Bistratified,CA1 Oriens Alveus,i,i,-171.555363385824
4083,4061,CA1 Oriens Bistratified,CA1 R Receiving Apical Targeting,i,i,-220.511377772
4083,4066,CA1 Oriens Bistratified,CA1 OR LM,i,i,-190.61662631616002
4083,4069,CA1 Oriens Bistratified,CA1 O LM,i,i,-67.33758303295198
4083,4076,CA1 Oriens Bistratified,CA1 Perforant Path Associated QuadD,i,i,-447.000314805
4083,4078,CA1 Oriens Bistratified,CA1 Basket,i,i,-185.18207162559997
4083,4079,CA1 Oriens Bistratified,CA1 Basket CCK+,i,i,-189.088974677732
4083,4080,CA1 Oriens Bistratified,CA1 Bistratified,i,i,-173.16548568
4083,4081,CA1 Oriens Bistratified,CA1 Ivy,i,i,-138.13987365360003
4083,4083,CA1 Oriens Bistratified,CA1 Oriens Bistratified,i,i,-42.30684623868
4083,4087,CA1 Oriens Bistratified,CA1 O LMR,i,i,-59.366465733770994
4083,4089,CA1 Oriens Bistratified,CA1 Recurrent O LM,i,i,-118.9602083584
4087,4000,CA1 O LMR,CA1 Pyramidal,i,e,-363.749794820412
4087,4003,CA1 O LMR,CA1 Quadrilaminar,i,i,-478.66074696296647
4087,4005,CA1 O LMR,CA1 LMR,i,i,-413.18504020955004
4087,4006,CA1 O LMR,CA1 Perforant Path Associated,i,i,-269.76363032819205
4087,4011,CA1 O LMR,CA1 Neurogliaform Projecting,i,i,-235.2231048920558
4087,4012,CA1 O LMR,CA1 Neurogliaform,i,i,-227.7021322465344
4087,4013,CA1 O LMR,CA1 Radial Trilaminar,i,i,-370.6145855104001
4087,4015,CA1 O LMR,CA1 Schaffer Collateral Associated,i,i,-325.59661660490843
4087,4028,CA1 O LMR,CA1 Radiatum,i,i,-199.187669576448
4087,4036,CA1 O LMR,CA1 Axo Axonic,i,i,-269.2380959750273
4087,4054,CA1 O LMR,CA1 Radiatum Giant,i,e,-550.7607959531999
4087,4055,CA1 O LMR,CA1 Oriens Alveus,i,i,-288.69021962922955
4087,4061,CA1 O LMR,CA1 R Receiving Apical Targeting,i,i,-316.129573761456
4087,4066,CA1 O LMR,CA1 OR LM,i,i,-197.0286903268992
4087,4076,CA1 O LMR,CA1 Perforant Path Associated QuadD,i,i,-886.6163945668259
4087,4078,CA1 O LMR,CA1 Basket,i,i,-254.44940136
4087,4079,CA1 O LMR,CA1 Basket CCK+,i,i,-339.65571729488
4087,4080,CA1 O LMR,CA1 Bistratified,i,i,-131.9917899664
4087,4081,CA1 O LMR,CA1 Ivy,i,i,-90.9927726349824
4089,4000,CA1 Recurrent O LM,CA1 Pyramidal,i,e,-176.79635128848
4089,4003,CA1 Recurrent O LM,CA1 Quadrilaminar,i,i,-175.64728048140003
4089,4005,CA1 Recurrent O LM,CA1 LMR,i,i,-149.66859292862395
4089,4006,CA1 Recurrent O LM,CA1 Perforant Path Associated,i,i,-75.22675807852801
4089,4011,CA1 Recurrent O LM,CA1 Neurogliaform Projecting,i,i,-181.37312776428303
4089,4012,CA1 Recurrent O LM,CA1 Neurogliaform,i,i,-173.29304463113996
4089,4013,CA1 Recurrent O LM,CA1 Radial Trilaminar,i,i,-165.06175620480002
4089,4015,CA1 Recurrent O LM,CA1 Schaffer Collateral Associated,i,i,-66.60970519549802
4089,4023,CA1 Recurrent O LM,CA1 Back Projection,i,i,-30.915230908799998
4089,4033,CA1 Recurrent O LM,CA1 SO SO,i,i,-60.100227373725
4089,4035,CA1 Recurrent O LM,CA1 Trilaminar,i,i,-66.6476239968
4089,4036,CA1 Recurrent O LM,CA1 Axo Axonic,i,i,-133.13336516928
4089,4038,CA1 Recurrent O LM,CA1 Horizontal Axo Axonic,i,i,-32.3929094832
4089,4039,CA1 Recurrent O LM,CA1 Horizontal Basket,i,i,-112.31661396957404
4089,4054,CA1 Recurrent O LM,CA1 Radiatum Giant,i,e,-135.37205470516
4089,4055,CA1 Recurrent O LM,CA1 Oriens Alveus,i,i,-148.93042332168
4089,4066,CA1 Recurrent O LM,CA1 OR LM,i,i,-24.012596853
4089,4069,CA1 Recurrent O LM,CA1 O LM,i,i,-43.914657074715
4089,4076,CA1 Recurrent O LM,CA1 Perforant Path Associated QuadD,i,i,-188.77435450104002
4089,4078,CA1 Recurrent O LM,CA1 Basket,i,i,-130.07679255648
4089,4079,CA1 Recurrent O LM,CA1 Basket CCK+,i,i,-158.93630813281194
4089,4080,CA1 Recurrent O LM,CA1 Bistratified,i,i,-32.3195855192
4089,4081,CA1 Recurrent O LM,CA1 Ivy,i,i,-37.870761198186
4089,4083,CA1 Recurrent O LM,CA1 Oriens Bistratified,i,i,-33.3172035
4089,4087,CA1 Recurrent O LM,CA1 O LMR,i,i,-51.932885508504
4089,4089,CA1 Recurrent O LM,CA1 Recurrent O LM,i,i,-49.045345939799994
5005,3007,SUB CA1 Projecting Pyramidal,CA2 Wide Arbor Basket,e,i,2949.2223694746385
5005,4000,SUB CA1 Projecting Pyramidal,CA1 Pyramidal,e,e,3656.060709133248
5005,4003,SUB CA1 Projecting Pyramidal,CA1 Quadrilaminar,e,i,3846.6406290873597
5005,4005,SUB CA1 Projecting Pyramidal,CA1 LMR,e,i,1275.4235255785875
5005,4006,SUB CA1 Projecting Pyramidal,CA1 Perforant Path Associated,e,i,2399.2622927973
5005,4011,SUB CA1 Projecting Pyramidal,CA1 Neurogliaform Projecting,e,i,999.5926923867455
5005,4012,SUB CA1 Projecting Pyramidal,CA1 Neurogliaform,e,i,1465.5112777608192
5005,4013,SUB CA1 Projecting Pyramidal,CA1 Radial Trilaminar,e,i,2060.7218039736003
5005,4015,SUB CA1 Projecting Pyramidal,CA1 Schaffer Collateral Associated,e,i,3699.815545176882
5005,4023,SUB CA1 Projecting Pyramidal,CA1 Back Projection,e,i,2462.3075053780194
5005,4028,SUB CA1 Projecting Pyramidal,CA1 Radiatum,e,i,1175.4709999408547
5005,4036,SUB CA1 Projecting Pyramidal,CA1 Axo Axonic,e,i,2389.43693353365
5005,4054,SUB CA1 Projecting Pyramidal,CA1 Radiatum Giant,e,e,4528.8120423031205
5005,4055,SUB CA1 Projecting Pyramidal,CA1 Oriens Alveus,e,i,1875.1628695259703
5005,4061,SUB CA1 Projecting Pyramidal,CA1 R Receiving Apical Targeting,e,i,1774.218080588688
5005,4066,SUB CA1 Projecting Pyramidal,CA1 OR LM,e,i,3215.4097426559997
5005,4076,SUB CA1 Projecting Pyramidal,CA1 Perforant Path Associated QuadD,e,i,8838.111819755519
5005,4078,SUB CA1 Projecting Pyramidal,CA1 Basket,e,i,1470.5731704259256
5005,4079,SUB CA1 Projecting Pyramidal,CA1 Basket CCK+,e,i,2546.0112106206
5005,4080,SUB CA1 Projecting Pyramidal,CA1 Bistratified,e,i,1596.3348121205759
5005,4081,SUB CA1 Projecting Pyramidal,CA1 Ivy,e,i,651.5739051192
5005,5005,SUB CA1 Projecting Pyramidal,SUB CA1 Projecting Pyramidal,e,e,44766.56626397999
6002,1000,MEC LV Pyramidal,DG Granule,e,e,214401.45410359814
6002,1001,MEC LV Pyramidal,DG Semilunar Granule,e,e,131030.96781092668
6002,1004,MEC LV Pyramidal,DG Total Molecular Layer,e,i,41553.83457524197
6002,1005,MEC LV Pyramidal,DG MOLAX,e,i,79960.38580846952
6002,1007,MEC LV Pyramidal,DG Neurogliaform,e,i,3673.097114845407
6002,1008,MEC LV Pyramidal,DG MOPP,e,i,9379.302062826724
6002,1009,MEC LV Pyramidal,DG HICAP,e,i,57901.13715854701
6002,1010,MEC LV Pyramidal,DG Axo Axonic,e,i,133401.09477352846
6002,1026,MEC LV Pyramidal,DG HIPROM,e,i,121967.71167382316
6002,1027,MEC LV Pyramidal,DG AIPRIM,e,i,64242.76075211425
6002,1035,MEC LV Pyramidal,DG Basket,e,i,79119.6494328399
6002,1041,MEC LV Pyramidal,DG Hilar Ectopic Granule,e,e,144531.22194816626
6002,4011,MEC LV Pyramidal,CA1 Neurogliaform Projecting,e,i,2878.0806403569004
6002,5005,MEC LV Pyramidal,SUB CA1 Projecting Pyramidal,e,e,2737.614739252829
6002,6002,MEC LV Pyramidal,MEC LV Pyramidal,e,e,25530.475497173138
6002,6003,MEC LV Pyramidal,MEC LII Stellate,e,e,9015.918818358761
6002,6005,MEC LV Pyramidal,EC LI II Pyramidal Fan,e,e,883.8135547738068
6002,6006,MEC LV Pyramidal,MEC LIII Complex Pyramidal,e,e,15063.141308384402
6002,6008,MEC LV Pyramidal,MEC LII III Pyramidal Multiform,e,e,6811.548011212895
6002,6017,MEC LV Pyramidal,EC LIII Pyramidal,e,e,1692.1461723588104
6002,6018,MEC LV Pyramidal,EC LIII Stellate,e,e,1579.234100943952
6002,6019,MEC LV Pyramidal,MEC LII Oblique Pyramidal,e,e,3886.06082756892
6002,6021,MEC LV Pyramidal,EC LV Deep Pyramidal,e,e,6085.033809146879
6002,6023,MEC LV Pyramidal,MEC LV Superficial Pyramidal,e,e,20473.359149449712
6002,6024,MEC LV Pyramidal,MEC LIII Bipolar Complex Pyramidal,e,e,4056.9485391234234
6002,6033,MEC LV Pyramidal,MEC LV Multipolar Pyramidal,e,e,29919.956640000004
6002,6038,MEC LV Pyramidal,MEC LIII Superficial Trilayered Interneuron,e,i,7168.654250334719
6002,6040,MEC LV Pyramidal,MEC LIII Superficial Multipolar Interneuron,e,i,9106.0125032448
6002,6052,MEC LV Pyramidal,MEC LV VI Pyramidal Polymorphic,e,e,16345.020192905247
6002,6082,MEC LV Pyramidal,EC LII III Pyramidal Tripolar,e,e,2034.4792677369599
6002,6086,MEC LV Pyramidal,EC LIV VI Deep Multipolar Principal,e,e,5368.495239146259
6002,6092,MEC LV Pyramidal,EC LIII Pyramidal Stellate,e,e,3948.0137289734403
6002,6094,MEC LV Pyramidal,EC LI II Multipolar Pyramidal,e,e,7287.8206826880005
6002,6095,MEC LV Pyramidal,EC LIII V Bipolar Pyramidal,e,e,6273.280217352288
6003,1000,MEC LII Stellate,DG Granule,e,e,16736.462556296352
6003,1001,MEC LII Stellate,DG Semilunar Granule,e,e,15834.575091116465
6003,1004,MEC LII Stellate,DG Total Molecular Layer,e,i,1960.778023098145
6003,1005,MEC LII Stellate,DG MOLAX,e,i,3115.5560994381726
6003,1007,MEC LII Stellate,DG Neurogliaform,e,i,4737.104401760149
6003,1008,MEC LII Stellate,DG MOPP,e,i,11842.389582095399
6003,1009,MEC LII Stellate,DG HICAP,e,i,3767.2213314521214
6003,1010,MEC LII Stellate,DG Axo Axonic,e,i,25977.370035379867
6003,1027,MEC LII Stellate,DG AIPRIM,e,i,4011.044507179968
6003,1035,MEC LII Stellate,DG Basket,e,i,10939.031737534755
6003,1041,MEC LII Stellate,DG Hilar Ectopic Granule,e,e,10128.52691199346
6003,2000,MEC LII Stellate,CA3 Pyramidal,e,e,318996.667213036
6003,2001,MEC LII Stellate,CA3 Granule,e,e,266639.64926584717
6003,2005,MEC LII Stellate,CA3 LMR Targeting,e,i,146487.2618284637
6003,2028,MEC LII Stellate,CA3 Axo Axonic,e,i,129029.8455899854
6003,2043,MEC LII Stellate,CA3 Basket,e,i,159021.02869810164
6003,2044,MEC LII Stellate,CA3 Basket CCK+,e,i,63996.4984833928
6003,3000,MEC LII Stellate,CA2 Pyramidal,e,e,411540.53663516726
6003,3006,MEC LII Stellate,CA2 Basket,e,i,159516.23252329289
6003,3007,MEC LII Stellate,CA2 Wide Arbor Basket,e,i,103327.4390926026
6003,4011,MEC LII Stellate,CA1 Neurogliaform Projecting,e,i,3713.124589105612
6003,5005,MEC LII Stellate,SUB CA1 Projecting Pyramidal,e,e,5429.742328105029
6003,6002,MEC LII Stellate,MEC LV Pyramidal,e,e,68250.30627407398
6003,6005,MEC LII Stellate,EC LI II Pyramidal Fan,e,e,6188.429776809499
6003,6006,MEC LII Stellate,MEC LIII Complex Pyramidal,e,e,33420.1948157539
6003,6008,MEC LII Stellate,MEC LII III Pyramidal Multiform,e,e,39846.431817674995
6003,6017,MEC LII Stellate,EC LIII Pyramidal,e,e,12807.86800412007
6003,6018,MEC LII Stellate,EC LIII Stellate,e,e,10627.74698789286
6003,6019,MEC LII Stellate,MEC LII Oblique Pyramidal,e,e,21471.686026476844
6003,6021,MEC LII Stellate,EC LV Deep Pyramidal,e,e,21732.149511072
6003,6023,MEC LII Stellate,MEC LV Superficial Pyramidal,e,e,51171.257153604
6003,6024,MEC LII Stellate,MEC LIII Bipolar Complex Pyramidal,e,e,23557.379549634003
6003,6033,MEC LII Stellate,MEC LV Multipolar Pyramidal,e,e,50972.30139203125
6003,6038,MEC LII Stellate,MEC LIII Superficial Trilayered Interneuron,e,i,40392.24114294
6003,6040,MEC LII Stellate,MEC LIII Superficial Multipolar Interneuron,e,i,44585.8713862848
6003,6052,MEC LII Stellate,MEC LV VI Pyramidal Polymorphic,e,e,48648.5576692983
6003,6082,MEC LII Stellate,EC LII III Pyramidal Tripolar,e,e,13369.989240837898
6003,6086,MEC LII Stellate,EC LIV VI Deep Multipolar Principal,e,e,11938.210516874304
6003,6092,MEC LII Stellate,EC LIII Pyramidal Stellate,e,e,15542.065873942021
6003,6094,MEC LII Stellate,EC LI II Multipolar Pyramidal,e,e,21641.041799244
6003,6095,MEC LII Stellate,EC LIII V Bipolar Pyramidal,e,e,21451.925303595
6005,1000,EC LI II Pyramidal Fan,DG Granule,e,e,150836.97559437464
6005,1001,EC LI II Pyramidal Fan,DG Semilunar Granule,e,e,144865.26716751014
6005,1004,EC LI II Pyramidal Fan,DG Total Molecular Layer,e,i,17658.946764467408
6005,1005,EC LI II Pyramidal Fan,DG MOLAX,e,i,27780.766393923463
6005,1007,EC LI II Pyramidal Fan,DG Neurogliaform,e,i,42935.29752295023
6005,1008,EC LI II Pyramidal Fan,DG MOPP,e,i,108057.22502831795
6005,1009,EC LI II Pyramidal Fan,DG HICAP,e,i,33515.46298406432
6005,1010,EC LI II Pyramidal Fan,DG Axo Axonic,e,i,236409.33442351577
6005,1027,EC LI II Pyramidal Fan,DG AIPRIM,e,i,36591.91822255496
6005,1035,EC LI II Pyramidal Fan,DG Basket,e,i,100283.00110150588
6005,1041,EC LI II Pyramidal Fan,DG Hilar Ectopic Granule,e,e,92086.02558328352
6005,4011,EC LI II Pyramidal Fan,CA1 Neurogliaform Projecting,e,i,33430.43508511669
6005,5005,EC LI II Pyramidal Fan,SUB CA1 Projecting Pyramidal,e,e,32044.34748656936
6005,6002,EC LI II Pyramidal Fan,MEC LV Pyramidal,e,e,31115.863137146
6005,6003,EC LI II Pyramidal Fan,MEC LII Stellate,e,e,48948.58745995679
6005,6005,EC LI II Pyramidal Fan,EC LI II Pyramidal Fan,e,e,18762.87758140388
6005,6006,EC LI II Pyramidal Fan,MEC LIII Complex Pyramidal,e,e,31668.932570626264
6005,6007,EC LI II Pyramidal Fan,LEC LIII Complex Pyramidal,e,e,36640.953440881014
6005,6008,EC LI II Pyramidal Fan,MEC LII III Pyramidal Multiform,e,e,39692.19529359
6005,6017,EC LI II Pyramidal Fan,EC LIII Pyramidal,e,e,31502.804783899686
6005,6018,EC LI II Pyramidal Fan,EC LIII Stellate,e,e,30940.808490364503
6005,6019,EC LI II Pyramidal Fan,MEC LII Oblique Pyramidal,e,e,24009.682691374383
6005,6021,EC LI II Pyramidal Fan,EC LV Deep Pyramidal,e,e,19250.900103626096
6005,6023,EC LI II Pyramidal Fan,MEC LV Superficial Pyramidal,e,e,17570.49646924688
6005,6024,EC LI II Pyramidal Fan,MEC LIII Bipolar Complex Pyramidal,e,e,21473.2463275512
6005,6025,EC LI II Pyramidal Fan,LEC LIII Multipolar Principal,e,e,22434.36749428991
6005,6038,EC LI II Pyramidal Fan,MEC LIII Superficial Trilayered Interneuron,e,i,40543.0387878411
6005,6040,EC LI II Pyramidal Fan,MEC LIII Superficial Multipolar Interneuron,e,i,48957.02616309121
6005,6082,EC LI II Pyramidal Fan,EC LII III Pyramidal Tripolar,e,e,36616.84395766204
6005,6092,EC LI II Pyramidal Fan,EC LIII Pyramidal Stellate,e,e,40945.92304494509
6005,6094,EC LI II Pyramidal Fan,EC LI II Multipolar Pyramidal,e,e,137058.64099133536
6005,6095,EC LI II Pyramidal Fan,EC LIII V Bipolar Pyramidal,e,e,34791.03195635339
6006,6002,MEC LIII Complex Pyramidal,MEC LV Pyramidal,e,e,6217.956198509413
6006,6003,MEC LIII Complex Pyramidal,MEC LII Stellate,e,e,11943.98558728188
6006,6005,MEC LIII Complex Pyramidal,EC LI II Pyramidal Fan,e,e,1348.85781543744
6006,6006,MEC LIII Complex Pyramidal,MEC LIII Complex Pyramidal,e,e,15198.307067518352
6006,6008,MEC LIII Complex Pyramidal,MEC LII III Pyramidal Multiform,e,e,9113.20304167728
6006,6017,MEC LIII Complex Pyramidal,EC LIII Pyramidal,e,e,2263.442345026245
6006,6018,MEC LIII Complex Pyramidal,EC LIII Stellate,e,e,2270.0925091398744
6006,6019,MEC LIII Complex Pyramidal,MEC LII Oblique Pyramidal,e,e,5698.416470127892
6006,6021,MEC LIII Complex Pyramidal,EC LV Deep Pyramidal,e,e,1382.953670691488
6006,6023,MEC LIII Complex Pyramidal,MEC LV Superficial Pyramidal,e,e,7287.243514507879
6006,6024,MEC LIII Complex Pyramidal,MEC LIII Bipolar Complex Pyramidal,e,e,5474.179993366561
6006,6033,MEC LIII Complex Pyramidal,MEC LV Multipolar Pyramidal,e,e,7220.592400894739
6006,6038,MEC LIII Complex Pyramidal,MEC LIII Superficial Trilayered Interneuron,e,i,9253.64853144576
6006,6040,MEC LIII Complex Pyramidal,MEC LIII Superficial Multipolar Interneuron,e,i,11683.137802442496
6006,6082,MEC LIII Complex Pyramidal,EC LII III Pyramidal Tripolar,e,e,2712.297989939126
6006,6086,MEC LIII Complex Pyramidal,EC LIV VI Deep Multipolar Principal,e,e,880.8524826077702
6006,6092,MEC LIII Complex Pyramidal,EC LIII Pyramidal Stellate,e,e,4354.383151505184
6006,6094,MEC LIII Complex Pyramidal,EC LI II Multipolar Pyramidal,e,e,10125.701504029441
6006,6095,MEC LIII Complex Pyramidal,EC LIII V Bipolar Pyramidal,e,e,3587.653486362625
6007,6005,LEC LIII Complex Pyramidal,EC LI II Pyramidal Fan,e,e,1170.4289599679028
6007,6007,LEC LIII Complex Pyramidal,LEC LIII Complex Pyramidal,e,e,15997.088215080199
6007,6017,LEC LIII Complex Pyramidal,EC LIII Pyramidal,e,e,5792.644579746419
6007,6018,LEC LIII Complex Pyramidal,EC LIII Stellate,e,e,4412.752477521695
6007,6021,LEC LIII Complex Pyramidal,EC LV Deep Pyramidal,e,e,8393.478744887827
6007,6025,LEC LIII Complex Pyramidal,LEC LIII Multipolar Principal,e,e,18041.159977416577
6007,6078,LEC LIII Complex Pyramidal,LEC LVI Multipolar Pyramidal,e,e,1549.9705618606465
6007,6082,LEC LIII Complex Pyramidal,EC LII III Pyramidal Tripolar,e,e,6287.3310619349995
6007,6086,LEC LIII Complex Pyramidal,EC LIV VI Deep Multipolar Principal,e,e,8112.004762856905
6007,6092,LEC LIII Complex Pyramidal,EC LIII Pyramidal Stellate,e,e,11567.0694803664
6007,6094,LEC LIII Complex Pyramidal,EC LI II Multipolar Pyramidal,e,e,4486.718086982209
6007,6095,LEC LIII Complex Pyramidal,EC LIII V Bipolar Pyramidal,e,e,16451.639891628045
6008,6002,MEC LII III Pyramidal Multiform,MEC LV Pyramidal,e,e,24788.029214565962
6008,6003,MEC LII III Pyramidal Multiform,MEC LII Stellate,e,e,3084.3218290500004
6008,6005,MEC LII III Pyramidal Multiform,EC LI II Pyramidal Fan,e,e,451.0219131319999
6008,6006,MEC LII III Pyramidal Multiform,MEC LIII Complex Pyramidal,e,e,13433.54615288
6008,6008,MEC LII III Pyramidal Multiform,MEC LII III Pyramidal Multiform,e,e,5645.585230708501
6008,6017,MEC LII III Pyramidal Multiform,EC LIII Pyramidal,e,e,1619.8060070911602
6008,6018,MEC LII III Pyramidal Multiform,EC LIII Stellate,e,e,1348.90364749266
6008,6019,MEC LII III Pyramidal Multiform,MEC LII Oblique Pyramidal,e,e,1803.987626222628
6008,6021,MEC LII III Pyramidal Multiform,EC LV Deep Pyramidal,e,e,5981.216396512841
6008,6023,MEC LII III Pyramidal Multiform,MEC LV Superficial Pyramidal,e,e,26638.982605368004
6008,6024,MEC LII III Pyramidal Multiform,MEC LIII Bipolar Complex Pyramidal,e,e,5047.3074085952
6008,6033,MEC LII III Pyramidal Multiform,MEC LV Multipolar Pyramidal,e,e,33908.9600890215
6008,6038,MEC LII III Pyramidal Multiform,MEC LIII Superficial Trilayered Interneuron,e,i,4328.393772342641
6008,6040,MEC LII III Pyramidal Multiform,MEC LIII Superficial Multipolar Interneuron,e,i,7526.870261971199
6008,6052,MEC LII III Pyramidal Multiform,MEC LV VI Pyramidal Polymorphic,e,e,20148.5072225745
6008,6082,MEC LII III Pyramidal Multiform,EC LII III Pyramidal Tripolar,e,e,1734.3210782054848
6008,6086,MEC LII III Pyramidal Multiform,EC LIV VI Deep Multipolar Principal,e,e,5838.751829278367
6008,6092,MEC LII III Pyramidal Multiform,EC LIII Pyramidal Stellate,e,e,3765.2250410138704
6008,6094,MEC LII III Pyramidal Multiform,EC LI II Multipolar Pyramidal,e,e,1904.3382715812
6008,6095,MEC LII III Pyramidal Multiform,EC LIII V Bipolar Pyramidal,e,e,7262.665097184001
6017,4000,EC LIII Pyramidal,CA1 Pyramidal,e,e,13763.104815389612
6017,4003,EC LIII Pyramidal,CA1 Quadrilaminar,e,i,7249.75466983697
6017,4005,EC LIII Pyramidal,CA1 LMR,e,i,4948.161886502374
6017,4006,EC LIII Pyramidal,CA1 Perforant Path Associated,e,i,7455.365568318294
6017,4011,EC LIII Pyramidal,CA1 Neurogliaform Projecting,e,i,9618.06307942848
6017,4012,EC LIII Pyramidal,CA1 Neurogliaform,e,i,31583.403699433846
6017,4013,EC LIII Pyramidal,CA1 Radial Trilaminar,e,i,2895.0779942492395
6017,4015,EC LIII Pyramidal,CA1 Schaffer Collateral Associated,e,i,5169.363250206938
6017,4036,EC LIII Pyramidal,CA1 Axo Axonic,e,i,14236.478168585169
6017,4054,EC LIII Pyramidal,CA1 Radiatum Giant,e,e,10343.563728771458
6017,4055,EC LIII Pyramidal,CA1 Oriens Alveus,e,i,7619.904881046958
6017,4076,EC LIII Pyramidal,CA1 Perforant Path Associated QuadD,e,i,10203.234356284773
6017,4078,EC LIII Pyramidal,CA1 Basket,e,i,4924.201788873578
6017,4079,EC LIII Pyramidal,CA1 Basket CCK+,e,i,13598.96991540523
6017,5005,EC LIII Pyramidal,SUB CA1 Projecting Pyramidal,e,e,1350.1874581786028
6017,6002,EC LIII Pyramidal,MEC LV Pyramidal,e,e,576.3369403003212
6017,6006,EC LIII Pyramidal,MEC LIII Complex Pyramidal,e,e,997.2191858537999
6017,6007,EC LIII Pyramidal,LEC LIII Complex Pyramidal,e,e,1230.583571098875
6017,6008,EC LIII Pyramidal,MEC LII III Pyramidal Multiform,e,e,321.60293311233784
6017,6017,EC LIII Pyramidal,EC LIII Pyramidal,e,e,333.36620050798683
6017,6018,EC LIII Pyramidal,EC LIII Stellate,e,e,168.542970659427
6017,6021,EC LIII Pyramidal,EC LV Deep Pyramidal,e,e,1421.968475597691
6017,6023,EC LIII Pyramidal,MEC LV Superficial Pyramidal,e,e,793.259935812519
6017,6024,EC LIII Pyramidal,MEC LIII Bipolar Complex Pyramidal,e,e,316.2119960242319
6017,6025,EC LIII Pyramidal,LEC LIII Multipolar Principal,e,e,1848.3378212197078
6017,6033,EC LIII Pyramidal,MEC LV Multipolar Pyramidal,e,e,1311.532103331975
6017,6038,EC LIII Pyramidal,MEC LIII Superficial Trilayered Interneuron,e,i,153.559740831048
6017,6040,EC LIII Pyramidal,MEC LIII Superficial Multipolar Interneuron,e,i,552.2581592735999
6017,6052,EC LIII Pyramidal,MEC LV VI Pyramidal Polymorphic,e,e,740.1247902146702
6017,6078,EC LIII Pyramidal,LEC LVI Multipolar Pyramidal,e,e,1141.109976434688
6017,6082,EC LIII Pyramidal,EC LII III Pyramidal Tripolar,e,e,319.3110824536083
6017,6086,EC LIII Pyramidal,EC LIV VI Deep Multipolar Principal,e,e,1934.2658568519
6017,6092,EC LIII Pyramidal,EC LIII Pyramidal Stellate,e,e,1188.8664493736624
6017,6095,EC LIII Pyramidal,EC LIII V Bipolar Pyramidal,e,e,1746.3433786676997
6018,6006,EC LIII Stellate,MEC LIII Complex Pyramidal,e,e,1733.53088418378
6018,6007,EC LIII Stellate,LEC LIII Complex Pyramidal,e,e,1160.795323551864
6018,6008,EC LIII Stellate,MEC LII III Pyramidal Multiform,e,e,1177.7639263014241
6018,6017,EC LIII Stellate,EC LIII Pyramidal,e,e,1243.017459091584
6018,6018,EC LIII Stellate,EC LIII Stellate,e,e,634.4436658778064
6018,6023,EC LIII Stellate,MEC LV Superficial Pyramidal,e,e,578.0810890828511
6018,6024,EC LIII Stellate,MEC LIII Bipolar Complex Pyramidal,e,e,1155.16026651828
6018,6025,EC LIII Stellate,LEC LIII Multipolar Principal,e,e,2274.8601446247594
6018,6038,EC LIII Stellate,MEC LIII Superficial Trilayered Interneuron,e,i,617.5361356910593
6018,6040,EC LIII Stellate,MEC LIII Superficial Multipolar Interneuron,e,i,1977.428928448512
6018,6082,EC LIII Stellate,EC LII III Pyramidal Tripolar,e,e,1198.146565002816
6018,6092,EC LIII Stellate,EC LIII Pyramidal Stellate,e,e,1965.8234920787231
6018,6095,EC LIII Stellate,EC LIII V Bipolar Pyramidal,e,e,873.258533082144
6019,6006,MEC LII Oblique Pyramidal,MEC LIII Complex Pyramidal,e,e,4761.525294981
6019,6008,MEC LII Oblique Pyramidal,MEC LII III Pyramidal Multiform,e,e,628.8219653032801
6019,6017,MEC LII Oblique Pyramidal,EC LIII Pyramidal,e,e,227.7542037249
6019,6018,MEC LII Oblique Pyramidal,EC LIII Stellate,e,e,107.952083400616
6019,6023,MEC LII Oblique Pyramidal,MEC LV Superficial Pyramidal,e,e,3325.8867929279995
6019,6024,MEC LII Oblique Pyramidal,MEC LIII Bipolar Complex Pyramidal,e,e,601.5577032486001
6019,6033,MEC LII Oblique Pyramidal,MEC LV Multipolar Pyramidal,e,e,2899.5512789880004
6019,6038,MEC LII Oblique Pyramidal,MEC LIII Superficial Trilayered Interneuron,e,i,413.98734304728
6019,6040,MEC LII Oblique Pyramidal,MEC LIII Superficial Multipolar Interneuron,e,i,944.5217367168
6019,6082,MEC LII Oblique Pyramidal,EC LII III Pyramidal Tripolar,e,e,205.48095399136795
6019,6086,MEC LII Oblique Pyramidal,EC LIV VI Deep Multipolar Principal,e,e,384.7664450123
6019,6092,MEC LII Oblique Pyramidal,EC LIII Pyramidal Stellate,e,e,942.9774644946601
6019,6095,MEC LII Oblique Pyramidal,EC LIII V Bipolar Pyramidal,e,e,623.60285516672
6021,6002,EC LV Deep Pyramidal,MEC LV Pyramidal,e,e,7786.634975401413
6021,6021,EC LV Deep Pyramidal,EC LV Deep Pyramidal,e,e,17984.56198284922
6021,6023,EC LV Deep Pyramidal,MEC LV Superficial Pyramidal,e,e,3228.585362122781
6021,6025,EC LV Deep Pyramidal,LEC LIII Multipolar Principal,e,e,4372.424863340489
6021,6033,EC LV Deep Pyramidal,MEC LV Multipolar Pyramidal,e,e,7634.5684559711835
6021,6052,EC LV Deep Pyramidal,MEC LV VI Pyramidal Polymorphic,e,e,9789.211073540053
6021,6078,EC LV Deep Pyramidal,LEC LVI Multipolar Pyramidal,e,e,15248.954929112575
6021,6086,EC LV Deep Pyramidal,EC LIV VI Deep Multipolar Principal,e,e,14554.730021045762
6021,6095,EC LV Deep Pyramidal,EC LIII V Bipolar Pyramidal,e,e,9157.388271811416
6023,6002,MEC LV Superficial Pyramidal,MEC LV Pyramidal,e,e,6254.642574240605
6023,6003,MEC LV Superficial Pyramidal,MEC LII Stellate,e,e,1351.61161379244
6023,6005,MEC LV Superficial Pyramidal,EC LI II Pyramidal Fan,e,e,153.7346154751344
6023,6006,MEC LV Superficial Pyramidal,MEC LIII Complex Pyramidal,e,e,5185.17776685636
6023,6008,MEC LV Superficial Pyramidal,MEC LII III Pyramidal Multiform,e,e,2188.245157191324
6023,6017,MEC LV Superficial Pyramidal,EC LIII Pyramidal,e,e,635.664177902754
6023,6018,MEC LV Superficial Pyramidal,EC LIII Stellate,e,e,455.8654892171771
6023,6019,MEC LV Superficial Pyramidal,MEC LII Oblique Pyramidal,e,e,705.9759752707199
6023,6021,MEC LV Superficial Pyramidal,EC LV Deep Pyramidal,e,e,1234.58882990625
6023,6023,MEC LV Superficial Pyramidal,MEC LV Superficial Pyramidal,e,e,4703.861230689347
6023,6024,MEC LV Superficial Pyramidal,MEC LIII Bipolar Complex Pyramidal,e,e,1973.7403914468243
6023,6033,MEC LV Superficial Pyramidal,MEC LV Multipolar Pyramidal,e,e,9869.518800771839
6023,6038,MEC LV Superficial Pyramidal,MEC LIII Superficial Trilayered Interneuron,e,i,1553.774689527858
6023,6040,MEC LV Superficial Pyramidal,MEC LIII Superficial Multipolar Interneuron,e,i,3288.000011921856
6023,6052,MEC LV Superficial Pyramidal,MEC LV VI Pyramidal Polymorphic,e,e,1529.484520291875
6023,6082,MEC LV Superficial Pyramidal,EC LII III Pyramidal Tripolar,e,e,723.2629238714879
6023,6086,MEC LV Superficial Pyramidal,EC LIV VI Deep Multipolar Principal,e,e,1128.712474306053
6023,6092,MEC LV Superficial Pyramidal,EC LIII Pyramidal Stellate,e,e,1527.6819196809452
6023,6094,MEC LV Superficial Pyramidal,EC LI II Multipolar Pyramidal,e,e,749.6833818411002
6023,6095,MEC LV Superficial Pyramidal,EC LIII V Bipolar Pyramidal,e,e,2027.89845025488
6024,6002,MEC LIII Bipolar Complex Pyramidal,MEC LV Pyramidal,e,e,1033.622174671758
6024,6003,MEC LIII Bipolar Complex Pyramidal,MEC LII Stellate,e,e,2688.7275748805996
6024,6005,MEC LIII Bipolar Complex Pyramidal,EC LI II Pyramidal Fan,e,e,325.8739337511959
6024,6006,MEC LIII Bipolar Complex Pyramidal,MEC LIII Complex Pyramidal,e,e,9003.569463790402
6024,6008,MEC LIII Bipolar Complex Pyramidal,MEC LII III Pyramidal Multiform,e,e,2863.22870187144
6024,6017,MEC LIII Bipolar Complex Pyramidal,EC LIII Pyramidal,e,e,791.619310075584
6024,6018,MEC LIII Bipolar Complex Pyramidal,EC LIII Stellate,e,e,689.6506326838241
6024,6019,MEC LIII Bipolar Complex Pyramidal,MEC LII Oblique Pyramidal,e,e,1295.3653254289438
6024,6021,MEC LIII Bipolar Complex Pyramidal,EC LV Deep Pyramidal,e,e,326.3117044732651
6024,6023,MEC LIII Bipolar Complex Pyramidal,MEC LV Superficial Pyramidal,e,e,6611.57488399954
6024,6024,MEC LIII Bipolar Complex Pyramidal,MEC LIII Bipolar Complex Pyramidal,e,e,1846.476609982326
6024,6033,MEC LIII Bipolar Complex Pyramidal,MEC LV Multipolar Pyramidal,e,e,3981.0305590977605
6024,6038,MEC LIII Bipolar Complex Pyramidal,MEC LIII Superficial Trilayered Interneuron,e,i,2790.2404263322164
6024,6040,MEC LIII Bipolar Complex Pyramidal,MEC LIII Superficial Multipolar Interneuron,e,i,3478.5484846848
6024,6082,MEC LIII Bipolar Complex Pyramidal,EC LII III Pyramidal Tripolar,e,e,897.8498190301857
6024,6086,MEC LIII Bipolar Complex Pyramidal,EC LIV VI Deep Multipolar Principal,e,e,554.4914130826198
6024,6092,MEC LIII Bipolar Complex Pyramidal,EC LIII Pyramidal Stellate,e,e,2096.4125172900003
6024,6094,MEC LIII Bipolar Complex Pyramidal,EC LI II Multipolar Pyramidal,e,e,2033.0230997349
6024,6095,MEC LIII Bipolar Complex Pyramidal,EC LIII V Bipolar Pyramidal,e,e,1699.4601532496001
6025,6005,LEC LIII Multipolar Principal,EC LI II Pyramidal Fan,e,e,1613.42081052243
6025,6007,LEC LIII Multipolar Principal,LEC LIII Complex Pyramidal,e,e,11953.215801988777
6025,6017,LEC LIII Multipolar Principal,EC LIII Pyramidal,e,e,4835.721613177712
6025,6018,LEC LIII Multipolar Principal,EC LIII Stellate,e,e,4257.262441353492
6025,6021,LEC LIII Multipolar Principal,EC LV Deep Pyramidal,e,e,5510.1422033750405
6025,6025,LEC LIII Multipolar Principal,LEC LIII Multipolar Principal,e,e,10989.807058186854
6025,6078,LEC LIII Multipolar Principal,LEC LVI Multipolar Pyramidal,e,e,817.2360433315584
6025,6082,LEC LIII Multipolar Principal,EC LII III Pyramidal Tripolar,e,e,5365.5877078432195
6025,6086,LEC LIII Multipolar Principal,EC LIV VI Deep Multipolar Principal,e,e,4293.876969216016
6025,6092,LEC LIII Multipolar Principal,EC LIII Pyramidal Stellate,e,e,8728.5817919846
6025,6094,LEC LIII Multipolar Principal,EC LI II Multipolar Pyramidal,e,e,9894.567638517912
6025,6095,LEC LIII Multipolar Principal,EC LIII V Bipolar Pyramidal,e,e,10633.01180912755
6033,6002,MEC LV Multipolar Pyramidal,MEC LV Pyramidal,e,e,5226.221826025198
6033,6006,MEC LV Multipolar Pyramidal,MEC LIII Complex Pyramidal,e,e,4780.347932672001
6033,6008,MEC LV Multipolar Pyramidal,MEC LII III Pyramidal Multiform,e,e,1587.18311807328
6033,6017,MEC LV Multipolar Pyramidal,EC LIII Pyramidal,e,e,504.17231304819603
6033,6018,MEC LV Multipolar Pyramidal,EC LIII Stellate,e,e,336.76088240496006
6033,6021,MEC LV Multipolar Pyramidal,EC LV Deep Pyramidal,e,e,1279.9790553164162
6033,6023,MEC LV Multipolar Pyramidal,MEC LV Superficial Pyramidal,e,e,6253.279778163601
6033,6024,MEC LV Multipolar Pyramidal,MEC LIII Bipolar Complex Pyramidal,e,e,1558.52223495696
6033,6033,MEC LV Multipolar Pyramidal,MEC LV Multipolar Pyramidal,e,e,9114.13643872914
6033,6038,MEC LV Multipolar Pyramidal,MEC LIII Superficial Trilayered Interneuron,e,i,1071.468316764456
6033,6040,MEC LV Multipolar Pyramidal,MEC LIII Superficial Multipolar Interneuron,e,i,2257.481627401728
6033,6052,MEC LV Multipolar Pyramidal,MEC LV VI Pyramidal Polymorphic,e,e,4790.628658015199
6033,6082,MEC LV Multipolar Pyramidal,EC LII III Pyramidal Tripolar,e,e,509.50097085888
6033,6086,MEC LV Multipolar Pyramidal,EC LIV VI Deep Multipolar Principal,e,e,1534.7480454310476
6033,6092,MEC LV Multipolar Pyramidal,EC LIII Pyramidal Stellate,e,e,1146.2730459152701
6033,6095,MEC LV Multipolar Pyramidal,EC LIII V Bipolar Pyramidal,e,e,1618.6681007777277
6038,6002,MEC LIII Superficial Trilayered Interneuron,MEC LV Pyramidal,i,e,-1975.057523452104
6038,6003,MEC LIII Superficial Trilayered Interneuron,MEC LII Stellate,i,e,-2324.9235135293998
6038,6005,MEC LIII Superficial Trilayered Interneuron,EC LI II Pyramidal Fan,i,e,-643.9387919240061
6038,6006,MEC LIII Superficial Trilayered Interneuron,MEC LIII Complex Pyramidal,i,e,-1952.434496304504
6038,6008,MEC LIII Superficial Trilayered Interneuron,MEC LII III Pyramidal Multiform,i,e,-1958.9893363888002
6038,6017,MEC LIII Superficial Trilayered Interneuron,EC LIII Pyramidal,i,e,-634.834540333368
6038,6018,MEC LIII Superficial Trilayered Interneuron,EC LIII Stellate,i,e,-664.3395879144961
6038,6019,MEC LIII Superficial Trilayered Interneuron,MEC LII Oblique Pyramidal,i,e,-1382.5080692325
6038,6021,MEC LIII Superficial Trilayered Interneuron,EC LV Deep Pyramidal,i,e,-632.1073700203417
6038,6023,MEC LIII Superficial Trilayered Interneuron,MEC LV Superficial Pyramidal,i,e,-1374.680935466849
6038,6024,MEC LIII Superficial Trilayered Interneuron,MEC LIII Bipolar Complex Pyramidal,i,e,-855.85793241677
6038,6038,MEC LIII Superficial Trilayered Interneuron,MEC LIII Superficial Trilayered Interneuron,i,i,-1330.89218843136
6038,6040,MEC LIII Superficial Trilayered Interneuron,MEC LIII Superficial Multipolar Interneuron,i,i,-2840.5728637809607
6038,6082,MEC LIII Superficial Trilayered Interneuron,EC LII III Pyramidal Tripolar,i,e,-453.3228520128001
6038,6092,MEC LIII Superficial Trilayered Interneuron,EC LIII Pyramidal Stellate,i,e,-708.3808741301762
6038,6094,MEC LIII Superficial Trilayered Interneuron,EC LI II Multipolar Pyramidal,i,e,-2372.498740424376
6038,6095,MEC LIII Superficial Trilayered Interneuron,EC LIII V Bipolar Pyramidal,i,e,-520.0073196262559
6040,6002,MEC LIII Superficial Multipolar Interneuron,MEC LV Pyramidal,i,e,-507.13933294824807
6040,6003,MEC LIII Superficial Multipolar Interneuron,MEC LII Stellate,i,e,-1072.76215812255
6040,6005,MEC LIII Superficial Multipolar Interneuron,EC LI II Pyramidal Fan,i,e,-340.14305896786794
6040,6006,MEC LIII Superficial Multipolar Interneuron,MEC LIII Complex Pyramidal,i,e,-4032.6695741217595
6040,6008,MEC LIII Superficial Multipolar Interneuron,MEC LII III Pyramidal Multiform,i,e,-3829.7318267829123
6040,6017,MEC LIII Superficial Multipolar Interneuron,EC LIII Pyramidal,i,e,-1460.10647200833
6040,6018,MEC LIII Superficial Multipolar Interneuron,EC LIII Stellate,i,e,-1323.496993309848
6040,6019,MEC LIII Superficial Multipolar Interneuron,MEC LII Oblique Pyramidal,i,e,-734.8055678236001
6040,6021,MEC LIII Superficial Multipolar Interneuron,EC LV Deep Pyramidal,i,e,-331.988901090798
6040,6023,MEC LIII Superficial Multipolar Interneuron,MEC LV Superficial Pyramidal,i,e,-2896.120181094336
6040,6024,MEC LIII Superficial Multipolar Interneuron,MEC LIII Bipolar Complex Pyramidal,i,e,-4202.789849936128
6040,6038,MEC LIII Superficial Multipolar Interneuron,MEC LIII Superficial Trilayered Interneuron,i,i,-2200.5252160560003
6040,6040,MEC LIII Superficial Multipolar Interneuron,MEC LIII Superficial Multipolar Interneuron,i,i,-5219.3534247232
6040,6082,MEC LIII Superficial Multipolar Interneuron,EC LII III Pyramidal Tripolar,i,e,-957.1436894949301
6040,6092,MEC LIII Superficial Multipolar Interneuron,EC LIII Pyramidal Stellate,i,e,-1455.5126267613507
6040,6094,MEC LIII Superficial Multipolar Interneuron,EC LI II Multipolar Pyramidal,i,e,-771.8233421009201
6040,6095,MEC LIII Superficial Multipolar Interneuron,EC LIII V Bipolar Pyramidal,i,e,-1026.7845741790559
6052,6021,MEC LV VI Pyramidal Polymorphic,EC LV Deep Pyramidal,e,e,3533.356249384122
6052,6052,MEC LV VI Pyramidal Polymorphic,MEC LV VI Pyramidal Polymorphic,e,e,20643.69725620272
6052,6086,MEC LV VI Pyramidal Polymorphic,EC LIV VI Deep Multipolar Principal,e,e,3867.021652558802
6078,6007,LEC LVI Multipolar Pyramidal,LEC LIII Complex Pyramidal,e,e,3781.8665078150257
6078,6017,LEC LVI Multipolar Pyramidal,EC LIII Pyramidal,e,e,875.9650730863502
6078,6018,LEC LVI Multipolar Pyramidal,EC LIII Stellate,e,e,454.1538316574701
6078,6021,LEC LVI Multipolar Pyramidal,EC LV Deep Pyramidal,e,e,5030.030336213663
6078,6025,LEC LVI Multipolar Pyramidal,LEC LIII Multipolar Principal,e,e,6730.83360175275
6078,6078,LEC LVI Multipolar Pyramidal,LEC LVI Multipolar Pyramidal,e,e,5326.009457683199
6078,6082,LEC LVI Multipolar Pyramidal,EC LII III Pyramidal Tripolar,e,e,840.7068499479375
6078,6086,LEC LVI Multipolar Pyramidal,EC LIV VI Deep Multipolar Principal,e,e,6149.43014629632
6078,6092,LEC LVI Multipolar Pyramidal,EC LIII Pyramidal Stellate,e,e,2987.83754405325
6078,6095,LEC LVI Multipolar Pyramidal,EC LIII V Bipolar Pyramidal,e,e,5129.4303605531995
6082,1000,EC LII III Pyramidal Tripolar,DG Granule,e,e,62906.88601300147
6082,1001,EC LII III Pyramidal Tripolar,DG Semilunar Granule,e,e,58949.3873572154
6082,1004,EC LII III Pyramidal Tripolar,DG Total Molecular Layer,e,i,7347.7375864233145
6082,1005,EC LII III Pyramidal Tripolar,DG MOLAX,e,i,11565.44761594319
6082,1007,EC LII III Pyramidal Tripolar,DG Neurogliaform,e,i,17690.39374932756
6082,1008,EC LII III Pyramidal Tripolar,DG MOPP,e,i,44677.86627047443
6082,1009,EC LII III Pyramidal Tripolar,DG HICAP,e,i,13922.543433947549
6082,1010,EC LII III Pyramidal Tripolar,DG Axo Axonic,e,i,98332.22716273698
6082,1027,EC LII III Pyramidal Tripolar,DG AIPRIM,e,i,15109.320266620372
6082,1035,EC LII III Pyramidal Tripolar,DG Basket,e,i,41698.796237961695
6082,1041,EC LII III Pyramidal Tripolar,DG Hilar Ectopic Granule,e,e,37749.179804518
6082,4011,EC LII III Pyramidal Tripolar,CA1 Neurogliaform Projecting,e,i,13907.09195259268
6082,5005,EC LII III Pyramidal Tripolar,SUB CA1 Projecting Pyramidal,e,e,20349.77965783223
6082,6002,EC LII III Pyramidal Tripolar,MEC LV Pyramidal,e,e,21246.86167602616
6082,6003,EC LII III Pyramidal Tripolar,MEC LII Stellate,e,e,31925.578683463933
6082,6005,EC LII III Pyramidal Tripolar,EC LI II Pyramidal Fan,e,e,18827.748042067968
6082,6006,EC LII III Pyramidal Tripolar,MEC LIII Complex Pyramidal,e,e,26013.027138860743
6082,6007,EC LII III Pyramidal Tripolar,LEC LIII Complex Pyramidal,e,e,31671.01226029642
6082,6008,EC LII III Pyramidal Tripolar,MEC LII III Pyramidal Multiform,e,e,36533.6110884276
6082,6017,EC LII III Pyramidal Tripolar,EC LIII Pyramidal,e,e,31577.569424004872
6082,6018,EC LII III Pyramidal Tripolar,EC LIII Stellate,e,e,28855.307899746276
6082,6019,EC LII III Pyramidal Tripolar,MEC LII Oblique Pyramidal,e,e,18337.84404080714
6082,6021,EC LII III Pyramidal Tripolar,EC LV Deep Pyramidal,e,e,18188.39824676406
6082,6023,EC LII III Pyramidal Tripolar,MEC LV Superficial Pyramidal,e,e,19795.518419235217
6082,6024,EC LII III Pyramidal Tripolar,MEC LIII Bipolar Complex Pyramidal,e,e,14242.06117503855
6082,6025,EC LII III Pyramidal Tripolar,LEC LIII Multipolar Principal,e,e,13694.270012902922
6082,6038,EC LII III Pyramidal Tripolar,MEC LIII Superficial Trilayered Interneuron,e,i,35152.7796781056
6082,6040,EC LII III Pyramidal Tripolar,MEC LIII Superficial Multipolar Interneuron,e,i,38880.162261599995
6082,6082,EC LII III Pyramidal Tripolar,EC LII III Pyramidal Tripolar,e,e,39081.823277108306
6082,6092,EC LII III Pyramidal Tripolar,EC LIII Pyramidal Stellate,e,e,35373.501929636644
6082,6094,EC LII III Pyramidal Tripolar,EC LI II Multipolar Pyramidal,e,e,77336.67835013902
6082,6095,EC LII III Pyramidal Tripolar,EC LIII V Bipolar Pyramidal,e,e,32238.57826455552
6086,5005,EC LIV VI Deep Multipolar Principal,SUB CA1 Projecting Pyramidal,e,e,51311.64873376389
6086,6002,EC LIV VI Deep Multipolar Principal,MEC LV Pyramidal,e,e,21638.54083528847
6086,6006,EC LIV VI Deep Multipolar Principal,MEC LIII Complex Pyramidal,e,e,14924.373513522622
6086,6007,EC LIV VI Deep Multipolar Principal,LEC LIII Complex Pyramidal,e,e,28354.696766759524
6086,6021,EC LIV VI Deep Multipolar Principal,EC LV Deep Pyramidal,e,e,59641.2310099648
6086,6023,EC LIV VI Deep Multipolar Principal,MEC LV Superficial Pyramidal,e,e,29858.521317959265
6086,6025,EC LIV VI Deep Multipolar Principal,LEC LIII Multipolar Principal,e,e,41790.7245802601
6086,6033,EC LIV VI Deep Multipolar Principal,MEC LV Multipolar Pyramidal,e,e,53038.934253213774
6086,6052,EC LIV VI Deep Multipolar Principal,MEC LV VI Pyramidal Polymorphic,e,e,39895.29329897916
6086,6078,EC LIV VI Deep Multipolar Principal,LEC LVI Multipolar Pyramidal,e,e,56257.5410565934
6086,6086,EC LIV VI Deep Multipolar Principal,EC LIV VI Deep Multipolar Principal,e,e,87760.43376794651
6086,6092,EC LIV VI Deep Multipolar Principal,EC LIII Pyramidal Stellate,e,e,21744.318866860627
6086,6095,EC LIV VI Deep Multipolar Principal,EC LIII V Bipolar Pyramidal,e,e,52872.38912395442
6092,4000,EC LIII Pyramidal Stellate,CA1 Pyramidal,e,e,184216.6647380285
6092,4003,EC LIII Pyramidal Stellate,CA1 Quadrilaminar,e,i,97390.96664391653
6092,4005,EC LIII Pyramidal Stellate,CA1 LMR,e,i,66324.52941582358
6092,4006,EC LIII Pyramidal Stellate,CA1 Perforant Path Associated,e,i,100124.72207829429
6092,4011,EC LIII Pyramidal Stellate,CA1 Neurogliaform Projecting,e,i,128820.7189033971
6092,4012,EC LIII Pyramidal Stellate,CA1 Neurogliaform,e,i,423904.0354914476
6092,4013,EC LIII Pyramidal Stellate,CA1 Radial Trilaminar,e,i,38955.51052440688
6092,4015,EC LIII Pyramidal Stellate,CA1 Schaffer Collateral Associated,e,i,70048.71399103873
6092,4036,EC LIII Pyramidal Stellate,CA1 Axo Axonic,e,i,190946.22898888658
6092,4054,EC LIII Pyramidal Stellate,CA1 Radiatum Giant,e,e,138467.35893446184
6092,4055,EC LIII Pyramidal Stellate,CA1 Oriens Alveus,e,i,102657.25494013868
6092,4076,EC LIII Pyramidal Stellate,CA1 Perforant Path Associated QuadD,e,i,137013.15820290684
6092,4078,EC LIII Pyramidal Stellate,CA1 Basket,e,i,66529.69193039142
6092,4079,EC LIII Pyramidal Stellate,CA1 Basket CCK+,e,i,183063.75041882004
6092,5005,EC LIII Pyramidal Stellate,SUB CA1 Projecting Pyramidal,e,e,18172.24074160014
6092,6006,EC LIII Pyramidal Stellate,MEC LIII Complex Pyramidal,e,e,6768.76548372316
6092,6007,EC LIII Pyramidal Stellate,LEC LIII Complex Pyramidal,e,e,4414.658708886451
6092,6008,EC LIII Pyramidal Stellate,MEC LII III Pyramidal Multiform,e,e,4431.484132046899
6092,6017,EC LIII Pyramidal Stellate,EC LIII Pyramidal,e,e,4597.951652678861
6092,6018,EC LIII Pyramidal Stellate,EC LIII Stellate,e,e,2349.2080355927037
6092,6023,EC LIII Pyramidal Stellate,MEC LV Superficial Pyramidal,e,e,2137.5780859762563
6092,6024,EC LIII Pyramidal Stellate,MEC LIII Bipolar Complex Pyramidal,e,e,4379.685180436685
6092,6025,EC LIII Pyramidal Stellate,LEC LIII Multipolar Principal,e,e,8857.25795529523
6092,6038,EC LIII Pyramidal Stellate,MEC LIII Superficial Trilayered Interneuron,e,i,2131.538321997005
6092,6040,EC LIII Pyramidal Stellate,MEC LIII Superficial Multipolar Interneuron,e,i,7615.628030754817
6092,6082,EC LIII Pyramidal Stellate,EC LII III Pyramidal Tripolar,e,e,4370.014730352833
6092,6092,EC LIII Pyramidal Stellate,EC LIII Pyramidal Stellate,e,e,7742.542195556043
6092,6095,EC LIII Pyramidal Stellate,EC LIII V Bipolar Pyramidal,e,e,3262.054661180621
6094,6002,EC LI II Multipolar Pyramidal,MEC LV Pyramidal,e,e,105271.3598729232
6094,6003,EC LI II Multipolar Pyramidal,MEC LII Stellate,e,e,241611.07233899788
6094,6005,EC LI II Multipolar Pyramidal,EC LI II Pyramidal Fan,e,e,135890.6828359121
6094,6006,EC LI II Multipolar Pyramidal,MEC LIII Complex Pyramidal,e,e,145068.77664229058
6094,6007,EC LI II Multipolar Pyramidal,LEC LIII Complex Pyramidal,e,e,368742.2194593228
6094,6008,EC LI II Multipolar Pyramidal,MEC LII III Pyramidal Multiform,e,e,392297.275674549
6094,6017,EC LI II Multipolar Pyramidal,EC LIII Pyramidal,e,e,457228.61342064163
6094,6018,EC LI II Multipolar Pyramidal,EC LIII Stellate,e,e,306846.41757806396
6094,6019,EC LI II Multipolar Pyramidal,MEC LII Oblique Pyramidal,e,e,160408.4870247552
6094,6021,EC LI II Multipolar Pyramidal,EC LV Deep Pyramidal,e,e,127246.0525840919
6094,6023,EC LI II Multipolar Pyramidal,MEC LV Superficial Pyramidal,e,e,55913.647163635804
6094,6024,EC LI II Multipolar Pyramidal,MEC LIII Bipolar Complex Pyramidal,e,e,320940.94475349196
6094,6025,EC LI II Multipolar Pyramidal,LEC LIII Multipolar Principal,e,e,199992.31318151238
6094,6038,EC LI II Multipolar Pyramidal,MEC LIII Superficial Trilayered Interneuron,e,i,397502.81949142436
6094,6040,EC LI II Multipolar Pyramidal,MEC LIII Superficial Multipolar Interneuron,e,i,454021.4724656621
6094,6082,EC LI II Multipolar Pyramidal,EC LII III Pyramidal Tripolar,e,e,495186.07152310305
6094,6092,EC LI II Multipolar Pyramidal,EC LIII Pyramidal Stellate,e,e,400546.07263428235
6094,6094,EC LI II Multipolar Pyramidal,EC LI II Multipolar Pyramidal,e,e,335584.71130231285
6094,6095,EC LI II Multipolar Pyramidal,EC LIII V Bipolar Pyramidal,e,e,321940.9836875456
6095,6002,EC LIII V Bipolar Pyramidal,MEC LV Pyramidal,e,e,10208.751569359201
6095,6006,EC LIII V Bipolar Pyramidal,MEC LIII Complex Pyramidal,e,e,11036.10794814216
6095,6007,EC LIII V Bipolar Pyramidal,LEC LIII Complex Pyramidal,e,e,12436.344065343743
6095,6008,EC LIII V Bipolar Pyramidal,MEC LII III Pyramidal Multiform,e,e,5436.8851431258
6095,6017,EC LIII V Bipolar Pyramidal,EC LIII Pyramidal,e,e,5794.578726543361
6095,6018,EC LIII V Bipolar Pyramidal,EC LIII Stellate,e,e,3540.2054605631997
6095,6021,EC LIII V Bipolar Pyramidal,EC LV Deep Pyramidal,e,e,19455.032798347056
6095,6023,EC LIII V Bipolar Pyramidal,MEC LV Superficial Pyramidal,e,e,17344.67654732467
6095,6024,EC LIII V Bipolar Pyramidal,MEC LIII Bipolar Complex Pyramidal,e,e,5213.52951090244
6095,6025,EC LIII V Bipolar Pyramidal,LEC LIII Multipolar Principal,e,e,24189.455248241924
6095,6033,EC LIII V Bipolar Pyramidal,MEC LV Multipolar Pyramidal,e,e,16129.218276029042
6095,6038,EC LIII V Bipolar Pyramidal,MEC LIII Superficial Trilayered Interneuron,e,i,3979.6959440394
6095,6040,EC LIII V Bipolar Pyramidal,MEC LIII Superficial Multipolar Interneuron,e,i,7080.338450575103
6095,6052,EC LIII V Bipolar Pyramidal,MEC LV VI Pyramidal Polymorphic,e,e,14337.238675434948
6095,6078,EC LIII V Bipolar Pyramidal,LEC LVI Multipolar Pyramidal,e,e,17261.04368661504
6095,6082,EC LIII V Bipolar Pyramidal,EC LII III Pyramidal Tripolar,e,e,5842.383676415
6095,6086,EC LIII V Bipolar Pyramidal,EC LIV VI Deep Multipolar Principal,e,e,22795.43220985212
6095,6092,EC LIII V Bipolar Pyramidal,EC LIII Pyramidal Stellate,e,e,12926.813869521824
6095,6095,EC LIII V Bipolar Pyramidal,EC LIII V Bipolar Pyramidal,e,e,23950.517455238405
