sender,receiver,inhibitory_weight,baseline_terminal_peak,ablated_terminal_peak,delta_terminal_peak
CA1 Trilaminar,SUB CA1 Projecting Pyramidal,0.0007515252287612384,1.8954834973241436e-05,1.915181510916096e-05,1.96980135919525e-07
CA1 Trilaminar,CA1 Pyramidal,0.0016827748563980436,1.8954834973241436e-05,1.9002505858485043e-05,4.767088524360724e-08
CA1 Basket CCK+,CA1 Pyramidal,0.013062310749520103,1.8954834973241436e-05,1.8982723820471295e-05,2.7888847229859404e-08
CA1 Horizontal Basket,CA1 Pyramidal,0.00356988797915395,1.8954834973241436e-05,1.897614802423217e-05,2.131305099073444e-08
CA1 Basket,CA1 Pyramidal,0.007870372189833946,1.8954834973241436e-05,1.8972377971220207e-05,1.7542997978771402e-08
CA1 Back Projection,CA1 Pyramidal,0.003339444487392623,1.8954834973241436e-05,1.897073425504922e-05,1.5899281807785215e-08
CA1 Bistratified,CA1 Pyramidal,0.002417254198577918,1.8954834973241436e-05,1.8960205695686336e-05,5.370722444900111e-09
CA1 Back Projection,CA3 Basket,0.037141701445267655,1.8954834973241436e-05,1.8958033547804634e-05,3.1985745631984974e-09
CA1 SO SO,CA1 Pyramidal,0.0004205358160545056,1.8954834973241436e-05,1.8957098917311843e-05,2.263944070407531e-09
CA1 Back Projection,CA3 Basket CCK+,0.009885532175319683,1.8954834973241436e-05,1.895662904876673e-05,1.794075525293759e-09
CA1 Ivy,CA1 Pyramidal,0.0016006244474086671,1.8954834973241436e-05,1.8956609335594662e-05,1.7743623532268105e-09
CA1 Trilaminar,CA1 Back Projection,0.005455312798089905,1.8954834973241436e-05,1.8956459220231814e-05,1.6242469903782197e-09
CA3 Basket,CA3c Pyramidal,0.008818968661044695,1.8954834973241436e-05,1.895619141927679e-05,1.356446035355452e-09
CA1 Oriens Alveus,CA1 Pyramidal,0.0004574697506595274,1.8954834973241436e-05,1.8955997295462546e-05,1.1623222211099016e-09
CA3 Basket CCK+,CA3c Pyramidal,0.01811458588939647,1.8954834973241436e-05,1.8955919498993626e-05,1.0845257521902019e-09
CA1 OR LM,CA1 Pyramidal,0.00027667292654338677,1.8954834973241436e-05,1.8955695450401447e-05,8.604771600112526e-10
CA1 Horizontal Axo Axonic,CA1 Pyramidal,0.00013656892460453196,1.8954834973241436e-05,1.895537912755159e-05,5.441543101530888e-10
CA1 O LMR,CA1 Pyramidal,0.00044138374541886904,1.8954834973241436e-05,1.8955296487602885e-05,4.6151436144947766e-10
CA1 Recurrent O LM,CA1 Pyramidal,0.00021452942879768855,1.8954834973241436e-05,1.895525834309797e-05,4.233698565336841e-10
CA2 Wide Arbor Basket,CA1 Pyramidal,0.008236868223997008,1.8954834973241436e-05,1.895523930096031e-05,4.0432771887533026e-10
CA1 O LM,CA1 Pyramidal,0.0003335011518248075,1.8954834973241436e-05,1.895515793680358e-05,3.229635621437854e-10
CA1 R Receiving Apical Targeting,CA1 Perforant Path Associated,0.0062694676731645076,1.8954834973241436e-05,1.8955124801555562e-05,2.898283141261615e-10
CA1 Radial Trilaminar,CA1 Pyramidal,0.00020136228404233998,1.8954834973241436e-05,1.8955079288021648e-05,2.443147802122514e-10
CA1 Trilaminar,CA2 Wide Arbor Basket,0.0007937620748137537,1.8954834973241436e-05,1.8955040772313664e-05,2.057990722281744e-10
CA1 Back Projection,CA3 O LM,0.016962773079905714,1.8954834973241436e-05,1.8955035048906672e-05,2.0007566523677633e-10
CA3 Basket,CA3 Pyramidal,0.007035784351889951,1.8954834973241436e-05,1.895502657175193e-05,1.915985104947171e-10
CA1 Trilaminar,CA1 Bistratified,0.004442021609679934,1.8954834973241436e-05,1.8955025444015788e-05,1.9047077435239979e-10
CA3 Basket CCK+,CA3 Pyramidal,0.017965054413297713,1.8954834973241436e-05,1.895501570743554e-05,1.807341941037488e-10
MEC LIII Superficial Multipolar Interneuron,EC LII III Pyramidal Tripolar,0.00232964421498605,1.8954834973241436e-05,1.8955007374282795e-05,1.7240104135951562e-10
CA1 LMR,CA1 Perforant Path Associated,0.002748189511710669,1.8954834973241436e-05,1.8954997082873577e-05,1.621096321416382e-10
CA1 Trilaminar,CA1 R Receiving Apical Targeting,0.004873181802764565,1.8954834973241436e-05,1.8954977698919066e-05,1.42725677630684e-10
CA3 O LM,CA3c Pyramidal,0.0008652214539317154,1.8954834973241436e-05,1.8954969928280767e-05,1.3495503933119712e-10
CA1 Horizontal Basket,CA1 Bistratified,0.013971482954689762,1.8954834973241436e-05,1.8954961910468658e-05,1.2693722722251222e-10
CA1 Bistratified,CA1 Back Projection,0.005280115968659898,1.8954834973241436e-05,1.8954960438095437e-05,1.2546485400090346e-10
CA1 SO SO,CA1 Back Projection,0.001970847840809244,1.8954834973241436e-05,1.895494676067838e-05,1.1178743694606474e-10
CA3 O LM,CA3 Pyramidal,0.0040879190609137625,1.8954834973241436e-05,1.8954938091425783e-05,1.031181843472867e-10
CA1 Basket CCK+,CA1 Bistratified,0.031090020131148484,1.8954834973241436e-05,1.8954936482672505e-05,1.0150943106912447e-10
CA1 Trilaminar,CA1 Perforant Path Associated QuadD,0.025380358351145084,1.8954834973241436e-05,1.895493489616749e-05,9.99229260532225e-11
CA1 Oriens Bistratified,CA1 Pyramidal,0.0002765535941721889,1.8954834973241436e-05,1.8954929689103325e-05,9.471586188969372e-11
CA1 Trilaminar,CA1 LMR,0.006703523554201976,1.8954834973241436e-05,1.895492260727341e-05,8.763403197553643e-11
CA1 Ivy,CA1 Back Projection,0.006001340975654749,1.8954834973241436e-05,1.8954906540981017e-05,7.156773958183482e-11
CA1 Oriens Alveus,CA1 Back Projection,0.0025657290192120192,1.8954834973241436e-05,1.8954904226328967e-05,6.92530875310779e-11
CA1 Back Projection,CA1 LMR,0.025373328309231967,1.8954834973241436e-05,1.895489084593506e-05,5.5872693624503533e-11
CA1 Trilaminar,CA1 OR LM,0.0022542615265363436,1.8954834973241436e-05,1.895488552880638e-05,5.0555564942711406e-11
CA1 Basket CCK+,CA1 OR LM,0.02794169093366812,1.8954834973241436e-05,1.8954882695798245e-05,4.7722556809071115e-11
CA1 Horizontal Basket,CA1 OR LM,0.009913002182120352,1.8954834973241436e-05,1.895488208108337e-05,4.710784193284745e-11
CA1 Back Projection,CA1 Bistratified,0.0065021406026247695,1.8954834973241436e-05,1.8954881935484558e-05,4.6962243122061764e-11
CA1 Back Projection,CA3 LMR Targeting,0.007608809619573182,1.8954834973241436e-05,1.8954879843427128e-05,4.487018569199197e-11
CA1 Basket,CA1 Bistratified,0.012587448907979469,1.8954834973241436e-05,1.8954878153056194e-05,4.31798147584872e-11
CA1 Back Projection,CA2 Wide Arbor Basket,0.0009319482659068856,1.8954834973241436e-05,1.895487574708754e-05,4.0773846105013334e-11
CA1 Back Projection,CA1 R Receiving Apical Targeting,0.008146398397198228,1.8954834973241436e-05,1.8954875162142254e-05,4.0188900818360906e-11
CA1 Back Projection,CA1 Perforant Path Associated QuadD,0.0539598504874986,1.8954834973241436e-05,1.8954870758137315e-05,3.578489587985345e-11
CA1 Trilaminar,CA1 O LMR,0.001086534422660498,1.8954834973241436e-05,1.895486908931078e-05,3.4116069344558575e-11
MEC LIII Superficial Multipolar Interneuron,EC LI II Pyramidal Fan,0.0002807475630600689,1.8954834973241436e-05,1.8954867900435393e-05,3.292719395753263e-11
CA1 Schaffer Collateral Associated,CA1 Perforant Path Associated,0.00955450458282945,1.8954834973241436e-05,1.8954866662472536e-05,3.168923110030697e-11
CA1 Back Projection,DG AIPRIM,0.012490196443687096,1.8954834973241436e-05,1.895486613235145e-05,3.115911001438931e-11
CA1 Bistratified,CA1 R Receiving Apical Targeting,0.012889469084945005,1.8954834973241436e-05,1.8954864903623393e-05,2.9930381957588015e-11
CA1 Back Projection,CA3 Mossy Fiber Associated,0.009358479177041074,1.8954834973241436e-05,1.895486241181195e-05,2.7438570512905436e-11
CA1 Neurogliaform,CA1 Pyramidal,0.0006051527263667016,1.8954834973241436e-05,1.895486045992538e-05,2.5486683943864996e-11
CA1 Basket,CA1 OR LM,0.01317203513805727,1.8954834973241436e-05,1.8954858610436068e-05,2.3637194632164515e-11
CA1 Quadrilaminar,CA1 Pyramidal,1.5947891481197068e-05,1.8954834973241436e-05,1.8954856782172833e-05,2.1808931396916087e-11
CA2 Wide Arbor Basket,CA3 Basket CCK+,0.02417364145501139,1.8954834973241436e-05,1.8954856001266243e-05,2.1028024807523416e-11
CA1 Back Projection,CA1 Neurogliaform,0.0028532027976872596,1.8954834973241436e-05,1.8954855880255403e-05,2.0907013967286225e-11
CA1 Back Projection,CA3 Mossy Fiber Associated ORDEN,0.01990639393507444,1.8954834973241436e-05,1.8954855015258093e-05,2.0042016657395578e-11
CA2 Wide Arbor Basket,CA3 Basket,0.047323472736276656,1.8954834973241436e-05,1.8954854571992877e-05,1.9598751441196605e-11
CA1 Back Projection,CA1 OR LM,0.004310164958204801,1.8954834973241436e-05,1.8954851255564148e-05,1.628232271233543e-11
CA1 Bistratified,CA1 LMR,0.015371938859320068,1.8954834973241436e-05,1.8954850905571544e-05,1.5932330107992776e-11
CA1 Trilaminar,CA1 Schaffer Collateral Associated,0.0005444783996433987,1.8954834973241436e-05,1.895485018375831e-05,1.5210516873809254e-11
CA1 Trilaminar,CA1 O LM,0.000620598567418353,1.8954834973241436e-05,1.8954849854740247e-05,1.4881498811014637e-11
CA1 Radiatum,CA1 Perforant Path Associated,0.0010672581822018135,1.8954834973241436e-05,1.8954849794639017e-05,1.4821397581465945e-11
CA1 Back Projection,CA3 Horizontal Axo Axonic,0.006664135248684147,1.8954834973241436e-05,1.895484943901897e-05,1.4465777534167223e-11
CA3 LMR Targeting,CA3 Pyramidal,0.003254108465132922,1.8954834973241436e-05,1.8954848751471945e-05,1.3778230509645106e-11
CA3 Horizontal Axo Axonic,CA3c Pyramidal,0.00021540273150850731,1.8954834973241436e-05,1.8954848349402725e-05,1.3376161289713195e-11
CA1 Trilaminar,CA1 Radial Trilaminar,0.008139496417787823,1.8954834973241436e-05,1.8954847225510947e-05,1.225226951145908e-11
CA1 Bistratified,CA1 Perforant Path Associated QuadD,0.038966095934488944,1.8954834973241436e-05,1.895484713663846e-05,1.2163397025699574e-11
CA1 Back Projection,CA1 O LMR,0.0021796322230137797,1.8954834973241436e-05,1.895484650149548e-05,1.1528254045822806e-11
DG AIPRIM,DG Basket,0.034041167147512284,1.8954834973241436e-05,1.8954845328269902e-05,1.0355028466635385e-11
CA1 Bistratified,CA1 OR LM,0.005578486217683951,1.8954834973241436e-05,1.8954844892681705e-05,9.919440269179347e-12
CA3 Mossy Fiber Associated ORDEN,CA3c Pyramidal,0.0001067181657538173,1.8954834973241436e-05,1.8954844788792585e-05,9.815551149650048e-12
CA1 Back Projection,CA3 Trilaminar,0.0007690056229170126,1.8954834973241436e-05,1.8954844666796422e-05,9.693554986478503e-12
CA3 Trilaminar,CA3c Pyramidal,0.0012712429864322897,1.8954834973241436e-05,1.895484458870264e-05,9.61546120503698e-12
CA1 Horizontal Basket,CA1 Radial Trilaminar,0.028796213101358426,1.8954834973241436e-05,1.895484415663333e-05,9.18339189415196e-12
CA1 Back Projection,DG Total Molecular Layer,0.004340455854868522,1.8954834973241436e-05,1.8954843452937548e-05,8.47969611195154e-12
CA1 Back Projection,DG Basket,0.003215310408812793,1.8954834973241436e-05,1.8954843176155478e-05,8.202914042465537e-12
CA1 Ivy,CA1 Bistratified,0.004698558128065818,1.8954834973241436e-05,1.8954842971243002e-05,7.998001566589252e-12
CA2 Basket,CA2 Wide Arbor Basket,0.012126987603283035,1.8954834973241436e-05,1.895484285147596e-05,7.878234523084338e-12
CA1 Trilaminar,CA1 Ivy,0.0027852871289133583,1.8954834973241436e-05,1.895484282169943e-05,7.848457994619196e-12
CA1 Trilaminar,CA1 Radiatum,0.0014948124299141157,1.8954834973241436e-05,1.8954842776267022e-05,7.803025586783363e-12
CA1 Back Projection,CA1 Schaffer Collateral Associated,0.0016577063006481,1.8954834973241436e-05,1.8954842773418606e-05,7.80017717083581e-12
CA1 Back Projection,DG MOLAX,0.004650690224292209,1.8954834973241436e-05,1.8954842687076215e-05,7.713834779266016e-12
CA1 OR LM,CA1 LMR,0.005279766366482249,1.8954834973241436e-05,1.895484258978425e-05,7.616542813115856e-12
CA1 Radial Trilaminar,CA1 Back Projection,0.0005570956430631237,1.8954834973241436e-05,1.895484256583726e-05,7.592595822891735e-12
CA1 SO SO,CA1 Bistratified,0.0009277799900086746,1.8954834973241436e-05,1.8954842547576692e-05,7.574335256221865e-12
DG AIPRIM,DG MOLAX,0.037800398105999646,1.8954834973241436e-05,1.895484246226646e-05,7.489025025120277e-12
CA1 SO SO,CA1 O LMR,0.0012144328738399736,1.8954834973241436e-05,1.8954842233335004e-05,7.260093567995618e-12
CA1 Basket CCK+,CA1 Radial Trilaminar,0.06303878552430389,1.8954834973241436e-05,1.8954842196562335e-05,7.223320899751862e-12
CA3 LMR Targeting,CA3c Pyramidal,0.00031513946370895083,1.8954834973241436e-05,1.8954842038844746e-05,7.065603310763002e-12
DG AIPRIM,DG Total Molecular Layer,0.028115592847653408,1.8954834973241436e-05,1.89548415407189e-05,6.567477464636262e-12
CA1 Perforant Path Associated,DG Granule,0.0007646279510156749,1.8954834973241436e-05,1.895484143114856e-05,6.457907125723139e-12
CA1 Bistratified,CA2 Wide Arbor Basket,0.0002788463346051118,1.8954834973241436e-05,1.8954840773428155e-05,5.800186719806533e-12
CA1 Ivy,CA2 Wide Arbor Basket,0.0005434582338815855,1.8954834973241436e-05,1.8954840656115746e-05,5.682874310020125e-12
CA1 Ivy,CA1 R Receiving Apical Targeting,0.004863222540555757,1.8954834973241436e-05,1.8954840628691502e-05,5.655450066588408e-12
CA1 Horizontal Basket,CA1 Ivy,0.008952674085527926,1.8954834973241436e-05,1.8954840313388163e-05,5.340146727594863e-12
CA1 Oriens Alveus,CA1 Bistratified,0.0013730962442537343,1.8954834973241436e-05,1.895484028871606e-05,5.315474622957783e-12
CA1 Recurrent O LM,CA1 Back Projection,0.0002502354807321728,1.8954834973241436e-05,1.895484016821783e-05,5.194976393507744e-12
CA1 Bistratified,CA1 O LMR,0.0020365021011094424,1.8954834973241436e-05,1.895484004318243e-05,5.069940994806288e-12
CA1 Back Projection,CA1 O LM,0.0012523964343265307,1.8954834973241436e-05,1.8954840032229386e-05,5.05898795077897e-12
CA1 OR LM,CA1 Neurogliaform,0.001049791595547707,1.8954834973241436e-05,1.8954840012918445e-05,5.0396770090443965e-12
CA1 Back Projection,CA3 Axo Axonic,0.017234202109147057,1.8954834973241436e-05,1.8954839618797945e-05,4.645556508919846e-12
CA1 Ivy,CA1 Perforant Path Associated QuadD,0.02901122907638488,1.8954834973241436e-05,1.8954839508878926e-05,4.5356374905880514e-12
CA1 Basket CCK+,CA1 Ivy,0.020157974415751585,1.8954834973241436e-05,1.895483928937569e-05,4.316134255555326e-12
CA1 Oriens Alveus,CA2 Wide Arbor Basket,0.0001823593373938282,1.8954834973241436e-05,1.8954839274091043e-05,4.3008496070084945e-12
MEC LIII Superficial Trilayered Interneuron,EC LII III Pyramidal Tripolar,0.0011033672073519857,1.8954834973241436e-05,1.8954839255742872e-05,4.282501436803088e-12
CA1 Back Projection,CA1 Radial Trilaminar,0.01606452215696947,1.8954834973241436e-05,1.8954839046368688e-05,4.073127252146591e-12
CA1 SO SO,CA1 OR LM,0.0009466164129294523,1.8954834973241436e-05,1.895483901492509e-05,4.0416836544210355e-12
CA1 O LMR,CA1 R Receiving Apical Targeting,0.0034248027625032903,1.8954834973241436e-05,1.895483869184325e-05,3.718601815361211e-12
CA1 O LMR,CA1 LMR,0.007165187081122899,1.8954834973241436e-05,1.895483844568252e-05,3.47244108467315e-12
CA1 Trilaminar,CA1 Recurrent O LM,0.00045139389886695647,1.8954834973241436e-05,1.8954838434347837e-05,3.4611064014811177e-12
MEC LIII Superficial Trilayered Interneuron,EC LI II Pyramidal Fan,0.0005314947397165248,1.8954834973241436e-05,1.8954838244699193e-05,3.2714577574699533e-12
DG Neurogliaform,SUB CA1 Projecting Pyramidal,0.0002558422321386903,1.8954834973241436e-05,1.8954838240194116e-05,3.2669526806028415e-12
CA1 SO SO,CA1 O LM,0.0006982984434600548,1.8954834973241436e-05,1.895483816143767e-05,3.1881962347934945e-12
CA1 Basket,CA1 Radial Trilaminar,0.026361943557310356,1.8954834973241436e-05,1.8954838146550274e-05,3.1733088379226615e-12
CA1 Trilaminar,CA1 Quadrilaminar,0.004721513429805265,1.8954834973241436e-05,1.895483807881279e-05,3.105571355632719e-12
CA1 Ivy,CA1 OR LM,0.0034277370229961117,1.8954834973241436e-05,1.8954838024937484e-05,3.0516960486393074e-12
CA1 SO SO,CA1 Perforant Path Associated QuadD,0.004031667337821075,1.8954834973241436e-05,1.895483799566923e-05,3.0224277941526267e-12
CA1 Bistratified,CA1 Schaffer Collateral Associated,0.0013569641959307371,1.8954834973241436e-05,1.895483797814592e-05,3.004904484960047e-12
CA1 O LM,CA1 LMR,0.0063813608975417145,1.8954834973241436e-05,1.895483783387851e-05,2.860637074442174e-12
DG Total Molecular Layer,DG AIPRIM,0.048746584150988204,1.8954834973241436e-05,1.8954837647080017e-05,2.6738385811020393e-12
CA1 Perforant Path Associated QuadD,CA1 LMR,0.0009940802262097274,1.8954834973241436e-05,1.8954837588326667e-05,2.615085231694181e-12
CA3 Trilaminar,CA1 Perforant Path Associated,0.002972474568810091,1.8954834973241436e-05,1.8954837417871004e-05,2.4446295682212238e-12
CA1 Ivy,CA1 O LMR,0.0019269910090792667,1.8954834973241436e-05,1.8954837376161313e-05,2.4029198769648374e-12
CA1 Recurrent O LM,CA1 LMR,0.002595455701779863,1.8954834973241436e-05,1.8954837338980984e-05,2.3657395487042265e-12
CA1 OR LM,CA1 Perforant Path Associated QuadD,0.005405440584446197,1.8954834973241436e-05,1.8954837322395293e-05,2.3491538575504123e-12
CA1 Bistratified,CA1 O LM,0.0012092106497197895,1.8954834973241436e-05,1.8954837272149028e-05,2.298907592068744e-12
CA1 Oriens Alveus,CA1 O LMR,0.0008105306612351904,1.8954834973241436e-05,1.8954837270858393e-05,2.2976169578026173e-12
CA1 Ivy,CA1 LMR,0.003950568923603709,1.8954834973241436e-05,1.895483702358744e-05,2.0503460040899313e-12
CA1 Oriens Alveus,CA1 Perforant Path Associated QuadD,0.005760040979394386,1.8954834973241436e-05,1.8954837021189943e-05,2.047948507825914e-12
CA1 Basket,CA1 Ivy,0.008608828797554991,1.8954834973241436e-05,1.895483690824047e-05,1.9349990360018055e-12
CA1 Back Projection,CA1 Radiatum,0.0021864794067911857,1.8954834973241436e-05,1.895483689549199e-05,1.922250553176852e-12
CA1 Basket CCK+,CA1 Radiatum Giant,0.0009557193347785923,1.8954834973241436e-05,1.89548368841096e-05,1.91086816508923e-12
CA1 Horizontal Basket,CA1 Radiatum Giant,0.0003412333773174843,1.8954834973241436e-05,1.8954836870869324e-05,1.897627888158837e-12
CA3 Horizontal Axo Axonic,CA3 Pyramidal,0.00018678000266850674,1.8954834973241436e-05,1.8954836847244125e-05,1.874002689139509e-12
CA1 Back Projection,CA1 Ivy,0.0039127904930007775,1.8954834973241436e-05,1.8954836829973218e-05,1.856731782212684e-12
CA1 O LMR,CA1 Perforant Path Associated QuadD,0.012533120656295098,1.8954834973241436e-05,1.895483680253683e-05,1.8292953957166347e-12
CA1 Back Projection,DG HIPP,0.0008336566108424113,1.8954834973241436e-05,1.895483678461367e-05,1.8113722327628423e-12
CA1 Perforant Path Associated QuadD,CA1 Neurogliaform,0.0002060613786968535,1.8954834973241436e-05,1.89548367771665e-05,1.8039250648804739e-12
CA1 Back Projection,CA3 Spiny Lucidum,0.0011106477472186728,1.8954834973241436e-05,1.8954836747922532e-05,1.7746810965224569e-12
CA1 Trilaminar,CA1 Oriens Bistratified,0.00022105913386744899,1.8954834973241436e-05,1.895483671895265e-05,1.7457112144736442e-12
CA1 O LM,CA1 Neurogliaform,0.001160605976757942,1.8954834973241436e-05,1.8954836704387912e-05,1.731146476169343e-12
CA1 Bistratified,CA1 Radiatum,0.0037685388824161125,1.8954834973241436e-05,1.8954836533533262e-05,1.5602918262969112e-12
CA1 Recurrent O LM,CA1 Neurogliaform,0.0005125581792733953,1.8954834973241436e-05,1.895483652804633e-05,1.5548048959423966e-12
DG MOLAX,DG AIPRIM,0.0198389588683543,1.8954834973241436e-05,1.8954836513956907e-05,1.540715471870513e-12
DG AIPRIM,DG Axo Axonic,0.08735344167109715,1.8954834973241436e-05,1.8954836442918246e-05,1.4696768108057867e-12
CA1 Oriens Alveus,CA1 OR LM,0.0007088741534177662,1.8954834973241436e-05,1.8954836408244594e-05,1.4350031579679623e-12
CA1 Back Projection,CA3 Lucidum ORAX,0.02303268772030386,1.8954834973241436e-05,1.8954836352200882e-05,1.3789594466295796e-12
CA1 Oriens Bistratified,CA1 Back Projection,0.0003808508489459627,1.8954834973241436e-05,1.8954836348623882e-05,1.3753824468221154e-12
CA1 Bistratified,CA1 Radial Trilaminar,0.011452003424510773,1.8954834973241436e-05,1.8954836339197395e-05,1.3659559594536574e-12
CA3 Trilaminar,CA3 Pyramidal,0.0010976654005870152,1.8954834973241436e-05,1.8954836312781026e-05,1.3395395903614826e-12
MEC LIII Superficial Multipolar Interneuron,MEC LII III Pyramidal Multiform,0.008721509396079574,1.8954834973241436e-05,1.8954836275332683e-05,1.3020912473238333e-12
CA3 Mossy Fiber Associated ORDEN,CA3 Pyramidal,7.44790969420582e-05,1.8954834973241436e-05,1.8954836159547697e-05,1.1863062615580233e-12
CA1 Back Projection,DG Axo Axonic,0.008354278325916285,1.8954834973241436e-05,1.8954836155478036e-05,1.1822366002833817e-12
CA1 Back Projection,CA1 Recurrent O LM,0.0008928058430903499,1.8954834973241436e-05,1.8954836126478664e-05,1.1532372279354774e-12
CA2 Wide Arbor Basket,CA1 Bistratified,0.0219147197446136,1.8954834973241436e-05,1.895483609434378e-05,1.121102342904745e-12
CA1 Radial Trilaminar,CA1 R Receiving Apical Targeting,0.0008514638687132437,1.8954834973241436e-05,1.8954836085823684e-05,1.112582248552485e-12
CA1 O LMR,CA1 Neurogliaform,0.0006734868705744996,1.8954834973241436e-05,1.8954836059558236e-05,1.0863168004027202e-12
CA1 Back Projection,CA1 Quadrilaminar,0.009805734301198693,1.8954834973241436e-05,1.8954836059367416e-05,1.0861259808203627e-12
CA1 Oriens Alveus,CA1 O LM,0.000493115635626423,1.8954834973241436e-05,1.8954836040812814e-05,1.0675713785213148e-12
DG Basket,DG Total Molecular Layer,0.016842498286785523,1.8954834973241436e-05,1.8954836033991014e-05,1.060749578452036e-12
CA1 Ivy,CA1 O LM,0.0011021832261856846,1.8954834973241436e-05,1.895483602242648e-05,1.0491850443994366e-12
CA1 Perforant Path Associated,CA1 Basket CCK+,0.0035717245025277196,1.8954834973241436e-05,1.895483602094329e-05,1.0477018558274764e-12
CA1 R Receiving Apical Targeting,CA1 Basket CCK+,0.001807406759210824,1.8954834973241436e-05,1.8954835987086693e-05,1.013845257746837e-12
CA2 Bistratified,CA1 Pyramidal,1.382903010314565e-05,1.8954834973241436e-05,1.8954835976447634e-05,1.0032061986686713e-12
CA1 Basket,CA1 Radiatum Giant,0.00045077479217806753,1.8954834973241436e-05,1.8954835920959034e-05,9.477175988426012e-13
CA1 Radial Trilaminar,CA1 Bistratified,0.0004653228888396404,1.8954834973241436e-05,1.8954835863413053e-05,8.901716169740226e-13
CA1 Trilaminar,CA1 Radiatum Giant,3.349651052651995e-05,1.8954834973241436e-05,1.8954835852352456e-05,8.791110200911945e-13
CA1 Oriens Bistratified,CA1 R Receiving Apical Targeting,0.00238891909659428,1.8954834973241436e-05,1.8954835821484786e-05,8.482433505596632e-13
DG Total Molecular Layer,DG MOLAX,0.023160260872114778,1.8954834973241436e-05,1.8954835818204424e-05,8.44962988466591e-13
DG Basket,DG MOLAX,0.01551641938079995,1.8954834973241436e-05,1.895483580176098e-05,8.285195446378069e-13
CA1 O LMR,CA1 OR LM,0.0009854535678670451,1.8954834973241436e-05,1.8954835793368388e-05,8.201269524610311e-13
CA3 Mossy Fiber Associated,CA3 Basket,0.002618831576799347,1.8954834973241436e-05,1.895483576471596e-05,7.914745248083221e-13
CA1 Bistratified,CA1 Ivy,0.0035458673335803004,1.8954834973241436e-05,1.895483576410187e-05,7.908604326978264e-13
CA1 O LMR,CA1 Bistratified,0.0004918997243866059,1.8954834973241436e-05,1.8954835755069163e-05,7.818277275584151e-13
CA1 OR LM,CA1 Schaffer Collateral Associated,0.00024778106342801065,1.8954834973241436e-05,1.8954835737430495e-05,7.641890592546829e-13
DG Total Molecular Layer,DG Basket,0.013570525539235209,1.8954834973241436e-05,1.8954835733528885e-05,7.602874493167766e-13
CA1 O LM,CA1 Perforant Path Associated QuadD,0.005558793380747373,1.8954834973241436e-05,1.8954835723837202e-05,7.505957660969287e-13
CA1 Recurrent O LM,CA1 Perforant Path Associated QuadD,0.002668495390198239,1.8954834973241436e-05,1.895483570599557e-05,7.327541351465072e-13
MEC LIII Superficial Multipolar Interneuron,MEC LV Pyramidal,0.00046899947166128875,1.8954834973241436e-05,1.895483568557614e-05,7.123347051107842e-13
CA1 R Receiving Apical Targeting,CA1 Basket,0.0020439879957485584,1.8954834973241436e-05,1.8954835663925057e-05,6.906836214071177e-13
DG AIPRIM,DG HIPP,0.0025400393059684524,1.8954834973241436e-05,1.895483563297412e-05,6.597326851487395e-13
DG MOLAX,DG Basket,0.008084288264923445,1.8954834973241436e-05,1.8954835614801158e-05,6.415597220144065e-13
DG AIPRIM,DG HICAP,0.08752995038652836,1.8954834973241436e-05,1.8954835602630338e-05,6.293889021069532e-13
CA1 SO SO,CA1 Recurrent O LM,0.00042737517492266963,1.8954834973241436e-05,1.8954835596822484e-05,6.235810479093828e-13
CA1 O LMR,CA1 Schaffer Collateral Associated,0.000598275594731512,1.8954834973241436e-05,1.895483559334523e-05,6.201037947017873e-13
CA1 Perforant Path Associated,CA1 Basket,0.0034640060523775957,1.8954834973241436e-05,1.8954835584894525e-05,6.116530892885663e-13
CA3 Lucidum ORAX,CA3c Pyramidal,6.2513984086576145e-06,1.8954834973241436e-05,1.8954835570520606e-05,5.972791705666225e-13
CA1 Radial Trilaminar,CA1 Perforant Path Associated QuadD,0.003257515101101804,1.8954834973241436e-05,1.895483554577998e-05,5.725385443522413e-13
CA1 LMR,CA1 Basket CCK+,0.00076978748963931,1.8954834973241436e-05,1.8954835537047382e-05,5.63805946374174e-13
CA1 Bistratified,CA1 Recurrent O LM,0.0009217073998375511,1.8954834973241436e-05,1.895483553345477e-05,5.602133340554261e-13
CA3 Mossy Fiber Associated,CA3 Basket CCK+,0.0008817492922913403,1.8954834973241436e-05,1.89548355329916e-05,5.597501628873403e-13
MEC LIII Superficial Multipolar Interneuron,EC LIII V Bipolar Pyramidal,0.0008449149672315531,1.8954834973241436e-05,1.8954835532877107e-05,5.596356711379258e-13
CA2 Wide Arbor Basket,CA1 OR LM,0.02064954970443517,1.8954834973241436e-05,1.8954835523337862e-05,5.500964267435293e-13
CA1 Ivy,CA1 Schaffer Collateral Associated,0.0004896459912514625,1.8954834973241436e-05,1.895483551647703e-05,5.43235595396041e-13
CA1 Back Projection,CA1 Radiatum Giant,0.00012260488891358164,1.8954834973241436e-05,1.895483551522803e-05,5.419865944933377e-13
CA1 Ivy,CA1 Radial Trilaminar,0.008753779403793854,1.8954834973241436e-05,1.8954835496349035e-05,5.231075989042822e-13
MEC LIII Superficial Trilayered Interneuron,MEC LIII Superficial Multipolar Interneuron,0.10666298750604312,1.8954834973241436e-05,1.8954835489299986e-05,5.160585500596504e-13
CA1 Back Projection,CA1 Oriens Bistratified,0.0003681479504801441,1.8954834973241436e-05,1.8954835462877545e-05,4.896361094353097e-13
CA1 Back Projection,DG HICAP,0.00783296014773162,1.8954834973241436e-05,1.89548354448104e-05,4.715689644330112e-13
CA1 SO SO,CA1 Radial Trilaminar,0.0015643758608275792,1.8954834973241436e-05,1.8954835422023072e-05,4.487816368525799e-13
CA1 Radial Trilaminar,CA1 OR LM,0.0004468613801831108,1.8954834973241436e-05,1.8954835420026406e-05,4.4678497013173057e-13
CA1 Back Projection,CA1 Neurogliaform Projecting,0.0008210886317725257,1.8954834973241436e-05,1.895483541881557e-05,4.4557413314549876e-13
CA1 Radial Trilaminar,CA1 LMR,0.0007504412642658219,1.8954834973241436e-05,1.8954835410920842e-05,4.376794066063283e-13
CA2 Bistratified,CA2 Wide Arbor Basket,0.0014927833237062768,1.8954834973241436e-05,1.8954835378694884e-05,4.0545344859310717e-13
CA1 Schaffer Collateral Associated,CA1 Trilaminar,0.012720023535105722,1.8954834973241436e-05,1.8954835351263702e-05,3.780222662674859e-13
DG MOLAX,DG Total Molecular Layer,0.006201576829558709,1.8954834973241436e-05,1.8954835351107577e-05,3.77866141154648e-13
CA1 LMR,CA1 Basket,0.0008400846839512945,1.8954834973241436e-05,1.8954835344144397e-05,3.709029611220771e-13
CA1 Radial Trilaminar,CA2 Wide Arbor Basket,2.9737904522935854e-05,1.8954834973241436e-05,1.895483533335962e-05,3.601181852719293e-13
CA1 Recurrent O LM,CA1 Bistratified,0.00012044684910501501,1.8954834973241436e-05,1.89548353332937e-05,3.6005226577984217e-13
CA1 Schaffer Collateral Associated,CA1 Basket CCK+,0.007901819314755842,1.8954834973241436e-05,1.8954835333016146e-05,3.597747100236859e-13
CA1 Bistratified,CA1 Quadrilaminar,0.006579410660016362,1.8954834973241436e-05,1.8954835316413107e-05,3.4317167163511186e-13
CA1 Oriens Bistratified,CA1 Bistratified,0.000645343583119437,1.8954834973241436e-05,1.8954835308320622e-05,3.3507918661968006e-13
MEC LIII Superficial Multipolar Interneuron,MEC LIII Superficial Trilayered Interneuron,0.006448866280389899,1.8954834973241436e-05,1.895483530585905e-05,3.3261761400726897e-13
CA1 Recurrent O LM,CA1 O LMR,0.0001454700019321925,1.8954834973241436e-05,1.8954835291842484e-05,3.1860104832137637e-13
CA1 Quadrilaminar,CA1 Back Projection,2.181303143626406e-05,1.8954834973241436e-05,1.8954835291032368e-05,3.177909324580952e-13
CA1 Oriens Bistratified,CA1 LMR,0.0019866969222781896,1.8954834973241436e-05,1.8954835288048644e-05,3.148072080794151e-13
CA1 O LM,CA1 Schaffer Collateral Associated,0.00032759874577693344,1.8954834973241436e-05,1.8954835287304447e-05,3.1406301170822104e-13
CA1 SO SO,CA1 Ivy,0.0005839853389693026,1.8954834973241436e-05,1.89548352864128e-05,3.1317136384156896e-13
MEC LIII Superficial Multipolar Interneuron,EC LV Deep Pyramidal,0.0003070213826717421,1.8954834973241436e-05,1.8954835286223715e-05,3.129822789826875e-13
CA1 Oriens Alveus,CA1 Radial Trilaminar,0.0022971688169774367,1.8954834973241436e-05,1.895483528537023e-05,3.121287950325069e-13
CA1 Oriens Alveus,CA1 Recurrent O LM,0.0004480430943044644,1.8954834973241436e-05,1.8954835283547036e-05,3.103056006592553e-13
CA1 SO SO,CA1 Oriens Bistratified,0.00020523805533128516,1.8954834973241436e-05,1.895483528151394e-05,3.0827250474541046e-13
CA1 Oriens Bistratified,CA1 Perforant Path Associated QuadD,0.0063187517320724435,1.8954834973241436e-05,1.8954835275045157e-05,3.0180372090349294e-13
CA1 Radial Trilaminar,CA1 O LMR,0.0002009693959555656,1.8954834973241436e-05,1.895483525493971e-05,2.8169827581692175e-13
CA2 Wide Arbor Basket,CA2 Basket,0.021269119683946687,1.8954834973241436e-05,1.8954835247870713e-05,2.7462927765231626e-13
CA1 Ivy,CA1 Recurrent O LM,0.0008601290197378719,1.8954834973241436e-05,1.8954835235285294e-05,2.6204385883410453e-13
CA1 Oriens Bistratified,CA1 OR LM,0.0009533831554499956,1.8954834973241436e-05,1.895483523224606e-05,2.5900462330419316e-13
CA2 Basket,CA2 Bistratified,0.035856281941907105,1.8954834973241436e-05,1.895483523158166e-05,2.5834022421289404e-13
CA1 Schaffer Collateral Associated,CA1 Basket,0.009367583295075492,1.8954834973241436e-05,1.8954835229941912e-05,2.5670047684722697e-13
CA1 Ivy,CA1 Radiatum,0.0012244579194170312,1.8954834973241436e-05,1.8954835226963826e-05,2.537223903198438e-13
DG HIPP,DG AIPRIM,0.023447553146199458,1.8954834973241436e-05,1.895483522104148e-05,2.4780004437285896e-13
CA1 Perforant Path Associated QuadD,CA1 Schaffer Collateral Associated,4.398971260125112e-05,1.8954834973241436e-05,1.895483522029902e-05,2.470575827251409e-13
CA1 Recurrent O LM,CA1 Schaffer Collateral Associated,0.0001223936581597958,1.8954834973241436e-05,1.8954835211960203e-05,2.387187669761204e-13
DG AIPRIM,DG HIPROM,0.028572402747045658,1.8954834973241436e-05,1.895483520764074e-05,2.3439930552093813e-13
CA1 Oriens Alveus,CA1 Ivy,0.0008819265493883409,1.8954834973241436e-05,1.8954835198019965e-05,2.2477852912317076e-13
CA1 OR LM,CA1 Radial Trilaminar,0.0012656932116584382,1.8954834973241436e-05,1.895483518351941e-05,2.1027797558748063e-13
CA1 Bistratified,CA1 Oriens Bistratified,0.00033190259679119147,1.8954834973241436e-05,1.895483518064671e-05,2.0740527351126303e-13
CA2 Wide Arbor Basket,CA3 Mossy Fiber Associated ORDEN,0.040114941182877666,1.8954834973241436e-05,1.895483516962948e-05,1.9638804471533433e-13
CA1 Recurrent O LM,CA1 OR LM,0.00012010077924834694,1.8954834973241436e-05,1.8954835160883005e-05,1.8764156894945927e-13
CA1 Bistratified,CA1 Radiatum Giant,9.012706875838188e-05,1.8954834973241436e-05,1.895483516088127e-05,1.876398342259833e-13
CA1 Neurogliaform Projecting,CA1 Pyramidal,4.5210805260602715e-05,1.8954834973241436e-05,1.895483515030466e-05,1.770632251929527e-13
CA1 O LMR,CA1 Radiatum,0.0008933319062315839,1.8954834973241436e-05,1.8954835146432758e-05,1.7319132239457247e-13
CA3 Axo Axonic,CA3c Pyramidal,2.6330009063431585e-05,1.8954834973241436e-05,1.8954835143556586e-05,1.7031515087140292e-13
MEC LIII Superficial Trilayered Interneuron,MEC LV Pyramidal,0.0018265215786254468,1.8954834973241436e-05,1.895483513477455e-05,1.6153311327427033e-13
DG Basket,DG HIPP,0.002184199792137038,1.8954834973241436e-05,1.8954835125860672e-05,1.526192366929635e-13
CA1 Neurogliaform,CA1 LMR,0.011473560738343117,1.8954834973241436e-05,1.89548351253975e-05,1.521560655248777e-13
DG Basket,DG Axo Axonic,0.032744359381925846,1.8954834973241436e-05,1.8954835121966218e-05,1.4872478248939558e-13
CA1 Recurrent O LM,CA1 O LM,8.837791128273864e-05,1.8954834973241436e-05,1.89548351216106e-05,1.4836916417682033e-13
CA1 Back Projection,DG HIPROM,0.0024545936986770595,1.8954834973241436e-05,1.8954835112537996e-05,1.3929656039746163e-13
CA1 Quadrilaminar,CA1 R Receiving Apical Targeting,9.597935757447357e-05,1.8954834973241436e-05,1.8954835109585497e-05,1.363440610413491e-13
DG HIPP,DG Basket,0.012574511155260034,1.8954834973241436e-05,1.8954835108730278e-05,1.3548884236769254e-13
CA3 Trilaminar,CA1 Trilaminar,0.01791993806103936,1.8954834973241436e-05,1.8954835106478607e-05,1.3323717129587465e-13
CA1 Radial Trilaminar,CA1 O LM,0.00012405648198161593,1.8954834973241436e-05,1.8954835106320747e-05,1.3307931145956076e-13
CA1 OR LM,CA1 Neurogliaform Projecting,0.00037271218754653975,1.8954834973241436e-05,1.8954835105878393e-05,1.3263695697318667e-13
CA1 Ivy,CA1 Quadrilaminar,0.004983135993078681,1.8954834973241436e-05,1.8954835103513965e-05,1.3027252887543028e-13
DG Total Molecular Layer,DG Axo Axonic,0.0395383538289833,1.8954834973241436e-05,1.8954835095905467e-05,1.22664031709796e-13
CA1 SO SO,CA1 Quadrilaminar,0.0009646753384989134,1.8954834973241436e-05,1.8954835094314726e-05,1.2107329028232527e-13
CA1 Quadrilaminar,CA1 LMR,0.000183251451393698,1.8954834973241436e-05,1.895483508999006e-05,1.167486246567151e-13
DG HICAP,DG AIPRIM,0.0007384060883556619,1.8954834973241436e-05,1.8954835089584135e-05,1.1634269936333652e-13
CA1 Ivy,CA1 Oriens Bistratified,0.00035816488212544995,1.8954834973241436e-05,1.8954835085965502e-05,1.127240661924489e-13
CA1 Oriens Alveus,CA1 Oriens Bistratified,0.00015507264971170351,1.8954834973241436e-05,1.895483508362536e-05,1.1038392422335619e-13
CA1 O LMR,CA1 Radial Trilaminar,0.0019315240671034647,1.8954834973241436e-05,1.895483508130083e-05,1.0805939476554727e-13
DG MOLAX,DG Axo Axonic,0.023009862032732867,1.8954834973241436e-05,1.8954835074112136e-05,1.0087070068109938e-13
DG HIPROM,CA3 Basket,4.566578042897871e-05,1.8954834973241436e-05,1.895483507229935e-05,9.905791464870362e-14
CA1 Radial Trilaminar,CA1 Schaffer Collateral Associated,7.460877832255811e-05,1.8954834973241436e-05,1.8954835066403025e-05,9.316158955385845e-14
CA1 Recurrent O LM,CA1 Radial Trilaminar,0.0008602488059903654,1.8954834973241436e-05,1.8954835063414097e-05,9.017266100475041e-14
CA3 Lucidum ORAX,CA3 Pyramidal,5.007171161227002e-06,1.8954834973241436e-05,1.8954835057920227e-05,8.467879175633186e-14
CA1 Oriens Alveus,CA1 Quadrilaminar,0.0013832458572870497,1.8954834973241436e-05,1.895483505569978e-05,8.245834570708155e-14
CA2 Wide Arbor Basket,CA1 Radial Trilaminar,0.044797667259230435,1.8954834973241436e-05,1.895483505476997e-05,8.152853392395798e-14
CA2 Wide Arbor Basket,CA2 Bistratified,0.03942104617143138,1.8954834973241436e-05,1.89548350502753e-05,7.703386539770207e-14
CA3 Axo Axonic,CA3 Pyramidal,2.5776906842050422e-05,1.8954834973241436e-05,1.8954835049100893e-05,7.585945760446577e-14
CA1 Oriens Bistratified,CA1 Schaffer Collateral Associated,0.00022410275436669165,1.8954834973241436e-05,1.8954835048948238e-05,7.570680193857982e-14
CA1 O LM,CA1 Radial Trilaminar,0.0014422530383610642,1.8954834973241436e-05,1.8954835047572602e-05,7.433116622213021e-14
CA1 OR LM,CA1 Radiatum Giant,2.4899864488788975e-05,1.8954834973241436e-05,1.8954835045539506e-05,7.229807030828539e-14
DG Basket,DG HICAP,0.03678145512280408,1.8954834973241436e-05,1.895483504435122e-05,7.110978472724128e-14
DG HIPP,DG MOLAX,0.009766372176494703,1.8954834973241436e-05,1.8954835042619966e-05,6.937853069821642e-14
CA1 Quadrilaminar,CA1 Bistratified,3.233642308590914e-05,1.8954834973241436e-05,1.895483504105698e-05,6.781554484636132e-14
CA1 OR LM,CA1 Quadrilaminar,0.0009040978561723844,1.8954834973241436e-05,1.8954835038564183e-05,6.532274721138265e-14
DG Total Molecular Layer,DG HIPP,0.001365242634673486,1.8954834973241436e-05,1.895483503845663e-05,6.521519435587209e-14
CA1 Oriens Bistratified,CA1 O LMR,0.00016629231748705657,1.8954834973241436e-05,1.8954835036397513e-05,6.315607758988762e-14
DG HIPP,DG Total Molecular Layer,0.00750808254908129,1.8954834973241436e-05,1.895483503557005e-05,6.232861449184668e-14
CA1 Quadrilaminar,CA1 Perforant Path Associated QuadD,0.00032196573708565365,1.8954834973241436e-05,1.8954835035089532e-05,6.18480960890011e-14
CA2 SP SR,CA2 Pyramidal,7.981628304483892e-05,1.8954834973241436e-05,1.895483503469228e-05,6.145084441300241e-14
CA1 Perforant Path Associated,DG Semilunar Granule,7.129009214227733e-05,1.8954834973241436e-05,1.8954835033207357e-05,5.996592111756627e-14
DG HIPROM,CA3 Basket CCK+,1.2604860029142647e-05,1.8954834973241436e-05,1.895483503102334e-05,5.778190426131147e-14
CA1 Perforant Path Associated QuadD,CA1 Radial Trilaminar,0.00018251699216740913,1.8954834973241436e-05,1.8954835028821976e-05,5.55805401702969e-14
CA3 Spiny Lucidum,CA3 Basket,0.0014843803101604154,1.8954834973241436e-05,1.895483502560233e-05,5.2360893398883945e-14
CA1 Radiatum,CA1 Basket CCK+,0.00031400205134963295,1.8954834973241436e-05,1.8954835025541614e-05,5.230017807722476e-14
CA2 Wide Arbor Basket,CA1 Ivy,0.014632891142580436,1.8954834973241436e-05,1.8954835025460082e-05,5.221864607385385e-14
CA2 Bistratified,CA2 Basket,0.002581224458056684,1.8954834973241436e-05,1.895483502524541e-05,5.200397404370172e-14
DG HICAP,DG MOLAX,0.0004894885389406532,1.8954834973241436e-05,1.8954835024528535e-05,5.12870995672543e-14
DG Total Molecular Layer,DG HICAP,0.038400215814986816,1.8954834973241436e-05,1.895483502433251e-05,5.109107581446892e-14
CA1 Radial Trilaminar,CA1 Radiatum,0.00021278042578135094,1.8954834973241436e-05,1.8954835022923916e-05,4.9682480351975755e-14
CA3 Trilaminar,CA1 Basket CCK+,0.005210918194741443,1.8954834973241436e-05,1.895483502287708e-05,4.963564281812438e-14
CA1 Schaffer Collateral Associated,CA1 Horizontal Basket,0.0038816260522406896,1.8954834973241436e-05,1.8954835020748573e-05,4.750713711310084e-14
DG MOLAX,CA1 Neurogliaform Projecting,0.0018189671931675025,1.8954834973241436e-05,1.895483502035132e-05,4.710988543710215e-14
CA1 O LM,CA1 Neurogliaform Projecting,0.0004263184610541503,1.8954834973241436e-05,1.8954835020309688e-05,4.706825207367871e-14
DG HICAP,DG Basket,0.00028590908518342384,1.8954834973241436e-05,1.8954835018876806e-05,4.5635370482521864e-14
CA1 Perforant Path Associated QuadD,CA1 Neurogliaform Projecting,6.869438936603222e-05,1.8954834973241436e-05,1.8954835018118732e-05,4.487729632352e-14
CA3 O LM,CA3 Granule,0.008623954534074725,1.8954834973241436e-05,1.895483501686973e-05,4.36282954208167e-14
CA1 Neurogliaform,CA1 Perforant Path Associated QuadD,0.010738373367900745,1.8954834973241436e-05,1.8954835016024053e-05,4.2782617726278005e-14
CA1 O LMR,CA1 Radiatum Giant,4.2099947135074814e-05,1.8954834973241436e-05,1.8954835014383872e-05,4.1142436679741934e-14
CA3 Spiny Lucidum,CA3 Basket CCK+,0.0005451656908581486,1.8954834973241436e-05,1.8954835013932844e-05,4.0691408575987964e-14
CA1 Oriens Bistratified,CA1 O LM,0.00013551637051736895,1.8954834973241436e-05,1.8954835012661292e-05,3.9419856268096964e-14
CA1 R Receiving Apical Targeting,CA1 Oriens Alveus,0.0021765055508411305,1.8954834973241436e-05,1.8954835012422767e-05,3.9181331790150153e-14
CA1 Recurrent O LM,CA1 Neurogliaform Projecting,0.0001732632868835438,1.8954834973241436e-05,1.8954835012402818e-05,3.916138247017642e-14
DG Total Molecular Layer,CA1 Neurogliaform Projecting,0.0020239885310807605,1.8954834973241436e-05,1.8954835012357715e-05,3.9116279659801023e-14
CA1 Radiatum,CA1 Basket,0.00038555712572961804,1.8954834973241436e-05,1.8954835012342103e-05,3.910066714851723e-14
CA1 Horizontal Axo Axonic,CA1 Radiatum Giant,1.0233721225223637e-05,1.8954834973241436e-05,1.8954835011325555e-05,3.808411919159482e-14
DG MOLAX,DG HICAP,0.01971966532041915,1.8954834973241436e-05,1.8954835010289925e-05,3.704848927643667e-14
MEC LIII Superficial Trilayered Interneuron,MEC LII III Pyramidal Multiform,0.004461237673262047,1.8954834973241436e-05,1.8954835010277782e-05,3.703634621210483e-14
CA1 Perforant Path Associated,CA1 Oriens Alveus,0.003946765438367798,1.8954834973241436e-05,1.8954835010175433e-05,3.69339975270222e-14
CA1 Oriens Bistratified,CA1 Radiatum,0.0005757196350657683,1.8954834973241436e-05,1.8954835009786855e-05,3.6545419468403395e-14
CA1 O LMR,CA1 Quadrilaminar,0.0014967355666622372,1.8954834973241436e-05,1.8954835009578688e-05,3.633725265128618e-14
CA1 Quadrilaminar,CA1 OR LM,3.358304136974826e-05,1.8954834973241436e-05,1.895483500937052e-05,3.612908583416896e-14
CA1 Radial Trilaminar,CA1 Ivy,0.00028298430271466,1.8954834973241436e-05,1.8954835008607243e-05,3.5365807504739166e-14
CA1 Ivy,CA1 Radiatum Giant,3.13432834737257e-05,1.8954834973241436e-05,1.895483500670772e-05,3.346628529854456e-14
DG HICAP,DG Total Molecular Layer,0.0002680918357153617,1.8954834973241436e-05,1.89548350059323e-05,3.269086390478293e-14
CA3 Trilaminar,CA1 Basket,0.005575618984165422,1.8954834973241436e-05,1.8954835005125653e-05,3.1884217488453714e-14
MEC LIII Superficial Trilayered Interneuron,EC LV Deep Pyramidal,0.0005845691771712756,1.8954834973241436e-05,1.8954835004839424e-05,3.159798811491754e-14
CA1 Radial Trilaminar,CA1 Recurrent O LM,8.905460509232847e-05,1.8954834973241436e-05,1.8954835004438703e-05,3.11972669919669e-14
CA2 Wide Arbor Basket,CA3 Axo Axonic,0.021769719098761006,1.8954834973241436e-05,1.895483500141855e-05,2.8177113420291278e-14
CA1 O LMR,CA1 Neurogliaform Projecting,0.00022470543904120718,1.8954834973241436e-05,1.8954835000360368e-05,2.7118932099945425e-14
CA3 Mossy Fiber Associated,DG AIPRIM,0.004396072037980925,1.8954834973241436e-05,1.895483500007414e-05,2.6832702726409252e-14
CA1 Recurrent O LM,CA1 Quadrilaminar,0.0005492356194905393,1.8954834973241436e-05,1.8954834998889322e-05,2.5647886592317093e-14
CA1 Quadrilaminar,CA1 Neurogliaform,1.1713564299091671e-05,1.8954834973241436e-05,1.8954834998405334e-05,2.5163898742519564e-14
CA3 Mossy Fiber Associated,CA2 Wide Arbor Basket,0.0002075646303776132,1.8954834973241436e-05,1.895483499805145e-05,2.4810015153420295e-14
CA1 O LM,CA1 Radiatum Giant,2.761372703255473e-05,1.8954834973241436e-05,1.8954834997947367e-05,2.4705931744861687e-14
CA2 Wide Arbor Basket,CA1 Radiatum Giant,0.0007373593444070684,1.8954834973241436e-05,1.8954834995687023e-05,2.2445587055663907e-14
CA1 O LM,CA1 Quadrilaminar,0.0009730033600187832,1.8954834973241436e-05,1.8954834995636716e-05,2.239528007486058e-14
DG HIPP,DG Axo Axonic,0.03617197736467615,1.8954834973241436e-05,1.895483499497752e-05,2.1736085153989393e-14
DG HIPP,CA1 Neurogliaform Projecting,0.005219094039707389,1.8954834973241436e-05,1.8954834994712108e-05,2.147067246216494e-14
CA3 Trilaminar,CA1 Horizontal Basket,0.007948614490812406,1.8954834973241436e-05,1.895483499356719e-05,2.032575496802025e-14
CA1 LMR,CA1 Oriens Alveus,0.0008714991497265183,1.8954834973241436e-05,1.8954834993378106e-05,2.0136670109138777e-14
CA1 Quadrilaminar,CA1 Schaffer Collateral Associated,1.4500635216070824e-05,1.8954834973241436e-05,1.895483499323586e-05,1.999442278410868e-14
CA1 Recurrent O LM,CA1 Radiatum Giant,1.0347788710687331e-05,1.8954834973241436e-05,1.895483499250901e-05,1.9267573647674396e-14
CA1 Oriens Bistratified,CA1 Radial Trilaminar,0.001017896339227886,1.8954834973241436e-05,1.8954834991516747e-05,1.8275311819415663e-14
CA2 Bistratified,CA1 Back Projection,4.4238884501131455e-05,1.8954834973241436e-05,1.8954834991438685e-05,1.8197249262996706e-14
CA1 Neurogliaform,CA1 Schaffer Collateral Associated,0.0006192269592359043,1.8954834973241436e-05,1.895483499093735e-05,1.769591417843941e-14
CA1 O LMR,CA1 Ivy,0.00016647478050692114,1.8954834973241436e-05,1.895483499059214e-05,1.7350704206720025e-14
CA1 Perforant Path Associated QuadD,CA1 Quadrilaminar,0.0001298592452770079,1.8954834973241436e-05,1.8954834989981517e-05,1.674008154317619e-14
CA1 Oriens Bistratified,CA1 Recurrent O LM,0.00016154224999667636,1.8954834973241436e-05,1.89548349888765e-05,1.5635062688978962e-14
CA1 Radial Trilaminar,CA1 Quadrilaminar,0.0005362772298565698,1.8954834973241436e-05,1.8954834988720373e-05,1.547893757614105e-14
MEC LIII Superficial Trilayered Interneuron,EC LIII V Bipolar Pyramidal,0.0004279008260067293,1.8954834973241436e-05,1.8954834987946687e-05,1.4705250905855394e-14
CA1 Recurrent O LM,CA1 Oriens Bistratified,2.520312733643837e-05,1.8954834973241436e-05,1.8954834986846872e-05,1.3605436222086098e-14
CA1 Recurrent O LM,CA1 Ivy,6.928601553211986e-05,1.8954834973241436e-05,1.8954834986550234e-05,1.3308798507694064e-14
DG Total Molecular Layer,DG HIPROM,0.008600822070949761,1.8954834973241436e-05,1.8954834986309108e-05,1.3067671944533288e-14
CA1 Schaffer Collateral Associated,CA1 Oriens Alveus,0.008658001879610258,1.8954834973241436e-05,1.895483498595002e-05,1.2708584185006089e-14
CA1 Perforant Path Associated,CA1 Axo Axonic,0.001917083693441103,1.8954834973241436e-05,1.895483498518674e-05,1.1945305855576294e-14
CA1 Quadrilaminar,CA2 Wide Arbor Basket,8.897583864905237e-07,1.8954834973241436e-05,1.8954834984498056e-05,1.1256620635613501e-14
CA1 R Receiving Apical Targeting,CA1 Axo Axonic,0.0009133131867018656,1.8954834973241436e-05,1.8954834984114682e-05,1.0873246747422627e-14
CA1 Radial Trilaminar,CA1 Oriens Bistratified,2.8287367872488326e-05,1.8954834973241436e-05,1.8954834983949884e-05,1.070844801720483e-14
DG HIPROM,DG AIPRIM,0.00017172328793128145,1.8954834973241436e-05,1.8954834982296692e-05,9.055256544598933e-15
CA1 Quadrilaminar,CA1 O LMR,6.0013154794775855e-06,1.8954834973241436e-05,1.8954834982249855e-05,9.00841901074756e-15
CA3 Mossy Fiber Associated,CA3 Mossy Fiber Associated ORDEN,0.0024150719427068657,1.8954834973241436e-05,1.8954834981758928e-05,8.517492267046123e-15
CA3 LMR Targeting,CA3 Granule,0.008806155274614013,1.8954834973241436e-05,1.8954834981573312e-05,8.331876855116604e-15
CA1 Oriens Bistratified,CA1 Ivy,0.0002527322168540637,1.8954834973241436e-05,1.8954834981379023e-05,8.137587825807202e-15
CA3 Mossy Fiber Associated,DG Total Molecular Layer,0.001550867186819029,1.8954834973241436e-05,1.8954834981294022e-05,8.052586375484339e-15
CA1 Perforant Path Associated,DG Neurogliaform,0.00014894753567683578,1.8954834973241436e-05,1.895483498117259e-05,7.931155732165962e-15
CA3 Mossy Fiber Associated,DG Basket,0.0011251336261651626,1.8954834973241436e-05,1.8954834980825647e-05,7.5842110369706e-15
CA3 Mossy Fiber Associated,CA3 LMR Targeting,0.00032338078386491564,1.8954834973241436e-05,1.895483498033125e-05,7.0898148463172106e-15
DG HICAP,DG Axo Axonic,0.0007612741147770873,1.8954834973241436e-05,1.8954834980291352e-05,7.049916206369744e-15
CA1 Quadrilaminar,CA1 Radiatum,2.724933533868453e-05,1.8954834973241436e-05,1.895483498008492e-05,6.843484112728504e-15
CA1 Oriens Bistratified,CA1 Quadrilaminar,0.0008088399220148598,1.8954834973241436e-05,1.8954834979847263e-05,6.6058269965196814e-15
DG HIPROM,CA3 O LM,2.2733953150543814e-05,1.8954834973241436e-05,1.895483497974665e-05,6.5052130349130266e-15
CA3 Mossy Fiber Associated,DG MOLAX,0.0015757870084617826,1.8954834973241436e-05,1.8954834979444807e-05,6.203371150093062e-15
CA1 LMR,CA1 Axo Axonic,0.0003777235023364464,1.8954834973241436e-05,1.895483497932511e-05,6.0836752302506625e-15
CA1 Radial Trilaminar,CA1 Radiatum Giant,5.195740862842607e-06,1.8954834973241436e-05,1.895483497929909e-05,6.05765437811101e-15
DG HIPP,DG HICAP,0.023158557271640578,1.8954834973241436e-05,1.895483497917766e-05,5.936223734792634e-15
CA2 Bistratified,CA1 R Receiving Apical Targeting,0.00010298368083393723,1.8954834973241436e-05,1.895483497916378e-05,5.9223459469848194e-15
CA1 Quadrilaminar,CA1 Radial Trilaminar,7.889404955554918e-05,1.8954834973241436e-05,1.8954834978629487e-05,5.388051116383963e-15
CA1 Quadrilaminar,CA1 O LM,4.367855967185338e-06,1.8954834973241436e-05,1.8954834978343257e-05,5.10182174284779e-15
CA1 Neurogliaform,CA1 Radial Trilaminar,0.0028099500003645056,1.8954834973241436e-05,1.8954834977972027e-05,4.730590918988753e-15
DG MOLAX,DG HIPROM,0.0022100730150684403,1.8954834973241436e-05,1.895483497776733e-05,4.52589354882349e-15
CA2 Basket,CA2 SP SR,0.0027919439490905955,1.8954834973241436e-05,1.89548349773961e-05,4.154662724964453e-15
CA1 Schaffer Collateral Associated,CA1 SO SO,0.002823601528180905,1.8954834973241436e-05,1.8954834977189666e-05,3.948230631323213e-15
CA1 Schaffer Collateral Associated,CA1 Axo Axonic,0.003821320182753437,1.8954834973241436e-05,1.8954834976894763e-05,3.653327640407156e-15
CA1 Neurogliaform,CA1 Neurogliaform Projecting,0.0009237952720621938,1.8954834973241436e-05,1.8954834976799353e-05,3.557917849228431e-15
CA2 Bistratified,CA1 Perforant Path Associated QuadD,0.00042364999692233175,1.8954834973241436e-05,1.8954834976275467e-05,3.0340313594834356e-15
CA2 Bistratified,CA1 Bistratified,3.902757375424741e-05,1.8954834973241436e-05,1.895483497624771e-05,3.0062757838678067e-15
DG HIPROM,DG Basket,5.2286001409943174e-05,1.8954834973241436e-05,1.8954834976134954e-05,2.8935187579293142e-15
CA3 Mossy Fiber Associated,CA3 Spiny Lucidum,0.00044651316241292144,1.8954834973241436e-05,1.8954834976016993e-05,2.7755575615628914e-15
CA2 Bistratified,CA1 OR LM,6.234905264070767e-05,1.8954834973241436e-05,1.8954834975921583e-05,2.680147770384167e-15
CA1 Quadrilaminar,CA1 Ivy,1.730258097957044e-05,1.8954834973241436e-05,1.8954834975675253e-05,2.4338170367954604e-15
DG MOLAX,DG MOPP,0.0010419828102722995,1.8954834973241436e-05,1.89548349754827e-05,2.2412627309620348e-15
DG HIPROM,CA2 Wide Arbor Basket,1.947866984157337e-06,1.8954834973241436e-05,1.8954834975430657e-05,2.1892210266827306e-15
CA1 Radiatum,CA1 Oriens Alveus,0.0003587695484950985,1.8954834973241436e-05,1.8954834975397697e-05,2.1562612806391712e-15
DG HIPROM,DG MOLAX,5.211615525736328e-05,1.8954834973241436e-05,1.895483497531443e-05,2.0729945537922845e-15
CA3 Mossy Fiber Associated,DG HIPP,0.0002878580374863645,1.8954834973241436e-05,1.8954834975151366e-05,1.9099305470504646e-15
CA3 Trilaminar,CA1 Oriens Alveus,0.0054094579938119705,1.8954834973241436e-05,1.8954834975081977e-05,1.8405416080113923e-15
DG HIPROM,CA3 Mossy Fiber Associated,2.267958043139749e-05,1.8954834973241436e-05,1.8954834975066365e-05,1.824929096727601e-15
CA3 Mossy Fiber Associated ORDEN,DG Mossy,5.391650858551417e-05,1.8954834973241436e-05,1.89548349750282e-05,1.7867651802561113e-15
CA1 Neurogliaform,CA1 Radiatum Giant,5.1830805756185085e-05,1.8954834973241436e-05,1.8954834974990037e-05,1.7486012637846216e-15
CA1 Quadrilaminar,CA1 Recurrent O LM,4.637002741721254e-06,1.8954834973241436e-05,1.8954834974977894e-05,1.736458199452784e-15
DG HIPROM,DG Total Molecular Layer,4.038423920669905e-05,1.8954834973241436e-05,1.8954834974865137e-05,1.6237011735142914e-15
DG Total Molecular Layer,DG MOPP,0.0010267378042831986,1.8954834973241436e-05,1.895483497484779e-05,1.6063539387545234e-15
CA1 Schaffer Collateral Associated,CA1 Horizontal Axo Axonic,0.002262027427497168,1.8954834973241436e-05,1.8954834974684726e-05,1.4432899320127035e-15
DG HICAP,DG HIPROM,0.00026453559218406913,1.8954834973241436e-05,1.8954834974604928e-05,1.3634926521177704e-15
CA1 Quadrilaminar,CA1 Neurogliaform Projecting,3.636999042412023e-06,1.8954834973241436e-05,1.895483497453554e-05,1.294103713078698e-15
CA3 Mossy Fiber Associated,DG Axo Axonic,0.002974123695865345,1.8954834973241436e-05,1.8954834974500845e-05,1.259409243559162e-15
CA3 Trilaminar,CA1 SO SO,0.004254753929225061,1.8954834973241436e-05,1.895483497446268e-05,1.2212453270876722e-15
CA2 Wide Arbor Basket,CA2 SP SR,0.0031119862078589438,1.8954834973241436e-05,1.8954834974454007e-05,1.2125717097077882e-15
DG HIPROM,CA3 Mossy Fiber Associated ORDEN,4.056454760878829e-05,1.8954834973241436e-05,1.89548349744436e-05,1.2021633688519273e-15
CA3 Spiny Lucidum,CA3 LMR Targeting,0.00020535312935295792,1.8954834973241436e-05,1.895483497442972e-05,1.1882855810441129e-15
CA3 Spiny Lucidum,DG AIPRIM,0.0016428153123287164,1.8954834973241436e-05,1.8954834974417578e-05,1.1761425167122752e-15
CA3 Mossy Fiber Associated,CA3 Axo Axonic,0.0011305710779387838,1.8954834973241436e-05,1.8954834974405435e-05,1.1639994523804376e-15
CA2 Bistratified,CA1 O LM,1.297458157222413e-05,1.8954834973241436e-05,1.895483497433431e-05,1.0928757898653885e-15
CA3 Spiny Lucidum,CA3 Mossy Fiber Associated,0.0008430167654305238,1.8954834973241436e-05,1.895483497427533e-05,1.033895191682177e-15
CA1 Neurogliaform Projecting,CA1 Neurogliaform,0.00018872657399769777,1.8954834973241436e-05,1.8954834974221554e-05,9.80118763926896e-16
CA1 Neurogliaform Projecting,CA1 LMR,0.0007995429548086982,1.8954834973241436e-05,1.8954834974218085e-05,9.766493169749424e-16
CA1 Neurogliaform,CA1 Quadrilaminar,0.0018057266550590416,1.8954834973241436e-05,1.8954834974181656e-05,9.402201239794294e-16
CA2 Bistratified,CA1 Radiatum,2.1300517729188364e-05,1.8954834973241436e-05,1.8954834974140022e-05,8.98586760555986e-16
CA2 Bistratified,CA1 Recurrent O LM,2.1259497732300905e-05,1.8954834973241436e-05,1.895483497412094e-05,8.795048023202412e-16
DG MOPP,DG AIPRIM,0.0007998332793908621,1.8954834973241436e-05,1.8954834974070633e-05,8.291978215169138e-16
CA3 Mossy Fiber Associated,CA3 Lucidum ORAX,0.003258353695021482,1.8954834973241436e-05,1.89548349740689e-05,8.27463098040937e-16
CA2 Bistratified,CA1 LMR,4.5691076613064966e-05,1.8954834973241436e-05,1.895483497402553e-05,7.840950111415168e-16
CA3 Mossy Fiber Associated ORDEN,CA3 Lucidum ORAX,0.000732336775628898,1.8954834973241436e-05,1.8954834973985632e-05,7.441963711940502e-16
CA1 Neurogliaform Projecting,CA1 Perforant Path Associated QuadD,0.0007681881727499473,1.8954834973241436e-05,1.8954834973898896e-05,6.574601973952099e-16
DG HIPROM,CA3 Horizontal Axo Axonic,7.7947221454459e-06,1.8954834973241436e-05,1.8954834973890222e-05,6.487865800153259e-16
DG HIPP,DG MOPP,0.0030541727089163336,1.8954834973241436e-05,1.895483497387808e-05,6.366435156834882e-16
CA3 Spiny Lucidum,DG Basket,0.0011371615914608805,1.8954834973241436e-05,1.895483497387461e-05,6.331740687315346e-16
CA2 Bistratified,CA1 O LMR,1.4519237349799567e-05,1.8954834973241436e-05,1.8954834973855528e-05,6.140921104957897e-16
DG Neurogliaform,DG MOLAX,0.00013167378283395587,1.8954834973241436e-05,1.8954834973827772e-05,5.863365348801608e-16
CA3 Spiny Lucidum,DG MOLAX,0.0006626686175898262,1.8954834973241436e-05,1.8954834973796547e-05,5.551115123125783e-16
CA3 Spiny Lucidum,CA3 Mossy Fiber Associated ORDEN,0.0010507799926653674,1.8954834973241436e-05,1.895483497378267e-05,5.412337245047638e-16
DG MOPP,CA1 Neurogliaform Projecting,0.00017647927371693736,1.8954834973241436e-05,1.8954834973777465e-05,5.360295540768334e-16
CA3 Trilaminar,CA1 Horizontal Axo Axonic,0.004477235323365067,1.8954834973241436e-05,1.895483497377573e-05,5.342948306008566e-16
CA1 Neurogliaform Projecting,DG HICAP,0.0001699654778384124,1.8954834973241436e-05,1.8954834973754914e-05,5.134781488891349e-16
DG HIPROM,CA3 Trilaminar,1.5038468236317725e-06,1.8954834973241436e-05,1.8954834973751444e-05,5.100087019371813e-16
CA3 Mossy Fiber Associated,DG HICAP,0.0029199970986711213,1.8954834973241436e-05,1.8954834973747975e-05,5.065392549852277e-16
CA1 Quadrilaminar,CA1 Oriens Bistratified,9.990824547343121e-07,1.8954834973241436e-05,1.8954834973735832e-05,4.9439619065339e-16
DG Neurogliaform,DG Axo Axonic,0.00044661548909555646,1.8954834973241436e-05,1.895483497372369e-05,4.822531263215524e-16
CA1 Radiatum,CA1 Axo Axonic,0.0001476195305789336,1.8954834973241436e-05,1.8954834973699403e-05,4.579669976578771e-16
CA1 Neurogliaform Projecting,DG Axo Axonic,0.0002933663191987238,1.8954834973241436e-05,1.8954834973697668e-05,4.562322741819003e-16
DG HIPROM,DG Axo Axonic,0.00013713562800621252,1.8954834973241436e-05,1.8954834973692464e-05,4.510281037539698e-16
CA3 Spiny Lucidum,CA1 Neurogliaform Projecting,0.00016565321198154005,1.8954834973241436e-05,1.8954834973675116e-05,4.3368086899420177e-16
CA3 Lucidum ORAX,CA3 LMR Targeting,4.343455122388331e-06,1.8954834973241436e-05,1.8954834973673382e-05,4.3194614551822497e-16
CA2 Bistratified,CA2 SP SR,0.00036096666724442123,1.8954834973241436e-05,1.8954834973656035e-05,4.145989107584569e-16
DG HIPROM,CA1 Neurogliaform Projecting,3.420796978793967e-06,1.8954834973241436e-05,1.8954834973645626e-05,4.0419056990259605e-16
CA2 Bistratified,CA1 Oriens Bistratified,3.5779149472470966e-06,1.8954834973241436e-05,1.8954834973638687e-05,3.972516759986888e-16
CA3 Lucidum ORAX,CA3 Axo Axonic,2.3969636649933168e-05,1.8954834973241436e-05,1.8954834973626544e-05,3.8510861166685117e-16
CA3 Lucidum ORAX,CA3 Horizontal Axo Axonic,8.837682523662877e-06,1.8954834973241436e-05,1.895483497362134e-05,3.7990444123892075e-16
CA1 Neurogliaform Projecting,DG AIPRIM,0.00018010344848924556,1.8954834973241436e-05,1.89548349736144e-05,3.7296554733501353e-16
CA3 Spiny Lucidum,DG Total Molecular Layer,0.0004309484830118011,1.8954834973241436e-05,1.8954834973612666e-05,3.712308238590367e-16
CA3 Spiny Lucidum,CA3 Lucidum ORAX,0.0032599366411466043,1.8954834973241436e-05,1.8954834973605728e-05,3.642919299551295e-16
CA3 Spiny Lucidum,DG HIPROM,4.5433679531589036e-05,1.8954834973241436e-05,1.8954834973600523e-05,3.5908775952719907e-16
CA1 Neurogliaform Projecting,DG MOLAX,0.0001120792422676504,1.8954834973241436e-05,1.895483497358838e-05,3.469446951953614e-16
DG MOPP,DG Total Molecular Layer,0.0002808881976817557,1.8954834973241436e-05,1.8954834973579707e-05,3.382710778154774e-16
CA3 Mossy Fiber Associated ORDEN,DG Hilar Ectopic Granule,3.203279434550701e-05,1.8954834973241436e-05,1.8954834973572768e-05,3.3133218391157016e-16
CA3 Spiny Lucidum,CA3 Axo Axonic,0.0005877040946144521,1.8954834973241436e-05,1.89548349735693e-05,3.2786273695961654e-16
DG HIPROM,CA3 LMR Targeting,3.998756521270463e-06,1.8954834973241436e-05,1.8954834973560625e-05,3.191891195797325e-16
DG HIPROM,CA3 Spiny Lucidum,7.194640581617172e-06,1.8954834973241436e-05,1.8954834973524196e-05,2.8275992658421956e-16
DG Neurogliaform,CA1 Neurogliaform Projecting,3.0699247441811634e-05,1.8954834973241436e-05,1.8954834973501644e-05,2.6020852139652106e-16
CA3 Trilaminar,CA3 Granule,0.0006210543423464501,1.8954834973241436e-05,1.8954834973498175e-05,2.5673907444456745e-16
DG Neurogliaform,DG AIPRIM,0.00017221151424765503,1.8954834973241436e-05,1.895483497349297e-05,2.5153490401663703e-16
CA1 Perforant Path Associated,DG Hilar Ectopic Granule,0.00040358191740262394,1.8954834973241436e-05,1.895483497349297e-05,2.5153490401663703e-16
DG HIPROM,DG HICAP,0.0001306336467470376,1.8954834973241436e-05,1.8954834973454807e-05,2.1337098754514727e-16
DG Neurogliaform,DG MOPP,7.309632158290131e-06,1.8954834973241436e-05,1.8954834973449602e-05,2.0816681711721685e-16
CA2 Bistratified,CA1 Radiatum Giant,5.611695144350945e-07,1.8954834973241436e-05,1.8954834973447868e-05,2.0643209364124004e-16
CA2 Bistratified,CA1 Axo Axonic,2.179706200472358e-05,1.8954834973241436e-05,1.8954834973447868e-05,2.0643209364124004e-16
DG HIPROM,DG MOPP,2.0481794860384596e-06,1.8954834973241436e-05,1.8954834973439194e-05,1.97758476261356e-16
CA3 Mossy Fiber Associated,DG Hilar Ectopic Granule,0.000627117251596981,1.8954834973241436e-05,1.8954834973428786e-05,1.8735013540549517e-16
CA3 Spiny Lucidum,DG HICAP,0.001567695965873146,1.8954834973241436e-05,1.895483497342705e-05,1.8561541192951836e-16
DG HIPROM,CA3 Axo Axonic,2.2907588059695414e-05,1.8954834973241436e-05,1.895483497342705e-05,1.8561541192951836e-16
DG Neurogliaform,DG Basket,7.308415868076703e-05,1.8954834973241436e-05,1.895483497342358e-05,1.8214596497756474e-16
DG MOPP,DG Hilar Ectopic Granule,0.00014069774314938075,1.8954834973241436e-05,1.8954834973414908e-05,1.734723475976807e-16
CA2 SP SR,CA2 Basket,0.0005766787383024583,1.8954834973241436e-05,1.8954834973413173e-05,1.717376241217039e-16
DG Neurogliaform,DG Semilunar Granule,8.759248220773654e-06,1.8954834973241436e-05,1.895483497339756e-05,1.5612511283791264e-16
DG HIPP,DG Hilar Ectopic Granule,0.00431400042346183,1.8954834973241436e-05,1.895483497339756e-05,1.5612511283791264e-16
CA1 Neurogliaform Projecting,CA1 Radiatum Giant,3.6967056435522053e-06,1.8954834973241436e-05,1.895483497339409e-05,1.5265566588595902e-16
DG HIPROM,DG HIPP,3.5419165149930715e-06,1.8954834973241436e-05,1.8954834973390622e-05,1.491862189340054e-16
CA1 Neurogliaform Projecting,DG MOPP,1.4734531115655045e-05,1.8954834973241436e-05,1.8954834973366336e-05,1.249000902703301e-16
CA3 Trilaminar,CA1 Quadrilaminar,0.003841814002863451,1.8954834973241436e-05,1.8954834973359397e-05,1.1796119636642288e-16
CA1 Neurogliaform Projecting,DG Semilunar Granule,6.228490967602895e-06,1.8954834973241436e-05,1.8954834973352458e-05,1.1102230246251565e-16
CA3 Spiny Lucidum,DG MOPP,0.00015578498823578358,1.8954834973241436e-05,1.895483497334899e-05,1.0755285551056204e-16
CA3 Mossy Fiber Associated ORDEN,DG HICAP,0.00010086822984919375,1.8954834973241436e-05,1.8954834973336845e-05,9.540979117872439e-17
CA2 Bistratified,CA1 Quadrilaminar,5.5409662980630584e-05,1.8954834973241436e-05,1.8954834973336845e-05,9.540979117872439e-17
CA1 Radiatum,CA1 Radial Trilaminar,0.0003426346210849452,1.8954834973241436e-05,1.895483497333164e-05,9.020562075079397e-17
CA1 Neurogliaform Projecting,CA1 Axo Axonic,9.963816543576417e-05,1.8954834973241436e-05,1.8954834973328172e-05,8.673617379884035e-17
CA3 Mossy Fiber Associated ORDEN,DG Axo Axonic,0.00010037094317553425,1.8954834973241436e-05,1.8954834973288273e-05,4.683753385137379e-17
CA1 Neurogliaform Projecting,CA1 Quadrilaminar,0.00012808205659285175,1.8954834973241436e-05,1.895483497328654e-05,4.5102810375396984e-17
CA1 Neurogliaform Projecting,DG Total Molecular Layer,6.112762354520286e-05,1.8954834973241436e-05,1.895483497327266e-05,3.122502256758253e-17
CA2 Bistratified,CA1 Schaffer Collateral Associated,8.827977943209238e-06,1.8954834973241436e-05,1.8954834973270926e-05,2.949029909160572e-17
CA3 Mossy Fiber Associated ORDEN,DG HIPROM,3.562462100191544e-05,1.8954834973241436e-05,1.8954834973265722e-05,2.42861286636753e-17
CA3 Mossy Fiber Associated ORDEN,DG Basket,3.708282215735177e-05,1.8954834973241436e-05,1.8954834973260518e-05,1.9081958235744878e-17
CA3 Spiny Lucidum,CA3 Granule,0.0001393591382395009,1.8954834973241436e-05,1.8954834973258783e-05,1.734723475976807e-17
CA3 Lucidum ORAX,CA3 Spiny Lucidum,5.595787686924555e-06,1.8954834973241436e-05,1.8954834973258783e-05,1.734723475976807e-17
CA3 Lucidum ORAX,CA3 Trilaminar,1.6011756213587532e-06,1.8954834973241436e-05,1.895483497325011e-05,8.673617379884035e-18
DG MOPP,DG Basket,0.00034262526848304997,1.8954834973241436e-05,1.895483497324664e-05,5.204170427930421e-18
DG Neurogliaform,DG HICAP,0.00016324031134503587,1.8954834973241436e-05,1.895483497324317e-05,1.734723475976807e-18
CA3 Spiny Lucidum,DG Axo Axonic,0.0035399183580364486,1.8954834973241436e-05,1.8954834973241436e-05,0.0
CA1 Neurogliaform Projecting,DG Basket,7.276836498036927e-05,1.8954834973241436e-05,1.89548349732397e-05,-1.734723475976807e-18
CA1 Schaffer Collateral Associated,CA1 Oriens Bistratified,0.0001238769415171302,1.8954834973241436e-05,1.8954834973234497e-05,-6.938893903907228e-18
CA1 Neurogliaform Projecting,CA1 Schaffer Collateral Associated,4.194167153392967e-05,1.8954834973241436e-05,1.8954834973232762e-05,-8.673617379884035e-18
DG HIPROM,CA3 Lucidum ORAX,3.384605183780777e-05,1.8954834973241436e-05,1.8954834973232762e-05,-8.673617379884035e-18
DG MOPP,DG HICAP,0.0007296871773701321,1.8954834973241436e-05,1.8954834973211945e-05,-2.949029909160572e-17
CA3 Trilaminar,CA1 Oriens Bistratified,0.0002590043238558432,1.8954834973241436e-05,1.8954834973201537e-05,-3.9898639947466563e-17
CA1 Neurogliaform Projecting,DG Neurogliaform,1.0386189822752376e-05,1.8954834973241436e-05,1.895483497318072e-05,-6.071532165918825e-17
DG HIPROM,DG Hilar Ectopic Granule,1.83799532758244e-05,1.8954834973241436e-05,1.895483497315817e-05,-8.326672684688674e-17
CA1 Perforant Path Associated,DG MOPP,0.00027622106855484675,1.8954834973241436e-05,1.895483497315123e-05,-9.020562075079397e-17
DG HIPROM,CA3 Granule,5.602674119634337e-07,1.8954834973241436e-05,1.895483497314776e-05,-9.367506770274758e-17
CA3 Trilaminar,CA3 Lucidum ORAX,0.01219024289211027,1.8954834973241436e-05,1.895483497314776e-05,-9.367506770274758e-17
CA3 Trilaminar,CA1 Radiatum Giant,2.397271355512763e-05,1.8954834973241436e-05,1.895483497314429e-05,-9.71445146547012e-17
DG MOPP,DG Axo Axonic,0.0009913173387646945,1.8954834973241436e-05,1.895483497312868e-05,-1.1275702593849246e-16
CA2 Bistratified,CA1 Ivy,1.0373183070782984e-05,1.8954834973241436e-05,1.8954834973102658e-05,-1.3877787807814457e-16
CA2 Bistratified,CA1 Radial Trilaminar,6.480044428636286e-05,1.8954834973241436e-05,1.8954834973102658e-05,-1.3877787807814457e-16
DG Neurogliaform,DG Total Molecular Layer,4.874497284065446e-05,1.8954834973241436e-05,1.8954834973102658e-05,-1.3877787807814457e-16
DG HICAP,DG Hilar Ectopic Granule,0.00013021601689333114,1.8954834973241436e-05,1.8954834973099188e-05,-1.4224732503009818e-16
CA3 Mossy Fiber Associated ORDEN,DG Total Molecular Layer,5.8838641029249296e-05,1.8954834973241436e-05,1.8954834973090515e-05,-1.5092094240998222e-16
CA3 Mossy Fiber Associated ORDEN,DG HIPP,1.3273849665582475e-05,1.8954834973241436e-05,1.895483497307837e-05,-1.6306400674181987e-16
CA1 Neurogliaform Projecting,CA1 Oriens Alveus,0.00019934583839506618,1.8954834973241436e-05,1.8954834973064494e-05,-1.7694179454963432e-16
CA3 Mossy Fiber Associated,DG HIPROM,0.0008769979908825089,1.8954834973241436e-05,1.8954834973047147e-05,-1.942890293094024e-16
CA1 Neurogliaform Projecting,CA1 Radial Trilaminar,0.00018134990966511675,1.8954834973241436e-05,1.8954834973043677e-05,-1.97758476261356e-16
CA3 Lucidum ORAX,CA3 Mossy Fiber Associated ORDEN,4.478413478272979e-05,1.8954834973241436e-05,1.8954834973038473e-05,-2.0296264668928643e-16
CA1 Radiatum,CA1 Radiatum Giant,7.035975121273674e-06,1.8954834973241436e-05,1.8954834973028065e-05,-2.1337098754514727e-16
CA3 Trilaminar,CA1 Axo Axonic,0.002236312848643542,1.8954834973241436e-05,1.895483497302633e-05,-2.1510571102112408e-16
DG Neurogliaform,DG Hilar Ectopic Granule,5.884384869600565e-05,1.8954834973241436e-05,1.8954834973024595e-05,-2.1684043449710089e-16
CA2 Bistratified,CA1 Horizontal Axo Axonic,4.8738262672053196e-05,1.8954834973241436e-05,1.8954834973010717e-05,-2.3071822230491534e-16
CA3 Mossy Fiber Associated,CA3 Granule,7.023076059787762e-05,1.8954834973241436e-05,1.895483497299337e-05,-2.480654570646834e-16
CA2 SP SR,CA2 Bistratified,0.0015100270054353676,1.8954834973241436e-05,1.8954834972991635e-05,-2.498001805406602e-16
CA3 Lucidum ORAX,CA3 Mossy Fiber Associated,2.5813769690959048e-05,1.8954834973241436e-05,1.8954834972976023e-05,-2.654126918244515e-16
CA3 Lucidum ORAX,CA2 Wide Arbor Basket,2.194008259759889e-06,1.8954834973241436e-05,1.8954834972969084e-05,-2.723515857283587e-16
CA3 Lucidum ORAX,CA3 Granule,1.5530303784073802e-06,1.8954834973241436e-05,1.895483497296735e-05,-2.740863092043355e-16
DG MOPP,DG MOLAX,0.0003703366379155932,1.8954834973241436e-05,1.8954834972944798e-05,-2.96637714392034e-16
CA3 Mossy Fiber Associated ORDEN,CA3 Axo Axonic,0.00042156570320835563,1.8954834973241436e-05,1.8954834972915308e-05,-3.2612801348363973e-16
CA3 Spiny Lucidum,DG Neurogliaform,6.922315350857274e-05,1.8954834973241436e-05,1.8954834972910103e-05,-3.3133218391157016e-16
CA3 Trilaminar,CA1 Ivy,0.0019227797080966726,1.8954834973241436e-05,1.8954834972903165e-05,-3.382710778154774e-16
DG HIPROM,DG Neurogliaform,1.2703290579191275e-06,1.8954834973241436e-05,1.8954834972896226e-05,-3.452099717193846e-16
CA3 Spiny Lucidum,DG Hilar Ectopic Granule,0.00037323725087552733,1.8954834973241436e-05,1.8954834972856327e-05,-3.8510861166685117e-16
CA1 Radiatum,CA1 Ivy,9.041165879320281e-05,1.8954834973241436e-05,1.895483497284245e-05,-3.9898639947466563e-16
CA3 Trilaminar,CA1 Radiatum,0.0010489917084652053,1.8954834973241436e-05,1.8954834972826837e-05,-4.145989107584569e-16
CA3 Trilaminar,CA3 Axo Axonic,0.00503741574715498,1.8954834973241436e-05,1.895483497280602e-05,-4.354155924701786e-16
CA1 Schaffer Collateral Associated,CA1 Radiatum Giant,7.101606421904496e-05,1.8954834973241436e-05,1.895483497280602e-05,-4.354155924701786e-16
CA1 Neurogliaform Projecting,DG Hilar Ectopic Granule,4.194994721495509e-05,1.8954834973241436e-05,1.895483497279561e-05,-4.458239333260394e-16
CA3 Trilaminar,CA1 Schaffer Collateral Associated,0.00042275853280073774,1.8954834973241436e-05,1.895483497278e-05,-4.614364446098307e-16
CA2 Bistratified,CA1 Oriens Alveus,5.581957571226182e-05,1.8954834973241436e-05,1.8954834972741835e-05,-4.996003610813204e-16
CA3 Trilaminar,CA1 Recurrent O LM,0.0007243875637462539,1.8954834973241436e-05,1.8954834972741835e-05,-4.996003610813204e-16
CA1 Radiatum,CA1 Quadrilaminar,0.0002274109524345296,1.8954834973241436e-05,1.8954834972693263e-05,-5.48172618408671e-16
CA3 LMR Targeting,CA3 Lucidum ORAX,0.006036061335264538,1.8954834973241436e-05,1.8954834972656834e-05,-5.84601811404184e-16
CA3 Trilaminar,CA1 Radial Trilaminar,0.006056678923653744,1.8954834973241436e-05,1.895483497252673e-05,-7.147060721024445e-16
DG MOPP,DG Neurogliaform,5.9391448407983976e-05,1.8954834973241436e-05,1.895483497249377e-05,-7.476658181460039e-16
CA3 Lucidum ORAX,CA3 O LM,2.4064620172418e-05,1.8954834973241436e-05,1.8954834972429585e-05,-8.118505867571457e-16
CA1 Schaffer Collateral Associated,CA1 Quadrilaminar,0.005391871677094108,1.8954834973241436e-05,1.8954834972412238e-05,-8.291978215169138e-16
CA1 LMR,CA1 Neurogliaform Projecting,7.635523620244376e-05,1.8954834973241436e-05,1.895483497239142e-05,-8.500145032286355e-16
CA3 Mossy Fiber Associated ORDEN,DG MOLAX,7.138525646827561e-05,1.8954834973241436e-05,1.8954834972322032e-05,-9.194034422677078e-16
DG MOPP,DG Semilunar Granule,2.1790766682875626e-05,1.8954834973241436e-05,1.8954834972198867e-05,-1.042568809062061e-15
CA3 Trilaminar,CA1 O LM,0.0008451896557768528,1.8954834973241436e-05,1.8954834972110396e-05,-1.1310397063368782e-15
DG Axo Axonic,DG Hilar Ectopic Granule,0.00029624985012271094,1.8954834973241436e-05,1.8954834972032333e-05,-1.2091022627558345e-15
CA3 Mossy Fiber Associated ORDEN,CA3 Spiny Lucidum,0.00019974038478606158,1.8954834973241436e-05,1.8954834972004578e-05,-1.2368578383714635e-15
CA1 Quadrilaminar,CA1 Horizontal Axo Axonic,1.6988483579009173e-05,1.8954834973241436e-05,1.895483497199764e-05,-1.2437967322753707e-15
CA1 Schaffer Collateral Associated,CA1 Recurrent O LM,0.000540237779181965,1.8954834973241436e-05,1.8954834971985496e-05,-1.2559397966072083e-15
CA1 Perforant Path Associated,DG HICAP,0.001825420453669534,1.8954834973241436e-05,1.895483497198029e-05,-1.2611439670351388e-15
CA3 Trilaminar,CA3 Spiny Lucidum,0.0010301914101757744,1.8954834973241436e-05,1.8954834971969883e-05,-1.2715523078909996e-15
CA1 Neurogliaform Projecting,CA1 Basket,0.0001667781703435852,1.8954834973241436e-05,1.89548349719508e-05,-1.2906342661267445e-15
CA3 LMR Targeting,CA3 Mossy Fiber Associated ORDEN,0.0019526997805293367,1.8954834973241436e-05,1.895483497189182e-05,-1.349614864309956e-15
CA2 Bistratified,CA1 SO SO,0.00011728904511475061,1.8954834973241436e-05,1.8954834971881412e-05,-1.3600232051658168e-15
CA3 Mossy Fiber Associated ORDEN,CA3 LMR Targeting,9.271540756715319e-05,1.8954834973241436e-05,1.8954834971818962e-05,-1.4224732503009818e-15
MEC LIII Superficial Trilayered Interneuron,MEC LV Superficial Pyramidal,0.0012712968420112477,1.8954834973241436e-05,1.8954834971786003e-05,-1.4554329963445412e-15
CA3 Trilaminar,CA3 Horizontal Axo Axonic,0.0025676979240438986,1.8954834973241436e-05,1.8954834971664572e-05,-1.5768636396629176e-15
CA1 LMR,CA1 Quadrilaminar,0.0006171691239225948,1.8954834973241436e-05,1.8954834971633347e-05,-1.6080886622305002e-15
CA3 O LM,CA3 Lucidum ORAX,0.005382716444636912,1.8954834973241436e-05,1.8954834971522325e-05,-1.7191109646930158e-15
CA1 LMR,CA1 Ivy,0.00014296647916944383,1.8954834973241436e-05,1.8954834971506712e-05,-1.734723475976807e-15
CA3 Mossy Fiber Associated ORDEN,DG AIPRIM,0.00018824681168783756,1.8954834973241436e-05,1.895483497148416e-05,-1.7572748811645056e-15
CA3 Trilaminar,CA1 LMR,0.002752116169711196,1.8954834973241436e-05,1.8954834971478957e-05,-1.762479051592436e-15
CA1 LMR,CA1 Radiatum Giant,1.7436274257296568e-05,1.8954834973241436e-05,1.8954834971419976e-05,-1.8214596497756474e-15
CA3 Trilaminar,CA3 LMR Targeting,0.0011419696835130964,1.8954834973241436e-05,1.8954834971376608e-05,-1.8648277366750676e-15
CA1 Perforant Path Associated,CA1 Quadrilaminar,0.002176344321547904,1.8954834973241436e-05,1.895483497126385e-05,-1.97758476261356e-15
CA1 Schaffer Collateral Associated,CA1 Ivy,0.003029083136328775,1.8954834973241436e-05,1.8954834971217013e-05,-2.024422296464934e-15
CA1 R Receiving Apical Targeting,CA1 Neurogliaform Projecting,0.00017401424390282847,1.8954834973241436e-05,1.895483497110252e-05,-2.138914045879403e-15
CA1 R Receiving Apical Targeting,CA1 Ivy,0.0002906015259503764,1.8954834973241436e-05,1.895483497107997e-05,-2.1614654510671016e-15
DG MOLAX,DG Hilar Ectopic Granule,0.003558536684145546,1.8954834973241436e-05,1.8954834970930784e-05,-2.310651670001107e-15
CA3 Spiny Lucidum,DG Semilunar Granule,6.664452809514978e-05,1.8954834973241436e-05,1.8954834970897824e-05,-2.3436114160446664e-15
DG HIPROM,DG Semilunar Granule,1.1865470465882542e-06,1.8954834973241436e-05,1.8954834970854456e-05,-2.3869795029440866e-15
DG HIPROM,DG Mossy,1.3167317652792805e-05,1.8954834973241436e-05,1.8954834970842313e-05,-2.3991225672759242e-15
CA3 Trilaminar,CA1 O LMR,0.0013940390403688852,1.8954834973241436e-05,1.8954834970842313e-05,-2.3991225672759242e-15
CA2 SP SR,CA2 Wide Arbor Basket,0.00029073163346396766,1.8954834973241436e-05,1.895483497083364e-05,-2.4077961846558082e-15
CA1 R Receiving Apical Targeting,CA1 Quadrilaminar,0.001259799717634732,1.8954834973241436e-05,1.8954834970686188e-05,-2.555247680113837e-15
CA1 Radiatum,CA1 Schaffer Collateral Associated,0.00010241917609755414,1.8954834973241436e-05,1.8954834970595982e-05,-2.645453300864631e-15
CA3 Trilaminar,CA3 Mossy Fiber Associated ORDEN,0.011564451991639961,1.8954834973241436e-05,1.8954834970439857e-05,-2.8015784137025435e-15
CA1 R Receiving Apical Targeting,CA1 Radiatum Giant,3.830909287221028e-05,1.8954834973241436e-05,1.8954834970372203e-05,-2.869232629265639e-15
CA1 Perforant Path Associated,CA1 Radiatum Giant,6.575188320691803e-05,1.8954834973241436e-05,1.895483497029067e-05,-2.950764632636549e-15
CA1 Neurogliaform Projecting,CA1 Basket CCK+,0.00018700303029449628,1.8954834973241436e-05,1.8954834970170975e-05,-3.0704605524789486e-15
CA3 Trilaminar,CA1 OR LM,0.0026446878780697334,1.8954834973241436e-05,1.8954834970105056e-05,-3.1363800445660672e-15
CA1 Schaffer Collateral Associated,CA1 Radial Trilaminar,0.00882065270040458,1.8954834973241436e-05,1.8954834969910767e-05,-3.3306690738754696e-15
CA3 LMR Targeting,CA3 Axo Axonic,0.011804643691023126,1.8954834973241436e-05,1.89548349697425e-05,-3.49893725104522e-15
CA1 Schaffer Collateral Associated,CA1 Radiatum,0.003019410508064378,1.8954834973241436e-05,1.8954834969487494e-05,-3.7539416020138106e-15
CA1 Schaffer Collateral Associated,CA1 O LM,0.0006193804740984829,1.8954834973241436e-05,1.895483496909718e-05,-4.144254384108592e-15
CA3 Trilaminar,CA3 Mossy Fiber Associated,0.005697657978819523,1.8954834973241436e-05,1.8954834968805748e-05,-4.435687928072696e-15
CA1 Neurogliaform,CA1 Axo Axonic,0.0013233176586831985,1.8954834973241436e-05,1.8954834968672174e-05,-4.56926163572291e-15
CA3 Trilaminar,CA1 Perforant Path Associated QuadD,0.023141109797482025,1.8954834973241436e-05,1.8954834968403292e-05,-4.838143774499315e-15
CA3 Trilaminar,CA2 Wide Arbor Basket,0.0004687329679042174,1.8954834973241436e-05,1.895483496831829e-05,-4.9231452248221785e-15
DG Total Molecular Layer,DG Hilar Ectopic Granule,0.00903042436406623,1.8954834973241436e-05,1.895483496822635e-05,-5.015085569048949e-15
CA1 Radiatum,CA1 OR LM,0.0002626819284353772,1.8954834973241436e-05,1.895483496804594e-05,-5.195496810550537e-15
CA1 Perforant Path Associated,DG Axo Axonic,0.0036316070473871053,1.8954834973241436e-05,1.8954834967941855e-05,-5.299580219109146e-15
CA3 LMR Targeting,CA3 Mossy Fiber Associated,0.0018903450418637452,1.8954834973241436e-05,1.895483496785859e-05,-5.3828469459560324e-15
CA1 Quadrilaminar,CA1 Axo Axonic,3.0172938562272523e-05,1.8954834973241436e-05,1.8954834967707668e-05,-5.533767888366015e-15
CA1 LMR,CA1 Radial Trilaminar,0.000938025023421124,1.8954834973241436e-05,1.8954834967395418e-05,-5.84601811404184e-15
CA3 Trilaminar,CA1 R Receiving Apical Targeting,0.0038385215394768912,1.8954834973241436e-05,1.895483496728266e-05,-5.958775139980332e-15
CA1 Quadrilaminar,CA1 SO SO,2.6587972808461588e-05,1.8954834973241436e-05,1.895483496715082e-05,-6.09061412415457e-15
CA1 Perforant Path Associated,CA1 Neurogliaform Projecting,0.0011733259950080404,1.8954834973241436e-05,1.8954834966972145e-05,-6.269290642180181e-15
CA1 Radiatum,CA1 Perforant Path Associated QuadD,0.0018042339145172943,1.8954834973241436e-05,1.8954834966488157e-05,-6.75327849197771e-15
CA3 Mossy Fiber Associated ORDEN,CA3 Mossy Fiber Associated,0.0006304672024336445,1.8954834973241436e-05,1.895483496633897e-05,-6.9024647109117154e-15
CA1 Perforant Path Associated,CA1 Radial Trilaminar,0.0028842016906439542,1.8954834973241436e-05,1.8954834965986822e-05,-7.254613576535007e-15
CA1 Schaffer Collateral Associated,CA1 O LMR,0.0008787201065947466,1.8954834973241436e-05,1.8954834965979883e-05,-7.261552470438914e-15
CA3 Trilaminar,CA1 Bistratified,0.0034002893012715506,1.8954834973241436e-05,1.895483496565549e-05,-7.585945760446577e-15
CA1 Radiatum,CA1 Bistratified,0.00020078822702388217,1.8954834973241436e-05,1.8954834964852313e-05,-8.389122729823839e-15
CA1 R Receiving Apical Targeting,CA1 Radial Trilaminar,0.001742887780088612,1.8954834973241436e-05,1.895483496446547e-05,-8.775966064966667e-15
CA3 Mossy Fiber Associated ORDEN,CA2 Wide Arbor Basket,6.490404359822475e-05,1.8954834973241436e-05,1.89548349633379e-05,-9.903536324351592e-15
CA1 Perforant Path Associated,DG Total Molecular Layer,0.0005128389796244755,1.8954834973241436e-05,1.8954834962833095e-05,-1.0408340855860843e-14
CA1 Oriens Bistratified,CA1 Horizontal Axo Axonic,0.0004967671049066009,1.8954834973241436e-05,1.8954834962690847e-05,-1.055058818089094e-14
CA3 Lucidum ORAX,CA3 Basket CCK+,1.4540654607533586e-05,1.8954834973241436e-05,1.8954834962597172e-05,-1.0644263248593688e-14
DG Neurogliaform,DG Granule,9.079953852182465e-05,1.8954834973241436e-05,1.8954834962251962e-05,-1.0989473220313073e-14
CA1 LMR,CA1 Radiatum,0.0005042817397819248,1.8954834973241436e-05,1.8954834962007366e-05,-1.1234069230425803e-14
CA1 Perforant Path Associated,DG MOLAX,0.0007318339414288177,1.8954834973241436e-05,1.895483496060224e-05,-1.2639195245967016e-14
CA1 Neurogliaform,CA1 Oriens Alveus,0.002790104937694463,1.8954834973241436e-05,1.8954834958052197e-05,-1.5189238755652923e-14
CA1 R Receiving Apical Targeting,CA1 Radiatum,0.0009224128497139218,1.8954834973241436e-05,1.8954834957497085e-05,-1.57443502679655e-14
MEC LIII Superficial Trilayered Interneuron,MEC LII Oblique Pyramidal,0.00576842339841594,1.8954834973241436e-05,1.8954834957292388e-05,-1.5949047638130764e-14
MEC LIII Superficial Trilayered Interneuron,EC LIII Stellate,0.002654254418496709,1.8954834973241436e-05,1.895483495661758e-05,-1.6623855070285742e-14
CA2 Bistratified,CA1 Basket,9.216749645026034e-05,1.8954834973241436e-05,1.8954834956287983e-05,-1.6953452530721336e-14
CA1 Radiatum,CA1 LMR,0.0013749015489048807,1.8954834973241436e-05,1.8954834956086755e-05,-1.7154680453934645e-14
CA2 Bistratified,CA1 Horizontal Basket,0.00021347076769615797,1.8954834973241436e-05,1.8954834955781444e-05,-1.7459991785706563e-14
CA3 Lucidum ORAX,CA3 Basket,5.326977676971301e-05,1.8954834973241436e-05,1.8954834954768365e-05,-1.847307029567702e-14
CA1 Quadrilaminar,CA1 Oriens Alveus,7.037149964335839e-05,1.8954834973241436e-05,1.8954834954702446e-05,-1.8538989787764137e-14
CA1 Oriens Bistratified,CA1 Axo Axonic,0.0004448322906981496,1.8954834973241436e-05,1.8954834954098762e-05,-1.9142673557404066e-14
CA1 Neurogliaform Projecting,DG Granule,6.484139568239367e-05,1.8954834973241436e-05,1.8954834953973862e-05,-1.9267573647674396e-14
CA3 Trilaminar,CA3 O LM,0.0064306911443360905,1.8954834973241436e-05,1.8954834952686697e-05,-2.0554738466849187e-14
CA3 O LM,CA3 Axo Axonic,0.013912518941546938,1.8954834973241436e-05,1.8954834951819335e-05,-2.142210020483759e-14
CA1 Schaffer Collateral Associated,CA1 OR LM,0.003784756557745402,1.8954834973241436e-05,1.895483495082187e-05,-2.2419566203524255e-14
CA2 Bistratified,CA1 Basket CCK+,7.536861557673606e-05,1.8954834973241436e-05,1.8954834950592886e-05,-2.2648549702353193e-14
MEC LIII Superficial Trilayered Interneuron,MEC LIII Bipolar Complex Pyramidal,0.00341943298284227,1.8954834973241436e-05,1.8954834948859897e-05,-2.4381538454854024e-14
CA3 Mossy Fiber Associated,DG Mossy,0.0009856352096643116,1.8954834973241436e-05,1.895483494882e-05,-2.442143709480149e-14
CA3 O LM,CA3 Mossy Fiber Associated ORDEN,0.00467548861311576,1.8954834973241436e-05,1.8954834946342813e-05,-2.689862221849637e-14
CA1 Radiatum,CA1 R Receiving Apical Targeting,0.0010384736451460564,1.8954834973241436e-05,1.8954834943681748e-05,-2.955968803064479e-14
CA1 LMR,CA1 Schaffer Collateral Associated,0.00025009667553830406,1.8954834973241436e-05,1.895483494321424e-05,-3.002719600742054e-14
CA1 Perforant Path Associated,DG Basket,0.0011558375715135431,1.8954834973241436e-05,1.8954834942398052e-05,-3.084338340286763e-14
CA3 O LM,CA3 Trilaminar,0.0004333680070326539,1.8954834973241436e-05,1.8954834942144783e-05,-3.1096653030360244e-14
CA3 O LM,CA3 Horizontal Axo Axonic,0.002547450397410271,1.8954834973241436e-05,1.8954834941506404e-05,-3.173503126951971e-14
CA3 O LM,CA3 Mossy Fiber Associated,0.0018761907095270977,1.8954834973241436e-05,1.8954834941506404e-05,-3.173503126951971e-14
CA1 Schaffer Collateral Associated,CA2 Wide Arbor Basket,0.00054308991260671,1.8954834973241436e-05,1.895483493977168e-05,-3.3469754745496516e-14
CA1 Perforant Path Associated,CA1 Schaffer Collateral Associated,0.0007233862779788351,1.8954834973241436e-05,1.8954834938546966e-05,-3.469446951953614e-14
CA1 Schaffer Collateral Associated,CA1 Perforant Path Associated QuadD,0.033813053427607494,1.8954834973241436e-05,1.89548349379242e-05,-3.5317235247411816e-14
CA1 Back Projection,DG Hilar Ectopic Granule,0.0018970747036282075,1.8954834973241436e-05,1.8954834936206824e-05,-3.7034611488628855e-14
DG AIPRIM,DG Hilar Ectopic Granule,0.013209150509744826,1.8954834973241436e-05,1.895483493500813e-05,-3.823330541052883e-14
CA1 Radial Trilaminar,CA1 Horizontal Axo Axonic,0.0005011636234444615,1.8954834973241436e-05,1.895483493307218e-05,-4.0169256809718945e-14
CA1 Schaffer Collateral Associated,CA1 LMR,0.011778197161623597,1.8954834973241436e-05,1.895483493219094e-05,-4.105049633551516e-14
CA1 LMR,CA1 OR LM,0.0004511852099251085,1.8954834973241436e-05,1.8954834929746714e-05,-4.3494721713166484e-14
CA1 LMR,CA1 Neurogliaform,0.00023301973654929866,1.8954834973241436e-05,1.8954834929533343e-05,-4.370809270071163e-14
CA3 Basket CCK+,CA3 Axo Axonic,0.06941896722211868,1.8954834973241436e-05,1.895483492919854e-05,-4.4042894331575155e-14
CA1 R Receiving Apical Targeting,CA1 Schaffer Collateral Associated,0.00048668015292643857,1.8954834973241436e-05,1.8954834928560163e-05,-4.468127257073462e-14
CA3 Basket,CA3 Axo Axonic,0.02548732131243887,1.8954834973241436e-05,1.8954834928178524e-05,-4.506291173544952e-14
CA1 Perforant Path Associated,DG AIPRIM,0.001807321528038795,1.8954834973241436e-05,1.8954834926372677e-05,-4.6868758873941374e-14
CA1 Oriens Bistratified,CA1 SO SO,0.000913082800579619,1.8954834973241436e-05,1.8954834918993163e-05,-5.424827254074671e-14
CA1 Schaffer Collateral Associated,CA1 Bistratified,0.004921877013266462,1.8954834973241436e-05,1.8954834916914964e-05,-5.6326471264966926e-14
CA1 Recurrent O LM,CA1 Horizontal Axo Axonic,0.0004574293564855668,1.8954834973241436e-05,1.8954834915960866e-05,-5.728056917675417e-14
CA1 Radial Trilaminar,CA1 Axo Axonic,0.00035837322862867664,1.8954834973241436e-05,1.895483491591056e-05,-5.73308761575575e-14
CA1 LMR,CA1 Bistratified,0.0003198509366757325,1.8954834973241436e-05,1.895483491402665e-05,-5.921478585246831e-14
CA1 R Receiving Apical Targeting,CA1 OR LM,0.0008129014925110703,1.8954834973241436e-05,1.8954834913037857e-05,-6.020357823377509e-14
CA3 Trilaminar,CA1 Back Projection,0.004590705934527339,1.8954834973241436e-05,1.895483490601743e-05,-6.722400414105323e-14
CA1 Oriens Bistratified,CA1 Oriens Alveus,0.0011135834206355063,1.8954834973241436e-05,1.8954834899271092e-05,-7.397034373912703e-14
CA2 Wide Arbor Basket,CA1 Axo Axonic,0.01765331168937261,1.8954834973241436e-05,1.8954834898570264e-05,-7.467117202342166e-14
CA1 Quadrilaminar,CA1 Horizontal Basket,3.3918280903884696e-05,1.8954834973241436e-05,1.8954834898126174e-05,-7.511526123327172e-14
CA1 LMR,CA1 Perforant Path Associated QuadD,0.004437015312510448,1.8954834973241436e-05,1.8954834897996937e-05,-7.5244498132232e-14
CA1 Perforant Path Associated,CA1 Perforant Path Associated QuadD,0.011335638442045312,1.8954834973241436e-05,1.8954834896193692e-05,-7.704774318550989e-14
CA1 Schaffer Collateral Associated,CA1 R Receiving Apical Targeting,0.010119642047183056,1.8954834973241436e-05,1.8954834893777223e-05,-7.946421298754558e-14
CA1 Perforant Path Associated QuadD,CA1 Axo Axonic,0.00011076317769870986,1.8954834973241436e-05,1.8954834893333133e-05,-7.990830219739564e-14
CA1 R Receiving Apical Targeting,CA1 Neurogliaform,0.0005799638153888975,1.8954834973241436e-05,1.895483488995736e-05,-8.328407408164651e-14
CA1 O LM,CA1 Axo Axonic,0.0007150379855961184,1.8954834973241436e-05,1.8954834885676064e-05,-8.756537162035727e-14
CA1 R Receiving Apical Targeting,CA1 Bistratified,0.0006221140711976216,1.8954834973241436e-05,1.89548348852632e-05,-8.797823580763975e-14
MEC LIII Superficial Multipolar Interneuron,MEC LV Superficial Pyramidal,0.0026783149058948017,1.8954834973241436e-05,1.8954834882976834e-05,-9.026460134897718e-14
CA1 R Receiving Apical Targeting,CA1 Perforant Path Associated QuadD,0.007546464564431325,1.8954834973241436e-05,1.895483487520831e-05,-9.803312675527032e-14
DG HICAP,DG Semilunar Granule,1.7254066352662776e-05,1.8954834973241436e-05,1.8954834871236226e-05,-1.0200520983438821e-13
DG MOPP,DG Granule,0.00026327330498404964,1.8954834973241436e-05,1.8954834870197126e-05,-1.0304430919649832e-13
CA1 Recurrent O LM,CA1 Axo Axonic,0.0004226930275434757,1.8954834973241436e-05,1.8954834867685247e-05,-1.0555618878971273e-13
CA1 O LMR,CA1 Axo Axonic,0.0008548200203083671,1.8954834973241436e-05,1.8954834859587558e-05,-1.1365387797557247e-13
CA1 Radial Trilaminar,CA1 SO SO,0.00053034944218901,1.8954834973241436e-05,1.8954834856735672e-05,-1.1650576337007834e-13
CA2 Bistratified,CA1 Trilaminar,0.00042684495670684304,1.8954834973241436e-05,1.895483485126609e-05,-1.2197534648983321e-13
MEC LIII Superficial Trilayered Interneuron,MEC LIII Complex Pyramidal,0.007800615803899088,1.8954834973241436e-05,1.895483484665606e-05,-1.2658537412724158e-13
DG HIPP,DG Neurogliaform,0.0019282933341824558,1.8954834973241436e-05,1.8954834835903378e-05,-1.3733805759308382e-13
CA1 Recurrent O LM,CA1 SO SO,0.00041810772716035594,1.8954834973241436e-05,1.8954834830074707e-05,-1.431667284723659e-13
MEC LIII Superficial Multipolar Interneuron,MEC LII Oblique Pyramidal,0.0030659275884538342,1.8954834973241436e-05,1.895483480560123e-05,-1.6764020727144668e-13
CA3 Mossy Fiber Associated ORDEN,CA3 Basket CCK+,0.00025067118122994734,1.8954834973241436e-05,1.8954834799991133e-05,-1.7325030299275568e-13
CA3 Trilaminar,CA3 Basket CCK+,0.0039584735550472604,1.8954834973241436e-05,1.895483477365109e-05,-1.9959034425198752e-13
CA1 Radial Trilaminar,CA1 Oriens Alveus,0.0008247273931103827,1.8954834973241436e-05,1.8954834771628404e-05,-2.0161303182497647e-13
CA1 LMR,CA1 R Receiving Apical Targeting,0.0016847680114216643,1.8954834973241436e-05,1.895483476036918e-05,-2.1287225454580394e-13
DG Total Molecular Layer,DG Neurogliaform,0.0006964770098007778,1.8954834973241436e-05,1.8954834752950636e-05,-2.2029079949081876e-13
CA3 Spiny Lucidum,DG Granule,0.0007005627173853376,1.8954834973241436e-05,1.8954834742304638e-05,-2.309367974628884e-13
CA1 Neurogliaform,CA1 Basket,0.0023589063520652307,1.8954834973241436e-05,1.895483472805562e-05,-2.451858160945619e-13
CA1 OR LM,CA1 Axo Axonic,0.0006364219270690988,1.8954834973241436e-05,1.895483472143765e-05,-2.5180378615541343e-13
CA3 Spiny Lucidum,CA3 Pyramidal,0.00012562659058727374,1.8954834973241436e-05,1.8954834720025585e-05,-2.5321585106485855e-13
CA1 Perforant Path Associated QuadD,CA1 Oriens Alveus,0.00023858695766525536,1.8954834973241436e-05,1.8954834710523637e-05,-2.627177989045215e-13
DG HIPROM,DG Granule,1.3418362888104773e-05,1.8954834973241436e-05,1.895483470400021e-05,-2.692412265359323e-13
CA3 Trilaminar,CA3 Basket,0.011242801571299645,1.8954834973241436e-05,1.8954834703998474e-05,-2.692429612594083e-13
CA1 Perforant Path Associated,CA1 Neurogliaform,0.0036403306632125,1.8954834973241436e-05,1.8954834699840342e-05,-2.734010934313247e-13
DG MOLAX,DG Neurogliaform,0.0006643024306536066,1.8954834973241436e-05,1.8954834696922537e-05,-2.7631889831791767e-13
CA3 Basket CCK+,CA3 Mossy Fiber Associated ORDEN,0.11862607539825884,1.8954834973241436e-05,1.895483469118754e-05,-2.82053894129497e-13
CA1 O LM,CA1 Oriens Alveus,0.0015332196758842977,1.8954834973241436e-05,1.8954834685688468e-05,-2.8755296754834347e-13
CA3 Mossy Fiber Associated ORDEN,CA3 Basket,0.0009274848813895514,1.8954834973241436e-05,1.895483466849389e-05,-3.047475466422256e-13
CA1 Oriens Alveus,CA1 Axo Axonic,0.0009449533911194087,1.8954834973241436e-05,1.8954834667442647e-05,-3.0579878906866753e-13
DG HIPP,DG Semilunar Granule,0.0007406394902875748,1.8954834973241436e-05,1.8954834657242473e-05,-3.1599896310741116e-13
CA3 Basket,CA3 Mossy Fiber Associated ORDEN,0.049111142699177435,1.8954834973241436e-05,1.895483464643688e-05,-3.268045556392707e-13
CA1 Schaffer Collateral Associated,CA1 Back Projection,0.004610566745869657,1.8954834973241436e-05,1.8954834629100054e-05,-3.441413820581829e-13
CA1 Quadrilaminar,CA1 Basket,6.993974367561265e-05,1.8954834973241436e-05,1.8954834625641015e-05,-3.4760042066928065e-13
CA1 Recurrent O LM,CA1 Oriens Alveus,0.0009667226192530373,1.8954834973241436e-05,1.895483460401942e-05,-3.692220140738556e-13
CA1 Perforant Path Associated,CA1 LMR,0.016415841129684985,1.8954834973241436e-05,1.895483460292828e-05,-3.70313155140245e-13
CA1 O LMR,CA1 Oriens Alveus,0.0018739177600395423,1.8954834973241436e-05,1.8954834592709024e-05,-3.8053241113722436e-13
CA1 R Receiving Apical Targeting,CA1 LMR,0.00892322734028405,1.8954834973241436e-05,1.895483458821609e-05,-3.850253449400043e-13
CA3 O LM,CA3 LMR Targeting,0.012559222155962594,1.8954834973241436e-05,1.8954834555131445e-05,-4.1810999107383395e-13
CA1 Neurogliaform,CA1 Basket CCK+,0.0025351980282953893,1.8954834973241436e-05,1.895483453584479e-05,-4.373966466797441e-13
CA1 Oriens Alveus,CA1 Horizontal Axo Axonic,0.0026989008482789026,1.8954834973241436e-05,1.8954834534231496e-05,-4.390099395124025e-13
CA1 Ivy,CA1 Axo Axonic,0.0031394739538440053,1.8954834973241436e-05,1.8954834526125133e-05,-4.4711630231564214e-13
CA1 Ivy,CA1 Horizontal Axo Axonic,0.006632253282958328,1.8954834973241436e-05,1.8954834498896914e-05,-4.743445219945741e-13
DG HIPROM,CA3 Pyramidal,4.341143791227043e-06,1.8954834973241436e-05,1.895483447849136e-05,-4.947500742424893e-13
CA1 SO SO,CA1 Axo Axonic,0.0007716527163949449,1.8954834973241436e-05,1.895483444696623e-05,-5.262752039714158e-13
CA1 Quadrilaminar,CA1 Basket CCK+,6.592052789434963e-05,1.8954834973241436e-05,1.895483442818785e-05,-5.450535855988647e-13
CA1 Quadrilaminar,CA1 Trilaminar,0.00010927151498881966,1.8954834973241436e-05,1.895483439889184e-05,-5.743495956611611e-13
DG Axo Axonic,DG Mossy,0.00037265174646698885,1.8954834973241436e-05,1.895483434655003e-05,-6.266914071018093e-13
MEC LIII Superficial Multipolar Interneuron,EC LIII Stellate,0.005287804319154771,1.8954834973241436e-05,1.895483432277391e-05,-6.504675270635474e-13
CA1 Oriens Bistratified,CA1 Horizontal Basket,0.001235759982331347,1.8954834973241436e-05,1.895483429167899e-05,-6.815624453704316e-13
CA1 OR LM,CA1 Oriens Alveus,0.0012807715294589404,1.8954834973241436e-05,1.8954834198720363e-05,-7.745210722776008e-13
CA1 Bistratified,CA1 Horizontal Axo Axonic,0.006046745960878387,1.8954834973241436e-05,1.8954834109063783e-05,-8.641776530482481e-13
MEC LIII Superficial Trilayered Interneuron,EC LIII Pyramidal,0.001395601282498096,1.8954834973241436e-05,1.8954834048748315e-05,-9.244931209462237e-13
CA1 Ivy,CA1 SO SO,0.005410827922231133,1.8954834973241436e-05,1.895483391456225e-05,-1.0586791859834577e-12
CA1 Neurogliaform Projecting,CA1 Perforant Path Associated,0.0006518773280865352,1.8954834973241436e-05,1.8954833870661603e-05,-1.1025798329900027e-12
CA1 Bistratified,CA1 Axo Axonic,0.004324490598411957,1.8954834973241436e-05,1.895483374357923e-05,-1.2296622053931117e-12
CA1 Oriens Alveus,CA1 SO SO,0.0027940660606735647,1.8954834973241436e-05,1.8954833730150736e-05,-1.2430906998206481e-12
CA1 SO SO,CA1 Horizontal Axo Axonic,0.0037290685358666005,1.8954834973241436e-05,1.8954833693398884e-05,-1.2798425513826928e-12
DG Total Molecular Layer,DG Mossy,0.0060904164035982125,1.8954834973241436e-05,1.895483365616825e-05,-1.317073186624107e-12
DG Total Molecular Layer,DG Semilunar Granule,0.0006548987802991915,1.8954834973241436e-05,1.89548335880578e-05,-1.3851836344613844e-12
CA1 Radial Trilaminar,CA1 Horizontal Basket,0.0007233820208682104,1.8954834973241436e-05,1.8954833505434657e-05,-1.4678067788986837e-12
DG MOLAX,DG Semilunar Granule,0.000530196738233898,1.8954834973241436e-05,1.8954833415027808e-05,-1.558213627572691e-12
CA1 Oriens Bistratified,CA1 Basket,0.0012886689876230029,1.8954834973241436e-05,1.8954833376445823e-05,-1.5967956124018912e-12
CA1 Ivy,CA1 Oriens Alveus,0.007536661318354238,1.8954834973241436e-05,1.895483333349754e-05,-1.639743896220125e-12
CA1 SO SO,CA1 Oriens Alveus,0.0016790517871687653,1.8954834973241436e-05,1.8954833222189008e-05,-1.7510524280561768e-12
CA1 Oriens Bistratified,CA1 Basket CCK+,0.0009859448419468075,1.8954834973241436e-05,1.8954832943842218e-05,-2.0293992181175113e-12
CA2 Bistratified,CA1 Perforant Path Associated,6.541381817713172e-05,1.8954834973241436e-05,1.895483292452607e-05,-2.048715364022513e-12
CA1 Back Projection,CA1 Horizontal Axo Axonic,0.0067643734230259395,1.8954834973241436e-05,1.8954832919000977e-05,-2.0542404582934992e-12
CA1 Radiatum,CA1 Pyramidal,6.497019854705875e-05,1.8954834973241436e-05,1.895483287793487e-05,-2.095306567140298e-12
CA3 Spiny Lucidum,CA3c Pyramidal,0.00014854480972289726,1.8954834973241436e-05,1.8954832856540524e-05,-2.11670091176952e-12
CA1 Bistratified,CA1 SO SO,0.005567979088849846,1.8954834973241436e-05,1.8954832797023896e-05,-2.1762175395068084e-12
CA3 Trilaminar,CA1 Pyramidal,0.0011759484285091884,1.8954834973241436e-05,1.8954832728589055e-05,-2.2446523806340934e-12
MEC LIII Superficial Trilayered Interneuron,EC LI II Multipolar Pyramidal,0.005402929237000869,1.8954834973241436e-05,1.8954832708063807e-05,-2.265177628801851e-12
CA3 LMR Targeting,CA3 Basket CCK+,0.011700398961038912,1.8954834973241436e-05,1.8954832699463048e-05,-2.273778387795744e-12
CA1 Recurrent O LM,CA1 Horizontal Basket,0.00074064663332819,1.8954834973241436e-05,1.8954832623653897e-05,-2.3495875384194065e-12
MEC LIII Superficial Multipolar Interneuron,MEC LIII Bipolar Complex Pyramidal,0.01679152308870359,1.8954834973241436e-05,1.8954832582454215e-05,-2.3907872209738557e-12
CA2 Wide Arbor Basket,CA1 Horizontal Basket,0.04712279496984382,1.8954834973241436e-05,1.8954832412316006e-05,-2.560925430050709e-12
CA3 LMR Targeting,CA3 Basket,0.030178474504339005,1.8954834973241436e-05,1.8954832191273203e-05,-2.7819682321683636e-12
CA1 Basket,CA1 Axo Axonic,0.011696886544391931,1.8954834973241436e-05,1.8954831616754472e-05,-3.3564869633684324e-12
CA1 Back Projection,CA3 Granule,0.004056683756805976,1.8954834973241436e-05,1.895483139331168e-05,-3.579929755415101e-12
DG HIPROM,CA3c Pyramidal,5.592027684377599e-06,1.8954834973241436e-05,1.8954830874584258e-05,-4.098657177542542e-12
CA1 Radial Trilaminar,CA1 Basket,0.0009035651699171773,1.8954834973241436e-05,1.8954830849415155e-05,-4.123826280455489e-12
CA1 Back Projection,CA1 Axo Axonic,0.006931814823685118,1.8954834973241436e-05,1.895483078655398e-05,-4.186687455054461e-12
CA1 Perforant Path Associated QuadD,CA1 Basket,0.00020862079720057117,1.8954834973241436e-05,1.8954830680937076e-05,-4.292304359165833e-12
CA3 Mossy Fiber Associated,CA3 Pyramidal,0.00025781276295511424,1.8954834973241436e-05,1.8954830522596722e-05,-4.450644713882568e-12
CA1 Bistratified,CA1 Oriens Alveus,0.010314198896630742,1.8954834973241436e-05,1.8954830492021353e-05,-4.481220082508397e-12
CA1 O LM,CA1 Basket,0.001296047964902336,1.8954834973241436e-05,1.8954830429303293e-05,-4.5439381424206005e-12
CA1 Back Projection,CA1 SO SO,0.005559776873711493,1.8954834973241436e-05,1.8954830358797192e-05,-4.614444243378202e-12
CA1 Oriens Bistratified,CA1 Trilaminar,0.003613340457264311,1.8954834973241436e-05,1.8954830212006626e-05,-4.761234809191883e-12
CA2 Wide Arbor Basket,CA1 Basket,0.040588219352996044,1.8954834973241436e-05,1.8954830041745252e-05,-4.931496183635531e-12
MEC LIII Superficial Multipolar Interneuron,MEC LIII Complex Pyramidal,0.01611183682286829,1.8954834973241436e-05,1.8954829739622342e-05,-5.2336190936586036e-12
CA1 Radial Trilaminar,CA1 Basket CCK+,0.0007894847338137138,1.8954834973241436e-05,1.8954828988893002e-05,-5.9843484334631825e-12
CA1 Recurrent O LM,CA1 Basket,0.0009051952335640329,1.8954834973241436e-05,1.8954828518519262e-05,-6.454722173421246e-12
CA1 Horizontal Basket,CA1 Axo Axonic,0.008718369197786091,1.8954834973241436e-05,1.8954828348603098e-05,-6.624638337893174e-12
CA1 O LMR,CA1 Basket,0.0017706954543354433,1.8954834973241436e-05,1.8954828260505166e-05,-6.712736269620656e-12
CA1 Basket CCK+,CA1 Axo Axonic,0.025117984385328734,1.8954834973241436e-05,1.8954828113077957e-05,-6.860163478950021e-12
CA2 Wide Arbor Basket,CA1 Basket CCK+,0.03509808245816806,1.8954834973241436e-05,1.895482789135471e-05,-7.0818867263511276e-12
CA1 Perforant Path Associated QuadD,CA1 Basket CCK+,0.0002078919453934316,1.8954834973241436e-05,1.8954827867794996e-05,-7.105446439559238e-12
CA1 Trilaminar,CA1 Horizontal Axo Axonic,0.0040590481015775155,1.8954834973241436e-05,1.8954827655970514e-05,-7.317270921125552e-12
CA1 O LM,CA1 Basket CCK+,0.0013704665453753814,1.8954834973241436e-05,1.8954826991981685e-05,-7.9812597503226e-12
DG AIPRIM,DG Semilunar Granule,0.0007071282417293697,1.8954834973241436e-05,1.8954826841270644e-05,-8.131970791191989e-12
CA1 Recurrent O LM,CA1 Basket CCK+,0.0008287232688668674,1.8954834973241436e-05,1.895482515791927e-05,-9.815322166151219e-12
CA2 Bistratified,CA2 Pyramidal,0.00037225922248018906,1.8954834973241436e-05,1.8954825125129526e-05,-9.848111909294133e-12
CA1 Radial Trilaminar,CA1 Trilaminar,0.0023852323474381153,1.8954834973241436e-05,1.8954823873028673e-05,-1.1100212762849004e-11
CA1 O LMR,CA1 Basket CCK+,0.0017710276502126865,1.8954834973241436e-05,1.895482382075972e-05,-1.1152481715903662e-11
CA1 OR LM,CA1 Basket,0.0010189510445879272,1.8954834973241436e-05,1.8954823474082172e-05,-1.1499159263683723e-11
MEC LIII Superficial Trilayered Interneuron,MEC LII Stellate,0.009700589452917685,1.8954834973241436e-05,1.8954823276712274e-05,-1.169652916188646e-11
DG AIPRIM,DG Mossy,0.010053583499000434,1.8954834973241436e-05,1.895482316422066e-05,-1.1809020775133128e-11
MEC LIII Superficial Trilayered Interneuron,EC LIII Pyramidal Stellate,0.0013764928976838185,1.8954834973241436e-05,1.8954822699606202e-05,-1.2273635233150948e-11
CA1 Trilaminar,CA1 Axo Axonic,0.0034637005185159477,1.8954834973241436e-05,1.8954822552767064e-05,-1.2420474371221957e-11
CA1 Recurrent O LM,CA1 Trilaminar,0.001682722474062681,1.8954834973241436e-05,1.8954822195526785e-05,-1.277771465024724e-11
CA3 O LM,CA3 Basket CCK+,0.012664995311462958,1.8954834973241436e-05,1.895482176888629e-05,-1.320435514401419e-11
DG HICAP,DG Granule,0.000234815888104879,1.8954834973241436e-05,1.8954820968055536e-05,-1.4005185899890193e-11
CA1 Trilaminar,CA1 SO SO,0.0029163730757630364,1.8954834973241436e-05,1.895482060235154e-05,-1.4370889894754768e-11
CA1 Back Projection,CA1 Oriens Alveus,0.016192433147900368,1.8954834973241436e-05,1.8954820032822742e-05,-1.494041869387619e-11
MEC LIII Superficial Multipolar Interneuron,EC LI II Multipolar Pyramidal,0.0017576856121284453,1.8954834973241436e-05,1.8954819927061856e-05,-1.5046179580036068e-11
CA1 Schaffer Collateral Associated,CA1 Pyramidal,0.0020578563491076324,1.8954834973241436e-05,1.8954819083427665e-05,-1.588981377032006e-11
CA3 O LM,CA3 Basket,0.032679360886668216,1.8954834973241436e-05,1.8954818779733096e-05,-1.6193508339812368e-11
CA1 Ivy,CA1 Horizontal Basket,0.01095204738546883,1.8954834973241436e-05,1.895481519252444e-05,-1.9780716994932668e-11
CA1 OR LM,CA1 Basket CCK+,0.001179207671292859,1.8954834973241436e-05,1.8954812868132026e-05,-2.2105109409586987e-11
CA1 Oriens Alveus,CA1 Basket,0.0024093186692008277,1.8954834973241436e-05,1.8954812728408724e-05,-2.224483271195954e-11
CA1 Oriens Alveus,CA1 Horizontal Basket,0.005458609140286975,1.8954834973241436e-05,1.895481255216689e-05,-2.2421074545586617e-11
CA1 LMR,CA1 Pyramidal,0.00019688426023823025,1.8954834973241436e-05,1.895480798632873e-05,-2.6986912704529686e-11
CA1 Back Projection,DG Mossy,0.002895901840560121,1.8954834973241436e-05,1.8954806810696223e-05,-2.8162545212540024e-11
CA3 Basket CCK+,CA3 Basket,0.15081862219481063,1.8954834973241436e-05,1.895480435573898e-05,-3.0617502456975476e-11
CA1 Perforant Path Associated,CA1 Pyramidal,0.000831832291302105,1.8954834973241436e-05,1.895480286740782e-05,-3.210583361668018e-11
CA1 Ivy,CA1 Basket,0.008066205709507172,1.8954834973241436e-05,1.895480222233962e-05,-3.275090181692475e-11
CA1 Oriens Alveus,CA1 Basket CCK+,0.0021393741947289173,1.8954834973241436e-05,1.8954802164218576e-05,-3.2809022859625614e-11
CA1 Bistratified,CA1 Horizontal Basket,0.009577015042400919,1.8954834973241436e-05,1.8954800429825565e-05,-3.454341587078025e-11
CA1 SO SO,CA1 Basket,0.001851619755570186,1.8954834973241436e-05,1.8954798921817437e-05,-3.6051423998872956e-11
DG HIPP,DG Granule,0.00842615543474596,1.8954834973241436e-05,1.895479857663522e-05,-3.6396606215016725e-11
CA3 Mossy Fiber Associated,CA3c Pyramidal,0.0003051558074031396,1.8954834973241436e-05,1.8954797673529505e-05,-3.729971193022763e-11
CA3 Basket,CA3 Basket CCK+,0.0313875142145282,1.8954834973241436e-05,1.895479734713456e-05,-3.7626106874286136e-11
CA1 SO SO,CA1 Horizontal Basket,0.0044358456196180165,1.8954834973241436e-05,1.895479654675028e-05,-3.842649115570751e-11
MEC LIII Superficial Multipolar Interneuron,EC LIII Pyramidal,0.003209854435217928,1.8954834973241436e-05,1.8954793983061435e-05,-4.099018000025545e-11
CA1 Trilaminar,CA1 Oriens Alveus,0.008001252775316142,1.8954834973241436e-05,1.8954791146755592e-05,-4.382648584322357e-11
CA1 SO SO,CA1 Basket CCK+,0.0014659118146595573,1.8954834973241436e-05,1.8954787564896824e-05,-4.740834461114396e-11
CA1 Ivy,CA1 Basket CCK+,0.007120291471287302,1.8954834973241436e-05,1.8954786953188224e-05,-4.802005321158376e-11
CA1 R Receiving Apical Targeting,CA1 Pyramidal,0.0004909000273140158,1.8954834973241436e-05,1.8954782262016728e-05,-5.271122470798528e-11
CA2 Wide Arbor Basket,CA2 Pyramidal,0.0030622195964650455,1.8954834973241436e-05,1.8954781718380845e-05,-5.3254860590823405e-11
CA1 Back Projection,CA1 Horizontal Basket,0.009546822991728971,1.8954834973241436e-05,1.8954761806056018e-05,-7.316718541802714e-11
DG Axo Axonic,DG Granule,0.0005412779004446399,1.8954834973241436e-05,1.895474759405942e-05,-8.73791820149572e-11
CA1 Bistratified,CA1 Basket,0.010939531832513174,1.8954834973241436e-05,1.8954746274075368e-05,-8.8699166067574e-11
CA1 Quadrilaminar,CA1 Perforant Path Associated,0.00015135109238958777,1.8954834973241436e-05,1.8954746109862974e-05,-8.886337846125691e-11
CA1 Ivy,CA1 Trilaminar,0.021327339539489988,1.8954834973241436e-05,1.895474410262485e-05,-9.087061658696882e-11
CA1 Oriens Alveus,CA1 Trilaminar,0.010678840269130465,1.8954834973241436e-05,1.895473062132457e-05,-1.0435191686447576e-10
MEC LIII Superficial Multipolar Interneuron,MEC LII Stellate,0.004476029089135552,1.8954834973241436e-05,1.895472907349413e-05,-1.0589974730468299e-10
CA1 Basket,CA1 Horizontal Basket,0.0305260330300267,1.8954834973241436e-05,1.8954723869189262e-05,-1.111040521736828e-10
CA2 Wide Arbor Basket,CA3 Pyramidal,0.005475645247484226,1.8954834973241436e-05,1.895470969002014e-05,-1.2528322129723435e-10
CA1 Bistratified,CA1 Basket CCK+,0.010076113408322799,1.8954834973241436e-05,1.8954699273044696e-05,-1.3570019673919687e-10
DG Total Molecular Layer,DG Granule,0.007621759070775323,1.8954834973241436e-05,1.8954672149105317e-05,-1.628241361184557e-10
CA1 Neurogliaform,CA1 Perforant Path Associated,0.009021462617184452,1.8954834973241436e-05,1.8954670761120104e-05,-1.6421212133133078e-10
CA2 Basket,CA2 Pyramidal,0.002835384051315854,1.8954834973241436e-05,1.8954657203922205e-05,-1.7776931923035866e-10
DG MOLAX,DG Granule,0.006431129743111442,1.8954834973241436e-05,1.8954644333157855e-05,-1.9064008358049556e-10
CA1 Bistratified,CA1 Trilaminar,0.023303042908511186,1.8954834973241436e-05,1.895463593187905e-05,-1.990413623850773e-10
CA1 Basket CCK+,CA1 Horizontal Basket,0.06364228890880609,1.8954834973241436e-05,1.895461451144418e-05,-2.2046179725537796e-10
CA1 SO SO,CA1 Trilaminar,0.012079683418577868,1.8954834973241436e-05,1.8954584778884884e-05,-2.50194356551936e-10
CA1 Back Projection,CA1 Basket,0.015469952619418808,1.8954834973241436e-05,1.895456848664996e-05,-2.6648659147421316e-10
CA1 Trilaminar,CA1 Horizontal Basket,0.006186699225003162,1.8954834973241436e-05,1.8954553476172725e-05,-2.8149706871039015e-10
CA1 Basket,CA1 Basket CCK+,0.02140542163752191,1.8954834973241436e-05,1.8954544068468075e-05,-2.90904773360412e-10
CA1 Oriens Bistratified,CA1 Perforant Path Associated,0.001992332880309117,1.8954834973241436e-05,1.8954541979270337e-05,-2.9299397109883163e-10
DG Basket,DG Granule,0.009912931697893262,1.8954834973241436e-05,1.8954534955560598e-05,-3.000176808376498e-10
CA1 Radial Trilaminar,CA1 Perforant Path Associated,0.0007087323465531113,1.8954834973241436e-05,1.8954466034195455e-05,-3.6893904598045424e-10
CA1 Back Projection,CA1 Basket CCK+,0.014409712187548995,1.8954834973241436e-05,1.8954422673189697e-05,-4.123000517386455e-10
CA1 Back Projection,CA1 Trilaminar,0.02330292929866251,1.8954834973241436e-05,1.8954408280820456e-05,-4.266924209794798e-10
CA1 Basket CCK+,CA1 Basket,0.05573258409514906,1.8954834973241436e-05,1.8954400981138764e-05,-4.339921026719207e-10
CA1 Horizontal Basket,CA1 Basket,0.020197106653219964,1.8954834973241436e-05,1.895439733711965e-05,-4.3763612178615574e-10
MEC LIII Superficial Multipolar Interneuron,EC LIII Pyramidal Stellate,0.0028282847072716743,1.8954834973241436e-05,1.8954348960383005e-05,-4.86012858430529e-10
CA1 Horizontal Basket,CA1 Basket CCK+,0.017461958390528387,1.8954834973241436e-05,1.8954206537601537e-05,-6.284356398982005e-10
CA1 Trilaminar,CA1 Basket,0.008032210908962986,1.8954834973241436e-05,1.895401354897082e-05,-8.214242706167107e-10
CA2 Wide Arbor Basket,CA3c Pyramidal,0.006023075945546778,1.8954834973241436e-05,1.8953893110114015e-05,-9.41863127421061e-10
DG AIPRIM,DG Granule,0.009691471383191092,1.8954834973241436e-05,1.8953703814758582e-05,-1.1311584828532784e-09
CA1 Trilaminar,CA1 Basket CCK+,0.007291429953415,1.8954834973241436e-05,1.8953596418702992e-05,-1.2385545384435703e-09
CA1 Recurrent O LM,CA1 Perforant Path Associated,0.0018224381815773482,1.8954834973241436e-05,1.8953290614054027e-05,-1.5443591874081397e-09
CA1 Perforant Path Associated QuadD,CA1 Perforant Path Associated,0.0006899157692838819,1.8954834973241436e-05,1.8953162172534455e-05,-1.672800706981059e-09
CA1 Ivy,CA1 Perforant Path Associated,0.004001721431136435,1.8954834973241436e-05,1.8952930706543983e-05,-1.9042666974528055e-09
CA1 O LM,CA1 Perforant Path Associated,0.004976347209714534,1.8954834973241436e-05,1.895276572719956e-05,-2.0692460418747505e-09
CA1 Axo Axonic,CA1 Radiatum Giant,1.9669180753769094e-05,1.8954834973241436e-05,1.8952669706129993e-05,-2.1652671114424926e-09
CA1 O LMR,CA1 Perforant Path Associated,0.006535274847253316,1.8954834973241436e-05,1.895190094361454e-05,-2.9340296268942634e-09
CA1 Perforant Path Associated,SUB CA1 Projecting Pyramidal,0.07906120546370247,1.8954834973241436e-05,1.8951011436272192e-05,-3.823536969243396e-09
CA1 OR LM,CA1 Perforant Path Associated,0.004574235971877877,1.8954834973241436e-05,1.8948726792316836e-05,-6.108180924599416e-09
CA1 Bistratified,CA1 Perforant Path Associated,0.012878401838242246,1.8954834973241436e-05,1.894255215708978e-05,-1.2282816151654684e-08
CA1 Back Projection,CA3 Pyramidal,0.004907289926598387,1.8954834973241436e-05,1.8934614687406842e-05,-2.0220285834593454e-08
CA1 Back Projection,CA1 Perforant Path Associated,0.01954570657481199,1.8954834973241436e-05,1.891489047827627e-05,-3.9944494965166166e-08
CA1 Trilaminar,CA1 Perforant Path Associated,0.00504238545841009,1.8954834973241436e-05,1.8893559584917327e-05,-6.12753883241085e-08
CA1 Back Projection,CA3c Pyramidal,0.003760744731228218,1.8954834973241436e-05,1.8867916513773397e-05,-8.691845946803833e-08
CA1 Axo Axonic,CA1 Pyramidal,0.0002716435121520187,1.8954834973241436e-05,2.9605717403042827e-09,-1.895187440150113e-05
