response_target,DG Granule,DG Hilar Ectopic Granule,DG Semilunar Granule,DG Mossy,DG AIPRIM,DG Axo Axonic,DG Basket,DG HICAP,DG HIPP,DG HIPROM,DG MOLAX,DG Total Molecular Layer,DG MOPP,DG Neurogliaform,CA3 Pyramidal,CA3c Pyramidal,CA3 Granule,CA3 Axo Axonic,CA3 Horizontal Axo Axonic,CA3 Basket,CA3 Basket CCK+,CA3 LMR Targeting,CA3 Lucidum ORAX,CA3 Spiny Lucidum,CA3 Mossy Fiber Associated,CA3 Mossy Fiber Associated ORDEN,CA3 O LM,CA3 Trilaminar,CA2 Pyramidal,CA2 Basket,CA2 Wide Arbor Basket,CA2 Bistratified,CA2 SP SR,CA1 Pyramidal,CA1 Radiatum Giant,CA1 Axo Axonic,CA1 Horizontal Axo Axonic,CA1 Back Projection,CA1 Basket,CA1 Horizontal Basket,CA1 Basket CCK+,CA1 Bistratified,CA1 Ivy,CA1 LMR,CA1 Neurogliaform,CA1 Neurogliaform Projecting,CA1 O LM,CA1 Recurrent O LM,CA1 O LMR,CA1 Oriens Alveus,CA1 Oriens Bistratified,CA1 OR LM,CA1 Perforant Path Associated,CA1 Perforant Path Associated QuadD,CA1 Quadrilaminar,CA1 R Receiving Apical Targeting,CA1 Radiatum,CA1 Schaffer Collateral Associated,CA1 SO SO,CA1 Trilaminar,CA1 Radial Trilaminar,SUB CA1 Projecting Pyramidal,EC LI II Multipolar Pyramidal,EC LI II Pyramidal Fan,MEC LII Oblique Pyramidal,MEC LII Stellate,MEC LII III Pyramidal Multiform,EC LII III Pyramidal Tripolar,LEC LIII Multipolar Principal,LEC LIII Complex Pyramidal,MEC LIII Complex Pyramidal,MEC LIII Bipolar Complex Pyramidal,EC LIII Pyramidal,EC LIII Pyramidal Stellate,EC LIII Stellate,EC LIII V Bipolar Pyramidal,EC LIV VI Deep Multipolar Principal,MEC LV Multipolar Pyramidal,MEC LV Pyramidal,EC LV Deep Pyramidal,MEC LV Superficial Pyramidal,MEC LV VI Pyramidal Polymorphic,LEC LVI Multipolar Pyramidal,MEC LIII Superficial Multipolar Interneuron,MEC LIII Superficial Trilayered Interneuron
DG Granule,1.0,0.18311961298038595,0.000255421575386332,0.3269165316050264,1.6311052365362197,1.4107997576398532,0.2508775185485621,0.6379793329557392,0.10350131608197877,0.23087257405452938,0.33370539213964623,0.3227337205178772,0.0003591953288682132,0.00023169506475436048,0.0017656136415632698,0.013418703125068447,0.000328957564240385,0.07205504878590133,0.0009500656866609969,0.0793817129787643,0.010632060841588182,0.015737372837073542,0.07056872238784336,0.013811048099046978,0.12242612046577554,0.051674223189922056,0.0023369103502614195,0.00027532055350132877,0.028145892584559948,0.347018286039671,0.11362038600051501,0.17488119898867963,0.003846676688246664,0.019087229117052847,0.0008433090201973669,0.03220693629413428,0.01186780142446502,0.016104599314702057,0.07420811564749974,0.009611009455715134,0.07090553281330668,0.04072993286933116,0.01655528850127834,0.07267097923871332,0.00034821202162990976,0.0007181713491322625,0.004696280417756462,0.007217429414674674,0.004819500213852982,0.05854624775801685,0.0009734602456691247,0.08572510905000903,0.17624075846873902,0.22268099002645317,0.030799104052593413,0.1335493863736563,0.03324654371561185,0.020570411884895702,0.019202939978749722,0.12222605769036268,0.025109663879552015,0.003977915268536431,3.1547191170703096e-05,2.688084714329165e-06,1.918847117137219e-05,3.4035026202192016e-05,3.147317797111625e-05,3.9424496924256125e-05,0.0010450977784987002,8.927154670680158e-05,0.00012939703174064246,4.237666182662057e-05,3.303580428127296e-05,8.179849844107778e-05,4.146609533714593e-05,0.0018238741876174128,0.0017697786706267636,0.0012624886254013225,0.0011055474524034909,0.002235830748826636,0.0004507302635270901,0.004451951129585897,0.0034041409029076306,0.0006489547375439336,3.8082273729279314e-05
DG Hilar Ectopic Granule,9.574921777554859e-08,1.0,9.331242379360299e-09,1.170618350873287e-05,5.84310456952131e-05,4.1191813889076745e-05,9.153691430004284e-06,1.9776444689061444e-05,3.80748973638325e-06,8.371870236807974e-06,1.11681719964554e-05,1.0772061000233274e-05,1.2293553386134324e-08,7.92490177070513e-09,8.774978217035023e-08,3.9121782749773486e-07,5.329000777921671e-09,4.962914930820461e-06,1.8549437581478622e-08,6.281889361129638e-06,5.706614931567233e-07,3.422878860995114e-07,1.0746864421684548e-05,1.3569746828974936e-06,1.3987078440684834e-06,2.7199038563007967e-06,3.951342062170411e-08,5.251058269247516e-09,1.5187024342649165e-07,5.744852638814135e-07,2.0383776711039444e-07,5.836731015613854e-07,1.0952729853245615e-07,5.048167556164207e-07,2.2493949677633187e-08,8.751907284311918e-07,3.1898559441877995e-07,4.380539426386933e-07,2.0243211580235726e-06,2.9783519668699143e-07,1.9779496144878485e-06,1.1265354882433546e-06,4.6014666173095085e-07,1.920846036074747e-06,8.769587837445774e-09,2.3925291351004085e-08,1.2222266098135533e-07,1.8109418582898096e-07,1.235698887427155e-07,1.5906537779701987e-06,2.6047276025274984e-08,2.178555208477154e-06,4.4831168605234774e-06,5.734923224339797e-06,8.368898253541709e-07,3.1457661416591923e-06,8.496513526916831e-07,5.282401177036203e-07,4.894428156500211e-07,3.13700371452322e-06,7.318484264622168e-07,9.887699634787321e-08,8.185205453912322e-10,7.005452262560806e-11,4.991927998784388e-10,8.83123028297283e-10,8.155667172753812e-10,1.0226005810458204e-09,2.7550184628425854e-08,2.3322725709974925e-09,3.37836846458635e-09,1.0971549597695879e-09,8.565689070070147e-10,2.1377547792355492e-09,1.0751472885242063e-09,4.8029932365104286e-08,4.6617788799373566e-08,3.325397669796758e-08,2.9114224649330223e-08,5.887916580294177e-08,1.1879276877462806e-08,1.1726604878068099e-07,8.964291602408679e-08,1.680149768582613e-08,9.880903298488506e-10
DG Semilunar Granule,0.0029593971331526663,0.03368874790699508,1.0,0.03855003639871691,0.3215285802257994,0.2562098703490373,0.05964217472256144,0.15054400519898753,0.011936659446935869,0.056535294274163955,0.06317639364952424,0.037325276689618554,5.035807791749905e-05,3.241593367281745e-05,0.000474935841330602,0.0015111263468532733,2.7199204569633153e-05,0.008989682609245436,9.205118655758714e-05,0.007849467413946815,0.0012701332770497194,0.0017376841588817593,0.026937470605583408,0.003406187486547369,0.005009601914487659,0.005235048419471947,0.0001946423858756529,2.542607210389008e-05,0.0007763358896325865,0.004388320385695643,0.0014929592773265854,0.003380640788742505,0.00045038121531429387,0.002029730588799912,9.007252303243776e-05,0.0034975792606244116,0.0015125552165494874,0.0020894306615615926,0.008110499866405062,0.0014271592005953493,0.007875837256608136,0.004489636068611592,0.001828082907795083,0.007662208127765627,3.599346702811508e-05,9.7477278237517e-05,0.0005907084286066165,0.000874636147175829,0.0005893627631101087,0.006347262457431254,0.00012294519629408538,0.008818515043208732,0.017963059673526634,0.023245468561557087,0.0033388643451715814,0.012716854222617868,0.0034022898814555706,0.00211577906312546,0.0023502893559028746,0.015157954805073932,0.002900956420367273,0.00039860614643536787,3.3774574023552296e-06,2.872724049269745e-07,2.0521133669526793e-06,3.6437163864700244e-06,3.3712215161593893e-06,4.221284022205206e-06,0.00011130701335652526,9.534928489720912e-06,1.38247143495154e-05,4.540712205578372e-06,3.537759813764146e-06,8.735421348733007e-06,4.440562369674554e-06,0.00019423822683308932,0.00018845258097825726,0.00013443696962588816,0.00011773672274375778,0.0002381091575712318,4.798231891575306e-05,0.000474066011551417,0.0003625365525467055,6.95369938778804e-05,4.07705892125162e-06
DG Mossy,0.006664317295500156,0.016875626221595198,0.00034385737687164114,1.0,0.12838732141815282,0.1404315800832534,0.03126034997683836,0.06275399784715589,0.0054624237432214715,0.020753014080739592,0.03161701959042108,0.028700728607515047,2.835639811785719e-05,1.8455085854252783e-05,2.392585712587732e-05,0.00017908459080086934,4.895409284264331e-06,0.0009576319937690203,1.4091987202990495e-05,0.0010530326978457985,0.00013824200527121053,0.0002075932156014783,0.0009571977977957538,0.00018317387893392907,0.0016133040824484446,0.0006839424429874115,3.464030403482723e-05,4.095752376333376e-06,0.0003862298286350101,0.0046287769156776485,0.0015155197523904547,0.002360159691182508,5.724426763578431e-05,0.0002836514073572565,1.2477827412768007e-05,0.0004780739709527893,0.00017988977873730145,0.00024348912625172506,0.0011010287919356587,0.0001453423868732775,0.0010520510709268347,0.0006053672769010341,0.00024585699656473365,0.0010766198119258042,5.278182123674411e-06,5.229076342991215e-05,7.087935102832079e-05,0.00010927390560810783,7.270888367243396e-05,0.0008706792204459357,1.4785400344999885e-05,0.001275752345969634,0.002617008201802482,0.0033104139642821293,0.0004579417041515882,0.0019850382892561973,0.0004938052709418366,0.0003055092112244623,0.00029054323293741836,0.0018444111859254974,0.0003703368909461755,6.193492631823701e-05,5.15649795185526e-07,4.4292828138789945e-08,3.151688504200839e-07,5.563845700014917e-07,5.136236980294053e-07,6.443778756314123e-07,1.650234101535848e-05,1.430494328416895e-06,2.071223435969675e-06,6.906329375126591e-07,5.396280691790836e-07,1.3114872027754045e-06,6.77286643229813e-07,2.845161047478431e-05,2.7686041743872348e-05,1.9742919635908205e-05,1.7250784885589115e-05,3.487829807739095e-05,7.0977123920120565e-06,6.962741567093087e-05,5.307848178629763e-05,1.0573733409088554e-05,6.228242253652454e-07
DG AIPRIM,0.001611443343553031,0.0026798619434579285,0.00011809191362890382,0.0025486243404303907,1.0,0.018303400966501425,0.006333901177044469,0.01623409905640422,0.0007064770822617619,0.0053782400626351,0.007141871441286355,0.005488636713647954,5.495647762488991e-06,3.577949565801863e-06,5.835399827343087e-06,4.354173222724782e-05,1.190317986993791e-06,0.00023290072169496434,3.4268945225442174e-06,0.0002559558223988,3.3618922925698873e-05,5.047825723793067e-05,0.00023401834521213143,4.466888951624984e-05,0.0003916904047825422,0.00016625979687918716,8.420854907921069e-06,9.959265130278193e-07,9.368708713541455e-05,0.0011229042986819937,0.00036765648295432774,0.0005725547060581838,1.3930575196180252e-05,6.901357630624944e-05,3.036391073729922e-06,0.0001163279718618808,4.386151218591756e-05,5.937742252937026e-05,0.0002679176170173318,3.5457425981184134e-05,0.00025601014469255274,0.00014730085831283512,5.982501400517457e-05,0.0002619673554734114,1.2871900815815494e-06,1.0176912311506748e-05,1.724372058801127e-05,2.664125307821251e-05,1.7687627635724787e-05,0.00021184441485751996,3.6046772978536526e-06,0.0003103563587518046,0.0006366813268774559,0.0008053891480799373,0.00011142212629681786,0.00048284125141897783,0.00012013602732993625,7.43272240353481e-05,7.08387597194028e-05,0.0004497590286801576,9.014645521322459e-05,1.5093752825123821e-05,1.2582350743099036e-07,1.0799716890472937e-08,7.686918119169607e-08,1.3576176688284393e-07,1.2535568973338787e-07,1.5724183119308176e-07,4.021570408888807e-06,3.4853721411303965e-07,5.047065154422285e-07,1.6858170354975043e-07,1.3168904113466423e-07,3.195227790281134e-07,1.6528302439156988e-07,6.9351217743729845e-06,6.748140936151096e-06,4.812136280216329e-06,4.204882036664969e-06,8.501623318569393e-06,1.7297742863249448e-06,1.6970934575361106e-05,1.2938040897322216e-05,2.5810328336005387e-06,1.5197419406822278e-07
DG Axo Axonic,9.419146827083225e-05,8.069408950785814e-05,2.4330066770963974e-08,0.00011732832177421212,0.0003230812215773099,1.0,5.099191694352847e-05,0.00012688243612567177,2.018411824774856e-05,4.583470020193041e-05,6.638166896375795e-05,6.416960451134519e-05,8.01014128242127e-08,5.168642396524229e-08,3.4013305473604027e-07,2.5644706793587267e-06,7.05562826036434e-08,1.370735454649128e-05,2.0345807109951905e-07,1.5094890933828377e-05,1.9824959935360065e-06,2.9749261900106887e-06,1.3520244429989013e-05,2.60723314141159e-06,2.319730817250894e-05,9.805585482844591e-06,5.006552124942853e-07,5.906665453390426e-08,5.541165184590339e-06,6.6594736203119e-05,2.1803649373158776e-05,3.39208156759535e-05,8.234049298183544e-07,4.08272565789207e-06,1.7974810158815522e-07,6.882039595004769e-06,2.612009776924022e-06,3.537129764031996e-06,1.585067064943669e-05,2.1100876458645397e-06,1.5144430285599116e-05,8.711706111406677e-06,3.5385972811208416e-06,1.550579199592665e-05,7.69976507383725e-08,1.6063829119742682e-07,1.0263607577367913e-06,1.5875096487064955e-06,1.0525108704982764e-06,1.2529098722061521e-05,2.1460207896387108e-07,1.8359992235366944e-05,3.767979153922581e-05,4.7648049498612323e-05,6.590012467093728e-06,2.8582660415275403e-05,7.109363858910918e-06,4.398412686253422e-06,4.221310892839117e-06,2.6812085273490482e-05,5.336206529965222e-06,9.006324029979936e-07,7.542881659924762e-09,6.451860171185486e-10,4.598554471188969e-09,8.138272876604246e-09,7.522114916828208e-09,9.428384190067576e-09,2.396865883752489e-07,2.0753056174293164e-08,3.0067577428061536e-08,1.0122764666907985e-08,7.898508310050367e-09,1.902031791273129e-08,9.913491276595529e-09,4.1376265686035473e-07,4.025043849275509e-07,2.870380532612054e-07,2.508652352577506e-07,5.072195817497136e-07,1.0311796122817169e-07,1.0122841479944298e-06,7.719312889881914e-07,1.5498567153920893e-07,9.110312903884641e-09
DG Basket,0.0016969687053577788,0.0006074872146046963,2.126172800521003e-06,0.0011013937813714534,0.0054570386092183155,0.009526378954399454,1.0,0.007934819130247779,0.0006674471040830044,0.0007676426491080967,0.0035179459581983754,0.0037193179714265635,3.5576487923441944e-06,2.315775717936725e-06,6.094050412016293e-06,4.5948535405887256e-05,1.2626862532272579e-06,0.000245568229849869,3.641096521584157e-06,0.00027042945746391217,3.55020745914889e-05,5.329182740048525e-05,0.00024216995554282884,4.669435208279974e-05,0.00041560281278568896,0.00017566478942560563,8.960295979506763e-06,1.0571622643291144e-06,9.936616620283224e-05,0.0011934689620163048,0.0003907509588888199,0.0006080339334472277,1.4733591406176812e-05,7.30519938077943e-05,3.2154278888540427e-06,0.00012313089049274,4.660673562410923e-05,6.31034610078052e-05,0.0002835863688565356,3.7641648433480664e-05,0.000270949027605106,0.00015587683849122377,6.33124786871902e-05,0.00027739869342358905,1.3724339883191172e-06,6.719937404791072e-06,1.8305991291658854e-05,2.8324682533597174e-05,1.877220968272367e-05,0.0002241904188362897,3.829678189227005e-06,0.00032854508200953937,0.0006741854717082011,0.0008525925184040621,0.00011791779715848522,0.0005114578611162019,0.00012720578772793556,7.869909510240735e-05,7.531431155762596e-05,0.00047828186719451064,9.543684828524378e-05,1.6069182055866088e-05,1.34342929528741e-07,1.150494557153085e-08,8.196219813577636e-08,1.44949581490517e-07,1.3392809033875313e-07,1.6791222153933267e-07,4.277575285421221e-06,3.70494496417461e-07,5.366845370666981e-07,1.8018944648824626e-07,1.4065213053643007e-07,3.3959265007179755e-07,1.7653338331635627e-07,7.3815684774195105e-06,7.1813577670300605e-06,5.121181478949628e-06,4.475499507675741e-06,9.048871757190527e-06,1.8401553267738238e-06,1.8060710319081393e-05,1.3771190934829087e-05,2.7587892353250775e-06,1.622613253988613e-07
DG HICAP,3.9971416790199956e-05,3.3636374060314815e-05,2.94318479706133e-06,2.5723493551921213e-05,0.00023323207901560406,0.0002210214216271742,6.337330985012324e-05,1.0,8.160362958196528e-06,5.9030111737586695e-05,0.00010307205346986315,6.509740947925765e-05,7.388271480852349e-08,4.79574621784227e-08,1.4600233120528748e-07,1.088904646526314e-06,2.9836267847218526e-08,5.8248613734314586e-06,8.604224180936274e-08,6.402005528592651e-06,8.415930196857741e-07,1.2627075212317362e-06,5.851934678295757e-06,1.1175070576140175e-06,9.797112617040543e-06,4.159173057290397e-06,2.1148918886251876e-07,2.498444885508435e-08,2.3401279262554034e-06,2.807398228726612e-05,9.191921953010948e-06,1.4310066580292402e-05,3.4909361533464016e-07,1.729507254927913e-06,7.612128001604871e-08,2.9155355139405096e-06,1.1039473826324474e-06,1.4948527187483766e-06,6.715127151281927e-06,8.927708485166863e-07,6.4167169090662746e-06,3.6914369981094164e-06,1.4993479325207408e-06,6.566607442824954e-06,3.2445243082243734e-08,1.3956373957463022e-07,4.33481692262213e-07,6.705959832357856e-07,4.4441492480473245e-07,5.308596136463822e-06,9.070809948531883e-08,7.776593177267262e-06,1.5956080962953224e-05,2.0182461157975062e-05,2.7921597085237354e-06,1.2099194214023861e-05,3.0107111252672023e-06,1.8627193287242434e-06,1.7832190774678362e-06,1.132488571278459e-05,2.2606320999128746e-06,3.798991986087198e-07,3.1755827673671785e-09,2.720648192352425e-10,1.937895169794399e-09,3.4263211052319084e-09,3.1654119851666068e-09,3.9689881157609085e-09,1.0118202328748763e-07,8.764742115040168e-09,1.2695483954934005e-08,4.258464624461957e-09,3.3245185607556214e-09,8.033960724605899e-09,4.172620985796123e-09,1.7458238781809666e-07,1.6985237595905765e-07,1.211248967169683e-07,1.0585089984978509e-07,2.1401616258547344e-07,4.352597938679579e-08,4.2716795483104014e-07,3.2570297097639387e-07,6.519902339955323e-08,3.8355276367579646e-09
DG HIPP,0.0014371354177406374,0.0011562028112688015,0.00012697174183980421,0.0009294420010052617,0.007933175654669977,0.00939039275481362,0.0026777198244783305,0.0053141929116833075,1.0,0.0006281798417890125,0.002387222937061074,0.0020017499537923504,0.0005278818105371244,0.00033326180953002283,5.275019360899279e-06,3.9241036344029334e-05,1.075169392412109e-06,0.00020994613646465116,3.104320739223167e-06,0.00023067279598179013,3.0338613215609062e-05,4.550279837307602e-05,0.00021168509526683457,4.0351502374928435e-05,0.0003526835305109651,0.00014987415487414498,7.630330726298176e-06,9.009696199714574e-07,8.42093673253697e-05,0.001010112712821092,0.0003307323009499567,0.0005149158328641519,1.2583239581410058e-05,6.231830141333112e-05,2.742517035309982e-06,0.00010505216847901103,3.9811101183375645e-05,5.391154568363695e-05,0.00024197907797200195,3.2206747302992874e-05,0.0002312243429102351,0.00013304417269591507,5.4038946205026264e-05,0.00023644757905649813,1.1985698397642806e-06,0.0009018985567025531,1.5633269439666695e-05,2.41815848093212e-05,1.602666233358925e-05,0.00019126934093319657,3.271032890510711e-06,0.0002802449807296385,0.0005748380080466023,0.0007271345027269046,0.00010059575614182715,0.0004359710818148106,0.00010849756279639937,6.711668260539141e-05,6.430401330069553e-05,0.0004084067600568466,8.144063368770674e-05,1.3705247115530951e-05,1.1448860487631646e-07,9.80715745677475e-09,6.985991598396227e-08,1.23528152657734e-07,1.1412689627919361e-07,1.430944532063727e-07,3.6470016348281646e-06,3.158994735813817e-07,4.5758268147559554e-07,1.535408819885657e-07,1.1986088231209176e-07,2.895569634962214e-07,1.504380817552349e-07,6.292943193195808e-06,6.122374699263377e-06,4.365986526738392e-06,3.815464789098854e-06,7.71435861131706e-06,1.5688652544828739e-06,1.539740079104221e-05,1.1740205967400827e-05,2.350782929780464e-06,1.382812581092714e-07
DG HIPROM,2.29177621553035e-06,3.7877892742818517e-06,2.0232799260417053e-07,3.464107986988916e-06,3.503187435602165e-05,2.8619623008294786e-05,9.743021283881199e-06,2.426872724829775e-05,1.0007363242979183e-06,1.0,9.924799249452363e-06,7.916079967602105e-06,3.49440270929553e-07,2.166069026231525e-07,7.589077016653257e-07,1.0439391585876903e-06,1.1594545169613247e-07,4.2813227408354065e-06,1.422227072350257e-06,8.152781397075548e-06,2.1930933898470222e-06,7.451984981112529e-07,6.351671083079661e-06,1.2901595353343326e-06,4.423838803869887e-06,7.248034811576027e-06,4.081484036930041e-06,2.792785027284016e-07,6.406962183680607e-07,3.6151565804370772e-06,1.4585921807485907e-06,2.7752649459619886e-06,3.622747043096962e-07,1.4848262589979e-06,6.465450323549123e-08,2.50913000835074e-06,1.743802440560214e-06,2.472277588899546e-06,5.87812509559749e-06,1.7189463704289725e-06,5.596342498562973e-06,3.2011974260929455e-06,1.2865858096232746e-06,5.421111002880557e-06,2.74612992844399e-08,5.810831872923247e-07,7.140892982847905e-07,1.033379754185362e-06,6.930026562651871e-07,4.53844380298357e-06,1.389157930758584e-07,6.577585419964301e-06,1.2864939053703032e-05,1.7455432448015577e-05,2.38511281296261e-06,9.282902026433507e-06,2.433729329051754e-06,1.5163978308175231e-06,2.7631069763016553e-06,1.8291267229778485e-05,2.0253168248718556e-06,2.866688860272697e-07,2.5012501803714796e-09,2.1222104104848816e-10,1.5174832516083533e-09,2.6983447514831992e-09,2.4984129483251937e-09,3.1267048389809247e-09,8.220763097185099e-08,7.03018184395538e-09,1.0196463050384178e-08,3.3667528076924482e-09,2.6209645988527045e-09,6.439594017612208e-09,3.289817506872343e-09,1.4250376449523937e-07,1.3824165533577958e-07,9.861965157897891e-08,8.637707497723034e-08,1.7468874669249236e-07,3.535250894816245e-08,3.4776092687396215e-07,2.6597894862843746e-07,5.155916156467553e-08,3.0193640776699064e-09
DG MOLAX,0.0010962509005162588,0.0009226687408152397,9.072881855157532e-05,0.000707173571052103,0.006346067916828002,0.006416740112840387,0.0017830367412762656,0.0043933630413582085,0.00022426239403462817,0.0007910911652338948,1.0,0.0016001119177627998,0.00017956609522488883,0.00011446670885076813,4.016766094611305e-06,2.990908273683794e-05,8.195242924956234e-07,0.0001600086553365711,2.365302807015187e-06,0.0001758278505494999,2.3121279908376247e-05,3.468217697419154e-05,0.00016111361697178733,3.0732574162965155e-05,0.0002689199051996079,0.00011423638398072701,5.813933010488124e-06,6.865896766840103e-07,6.421790665376269e-05,0.0007703519806173809,0.0002522286523035889,0.00039268453089412805,9.590146119118242e-06,4.750303677944676e-05,2.090671915397861e-06,8.007880924622526e-05,3.0337539238784038e-05,4.1081687983088e-05,0.00018444701152505442,2.4539588585616904e-05,0.00017625067405456748,0.00010140224907321925,4.118671100455717e-05,0.000180303446060734,9.015391235398499e-07,0.00031336864847417953,1.1912911449483792e-05,1.8427761159958276e-05,1.2212945600562632e-05,0.00014580339830558582,2.492682519988336e-06,0.00021360370558403373,0.00043821447506113423,0.0005543023525259159,7.668603943827681e-05,0.00033231211319557485,8.269706173011664e-05,5.116088378608836e-05,4.900298503630471e-05,0.0003112204423237096,6.208792274024038e-05,1.0440911844587128e-05,8.725704028982839e-08,7.474830780868947e-09,5.324493932633934e-08,9.414655624516456e-08,8.698025720251739e-08,1.090585725400952e-07,2.7797306881291558e-06,2.407818156137996e-07,3.487716403302408e-07,1.1701804465053836e-07,9.135089480128104e-08,2.207041235953499e-07,1.146550211037193e-07,4.796388037557194e-06,4.666399721439737e-06,3.3277003785537607e-06,2.9080916951725463e-06,5.879770300901832e-06,1.1957793523682187e-06,1.1735708279996658e-05,8.948207089914893e-06,1.7916005726899559e-06,1.0539056752888884e-07
DG Total Molecular Layer,0.0012909688519893087,0.001906680494505858,0.00011137942870805853,0.0017459442255654443,0.011621494090674296,0.00964478055225612,0.0027831898608571518,0.007710133261262542,0.0004640889507625827,0.0019124304394760767,0.004568828975293398,1.0,0.00017571512507111534,0.00011925211194824713,4.722933648443847e-06,3.515613801136885e-05,9.625128430662498e-07,0.0001880881480666044,2.7761808328183657e-06,0.00020665819784998184,2.717024287110187e-05,4.076366933239945e-05,0.00018956481776954308,3.613833566695031e-05,0.0003160050416260491,0.00013425971210572277,6.82268006810851e-06,8.061140234725897e-07,7.54853733760192e-05,0.0009052477645844037,0.0002963959583467961,0.000461496098363207,1.1266256920370255e-05,5.5803216997463856e-05,2.4557418075658775e-06,9.406911674462365e-05,3.5597876692836475e-05,4.820190237728499e-05,0.0002166686461552664,2.8793297466996077e-05,0.00020704165538660128,0.00011912108124683169,4.8382747599771665e-05,0.0002117971692204272,1.056649960346298e-06,0.0003466761580673429,1.3975949049663475e-05,2.162199440541712e-05,1.4327780308589543e-05,0.00017128397231507933,2.9250457728419596e-06,0.00025093151590146036,0.0005147721883839076,0.000651160144688637,9.008748043125521e-05,0.0003903687886838447,9.714441099174734e-05,6.00990301499042e-05,5.7496315785278216e-05,0.0003651359241131773,7.29262249461998e-05,1.2249678730677379e-05,1.0230219501103805e-07,8.768107501974668e-09,6.244468949224379e-08,1.1038039576112496e-07,1.0196321577208163e-07,1.2785876588509752e-07,3.26185854710405e-06,2.825809947260404e-07,4.0928661743004116e-07,1.371616742441844e-07,1.0709396806734093e-07,2.5902798242747264e-07,1.3441411007818999e-07,5.627449135685295e-06,5.475140556868619e-06,3.904409499198582e-06,3.41198326032548e-06,6.8985540957006635e-06,1.4031348699622158e-06,1.3769594777417291e-05,1.049860091257572e-05,2.100002422351979e-06,1.2356284949799347e-07
DG MOPP,4.486775729312724e-05,3.6965988455554504e-05,3.7286647834140655e-06,2.893861452291014e-05,0.00025780152252849193,0.0002705513164930375,7.496746404391342e-05,0.0001666551732436511,9.176408645578825e-06,1.9436241252352627e-05,8.545523516073914e-05,6.98131740439628e-05,1.0,1.0261088505255749e-05,1.6442556462030925e-07,1.2241138358001789e-06,3.354302038794542e-08,6.548778655811347e-06,9.684143826126791e-08,7.196262499246603e-06,9.463420919348462e-07,1.4194463061175842e-06,6.594623731073771e-06,1.2578746479240383e-06,1.1005860487922102e-05,4.675519684700629e-06,2.380507563493848e-07,2.810711709233196e-08,2.6281941217852993e-06,3.1527037701754606e-05,1.0322595020336563e-05,1.6070916963933465e-05,3.924989041049151e-07,1.943917226201089e-06,8.554605442947004e-08,3.2768657562449033e-06,1.2415619844029082e-06,1.6812715025664654e-06,7.5479994504803845e-06,1.0043002541853837e-06,7.212442032544015e-06,4.150076836750184e-06,1.6856439871414386e-06,7.375144128961094e-06,3.74567103890954e-08,3.0493411485652766e-05,4.875398947129477e-07,7.541568272260976e-07,4.998163980386115e-07,5.9662361550363095e-06,1.0201267260700103e-07,8.742112846455555e-06,1.79313538178794e-05,2.268186011518616e-05,3.1378512910166155e-06,1.3600429072609623e-05,3.3845250486063233e-06,2.0936351818529107e-06,2.005448300900418e-06,1.2736772282673309e-05,2.5401531272540563e-06,4.274578478147899e-07,3.570510150858237e-09,3.058691474424044e-10,2.178767317407315e-09,3.852425899124668e-09,3.559173521424045e-09,4.4626135726848245e-09,1.1374832516611095e-07,9.852917105840839e-09,1.4271900154990542e-08,4.788289642488592e-09,3.738022351788242e-09,9.031332959666293e-09,4.691612803036003e-09,1.9627071418817032e-07,1.9095164863920925e-07,1.3617132096835716e-07,1.1900064467535921e-07,2.406032920948766e-07,4.8932016217214905e-08,4.802316221134706e-07,3.661653089355223e-07,7.33109348954911e-08,4.312524040632905e-09
DG Neurogliaform,1.55469042451903e-05,1.4533677822151315e-05,1.5057270066751367e-06,1.0136450065794104e-05,7.413217750849553e-05,0.00011103491865458615,1.8527070414578994e-05,4.348852024744347e-05,3.2152161513932223e-06,6.96960281658049e-06,3.0470040207692534e-05,1.6657132867090536e-05,1.25470003065246e-06,1.0,5.652857981815612e-08,4.2477539589848283e-07,1.112979030047301e-08,2.2737335161791174e-06,3.2706163577066604e-08,2.4949268264108996e-06,3.2699741783707264e-07,4.925632174798823e-07,2.2973662477024833e-06,4.3788049156195854e-07,3.820534078737239e-06,1.6210628254185306e-06,8.03607940513632e-08,9.641824053220264e-09,9.117614282759e-07,1.0939983591149866e-05,3.7071249067024677e-06,5.575128516224981e-06,1.3601059992488564e-07,7.33317425914704e-07,3.406590683115585e-08,1.2359217818573784e-06,4.4095893752985623e-07,8.510792318516595e-07,2.7495787460867007e-06,3.552620121461378e-07,2.6745397444949943e-06,1.5204555178091392e-06,6.008234297060904e-07,2.83951600362926e-06,5.979694537542307e-08,5.306188496096007e-06,1.715490622752759e-07,2.670658869115088e-07,1.7591520074922082e-07,2.234695024818975e-06,3.631681875209281e-08,3.250835110005891e-06,6.981421545345215e-06,9.52125224989577e-06,1.2492847415828329e-06,4.970831424602201e-06,1.2434364743415514e-06,8.156485680700104e-07,7.099327297335569e-07,4.49224811961547e-06,1.0147285643386184e-06,4.472019325184027e-05,1.3431586181432738e-09,1.1554980838889242e-10,8.217060811615876e-10,1.4492974853432535e-09,1.3374177263430458e-09,1.6784033760540834e-09,4.279714031704766e-08,3.724018232247075e-09,5.389484394875567e-09,1.7978413908511898e-09,1.4053932903821992e-09,3.4150418914174846e-09,1.763890481828536e-09,7.372659189899174e-08,7.175579054936153e-08,5.1167940190981544e-08,4.4702728927870615e-08,9.037975374607388e-08,1.8403757696324656e-08,1.8045516110434145e-07,1.3753699316980003e-07,2.7524386074569154e-08,1.6224482549656181e-09
CA3 Pyramidal,0.005786737616336985,0.008611102058842463,0.00027290392143349,0.011315942201966363,0.07843318696145966,0.0743630203749231,0.014243686419201923,0.02897290457785683,0.003922495142391622,0.012656520832556669,0.013853311885202491,0.013078447268079522,9.527200554109718e-05,5.684190987325351e-05,1.0,0.05121045897869063,0.02222577880490299,0.1530423323455877,0.05909909063406459,0.19562894210773865,0.06757586165478317,0.013275479979314615,0.22519860403769132,0.00016261504703012303,0.08847408021900756,0.1862844294074917,0.1152757978070836,0.014422460703459962,0.10866680302610865,0.39186188583154025,0.11981610978779174,0.39910923551389876,0.06779387273256919,0.13654941862542425,0.004781489427717743,0.1827794848968724,0.851105190142422,1.2425565454965055,0.4876594717612778,0.895226766182248,0.3577615019909509,0.21569703289759395,0.0710004908759258,0.3189430878252445,0.003352663454979545,0.0011009248862963986,0.3678817091108488,0.5200675837773193,0.34451721333050256,0.31305256666478254,0.06607091692752136,0.7282306888840201,0.9145094217172278,2.042280027011446,0.1620890428766804,0.8223699258443503,0.17021248995108684,0.10892692576375489,1.3804777270107729,9.39492980018339,0.09446807062244493,0.020434019474990846,0.0002153843973419152,1.8442118689650235e-05,0.00013010491441033434,0.0002322925421004961,0.00021617957903742501,0.0002694774178865098,0.0072905149454606105,0.0006093827112360422,0.0008861893804462454,0.0002923319262244425,0.0002262376498096135,0.0005574196563199483,0.0002839926071496156,0.012739125662602706,0.012358015382986679,0.00881597472002686,0.007721659581415604,0.015616672355878755,0.003145203422227007,0.031087833552924483,0.023778325581530563,0.004477928640719253,0.0002598711968490375
CA3c Pyramidal,0.051779239415255446,0.05340298153585486,0.002482786826929297,0.05197077601427873,0.3989924959165403,0.4406887772676467,0.09032098312439872,0.1917470284453816,0.017032980249473157,0.06710862747974629,0.09280676513138068,0.07529389409892731,0.0005726177754173093,0.00033053525388382674,0.004745064822701025,1.0,0.0037825844925452653,0.038548366327975966,0.011829535523032087,0.05402678891072642,0.009951430551671178,0.003741033808485492,0.04977016678950329,0.0017504913842145726,0.02947849656508863,0.036879249382556066,0.027273386159652843,0.0037663141750924473,0.18392065250952166,0.7700119967004231,0.2752879829354718,0.7306299238070284,0.12940666982049062,0.6358826250491793,0.029051678067669708,1.1194393684045019,0.2305553106264925,0.30192991966609717,2.578105041724129,0.19549892708558744,2.548200342793905,1.4406281286463969,0.5939729689587571,2.489015066310183,0.009835731689158404,0.003400527422829062,0.0798309276728473,0.12330523049106627,0.08615714498518384,2.0258499407998904,0.019472113664794045,2.697077807020168,5.726944013869305,7.0934331279778045,1.066885614210248,3.9524200441154695,1.0852657144409732,0.674272206110871,0.3384418134470065,2.0589113039471507,0.9672511582463963,0.11351729748163365,0.0008483791246048885,7.265351170801621e-05,0.0005171420845985355,0.0009146730229940307,0.000856469799654596,0.001062596537387062,0.03092682747426158,0.002472164142199137,0.0035825191686877874,0.0011629782205375345,0.0008937412896672576,0.0022670241758113436,0.0011219911049212847,0.05424775167527923,0.05257789727680443,0.037512427417468755,0.032878792748797035,0.06650101314589904,0.013353744262613813,0.13227588075458244,0.10127087869167592,0.017819332239110565,0.0010230445715059904
CA3 Granule,1.778780136459232e-06,2.013413756387992e-06,8.453682224144208e-08,2.070116503150605e-06,1.5430323942738024e-05,1.6699592739885732e-05,3.363425366167525e-06,7.134707571016099e-06,6.824512699062444e-07,2.567552894484856e-06,3.4630615054278625e-06,2.866987465930802e-06,2.3086339866327932e-08,1.3283961339265444e-08,6.934087447096884e-06,1.6942272767677458e-05,1.0,5.8948779325369136e-05,1.1889919830038311e-06,6.42014917834907e-05,1.3719568885322174e-05,2.6341942753679214e-05,0.00018286051683155728,1.8937805645963528e-05,5.018841648755737e-05,5.2740253289454555e-05,2.4675880857851586e-06,3.222300046143076e-07,7.573891547920862e-06,3.118929406625296e-05,1.083751995793216e-05,2.9731356397498326e-05,5.198672292197552e-06,2.2799162042320642e-05,1.0073052082339297e-06,3.915265204247047e-05,1.9328668701657366e-05,2.7022152032199675e-05,9.102480684303779e-05,1.8673974614003355e-05,8.80698779439711e-05,5.023389532840869e-05,2.039779881189511e-05,8.534299990204243e-05,4.066765308672787e-07,1.4174129671225056e-07,7.683508818369437e-06,1.1225999144304432e-05,7.589985263001372e-06,7.099652808545718e-05,1.5582559467214978e-06,9.933331868825342e-05,0.00020030494864462477,0.0002624110255927768,3.733819354465224e-05,0.00014189432685205879,3.793801603360667e-05,2.360891029142661e-05,3.0167443504418396e-05,0.000196929105739087,3.2371697907538034e-05,4.439936670277722e-06,3.7838978913188595e-08,3.2217530108608315e-09,2.3004930180150836e-08,4.08225775486331e-08,3.775863618334573e-08,4.72899729619393e-08,1.2494274858517343e-06,1.0691279154502623e-07,1.5498162803434457e-07,5.084729596924182e-08,3.962924771062306e-08,9.795839913198457e-08,4.974211802820532e-08,2.1807144718661956e-06,2.1159720159301815e-06,1.5094555388200653e-06,1.3218437352594559e-06,2.6732657894076102e-06,5.388664480202652e-07,5.32282964101325e-06,4.0701673541142795e-06,7.786743824010859e-07,4.5677588708243484e-08
CA3 Axo Axonic,5.275934590235718e-07,6.144612741303394e-07,2.5130829478791544e-08,6.530835317816698e-07,4.83279411553356e-06,5.103325942753961e-06,1.028306210164547e-06,2.1744406719723728e-06,2.163046177844004e-07,7.95180909454555e-07,1.0541830666230806e-06,8.906051710267924e-07,6.800497253783183e-09,3.950333294494698e-09,4.634280782626268e-06,4.919189875219269e-06,2.35496146779703e-07,1.0,6.469810176982939e-07,2.2727502768607732e-06,6.973650066319991e-07,1.4895644262761313e-07,2.524083486904157e-06,1.697715517946365e-08,1.0868050683477355e-06,2.0347130198587755e-06,1.3040117668335808e-06,1.675609035389633e-07,2.7225325820690607e-06,1.0920153097435603e-05,3.706768771705955e-06,1.0542498191965265e-05,1.8324585155640778e-06,7.156497975444581e-06,3.08999190367453e-07,1.199467362370326e-05,9.97236034336182e-06,1.4217557369875347e-05,2.8252151029278933e-05,9.99930362530305e-06,2.6655604734342163e-05,1.5270268422897212e-05,6.102503429955877e-06,2.56525016608465e-05,1.3425412905999478e-07,4.610486251917126e-08,4.122827868613119e-06,5.938378396414073e-06,3.971517083519877e-06,2.1634873803670862e-05,7.908546325962744e-07,3.192440737295564e-05,6.112654361686177e-05,8.503169440869079e-05,1.1365180477151795e-05,4.4340228236413214e-05,1.1559836625747015e-05,7.211869435703049e-06,1.5857731604449366e-05,0.00010553867942477122,9.610240106427633e-06,1.3610547023494424e-06,1.2075500916319833e-08,1.0242793430446455e-09,7.324888845847334e-09,1.302698515158153e-08,1.2062782480652645e-08,1.509537844220916e-08,3.9665154838277366e-07,3.391912826216213e-08,4.9197141027256556e-08,1.625616163570869e-08,1.2654014866971453e-08,3.1069218207061084e-08,1.5883236598310156e-08,6.871061944834162e-07,6.665506534892779e-07,4.755083901045234e-07,4.164815016246538e-07,8.42291176689725e-07,1.7057803249571589e-07,1.676777073731157e-06,1.282463317381525e-06,2.4895024077935754e-07,1.457688043194468e-08
CA3 Horizontal Axo Axonic,4.272965052094132e-06,4.95562829682536e-06,2.0354581980290499e-07,5.237730493932325e-06,3.879957366520263e-05,4.113221374956179e-05,8.292629268942983e-06,1.754690870647022e-05,1.733049482063647e-06,6.385944300559811e-06,8.509677136603334e-06,7.1634439699673265e-06,5.476761647774809e-08,3.180961280794041e-08,3.360296782638921e-05,3.995251387161223e-05,1.7407674687290386e-06,1.3052256160147269e-05,1.0,1.694416284524594e-05,5.142320872881286e-06,1.112945170759093e-06,1.873769786156742e-05,1.3990791113369275e-07,8.15249936757233e-06,1.507414082859716e-05,9.694781978943095e-06,1.2479878593132093e-06,2.1322450497742016e-05,8.58854009426268e-05,2.9267566815164e-05,8.274681492146536e-05,1.4396644640129116e-05,5.734111892964409e-05,2.4861684319798168e-06,9.652840158471361e-05,7.433554137004382e-05,0.00010574210068261623,0.00022682882427846907,7.422306044230883e-05,0.000214989763468232,0.00012306201523051955,4.9324419706415e-05,0.00020716299957738293,1.0665755838243946e-06,3.668093861294783e-07,3.059534211868039e-05,4.41383515868823e-05,2.9556690890214643e-05,0.00017427461168589652,5.905772013707589e-06,0.0002547275676227212,0.0004922619720413991,0.0006775162135968854,9.15687169664569e-05,0.0003555502565200903,9.311891698231519e-05,5.806777234040393e-05,0.00011795166635525751,0.0007832988761356079,7.77930702087904e-05,1.0953458601474787e-05,9.655208596928554e-08,8.193723792844522e-09,5.858433975304452e-08,1.0416053947794034e-07,9.643740943134729e-08,1.2069430864996643e-07,3.17243294815805e-06,2.714078755020103e-07,3.936286712128575e-07,1.2994991928242566e-07,1.0117048757614418e-07,2.486131284529835e-07,1.269884519211009e-07,5.502757394827845e-06,5.338295479429038e-06,3.808252844021519e-06,3.3354422184418415e-06,6.745581325520878e-06,1.3642423479317106e-06,1.3428996681510069e-05,1.0270710407107023e-05,1.990076343885251e-06,1.1655251332985729e-07
CA3 Basket,0.00016663371786204722,0.00019217434562809833,7.93605581693156e-06,0.0002019060225943495,0.0014915332320301494,0.0015947209774488796,0.00032128193245233207,0.0006802931007248468,6.677456828188747e-05,0.0002470641426254851,0.00033006579212295674,0.0002755709915437891,2.119750774428477e-06,1.231786384533537e-06,0.0012221377588145566,0.0015774903011782828,6.350594211340168e-05,0.004557532487232934,0.00017527524349696585,1.0,0.0054046249837823935,4.0650752789990444e-05,0.0006844918274323583,5.065834862249755e-06,0.0002975305432869259,0.008574169783505597,0.0003554080376824434,4.582496235734562e-05,0.0008124444707608402,0.003283650053713155,0.0011217466879660076,0.0031581388026650447,0.0005497360689420524,0.002219489956813505,9.645466307861854e-05,0.00374671283340827,0.0027330655460409523,0.0038803495729007433,0.008789725000592366,0.0027185360764234454,0.008356501068437045,0.004781743603592319,0.0019200945494238283,0.008058593269860862,4.089292908556335e-05,1.408743735388964e-05,0.0011206700798142614,0.0016193709815405836,0.0010850516562701954,0.006770274305366977,0.00021747639011867296,0.009834297505178436,0.01912020624541454,0.026126337343080234,0.0035576843388750046,0.013773768504059208,0.003617625115234868,0.002255181886491104,0.004329571433414509,0.028698319861135628,0.0030284155916686997,0.0004243492538864128,3.6879272917658706e-06,3.139189558394484e-07,2.2417805154917535e-06,3.9787052233866745e-06,3.6803801470836843e-06,4.609139295263106e-06,0.00012165568077588747,1.0415770188934239e-05,1.5099394622021003e-05,4.95640956927136e-06,3.862571080757296e-06,9.543206304705038e-06,4.8482509644463646e-06,0.00021234823162751364,0.00020604043285508584,0.00014698191732862516,0.00012871503554106716,0.00026031046576389683,5.2469684590107505e-05,0.0005183054600321208,0.00039633521224165404,7.590243193488098e-05,4.451903830794715e-06
CA3 Basket CCK+,0.00034941231231264526,0.00040611527609720746,1.6639592068553284e-05,0.0004311444398872541,0.0031801196312441636,0.0033741356870706793,0.0006791245408351798,0.001436229504323378,0.00014285042622011042,0.0005241950282466224,0.0006963670024800286,0.0005855030899916361,4.4920797738608006e-06,2.6108529926905106e-06,0.0031447438486308568,0.0032885141712358347,0.00015794395389883643,0.012468532350453814,0.000433845799693138,0.026337489140239576,1.0,9.906479004031351e-05,0.001688180439740287,1.0195311656279402e-05,0.0007202608245462456,0.02088091637543721,0.0008741561887951829,0.00011231810696057246,0.0018118171312597239,0.007265625348881254,0.0024641697678573094,0.0070145066171985355,0.0012188625064245735,0.004746213719285161,0.0002047067895455042,0.007948347010249627,0.0066872914193869745,0.009535625429256529,0.018726986639725305,0.006706273407199398,0.017656206569066954,0.010117969771096465,0.004041172200168864,0.01698735690247275,8.886014658151538e-05,3.052775391472169e-05,0.0027657168295518865,0.0039840374851346765,0.002663235433104927,0.014337396341556483,0.0005302810450415878,0.021190718729361083,0.04051004486622978,0.056443897636893586,0.007531240695704713,0.029411442738134085,0.0076608058244044385,0.0047796474766032895,0.010637215614801838,0.07080535602827334,0.006356894589745467,0.000900339275906363,7.925985206227014e-06,6.73891944800639e-07,4.814646335386272e-06,8.550783364741953e-06,7.912345026073973e-06,9.90658489180887e-06,0.0002607292554769307,2.2345343228483738e-05,3.2398828891954806e-05,1.0658027089650495e-05,8.302759773010344e-06,2.0471594342877405e-05,1.0421536514236442e-05,0.0004546100294463106,0.00044107465220827595,0.0003146501662875039,0.0002755603903932777,0.000557289037767933,0.00011230630378603988,0.00110955364153311,0.0008485067923788494,0.0001632177188990953,9.567872446688578e-06
CA3 LMR Targeting,9.057967977867994e-06,1.3015095780931558e-05,4.275102917532843e-07,1.6769226018069926e-05,0.00011583954177941128,0.00011170088824096406,2.1457557759790334e-05,4.40340009058245e-05,5.761194652177526e-06,1.8713679885016696e-05,2.1143759977282183e-05,1.9600412015083e-05,1.4745340776826022e-07,8.780235264673049e-08,0.000562775504863631,7.640605312033644e-05,0.0015371902166561792,0.0020902294619046437,6.507670891691796e-05,0.005201797823461238,0.0020077995411934353,1.0,0.0012216359564148585,7.861729462959194e-08,0.0003984884816792551,0.00036294068498318087,0.00012729119181264582,1.6087567252282988e-05,0.00013362463738642412,0.0004925138186959565,0.00015312105777115333,0.0004956539735484424,8.441236369420057e-05,0.0001931902199503599,7.059635637563744e-06,0.00027197966183306556,0.0009506506494975077,0.0013841211245108943,0.0007055775196457421,0.0009908826006045195,0.0005459432743852592,0.00032536209195128615,0.00011221984094375196,0.0004932394482903757,4.678655791950938e-06,1.5455062875002182e-06,0.00040961468417806846,0.000581720237825323,0.0003842997147542169,0.0004709336502433052,7.411034089295303e-05,0.0009931154332930812,0.0013591742099806168,0.0027601855362940726,0.0002449981673657316,0.0011737710012922906,0.0002539719770093573,0.00016158658645350752,0.0015428309417397752,0.010474998959706952,0.00016122928496366018,3.142913170813386e-05,3.328195012338603e-07,2.8246400815819252e-08,2.0131677530731142e-07,3.5902106775350923e-07,3.3290999348173295e-07,4.1618133307061817e-07,1.0901897397159712e-05,9.280847543613588e-07,1.3470732338380919e-06,4.4904640266417615e-07,3.4900948914071396e-07,8.497943254274926e-07,4.380772332667226e-07,1.8808562495227395e-05,1.830108907004156e-05,1.3050465500335446e-05,1.1403879903948407e-05,2.3057953604335067e-05,4.689901704712785e-06,4.602548002374652e-05,3.5091800024336505e-05,6.876919529152343e-06,4.0175611258261763e-07
CA3 Lucidum ORAX,1.182949322840716e-07,1.3553076130230635e-07,5.623469416170318e-09,1.4212065468280022e-07,1.054097542212466e-06,1.1278860436730455e-06,2.2639094446250245e-07,4.788461352197682e-07,4.70529782789445e-08,1.742925150126516e-07,2.3207915349013071e-07,1.937568657530845e-07,1.5492178688037887e-09,8.939509486073885e-10,8.690191141233928e-07,1.120994501616785e-06,2.895225256638699e-07,4.252549440556786e-06,1.612173590534862e-06,9.220697624289511e-06,2.4910214252882873e-06,7.570668940532126e-07,1.0,9.692469870932605e-07,4.5928504949109245e-06,7.824332546169472e-06,4.329885402726789e-06,2.9847134459864964e-07,5.773137803855639e-07,2.332012391787767e-06,1.0834948578315182e-06,2.2405151949948443e-06,3.9051400262359273e-07,1.577228969022404e-06,6.85030844436928e-08,2.662108725028734e-06,1.9422795871296305e-06,2.757821303322359e-06,6.245337016287853e-06,1.9255922071126e-06,5.9381062874603975e-06,3.397515059246629e-06,1.3634849069282128e-06,5.731053559606789e-06,2.9085509125102106e-08,1.00608756705219e-08,7.965405828945302e-07,1.1510015946455949e-06,7.71171186421195e-07,4.81424278653699e-06,1.5455966649869317e-07,6.990514345937196e-06,1.3597542953372919e-05,1.8577035639535934e-05,2.5297265121692403e-06,9.794739130981966e-06,2.5726674489813e-06,1.6037902715020584e-06,3.077131338857649e-06,2.039796882466179e-05,2.1476625955455317e-06,3.0190498462062337e-07,2.622805931626799e-09,2.2321420048774926e-10,1.5941495446555207e-09,2.829596364574688e-09,2.6175746080781763e-09,3.277999772416975e-09,8.646337569588912e-08,7.4054826872654966e-09,1.0735776523083485e-08,3.525243139253647e-09,2.747085976255192e-09,6.785004276939397e-09,3.4481088782025402e-09,1.509273246119125e-07,1.4644235263911422e-07,1.0446693836336269e-07,9.148461044055726e-08,1.8501656480139026e-07,3.7291711816637955e-08,3.6838377449631334e-07,2.816970239808377e-07,5.3985597041460296e-08,3.166134366036271e-09
CA3 Spiny Lucidum,0.0001215207251149555,0.0001012813468980153,1.1541542777865536e-05,8.05386962616138e-05,0.0006347544446198751,0.0008886545745000448,0.00024245172935580635,0.00039080721495073095,2.552511912838906e-05,6.255773522754174e-05,0.0001793406536062,0.00013942596818830545,2.689623009559272e-05,1.1934981955939375e-05,2.2017803049533002e-05,2.8794670597128658e-05,2.4847478325196208e-05,0.00011652281580422929,3.2830252831051376e-06,0.00026937018581463045,9.525934127241327e-05,3.857725868483284e-05,0.0005842637310137181,1.0,0.00017063455007832137,0.00019129383035348496,6.734433197433511e-06,8.619868661297188e-07,2.087712042834357e-05,0.00014006807410199765,4.660807400939976e-05,9.672637970744762e-05,1.0222662663686105e-05,4.172817511551376e-05,1.8156716049603684e-06,7.033851634359881e-05,5.0264911369556386e-05,7.132912590027097e-05,0.00016489001148595176,4.967981499261821e-05,0.0001565595533121679,8.960714374074871e-05,3.599168063589327e-05,0.00015190187402840151,7.785337396648399e-07,2.8488196395344956e-05,2.0648954002959075e-05,2.9871291012662077e-05,2.0022714258400078e-05,0.00012706126592794696,4.000414458126119e-06,0.00018538054951075197,0.00036141927478047705,0.0004917865265658776,6.677352540433775e-05,0.00026215881428542345,6.834867644067689e-05,4.258199328622908e-05,7.982728056686928e-05,0.0005289713477266482,5.6613576538723794e-05,8.149851718312802e-06,7.116952153447753e-08,6.021634244046587e-09,4.31056021202554e-08,7.677467134728598e-08,7.114488659270591e-08,8.898242965564509e-08,2.335041920029409e-06,1.991645812212124e-07,2.8898584441776343e-07,9.5923510616069e-08,7.460703460543017e-08,1.823938676637212e-07,9.364660886487873e-08,4.0256633953722444e-06,3.917746255557742e-06,2.7936672692114412e-06,2.4408540797605057e-06,4.935204423019059e-06,1.0043611814747912e-06,9.852592633748634e-06,7.510679533730944e-06,1.4690089253481933e-06,8.591110209350474e-08
CA3 Mossy Fiber Associated,3.37340977341183e-06,0.00011191626738052415,9.024699907324831e-08,0.0001730570743092443,0.0007831351438755784,0.0005487714579551653,0.00019886156631935184,0.0005088999106061933,5.079796568797478e-05,0.00015414255687905057,0.0002751547741721159,0.00027119172121967507,3.089158434089496e-07,1.9553752142453566e-07,4.4839701098561065e-05,5.4740472672192376e-05,1.3626845701454244e-05,0.00020111867717515007,6.354351644441213e-06,0.00045388859324953484,0.0001516190914071275,5.680152185338298e-05,0.0005799778360366458,7.730645151913182e-05,1.0,0.00042124592937267343,1.2859115163954108e-05,1.656924809931774e-06,2.8510266318403443e-05,0.00011382234031974287,6.754820434623981e-05,0.00011006955618533788,1.9324180471274586e-05,7.735560222151019e-05,3.3508988489229614e-06,0.00013028231141819468,9.880814917469582e-05,0.00014045609927298744,0.0003059806302279698,9.793418616634501e-05,0.0002903460347561529,0.00016617595898182417,6.6568134816596e-05,0.00028023334171661373,1.4324304719426385e-06,8.893582872002909e-07,4.061279923703955e-05,5.863255503194105e-05,3.926195275240818e-05,0.00023570195436550112,7.854818336646517e-06,0.0003435888558006751,0.0006657067765796742,0.0009140812853306184,0.00012384633841847962,0.0004804536137987608,0.00012593975010495402,7.85258760931225e-05,0.00015670226399959656,0.0010399249886608368,0.00010466702864626741,1.4784065528597173e-05,1.2859205794344082e-07,1.0944462879035695e-08,7.816131669016394e-08,1.3873077161021862e-07,1.2833339819800865e-07,1.607144847284112e-07,4.240292252311962e-06,3.63125195455636e-07,5.264218145251279e-07,1.7283224665283944e-07,1.3468407439424934e-07,3.3270128377153235e-07,1.6905380891197797e-07,7.401654006428334e-06,7.181717486504161e-06,5.123189038998064e-06,4.486513874165147e-06,9.073431469010188e-06,1.8288385726436465e-06,1.806600166602807e-05,1.3814753173516634e-05,2.6467542300149806e-06,1.5523052388599224e-07
CA3 Mossy Fiber Associated ORDEN,1.928499356294694e-06,6.90384459948864e-06,8.820192229770421e-08,1.021009470136086e-05,4.27618600832262e-05,3.170009224466002e-05,8.896166315574213e-06,2.2054865846261397e-05,2.6125370289491475e-06,7.793439000326291e-06,1.4501459776674158e-05,1.1881191696232202e-05,3.573610225364913e-08,2.1155430091560157e-08,1.2921960814144618e-05,1.900385415715632e-05,6.358183536998202e-07,7.451437005121576e-05,1.9071603339302094e-06,0.0001604284537853689,4.2914859882077335e-05,1.6304128743560756e-05,0.00013152567076378166,3.459237419496173e-05,0.00011106759262117963,1.0,3.883369093511756e-06,5.019579653867478e-07,9.426844540451557e-06,3.8202533648922914e-05,2.198730996105921e-05,3.6613287816142904e-05,6.398287549093177e-06,2.6375195110822373e-05,1.1495683927057757e-06,4.4703119552175616e-05,2.9972386131717692e-05,4.243216159652303e-05,0.00010463581324305438,2.9471616861412878e-05,9.993765740738029e-05,5.713229317836863e-05,2.298471638969723e-05,9.662268753810876e-05,4.824570642404486e-07,1.8409168262866398e-07,1.221976052503062e-05,1.7693347142529876e-05,1.1875103316831724e-05,8.097199987499815e-05,2.3904307586428912e-06,0.00011643581112397127,0.0002286200369097775,0.0003091055415662407,4.2558422163169766e-05,0.00016399342759557792,4.3267578959130215e-05,2.696047870201824e-05,4.7349595713676024e-05,0.00031297439205780597,3.6226652922001054e-05,5.073494719524824e-06,4.37616024027761e-08,3.726261139710726e-09,2.660670610126668e-08,4.721223926276453e-08,4.366790096795813e-08,5.4691650356694665e-08,1.4453262436290183e-06,1.236595463557806e-07,1.792562340035689e-07,5.880422762426006e-08,4.583165039760823e-08,1.1330307269153403e-07,5.7527289005936324e-08,2.522594653052043e-06,2.4477111668676035e-06,1.746104963915456e-06,1.5290754985966074e-06,3.092365958108038e-06,6.233539073451154e-07,6.157333371354199e-06,4.708264092454052e-06,9.005264592804362e-07,5.2827130273888324e-08
CA3 O LM,2.0253031520172998e-05,2.6385101134911127e-05,9.583681982356393e-07,3.112177305576115e-05,0.00022265229091706346,0.00022310744262242456,4.3505043262812255e-05,9.067439357480296e-05,1.0543370165334488e-05,3.625548174489175e-05,4.3860548273189683e-05,3.911691721442696e-05,2.9499684555408324e-07,1.7372815239687567e-07,0.0007099039720779992,0.0001804332583777948,0.0015084518816497173,0.0024799801443173525,0.0004996590133558666,0.00565733641651437,0.0021809357123200785,0.002178104019019424,0.0011667569942669562,3.2290197934986457e-07,0.00041859100599702753,0.0008635689609305472,1.0,9.013059044736526e-05,0.00020052322945670727,0.0007565630329290617,0.00024134470052527575,0.0007525596247158304,0.00012889518333865978,0.0003534271725560292,1.3852690442656687e-05,0.0005354288641968602,0.0012410368003411604,0.0018010090334192276,0.001332500011652144,0.0012856776355492912,0.0011256303036152285,0.0006586804309384271,0.0002436542534296374,0.0010476646289686474,7.788625344202398e-06,2.6075079143634196e-06,0.0005313314887070362,0.000756234072358749,0.0005005201729135881,0.0009441406625230273,9.70156295567215e-05,0.0017209360943044375,0.002685257454901838,0.004709650910892841,0.0004933198819773679,0.002154763454643954,0.0005043872284735565,0.00031824054537051846,0.002007743588956002,0.013589838096920957,0.0003666044439433293,6.136903301622361e-05,6.038317902252127e-07,5.107392972832559e-08,3.6565661990962124e-07,6.513855016349009e-07,6.036784471741266e-07,7.549813422094725e-07,1.9801402162888798e-05,1.6887072536733634e-06,2.4503903048367655e-06,8.13980403286013e-07,6.330285675939882e-07,1.5464789262356322e-06,7.94576395084126e-07,3.414096071760619e-05,3.3225016270678294e-05,2.3692172871126613e-05,2.070042273067961e-05,4.1854586419556146e-05,8.51724209319417e-06,8.355651064419667e-05,6.369691305096643e-05,1.2465607485492216e-05,7.289066620973552e-07
CA3 Trilaminar,2.5139525705126818e-05,2.7861337906624417e-05,1.1993436223185102e-06,2.9100365717765583e-05,0.0002179098609606387,0.0002346700786626049,4.650435169545738e-05,9.79334539378062e-05,9.656975802130546e-06,3.584490978009317e-05,4.727993555718809e-05,3.9550398832380884e-05,3.275399487610574e-07,1.9371412907651908e-07,0.0001887761654869011,0.00022713161696466473,0.00011069468769666542,0.0008879606493449077,0.0004608056646822797,0.0019324728128758668,0.000675621593240582,0.0001965684107603236,0.002171961443555631,0.00017819489503524436,0.0010110354271149757,0.002009944398916215,0.0011448640060115153,1.0,0.00011914503509000998,0.00048050299586896715,0.00022407164340891174,0.0004618724809431806,8.041051934403015e-05,0.0004771204985499095,1.634942954373033e-05,0.0008362684659892532,0.0011007215873840828,0.001279024111128326,0.0020080285760011598,0.0016673287235697647,0.00189795327554999,0.0011523023822664945,0.0005477722717162369,0.0015036172485295516,7.517092545505341e-06,2.595090820448596e-06,0.0002922574550930518,0.0003546503733445657,0.0003737193344584199,0.0017404668867675409,7.223020579328766e-05,0.0017637061802213377,0.003106380550651379,0.007077988862383961,0.0010738461647033372,0.0024672613172139037,0.0006541307596400836,0.00037589563712047135,0.0012896315333320591,0.0069749462311701335,0.00134644586026769,6.257299385297753e-05,7.658335127213011e-07,6.626069073024566e-08,4.690215713300537e-07,8.258579999505428e-07,7.705137141103054e-07,9.587222223172773e-07,2.5996564089441457e-05,2.18287749535382e-06,3.150197989817055e-06,1.0436321184697468e-06,8.054585940826018e-07,2.0046712789005873e-06,1.011089523927911e-06,4.498503644396762e-05,4.374268284187415e-05,3.119520671756934e-05,2.7273233666525346e-05,5.514948604366997e-05,1.1191338524790367e-05,0.00011001506806981032,8.394265715837766e-05,1.59867450262994e-05,9.240059331261966e-07
CA2 Pyramidal,0.0014808571175096159,0.017556472492661804,5.239827406444119e-05,0.03633919007264557,0.2043517919123553,0.14413616094130988,0.02896030921326298,0.05714194584144235,0.012818895237416207,0.03226186517278196,0.02813725876889146,0.03381815489868087,9.014645366779842e-05,5.374607723034392e-05,0.008715831385757381,0.01666635766109373,0.004589193903135897,0.058875097897027766,0.009936356012489092,0.10174734670045776,0.02128540251765865,0.0029748544557775753,0.05581853120287503,0.0010984312602804955,0.031866878834412644,0.06153790878516217,0.027101536172479086,0.0028222822176364416,1.0,0.13870670693149456,0.05289972940489494,0.12174583837756368,0.016659311932468477,0.058430582880223694,0.0026384376759965612,0.08330871801070995,0.06914057901670188,0.09647199053015805,0.1906148596625568,0.07620192679893158,0.14491887561974232,0.09156334774409118,0.03876735729645201,0.18834195366151854,0.0012092679386529444,0.00046232736233918124,0.0325640103525418,0.05098313024009731,0.03288661288621792,0.1283088583777451,0.005491461343103604,0.3159389471589897,0.5799489532148736,0.7393854692912634,0.06731371230911185,0.619920095705321,0.10651822236411813,0.06445449029017489,0.13076027237425797,0.8631517149618518,0.05175852804919961,0.013239301533418854,8.990346200030089e-05,7.628944935164201e-06,5.413413682070318e-05,9.696972151054559e-05,9.006485229146303e-05,0.00011243084964974304,0.0030855799120000217,0.0002562094647822986,0.00037219915459848715,0.0001216361645746214,9.433815107971401e-05,0.00023448966939262116,0.00011842044794249101,0.005380256558866588,0.005222124590526198,0.003725074945304236,0.0032613380799781824,0.0065957389993401665,0.0013305641119631532,0.01313611521106864,0.010042165153311057,0.001863186291841938,0.00010847218344985423
CA2 Basket,1.0963563446888782e-06,1.7229559371321168e-05,3.299360598465995e-08,3.566695539776086e-05,0.00020025688859290895,0.00014197012939704324,2.8225801885720983e-05,5.532439220384263e-05,1.2595140677648398e-05,3.147128991760445e-05,2.7341807280373827e-05,3.303033765067611e-05,9.41538462111864e-08,5.623544306043452e-08,4.545253938809995e-06,1.187331217470012e-05,4.373791564717529e-06,4.163443429812771e-05,9.48563602445521e-06,6.525711110133777e-05,3.349947275696009e-06,2.786539313474556e-06,5.3772050684555314e-05,1.0708645249365064e-06,3.0882782216802704e-05,3.112325277317614e-05,2.602851448430731e-05,2.7102695836953984e-06,0.0004988976025709477,1.0,0.0021142631154444833,0.006226176128617612,0.000488787310988112,4.925230619799612e-05,1.9751236015193823e-06,6.520030722947225e-05,6.333692444741928e-05,8.810059036964361e-05,0.00014839673457427312,3.791015216539157e-05,0.00010725070766157141,6.902585841420822e-05,2.5782337835608153e-05,0.00017444926709894558,1.2177377972909192e-06,4.7034314940432806e-07,3.0106892797853655e-05,4.7508556630447105e-05,3.0503880594365987e-05,0.0001170752351482647,5.042796544831061e-06,0.0002853482386355258,0.0005483658839887969,0.000694861212659013,6.13141147279896e-05,0.0005952425721881857,0.00010081073651102067,6.0909295682645275e-05,0.00012131269295977401,0.0008004820682088124,1.7456255129784243e-05,1.3964225625073672e-05,8.62930654137548e-08,7.422870208474952e-09,5.218279386869157e-08,9.307706554143712e-08,8.649960715289124e-08,1.0796043386364664e-07,2.815559070407325e-06,2.4017058788518217e-07,3.4567464068411653e-07,1.1684418210436511e-07,9.059245917294595e-08,2.209176393547101e-07,1.1371301098561257e-07,4.870198844963401e-06,4.73573950015747e-06,3.3773448134852873e-06,2.9526856281992875e-06,5.970395837778977e-06,1.2119046693179356e-06,1.1910640187055094e-05,9.087144593990213e-06,1.7894666363365225e-06,1.0416421500084714e-07
CA2 Wide Arbor Basket,0.00012484599159296518,0.00015814106301964724,5.995669172890347e-06,0.00018086436108927622,0.0012834187714962238,0.0013181895863376531,0.0002638879052496703,0.0005519268427847227,6.053547491826816e-05,0.00021216783000763606,0.00026853046459619973,0.0002337993766889402,1.3974665147477232e-06,8.585671781352622e-07,0.000955934476673363,0.0010921437917254843,5.302598093768705e-05,0.00391508878029709,0.0001428780102486737,0.008260931693190702,0.004173097813630972,3.3266889499943696e-05,0.0005759489767988231,4.527041680920615e-06,0.00025674620107056224,0.007033867504597114,0.00029571239733414844,3.747917941026115e-05,0.0010193275057783443,0.0055414353167630515,1.0,0.008468664198828923,0.0008554418477029488,0.0027356819437734025,0.0001767308534465974,0.005175682549103019,0.0023495979745948702,0.0032956058782913386,0.011997238571593592,0.00968892082132879,0.01081401853643848,0.006508995251027458,0.003526999562687074,0.00571509779796984,2.922162937617857e-05,1.057005411602452e-05,0.0009367876999019139,0.0013906762766436528,0.0009101704961765186,0.004937182370263509,0.00018839573987415215,0.009966831450439159,0.013805703061353617,0.01929763883458643,0.0025930004171424814,0.010200321406257278,0.0026059786467448197,0.0016248873101100405,0.00370845802895161,0.024227824635907808,0.009148791523340711,0.0002419456060217879,4.3762641448598124e-06,3.765874208391265e-07,2.6609057783572368e-06,4.719563709007797e-06,4.397257437401919e-06,5.4767989718191e-06,0.00014790062139925314,1.2380680310545154e-05,1.7944431650425374e-05,5.950667833245296e-06,4.599490187024686e-06,1.1375531000360988e-05,5.773692365322375e-06,0.0002571766165485579,0.00024940000986145767,0.00017792574277685332,0.00015587955032920535,0.00031526322292719963,6.364495169372647e-05,0.0006274103590715029,0.0004800470775606018,9.115310059062827e-05,5.2801611497322586e-06
CA2 Bistratified,1.6301850355988503e-07,2.2666507564925174e-06,5.186947477202536e-09,4.681981546852607e-06,2.6320537386426166e-05,1.8704053246794685e-05,3.7126341691422825e-06,7.274783013260539e-06,1.653623534816931e-06,4.138243944272808e-06,3.593544947520954e-06,4.336287298774748e-06,1.2980056515583488e-08,7.777361234809676e-09,6.16125416154804e-07,1.5857286041089692e-06,5.646714723120614e-07,5.553434101242949e-06,1.229776999037764e-06,8.749967737051186e-06,5.564921231587426e-07,3.4639314780888597e-07,7.0079044218846015e-06,1.3782598632901794e-07,4.035151395753144e-06,4.272676654377688e-06,3.3762316816817662e-06,3.544071109738098e-07,6.550343713170178e-05,0.0004541289264678627,0.0002603589418198086,1.0,6.320730528414662e-05,8.021098371129886e-06,3.173931390268106e-07,1.0832191867528742e-05,1.4976335767645384e-05,1.74450661568287e-05,3.0163547402309247e-05,3.941411100034859e-05,2.237947344801919e-05,1.3278103936359205e-05,4.343328173527965e-06,2.794109336762294e-05,1.8860759235199629e-07,7.144621562420398e-08,5.689405245540205e-06,9.1487568584858e-06,5.951381459878151e-06,2.1725985020622373e-05,1.1512374606248946e-06,4.516815867455647e-05,7.986451804866651e-05,0.00014633165963179854,1.5077211873893652e-05,9.08347416405829e-05,1.5801458022903906e-05,9.046184097819244e-06,3.270269083854909e-05,0.0001635132382283277,1.1124153688201387e-05,1.9677568021528545e-06,1.4044673614305195e-08,1.1971468000513348e-09,8.544462607736508e-09,1.515244018787501e-08,1.4014519481569957e-08,1.755483736311276e-08,4.5218848766952903e-07,3.9263338606376707e-08,5.6863690705791374e-08,1.8870263668803392e-08,1.4710098745819087e-08,3.599221735641435e-08,1.846345614405437e-08,7.87256703568306e-07,7.643357366771883e-07,5.452064752884578e-07,4.772239976124713e-07,9.6507746358639e-07,1.94914929691725e-07,1.9226190511723354e-06,1.4692341448678361e-06,2.8895236152543417e-07,1.695799587574618e-08
CA2 SP SR,3.335217438089871e-08,4.866990415196134e-07,1.0379910720593688e-09,1.0051334674100193e-06,5.648617951717491e-06,4.010584840301444e-06,7.97500738510311e-07,1.563557129622664e-06,3.54909618039736e-07,8.87914518865409e-07,7.726174186011912e-07,9.31999910976737e-07,2.6717264440285715e-09,1.5959404548541354e-09,1.446312441808258e-07,3.534015838462853e-07,1.2386101016597712e-07,1.2405560991269973e-06,2.690699434457989e-07,1.9805859106145835e-06,1.672876644148553e-07,7.89137322355821e-08,1.5213353844038674e-06,3.016208935749271e-08,8.724367698359638e-07,9.99229536098384e-07,7.36741472518838e-07,7.681935686270882e-08,1.4042731750366866e-05,0.00010137460577750542,5.073372392111169e-05,0.0002619176818269401,1.0,1.4379256324429282e-06,5.886616599796467e-08,1.9327898889426e-06,1.8228479027341699e-06,2.5368058528537407e-06,4.402040914189756e-06,1.2366699385474204e-06,3.2234304843203995e-06,2.0659743977489355e-06,7.917707059888019e-07,5.010256750818096e-06,3.476074719210967e-08,1.3434166770761399e-08,8.612440314097158e-07,1.3592222161907312e-06,8.719304180246266e-07,3.382018882596201e-06,1.451602018520003e-07,8.215387580481083e-06,1.5672721709718675e-05,1.9883526448112008e-05,1.7706181295236458e-06,1.6899049397262046e-05,2.882244489002225e-06,1.7424918372530473e-06,3.4760100995637654e-06,2.2888058489023813e-05,6.413347031119255e-07,3.969598547919578e-07,2.520792022314812e-09,2.16992748130784e-10,1.5257127722945531e-09,2.7189519170379707e-09,2.527101418830155e-09,3.153820059141901e-09,8.222784604246067e-08,7.020340387297928e-09,1.0100673236799706e-08,3.413877179840132e-09,2.646539387601739e-09,6.457288784234428e-09,3.3219775705511164e-09,1.422518568530899e-07,1.383199737352645e-07,9.864485668788684e-08,8.624364884013224e-08,1.743869271689896e-07,3.539443247016941e-08,3.4788324121548414e-07,2.6542401777193703e-07,5.228354831048801e-08,3.0428408873697417e-09
CA1 Pyramidal,0.003638672359088059,0.0026943925932191594,0.00020039094194603067,0.0026013550274939807,0.01829001756817468,0.024167280154364527,0.004467504047681871,0.009073457989008934,0.0008273166365407736,0.003087174892986808,0.004530813507850331,0.00347659811224993,5.427276101776341e-05,1.7387786218832512e-05,0.00013929550809087325,6.931081338739434e-05,0.00014311745932962867,0.00035913205215261205,0.00024783961130182017,0.0007569617279003952,0.00025016873598155776,0.00013754775164585457,0.00047467617644763606,8.585980548944404e-05,0.0007413076965591366,0.0004286185491189137,0.0006206234193650787,3.0424146787433295e-05,0.0002298308689053506,0.002726756126343568,0.0008306322593453936,0.0011739323627424174,3.112350133218896e-05,1.0,4.737635138163149e-05,0.027414699301821405,0.08473218037729664,0.10070209287163547,0.04908726745076953,0.12709363670676324,0.04599193586034673,0.04825936515349521,0.024343257995788868,0.002419776589854426,0.0007435448184532668,7.058214604465327e-05,0.020553264169120133,0.04162577359568874,0.02227867645626335,0.05459331512102795,0.007252205352099044,0.06653608149578065,0.0013118854320473652,0.12250543716451365,0.029512868120481,0.0018789556496200581,0.0005506157594702853,0.00016831580397328429,0.11380445226439805,0.5954173700355552,0.028887860032468085,0.032789475555640685,0.0005669632691026286,4.722199134138562e-05,0.00034016915284489915,0.0006114418728922479,0.0005744334340821843,0.0007089532713201853,0.02405385569273982,0.001726068493875175,0.00252876138031929,0.0007835663586891138,0.0005975217465676532,0.001572775450821359,0.0007501913894529026,0.04298651017066937,0.04146623160663018,0.029604906012148515,0.026042155684255507,0.05268387417314745,0.010427252369012216,0.10436763384443902,0.08027605214189874,0.012009730369515356,0.0006831431660037173
CA1 Radiatum Giant,2.784456522924695e-06,1.4926293136604753e-06,1.5609410334643285e-07,1.345090077783046e-06,1.0282387641286848e-05,1.5479014610117148e-05,2.394775028727307e-06,4.706218131511908e-06,4.363201715002822e-07,1.6232159460795438e-06,2.2016573446785503e-06,1.5745424366417356e-06,5.390528156938284e-08,1.9421992778326602e-08,2.570555430050135e-06,2.090172785137885e-06,2.129716984775557e-06,9.16424801129715e-06,3.779188614722868e-06,1.9224209963085866e-05,5.088368399746072e-06,3.898584796164607e-06,1.2929029636862272e-05,5.331115983777102e-07,4.9298426993917364e-06,1.062473852047076e-05,9.446289324757748e-06,4.787642137963177e-07,1.2121608110457409e-06,3.484926050833616e-06,4.634873574060219e-06,4.3790233308173305e-06,9.311252427976895e-07,0.0003781905880419166,1.0,0.0005529085945697775,0.0010786364694753915,0.001493172357264923,0.0008178402610557167,0.001350807883383151,0.0007370217483663969,0.0005733881770254755,0.00034638877241026204,5.5876776644899256e-05,1.978290495313556e-06,6.437126507316884e-07,0.0003523365087278842,0.0006355265229555297,0.0004166743633829441,0.00061380533995193,9.006888107666358e-05,0.0010658521826043242,6.023188793982244e-05,0.0014174278439518988,0.00034114066733544925,4.4777331182996095e-05,1.2528615183047154e-05,6.444186388626203e-06,0.0018245455013903556,0.010692762120576911,0.00031644283620621213,2.2806285286984122e-05,4.917974734286545e-07,4.179543763319141e-08,2.9684323915275106e-07,5.302543985448181e-07,4.958740011173783e-07,6.157654417431443e-07,1.812905181982887e-05,1.431688039317688e-06,2.0890723722244135e-06,6.728009234446612e-07,5.177370641244431e-07,1.307293952517625e-06,6.499628430083963e-07,3.176916206099674e-05,3.079902086041782e-05,2.1973165501136282e-05,1.9255285444777194e-05,3.894566015476848e-05,7.82632297434991e-06,7.748257333213661e-05,5.930663124917089e-05,1.0308951930353783e-05,5.930038967962279e-07
CA1 Axo Axonic,3.870986056018606e-07,3.0017220342949337e-07,2.1320441311572983e-08,2.9306357037898645e-07,2.027848107728391e-06,2.68461276924709e-06,4.942174839576377e-07,1.008474466770226e-06,9.326910151068505e-08,3.4423404716111834e-07,5.047607462254021e-07,3.849900498887115e-07,5.828149779949789e-09,1.8541300502858262e-09,1.3948020157633978e-08,6.331582599199288e-09,1.6414804911179707e-08,3.919381453331214e-08,2.6292303872345308e-08,6.987258234003377e-08,2.4859539587705467e-08,1.2339831662189213e-08,4.396304790719544e-08,9.516581604064687e-09,8.212417511222917e-08,4.083282056073085e-08,6.579662155340667e-08,3.2227982666875185e-09,2.6156056782897668e-08,3.11352327282915e-07,9.392286325979048e-08,1.3409612208008567e-07,3.1979325825027452e-09,4.835418656334175e-05,3.404980562926818e-06,1.0,8.009370527119002e-06,9.524234069306515e-06,4.5535734107892355e-06,1.195924342738347e-05,4.282707503787655e-06,4.519576730765786e-06,2.272650087915511e-06,2.434771274666777e-07,8.3955361280617e-08,7.954949204773222e-09,1.944543668488025e-06,3.94681508872251e-06,2.1049025290140634e-06,5.131332146195075e-06,6.865770798211595e-07,6.270975504808904e-06,1.2838897179107933e-07,1.1469504854373e-05,2.7710473607940194e-06,1.92979582012407e-07,5.699688261458415e-08,1.641262055542517e-08,1.0777031314992842e-05,5.640394664195376e-05,2.621876390412184e-06,3.1372628856957744e-06,6.41344260165566e-08,5.480579156759116e-09,3.8989369188205104e-08,6.914671160807786e-08,6.472913598065804e-08,8.032242832281915e-08,2.345316359333774e-06,1.8663560713639542e-07,2.7126653063923356e-07,8.787949715589739e-08,6.755370838927265e-08,1.7116308474496598e-07,8.480615440048141e-08,4.11330927120783e-06,3.986831833740208e-06,2.8444454711199866e-06,2.493026340902932e-06,5.0424186270811645e-06,1.0126461492888677e-06,1.0030069544322238e-05,7.678804743695268e-06,1.3465111454279086e-06,7.73368776483766e-08
CA1 Horizontal Axo Axonic,1.946143679693872e-07,1.509118752717927e-07,1.0718882137306256e-08,1.473379724450091e-07,1.0195025814353208e-06,1.3496923448736911e-06,2.484683404417394e-07,5.070114652165853e-07,4.68911281682266e-08,1.7306398861512843e-07,2.537688796198887e-07,1.9355399451835403e-07,2.93011173031545e-09,9.321671602482105e-10,7.012701370065667e-09,3.1834354297962e-09,8.252452513595657e-09,1.9704230845244523e-08,1.321898245084473e-08,3.51306207102811e-08,1.2498794876625212e-08,6.2042932861495395e-09,2.210385888763357e-08,4.784413948856722e-09,4.1287452087317916e-08,2.0530070497634115e-08,3.308056654814922e-08,1.620328906047428e-09,1.3149822759072253e-08,1.5653209673104967e-07,4.7219219852364816e-08,6.741629017056284e-08,1.6078715883497612e-09,2.4310125077992464e-05,1.7716109106300467e-06,1.289864950512354e-06,1.0,4.788493278388887e-06,2.289407646682604e-06,6.012678021593987e-06,2.1532202419202107e-06,2.272287783646716e-06,1.1426171344835317e-06,1.2241587209482596e-07,4.2208457239175323e-08,3.999292887568672e-09,9.776627162925953e-07,1.9843400373821826e-06,1.0582908619727943e-06,2.579852906459595e-06,3.4518786200286224e-07,3.1528637426527125e-06,6.454481772114327e-08,5.7664662176490216e-06,1.3931860102368526e-06,9.702658402519371e-08,2.8656897749398037e-08,8.252203322590993e-09,5.418377896146033e-06,2.8358400584997548e-05,1.3181858173859229e-06,1.5772631276382119e-06,3.224367960068357e-08,2.755369895757866e-09,1.9601968421081646e-08,3.4763613710561234e-08,3.2542671950631145e-08,4.0382222567901096e-08,1.1791110658913898e-06,9.383134907512482e-08,1.3637964089688713e-07,4.418155227039638e-08,3.3962729568206953e-08,8.605251286935002e-08,4.263642301968227e-08,2.067972024187348e-06,2.0043852993348986e-06,1.4300489539588084e-06,1.2533725001043216e-06,2.5350830590979765e-06,5.091092648433412e-07,5.042631542705957e-06,3.860529891715116e-06,6.76960547780836e-07,3.8881232174254097e-08
CA1 Back Projection,7.031713841791893e-05,0.00037430585969096334,3.1297740042505225e-06,0.0005299037550404,0.00249055764486995,0.0018917758919931664,0.0006314788557475156,0.0014900120702153767,0.00015481815126353965,0.0004763545884792043,0.0008680253200802631,0.0008017518265614181,1.824237954111025e-06,1.1039243737604009e-06,0.0008567105518425814,0.0006930884094245854,0.000720827271152057,0.0030958337389172586,0.0012268888174927495,0.0064746345146513545,0.0017108229676563844,0.001320124766776184,0.004263485931757549,0.00019213367196151503,0.0017296262422883551,0.0035497457727901725,0.003079873427383159,0.00015268289832792264,0.0004185776065560298,0.001658826708217689,0.0006693271598802665,0.0016097989284506711,0.00027951249546906756,0.0014760355514861938,5.890225465027995e-05,0.002637468283938007,0.002714039062484788,1.0,0.006107139394174863,0.0031038427366061176,0.0056972016392174115,0.0030304800761084957,0.0013862254653673226,0.007240965596101294,0.0004833136927430315,0.00013778331292810123,0.0008960348819777021,0.001188064670766767,0.0009998181590970716,0.005340256373823231,0.0001910922059992603,0.005228926495606548,0.011176382438816032,0.019861611268712043,0.0030119901602434166,0.007386302572718026,0.0019109169108826609,0.0012297649356865904,0.00356623380412068,0.02190707279850961,0.003746108467570136,0.00024177831432994153,2.3952088290854657e-06,2.0771450104425556e-07,1.4724446400316492e-06,2.5847504631072744e-06,2.4046124723990907e-06,2.990632534190199e-06,8.107347133698343e-05,6.841596083184744e-06,9.879903763827744e-06,3.2589866178472533e-06,2.5125863487410377e-06,6.2809285069501975e-06,3.154046348038903e-06,0.00014045342969045454,0.00013653483238027346,9.73741236517603e-05,8.515086350243474e-05,0.00017218723583583976,3.491012406016105e-05,0.0003434013056230333,0.0002620952324014243,4.9922488362450307e-05,2.89247762182476e-06
CA1 Basket,1.0908915332673912e-05,8.451652956572664e-06,6.010080524939089e-07,8.238002781484893e-06,5.7158034580668384e-05,7.553466250547416e-05,1.3908811484313342e-05,2.8398688809613485e-05,2.6216573159960575e-06,9.692475633314463e-06,1.4217978533457588e-05,1.0858577506828293e-05,1.6590663525693715e-07,5.312340977953355e-08,3.789047658526205e-07,1.679949823916225e-07,4.656887465098683e-07,1.1233362359470647e-06,7.187060467424728e-07,1.876643386051733e-06,6.691219970912231e-07,3.2983754881419305e-07,1.1826058366147677e-06,2.706608922815198e-07,2.3393213603953617e-06,1.0843106425101148e-06,1.7986382273287922e-06,8.797147420002036e-08,7.422581828051508e-07,8.786871396200758e-06,2.424401122161588e-06,3.810935151555108e-06,8.440538551860488e-08,0.0013735647033058973,7.618000875057857e-05,0.0020273167584578646,0.0002175529550091086,0.0002610802963953817,1.0,0.0053953964406766005,0.003698473546124244,0.002206334941540453,0.0014951368449411348,2.4151222756959017e-05,2.0863793513252422e-06,2.2544968252334921e-07,5.324932254676374e-05,0.00011010917277537947,5.665123669980392e-05,0.00013146893700190977,1.890922985464031e-05,0.002348867335774162,1.896466874214772e-05,0.0002724108867154602,6.951855752953324e-05,1.747244030045415e-05,4.95545483795678e-06,1.925646093765575e-06,0.0002965126211671953,0.0015600919322482046,0.004490227406450685,8.894462983608606e-05,1.8037393477792926e-06,1.5373886345093792e-07,1.0928232117872425e-06,1.9447474738875295e-06,1.8195594396181007e-06,2.258709519075355e-06,6.621069543471327e-05,5.238151628368628e-06,7.644777938330218e-06,2.469531817635298e-06,1.8993810644623456e-06,4.801965258217081e-06,2.38446387554642e-06,0.00011607027950548888,0.0001125147320857461,8.027335958652262e-05,7.034954574869758e-05,0.00014228912137103232,2.8585382069502506e-05,0.00028306133009195397,0.00021668089632189845,3.783898738118017e-05,2.174992277770051e-06
CA1 Horizontal Basket,4.843868795680287e-06,3.7520152275792245e-06,2.6696303337510065e-07,3.65285157193831e-06,2.5396496620614128e-05,3.350633843035442e-05,6.1729743451885246e-06,1.2610388750665478e-05,1.162385919164812e-06,4.30261120646619e-06,6.315211799853732e-06,4.8289281549627934e-06,7.461667295414429e-08,2.409563128129971e-08,1.5895593592147813e-07,6.777523015759229e-08,2.0929071441859562e-07,5.241765566097155e-07,3.0503772603297694e-07,7.719551996632339e-07,2.767565867307071e-07,1.4018580242033703e-07,4.876763877885332e-07,1.2182783366329962e-07,1.0551510743166885e-06,4.424671051745438e-07,7.634758692958829e-07,3.7252608015720737e-08,3.3546414446312803e-07,3.917507970532833e-06,9.754833372103539e-07,1.7155411996876556e-06,3.379975401029775e-08,0.0006135774745068337,5.762372555496111e-05,0.0014931104587895848,9.129012041255857e-05,0.00011117288640656425,0.0034478489382295347,1.0,0.0029864206460063682,0.0024089555749530257,0.0015378380878173757,2.125733260757256e-05,8.628401837277489e-07,1.783012509034585e-07,2.2635705190757374e-05,4.815993505279427e-05,2.3423515387613388e-05,5.00986659211234e-05,8.109243535474052e-06,0.001727414224894384,1.7541722486585455e-05,8.911125957535819e-05,2.5492496395210153e-05,1.6315862268295653e-05,4.608345576884968e-06,1.78431918605911e-06,0.00012697626141709665,0.0006736124294014753,0.004907470692129271,3.976718611731282e-05,7.993913378139356e-07,6.799358469006639e-08,4.830031746734306e-07,8.618985893651019e-07,8.060814367295501e-07,1.0009187553830988e-06,2.9432239873170777e-05,2.325653835756656e-06,3.3935749396978758e-06,1.093743940358828e-06,8.415928033050794e-07,2.123947425531569e-06,1.0565280451340817e-06,5.157739686742782e-05,5.000218811670356e-05,3.567343864775801e-05,3.126104407346733e-05,6.322845652605275e-05,1.2705946107711981e-05,0.00012579294467269625,9.628461303173986e-05,1.6758785070626846e-05,9.639049286628288e-07
CA1 Basket CCK+,1.79629202707423e-05,1.3914972815857093e-05,9.897605090664174e-07,1.3557141207037566e-05,9.413589568615954e-05,0.00012432865147947805,2.2897291116498144e-05,4.675984430924964e-05,4.314305317781855e-06,1.5957605192949624e-05,2.341281580857265e-05,1.7888561167069053e-05,2.74382270372821e-07,8.81118252164259e-08,6.12898722128037e-07,2.685321183946275e-07,7.696885607337998e-07,1.8801374283535586e-06,1.166628086236223e-06,3.0175417754335313e-06,1.0776035274538217e-06,5.292229971111625e-07,1.9030088167825448e-06,4.4762538208052803e-07,3.871459665354206e-06,1.7350541123659306e-06,2.919705573095369e-06,1.4269787604660439e-07,1.229161903857561e-06,1.4485956689002454e-05,3.848903540385178e-06,6.302402905870685e-06,1.346077238278591e-07,0.002266809039286013,0.00016153140345766224,0.0043287806170587105,0.00035189494456321096,0.00042425269381780254,0.009561459353055586,0.011140655207197371,1.0,0.005397120787774959,0.003478149431662403,5.299961124879832e-05,3.3330084044447026e-06,4.898919572466444e-07,8.648067481455075e-05,0.00018044853825915352,9.121649668603391e-05,0.00020642714353935463,3.079512024941075e-05,0.0049240323037354995,4.266746496070928e-05,0.00040982647280377146,0.00010793721276843246,3.914992426108343e-05,1.1085902143123466e-05,4.3185168951151594e-06,0.0004826759384612901,0.0025462306895656156,0.010730151704790537,0.0001468077608047236,2.968084957921577e-06,2.5278754133925094e-07,1.7964610027213122e-06,3.2001360413568218e-06,2.993679750293648e-06,3.7165981773361486e-06,0.00010907159666091475,8.625166291615765e-06,1.2587136730896723e-05,4.062681485767336e-06,3.1252123139180095e-06,7.89597777716504e-06,3.923361329138665e-06,0.00019118197337454574,0.00018533201607260141,0.00013222399149778825,0.0001158746941122206,0.00023436811320069468,4.708859196731406e-05,0.0004662514307395428,0.00035689934682234183,6.224986088402522e-05,3.578960461755409e-06
CA1 Bistratified,2.646497214286455e-06,1.6053285660319426e-06,1.316213943557342e-07,1.5171946427593251e-06,1.1089084433735274e-05,1.5741346084284458e-05,2.455070573947791e-06,5.030720968568362e-06,4.880390805093718e-07,1.9445373112470343e-06,2.481074311720894e-06,1.784703636177855e-06,1.7198663329254094e-07,9.934878447491404e-08,1.7499952770546437e-06,1.4533645038784894e-06,1.353532626767579e-06,6.258296387958829e-06,2.456686937452041e-06,1.3173753021031226e-05,3.6847703523979033e-06,2.5040300033502453e-06,8.378649584527813e-06,3.4092510451087495e-07,3.1517058850531427e-06,7.536004707934019e-06,6.13603603791936e-06,3.1264542013294817e-07,8.373065885479681e-07,2.4929265785931843e-06,4.6525751986502486e-05,3.4251892890221184e-06,6.874291039825899e-07,0.0004143452862266107,1.466026058538943e-05,0.0007349353978478096,0.001083672161545838,0.000958218170312174,0.0018553512797078345,0.001664536777846123,0.001713412309573915,1.0,0.0006058594351509155,0.002622152525149741,5.109498060883871e-06,1.6762136604254695e-06,0.0002187569807666913,0.00018135861350523786,0.000361763990344357,0.0017934452152819646,6.091517448073105e-05,0.0009727265414164982,0.0021964234690639924,0.0067361831719313795,0.0011419113323340383,0.0022133157413597583,0.0006473044887810431,0.00023193374885653885,0.0010182024455523092,0.00432517928101244,0.0019285870753124638,3.502677357551445e-05,5.378378079109805e-07,4.569140177036754e-08,3.2446809806984075e-07,5.798973940262971e-07,5.422433101696779e-07,6.733938691102172e-07,1.9836798117848528e-05,1.5662602554417341e-06,2.2853276607151054e-06,7.356681819278359e-07,5.661755802020377e-07,1.4302088668196722e-06,7.107722084028244e-07,3.475808399427497e-05,3.369761344821087e-05,2.4041030056540365e-05,2.106692499357228e-05,4.260983534657373e-05,8.563369802714075e-06,8.477447835116048e-05,6.488624806475029e-05,1.1272238682946574e-05,6.48516300012304e-07
CA1 Ivy,1.817484055593953e-06,9.193342812860772e-07,9.638989099865749e-08,8.342008522827776e-07,6.28714019153884e-06,9.733224014196788e-06,1.431061951961513e-06,2.81608363750345e-06,2.70854321727026e-07,1.0339602368851746e-06,1.315880655812388e-06,1.0274283682595208e-06,4.105209409790712e-08,2.576672580476789e-08,2.0178504668299384e-06,1.707660301812604e-06,1.5294868999934084e-06,7.320226864075087e-06,2.72347071720051e-06,1.5325340851728888e-05,4.427405174086648e-06,2.7943126751883043e-06,9.35288297164264e-06,3.849859673305576e-07,3.600792315024822e-06,8.944306494584855e-06,6.796638269555096e-06,3.483603878636577e-07,1.0899150328293073e-06,3.763851510721634e-06,9.231128236746682e-05,4.784818013376111e-06,8.39247524505824e-07,0.0002721140432065042,4.744958576405635e-06,0.000529919030862798,0.0011697791030915962,0.0010648567731899189,0.0013603484372662388,0.0018893614614414564,0.001202925056389446,0.0008021070713593967,1.0,0.000657010789625074,2.660756542794138e-06,8.605614677829251e-07,0.00019641485670683184,0.00016246774449884063,0.00033879614423353347,0.0013060512420560676,6.412349779992503e-05,0.0005923462005542231,0.0006679615838497469,0.005003068155019731,0.0008623245510953843,0.0008263157096974243,0.00020759185116661207,8.236875675734968e-05,0.0009699419487779357,0.0038712359086342536,0.0014680312425290585,1.9326406568672576e-06,3.5107046804942256e-07,2.9771139290453868e-08,2.1130116779145379e-07,3.785293497392033e-07,3.5383916367617595e-07,4.395171359883904e-07,1.2981925244860639e-05,1.0239063148065934e-06,1.4937999314629802e-06,4.799646538122821e-07,3.6950572833720836e-07,9.350244159152256e-07,4.6387488221880996e-07,2.274147135549044e-05,2.2049031162357073e-05,1.5730384986598546e-05,1.378371933869565e-05,2.787881351077276e-05,5.603905328248504e-06,5.546932653438999e-05,4.2453551235119726e-05,7.3542656953883915e-06,4.233075748529057e-07
CA1 LMR,1.7918409756206616e-07,1.2759575808930728e-07,6.965391404423829e-09,1.3075329523278934e-07,8.87453106478767e-07,1.169453439800491e-06,1.7915909909036464e-07,3.9329385026268645e-07,4.166754599657053e-08,1.8114884058978648e-07,2.0917158090755925e-07,1.5548547587863167e-07,4.183177173837856e-08,2.3248362536144744e-08,9.292710707341653e-09,6.948081118817133e-09,1.1670429753593587e-08,2.560214455324947e-08,1.724346984108853e-08,6.187557672162067e-08,1.8008340016427126e-08,1.1242264824498343e-08,4.570337405342385e-08,4.138455416408184e-09,3.582357257638463e-08,3.792685216472117e-08,4.314826911459322e-08,2.149198838796277e-09,1.295750404550818e-08,1.4141756958422824e-07,6.277100409258086e-08,5.803855899851863e-08,2.899786357733852e-09,3.4085739018225836e-05,2.9566023025812555e-06,6.495597738377854e-05,5.228180063355217e-06,6.189923360978872e-06,0.0001439542162099609,3.422584344373207e-06,0.0001321763297560116,5.591198165434183e-05,2.4792639196506477e-05,1.0,3.978322166496614e-05,1.3037744903218046e-05,1.2851367578962653e-06,2.695428500752932e-06,1.3510755844443459e-06,0.00015223941183079267,4.5900793095134054e-07,7.956691163118188e-05,0.00047306409723988475,0.0007697712065335894,0.00010750979574436495,0.00029087066199678105,8.707652900723013e-05,4.309591836074331e-05,7.163159791668333e-06,3.790805548706113e-05,0.00015987169049850295,1.089606282153831e-05,4.456055091004888e-08,3.793447887750872e-09,2.6954911831945742e-08,4.8044543100812605e-08,4.494131764574125e-08,5.579695719568347e-08,1.638586017425562e-06,1.2954092497093952e-07,1.8903957286348591e-07,6.098619325315635e-08,4.6917515338289955e-08,1.1849854354107819e-07,5.8899807707098074e-08,2.8719482637931115e-06,2.7841169424983404e-06,1.986306206945567e-06,1.7406800371214516e-06,3.5206969652144166e-06,7.074040875984556e-07,7.004167266342709e-06,5.361361081828053e-06,9.344532841670823e-07,5.373152368169188e-08
CA1 Neurogliaform,5.333220793663991e-07,3.759140505167954e-07,2.0197999386111108e-08,3.8987306486290987e-07,2.6145232460947105e-06,3.4627343991802684e-06,5.185633730205027e-07,1.1462686207181116e-06,1.2425477656521148e-07,5.459372931478872e-07,6.131435091842767e-07,4.572894929545508e-07,1.3882620361014374e-07,7.708523570649618e-08,2.96609160112135e-08,2.3008476327237914e-08,3.56370186727645e-08,8.571092623858286e-08,5.4534246090049445e-08,2.0254583409618123e-07,5.8096551663123115e-08,3.664808033290048e-08,1.4965558626537146e-07,1.2080076217276581e-08,1.0427388761583659e-07,1.2403300585214982e-07,1.3644605872507405e-07,6.8124151199881545e-09,3.80686486681965e-08,4.1922072700621273e-07,1.7313690304195464e-07,1.6903306660725036e-07,9.596826876413856e-09,0.00010493879965769784,8.788281836260973e-06,0.00022804635999973917,1.663370370121316e-05,1.9537703772438e-05,0.00040456537282902797,1.1146457758368974e-05,0.00043620577880133766,2.7020537686082484e-06,3.881951965199117e-07,0.001976975118640684,1.0,0.00015938544255598186,4.060255821633951e-06,8.380441506790848e-06,4.3337948572916176e-06,0.00048809700888919705,1.4427042759438818e-06,6.730658886780475e-06,0.0015549042585609454,0.0018670674620189299,0.0003151813545302859,2.3347644505380955e-06,6.780996041929241e-07,0.00010669976126020586,2.2538204241280257e-05,0.00011872448803862045,0.0004793574803672409,3.6285725595687744e-05,1.3729811645857492e-07,1.1690639065723114e-08,8.307509435220823e-08,1.4803259268609273e-07,1.3847697171982877e-07,1.7192117514088796e-07,5.047219078379479e-06,3.9906384730697756e-07,5.823657638207485e-07,1.8792074764329287e-07,1.4456356142025293e-07,3.651870513110039e-07,1.8148372093508176e-07,8.84658982689207e-06,8.57595413141093e-06,6.118455573044964e-06,5.361889163591017e-06,1.0844952789230578e-05,2.178982964222929e-06,2.157505393439764e-05,1.651484719650523e-05,2.8793907451241633e-06,1.655556873844437e-07
CA1 Neurogliaform Projecting,1.1055268285837837e-05,1.0294196645038967e-05,1.0669013942776621e-06,7.161160808807825e-06,6.0981119223081465e-05,7.468717042134274e-05,1.6520579761090215e-05,3.948759049369458e-05,2.2717091206305223e-06,4.8615891027037605e-06,2.4636774200313853e-05,1.5944336320230497e-05,2.5347382141575697e-06,1.7883801733290474e-06,3.862045220533339e-08,3.005421019776253e-07,9.112180743268548e-09,1.610781546459951e-06,1.981590737779936e-08,1.7615146163103953e-06,2.2957884740934839e-07,3.4771673908057313e-07,1.6230696124583078e-06,3.1079398769773815e-07,2.711848834094813e-06,1.1453403215769422e-06,4.852036831814554e-08,6.427195008887497e-09,6.481554212018777e-07,7.776576306158994e-06,2.5328884286008118e-06,3.9625196635552255e-06,9.620538442325554e-08,7.97836268550038e-06,6.325705649213575e-07,1.7407401992551278e-05,1.4752696920900354e-06,1.7790872973616573e-06,2.91325806229636e-05,1.0534975604743783e-06,3.2691616919682984e-05,1.1991633624703093e-06,4.435050506859814e-07,0.00013825651581235364,3.255135170995736e-05,1.0,3.992889867840896e-07,7.66829664062937e-07,4.2165924606675117e-07,3.530167485376636e-05,1.2662128076133615e-07,2.585099034514076e-06,0.0001135803266021682,0.00013515545495637187,2.2583493498152483e-05,3.2022536802652246e-06,7.905960210471723e-07,7.367435988618784e-06,2.061111186857093e-06,1.1313043044908329e-05,3.1071277192255234e-05,2.6535398227398108e-06,1.0832993977515214e-08,9.271265826285839e-10,6.606568909477221e-09,1.1687815996630307e-08,1.0885093464774975e-08,1.3528150561700828e-08,3.901657622479552e-07,3.1487352521472217e-08,4.558396170146154e-08,1.4785484934993441e-08,1.1356185069890689e-08,2.8869666795047365e-08,1.4256362793542345e-08,6.845273014455982e-07,6.634169881353521e-07,4.7332823650811047e-07,4.1488004165978447e-07,8.391420419684526e-07,1.6847517991760926e-07,1.669038891491522e-06,1.2778927931849665e-06,2.265425511369167e-07,1.3070930429294875e-08
CA1 O LM,2.94248137170062e-07,2.0745163098132706e-07,1.115047487317345e-08,2.1511583622237237e-07,1.4427352203810664e-06,1.9106691462219576e-06,2.8616614093776744e-07,6.326479042245759e-07,6.855875510085539e-08,3.0115836422929227e-07,3.3847168787512153e-07,2.52375197558673e-07,7.652020739568842e-08,4.247711074198377e-08,1.636858482520107e-08,1.2694112905135634e-08,1.9647500038553043e-08,4.728188874500774e-08,3.009168828892057e-08,1.117660267122213e-07,3.2062135836377974e-08,2.0219190121320067e-08,8.255884788541131e-08,6.664197228796081e-09,5.752197708232339e-08,6.843620018932042e-08,7.529008575443872e-08,3.759057202437311e-09,2.0995268572512034e-08,2.3128058210032402e-07,9.480047701938014e-08,9.324283557743907e-08,5.296862502019551e-09,5.785478259725192e-05,4.6802396904077696e-06,0.00012325528708211143,9.177052934858549e-06,1.0780365658071654e-05,0.00022236924599490962,6.263074943828799e-06,0.000235858037022017,1.5469940943085908e-06,2.51223341021102e-07,0.0010997199385196351,0.00020001638215733168,7.350877679298951e-05,1.0,4.621852261838589e-06,2.391679734405812e-06,0.0002682623890517981,7.95788942753871e-07,3.7628777014620754e-06,0.0008577980744175702,0.0009668739775134843,0.00016988559869971694,1.280043762893606e-06,3.7196116950186465e-07,5.644309533633566e-05,1.2433248872730554e-05,6.548884885773799e-05,0.00024586875173031114,2.002063462152433e-05,7.571047759562067e-08,6.446927915138859e-09,4.5813418926526945e-08,8.162976846939412e-08,7.636131629599507e-08,9.480298020184063e-08,2.782978949056996e-06,2.200461226820391e-07,3.2112127715729395e-07,1.036271243332157e-07,7.971732260333305e-08,2.0138581681910817e-07,1.0007636687395306e-07,4.877953798644039e-06,4.728715456733257e-06,3.373670778190849e-06,2.9565111823899537e-06,5.979837642499223e-06,1.2014686019529544e-06,1.1896322304577219e-05,9.106183660014613e-06,1.5878126887646716e-06,9.129263596210905e-08
CA1 Recurrent O LM,2.2152449858029242e-07,1.464277849634909e-07,1.0141522533354631e-08,1.4287969868839774e-07,1.0160579804906571e-06,1.3865848509432081e-06,2.1811987224704672e-07,4.588824085069706e-07,4.575908993319798e-08,1.8860040301759588e-07,2.333722110592612e-07,1.7128172717087347e-07,2.651669212384451e-08,1.4959194577735406e-08,8.284585131558026e-08,6.704816558987798e-08,6.520962570141862e-08,2.9014463681834094e-07,1.2302776619382108e-07,6.16013048564181e-07,1.6389695162262653e-07,1.2396552967593494e-07,4.1597019802851496e-07,1.6765620124932798e-08,1.5238098835462864e-07,3.4231919386640427e-07,3.0765744637225715e-07,1.5631996482248404e-08,3.177088253816014e-08,7.495616093236322e-08,1.6771831087393144e-07,1.1202509303284355e-07,2.978741526079907e-08,3.6979356815002146e-05,1.7169478370723347e-06,7.234602584324527e-05,8.281963246934114e-05,4.761089148087212e-05,0.00015422531738265563,0.0001297227600841691,0.00014152895800164855,2.0742126283055504e-05,1.1602076509031087e-05,0.00044635714881800825,8.834832409572919e-05,2.986904072734837e-05,1.6211609609912054e-05,1.0,2.611458046829557e-05,0.00016860075879383297,4.690904582985734e-06,2.1914422323992123e-05,0.0003131044381515766,0.00046297125879712756,9.566280248226848e-05,1.8503570063734164e-06,5.221229248193353e-07,2.0985469008547633e-05,7.753657497596827e-05,0.00031872054989584927,0.00014505940970031898,6.3569044135863855e-06,4.819087882005746e-08,4.098711542709302e-09,2.9116088486815956e-08,5.195904433479325e-08,4.859511766200182e-08,6.034011619569024e-08,1.7744512372116913e-06,1.4020321230375655e-07,2.045863664666259e-07,6.593788523934966e-08,5.073548491456129e-08,1.2805415889923398e-07,6.369287926385647e-08,3.1096907800730113e-06,3.0146879465262855e-06,2.1507947935787686e-06,1.8847808350091166e-06,3.8121512126815733e-06,7.660397259977624e-07,7.584204851851301e-06,5.8051700142406105e-06,1.0103271820359856e-06,5.810846805485172e-08
CA1 O LMR,3.908333713556926e-07,2.7618503262570315e-07,1.4874670685708543e-08,2.8569087513590724e-07,1.920680930683809e-06,2.5402495356564205e-06,3.819549335217055e-07,8.439375526601833e-07,9.10475310082642e-08,3.9916822222410083e-07,4.5138383749441875e-07,3.3565979325327203e-07,1.000034937887517e-07,5.548162059974574e-08,2.115064262006245e-08,1.6279278161905354e-08,2.6100291176278775e-08,6.052358802894963e-08,3.907255937988176e-08,1.4352793076975707e-07,4.1279814496565406e-08,2.6036755245952217e-08,1.0635290661466524e-07,8.92774539103289e-09,7.717172598941504e-08,8.79947050106441e-08,9.776645447887574e-08,4.877231034374702e-09,2.8155715560605222e-08,3.0818143316881706e-07,1.4065306442355025e-07,1.251843363755663e-07,6.756108714052402e-09,7.645658133161264e-05,7.150663001314486e-06,0.0001470542160317267,1.1884401019717738e-05,1.4009111277163583e-05,0.0003033586822978552,7.965745593859428e-06,0.0003042723079755475,8.645923989939268e-05,2.896739450848957e-05,0.00123218826843908,0.00011527709383779624,3.8472928280012096e-05,2.911834359108987e-06,6.069533971737193e-06,1.0,0.0003275715194575826,1.0382940250875941e-06,0.00017397792493077874,0.0011253651830086982,0.0021740523314998047,0.00026068832402029727,0.0005913450804499319,0.00015420505613950673,0.00010313620658389453,1.6207955123525032e-05,8.56055013116306e-05,0.000328866834301074,2.622099112448804e-05,9.997827933484523e-08,8.511728030512305e-09,6.048264171522276e-08,1.0779507803559157e-07,1.0083391701908176e-07,1.2518929097030643e-07,3.6760618701456086e-06,2.9062774653070027e-07,4.241166536210863e-07,1.3683464368215345e-07,1.0526725036695064e-07,2.658867511732665e-07,1.3215151316712197e-07,6.443110078945921e-06,6.246043442256697e-06,4.456192416871275e-06,3.905150339644555e-06,7.898552333303978e-06,1.5870193975053184e-06,1.5713544834558576e-05,1.2028018017120111e-05,2.0966313406854705e-06,1.2055481336677368e-07
CA1 Oriens Alveus,5.295381088233097e-07,2.0817239579750785e-07,3.003996045105689e-08,3.352855092448086e-07,1.4202929742991796e-06,2.496098541981982e-06,3.2976621958933526e-07,6.302442517300056e-07,9.520432513977024e-08,2.111024408980965e-07,4.122601161101955e-07,4.5784059758132583e-07,1.1633479173036398e-08,4.367713604393821e-09,8.354365392823535e-07,7.037239316378424e-07,6.494216202609829e-07,3.0368315946634156e-06,1.1445061049407274e-06,6.340185575976796e-06,1.8001554340515416e-06,1.181886250678246e-06,3.9435300572802e-06,1.6479068014570056e-07,1.5371760333344908e-06,3.661459018452041e-06,2.856901823816124e-06,1.461865292968628e-07,4.566951186251552e-07,1.6263112915256729e-06,3.082726785888238e-05,1.9549724889769937e-06,3.3980195619998386e-07,7.685049070330118e-05,3.9508158966619666e-07,0.00015777855799922774,0.00047202775752633037,0.0004499300236590087,0.0004022875355299694,0.0009386285130878829,0.00035790127814676657,0.00023166246983633354,0.00014828033682511403,1.4300858537105839e-05,5.646188619201546e-07,1.7777547768749612e-07,8.670160846795111e-05,8.119038233995055e-05,0.00014139318460015696,1.0,2.737112052254327e-05,0.00012024865303964343,1.7131511895545177e-05,0.0009846278557732557,0.00023812762040320692,1.2469132004214136e-05,3.4111620324248137e-06,1.8513804803155804e-06,0.0004920533177250326,0.0018944297816668792,0.00037894190381754434,4.749026432466605e-06,9.833847928317532e-08,8.319268859545407e-09,5.9003659703344704e-08,1.0603181622463498e-07,9.907308895881254e-08,1.2309929037496047e-07,3.648853064807771e-06,2.8738251398448107e-07,4.1919883266547635e-07,1.3435180866872786e-07,1.0347866451109319e-07,2.6245855150590284e-07,1.2990652988878822e-07,6.389829403571086e-06,6.195820816611695e-06,4.420210786927943e-06,3.872939191451535e-06,7.833346838954487e-06,1.5749909597780018e-06,1.558685863776085e-05,1.1928416498821509e-05,2.0586191443170665e-06,1.185699991020087e-07
CA1 Oriens Bistratified,2.9281502104864424e-07,1.922191311468568e-07,1.3947901077019882e-08,1.8529032987362527e-07,1.3335562714377228e-06,1.8247792594871641e-06,2.902582268564935e-07,6.06123122464448e-07,5.9383076240252936e-08,2.4158830291647066e-07,3.0584223294582726e-07,2.2464788295818808e-07,2.8100842072876733e-08,1.59123207493013e-08,1.2272071551295874e-07,9.91951579833739e-08,9.771993891871825e-08,4.3023160251361235e-07,1.82089164290834e-07,9.123500878392612e-07,2.4242481596792707e-07,1.8407523931164905e-07,6.159648848204106e-07,2.4831415790971095e-08,2.2586464686403404e-07,5.060625352888266e-07,4.5530139944193425e-07,2.3050101646139788e-08,4.818515980521398e-08,1.1249717428287917e-07,3.024965660717416e-07,1.6903833681999257e-07,4.401686067013949e-08,4.743338831055939e-05,1.5485661902550823e-07,7.545935340912333e-05,9.016927706695449e-05,7.091236885775433e-05,0.00021876738560758119,0.0002149580906978239,0.00016717693370283909,0.00011097905302284092,4.2874235732430256e-05,0.0003387281997700932,7.387947828316489e-07,2.4286388697262613e-07,2.4546402025554677e-05,3.0445756610063854e-05,2.9836804325455754e-05,0.00019342779915687753,1.0,0.00016607193128927226,0.00034079881193264374,0.0010922499509541355,0.00014021631366149662,0.00041151237255491904,9.90715625909401e-05,3.8443949541546416e-05,0.00016432753631644256,0.0006591972307716206,0.0001700624816045834,6.528811872123289e-06,6.164576660982057e-08,5.2392312151803564e-09,3.7209496348372116e-08,6.64663883933037e-08,6.21543086686635e-08,7.718416307144254e-08,2.272287672696005e-06,1.7946106739246282e-07,2.6185661700055444e-07,8.432862658032606e-08,6.489587713461277e-08,1.6387067311017908e-07,8.146973587054123e-08,3.981652265734903e-06,3.86013473726323e-06,2.753956098117231e-06,2.413283064550191e-06,4.881093073266873e-06,9.809336767670254e-07,9.711109238479737e-06,7.432935255095083e-06,1.2921197428044832e-06,7.433179282767128e-08
CA1 OR LM,2.3047561595738806e-07,1.5994138002406166e-07,8.332977620485295e-09,1.691567272255428e-07,1.1121485211771165e-06,1.4836821559655505e-06,2.1787108591999184e-07,4.802551078801609e-07,5.39160347938952e-08,2.414176535476322e-07,2.593419057799682e-07,1.9637738145122582e-07,7.082603547868253e-08,3.919962655930321e-08,1.3625792802469812e-08,1.109067955809756e-08,1.6292082059218903e-08,4.19048250218669e-08,2.495880425928759e-08,9.593604773850946e-08,2.6972068610985085e-08,1.7351388983125875e-08,7.154767015131614e-08,5.136494716575556e-09,4.425988401583029e-08,5.8865126350166794e-08,6.244567918014475e-08,3.124791323775364e-09,1.648585952079505e-08,1.8145848593635222e-07,8.792520843063339e-08,7.200149805215749e-08,4.57427606050808e-09,4.7974274075271686e-05,4.22558468030318e-06,0.00010967945696518397,7.608633629651728e-06,8.927444261900021e-06,0.00017462707399226856,5.135944406190242e-06,0.00020287734248367368,1.2484103223361812e-06,1.8903691502386625e-07,0.0009094952416246071,0.00018090894710124218,6.425267583803592e-05,1.8574420559006501e-06,3.832271577213684e-06,1.9830400383517636e-06,0.00022398789347321006,6.597831738498757e-07,1.0,0.0007885760310841034,0.0009393288358312256,0.00015766729660536395,1.0695313659171834e-06,3.10092069967712e-07,4.2651437697477325e-05,1.0309163063831971e-05,5.430184074052056e-05,0.00021584379652949,1.8741421582718783e-05,6.27633535052818e-08,5.344043170895909e-09,3.797517677305771e-08,6.76704347818195e-08,6.330202979820911e-08,7.859058409190668e-08,2.3073202275179324e-06,1.8242821213083993e-07,2.6622258642476857e-07,8.59040939201712e-08,6.608449460630492e-08,1.6693586323705468e-07,8.296184739668751e-08,4.044180698108183e-06,3.920463269228635e-06,2.797027325920846e-06,2.451164840572111e-06,4.9577239778213535e-06,9.961146708232836e-07,9.862949365709332e-06,7.549691523243918e-06,1.3162541659959077e-06,7.5680774576451e-08
CA1 Perforant Path Associated,0.0001305728318083881,0.00010721602348421445,1.2228889919113504e-05,8.481075658619862e-05,0.0006720445278696156,0.0009106246934664431,0.0002458952311774021,0.0004367795345629803,2.6850306986540818e-05,5.824501937717521e-05,0.000192362027111944,0.0001552092886906325,4.762152830586871e-05,2.566865899061225e-05,2.6205676280034085e-07,3.334155917034857e-06,6.774349686046133e-08,1.8142768098673532e-05,9.023343604924507e-08,1.893544856897528e-05,2.169555003059999e-06,3.848395398007935e-06,1.8285207036942585e-05,3.6341680146774287e-06,3.1706815199809055e-05,1.231657669576939e-05,2.2666195432921282e-07,3.3313403050488704e-08,7.543026614260932e-06,9.136769039977533e-05,6.834512815457405e-05,4.603637042559127e-05,9.896800591905877e-07,0.00016062784566156545,1.2317665931218749e-05,0.0003578403520355734,2.8188450748719052e-05,0.00012932208759866475,0.0006335286858813292,1.858332182876424e-05,0.0006636544904405514,4.189734164128905e-05,1.0146569068103604e-05,0.002907605739889805,0.0006422054531898079,0.00020536286815945663,7.280787370823398e-06,1.4538889677997306e-05,7.71488389044846e-06,0.0007355467010901008,2.4392287518179303e-06,0.00010732012414385653,1.0,0.002444541315595452,0.00042364076258227866,0.0001199186141937505,3.198186108878856e-05,0.0001504573542171868,3.89803761805179e-05,0.00021000161852686668,0.0005259632089996724,0.013791598653083251,2.2751817032956503e-07,1.9359106360342727e-08,1.3826906391110193e-07,2.454517333818218e-07,2.2692985541722536e-07,2.842300420855825e-07,8.03645258488473e-06,6.58463995874685e-07,9.542130323134479e-07,3.074398687152481e-07,2.3818399409419288e-07,6.034093812954615e-07,2.989815981265307e-07,1.4075956338911457e-05,1.3636015495434938e-05,9.729505228413497e-06,8.530854852073113e-06,1.725486307868444e-05,3.4619116248382196e-06,3.430716876002609e-05,2.627794830131249e-05,4.710517599227009e-06,2.7451244622411446e-07
CA1 Perforant Path Associated QuadD,3.2580029026397084e-08,2.9123819092300378e-08,3.001889072695705e-09,2.4019845856219254e-08,1.8616124788020352e-07,2.4719479317757696e-07,6.337345290173082e-08,1.1596114047075527e-07,7.610854291122088e-09,1.741818356509126e-08,5.206409360273702e-08,4.2133236455697135e-08,1.1398071914820792e-08,6.148012706590195e-09,1.6277150524053234e-10,7.645918760284395e-10,1.2548679404632245e-10,4.409893222841802e-09,3.5250679607434207e-10,3.789845086739969e-09,2.054817844288652e-10,8.033803033944169e-10,4.124947229002542e-09,9.86010571924684e-10,8.589706139131605e-09,2.5479674070472743e-09,8.814251321314384e-10,3.23160798409246e-11,2.0988155644128275e-09,2.5734695120699125e-08,2.209296523729658e-08,1.2738376636781486e-08,2.0942688822900597e-10,3.376976067485623e-07,2.196709747557589e-08,1.8759452382860475e-05,1.0390681555344448e-07,1.4418953900304256e-07,3.520687131575162e-05,1.298850130238996e-06,3.5213965048352946e-05,6.140051757414481e-07,3.9167098968342017e-07,0.00017138743187417038,3.554510190258598e-05,1.1850202531837997e-05,2.345487753634523e-08,3.7950381913352297e-08,3.0015248778072436e-08,4.108259479324028e-05,7.632981084621172e-09,6.037485097788571e-07,0.00011890696004379642,1.0,2.2345874693796564e-05,1.566408895780659e-07,4.5716840249749074e-08,7.576703677458774e-06,1.279554325885167e-07,6.105274712718543e-07,3.0650671673293495e-05,3.3105502656357516e-06,5.518663080241765e-10,4.71452658376288e-11,3.3619331007417496e-10,5.95407822019853e-10,5.501650232714012e-10,6.895469474547896e-10,1.845418720075905e-08,1.568047757181927e-09,2.271990628662555e-09,7.403875572496435e-10,5.776807590930306e-10,1.4370642920110296e-09,7.250946297938125e-10,3.21864707802217e-08,3.123662130885408e-08,2.2282453168672294e-08,1.95102151676932e-08,3.945669069432083e-08,7.957935172759593e-09,7.857588033788965e-08,6.007323844263114e-08,1.1338157522185746e-08,6.661906025221062e-10
CA1 Quadrilaminar,1.5837274419512816e-08,1.0106802484363983e-08,7.033544049893483e-10,9.936176407907374e-09,6.999596157609996e-08,9.719066347567788e-08,1.4790848165941839e-08,3.120923380159332e-08,3.185538053109366e-09,1.3257531626251551e-08,1.5897390812349878e-08,1.1638626784377623e-08,2.214817792090893e-09,1.2435883341966438e-09,7.396319952769905e-09,6.121520202029501e-09,5.659402910947095e-09,2.632714852232636e-08,1.0558840917446147e-08,5.556160809046025e-08,1.5351894477009116e-08,1.0690210350014658e-08,3.595998543650403e-08,1.4687812450311653e-09,1.3455936134490422e-08,3.1621581109875505e-08,2.6384219055743308e-08,1.3459674777386168e-09,3.2391509771421507e-09,9.398235818631077e-09,1.45310163554204e-07,1.3200109491366126e-08,2.8463050677704025e-09,2.743199605382317e-06,8.581913595753393e-09,5.1522819186808955e-06,3.2010151255854294e-06,4.086969258082289e-06,1.1901731364965665e-05,5.972406147848759e-06,1.1248805061777252e-05,5.584990526184459e-06,2.963931745947523e-06,3.1440567680053014e-05,1.9933040567481054e-06,6.184699924362657e-07,8.217721001746431e-07,9.55884661959638e-07,1.1047807578772612e-06,1.2250242633133389e-05,1.9727185058606994e-07,5.887580219998014e-06,2.5975261188644858e-05,5.573132043335799e-05,1.0,1.6515781233407708e-05,4.68896297142115e-06,2.4913892247810045e-06,4.976495929451084e-06,2.0910517179934334e-05,1.3358832301471575e-05,5.466364350312292e-07,3.5699063526550796e-09,3.0350530357444194e-10,2.1557583055992558e-09,3.849057361416283e-09,3.5996024049911787e-09,4.469817857065653e-09,1.3152436055590467e-07,1.038953533640627e-08,1.516011798275459e-08,4.884021334224178e-09,3.758262373555297e-09,9.48681166256109e-09,4.718090237572619e-09,2.304806041270323e-07,2.2344267207034746e-07,1.5941227386639547e-07,1.3969428502669134e-07,2.8254504726876745e-07,5.677907498214166e-08,5.62125372213767e-07,4.30260811022502e-07,7.483503735987973e-08,4.3045688871843065e-09
CA1 R Receiving Apical Targeting,4.6601345431235167e-07,3.350647108845661e-07,1.864312094530617e-08,3.4007668999797413e-07,2.3303882119384243e-06,3.0581519859211005e-06,4.798327301488229e-07,1.04431948333935e-06,1.0832507659217484e-07,4.6553240245671857e-07,5.512216867834952e-07,4.1277898306502326e-07,9.475715998707987e-08,5.2823562687660624e-08,2.3429786290471457e-08,1.685307784255954e-08,2.9083863830639105e-08,6.129591800716834e-08,4.349010143257203e-08,1.5245640241425465e-07,4.5100525940462844e-08,2.7659131304137137e-08,1.1142530844239247e-07,1.0830545591639841e-08,9.378033809886201e-08,9.32115813311134e-08,1.0882417296558172e-07,5.412978190595213e-09,3.3463566952702605e-08,3.6677059080523697e-07,1.3351926071228312e-07,1.5151642048708096e-07,7.144597620681177e-09,8.51431177183296e-05,6.486909051725261e-06,0.00015733588823470382,1.3191425706169154e-05,1.5623761606463655e-05,0.0003508402787163459,9.266454071531764e-06,0.00031078004487716224,0.00010932253874469241,5.058791242818478e-05,0.0015367984371351011,9.916320044153509e-05,2.972155473191878e-05,3.2380994708050954e-06,6.756908236176273e-06,3.4194991072799294e-06,0.0003805896276863918,1.1540351254932395e-06,0.00014461702399651334,0.0010794135376730831,0.0013116446925390815,0.00021997067710000096,1.0,0.00015919003886293332,8.380533332046245e-05,1.8023018564827e-05,9.525139860385724e-05,0.0002960919636380411,2.438741388201365e-05,1.1141634882614595e-07,9.487336864126769e-09,6.741912778151201e-08,1.2012725314847132e-07,1.1237387514696434e-07,1.3951299958307849e-07,4.095484243337822e-06,3.2382379430504224e-07,4.7256717290709226e-07,1.5249821079260167e-07,1.1731272040475857e-07,2.963580668676212e-07,1.4727327042079151e-07,7.1784657398712525e-06,6.9588503009728945e-06,4.96474512951897e-06,4.350843968771568e-06,8.800013999642185e-06,1.7681026593891789e-06,1.7506809260270766e-05,1.3400787916235602e-05,2.3366333363394654e-06,1.3434721364453824e-07
CA1 Radiatum,5.317808199835167e-08,3.695313548395524e-08,1.911638405879562e-09,3.8993211035697246e-08,2.5714909258183655e-07,3.421126369089058e-07,4.9974509586562635e-08,1.1063671292289383e-07,1.2427033368374333e-08,5.5730606851005483e-08,6.007586692910351e-08,4.5242480978737845e-08,1.6400542242442077e-08,9.065313807828933e-09,2.9242289933740736e-09,2.3664318081902803e-09,3.8402433516405645e-09,8.942600949490755e-09,5.4372252339870464e-09,2.0404116546881564e-08,5.740736824653938e-09,3.7281644616407455e-09,1.544898327628889e-08,1.2148363899761648e-09,1.0519035775242987e-08,1.2591255853516297e-08,1.360616689700481e-08,6.795512301095563e-10,3.939268397637673e-09,4.2315117257404193e-08,2.851396239865934e-08,1.7162003660916286e-08,9.555388709076365e-10,1.1147114647114265e-05,1.191558562332884e-06,2.5234553244546376e-05,1.638009781714371e-06,1.950127448407408e-06,6.58597371423486e-05,5.79283615989462e-07,5.3659160317076626e-05,3.475279652520591e-05,1.554840854756101e-05,0.0002364284195430777,3.236049691664536e-07,1.0520266432068059e-07,4.062526299722328e-07,8.687000243777299e-07,4.191217051662795e-07,6.241253642413902e-05,1.459856009535117e-07,4.577633350644206e-05,0.00018358069894741647,0.00031236526792000063,3.9497180461145476e-05,0.00017939081762063935,1.0,1.7641539673762807e-05,2.273665683180774e-06,1.2108219865212554e-05,5.807800680179831e-05,4.362962494174558e-06,1.4503400627120631e-08,1.2331183009654406e-09,8.758627388913462e-09,1.5637515756426334e-08,1.4623813285764747e-08,1.8159391000047708e-08,5.342984409261798e-07,4.220853826288813e-08,6.158873999314179e-08,1.984170290105514e-08,1.5268503357273252e-08,3.85413839646344e-08,1.9167945707729104e-08,9.362619246623264e-07,9.076803339265425e-07,6.47571917158751e-07,5.674687766847646e-07,1.1477594868882966e-06,2.3065505037830656e-07,2.2834927540163672e-06,1.7478112786953915e-06,3.04022852117424e-07,1.7488109806933917e-08
CA1 Schaffer Collateral Associated,2.305042400113915e-06,1.3889345607313434e-06,1.1624901051528029e-07,1.303563473162185e-06,9.565833998825422e-06,1.3628087913956968e-05,2.1395223763760922e-06,4.367438559862221e-06,4.1910418100750245e-07,1.658703401319375e-06,2.1469082457941458e-06,1.5382165414917108e-06,1.2371965480104855e-07,7.236175065691468e-08,1.631138567474007e-06,1.3865918041288796e-06,1.1906152294060565e-06,5.886060649472901e-06,2.1627752761107334e-06,1.2386833354266926e-05,3.658172671156327e-06,2.193474178597831e-06,7.379103143471955e-06,2.9742749042623136e-07,2.7724942677059602e-06,7.327084342893089e-06,5.395981835638425e-06,2.773043049636933e-07,8.493044337753064e-07,2.7949208560424562e-06,9.260572397710197e-05,3.9179334449953204e-06,6.963176150702714e-07,0.000354264855592642,1.1585597566392273e-05,0.0006531678110572226,0.0004244062413354847,0.0008376755539088302,0.001596417752681575,0.0006847643832237949,0.001348117854706409,0.0008503893446676742,0.0005204431628416799,0.002009784983996427,3.899644737162542e-06,1.276275548390988e-06,0.00011547196620042158,0.00011312013685508971,0.00016035081723426853,0.0015086545301289795,2.453600297589817e-05,0.0006640585522689943,0.0016285611901519677,0.005855697351660408,0.0009377528624586735,0.0017381452262849872,0.0005188880583404194,1.0,0.000536109150509182,0.0024540411100253696,0.0014902523308554319,2.269468527069981e-05,4.6076784634157454e-07,3.916357631397348e-08,2.7815763208664367e-07,4.967983057908748e-07,4.6458956670420304e-07,5.769152736086015e-07,1.6981975791472705e-05,1.3412327434510063e-06,1.957078924583135e-06,6.303560980881296e-07,4.850723352653454e-07,1.2246993095953492e-06,6.089557415386925e-07,2.9758740858978144e-05,2.8850065879916065e-05,2.05827010834547e-05,1.803677363815663e-05,3.6481099133671065e-05,7.331114121654119e-06,7.257947648662235e-05,5.555356881090702e-05,9.658589372993456e-06,5.55589405353319e-07
CA1 SO SO,5.102716761815008e-07,2.4174096249087395e-07,2.87411582168495e-08,2.3912441219182946e-07,1.660666830160104e-06,2.6385239182676213e-06,3.860396716718111e-07,7.412933674113716e-07,7.0002753960785e-08,2.561630107517542e-07,3.356017696860725e-07,3.159679231184563e-07,1.0465363814263267e-08,3.8552614463960545e-09,5.960679908815103e-07,4.861446233409063e-07,4.958652005212242e-07,2.135232050476818e-06,8.751715103639206e-07,4.46697425599097e-06,1.1809572965330358e-06,9.062819573793928e-07,3.004473110229143e-06,1.252993525659563e-07,1.1596988119671559e-06,2.46865226671536e-06,2.1874378796392154e-06,1.1090921190353845e-07,2.9004982118160065e-07,8.950949843390818e-07,1.015879653024546e-06,1.0619603227283836e-06,2.1653737182446936e-07,7.117936315129472e-05,2.997780810742992e-07,0.00012924822093349897,0.0006501013798019847,0.00034642811854760936,0.00030922407934291205,0.0007646916839088324,0.00024422336032218285,0.0001563353579845286,9.785074910725274e-05,1.2650226012884293e-05,4.940831926381773e-07,1.5921621322424887e-07,0.0001221777429201912,7.739799622380314e-05,0.00021129922526145573,0.00028899499408162923,3.602315358419396e-05,0.00016306693160496292,1.384253780252183e-05,0.0006862966177844733,0.00016570442905167957,1.0147734939235425e-05,2.8192674733582313e-06,1.4776312811775793e-06,1.0,0.002134704462763838,0.00025605251375632984,4.284084519892318e-06,9.15946583393476e-08,7.76174234240009e-09,5.5076835694952113e-08,9.875925433489776e-08,9.230486380315942e-08,1.1466635254861478e-07,3.390498281891347e-06,2.673017024795955e-07,3.899510135217637e-07,1.251961743557478e-07,9.639740768673608e-08,2.441051074058101e-07,1.2101666294735216e-07,5.9387302654181314e-06,5.758078140903014e-06,4.107953082747258e-06,3.5995039786064517e-06,7.280314114385943e-06,1.4635416849174367e-06,1.4485707545381669e-05,1.108634535120062e-05,1.9183234058554834e-06,1.1044059513361156e-07
CA1 Trilaminar,1.9128072402769215e-06,1.0234333147085572e-06,9.998343153159047e-08,9.368541720215092e-07,6.9938794875349e-06,1.0553741437590135e-05,1.5898756176729914e-06,3.1670222590164133e-06,3.0283515859092824e-07,1.1701190483400516e-06,1.5076998440484012e-06,1.084091341133309e-06,5.625111464026053e-08,3.477719234939579e-08,1.951478557745846e-06,1.6806048340280904e-06,1.4038664255985068e-06,7.114747360636985e-06,2.5155340559147357e-06,1.491274716416752e-05,4.494504145966445e-06,2.5640141042740074e-06,8.62973153498002e-06,3.5082913505673285e-07,3.302906263124386e-06,8.936434908183914e-06,6.272139784014022e-06,3.2346166476104265e-07,1.1005361365164537e-06,3.955350916844941e-06,0.00013612159189275067,5.237749269320344e-06,8.641139006721271e-07,0.0002882360631281948,5.178962297096206e-06,0.0005898763013477476,0.0007281566032182797,0.0009756894395148153,0.0013627830859042288,0.0010734808273139232,0.0012401428009362729,0.0007632424408484334,0.00047617896371034336,0.0011376169593050832,2.4542084801057067e-06,8.129343361263069e-07,0.0001138157836629809,9.359108092830695e-05,0.0001943485873560665,0.0013918694584885674,4.065369687756524e-05,0.000393722916589106,0.0008525567917637133,0.004393061466723636,0.0008202881920054638,0.0008309162328112013,0.0002552594562896587,9.2346516322213e-05,0.0005419875182571761,1.0,0.001371168422735674,0.00012733051319084522,3.7344800907619805e-07,3.170534150950155e-08,2.2511018012206094e-07,4.026535161810801e-07,3.7647396373047974e-07,4.675597980452369e-07,1.3786474101154922e-05,1.0880964001904703e-06,1.587591976677569e-06,5.107383253943994e-07,3.9310506541570926e-07,9.935956353930337e-07,4.935010789271526e-07,2.415541086940989e-05,2.3418758101497273e-05,1.670770805438575e-05,1.4640648411274308e-05,2.961207564899554e-05,5.951434428838185e-06,5.891545917241248e-05,4.509319362393948e-05,7.825775463140777e-06,4.502948291353582e-07
CA1 Radial Trilaminar,2.3090835830395051e-07,1.3283843245737116e-07,1.1877968019066282e-08,1.2331634678814124e-07,9.155565621707493e-07,1.3283420700131392e-06,2.063966672576103e-07,4.1642580491082766e-07,3.977920059444648e-08,1.5505957828146838e-07,2.0151817018709962e-07,1.4456311782820367e-07,8.402185543386546e-09,5.080122180510519e-09,1.8258562183507008e-07,1.5183516115542074e-07,1.4223619551662387e-07,6.549656958856114e-07,2.5556562783639424e-07,1.3760605849984867e-06,3.850490966044381e-07,2.6150842148671297e-07,8.734075313007869e-07,3.566943315921973e-08,3.310092028712847e-07,7.870980167550363e-07,6.382611696350249e-07,3.254225377610274e-08,9.03141134673735e-08,2.793877855175759e-07,4.978020816929268e-06,3.69165722269537e-07,7.195122287916617e-08,3.4524202244425576e-05,8.265840696645833e-07,6.0918936276882496e-05,8.971760459869572e-05,9.998265373832875e-05,0.00015324759715731125,0.00012581904084477564,0.00013411128230833395,7.995210156578312e-05,4.832941270472164e-05,0.00012678962056787593,3.52584931549676e-07,1.1519879827000344e-07,2.2239454988371945e-05,1.718376016321806e-05,3.552651170796265e-05,0.00014330178045865428,5.1783726520085116e-06,7.7944265737832e-05,0.0001199510543207678,0.0005627545504720537,9.300866965709519e-05,0.00014578924536816536,3.6378821746375044e-05,1.2659361081135412e-05,9.624198119303226e-05,0.0004367126695625659,1.0,1.189375087839804e-06,4.479551119630262e-08,3.804928027000292e-09,2.701882862364448e-08,4.829860977166977e-08,4.5161609376862126e-08,5.608542300701455e-08,1.652558467074927e-06,1.3046746313396838e-07,1.903638791335042e-07,6.127060314702692e-08,4.715522362597926e-08,1.1913487339361963e-07,5.919828965724051e-08,2.895596179158631e-06,2.807256816402444e-06,2.002792454131648e-06,1.7550253422263473e-06,3.549703523240549e-06,7.133938156066731e-07,7.0623306738669635e-06,5.405486697793574e-06,9.388161601085267e-07,5.401363127908355e-08
SUB CA1 Projecting Pyramidal,3.3076858127920257e-06,2.6441301979203064e-06,1.2998268772784732e-07,3.8083698505668594e-06,1.7817642839286447e-05,1.3499699736248606e-05,5.623071487272187e-06,1.1928719164361787e-05,1.117116110017191e-06,2.0083542630351255e-06,6.320594776968838e-06,6.27539185927095e-06,8.795148812043693e-07,4.892389451877821e-07,8.928544746879314e-06,8.277305851876425e-06,5.285806665773469e-06,3.383134155129987e-05,9.4655051011847e-06,7.03873352325833e-05,2.418053518069465e-05,9.576105691786714e-06,3.302437193924422e-05,1.3755392445950909e-06,1.3257773496061235e-05,4.601076199340152e-05,2.3497172435860413e-05,1.2593495846938098e-06,6.3776790295869566e-06,2.827100974231279e-05,0.0014055437673261243,3.689042904507163e-05,4.87177250673372e-06,0.0007728812415580976,5.901036713864945e-05,0.0013095747874429116,9.876751086779234e-05,0.0035709221668737976,0.0017394229339251328,6.563703360854696e-05,0.0022796200259965053,0.001044151516390983,0.00020588719250989033,0.0037631904484115197,0.00074384585713488,0.00016246584740914785,2.2279217396781693e-05,5.182703933588553e-05,2.3252173645363795e-05,0.0021400619526343125,8.965114423624795e-06,0.0028306001973047146,0.010065321644928725,0.021813308450553782,0.002107570250047101,0.0033200961933097027,0.0009108180741357621,0.0011801110433869544,0.00013539596366498333,0.0006904158952576237,0.0018121466344778279,1.0,1.0069512999991305e-06,8.558492959400502e-08,6.07918669629745e-07,1.0856858850647478e-06,1.0154113872227357e-06,1.2608100435272958e-06,3.71124176111776e-05,2.9307894345962764e-06,4.276798188289454e-06,1.377810195071325e-06,1.0601264683661161e-06,2.676050779848333e-06,1.3308743196783194e-06,6.504617920252072e-05,6.305712652277677e-05,4.498758122457067e-05,3.942432482368812e-05,7.973959476237108e-05,1.6022001445909432e-05,0.0001586364805820047,0.00012142842635121216,2.1111422685028066e-05,1.2141726706428177e-06
EC LI II Multipolar Pyramidal,0.021963686643618547,0.017698602640119653,0.0017263955703534098,0.019361667261760595,0.1264980731351834,0.25769381759424315,0.04036347840793248,0.058065820646599355,0.006218675782598593,0.01574859850988784,0.02619043940390921,0.02296488971831862,0.003916749688360072,0.0013170930731809239,0.014971936440377503,0.002829190354688455,0.072125770300167,0.06290211928399246,0.0025528019971256186,0.09610316776320327,0.02172634181854257,0.03727991239385232,0.014372900977462744,0.000786892094392191,0.011135840529605798,0.009181482282102723,0.005407693779174546,0.0006551938464802609,0.027245990190710515,0.08594416713755765,0.03571802516715493,0.028828281500112383,0.0034136240583799112,0.024093230824790677,0.0010224650755581983,0.054258167017786865,0.036558825943079694,0.052128583191652166,0.06015133076301926,0.03693473788759645,0.08811601632825374,0.015711044841227467,0.005660228562927186,0.10204313049334374,0.09252338392007652,0.01097692376323861,0.015331627478548458,0.02257422141585058,0.014608725108694091,0.06720439938620515,0.00288519300881174,0.050277351473179896,0.235994352419287,0.25312389480875797,0.03195114086663886,0.07158560108106572,0.013945657943746402,0.016570477503940317,0.059650007881741685,0.39689579521128404,0.018851193990970322,0.0035083172609346753,1.0,0.02572071638364866,0.1554453243360059,0.22782382327576356,0.19926849441693611,0.27057048631171426,0.08883225467555499,0.16337410229011878,0.13788173461127284,0.2750465457664092,0.22354251264013586,0.17725310058774127,0.27445266982094224,0.06278234624230085,0.005146069776751905,0.00963286222676646,0.02958401198978105,0.030399480088100582,0.016501542046347985,0.022818693460236468,0.005842086944784702,3.7713090142087116,0.2642767079461221
EC LI II Pyramidal Fan,0.0502230914276583,0.0336441604881739,0.004332127775567894,0.033995169386224364,0.22410873771861597,0.5865307476349376,0.08771083566659908,0.10948338337562341,0.010772747936477084,0.02421885212115091,0.046454638234170634,0.04033699312307735,0.011153124837029378,0.0037783044584796346,0.00391247994044007,0.001799268162045468,0.018082675489567802,0.022249765506350386,0.0007461258982304597,0.031194956337242535,0.0063578321708107205,0.010739134514944649,0.009545559268573865,0.0014573238969515785,0.013408865778463579,0.0065370049623500095,0.0016147577687030288,0.0001946825203440111,0.009441569131143173,0.05229633861370481,0.01909635433249354,0.02193072918211654,0.0012513335188474983,0.007307815888349763,0.00030964500566900476,0.01471549709296435,0.010340488530915608,0.014726336602868768,0.02155357316180624,0.010235726812109486,0.026106807846058955,0.007877337202434321,0.003020946260620912,0.029003512321012823,0.017531466951316566,0.006456372100104764,0.00433794566313806,0.006397957586202229,0.004164467366940573,0.020676562742321776,0.0008200846737708921,0.021082144937504866,0.0693060487359461,0.08148289756918678,0.010221444494257532,0.03125124669181725,0.006756744260348369,0.005954477087323629,0.016904384297568,0.1122402638422575,0.006685667179064667,0.0051526497890154056,0.06947739729382749,1.0,0.03300918678869018,0.055685537667706286,0.03607771071132481,0.04443770971323168,0.016607588200110667,0.029068827291104736,0.035294362690111485,0.04350705398827134,0.0359850035523084,0.03200556987606183,0.0491230925353775,0.011820090712046627,0.0013220224018287592,0.002311871780799099,0.00843579835077299,0.006620905721858561,0.004805940504632072,0.005695731184459987,0.0016782956870147858,0.6982355751716248,0.048141136651768925
MEC LII Oblique Pyramidal,7.573195927026341e-06,6.23133559959172e-06,5.698049562693794e-07,6.759904715381649e-06,4.391157019038323e-05,8.452914599321333e-05,1.3438941677928772e-05,2.0465616527375567e-05,2.1711086851230602e-06,5.795294450343145e-06,9.333466113707055e-06,8.026575479823899e-06,1.180934397359496e-06,3.9218923999470103e-07,4.812647291230245e-06,9.374143800019197e-07,2.3105262908958896e-05,2.0607808894460536e-05,8.246734126215442e-07,3.125130372370759e-05,7.017472912545025e-06,1.1989700753740039e-05,4.758461600446165e-06,2.734558095470677e-07,3.7887828807143632e-06,3.0361032591321864e-06,1.7428035779809146e-06,2.135882536069969e-07,8.970810255358615e-06,2.865997484760399e-05,1.1856174237972501e-05,9.68942061487109e-06,1.1402339107406048e-06,2.7689896903479836e-05,1.2386928836483665e-06,7.306601969990678e-05,1.5202171974102281e-05,2.0880068542487695e-05,5.750516328430064e-05,1.4651690689439884e-05,0.00011504651974497304,5.808565265673073e-06,2.0484605804307075e-06,0.00013643274757721722,0.00014810947322619318,1.5007520157195106e-05,5.812691015719711e-06,9.016475219593889e-06,5.632032545681675e-06,8.30349502629775e-05,1.22429670020782e-06,1.7974554155830142e-05,0.0002933350138029601,0.00024789289495911316,3.8215731334719644e-05,2.386958982706121e-05,4.644870353792772e-06,1.6004749608720373e-05,2.391868878914746e-05,0.00015306387866472404,2.2923998832880972e-05,4.25606429588906e-06,4.216007279830824e-05,3.1659843094319296e-06,1.0,6.872477984640623e-05,0.0002604410701074598,9.837351881351242e-05,1.3977412827096477e-05,1.7357521323387545e-05,0.0033396637836808065,0.00042032171772371507,9.334738832039719e-05,0.0003283076557311133,8.44473493031395e-05,9.451913265042235e-05,6.633330720498379e-05,0.0004760503774511135,1.5380983100091065e-05,9.722438040268064e-06,0.0005393325275764128,2.130373562544395e-05,7.928826306932154e-06,0.006381632384191836,0.00023338722228169356
MEC LII Stellate,0.006999299253367563,0.006703078890621692,0.0005535261117292302,0.008521247219166084,0.053762980215668416,0.08709770839173692,0.014164345708534046,0.022039880190339933,0.002833157922473514,0.007388527953601335,0.010121683925242814,0.009479038446229474,0.0012651432503270345,0.000430349306650157,0.02933758702796318,0.0037215800206718886,0.14341581939991294,0.11630276628661121,0.004215700466055675,0.18154142617524516,0.04177845896410206,0.07296882483735263,0.01865765012811309,0.0002972288738564146,0.009630461902781386,0.011566932734078057,0.008908711774448215,0.0010718475567446754,0.049160346535605984,0.1282553411890201,0.0573766883795717,0.0340436398529009,0.005203021768503068,0.013691522652843824,0.0005266855022034388,0.019462504427516625,0.05456767596337818,0.07920155676471625,0.04558348287333948,0.05665669519751995,0.03518962630824354,0.0199093840131374,0.007079545510280071,0.03786033237473371,0.003761891374598823,0.0008701661605721317,0.02384386346231613,0.03427061384834095,0.022536701357582154,0.031267364653385255,0.004256585390112783,0.07041805463182733,0.11134871824723261,0.19055359314981923,0.016119124286052604,0.10279485273792237,0.019139547835748578,0.01235045949051491,0.09044111972488604,0.6125601755559311,0.00935391764812701,0.0023260611566664796,0.011216718112074519,0.0012352672769495494,0.017383464991799647,1.0,0.01781584629921953,0.009642774444913588,0.0027019862755580178,0.003545478142099204,0.02471789223777113,0.018841897792932005,0.008009106368786286,0.007742659343617568,0.011017690263812939,0.0045089300060127315,0.0025488164033603666,0.00871203377098115,0.01159016121165085,0.004492855370289832,0.008516588383368443,0.02428072107374502,0.0026783558191898487,0.32824650640736514,0.023624618744803646
MEC LII III Pyramidal Multiform,0.00065801430453263,0.0005074018244954054,3.8746775579415915e-05,0.0005119671263171287,0.0035166231225983043,0.0050242627382958,0.0009002413642922076,0.0017075279497893504,0.00016318867436166586,0.0005603075994044777,0.0008389998074789258,0.0006692791456684359,2.7700009361922884e-05,9.128611163452772e-06,0.00016841846369645383,4.355847165262978e-05,0.0008026909492856582,0.0007680008497394528,2.9089902140267822e-05,0.00114421791839233,0.0002517675778948091,0.00042913365564728955,0.00022457359025370398,2.152427523091569e-05,0.00023426081991228756,0.00014812925178876596,6.199145618127015e-05,7.505187084860973e-06,0.0003288802052156095,0.001279579310890165,0.0005008490006993357,0.0004846807499504538,4.1610046800257744e-05,0.0002365028249859294,9.96165540765297e-06,0.0004988453324405901,0.0004054823620950829,0.0005795847189507129,0.0006520952112998498,0.00040882261254367825,0.0008365884956075988,0.00021498138312754173,7.979050666950943e-05,0.0009532562484661748,0.0007473915622817148,8.585350447130654e-05,0.00017141687692870863,0.000251454431072369,0.0001634383925649913,0.0006516100620471656,3.197928245779069e-05,0.0006360947435120044,0.002259643967279614,0.002625759858341654,0.00031540926705758167,0.0009251358743078333,0.0001890749931544023,0.00017951188687486753,0.0006642183307430449,0.004431269962259023,0.00019330659643992555,3.417522273027461e-05,0.0011235619681429962,0.0001071794678411216,0.001596897540532472,0.002636170718985681,1.0,0.0011441214280587457,0.0002563362763216087,0.0003864749666148843,0.009675743978625213,0.0037545856137600423,0.0009337117162948992,0.0015341709982878305,0.0013114366112179803,0.0011470933452739104,0.0010085350294574695,0.005563307477198119,0.004100861581883973,0.0010449549866811752,0.004356195147993306,0.00978598216067363,8.865706874053525e-05,0.05377850912476966,0.0026239556887399248
EC LII III Pyramidal Tripolar,0.021633692026365406,0.01464604892768261,0.0018178669407426912,0.01492218469678285,0.09820401171283881,0.25227141957243926,0.03790019928651379,0.04793883350376031,0.00473080833032891,0.010754132797240188,0.0203612150481115,0.017809160649028356,0.0047322458997930755,0.0015977143202533972,0.0024029248245617685,0.0008730519869432089,0.011264065741979834,0.012545126647217825,0.0004442067526564189,0.017994094098344463,0.003776698975908123,0.006410430270601312,0.0046047783535231755,0.0006384703292413126,0.006040588960839282,0.0031285623948424327,0.0009553471031252516,0.00011532879648190605,0.005366209128923006,0.02614913356534555,0.009792865647787707,0.010361983963055467,0.0006984186539930265,0.004270814205385408,0.00018051045003894572,0.00883966222829126,0.006209818453743559,0.008853662319367562,0.012114800645492644,0.006186807321622853,0.015279827843770685,0.0040624691870855744,0.0015383647086752376,0.017204865435526993,0.011844673199825522,0.003091257565651962,0.0026058096133903153,0.0038385983219320612,0.0024958328686261657,0.012015751995598107,0.0004910230689252083,0.01134490439832931,0.04073845955973779,0.047123866373455524,0.005888967862032815,0.01666228076028714,0.003513275418656171,0.0033451849695810528,0.010147026768305154,0.06742754816995605,0.0037523263602014033,0.003305946852071677,0.03996366515424118,0.004034686151948496,0.022003305933603206,0.03489140928233978,0.02545564388785148,1.0,0.009957217041449348,0.019869401945897282,0.025627533470832495,0.025969117081200675,0.024782336215952012,0.021942875673631644,0.03492421881852178,0.008314690107043731,0.0008207236281987145,0.0014814401312423914,0.005490366435274517,0.00482966681754731,0.004273390112474731,0.003555610616236247,0.0010060718213527474,0.46282965913202667,0.03297879120537898
LEC LIII Multipolar Principal,0.00031453700147646407,0.0002548062174393819,2.5255248349229617e-05,0.000276389486203985,0.0017975172223155462,0.0037995085588340767,0.0005892780380924035,0.0008335255728526006,8.849598206421638e-05,0.0002187955672257738,0.00037196646442709763,0.0003264813488230141,5.9754575760340986e-05,2.005338949890702e-05,0.00015640946649522972,3.283631602864711e-05,0.0007496224891145088,0.0006787861386060624,2.7542929985525707e-05,0.001025800752818091,0.0002293187623051954,0.00039173688923174635,0.00016774496584908162,1.137727117307124e-05,0.00014451896741519315,0.00010808175271436941,5.842753757900273e-05,7.135768391886105e-06,0.0002945783068163681,0.0010034648712369352,0.0004063330138230715,0.00034855348293727717,3.860657246535755e-05,0.0004365237764906054,1.902333669018123e-05,0.0010878381904546462,0.00042722454702209253,0.0006013435024428494,0.0009727821047699925,0.00042309533035564563,0.0017313459245415419,0.00018902538226385135,6.797910174708827e-05,0.0020322703853793873,0.0021050030816987565,0.0002344700921614851,0.00017399250122046927,0.0002608914604463825,0.0001667207114057702,0.001278925346588114,3.4003644448750156e-05,0.0005886550247926363,0.004486032074387285,0.004157073075135827,0.0005959828828423101,0.0008198051652055918,0.00016100035817814893,0.00026930953886831213,0.0006897672611854135,0.004530945985331289,0.0003510171539336975,5.981838988585177e-05,0.00508973636151328,0.00041553059453881694,0.0014916926314574273,0.002195862770032103,0.0019033366788323248,0.004208930762284253,1.0,0.005058407875937531,0.0014370756823886678,0.0025474527064795315,0.0034506083079682347,0.0041167422459034275,0.0048363504126772245,0.00193080096532395,0.0007476327502571322,0.00013480399019907076,0.00033072636153404743,0.0010993414121820957,0.0001990731496989878,0.0003382877853633693,0.000302234297142883,0.035983486474211075,0.002514614880387127
LEC LIII Complex Pyramidal,0.00022324373866886452,0.00017792373976654796,1.8061784821970066e-05,0.00018844428480788123,0.0012358937684712468,0.0027113469699844854,0.000415994178244249,0.0005813187513319776,6.022560647264319e-05,0.000146644839642409,0.00025742883020966363,0.00022401600944353632,4.399018779369715e-05,1.4753321039542346e-05,8.314131107241931e-05,1.911927459963404e-05,0.00039765836608205476,0.00037020579193849126,1.4738080066070373e-05,0.0005550068012755663,0.00012295434531142238,0.00020998258674995084,9.812242376333298e-05,7.809910060472564e-06,9.226052612461882e-05,6.367337525848733e-05,3.127656622876283e-05,3.837491138647674e-06,0.00016109931470520165,0.0005802431230393452,0.00023133357214578942,0.00020630538323755256,2.1178670845367866e-05,0.00041359203943621813,1.8329063715765835e-05,0.0010766351570843879,0.0002573995702830348,0.0003547793518971087,0.0008731396720922309,0.00024865758453201735,0.00170079513395413,0.0001120996481413478,4.015825907302121e-05,0.0020092778213192156,0.0021484989333101696,0.00023150127043859912,9.920763084673183e-05,0.00015313870997579502,9.607516589313311e-05,0.0012366567063622003,2.0694514295366845e-05,0.00033801485757119226,0.004347784268339041,0.003750091371558363,0.0005711997717960218,0.00045645172305922607,9.054154830568479e-05,0.00024285755972789757,0.00040620708240832063,0.0026078295426384982,0.0003391351278808283,5.149465660047563e-05,0.002484328155928266,0.0002600295791509833,0.000781856384735586,0.0011612113652708506,0.0010037123766982515,0.0035360470367031107,0.006272419508703817,1.0,0.000845313076913779,0.0013168214440993646,0.0029318866696115583,0.004495092485352212,0.0039509606901532955,0.0025810067119609427,0.0013894497249344769,0.00010675025501870157,0.000202807511778529,0.0014900919264902734,0.00013495997748094065,0.0002786587332314733,0.0005384611549492375,0.019024144206187758,0.0013141865388385059
MEC LIII Complex Pyramidal,0.0005149239469409357,0.00044494526635638695,3.743017658015294e-05,0.0004962050753308149,0.003254174141276286,0.005719428025104639,0.0009284458968662778,0.0014640956285380123,0.0001607085042243764,0.0004390654679712532,0.0006782453984865704,0.0005919177661352292,7.111561629566402e-05,2.3845004727922023e-05,0.0006283073580360796,0.00010442927831628588,0.003029491759882961,0.002589795753904414,0.00010490776382186987,0.003979509014941885,0.0009055724774405461,0.0015526605101536422,0.0005263568979846551,1.946537731575647e-05,0.0003462913880680891,0.0003318186476122367,0.0002220042836452139,2.689072929326071e-05,0.0011194615693884112,0.0032290077632374896,0.0013775912019689657,0.0010278005686484959,0.00013699122007281627,0.0006149180917231736,2.5127228762104273e-05,0.0011871774442366253,0.001423592550476028,0.002049362096381654,0.001733288863066851,0.0014565182500873323,0.0020015659159080823,0.0005808471720372019,0.00020885567177098086,0.0022581670855305507,0.0015096807210174894,0.00018144862549847597,0.0006111640929378334,0.0008888323442806824,0.0005796510950885196,0.0016061645965541843,0.00011176916183900465,0.0019122434163979499,0.005636632866985274,0.0072455851596217955,0.0007863966875099038,0.002761635956879299,0.0005329723084788931,0.00047466576955430834,0.002345602492850712,0.01576049446135586,0.00045971587006938695,9.640353562533454e-05,0.005291625759128272,0.00039440431720674123,0.005257440693688778,0.010009635334597837,0.004969111045486506,0.0034082985003547014,0.0009045632063956891,0.0015965969682765553,1.0,0.005545222128293458,0.002719717397909885,0.0028173260620707285,0.0037178012941786296,0.0010364565310371052,0.00021429972363419512,0.0013594548444546156,0.0013579529977244102,0.0005455595172413486,0.0013683418917028569,0.0007508271609013849,0.0001433906754319297,0.10082191508550803,0.006621395442696504
MEC LIII Bipolar Complex Pyramidal,0.000114187954992983,9.915228277757462e-05,8.449176244632776e-06,0.00011072638091181082,0.000725661179549711,0.0012966830535003648,0.00020905429841119752,0.0003258958604939439,3.587812857382311e-05,9.681075757133356e-05,0.0001502331319579026,0.0001316407618955246,1.669987473205916e-05,5.6045787966230845e-06,0.00014368076965535925,2.377408667446167e-05,0.000692967119904549,0.0005915738559027804,2.398888506270655e-05,0.0009093514184845796,0.0002070023104722385,0.00035501477364215626,0.00011978770057285992,4.332000000663216e-06,7.816644584378398e-05,7.545175765444735e-05,5.0754692209840055e-05,6.150328417605595e-06,0.00025568057173800833,0.0007361732663379429,0.0003139073545883727,0.00023355095457070526,3.129895861533692e-05,0.00015921578683478454,6.60104204612016e-06,0.0003289924440070259,0.00033056792906145573,0.00047464012350675026,0.00043305188714972645,0.0003371516854438057,0.0005415326068910941,0.00013349495461491216,4.789540801760407e-05,0.00062101538829439,0.00048465200357690924,5.543775505089072e-05,0.00014102269947475094,0.00020578797748447775,0.0001338941068921626,0.0004242129612728457,2.5990558258801905e-05,0.00043884519295377014,0.0014971863516335783,0.0018196049881690792,0.00020593821389351414,0.0006309722551804661,0.00012163983990131583,0.00011882084300668439,0.0005432311481345032,0.0036405695837006843,0.00012021600835228177,2.5436938723775692e-05,0.0011118325860507636,8.96513658310754e-05,0.001200544298046497,0.002281343319528793,0.0014164452175177442,0.0008289510941541715,0.00020109562612854694,0.0003447204405449291,0.006497123162478852,1.0,0.0006649873947880241,0.000960495819655148,0.0009085161281403784,0.00034439362613321555,0.00010803068911300694,0.0006927351738508985,0.0002616048751606495,0.00012876473336862482,0.0011078048883615323,0.00018923243520207713,3.8557648202981596e-05,0.027938919597344184,0.0018229731052820976
EC LIII Pyramidal,3.46976360308128e-05,2.6185075999568168e-05,1.820857089487738e-06,2.6523478189655567e-05,0.00018093167860473868,0.00026680595883714825,4.352680359579675e-05,8.421471938635144e-05,8.447283970167663e-06,3.155426215993284e-05,4.241216693675714e-05,3.297351160082798e-05,1.1735978630770426e-06,9.962402742133166e-07,1.397809362368052e-06,7.322793135946889e-07,9.434519207633528e-06,1.1236101006607477e-05,1.3037941044060347e-06,1.3037647612973274e-05,2.205940743221939e-06,5.075548557325424e-06,3.2977137534185715e-06,9.518899684858447e-07,8.835282502126085e-06,1.962605262930306e-06,3.3481184608787635e-06,1.327366535203494e-07,5.678525726956922e-06,3.705121911207019e-05,1.0246559784028242e-05,1.549385633063803e-05,5.311893791521023e-07,0.0029338604317599884,0.00013366858501357728,0.007884012804980686,0.000476070263105367,0.0005630905640460601,0.00593003887310854,0.0003813256134490644,0.01234725361858098,0.00011070266568576047,3.187976685852881e-05,0.014779708301945388,0.01626544483013491,0.0015910260394184502,0.00011627317613534946,0.00023764877668207952,0.00012484342618113237,0.008796310075476023,4.105760253626698e-05,0.0002296750293516517,0.0313806993638501,0.025484643552925453,0.004042042834613719,2.3694647703268197e-05,7.279478501952769e-06,0.001648159677231744,0.000643430909148482,0.003383941788606111,0.0024860226884126117,0.0005213998461108486,3.089873699952002e-05,2.663493011250638e-06,1.6769214025194084e-05,2.9446433188007213e-05,0.00013181272292687326,0.0001473734921709116,0.0007255887796010109,0.0004346130347015841,0.0007122759736309256,0.00021914186680186025,1.0,0.0004183267086134188,0.00012908954718195704,0.00046735190844275805,0.000520537123420628,0.000359811153218363,0.00023240486754494899,0.000500877599298011,0.0001785095687732146,0.0009076274565203328,0.0007432780076542974,0.003681007549230528,8.82598244945567e-05
EC LIII Pyramidal Stellate,0.00029958800128423595,0.0002209882409022969,1.5399678346008328e-05,0.00023127053937745484,0.0015496812366488355,0.002386580833011655,0.0003685387449198238,0.0007043772660331792,7.366310256886517e-05,0.0002739339824557155,0.0003555763881685342,0.0002797076466690858,1.883236717527949e-05,1.4341733071458763e-05,8.673061097673317e-06,4.868480122627248e-06,7.316254792598798e-05,8.171631701433892e-05,1.9039012016616115e-05,8.787233811238274e-05,1.3608002677811575e-05,3.6087873987973995e-05,3.456427992791554e-05,7.511002727350643e-06,6.940546164504843e-05,3.1432178803071985e-05,4.825016600229529e-05,2.137490586931699e-06,4.436869023078109e-05,0.00030759631457658964,7.498349204126171e-05,0.00012266815189908458,3.3896809365620777e-06,0.03911049023432013,0.0017819805396931316,0.10531955362600552,0.006324822629226605,0.007477399129478387,0.07978301493385752,0.005034546775894611,0.16553998877014064,0.0014475337991961624,0.00041082869763221894,0.19731918370759718,0.21745378530997822,0.021224894349648808,0.0015427220555019193,0.003156248931880971,0.0016568571834758618,0.11802114278691828,0.0005455869978111672,0.003014616425864463,0.41977441449305447,0.3408450470178386,0.05408044761219513,0.00037249406779206814,0.00011144792010050104,0.022244616909745083,0.008545307586542436,0.0449164562709826,0.03330494048809593,0.007036620435333018,0.0002621621114757067,2.2626684386702735e-05,0.00013407698441533937,0.00023852061854682686,0.0017529697101129433,0.001928336900832739,0.0044309439116397365,0.001606784639019197,0.004753102885329698,0.0029525386108957157,0.0018034825137246229,1.0,0.0016934103636491822,0.003694598493622358,0.003226357353720971,0.0023290616136085883,0.0020464847489732488,0.004089571961303778,0.0010807753608383195,0.008117330501958574,0.006184841590418203,0.0493838105598902,0.0011349225817347483
EC LIII Stellate,2.3764289146872198e-05,1.7923577879028203e-05,1.965134609643212e-06,1.862066232598127e-05,0.00012220971600952795,0.0002889447213706619,4.379196211702991e-05,5.8523938827364396e-05,5.919505689234114e-06,1.3967368066452161e-05,2.549148780376768e-05,2.2109019176497644e-05,4.958549995351878e-06,1.6614329587507706e-06,3.6789868300529532e-06,1.2093959531085206e-06,1.7400157723309415e-05,1.847164949361286e-05,6.667143144599148e-07,2.6724121501368855e-05,5.676147795827695e-06,9.671485119255628e-06,6.2967727717329605e-06,7.863163394564947e-07,7.78215245489108e-06,4.174531728904646e-06,1.4184686718013571e-06,1.775973482820385e-07,8.028351582444978e-06,3.626526607285683e-05,1.3691890902640638e-05,1.4216535546422307e-05,1.072193499806005e-06,5.769156785245043e-05,2.589871198664311e-06,0.00015368498962107686,1.759696544569955e-05,2.305940197213003e-05,0.00011869922363571445,1.590060296359283e-05,0.00024203674996743762,7.523526720140098e-06,2.645382048673426e-06,0.00028708910115907816,0.00031386311923325586,3.311520289763981e-05,5.950521469924836e-06,9.922882080472159e-06,5.922054475901478e-06,0.0001742131130673888,1.4591435950926944e-06,2.016663879017317e-05,0.0006144447399176508,0.0005084923433378679,8.008409013999237e-05,2.4588965716125227e-05,5.073638131715346e-06,3.309562729822887e-05,2.646807293233168e-05,0.00016055900855385647,4.8142435118267935e-05,9.080781435691557e-06,5.94869264686217e-05,5.1378007441054415e-06,2.8857674200995672e-05,5.037826482547337e-05,0.00046384940808137046,0.0005251373854128218,0.0007613184407418601,0.0004118317900138582,0.0012036782245305531,0.0007758571820622621,0.00048491928832111064,0.0006786552521155286,1.0,0.00013400917609886757,1.0184498969956163e-05,1.432098053284448e-05,1.460175474424879e-05,1.62225235129813e-05,9.4267960725785e-05,2.6689720270074444e-05,1.282012494479037e-05,0.012776300570085563,0.0003250600638313733
EC LIII V Bipolar Pyramidal,0.00035512774419140035,0.0002672152460109328,2.2859746982222292e-05,0.0002673071757934335,0.0018326283136586954,0.003051536763427081,0.0005184965373441402,0.0008932600170189322,8.482980294522212e-05,0.0002725764916105054,0.00042854049249935324,0.0003460326177762,2.8459782787114107e-05,9.462576558135661e-06,2.7927981601909048e-05,1.424734527430177e-05,0.00012869553293507816,0.00016543301551054992,5.36077625789084e-06,0.0002293381177916233,4.6059149128904376e-05,7.768086870204463e-05,7.515565547136445e-05,1.1399328741411104e-05,0.00010602917955695346,5.152869726560106e-05,1.1558622357452286e-05,1.4371657450462212e-06,7.099610645112864e-05,0.0004089387361515727,0.00014754615663226624,0.00017661476204875555,9.656661514610564e-06,0.0003902985224011887,1.752780243598196e-05,0.0010345106254542324,0.0001308021642789824,0.000172783910969031,0.0008127116233664493,0.00011821971830003253,0.0016345701962735795,7.459109836586953e-05,2.7385419501995976e-05,0.0019361723962006267,0.002094828665476483,0.00021842827472105824,4.5082469068968705e-05,7.436350456108884e-05,4.4838989677268705e-05,0.0011782939236328217,1.0766284937512707e-05,0.00018922948470382475,0.004149698823585109,0.003457875717264032,0.0005427680360494624,0.00024262586630905043,5.26289708601462e-05,0.0002265886076378819,0.00019823770380811645,0.0012113809159592275,0.0003284905016378773,4.817935366661522e-05,0.0004086016809997081,3.602110550545417e-05,0.0002170124545390111,0.00037286865797817525,0.0022154813725541243,0.0026267091342301397,0.008167741290578488,0.004416115678721899,0.00788989715026372,0.0036133074733515087,0.002323268977951904,0.004560026153540119,0.002607599375716674,1.0,0.003851054342784137,0.0027090292302568873,0.0017238817074150586,0.00325574452385209,0.0028527280901636458,0.007040647763051659,0.0051496202533314935,0.04727659932048876,0.0021485371498128933
EC LIV VI Deep Multipolar Principal,0.0005235375908222822,0.00039875644288365163,2.9166168184427067e-05,0.00039196167135942495,0.0027278156963088935,0.0036412896370123715,0.0006726800163327257,0.0013464917070644107,0.00012440976912463626,0.00045358908957754423,0.0006725754163750243,0.0005244821053350157,1.0616514446446556e-05,3.2694400732659615e-06,2.9487884353006736e-05,1.9359131231269123e-05,0.00013406741564442163,0.00019664123485206705,5.696830372436025e-06,0.0002647396372136195,5.0958223562044754e-05,8.60550303538738e-05,0.0001024839069351609,1.6693065485800123e-05,0.00015237693114197577,7.046387479755573e-05,1.2320165175395748e-05,1.5713627712652103e-06,8.437013741677468e-05,0.000548362579907468,0.00020932421061399273,0.000246498026160954,1.1477360916329636e-05,0.000648108140068476,2.9511191639400684e-05,0.0017105577664346303,0.00018135121051755072,0.00027122767474405547,0.0013463477768876578,0.00015709525674760836,0.002704524253205636,0.00011108371101618948,3.9182602476069934e-05,0.003221247447617472,0.0034440980977661585,0.0003417388807036132,5.7931694501426506e-05,9.924236303121107e-05,5.8365068070519776e-05,0.0019562035282514813,1.5155255764232853e-05,0.0002730171383030097,0.0069302345754529,0.005966112326192574,0.0009185708062938448,0.00032813627702351803,7.445961663063247e-05,0.0003868256401196276,0.00026575516546633514,0.0015765615931729409,0.0005638261395722944,0.008187875056051038,0.00038558744062564427,3.315781042593127e-05,0.00022426980292806838,0.00038890071338889084,0.0003026213855646024,0.0004060707940210524,0.014286009080577124,0.009999476075152131,0.010957046488571053,0.00039413574008311035,0.00033689567700115265,0.007734626784042324,0.00043868195523149607,0.007865360314849804,1.0,0.008791827582677693,0.003636880495167862,0.0099214141805447,0.004976046088824378,0.01955724911425649,0.016765114371397827,0.006321569805344523,0.0003716541746598945
MEC LV Multipolar Pyramidal,0.0001284249860501404,9.735395438660843e-05,7.348085510219021e-06,9.560509168768776e-05,0.0006597044781960377,0.0009197649385149965,0.00016763919521540965,0.00032844042714169944,3.0342648051126107e-05,0.00010873641158898479,0.0001630318030078368,0.00012667206076109934,3.858522267073531e-06,1.262590611726204e-06,6.225726327430835e-06,4.647424679071127e-06,2.7653082633568825e-05,4.3826193030565866e-05,1.2934132684602913e-06,5.843153364766704e-05,1.1091789799326884e-05,1.8443102933104812e-05,2.4627284879401444e-05,4.086487655507231e-06,3.7182238120666317e-05,1.7077370490825467e-05,2.841733763997869e-06,3.4519779580577137e-07,1.8761107157806346e-05,0.00012802143564545835,4.4874515072907764e-05,5.886323520833035e-05,2.5925320434740247e-06,3.811679836439729e-05,1.688649449245872e-06,9.59480853327659e-05,2.2402841547634892e-05,3.06809083657625e-05,8.728021087417834e-05,2.092743505048116e-05,0.0001555599695648049,2.0157081931559353e-05,7.779318278286122e-06,0.0001815120428312777,0.00018401242017743936,1.9771374115932773e-05,8.579680868075094e-06,1.3323935838297443e-05,8.409649025761776e-06,0.0001144708675452579,1.8118633102740762e-06,4.942880915587574e-05,0.00039614216536897474,0.00035461139499221066,5.3611828889013456e-05,7.09645746965219e-05,1.6065905005268682e-05,2.425930276637493e-05,3.537017612569008e-05,0.00022571171878167144,3.3179096044490376e-05,4.600719213721627e-06,5.506826568545638e-05,3.966577211752038e-06,4.129008845887833e-05,8.167603387932427e-05,0.0006316778884313663,0.00022780436113869153,2.605489070098937e-05,2.8554384548496268e-05,0.003358410384185655,0.0010615730723193327,0.00019745600379175512,0.0004010005526939539,0.0002391708730679484,0.00024141585825651518,0.000262508374905682,1.0,0.0008559991936202018,0.00021739579091159975,0.0010143444661906917,0.002309511895480854,1.8951106114254037e-05,0.014750451236229698,0.0005659800634513354
MEC LV Pyramidal,0.06910679506395247,0.04752890340712373,0.0037941326935379254,0.04516455037147521,0.31714386086997237,0.4205409730500788,0.0793999181844049,0.16139199636866722,0.014321942159207585,0.05468193395030098,0.08084237697301605,0.061370574372453725,0.0009407434377614005,0.00030478987374617467,0.000723852984470901,0.001938467230633178,0.0023463840841341796,0.01198546777248988,0.00022656734699689614,0.01403574410837578,0.002132867634534157,0.0033542111688235877,0.010350418608031974,0.0019364621083303422,0.01713607714651955,0.007370974911118864,0.0005304285674511659,6.30215741342987e-05,0.004868606866368462,0.05087575879004999,0.01690825422636946,0.02528808957102889,0.000701461804709411,0.003455948500499964,0.00015085184283905712,0.005964342031355455,0.0029963901328374986,0.004151622649317225,0.01289045589511043,0.0026545058094453898,0.012630181925459602,0.006764839103044862,0.0027280160833341362,0.013107066997252264,0.0011701787048267426,0.0004886410243087468,0.0012160171640554786,0.001838311408586271,0.001211167383747622,0.010396939376194085,0.00024225581243295127,0.01478888337950766,0.03190071403896152,0.04032323942601965,0.005421324140407932,0.02285963887173204,0.005565537615006619,0.003570553933602405,0.004874843940847792,0.03161279945659746,0.004261315359620531,0.0006429318439601673,0.003863634845358654,0.0002779815239546206,0.0036837499870959072,0.007585972751380947,0.0037245455114677385,0.002525453022444849,0.0008311083546835457,0.001194433424270233,0.011278964676643207,0.004122989587348399,0.0020109891102860506,0.0023116132738000587,0.002697202891853734,0.0013195725608547767,0.0009815517854155538,0.005001160153760951,1.0,0.0012410498293629695,0.003456587315351518,0.008198135206110813,0.0006961882431039563,0.07791540888545,0.0050814954750042435
EC LV Deep Pyramidal,0.00017731976836357394,0.00013460042604224802,9.758620152011087e-06,0.00013117406945779104,0.0009085600020718722,0.0011923687496980847,0.00022303675988310403,0.0004553544306746218,4.1613921183695685e-05,0.00015476926344199705,0.00022863440739929607,0.00017541639522390402,2.6184332211878612e-06,8.33424448089615e-07,2.934526688112676e-06,5.711799524734995e-06,1.083720766275503e-05,3.7534035919382164e-05,8.337940007834281e-07,4.525195194015983e-05,7.211735476886179e-06,1.1586616437301378e-05,3.048269243822352e-05,5.619054374726985e-06,4.991444250869788e-05,2.1627010624496635e-05,1.920987861389161e-06,2.3017374278827906e-07,1.5852978995057425e-05,0.00015113317208155164,5.0680331958559825e-05,7.44810960167952e-05,2.3451354078439718e-06,1.7235806908208355e-05,7.587915368509614e-07,3.605752319548745e-05,1.2380711965864375e-05,1.722453789671926e-05,5.349745861660229e-05,1.111714888382463e-05,6.631826629046946e-05,2.1945310434801855e-05,8.752127914653869e-06,7.31254839664944e-05,4.071542323061448e-05,4.85895871797254e-06,4.86026720718731e-06,7.484475288234439e-06,4.826945970932585e-06,5.1789143992605364e-05,1.004530072012115e-06,4.902193020132933e-05,0.0001685456567512657,0.0001855816922744913,2.5919726974618487e-05,7.434046932679205e-05,1.7873443696754572e-05,1.4919402515528323e-05,1.9846228575783632e-05,0.0001272969091027374,1.83888994128299e-05,4.01942842848353e-05,3.09595311671929e-05,2.5834023728720478e-06,1.7467981981535268e-05,3.0973966596381064e-05,2.5942203602586515e-05,3.4408416455366435e-05,0.0015170938112364714,9.039324747067625e-05,0.00011975598728169655,3.443840771534164e-05,2.871256491789481e-05,7.984086520263955e-05,3.671191900770745e-05,0.0013525302603527498,0.00244055559844997,0.001273225278352597,0.0012766706948348552,1.0,0.0005486564478535175,0.004757562943939146,0.00449610826763462,0.0005372608259853506,3.203338542473239e-05
MEC LV Superficial Pyramidal,0.0001824974358896095,0.0001427835834283829,1.1092239912801803e-05,0.00014582256764193038,0.000998019068854304,0.0014769718651107067,0.0002599288601694424,0.0004776001983745704,4.6596373355487564e-05,0.00015525781015523352,0.00023342818037294324,0.00018862880049777422,1.0164042631164686e-05,3.3705604544082537e-06,7.072264148307477e-05,1.5469893630973562e-05,0.0003386643580749138,0.00030950141391225235,1.2006448564221233e-05,0.0004667994307310758,0.00010412784881091399,0.00017786638727044094,7.917565657550494e-05,6.071735039612332e-06,7.273769712063678e-05,5.148380452448959e-05,2.5510377654145164e-05,3.0907106472364146e-06,0.0001331026553114914,0.0004624737328968631,0.00018571531296905915,0.00016586134296251852,1.6580218166216664e-05,9.237979000262105e-05,3.872049263456858e-06,0.00019441330757743604,0.00016710059817802057,0.00023915816036430327,0.00024998491094340423,0.00016914611290784102,0.00032350632585651586,7.962589735974953e-05,2.92144913935376e-05,0.0003695867924189675,0.0002961211121654152,3.3702931128262395e-05,7.082306931373842e-05,0.00010374315318632719,6.74231954186796e-05,0.0002522204418187174,1.3166741633680684e-05,0.00024430058213175163,0.0008797665316624709,0.0010227718186841294,0.00012183488337728232,0.0003534567297247632,7.079802481845176e-05,6.875804616073078e-05,0.0002739684434045131,0.0018302357743110289,7.337410781097446e-05,1.425922830862203e-05,0.00043832512924612307,3.903836213992208e-05,0.000622215191280841,0.0011237829613084248,0.0009617392969548973,0.0004618785895897801,9.233187998656357e-05,0.00014609605941995292,0.00371197118874122,0.001456636488913816,0.0003631227659167172,0.0006120612695858688,0.00046269897921261566,0.0003303424429043307,0.00019853979066736537,0.0016236608307039061,0.0010475893872013168,0.0002270207307668376,1.0,0.0008039914408570103,2.7022993747681498e-05,0.023089991855163586,0.0009511870868109507
MEC LV VI Pyramidal Polymorphic,9.922549717705444e-07,7.924630316055433e-07,5.5192561043047405e-08,7.884956989990046e-07,5.38249035159899e-06,7.186123294685881e-06,1.3245638164526023e-06,2.6703127095139376e-06,2.504944482606412e-07,9.037006564130925e-07,1.3375127891058275e-06,1.0342744879605647e-06,1.9842724294914822e-08,6.096070308342059e-09,5.105648818565361e-08,3.803715318567449e-08,2.2894653334322862e-07,3.5746907968365006e-07,1.0409929768683683e-08,4.735314348173256e-07,8.965087860355349e-08,1.5030771332409875e-07,2.0171640208251542e-07,3.354639024050229e-08,3.06958333425767e-07,1.3971518019537556e-07,2.2666053479834427e-08,2.873563517414422e-09,1.5503330289451226e-07,1.06356455085532e-06,3.99423888052264e-07,4.870557632672048e-07,2.1852258014989554e-08,9.682731483266505e-07,4.3649284715100155e-08,2.5257199413581535e-06,3.055850824729732e-07,4.490625576442573e-07,2.050347423220421e-06,2.67778792532732e-07,4.00562558222282e-06,2.103520074601575e-07,7.518166982599305e-08,4.757698921958034e-06,5.042303327313465e-06,5.016339676303819e-07,9.996417869788198e-08,1.703091928329129e-07,1.0073327352337049e-07,2.9286606061032487e-06,2.54085330867522e-08,5.09899054284738e-07,1.0263067844867123e-05,9.009667388130743e-06,1.3799343885003537e-06,6.304337226116038e-07,1.4481992550366171e-07,5.881867653995652e-07,4.549681008662474e-07,2.7160471711883073e-06,8.364548926341654e-07,1.056769872473206e-05,6.331720316333257e-07,5.5378612127433564e-08,3.722191408331289e-07,6.407575924798923e-07,5.021806448785244e-07,6.725775069385229e-07,2.035505026676328e-05,1.31109044311052e-05,1.4444047914515516e-05,6.550315004324777e-07,5.590136482218171e-07,1.0189977241361674e-05,7.266232728980158e-07,1.180756935486241e-05,0.0006508368070384915,1.28716166754782e-05,6.2257779976883535e-06,0.0005844122078469289,7.100639493144777e-06,1.0,2.690249796245723e-05,1.0448613001229386e-05,6.199641003594384e-07
LEC LVI Multipolar Pyramidal,1.9833325375493507e-05,1.5120308684030105e-05,1.5888620663618313e-06,1.5814342844364214e-05,0.00010387010941490528,0.00023155018258249203,3.555367650717134e-05,4.941695696217549e-05,5.026229603497931e-06,1.253028232077905e-05,2.192392269491387e-05,1.893236691006416e-05,3.7633285671005043e-06,1.2518247225594715e-06,3.258552393027971e-06,1.035267943388992e-06,1.5456645439100396e-05,1.6197220346952074e-05,5.689129490345468e-07,2.345007247929495e-05,4.989898781403604e-06,8.505719986160873e-06,5.379095959435365e-06,6.651123860128883e-07,6.550288310683635e-06,3.563438782654609e-06,1.2019194910706755e-06,1.5432436619298788e-07,7.0925797080871726e-06,3.138465017473139e-05,1.1874455711276598e-05,1.2294164518097024e-05,9.357613135458198e-07,8.689350842895876e-05,3.90588868822714e-06,0.00023246672372734305,2.148601417443628e-05,2.71057280665937e-05,0.00017754974753051827,1.8440656671434795e-05,0.00036564003644901685,7.673743530918322e-06,2.5864543869990996e-06,0.0004340304413631935,0.00047725672503622313,4.843485194389748e-05,6.5136310081236825e-06,1.1515318734374993e-05,6.595412758687598e-06,0.00026280531694843436,1.8065998302933934e-06,1.985679021919709e-05,0.0009275239881769561,0.0007625223134995928,0.0001206900237977896,2.1113757119805912e-05,4.312999021654354e-06,4.955295243589048e-05,3.090437855259775e-05,0.0001789944351314827,7.246295385145656e-05,1.1648314591917223e-05,6.516119409675471e-05,6.246775465178524e-06,2.8664213758004016e-05,4.409907389417076e-05,4.0295924434514275e-05,0.00038832124847090375,0.0022653654456772803,0.0013274403324170755,7.276518911250838e-05,4.942323460587863e-05,0.00036069138900595186,0.0010533745940109562,0.0003539627842989848,0.0007640613417971798,0.0010338797385107661,3.0022526957126956e-05,2.2554217654121358e-05,0.0008375181078977267,2.1881584932387e-05,7.823930655931032e-05,1.0,0.0007865575598519863,4.9643713895583584e-05
MEC LIII Superficial Multipolar Interneuron,6.020430480306685e-05,4.9776629901387085e-05,4.530464204268839e-06,5.510195815391943e-05,0.00035929097864467784,0.0006765257499189999,0.00010816954643128652,0.0001638535767486236,1.777612368622678e-05,4.717715048793704e-05,7.478432864296939e-05,6.539170584330805e-05,9.316442087053187e-06,3.1284696804314992e-06,5.670811620752646e-05,9.851660777148667e-06,0.00027321566745689465,0.00023572865685835717,9.485974055671187e-06,0.0003612440355921284,8.197088150666453e-05,0.00014049766726828675,4.97997386621503e-05,2.1971111475858563e-06,3.5119761900442754e-05,3.1553354948478176e-05,2.0079213129981368e-05,2.4349488073362495e-06,0.00010181159680367751,0.000302896129251678,0.00012767493863271245,9.854118122071666e-05,1.250141899779437e-05,7.867008231424693e-05,3.3053078436409584e-06,0.0001725786496224992,0.00013398074147357456,0.00019153612779370817,0.00019963574366218257,0.00013583323043237633,0.00028028049825436246,5.5003450029045545e-05,1.976675199572027e-05,0.0003243337078964605,0.0002871411127384254,3.259123103799535e-05,5.6566632323687226e-05,8.301573339135652e-05,5.381700534358589e-05,0.0002160328655298663,1.0560370856862728e-05,0.000178105491158302,0.0007592888610271041,0.0008490155278277423,0.00010325256127631761,0.00025433176085906363,4.934018509878813e-05,5.478662547969102e-05,0.0002192489952946153,0.0014629103199952007,6.047828820754606e-05,1.2281685514272732e-05,0.0004355900053386267,6.194641011428303e-05,0.000623100323470301,0.0009009890181539023,0.0015730898334898056,0.0005436625862113599,8.527808071333183e-05,0.00014270218529165122,0.0028477096402405684,0.002943033912754434,0.0006510064996892814,0.000574930804790167,0.001022979297316639,0.00018315687617225895,1.803868230961416e-05,5.20864316276936e-05,0.00012487394246241704,7.93593779460921e-05,0.0004787969975991766,9.663411065796426e-05,1.8237633955362105e-05,1.0,0.0012400183484207283
MEC LIII Superficial Trilayered Interneuron,0.0001262028006532599,0.00010601909001271555,8.984905720201777e-06,0.0001171016225032857,0.0007695235753699092,0.0013455795243250154,0.00021987956635040806,0.0003493492550143954,3.781205809938551e-05,0.00010503576637853659,0.00016286566754725867,0.0001407793961613621,1.606718387928021e-05,5.385362561396332e-06,0.0001261626455802789,2.1745695381553056e-05,0.0006080624716800169,0.000522971044834062,2.1174886711279056e-05,0.0008022240433492465,0.00018220403952996493,0.00031240298197594525,0.00010985455293442541,4.657531023405717e-06,7.620680404440938e-05,6.955648348315772e-05,4.4829338664577055e-05,5.428237153429923e-06,0.00022579597129758394,0.0006687532467478205,0.00028163531647614924,0.00021636001711239459,2.776768472574324e-05,0.0001264496965538619,5.180803000535337e-06,0.0002452125860356153,0.00028723323125289375,0.00041344417044256523,0.00035620292146633945,0.0002937672792332808,0.0004137476934375211,0.00011988681040590368,4.3214065001180765e-05,0.0004669971529183318,0.00030854709129280236,3.784708205620024e-05,0.0001232823357602722,0.00017930337441903824,0.00011694994536506873,0.00033137481430152384,2.2552007662480812e-05,0.00039177553470683943,0.0011618947963264728,0.00148468416187917,0.00016220160107490564,0.0005665979519534928,0.00010974685560125544,9.755814710973808e-05,0.0004732060725827543,0.0031791500010337798,9.54168132859235e-05,1.9587214064849143e-05,0.0012233935171612773,0.00013179238593429593,0.0012467229677438222,0.001990963570882497,0.0010763266534350338,0.0007272779774988812,0.0002059691247364023,0.0003665269478826127,0.001563970876959982,0.001004403913645624,0.000651976078788547,0.0005616854576852243,0.0009257486756224795,0.00020220299328391694,2.681756367659329e-05,6.634947231105586e-05,0.00038810605659356944,0.00016067278617041357,0.00025922448770616426,0.000152359745865278,2.9294062786288953e-05,0.023811028057785757,1.0
