target,source,i,j,weight,dalpha_dAij,domega_dAij,elasticity_alpha,elasticity_omega,priority,dG_dAij,elasticity_G
CA3c Pyramidal,CA1 Perforant Path Associated QuadD,15,53,0.5632693562402619,2.519073927537245e-09,0.24855123642655885,1.4189171494855321e-09,0.14000129493470892,0.14000129493470892,150.5943718495027,84.825194885076
CA3c Pyramidal,CA1 Perforant Path Associated,15,52,0.46066933387629916,-6.263544076079803e-07,0.1896120122029461,-2.8854226772325224e-07,0.08734843935647589,0.08734843935647589,110.77577874847103,51.03100420568644
CA3 Pyramidal,CA1 Trilaminar,14,59,0.7307825902965321,-1.5046171722841558e-06,0.09201398098755677,-1.099548034566459e-06,0.0672422153695826,0.0672422153695826,94.01770073269833,68.70649887516545
CA3c Pyramidal,CA1 R Receiving Apical Targeting,15,55,0.3124950767118439,-2.2907228566745606e-07,0.1318950202782745,-7.15839614822091e-08,0.04121654447976959,0.04121654447976959,79.33129751241778,24.790639901793103
CA3c Pyramidal,CA1 OR LM,15,51,0.21264469780852047,-1.287423489368771e-07,0.09250132983627095,-2.7376377884841326e-08,0.019669917329920114,0.019669917329920114,56.13704067143402,11.937244049441711
CA3c Pyramidal,CA1 Basket,15,38,0.20989295539505765,-3.779618299535075e-06,0.08788089582233746,-7.933152551546592e-07,0.018445580946915584,0.018445580946915584,49.85320491051132,10.463836514582622
CA3c Pyramidal,CA1 Trilaminar,15,59,0.09876131611833881,-7.020392366995403e-07,0.18602331996788324,-6.933431898316058e-08,0.018371907908731003,0.018371907908731003,144.64599001040932,14.285428344668112
CA3c Pyramidal,CA1 Basket CCK+,15,40,0.20779323920743548,-6.141177147384204e-06,0.08471776359762695,-1.2760950920016421e-06,0.017603778516360667,0.017603778516360667,46.04073660302073,9.566953794238017
CA3c Pyramidal,CA1 LMR,15,43,0.20424433329276998,-9.119820323032254e-08,0.08299025659534413,-1.862671621627577e-08,0.01695028962811197,0.01695028962811197,47.2178910638531,9.643986679827318
CA3 Pyramidal,CA1 Perforant Path Associated QuadD,14,53,0.11776251821536346,5.398903211513782e-09,0.12294258992332592,6.35788437788876e-10,0.014478028985289628,0.014478028985289628,97.89239146319075,11.528054532829492
CA3c Pyramidal,CA1 Oriens Alveus,15,49,0.16135065388402423,-1.6855687451223016e-07,0.06654720829573975,-2.7196761919195752e-08,0.010737435572673969,0.010737435572673969,38.66442251640433,6.238529855070028
EC LI II Multipolar Pyramidal,EC LI II Multipolar Pyramidal,62,62,0.010893289937068442,0.7254101885721266,2.1928785597637178e-07,0.007902103507419668,2.3887661948287247e-09,0.007902103507419668,1.391127762395443,0.015153958055278818
CA3c Pyramidal,CA1 Bistratified,15,41,0.11576325217919088,-1.0402649454809085e-06,0.047144118728545376,-1.2042445321687865e-07,0.005457556505138314,0.005457556505138314,23.901193262966395,2.7668798630843567
CA3c Pyramidal,CA1 Axo Axonic,15,35,0.09079467915993339,-1.401849466654872e-07,0.037685560456260474,-1.2728047255545286e-08,0.0034216483705884425,0.0034216483705884425,21.97467519660615,1.9951835841196015
CA3c Pyramidal,CA1 Radiatum,15,56,0.08711729929031697,-2.9031030117548764e-08,0.035703350112952774,-2.5291049394567015e-09,0.003110379437457079,0.003110379437457079,20.956120687923164,1.8256406379338055
CA3c Pyramidal,CA1 Quadrilaminar,15,54,0.08505002828519063,-7.053025007256216e-09,0.035086016435345944,-5.998599763632981e-10,0.002984066690240836,0.002984066690240836,20.723958012494734,1.7625732151437803
CA3c Pyramidal,CA1 Radial Trilaminar,15,60,0.08230084005435519,-8.587730112821333e-08,0.03330544557606113,-7.0677740244527815e-09,0.0027410661492944387,0.0027410661492944387,17.822001030439974,1.4667656562547937
CA3 Pyramidal,CA1 Perforant Path Associated,14,52,0.027222325073900832,-1.3424087264031038e-06,0.09378908025545651,-3.654348673218649e-08,0.0025531568310962114,0.0025531568310962114,72.00409801632738,1.9601189628534819
EC LI II Multipolar Pyramidal,EC LII III Pyramidal Tripolar,62,67,0.017179656954867856,0.13846012212379857,1.8163845895753347e-07,0.002378697400015969,3.1204864147012696e-09,0.002378697400015969,0.29581707113949074,0.005082035803570192
EC LII III Pyramidal Tripolar,EC LI II Multipolar Pyramidal,67,62,0.002510397022464301,0.9174347342166191,1.8163845895753347e-07,0.002303125425082728,4.5598464653199616e-10,0.002303125425082728,0.47242347852948346,0.001185970493842643
CA3 Pyramidal,CA1 R Receiving Apical Targeting,14,55,0.03280866113624137,-4.909499023587293e-07,0.06524013166915775,-1.6107408981358335e-08,0.0021404413724171656,0.0021404413724171656,51.56585961019464,1.6918068141498714
CA3c Pyramidal,CA1 Pyramidal,15,33,0.05097104839052498,0.0005649834270698607,0.035976625737726906,2.879779760102251e-05,0.0018337663314054846,0.0018337663314054846,201.55335954324948,10.273386042551849
CA3 Pyramidal,CA1 OR LM,14,51,0.03781997628074056,-2.759218272774796e-07,0.045754562419098005,-1.0435356962972871e-08,0.00173043646542595,0.00173043646542595,36.48974200716803,1.3800411772014374
CA3c Pyramidal,CA2 Basket,15,29,0.0587501904738451,-6.11442390798054e-07,0.028813884214031294,-3.592235692316891e-08,0.001692821185865657,0.001692821185865657,18.288999105921718,1.0744821810488838
CA3c Pyramidal,CA2 Bistratified,15,31,0.057210549734611794,-8.703896400414443e-08,0.028289812510438564,-4.979546979008191e-09,0.0016184757256112884,0.0016184757256112884,17.83121184054902,1.0201334318321285
CA3 Pyramidal,CA1 SO SO,14,58,0.10730000113458314,-3.544289108490455e-07,0.01368476711921541,-3.8030222536231646e-08,0.0014683755274183196,0.0014683755274183196,13.916217805116458,1.4932101862781022
CA2 Pyramidal,CA1 Perforant Path Associated QuadD,28,53,0.04378534811780073,1.4260788805073674e-08,0.029861259294829676,6.244136022645864e-10,0.00130748563346003,0.00130748563346003,73.2996171854033,3.2094492553644125
CA2 Pyramidal,CA1 Trilaminar,28,59,0.05376267928632846,-3.974330875328884e-06,0.022349076481409377,-2.1367067622805986e-07,0.0012015462312156384,0.0012015462312156384,70.66048733295915,3.7988971186975578
CA3 Pyramidal,CA1 Back Projection,14,37,0.0973431227177819,-2.3641873817857955e-05,0.012284021898687745,-2.3013738243300617e-06,0.0011957650511518812,0.0011957650511518812,6.164224886236001,0.6000448995608761
CA3c Pyramidal,CA1 Schaffer Collateral Associated,15,57,0.05419392591504687,-8.965005156032397e-07,0.02202550929656437,-4.858488252540329e-08,0.0011936488190591856,0.0011936488190591856,10.160019410442564,0.5506113392249624
CA3 Pyramidal,CA1 Basket,14,38,0.022629793814658967,-8.100513904173412e-06,0.043469125692209475,-1.8331295944422246e-07,0.000983697351718195,0.000983697351718195,32.40102184184593,0.7332284436652352
CA3c Pyramidal,CA1 Ivy,15,42,0.04804442017771751,-6.442187103446015e-07,0.01922319319044364,-3.0951114406143325e-08,0.0009235671707991123,0.0009235671707991123,8.500297121184415,0.4083918465256266
CA1 Pyramidal,CA1 Trilaminar,33,59,0.0480034367817264,-5.17193685750999e-06,0.01684089140631195,-2.4827074397856153e-07,0.0008084206659708151,0.0008084206659708151,152.24941864793215,7.308495343120607
CA2 Pyramidal,CA1 Perforant Path Associated,28,52,0.03506798354104108,-3.545869704886766e-06,0.02278022649659837,-1.243465004496453e-07,0.0007988566078438995,0.0007988566078438995,54.06640409114719,1.8959997687916257
CA3 Pyramidal,CA3c Pyramidal,14,15,0.004033333235528992,0.004336068209872246,0.1965663501272226,1.748880802239843e-05,0.0007928175929547554,0.0007928175929547554,2949.0120757057207,11.894348416920224
CA3c Pyramidal,CA2 Pyramidal,15,28,0.014542108071864197,0.00031863754744679247,0.04774357489498118,4.633661650725012e-06,0.0006942922258599587,0.0006942922258599587,575.7910721292703,8.373215997718402
CA2 Pyramidal,CA1 R Receiving Apical Targeting,28,55,0.04189305207462101,-1.2968065173826847e-06,0.015846034229606915,-5.4327182963420726e-08,0.0006638387371571495,0.0006638387371571495,38.69884240323116,1.6212126200261148
CA3 Pyramidal,CA1 Horizontal Basket,14,39,0.07098788754414039,-3.4671223831224558e-06,0.009090621157033447,-2.461236938348689e-07,0.0006453239924018737,0.0006453239924018737,8.421247067856118,0.597806539834392
EC LI II Multipolar Pyramidal,MEC LII Stellate,62,65,0.014369441710168457,0.04096783776276704,8.030114086869109e-07,0.000588684956723719,1.1538825629726827e-08,0.000588684956723719,2.5718767128107367,0.03695643251047354
CA3 Pyramidal,CA1 Horizontal Axo Axonic,14,36,0.06658350077333561,-1.5104988517958348e-07,0.008719768527962475,-1.0057430146667052e-08,0.0005805927145248969,0.0005805927145248969,9.115350471674438,0.60693194517996
MEC LII Stellate,EC LI II Multipolar Pyramidal,65,62,0.0007024817726186964,0.7866879243662177,8.030114086869109e-07,0.0005526339276065035,5.641008778074176e-10,0.0005526339276065035,,
CA3 Pyramidal,CA1 Basket CCK+,14,40,0.011598594707910094,-1.316182929807939e-05,0.04190452406895121,-1.5265872364311966e-07,0.0004860335911036287,0.0004860335911036287,,
EC LI II Multipolar Pyramidal,MEC LIII Superficial Multipolar Interneuron,62,83,0.24300645486043962,-0.001754689801381601,1.4107763049041571e-07,-0.0004264009480135118,3.4282774845586987e-08,0.0004264009480135118,,
CA3c Pyramidal,CA1 SO SO,15,58,0.015276621644386241,-1.6537296437935486e-07,0.027666293591275374,-2.5263402070339674e-09,0.0004226474994964217,0.0004226474994964217,,
EC LI II Pyramidal Fan,EC LI II Multipolar Pyramidal,63,62,0.00444900933926694,0.09078370710455833,3.974018206913734e-07,0.0004038975607614545,1.7680444116976065e-09,0.0004038975607614545,,
CA3 Pyramidal,CA1 Oriens Alveus,14,49,0.011542902930480924,-3.6125269734202753e-07,0.032916698615831366,-4.169904818793428e-09,0.00037995425691443726,0.00037995425691443726,,
CA3 Pyramidal,CA2 Bistratified,14,31,0.026684047960197008,-1.865427358649283e-07,0.013993182526397526,-4.9777153104461085e-09,0.00037339475365018234,0.00037339475365018234,,
EC LI II Multipolar Pyramidal,EC LI II Pyramidal Fan,62,63,0.001598739371133099,0.23110489121744826,3.974018206913734e-07,0.00036947648845076647,6.353419368992749e-10,0.00036947648845076647,,
CA3 Pyramidal,CA2 Basket,14,29,0.02549360301537698,-1.3104491500821473e-06,0.014252407680420277,-3.340807040403243e-08,0.0003633452234179444,0.0003633452234179444,,
CA3c Pyramidal,CA1 Back Projection,15,37,0.014539324951355053,-1.1031060494969082e-05,0.024834427460117124,-1.60384173094411e-07,0.000361075810823498,0.000361075810823498,,
CA3 Pyramidal,CA1 LMR,14,43,0.008089213892102475,-1.9545685695133103e-07,0.04105003552154025,-1.5810923225573932e-09,0.0003320625176121434,0.0003320625176121434,,
MEC LIII Superficial Multipolar Interneuron,EC LI II Multipolar Pyramidal,83,62,-2.5053869149981565e-05,12.476843405880885,1.4107763049041571e-07,-0.00031259320209575,-3.534540494296325e-12,0.00031259320209575,,
EC LIII Pyramidal Stellate,CA1 Perforant Path Associated QuadD,73,53,0.027607008389096594,2.523298798670353e-08,0.011136277766151116,6.966073110308979e-10,0.00030743931371344374,0.00030743931371344374,,
EC LIII Pyramidal Stellate,CA1 Perforant Path Associated,73,52,0.03457445875926096,-6.274048994680524e-06,0.00849552014324726,-2.1692184822016448e-07,0.0002937280108311732,0.0002937280108311732,,
CA3c Pyramidal,DG Axo Axonic,15,5,0.0231747944046998,-7.898565919673747e-08,0.010433027467724064,-1.8304764128040767e-09,0.00024178326658309094,0.00024178326658309094,,
EC LII III Pyramidal Tripolar,EC LII III Pyramidal Tripolar,67,67,0.0013558788416773257,0.17511213288896,1.5045306373930033e-07,0.000237430835905129,2.039961257896474e-10,0.000237430835905129,,
CA1 Pyramidal,CA1 Perforant Path Associated QuadD,33,53,0.01023069939166478,1.855806714432726e-08,0.02250161099311056,1.8986200624394302e-10,0.00023020721789869373,0.00023020721789869373,,
CA2 Pyramidal,CA1 OR LM,28,51,0.019339179786394836,-7.288263470111123e-07,0.011113226532564925,-1.4094903757909292e-08,0.00021492068592020636,0.00021492068592020636,,
CA3c Pyramidal,CA2 Wide Arbor Basket,15,30,0.021166608625971448,-1.8043431418761795e-05,0.009828630721032235,-3.8191825111048764e-07,0.00020803877980128888,0.00020803877980128888,,
CA3 Pyramidal,CA1 Recurrent O LM,14,47,0.04028324021145778,-2.061024154564513e-07,0.005057675119088698,-8.302473109993898e-09,0.00020373954173376335,0.00020373954173376335,,
CA3c Pyramidal,CA1 Horizontal Basket,15,39,0.010514984538727203,-1.6177244260053506e-06,0.018378375873448274,-1.70103473273676e-08,0.00019324833815622565,0.00019324833815622565,,
CA3 Pyramidal,CA3 Pyramidal,14,14,0.0019519546121769752,0.001813551575298899,0.09722895176003937,3.539970361825505e-06,0.00018978650082514148,0.00018978650082514148,,
CA3c Pyramidal,CA1 Horizontal Axo Axonic,15,36,0.010605196550542385,-7.047835691921848e-08,0.01762862853572653,-7.474368276875908e-10,0.00018695507053788005,0.00018695507053788005,,
MEC LIII Complex Pyramidal,EC LI II Multipolar Pyramidal,70,62,0.00032868661349782564,0.5497776733418789,1.3158900765001317e-08,0.00018070456162745598,4.32515452980223e-12,0.00018070456162745598,,
CA3 Pyramidal,CA2 Pyramidal,14,28,0.007422898649321451,0.0006829070236542028,0.023615729433402503,5.069149623494914e-06,0.00017529716611394428,0.00017529716611394428,,
CA3 Pyramidal,CA1 Bistratified,14,41,0.007430961385514579,-2.2295057296999668e-06,0.02331921634939335,-1.6567370986183957e-08,0.00017328419623280225,0.00017328419623280225,,
EC LI II Multipolar Pyramidal,MEC LIII Complex Pyramidal,62,70,0.008261520256486998,0.018767266157259745,1.3158900765001317e-08,0.00015504614951708428,1.0871252522316063e-10,0.00015504614951708428,,
CA3c Pyramidal,CA3c Pyramidal,15,15,0.00038096824109277707,0.002023165807495489,0.39739531593117544,7.707619191206044e-07,0.00015139499452880835,0.00015139499452880835,,
CA3 Pyramidal,CA1 Axo Axonic,14,35,0.007218350019295009,-3.0044571161042157e-07,0.01864066528823618,-2.1687223082001895e-09,0.00013455484664301142,0.00013455484664301142,,
CA3c Pyramidal,DG AIPRIM,15,4,0.016102309091796135,-1.2035090644552536e-06,0.00793776691633256,-1.937927495063689e-08,0.00012781637638542036,0.00012781637638542036,,
LEC LIII Multipolar Principal,EC LI II Multipolar Pyramidal,68,62,0.00032118386344249226,0.3978949258461624,5.5977998247153606e-08,0.0001277974295274344,1.7979229744797853e-11,0.0001277974295274344,,
CA3 Pyramidal,CA1 Pyramidal,14,33,0.006586823679710558,0.0012108778569438925,0.01779536327595475,7.975838941355205e-06,0.0001172149202151104,0.0001172149202151104,,
CA3 Pyramidal,CA1 Quadrilaminar,14,54,0.006036261003958,-1.5116110307961416e-08,0.01735483513447888,-9.124478718347505e-11,0.00010475831455237505,0.00010475831455237505,,
CA3 Pyramidal,CA1 O LM,14,46,0.028687212174086558,-3.3339510457171916e-07,0.003635974648511622,-9.564176102650682e-09,0.0001043059762014527,0.0001043059762014527,,
CA2 Pyramidal,CA1 LMR,28,43,0.010300964913933845,-5.16284298548276e-07,0.009970554187407025,-5.318226444960737e-09,0.00010270632885695594,0.00010270632885695594,,
CA2 Pyramidal,CA1 Basket,28,38,0.0096818255520827,-2.1396886270089215e-05,0.010558121757676847,-2.0716092022475727e-07,0.00010222189301547602,0.00010222189301547602,,
EC LI II Multipolar Pyramidal,LEC LIII Complex Pyramidal,62,69,0.010213241950996994,0.009881998952819337,9.133612947966958e-09,0.00010092724626464282,9.328379892434546e-11,0.00010092724626464282,,
EC LII III Pyramidal Tripolar,MEC LII Stellate,67,65,0.0018987240009918425,0.05181250269353873,6.651428741905559e-07,9.837764241567648e-05,1.2629227393143062e-09,9.837764241567648e-05,,
CA3 Pyramidal,CA1 O LMR,14,48,0.026887744295378473,-4.3890451067111405e-07,0.0035375892240722723,-1.1801152253013127e-08,9.51177944789416e-05,9.51177944789416e-05,,
EC LI II Multipolar Pyramidal,LEC LIII Multipolar Principal,62,68,0.005378540500206816,0.017505334229425493,5.5977998247153606e-08,9.41531491226217e-05,3.0107993069282183e-10,9.41531491226217e-05,,
CA3 Pyramidal,CA1 Radiatum,14,56,0.004967283424141357,-6.221957999002392e-08,0.017660191093527993,-3.0906228834148305e-10,8.772317448605042e-05,8.772317448605042e-05,,
LEC LIII Complex Pyramidal,EC LI II Multipolar Pyramidal,69,62,0.0001456416795560061,0.5814649341538697,9.133612947966958e-09,8.468552961309208e-05,1.3302347301563919e-12,8.468552961309208e-05,,
MEC LIII Superficial Multipolar Interneuron,MEC LIII Superficial Multipolar Interneuron,83,83,-0.0027935607660089343,-0.030180152171322413,9.076151406640051e-08,8.431008901798565e-05,-2.5354780475946447e-10,8.431008901798565e-05,,
MEC LIII Superficial Multipolar Interneuron,EC LII III Pyramidal Tripolar,83,67,-3.3206507992970246e-05,2.3814736667790966,1.1685609894612929e-07,-7.908042435094823e-05,-3.880382983681964e-12,7.908042435094823e-05,,
EC LI II Multipolar Pyramidal,MEC LIII Bipolar Complex Pyramidal,62,71,0.018277262534273638,0.004301006305335116,1.030783588680636e-08,7.86106214041762e-05,1.8839902266336717e-10,7.86106214041762e-05,,
MEC LIII Superficial Multipolar Interneuron,MEC LIII Complex Pyramidal,83,70,-0.00022965645775366254,0.32279149740303914,8.4657060990415e-09,-7.413115188658253e-05,-1.9442040750894475e-12,7.413115188658253e-05,,
MEC LIII Superficial Trilayered Interneuron,EC LI II Multipolar Pyramidal,84,62,-7.701279523276747e-05,0.9185328631259941,6.567470430903124e-09,-7.073878330248982e-05,-5.057792554923974e-13,7.073878330248982e-05,,
EC LI II Multipolar Pyramidal,MEC LIII Superficial Trilayered Interneuron,62,84,0.01660469270841586,-0.004211434673149337,6.567470430903124e-09,-6.992957860921253e-05,1.0905082837675387e-10,6.992957860921253e-05,,
MEC LII Stellate,EC LII III Pyramidal Tripolar,65,67,0.00046384953425967454,0.15015629473783418,6.651428741905559e-07,6.96499273803028e-05,3.0852621240943065e-10,6.96499273803028e-05,,
EC LII III Pyramidal Tripolar,EC LI II Pyramidal Fan,67,63,0.0002215064450075265,0.2922810539338862,3.2917214670144284e-07,6.474213719994825e-05,7.291375201133259e-11,6.474213719994825e-05,,
EC LI II Multipolar Pyramidal,MEC LII III Pyramidal Multiform,62,66,0.012734215300992101,0.004955682663141792,9.050637185963597e-09,6.310672999584149e-05,1.1525276253722573e-10,6.310672999584149e-05,,
CA2 Pyramidal,CA3c Pyramidal,28,15,0.0013171598235626131,0.011453391654347516,0.04774357489498118,1.5085947330633879e-05,6.288591868492181e-05,6.288591868492181e-05,,
EC LIII Pyramidal Stellate,CA1 LMR,73,43,0.01639421889803016,-9.135115652478807e-07,0.003718358285467582,-1.4976308566555917e-08,6.095957967325965e-05,6.095957967325965e-05,,
CA2 Pyramidal,CA1 Basket CCK+,28,40,0.005952630404372212,-3.4765962743702e-05,0.010178099059323377,-2.069489268654321e-07,6.058646191924055e-05,6.058646191924055e-05,,
CA3 Pyramidal,CA1 Radial Trilaminar,14,60,0.003611234572940198,-1.8405304893553667e-07,0.016474099250281583,-6.646587335710641e-10,5.949183677066504e-05,5.949183677066504e-05,,
MEC LIII Bipolar Complex Pyramidal,EC LI II Multipolar Pyramidal,71,62,6.599320329053752e-05,0.8340388002838374,1.030783588680636e-08,5.504089209932731e-05,6.802471091635103e-13,5.504089209932731e-05,,
CA3c Pyramidal,CA1 Recurrent O LM,15,47,0.005317641204328488,-9.616531373845882e-08,0.010225027836792229,-5.11372634762805e-10,5.437302934033214e-05,5.437302934033214e-05,,
CA3c Pyramidal,CA2 SP SR,15,32,0.01032208462349309,-1.799252500511901e-08,0.005011436961091143,-1.8572036569315383e-10,5.172847639768382e-05,5.172847639768382e-05,,
EC LIII Pyramidal Stellate,CA1 Basket CCK+,73,40,0.013605746500248692,-6.151476837984649e-05,0.0037957588170319336,-8.369543445977053e-07,5.1644132240620346e-05,5.1644132240620346e-05,,
MEC LV Pyramidal,EC LI II Multipolar Pyramidal,78,62,0.00023656722440602233,0.21329047381609179,3.527307374697379e-07,5.045753538291822e-05,8.344453152590524e-11,5.045753538291822e-05,,
CA3c Pyramidal,DG HICAP,15,7,0.01049973525270483,-3.193341088522519e-08,0.004699691047587084,-3.352923600107071e-10,4.93455117691714e-05,4.93455117691714e-05,,
EC LII III Pyramidal Tripolar,MEC LIII Superficial Multipolar Interneuron,67,83,0.020809875674557738,-0.00221917667675973,1.1685609894612929e-07,-4.6180790743248185e-05,2.431760890882768e-09,4.6180790743248185e-05,,
CA1 Pyramidal,CA1 OR LM,33,51,0.005440641679665413,-9.484474154455516e-07,0.008374244965529248,-5.160162539444005e-09,4.5561266195186675e-05,4.5561266195186675e-05,,
MEC LII Stellate,MEC LIII Superficial Multipolar Interneuron,65,83,0.023863749182620467,-0.0019029141022579002,5.166129528236478e-07,-4.5410664852353924e-05,1.232832193067647e-08,4.5410664852353924e-05,,
CA2 Pyramidal,CA1 Oriens Alveus,28,49,0.005624984325801422,-9.542212964794696e-07,0.007995065608347082,-5.367479836042928e-09,4.497211873070635e-05,4.497211873070635e-05,,
MEC LIII Superficial Multipolar Interneuron,MEC LII Stellate,83,65,-6.380085627196813e-05,0.7046348459065721,5.166129528236478e-07,-4.495630652790562e-05,-3.29603487513386e-11,4.495630652790562e-05,,
CA3c Pyramidal,CA3 Pyramidal,15,14,0.00022767457131879861,0.0008461849213812105,0.1965663501272226,1.926547892318984e-07,4.475315950091628e-05,4.475315950091628e-05,,
CA1 Trilaminar,CA1 Perforant Path Associated QuadD,59,53,-0.0003617690061985688,3.6801052970586695e-07,0.11634844279392156,-1.3313480360230037e-10,-4.209126052230804e-05,4.209126052230804e-05,,
MEC LII III Pyramidal Multiform,EC LI II Multipolar Pyramidal,66,62,6.181601316128499e-05,0.6716116194883774,9.050637185963597e-09,4.1516352709565466e-05,5.59474307405541e-13,4.1516352709565466e-05,,
CA3 Pyramidal,CA3 Lucidum ORAX,14,22,0.017758500168797667,-2.948102684721503e-08,0.002282524229200226,-5.235388202425966e-10,4.053420690953698e-05,4.053420690953698e-05,,
MEC LII Stellate,MEC LIII Complex Pyramidal,65,70,0.0019032463279600252,0.02035259759494689,4.8186651253562997e-08,3.873600663703071e-05,9.171106705503411e-11,3.873600663703071e-05,,
CA3 Pyramidal,CA2 Wide Arbor Basket,14,30,0.007672429337994394,-3.867085390730021e-05,0.004861602515506741,-2.9669939404366527e-07,3.730030176964127e-05,3.730030176964127e-05,,
CA3 Pyramidal,CA1 Schaffer Collateral Associated,14,57,0.0033284558082432615,-1.921388435608955e-06,0.010894627587580035,-6.39525649839406e-09,3.626228647252804e-05,3.626228647252804e-05,,
EC LII III Pyramidal Tripolar,MEC LIII Complex Pyramidal,67,70,0.001481415612748706,0.023735180605677704,1.0899657192085855e-08,3.5161667120661235e-05,1.6146922337964706e-11,3.5161667120661235e-05,,
EC LI II Multipolar Pyramidal,EC LIII Pyramidal Stellate,62,73,0.011094129547557325,0.003075587231508807,1.3226434619407143e-05,3.412096318117189e-05,1.4673577911999992e-07,3.412096318117189e-05,,
CA1 Pyramidal,CA1 Basket,33,38,0.004204485866716877,-2.7844522312719178e-05,0.00795595210046202,-1.1707190052931052e-07,3.3450688162669014e-05,3.3450688162669014e-05,,
CA3c Pyramidal,CA1 O LMR,15,48,0.004610232330492297,-2.04788429463267e-07,0.0071518924089755955,-9.44122238422295e-10,3.297188560806173e-05,3.297188560806173e-05,,
CA2 Pyramidal,CA2 Basket,28,29,0.009431477781874704,-3.4614509349334882e-06,0.003461736421740239,-3.264659758587462e-08,3.2649290148349505e-05,3.2649290148349505e-05,,
CA3 Pyramidal,CA3 Basket,14,19,0.015842803071331766,-4.127828558977014e-05,0.0020422394905056417,-6.539637497209202e-07,3.23547980725778e-05,3.23547980725778e-05,,
CA3c Pyramidal,CA1 O LM,15,46,0.0041319188176228054,-1.555588019626099e-07,0.007350796783009062,-6.427563410761672e-10,3.0372895552236325e-05,3.0372895552236325e-05,,
CA1 Pyramidal,CA1 Basket CCK+,33,40,0.003914078159350904,-4.524217276853982e-05,0.0076695903351233895,-1.7708140031492192e-07,3.0019376021875236e-05,3.0019376021875236e-05,,
EC LIII Pyramidal Stellate,CA1 Oriens Alveus,73,49,0.00949820875642265,-1.688395700955669e-06,0.00298163150100542,-1.6036734831123493e-08,2.8320158431275287e-05,2.8320158431275287e-05,,
CA3 Pyramidal,CA3 Mossy Fiber Associated ORDEN,14,25,0.014966270398898293,-4.857531546986966e-07,0.0018558295226743873,-7.269913060338566e-09,2.777484645060323e-05,2.777484645060323e-05,,
CA2 Pyramidal,CA2 Bistratified,28,31,0.008170096018280459,-4.927383312997912e-07,0.0033987737857257942,-4.025719478606581e-09,2.7768308173794313e-05,2.7768308173794313e-05,,
CA2 Pyramidal,CA1 Radiatum,28,56,0.006350034959073466,-1.643482490824894e-07,0.004289445551529135,-1.0436171271363214e-09,2.723812920725217e-05,2.723812920725217e-05,,
CA1 Pyramidal,CA1 Oriens Alveus,33,49,0.004512726443325547,-1.2417618080363628e-06,0.006024590403478796,-5.603731347437436e-09,2.718732842398409e-05,2.718732842398409e-05,,
CA3c Pyramidal,DG Granule,15,0,0.004262683440604977,0.0001564520162297019,0.006294336826774045,6.669054188316113e-07,2.68307653610798e-05,2.68307653610798e-05,,
CA2 Pyramidal,CA1 SO SO,28,58,0.008060395954807866,-9.361967877570682e-07,0.003323863435698767,-7.546116800941192e-09,2.6791655391440115e-05,2.6791655391440115e-05,,
EC LIII Pyramidal Stellate,CA1 Basket,73,38,0.006599204070861001,-3.785957295811966e-05,0.0039374821879227,-2.498430479862823e-07,2.5984248483482163e-05,2.5984248483482163e-05,,
MEC LII Stellate,CA3 Pyramidal,65,14,0.00233610471595685,0.010603516760245187,0.0005347025147230414,2.4770925509336282e-05,1.2491210662784841e-06,2.4770925509336282e-05,,
LEC LIII Complex Pyramidal,EC LII III Pyramidal Tripolar,69,67,0.00021812849152541016,0.11098507721834447,7.565468562755482e-09,2.4209007475468644e-05,1.6502442452767663e-12,2.4209007475468644e-05,,
CA1 Pyramidal,CA1 SO SO,33,58,0.00918562333154743,-1.2183058794979058e-06,0.0025046593409162594,-1.1190898911677375e-08,2.3006857279498603e-05,2.3006857279498603e-05,,
CA2 Pyramidal,CA1 Bistratified,28,41,0.004029473630638766,-5.889068409885074e-06,0.005663953934887372,-2.3729845866659672e-08,2.282275302578134e-05,2.282275302578134e-05,,
MEC LIII Complex Pyramidal,MEC LII Stellate,70,65,0.0007103499149357363,0.03104891946912898,4.8186651253562997e-08,2.20555973037423e-05,3.4229383619006466e-11,2.20555973037423e-05,,
EC LI II Pyramidal Fan,EC LII III Pyramidal Tripolar,63,67,0.001270360484954009,0.0173280212637908,3.2917214670144284e-07,2.201283349596266e-05,4.181672879169971e-10,2.201283349596266e-05,,
EC LI II Multipolar Pyramidal,MEC LV Pyramidal,62,78,0.0013876786247492751,0.014796639383217453,3.527307374697379e-07,2.0532980190214157e-05,4.894769046788035e-10,2.0532980190214157e-05,,
CA1 Pyramidal,LEC LIII Multipolar Principal,33,68,0.0017890892977875863,0.011160828214538208,6.8221164742714255e-06,1.9967718313076043e-05,1.2205375572379389e-08,1.9967718313076043e-05,,
CA2 Pyramidal,CA1 Axo Axonic,28,35,0.0042624926138348325,-7.936043068023347e-07,0.004527590804352668,-3.3827324960524637e-09,1.9298822362019756e-05,1.9298822362019756e-05,,
CA1 Pyramidal,MEC LV Pyramidal,33,78,0.0020388278265249427,0.0094338530269799,4.298778538756642e-05,1.923400206275318e-05,8.764469304885273e-08,1.923400206275318e-05,,
CA1 Perforant Path Associated,CA1 Perforant Path Associated QuadD,52,53,-0.00016157701940485038,1.6982266119384337e-07,0.11859299338730035,-2.743943942310096e-11,-1.916190239381912e-05,1.916190239381912e-05,,
CA3 Pyramidal,CA3 Axo Axonic,14,17,0.012122446264547814,-1.4696508122266402e-07,0.0015606815312053884,-1.7815762998866496e-09,1.8919277998109524e-05,1.8919277998109524e-05,,
DG Granule,DG Axo Axonic,0,5,0.11419089361554328,-2.7088661021914415e-07,0.00016524852300024064,-3.093278408940943e-08,1.8869876510046135e-05,1.8869876510046135e-05,,
CA1 Pyramidal,CA1 Back Projection,33,37,0.00815487125935704,-8.126603951592262e-05,0.0022482874516268807,-6.627140900101709e-07,1.833449472204513e-05,1.833449472204513e-05,,
MEC LII Stellate,EC LI II Pyramidal Fan,65,63,7.280621543144634e-05,0.2506270659647042,1.4552479179809568e-06,1.8247208157577567e-05,1.059510934226853e-10,1.8247208157577567e-05,,
EC LIII Pyramidal Stellate,EC LII III Pyramidal Tripolar,73,67,0.0001516103910682762,0.12002913214481228,1.0955596200596468e-05,1.8197663664060792e-05,1.6609822243585515e-09,1.8197663664060792e-05,,
EC LIII Pyramidal Stellate,CA1 Pyramidal,73,33,0.0031862225050312155,0.005659309904365481,0.001611923976176114,1.8031820580235354e-05,5.135948449291735e-06,1.8031820580235354e-05,,
MEC LIII Superficial Multipolar Interneuron,MEC LIII Bipolar Complex Pyramidal,83,71,-0.00023934463557669,0.07397605245247657,6.631489262913879e-09,-1.770577131564011e-05,-1.5872113809628549e-12,1.770577131564011e-05,,
CA1 Pyramidal,CA1 Horizontal Basket,33,39,0.010445654553020352,-1.1917807647739904e-05,0.0016638141517018527,-1.244893017176351e-07,1.7379627869104152e-05,1.7379627869104152e-05,,
CA1 Pyramidal,CA1 Bistratified,33,41,0.004017288921112508,-7.66365230297085e-06,0.004268007818002521,-3.078710549198316e-08,1.7145820522483098e-05,1.7145820522483098e-05,,
CA3 Pyramidal,CA1 Ivy,14,42,0.001801384135383448,-1.3806956700143576e-06,0.009508498897079108,-2.487163275756484e-09,1.7128459064509316e-05,1.7128459064509316e-05,,
DG Granule,DG AIPRIM,0,4,0.1335157384358554,-4.127514971119761e-06,0.0001257261387360533,-5.510882092741033e-07,1.678641825403296e-05,1.678641825403296e-05,,
CA2 Pyramidal,CA3 Pyramidal,28,14,0.0007075955570668568,0.004790357409499605,0.023615729433402503,3.389635619724218e-06,1.671038522396861e-05,1.671038522396861e-05,,
CA2 Pyramidal,CA1 Back Projection,28,37,0.00551845646703388,-6.244819665476835e-05,0.0029836394639876102,-3.446176546841099e-07,1.6465084495339926e-05,1.6465084495339926e-05,,
CA1 Bistratified,CA1 Perforant Path Associated QuadD,41,53,-0.0005554187063328898,2.419537395883109e-08,0.029486328928572038,-1.3438563303454454e-11,-1.6377258668013545e-05,1.6377258668013545e-05,,
MEC LIII Superficial Multipolar Interneuron,EC LI II Pyramidal Fan,83,63,-4.001746763214193e-06,3.974936640645956,2.556662655398344e-07,-1.590668983568645e-05,-1.0231116505870927e-12,1.590668983568645e-05,,
CA2 Pyramidal,DG AIPRIM,28,4,0.015989290152312784,-6.81321354072663e-06,0.0009536533373092457,-1.0893844817234441e-07,1.5248239914958944e-05,1.5248239914958944e-05,,
EC LI II Pyramidal Fan,MEC LII Stellate,63,65,0.002911140898849459,0.005127047073164054,1.4552479179809568e-06,1.4925556425014292e-05,4.236431731999886e-09,1.4925556425014292e-05,,
CA1 Basket CCK+,CA1 Basket,40,38,-0.0007944064966313044,-9.283610857702e-05,0.018734677180527896,7.374960777555386e-08,-1.488294926450161e-05,1.488294926450161e-05,,
CA1 Perforant Path Associated,CA1 Perforant Path Associated,52,52,-0.00016199600934642476,-4.222550644016691e-05,0.09047090826273554,6.840363535938798e-09,-1.4655926100509644e-05,1.4655926100509644e-05,,
EC LIII Pyramidal Stellate,CA1 Axo Axonic,73,35,0.0086413753041373,-1.4042005819913016e-06,0.0016884923810789494,-1.2134224231274859e-08,1.4590896363079621e-05,1.4590896363079621e-05,,
MEC LII Stellate,MEC LV Pyramidal,65,78,0.0008996700647113422,0.016046559184523208,1.2916666320695248e-06,1.4436608939934376e-05,1.1620738024594709e-09,1.4436608939934376e-05,,
MEC LII Stellate,CA2 Pyramidal,65,28,0.0035994443574240914,0.003992837132196277,0.0001298727352962069,1.437199508559728e-05,4.674696842451646e-07,1.437199508559728e-05,,
CA1 Trilaminar,CA1 Trilaminar,59,59,-0.0001635327524811752,-0.0001025606388712387,0.08707872031855206,1.6772023570841474e-08,-1.4240222816231255e-05,1.4240222816231255e-05,,
CA2 Pyramidal,CA1 Pyramidal,28,33,0.0032940291028402307,0.0031984409999777194,0.004322277230050067,1.0535757737644018e-05,1.423770698632858e-05,1.423770698632858e-05,,
LEC LIII Multipolar Principal,EC LII III Pyramidal Tripolar,68,67,0.00018615013927689123,0.07594679657524776,4.636717018308604e-08,1.4137506760116097e-05,8.631255187456784e-12,1.4137506760116097e-05,,
CA2 Pyramidal,DG Axo Axonic,28,5,0.010870534921731508,-4.4714757757642024e-07,0.0012534370897641556,-4.860733357212125e-09,1.3625531656474764e-05,1.3625531656474764e-05,,
EC LI II Multipolar Pyramidal,EC LIII V Bipolar Pyramidal,62,75,0.0037761004777920014,0.0035696452059697605,9.740719078182669e-08,1.347933896781034e-05,3.678193396516324e-10,1.347933896781034e-05,,
MEC LII III Pyramidal Multiform,MEC LIII Complex Pyramidal,66,70,0.0007650268805404518,0.017375430088811615,5.431054814223655e-10,1.3292671078892255e-05,4.1549029225697257e-13,1.3292671078892255e-05,,
EC LIII V Bipolar Pyramidal,EC LII III Pyramidal Tripolar,75,67,0.0002026917822038268,0.0645519965067689,8.068341015154011e-08,1.3084159216772191e-05,1.6353864197897997e-11,1.3084159216772191e-05,,
CA2 Pyramidal,CA1 Quadrilaminar,28,54,0.002959969654893528,-3.9928046162470945e-08,0.004215278304230427,-1.1818580502010197e-10,1.2477095867453112e-05,1.2477095867453112e-05,,
DG Granule,CA2 Basket,0,29,0.02730528527135925,-2.096982645609363e-06,0.0004563825623002331,-5.72587093474533e-08,1.246165605648175e-05,1.246165605648175e-05,,
MEC LIII Complex Pyramidal,MEC LIII Complex Pyramidal,70,70,0.0008655282315657763,0.014223433976348347,7.89631822392435e-10,1.2310783656341361e-05,6.834486348233854e-13,1.2310783656341361e-05,,
CA3c Pyramidal,DG Basket,15,6,0.005265287626076803,-1.3648540393307756e-06,0.002311438033083986,-7.186349084689274e-09,1.2170386074040415e-05,1.2170386074040415e-05,,
CA1 Basket CCK+,CA1 Basket CCK+,40,40,-0.0006621247039842997,-0.00015084141922886866,0.018060352453239288,9.987583005548632e-08,-1.1958205521953185e-05,1.1958205521953185e-05,,
CA1 Back Projection,CA1 Perforant Path Associated QuadD,37,53,-0.0007691381349075791,4.795156225872117e-08,0.015532713657417213,-3.688137516157746e-11,-1.1946802412519356e-05,1.1946802412519356e-05,,
CA3 Pyramidal,CA3 O LM,14,26,0.00920593865446651,-7.801215381314995e-06,0.0012574372735837391,-7.181751023066642e-08,1.1575890402451525e-05,1.1575890402451525e-05,,
CA3 Pyramidal,CA2 SP SR,14,32,0.004511168325158335,-3.85617507971857e-08,0.002478841176137444,-1.7395854875891327e-10,1.118246979688947e-05,1.118246979688947e-05,,
MEC LIII Bipolar Complex Pyramidal,MEC LIII Complex Pyramidal,71,70,0.0005127441840169757,0.021577623800981476,6.185467450191104e-10,1.106380110885952e-05,3.171562460511801e-13,1.106380110885952e-05,,
CA1 Pyramidal,CA1 Horizontal Axo Axonic,33,36,0.006871651211260926,-5.192154408931613e-07,0.0015959387181329681,-3.5678674133188677e-09,1.096673422555662e-05,1.096673422555662e-05,,
EC LII III Pyramidal Tripolar,LEC LIII Complex Pyramidal,67,69,0.0008772082337674433,0.012497879442049338,7.565468562755482e-09,1.096324275119854e-05,6.636491315557854e-12,1.096324275119854e-05,,
CA3c Pyramidal,CA3 Lucidum ORAX,15,22,0.0023012026307799903,-1.3755550558762843e-08,0.004614545859942518,-3.165430913365222e-11,1.0619005072754634e-05,1.0619005072754634e-05,,
MEC LIII Superficial Multipolar Interneuron,MEC LII III Pyramidal Multiform,83,66,-0.00012431549401779177,0.08523629462520443,5.822677425245873e-09,-1.0596192074578339e-05,-7.238490206256846e-13,1.0596192074578339e-05,,
CA3c Pyramidal,DG MOLAX,15,10,0.0048253386260793734,-8.799248158877382e-07,0.002177393956392143,-4.245935202148884e-09,1.0506663161970795e-05,1.0506663161970795e-05,,
CA2 Pyramidal,CA1 Horizontal Basket,28,39,0.004620757570558392,-9.15813789023079e-06,0.00220800127677916,-4.2317534988501583e-08,1.02026386154799e-05,1.02026386154799e-05,,
CA2 Pyramidal,CA1 Schaffer Collateral Associated,28,57,0.003794660340602394,-5.075200206274387e-06,0.0026461724900721955,-1.9258660943366505e-08,1.0041325802470042e-05,1.0041325802470042e-05,,
MEC LIII Complex Pyramidal,EC LII III Pyramidal Tripolar,70,67,9.409866655419014e-05,0.10493688259561253,1.0899657192085855e-08,9.874420724600743e-06,1.0256432076730674e-12,9.874420724600743e-06,,
CA2 Pyramidal,CA1 Radial Trilaminar,28,60,0.002346230384303713,-4.861620142035543e-07,0.004001358273550426,-1.1406480894186723e-09,9.388108359889057e-06,9.388108359889057e-06,,
CA1 Perforant Path Associated,CA1 LMR,52,43,-0.00023398970374001004,-6.148101252356496e-06,0.03959772275979045,1.4385923906024813e-09,-9.265459417342419e-06,9.265459417342419e-06,,
CA1 R Receiving Apical Targeting,CA1 Perforant Path Associated QuadD,55,53,-0.00010756652636718437,9.696364739683784e-08,0.08249385197672733,-1.0430042734370326e-11,-8.873577103785244e-06,8.873577103785244e-06,,
EC LI II Multipolar Pyramidal,EC LIII Stellate,62,74,0.017474593452335166,0.0004967696513027821,8.046327382339093e-09,8.68084769597442e-06,1.4060629979076787e-10,8.68084769597442e-06,,
MEC LIII Complex Pyramidal,MEC LIII Superficial Multipolar Interneuron,70,83,0.006253179796980326,-0.0013298534975627547,8.4657060990415e-09,-8.315813023903043e-06,5.293758234569943e-11,8.315813023903043e-06,,
CA2 Pyramidal,CA1 Horizontal Axo Axonic,28,36,0.0039136675553391965,-3.9898668807079587e-07,0.0021179256852061823,-1.5615012561149143e-09,8.288857038810972e-06,8.288857038810972e-06,,
EC LII III Pyramidal Tripolar,LEC LIII Multipolar Principal,67,68,0.0003682900843209752,0.02213920056424633,4.636717018308604e-08,8.153648042605263e-06,1.7076569016453764e-11,8.153648042605263e-06,,
CA1 Pyramidal,CA1 Axo Axonic,33,35,0.002307110787401218,-1.03274525785174e-06,0.0034117143557026064,-2.3826577250272016e-09,7.871202993573078e-06,7.871202993573078e-06,,
CA1 Basket CCK+,CA1 OR LM,40,51,-0.00039827797624948094,-3.162207857294666e-06,0.019719673280931466,1.2594377458835268e-09,-7.853911566630347e-06,7.853911566630347e-06,,
CA1 Pyramidal,CA1 Radial Trilaminar,33,60,0.0026007764964805016,-6.326597655945255e-07,0.0030151778405100825,-1.6454066486271054e-09,7.841803660307458e-06,7.841803660307458e-06,,
EC LII III Pyramidal Tripolar,MEC LIII Superficial Trilayered Interneuron,67,84,0.0014684200357330598,-0.005326250597109241,5.4399054749614e-09,-7.821173092130383e-06,7.988066191927286e-12,7.821173092130383e-06,,
CA1 Pyramidal,CA1 Quadrilaminar,33,54,0.002445565834502652,-5.195977387739642e-08,0.0031763748371427428,-1.2707104776304408e-10,7.768033779290218e-06,7.768033779290218e-06,,
MEC LII III Pyramidal Multiform,EC LII III Pyramidal Tripolar,66,67,6.016938457400994e-05,0.12819150918897915,7.496738858258114e-09,7.713204215514415e-06,4.5107416341345665e-13,7.713204215514415e-06,,
MEC LII Stellate,MEC LIII Superficial Trilayered Interneuron,65,84,0.0016872855212470273,-0.004567188128616085,2.4049456175983574e-08,-7.706150402225226e-06,4.057829919960198e-11,7.706150402225226e-06,,
CA1 Pyramidal,EC LIII V Bipolar Pyramidal,33,75,0.0033697602863465917,0.0022758889609607795,1.1871149768721671e-05,7.669200236780243e-06,4.0002929043910815e-08,7.669200236780243e-06,,
CA1 Pyramidal,EC LIV VI Deep Multipolar Principal,33,76,0.003204386141129911,0.0023774303212718596,1.1579768903095042e-05,7.618204772985579e-06,3.710605099056487e-08,7.618204772985579e-06,,
CA1 Basket,CA1 Basket,38,38,-0.0003905597185739229,-8.414905431196356e-05,0.01943417936982951,3.286523097034224e-08,-7.590207625395752e-06,7.590207625395752e-06,,
MEC LIII Bipolar Complex Pyramidal,MEC LII Stellate,71,65,0.0001599078791702102,0.04710268313867741,3.7746321058790174e-08,7.532090163932324e-06,6.03593414698898e-12,7.532090163932324e-06,,
DG Granule,CA3c Pyramidal,0,15,0.0010731961054675264,0.006938582688012406,0.006294336826774045,7.446459918239315e-06,6.7550577689947335e-06,7.446459918239315e-06,,
EC LII III Pyramidal Tripolar,MEC LII III Pyramidal Multiform,67,66,0.0011859039003592343,0.006267509718702198,7.496738858258114e-09,7.432664220948343e-06,8.890411851982931e-12,7.432664220948343e-06,,
CA2 Pyramidal,CA2 Pyramidal,28,28,0.001287909461142078,0.0018038465325818291,0.005735973355426901,2.3231910157604693e-06,7.3874143533131765e-06,7.3874143533131765e-06,,
EC LIII Stellate,EC LII III Pyramidal Tripolar,74,67,4.156770182386142e-05,0.1769655473003608,6.664858386655739e-09,7.356051103277842e-06,2.7704284611476783e-13,7.356051103277842e-06,,
CA1 Bistratified,CA1 Trilaminar,41,59,-0.0003321591664616646,-6.742994590208019e-06,0.022068467169258043,2.2397474625390095e-09,-7.330243660027363e-06,7.330243660027363e-06,,
MEC LIII Superficial Trilayered Interneuron,MEC LII Stellate,84,65,-0.00013827120001101237,0.05187451997384525,2.4049456175983574e-08,-7.1727521267788124e-06,-3.3253471650655016e-12,7.1727521267788124e-06,,
CA3c Pyramidal,CA3 Basket,15,19,0.001736153867902634,-1.9260032812010872e-05,0.00412876571707894,-3.3438380462504315e-08,7.168172569370393e-06,7.168172569370393e-06,,
MEC LII III Pyramidal Multiform,MEC LII Stellate,66,65,0.00018343523046721128,0.03792954152042951,3.314257820550658e-08,6.957614190315646e-06,6.0795164714046735e-12,6.957614190315646e-06,,
MEC LII Stellate,MEC LII III Pyramidal Multiform,65,66,0.0012934401363610968,0.005374305144181244,3.314257820550658e-08,6.9513419785359324e-06,4.286794087348875e-11,6.9513419785359324e-06,,
CA1 Pyramidal,CA1 Pyramidal,33,33,0.0016633722318544928,0.004162244013713875,0.0032570026560067348,6.923361114614251e-06,5.417607777077933e-06,6.923361114614251e-06,,
EC LIII Pyramidal Stellate,CA1 Quadrilaminar,73,54,0.004340797718776402,-7.064854005773689e-08,0.00157202044274363,-3.0667102151750753e-10,6.823822751731419e-06,6.823822751731419e-06,,
LEC LIII Complex Pyramidal,LEC LIII Multipolar Principal,69,68,0.00048519419604480793,0.014031699823640286,2.3315535067594637e-09,6.808099315073222e-06,1.1312562292476106e-12,6.808099315073222e-06,,
MEC LIII Superficial Multipolar Interneuron,MEC LIII Superficial Trilayered Interneuron,83,84,-9.192147380609609e-05,-0.07243544653599375,4.225145813854439e-09,6.658373001391223e-06,-3.8838163025515733e-13,6.658373001391223e-06,,
CA1 Schaffer Collateral Associated,CA1 Perforant Path Associated QuadD,57,53,-0.0004819677707384608,1.601119525154446e-08,0.013775873416519733,-7.716880082245113e-12,-6.6395270005352395e-06,6.6395270005352395e-06,,
MEC LII III Pyramidal Multiform,MEC LIII Superficial Multipolar Interneuron,66,83,0.004028615758243513,-0.0016245568063019593,5.822677425245873e-09,-6.544715150029828e-06,2.345733003051429e-11,6.544715150029828e-06,,
MEC LV Pyramidal,MEC LII Stellate,78,65,0.000536207710473814,0.01204566694168033,1.2916666320695248e-06,6.458979491928519e-06,6.926016074774223e-10,6.458979491928519e-06,,
EC LI II Pyramidal Fan,EC LI II Pyramidal Fan,63,63,0.0002207432509656476,0.02892233812708513,7.201867444307325e-07,6.384410943700471e-06,1.589763632680059e-10,6.384410943700471e-06,,
CA1 Basket CCK+,CA1 Radial Trilaminar,40,60,-0.000898548337086944,-2.1093438067068682e-06,0.007100141223896664,1.8953473698611004e-09,-6.3798200898148065e-06,6.3798200898148065e-06,,
CA1 Trilaminar,CA1 Perforant Path Associated,59,52,-7.187364145616296e-05,-9.150387164412001e-05,0.08875861038556276,6.576716462400239e-09,-6.3794045389992e-06,6.3794045389992e-06,,
EC LIII Pyramidal Stellate,MEC LIII Complex Pyramidal,73,70,0.00038547435533337895,0.016269079031813252,7.936843554633957e-07,6.2713127516560065e-06,3.0594496526044084e-10,6.2713127516560065e-06,,
MEC LII Stellate,MEC LIII Bipolar Complex Pyramidal,65,71,0.0013415689636574637,0.00466432616515928,3.7746321058790174e-08,6.257515219553128e-06,5.063929282472303e-11,6.257515219553128e-06,,
EC LIII Pyramidal Stellate,MEC LIII Superficial Multipolar Interneuron,73,83,0.004076121684816316,-0.0015211159055231412,8.509153631122278e-06,-6.2002535276218825e-06,3.4684345635251016e-08,6.2002535276218825e-06,,
DG Granule,CA2 Bistratified,0,31,0.01334615313730375,-2.985059586239761e-07,0.0004480818005862595,-3.9839062361932416e-09,5.98016832866302e-06,5.98016832866302e-06,,
CA3 Pyramidal,CA3 Mossy Fiber Associated,14,24,0.006871732064395712,-1.4395078206412447e-06,0.0008702374426662206,-9.891912048048833e-09,5.980038538407193e-06,5.980038538407193e-06,,
EC LI II Pyramidal Fan,MEC LIII Superficial Multipolar Interneuron,63,83,0.02620332757346042,-0.00021959609541952844,2.556662655398344e-07,-5.754148422130775e-06,6.699306905423596e-09,5.754148422130775e-06,,
CA1 Basket,CA1 Basket CCK+,38,40,-0.0003051106688853456,-0.0001367265708757391,0.018734677180527896,4.171673549429637e-08,-5.716149885901887e-06,5.716149885901887e-06,,
CA1 R Receiving Apical Targeting,CA1 Perforant Path Associated,55,52,-8.936434459021135e-05,-2.4109498042453733e-05,0.06293199540088004,2.1545294909628614e-09,-5.6238765227538405e-06,5.6238765227538405e-06,,
CA3c Pyramidal,CA3 Mossy Fiber Associated ORDEN,15,25,0.0014695326659353027,-2.266475354866304e-07,0.0037519034107326293,-3.330659570513341e-10,5.513544621505676e-06,5.513544621505676e-06,,
EC LIII V Bipolar Pyramidal,MEC LIII Complex Pyramidal,75,70,0.0006284951970827758,0.008749555329308831,5.8451552257126325e-09,5.4990535010806056e-06,3.673651985563678e-12,5.4990535010806056e-06,,
EC LIII V Bipolar Pyramidal,LEC LIII Multipolar Principal,75,68,0.0006505448267530542,0.00816122546112843,2.4865305607405704e-08,5.30924300370241e-06,1.6175995928531493e-11,5.30924300370241e-06,,
EC LII III Pyramidal Tripolar,MEC LV Pyramidal,67,78,0.00028007442695161366,0.018713482569857127,2.9217061426265656e-07,5.2411679070217455e-06,8.182951736171449e-11,5.2411679070217455e-06,,
CA1 Ivy,CA1 Perforant Path Associated QuadD,42,53,-0.00041352306245468216,8.951063402945794e-09,0.012023162438026477,-3.701471150612174e-12,-4.971854951762811e-06,4.971854951762811e-06,,
MEC LIII Bipolar Complex Pyramidal,EC LII III Pyramidal Tripolar,71,67,3.114940579908684e-05,0.15919422688368323,8.538089887970849e-09,4.958805574071749e-06,2.659564266694839e-13,4.958805574071749e-06,,
CA3c Pyramidal,DG Total Molecular Layer,15,11,0.003193972416021087,-1.0172037612407612e-06,0.0015378524422564664,-3.248920754875891e-09,4.911858280477815e-06,4.911858280477815e-06,,
EC LI II Multipolar Pyramidal,EC LIII Pyramidal,62,72,0.01432741431343808,0.0003373620061989147,9.903398345092217e-07,4.833525236424517e-06,1.4189009120115322e-08,4.833525236424517e-06,,
CA1 Oriens Alveus,CA1 Trilaminar,49,59,-0.0001522150860940183,-1.449320889967508e-05,0.031151179003608927,2.2060850404426347e-09,-4.741679393964509e-06,4.741679393964509e-06,,
MEC LV Pyramidal,MEC LIII Complex Pyramidal,78,70,0.0008578306781506672,0.0055180905286066765,2.116646519463503e-08,4.733587340251439e-06,1.8157243191966264e-11,4.733587340251439e-06,,
CA1 Trilaminar,CA1 Basket,59,38,-0.00011449030458554347,-0.0005521629664349443,0.04113761624068607,6.321730620799398e-08,-4.709858213319348e-06,4.709858213319348e-06,,
CA3c Pyramidal,DG HIPROM,15,9,0.0031274017108343035,-1.388618751014544e-08,0.0014788836398423684,-4.3427686576194784e-11,4.625063225367885e-06,4.625063225367885e-06,,
MEC LII III Pyramidal Multiform,MEC LV Pyramidal,66,78,0.0003267538134990996,0.01369927676189524,1.4558206677527812e-08,4.476290924128866e-06,4.756949549590269e-12,4.476290924128866e-06,,
CA1 OR LM,CA1 Perforant Path Associated QuadD,51,53,-7.704859171983617e-05,6.711408437076842e-08,0.05785503497451372,-5.171045685333974e-12,-4.45764896868815e-06,4.45764896868815e-06,,
CA1 Basket CCK+,CA1 Bistratified,40,41,-0.00044315393541445553,-2.5551296923134497e-05,0.010050305439823232,1.1323157786430321e-08,-4.453832407774976e-06,4.453832407774976e-06,,
EC LII III Pyramidal Tripolar,MEC LIII Bipolar Complex Pyramidal,67,71,0.0008110709941522133,0.005439532886029752,8.538089887970849e-09,4.411847345595809e-06,6.924997053597477e-12,4.411847345595809e-06,,
CA2 Pyramidal,CA2 Wide Arbor Basket,28,30,0.0037007452498669055,-0.00010214609502681551,0.001180824101676088,-3.7801667596294104e-07,4.369929185206138e-06,4.369929185206138e-06,,
EC LIII Pyramidal Stellate,CA1 Radial Trilaminar,73,60,0.002893877374842892,-8.602133045842058e-07,0.0014922423979574033,-2.4893518196750708e-09,4.318366513230232e-06,4.318366513230232e-06,,
CA3c Pyramidal,CA3 O LM,15,26,0.0016930153253766022,-3.6399686196009827e-06,0.0025421425502179184,-6.162522656874379e-09,4.303886296810894e-06,4.303886296810894e-06,,
CA1 Trilaminar,CA1 R Receiving Apical Targeting,59,55,-6.946183002698018e-05,-3.34650810632741e-05,0.06174091282858803,2.3245457726562587e-09,-4.288636792609981e-06,4.288636792609981e-06,,
EC LI II Pyramidal Fan,MEC LIII Complex Pyramidal,63,70,0.001803513712524671,0.0023486877091257667,2.3847062113973582e-08,4.2358904898464765e-06,4.3008503525978926e-11,4.2358904898464765e-06,,
CA3c Pyramidal,CA3 Axo Axonic,15,17,0.0013331263973992086,-6.857242848452597e-08,0.0031552070319253644,-9.141571454649099e-11,4.2062897835193106e-06,4.2062897835193106e-06,,
CA2 Pyramidal,CA1 Ivy,28,42,0.001805410689220909,-3.647001730307678e-06,0.002309498695670556,-6.5843359075046325e-09,4.169593631905369e-06,4.169593631905369e-06,,
CA1 Bistratified,CA1 Perforant Path Associated,41,52,-0.00018356740948996566,-6.016051755040497e-06,0.022494203774667137,1.1043510360303455e-09,-4.129202715455053e-06,4.129202715455053e-06,,
CA1 Trilaminar,CA1 Basket CCK+,59,40,-0.00010393128936630681,-0.0008971621794505715,0.03965693356942893,9.324322208098384e-08,-4.121596238184725e-06,4.121596238184725e-06,,
CA2 Pyramidal,CA3 Basket,28,19,0.008254446097856086,-0.00010903342585876344,0.0004960351250625422,-9.000105366157508e-07,4.094495202472057e-06,4.094495202472057e-06,,
DG Granule,DG HICAP,0,7,0.05349081467131944,-1.0951777215516456e-07,7.443831683313264e-05,-5.8581948535676965e-09,3.981766210166056e-06,3.981766210166056e-06,,
MEC LII Oblique Pyramidal,MEC LIII Complex Pyramidal,64,70,0.00027116405464188,0.0146062472225366,2.627251841634718e-10,3.960689219964722e-06,7.124162619430166e-14,3.960689219964722e-06,,
CA3 Basket,CA3c Pyramidal,19,15,-0.0001257046683132636,0.031201484955759907,0.00412876571707894,-3.922172317245083e-06,-5.19005125008582e-07,3.922172317245083e-06,,
CA2 Pyramidal,CA1 Recurrent O LM,28,47,0.0031782654874400657,-5.444037249587764e-07,0.0012284477515424582,-1.730259570270293e-09,3.904333091850744e-06,3.904333091850744e-06,,
CA1 Back Projection,CA1 Trilaminar,37,59,-0.00033215754707861724,-1.336359278648656e-05,0.01162515626236684,4.438818200116879e-09,-3.8613833885133954e-06,3.8613833885133954e-06,,
CA1 Basket,CA1 OR LM,38,51,-0.00018775282821381498,-2.8663071385466766e-06,0.0204559525612951,5.381572717915857e-10,-3.840662947190787e-06,3.840662947190787e-06,,
EC LII III Pyramidal Tripolar,DG Granule,67,0,0.0016715759856749512,0.0022863278372612286,3.872925344516207e-06,3.821770708146017e-06,6.473889000205178e-09,3.821770708146017e-06,,
EC LII III Pyramidal Tripolar,EC LIII Pyramidal Stellate,67,73,0.0009797579848360486,0.0038897310773279227,1.0955596200596468e-05,3.8109950818769576e-06,1.0733832856173867e-08,3.8109950818769576e-06,,
MEC LIII Bipolar Complex Pyramidal,MEC LIII Superficial Multipolar Interneuron,71,83,0.0018618276592355196,-0.0020174508159242423,6.631489262913879e-09,-3.756145730235021e-06,1.2346690131616428e-11,3.756145730235021e-06,,
EC LIV VI Deep Multipolar Principal,LEC LIII Multipolar Principal,76,68,0.0011239087198512178,0.003333548784041494,2.4254979361581856e-08,3.7466045464336593e-06,2.726038280429317e-11,3.7466045464336593e-06,,
CA1 Trilaminar,CA1 LMR,59,43,-9.555133228144247e-05,-1.332311001758724e-05,0.03884827635846153,1.273040912312693e-09,-3.712004562888664e-06,3.712004562888664e-06,,
EC LIII Pyramidal Stellate,LEC LIII Multipolar Principal,73,68,0.00023820475835037368,0.015175127995222762,3.376335322559046e-06,3.6147876970380287e-06,8.042591396200086e-10,3.6147876970380287e-06,,
CA1 Pyramidal,CA1 Ivy,33,42,0.002045969350827139,-4.74597190321254e-06,0.0017402963728349187,-9.710113053859603e-09,3.560593040175883e-06,3.560593040175883e-06,,
CA1 Basket CCK+,CA1 Horizontal Basket,40,39,-0.0009071506119889838,-3.973502839659864e-05,0.003917949810019333,3.604565532737411e-08,-3.554170567901161e-06,3.554170567901161e-06,,
CA1 Trilaminar,CA1 Oriens Alveus,59,49,-0.00011404903054645267,-2.4624408198871338e-05,0.031151179003608927,2.8083898828613968e-09,-3.55276176574061e-06,3.55276176574061e-06,,
LEC LIII Complex Pyramidal,LEC LIII Complex Pyramidal,69,69,0.0004430795385774369,0.00792108514731508,3.8042638116840575e-10,3.5096707521049544e-06,1.6855914543078135e-13,3.5096707521049544e-06,,
CA1 R Receiving Apical Targeting,CA1 LMR,55,43,-0.0001271907607574349,-3.51038146383237e-06,0.02754436486221153,4.4648808893363706e-10,-3.503388721405043e-06,3.503388721405043e-06,,
EC LI II Multipolar Pyramidal,MEC LII Oblique Pyramidal,62,64,0.009540044592345826,0.00035861264207571585,4.378210868451624e-09,3.4211805967812823e-06,4.176832691972164e-11,3.4211805967812823e-06,,
MEC LII Stellate,CA3 Basket,65,19,0.014164041843716118,-0.00024134686823735723,1.1231125826956332e-05,-3.4184471405637683e-06,1.5907813616505028e-07,3.4184471405637683e-06,,
CA1 Oriens Alveus,CA1 Perforant Path Associated QuadD,49,53,-8.210302911993846e-05,5.20048777290031e-08,0.04162200770757571,-4.2697579905631805e-12,-3.417292910845391e-06,3.417292910845391e-06,,
CA3c Pyramidal,DG Hilar Ectopic Granule,15,1,0.002736140852309446,3.581096884467026e-09,0.0012408712302455825,9.79838548166831e-12,3.3951984655304188e-06,3.3951984655304188e-06,,
CA3 Pyramidal,CA1 Oriens Bistratified,14,50,0.005134005493618569,-2.600339256885605e-07,0.0006595841605336526,-1.3350156030122726e-09,3.386308703683565e-06,3.386308703683565e-06,,
MEC LIII Superficial Trilayered Interneuron,MEC LIII Superficial Multipolar Interneuron,84,83,-0.0015203632058445953,-0.0022218329333552923,4.225145813854439e-09,3.3779930414071532e-06,-6.423756234712607e-12,3.3779930414071532e-06,,
CA1 Back Projection,CA1 Perforant Path Associated,37,52,-0.0002786024824862074,-1.1922902319028672e-05,0.011849424424107805,3.3217501845219474e-09,-3.3012790605891333e-06,3.3012790605891333e-06,,
CA1 LMR,CA1 Perforant Path Associated QuadD,43,53,-6.324475792999653e-05,6.529114459525373e-08,0.05190632617245694,-4.129322634899224e-12,-3.282803033812483e-06,3.282803033812483e-06,,
CA3 Pyramidal,CA3 Basket CCK+,14,20,0.005615725309045898,-9.125467285976894e-05,0.000583012318557813,-5.124611759473081e-07,3.2740370328106397e-06,3.2740370328106397e-06,,
EC LIII V Bipolar Pyramidal,MEC LIII Superficial Multipolar Interneuron,75,83,0.0037896180036208335,-0.0008180603064034094,6.266637797630102e-08,-3.1001360651939354e-06,2.374816342006984e-10,3.1001360651939354e-06,,
CA1 Pyramidal,CA1 Recurrent O LM,33,47,0.003347131883618716,-7.084517567367936e-07,0.0009256827770607721,-2.3712814629794123e-09,3.098382337216826e-06,3.098382337216826e-06,,
EC LIV VI Deep Multipolar Principal,MEC LIII Complex Pyramidal,76,70,0.0008499279924402509,0.003573859056809881,5.701684170038e-09,3.0375228534188306e-06,4.846020980168755e-12,3.0375228534188306e-06,,
MEC LV Pyramidal,DG Granule,78,0,0.005697123871292785,0.0005315385711058399,7.520983280615865e-06,3.0282410819599377e-06,4.2847973383590565e-08,3.0282410819599377e-06,,
CA3c Pyramidal,CA1 Radiatum Giant,15,34,0.0024199661739332033,9.461817642814138e-07,0.001231060041954822,2.289727863953461e-09,2.979123659611459e-06,2.979123659611459e-06,,
CA3 Pyramidal,CA3 Horizontal Axo Axonic,14,18,0.004719874889876673,-1.1623904654565992e-06,0.0006229105807193385,-5.4863375701406604e-09,2.940060008575702e-06,2.940060008575702e-06,,
CA1 OR LM,CA1 Perforant Path Associated,51,52,-6.520068703400888e-05,-1.6687562083301796e-05,0.044135807792816,1.0880405127539536e-09,-2.877684990892566e-06,2.877684990892566e-06,,
CA1 Basket CCK+,CA1 Axo Axonic,40,35,-0.0003580291547925119,-3.4432643452651788e-06,0.008033905468403869,1.232789023262484e-09,-2.8763723845355767e-06,2.8763723845355767e-06,,
CA1 Bistratified,CA1 R Receiving Apical Targeting,41,55,-0.00018372516088124304,-2.200209193839285e-06,0.015647075459691063,4.042337881105127e-10,-2.8747614561526903e-06,2.8747614561526903e-06,,
MEC LV Pyramidal,EC LII III Pyramidal Tripolar,78,67,7.058287361356255e-05,0.04071107011958184,2.9217061426265656e-07,2.873504316923328e-06,2.0622241540098023e-11,2.873504316923328e-06,,
MEC LV Superficial Pyramidal,EC LI II Multipolar Pyramidal,80,62,2.433519217161313e-05,0.1174908347973421,2.3192001759639695e-08,2.8591620431965707e-06,5.643818196652218e-13,2.8591620431965707e-06,,
LEC LIII Multipolar Principal,LEC LIII Multipolar Principal,68,68,0.00029555697122353626,0.009601855301811762,1.4289602467069448e-08,2.837895271130138e-06,4.223391625155418e-12,2.837895271130138e-06,,
MEC LIII Complex Pyramidal,EC LI II Pyramidal Fan,70,63,1.5869168147490706e-05,0.17515098546044705,2.3847062113973582e-08,2.7795004394705342e-06,3.7843303851030193e-13,2.7795004394705342e-06,,
CA1 Basket,CA1 Radial Trilaminar,38,60,-0.000375760420331522,-1.911963882091425e-06,0.007365241299153279,7.184403519933624e-10,-2.7675661664129216e-06,2.7675661664129216e-06,,
MEC LIII Superficial Trilayered Interneuron,EC LII III Pyramidal Tripolar,84,67,-1.5727282198039137e-05,0.17532173438793952,5.4399054749614e-09,-2.757334392168787e-06,-8.555492853537606e-14,2.757334392168787e-06,,
CA1 Ivy,CA1 Trilaminar,42,59,-0.0003039976947257182,-2.4945666144846973e-06,0.008998501175815693,7.583425001430874e-10,-2.7355236134346354e-06,2.7355236134346354e-06,,
MEC LIII Superficial Trilayered Interneuron,MEC LIII Complex Pyramidal,84,70,-0.00011118917188125921,0.023763590569918468,3.9409702508399036e-10,-2.6422539563945348e-06,-4.381932185995673e-14,2.6422539563945348e-06,,
CA1 Basket CCK+,CA1 Pyramidal,40,33,-0.00018618882811390912,0.013877290938644876,0.0076695903351233895,-2.5837965372620595e-06,-1.4279920366103874e-06,2.5837965372620595e-06,,
LEC LIII Complex Pyramidal,EC LI II Pyramidal Fan,69,63,1.3769971718182754e-05,0.1852460752155945,1.655228192574181e-08,2.5508332166230914e-06,2.279244539888523e-13,2.5508332166230914e-06,,
CA2 Pyramidal,DG HICAP,28,7,0.004496163622501077,-1.80778985277757e-07,0.0005646268149587519,-8.128118973185087e-10,2.538654545706187e-06,2.538654545706187e-06,,
MEC LV Pyramidal,MEC LIII Superficial Multipolar Interneuron,78,83,0.00487382194571362,-0.0005159268852752452,2.269273709745669e-07,-2.5145357758381633e-06,1.10600360073894e-09,2.5145357758381633e-06,,
LEC LIII Multipolar Principal,EC LI II Pyramidal Fan,68,63,1.8981723530687942e-05,0.1267634022823061,1.0144546456085708e-07,2.406187855932111e-06,1.9256097617363905e-12,2.406187855932111e-06,,
EC LIII Stellate,MEC LIII Superficial Multipolar Interneuron,74,83,0.0010583816466457837,-0.0022426647924390654,5.176560262292233e-09,-2.3735952558961827e-06,5.478776374365984e-12,2.3735952558961827e-06,,
EC LIII Stellate,MEC LIII Complex Pyramidal,74,70,9.87228323448553e-05,0.02398639749776855,4.828394307358342e-10,2.3680050987292616e-06,4.766727617001914e-14,2.3680050987292616e-06,,
CA2 Pyramidal,CA3 Lucidum ORAX,28,22,0.00425642209220563,-7.787187159203755e-08,0.0005543973646348843,-3.314555546057486e-10,2.3597491906925015e-06,2.3597491906925015e-06,,
CA1 Pyramidal,LEC LVI Multipolar Pyramidal,33,82,0.006292675371782161,0.00037321489794569113,2.0572580342451808e-05,2.348520196685043e-06,1.294565696549563e-07,2.348520196685043e-06,,
CA1 SO SO,CA1 Trilaminar,58,59,-0.00017218255964203446,-1.5648190714783043e-05,0.012950771130746159,2.6943455310380613e-09,-2.2298969226300384e-06,2.2298969226300384e-06,,
CA2 Pyramidal,CA3 Mossy Fiber Associated ORDEN,28,25,0.004943073578264906,-1.2830797069640536e-06,0.00045075841185826125,-6.342357398301891e-09,2.2281319958372214e-06,2.2281319958372214e-06,,
MEC LIII Superficial Trilayered Interneuron,EC LI II Pyramidal Fan,84,63,-7.5758711176093054e-06,0.29263090146310744,1.1901820531543157e-08,-2.2169339945143304e-06,-9.016665841188723e-14,2.2169339945143304e-06,,
DG Granule,CA2 Pyramidal,0,28,0.002000944710970088,0.001092788817542319,0.0007562095718193384,2.1866100046685595e-06,1.51313354311686e-06,2.1866100046685595e-06,,
CA1 R Receiving Apical Targeting,CA1 R Receiving Apical Targeting,55,55,-4.9623149328794226e-05,-8.817400749156265e-06,0.0437757962331375,4.3754719406720344e-10,-2.17229287346385e-06,2.17229287346385e-06,,
CA1 Bistratified,CA1 LMR,41,43,-0.0002191100286111793,-8.759467546426369e-07,0.009845366448458475,1.9192871847161783e-10,-2.1572185242092812e-06,2.1572185242092812e-06,,
MEC LIII Superficial Multipolar Interneuron,EC LIII Pyramidal Stellate,83,73,-4.031407806147547e-05,0.05289920223507677,8.509153631122278e-06,-2.1325825682946624e-06,-3.43038683722151e-10,2.1325825682946624e-06,,
CA1 Perforant Path Associated,CA1 Basket,52,38,-4.9375584445911935e-05,-0.0002548019059335468,0.04193122772981246,1.258099302340115e-08,-2.0703788756941196e-06,2.0703788756941196e-06,,
CA1 Back Projection,CA3c Pyramidal,37,15,-5.360526692175541e-05,0.03851175629159913,0.024834427460117124,-2.0644329756367646e-06,-1.3312561128485507e-06,2.0644329756367646e-06,,
CA1 Perforant Path Associated,CA1 Basket CCK+,52,40,-5.091099210725815e-05,-0.0004140057322776532,0.04042198028288177,2.1077442568347232e-08,-2.0579231191415383e-06,2.0579231191415383e-06,,
CA1 Trilaminar,CA1 Pyramidal,59,33,-2.398609897592693e-05,0.08253820898153905,0.01684089140631195,-1.9797696499269365e-06,-4.0394728811463566e-07,1.9797696499269365e-06,,
CA1 Back Projection,CA1 LMR,37,43,-0.00036166880070732807,-1.7359936412654803e-06,0.005186310519247605,6.278547382720337e-10,-1.8757267055920814e-06,1.8757267055920814e-06,,
CA1 Basket,CA1 Bistratified,38,41,-0.00017942019647683744,-2.3160357596658006e-05,0.010425556669965226,4.155435910466194e-09,-1.870555426105564e-06,1.870555426105564e-06,,
CA1 Schaffer Collateral Associated,CA1 Trilaminar,57,59,-0.0001813099015172096,-4.462150622165645e-06,0.010310283486179744,8.090320898598086e-10,-1.8693564834937618e-06,1.8693564834937618e-06,,
EC LIII Pyramidal Stellate,CA1 Schaffer Collateral Associated,73,57,0.0018346582475213308,-8.980040836834711e-06,0.0009868475932525073,-1.6475305984377154e-08,1.8105280760072881e-06,1.8105280760072881e-06,,
CA1 Trilaminar,CA1 Radial Trilaminar,59,60,-0.000116019541145961,-1.2545781500267924e-05,0.015590494680469635,1.4555558129785707e-09,-1.808802039066633e-06,1.808802039066633e-06,,
LEC LIII Multipolar Principal,LEC LIII Complex Pyramidal,68,69,0.00033107433495734853,0.005420377742809922,2.3315535067594637e-09,1.7945479564184087e-06,7.719175266678633e-13,1.7945479564184087e-06,,
CA1 Perforant Path Associated,CA1 Oriens Alveus,52,49,-5.625678686576774e-05,-1.1363214346062658e-05,0.03175213588483546,6.392579275764813e-10,-1.786273141006084e-06,1.786273141006084e-06,,
CA2 Pyramidal,CA1 O LM,28,46,0.0020207292175641565,-8.806376015045555e-07,0.0008831340045491659,-1.779530131445876e-09,1.7845746860169363e-06,1.7845746860169363e-06,,
CA2 Pyramidal,CA3 Axo Axonic,28,17,0.004680474175465365,-3.8819699167180744e-07,0.00037907055568815333,-1.816945994513238e-09,1.774229946577707e-06,1.774229946577707e-06,,
CA2 Pyramidal,CA1 O LMR,28,48,0.002061961436499796,-1.1593326064684134e-06,0.0008592373819723391,-2.3904991266146624e-09,1.7717143464260083e-06,1.7717143464260083e-06,,
CA1 Basket,CA1 Horizontal Basket,38,39,-0.00043511492153376955,-3.6016859322133e-05,0.004064235462196508,1.5671472917842715e-08,-1.7684094942283971e-06,1.7684094942283971e-06,,
MEC LII Stellate,CA3 Basket CCK+,65,20,0.0032856072462903443,-0.0005335500055793968,3.206227643148328e-06,-1.7530357645899198e-06,1.0534404777584559e-08,1.7530357645899198e-06,,
EC LIII Pyramidal,CA1 Perforant Path Associated QuadD,72,53,0.0020558666055469133,2.9820566202888737e-08,0.0008338376741224288,6.130710621501988e-11,1.7142590286752111e-06,1.7142590286752111e-06,,
EC LII III Pyramidal Tripolar,EC LIII V Bipolar Pyramidal,67,75,0.00037813176003174503,0.004514571965459615,8.068341015154011e-08,1.7071030430892187e-06,3.0508959885965023e-11,1.7071030430892187e-06,,
MEC LIII Superficial Multipolar Interneuron,MEC LV Pyramidal,83,78,-6.6850700223822216e-06,0.2544978764098762,2.269273709745669e-07,-1.701336124347599e-06,-1.5170253649600866e-12,1.701336124347599e-06,,
CA3 Basket CCK+,CA3c Pyramidal,20,15,-0.0002582034360681087,0.006551242564713227,0.0011786674798361777,-1.691553340724604e-06,-3.043359932754393e-07,1.691553340724604e-06,,
EC LIII Pyramidal,CA1 Perforant Path Associated,72,52,0.0025744413969555984,-7.414726052444832e-06,0.0006361088422414456,-1.9088777696499143e-08,1.6376249364358756e-06,1.6376249364358756e-06,,
CA1 Bistratified,CA1 Basket,41,38,-0.0001559309567095748,-3.630273696187121e-05,0.010425556669965226,5.66072050564062e-09,-1.6256670257775664e-06,1.6256670257775664e-06,,
EC LIII Pyramidal,CA1 Pyramidal,72,33,0.00023804748807204564,0.006688222011389397,0.00012069409253083005,1.5921144494794105e-06,2.873092555209914e-08,1.5921144494794105e-06,,
EC LIII V Bipolar Pyramidal,LEC LIII Complex Pyramidal,75,69,0.00034445578570156844,0.004607122629228454,4.057131093688302e-09,1.5869500450743629e-06,1.3975022785706676e-12,1.5869500450743629e-06,,
EC LIII Pyramidal,EC LII III Pyramidal Tripolar,72,67,1.1077966796536971e-05,0.1418514796299899,8.203089978858484e-07,1.5714259813806687e-06,9.087355841479944e-12,1.5714259813806687e-06,,
CA1 LMR,CA1 Perforant Path Associated,43,52,-3.917240941761735e-05,-1.6234297750438885e-05,0.03959772275979045,6.359365580876964e-10,-1.5511382079518163e-06,1.5511382079518163e-06,,
CA1 Perforant Path Associated QuadD,CA1 Perforant Path Associated QuadD,53,53,-9.611902605227147e-06,2.146453410925248e-07,0.15545658102288853,-2.0631501132471087e-12,-1.4942335161336074e-06,1.4942335161336074e-06,,
EC LIV VI Deep Multipolar Principal,LEC LIII Complex Pyramidal,76,69,0.000785354546465253,0.001881833569204085,3.957547616681347e-09,1.4779065492653625e-06,3.108078013613422e-12,1.4779065492653625e-06,,
MEC LV Pyramidal,MEC LV Pyramidal,78,78,0.00033654068086399564,0.004350617450169021,5.673773980869752e-07,1.464159758858663e-06,1.9094557585903292e-10,1.464159758858663e-06,,
CA2 Wide Arbor Basket,CA3c Pyramidal,30,15,-8.585230235650534e-05,0.017051713464286716,0.009828630721032235,-1.4639288600324362e-06,-8.438105764124966e-07,1.4639288600324362e-06,,
CA1 OR LM,CA1 LMR,51,43,-7.525724439886547e-05,-2.4297357211926675e-06,0.01931756311856532,1.8285521499445023e-10,-1.4537865688043801e-06,1.4537865688043801e-06,,
CA1 Bistratified,CA1 Basket CCK+,41,40,-0.00014362387968050702,-5.898519928458569e-05,0.010050305439823232,8.471683164980064e-09,-1.4434638592415172e-06,1.4434638592415172e-06,,
MEC LII Stellate,EC LIII Pyramidal Stellate,65,73,0.00043047655194366477,0.003335391994046048,4.843395384731138e-05,1.4358080449774473e-06,2.0849681449189198e-08,1.4358080449774473e-06,,
CA1 Schaffer Collateral Associated,CA1 Perforant Path Associated,57,52,-0.00013618892136304034,-3.981099009143137e-06,0.010509185614657713,5.421815798946725e-10,-1.431234653264214e-06,1.431234653264214e-06,,
CA1 Basket,CA1 Pyramidal,38,33,-0.00011218347220068392,0.012578736084463657,0.00795595210046202,-1.4111262898511683e-06,-8.925263312921538e-07,1.4111262898511683e-06,,
CA1 Trilaminar,CA1 Bistratified,59,41,-6.331611717271023e-05,-0.0001519719010371178,0.022068467169258043,9.622270693025673e-09,-1.397289653110851e-06,1.397289653110851e-06,,
EC LI II Multipolar Pyramidal,MEC LV Superficial Pyramidal,62,80,0.0007370492135221981,0.0018943709828476729,2.3192001759639695e-08,1.3962446430271507e-06,1.709364665694787e-11,1.3962446430271507e-06,,
DG Granule,CA2 Wide Arbor Basket,0,30,0.00894011541779435,-6.18811569525e-05,0.0001556754944612136,-5.532246853419973e-07,1.3917568882054545e-06,1.3917568882054545e-06,,
CA1 Trilaminar,CA1 OR LM,59,51,-3.213201093868432e-05,-1.8807919652503806e-05,0.04330047131347534,6.043362800081481e-10,-1.3913312178947764e-06,1.3913312178947764e-06,,
CA1 Basket,CA1 Axo Axonic,38,35,-0.00016672621253951544,-3.121064021762425e-06,0.008333869775748947,5.203631834417968e-10,-1.3894745435081627e-06,1.3894745435081627e-06,,
MEC LII Stellate,MEC LV Superficial Pyramidal,65,80,0.0006745354086745199,0.0020543946031547243,8.492691909616855e-08,1.3857619032177e-06,5.728621408000194e-11,1.3857619032177e-06,,
EC LIII Stellate,LEC LIII Multipolar Principal,74,68,6.117948847896853e-05,0.022373525352059213,2.054000200326343e-09,1.3688008365102169e-06,1.2566268159166454e-13,1.3688008365102169e-06,,
EC LI II Pyramidal Fan,LEC LIII Multipolar Principal,63,68,0.0006033439598003307,0.0021907593255337233,1.0144546456085708e-07,1.3217814064370183e-06,6.120650829193162e-11,1.3217814064370183e-06,,
CA3 Basket,CA3 Pyramidal,19,14,-0.00010028734336983195,0.01304995665528298,0.0020422394905056417,-1.308745484049788e-06,-2.0481077302776997e-07,1.308745484049788e-06,,
CA2 Wide Arbor Basket,CA1 Basket,30,38,-0.0005785402859782876,-3.1855504877195e-05,0.002173525549608771,1.842969290163513e-08,-1.2574720930517733e-06,1.2574720930517733e-06,,
EC LI II Pyramidal Fan,LEC LIII Complex Pyramidal,63,69,0.0010148632379434258,0.001236713397017724,1.655228192574181e-08,1.2550949625054207e-06,1.679830243051078e-11,1.2550949625054207e-06,,
MEC LIII Superficial Multipolar Interneuron,MEC LV Superficial Pyramidal,83,80,-3.81764240042206e-05,0.03258262770220935,1.4920446187097856e-08,-1.243888210331208e-06,-5.696092799708043e-13,1.243888210331208e-06,,
MEC LIII Complex Pyramidal,MEC LIII Superficial Trilayered Interneuron,70,84,0.00038654817717501865,-0.0031917841691647894,3.9409702508399036e-10,-1.2337783525267308e-06,1.5233748667631408e-13,1.2337783525267308e-06,,
LEC LVI Multipolar Pyramidal,EC LII III Pyramidal Tripolar,82,67,2.9166925550407547e-05,0.04163199525642769,1.398235192027479e-07,1.2142773061591465e-06,4.078222174782528e-12,1.2142773061591465e-06,,
CA1 Back Projection,CA1 Basket,37,38,-0.00022050710662300754,-7.194651979965695e-05,0.005491941260847498,1.586471891261728e-08,-1.2110120771729938e-06,1.2110120771729938e-06,,
CA1 Basket CCK+,CA1 Ivy,40,42,-0.0002873296850449556,-1.5823491527770397e-05,0.004098050155632843,4.546558836985792e-09,-1.1774914605164162e-06,1.1774914605164162e-06,,
CA1 Pyramidal,CA1 O LMR,33,48,0.001809939151118239,-1.5086803856035088e-06,0.0006474685186243283,-2.730619696427952e-09,1.1718786209747004e-06,1.1718786209747004e-06,,
CA3c Pyramidal,CA1 Oriens Bistratified,15,50,0.0008777334494161329,-1.2132921388185883e-07,0.0013334716531533618,-1.0649470941547171e-10,1.1704326738209334e-06,1.1704326738209334e-06,,
CA1 Horizontal Basket,CA1 Basket,39,38,-0.00028788747191555055,-4.9156648320557404e-05,0.004064235462196508,1.4151583212847064e-08,-1.1700424724812817e-06,1.1700424724812817e-06,,
CA1 Perforant Path Associated QuadD,CA1 Perforant Path Associated,53,52,-9.833988108496913e-06,-5.3370428710387054e-05,0.11859299338730035,5.248441612833285e-10,-1.1662420867217645e-06,1.1662420867217645e-06,,
CA1 Bistratified,CA1 Oriens Alveus,41,49,-0.0001470175256371087,-1.6189666240332576e-06,0.007894681600854455,2.380164671544328e-10,-1.1606565546504302e-06,1.1606565546504302e-06,,
MEC LII III Pyramidal Multiform,MEC LIII Bipolar Complex Pyramidal,66,71,0.0002874390572662359,0.003982030933204393,4.2543387716824567e-10,1.1445912174452605e-06,1.2228631258236015e-13,1.1445912174452605e-06,,
MEC LII III Pyramidal Multiform,EC LI II Pyramidal Fan,66,63,5.306224641159453e-06,0.2139654676862911,1.6401910083459114e-08,1.1353488369942046e-06,8.703221944693245e-14,1.1353488369942046e-06,,
CA1 Back Projection,CA3 Pyramidal,37,14,-6.994800370080866e-05,0.01610746254663154,0.012284021898687745,-1.12668484982242e-06,-8.592428092302251e-07,1.12668484982242e-06,,
MEC LIII Complex Pyramidal,MEC LII III Pyramidal Multiform,70,66,0.0002958202791870764,0.003755838734117648,5.431054814223655e-10,1.1110532629083182e-06,1.6066161514239572e-13,1.1110532629083182e-06,,
CA1 Pyramidal,CA1 O LM,33,46,0.001662157550364074,-1.1460047520461421e-06,0.0006654755457213416,-1.9048404513666036e-09,1.1061252029033806e-06,1.1061252029033806e-06,,
CA1 Trilaminar,CA1 Quadrilaminar,59,54,-6.729996470584833e-05,-1.0303736784281848e-06,0.016423991426414153,6.934411219205196e-11,-1.105334043326828e-06,1.105334043326828e-06,,
EC LIII Pyramidal,MEC LIII Complex Pyramidal,72,70,5.6790625072983015e-05,0.01922694009064113,5.9427748736523054e-08,1.0919099459883067e-06,3.374938997427321e-12,1.0919099459883067e-06,,
CA1 Back Projection,CA1 Basket CCK+,37,40,-0.00020539454902778436,-0.00011689972060983724,0.005294267622955559,2.4010565396131507e-08,-1.087413710849357e-06,1.087413710849357e-06,,
CA3c Pyramidal,CA3 Mossy Fiber Associated,15,24,0.0006133496094256075,-6.716598681987805e-07,0.001759346313545794,-4.1196231782657703e-10,1.0790943742576953e-06,1.0790943742576953e-06,,
CA1 Schaffer Collateral Associated,CA1 R Receiving Apical Targeting,57,55,-0.00014424433240240256,-1.4559799347075653e-06,0.007310239650164384,2.1001685367318642e-10,-1.0544606380395344e-06,1.0544606380395344e-06,,
MEC LV Multipolar Pyramidal,MEC LIII Complex Pyramidal,77,70,0.00027223598484053433,0.0038649210568457797,3.749653836146978e-09,1.0521705902413295e-06,1.02079070489456e-12,1.0521705902413295e-06,,
CA2 Basket,CA2 Bistratified,29,31,-0.0005110917389199975,-1.984890278595247e-06,0.0020512053097616377,1.014461024052643e-09,-1.0483540886480076e-06,1.0483540886480076e-06,,
CA2 Wide Arbor Basket,CA1 Basket CCK+,30,40,-0.0005002844417992235,-5.1759273838387374e-05,0.002095292975363077,2.589435942017078e-08,-1.0482424765853513e-06,1.0482424765853513e-06,,
EC LIII Pyramidal Stellate,LEC LIII Complex Pyramidal,73,69,0.00012227506139938265,0.008566565881707948,5.508975130308732e-07,1.0474773691676959e-06,6.736102723061722e-11,1.0474773691676959e-06,,
EC LII III Pyramidal Tripolar,EC LIII Stellate,67,74,0.001643280630322955,0.000628270377490756,6.664858386655739e-09,1.0324245419362503e-06,1.0952232690636876e-11,1.0324245419362503e-06,,
MEC LIII Bipolar Complex Pyramidal,EC LI II Pyramidal Fan,71,63,3.833872028909798e-06,0.26571235040154434,1.868025354420952e-08,1.01870714794036e-06,7.161770155608799e-14,1.01870714794036e-06,,
MEC LIII Complex Pyramidal,MEC LIII Bipolar Complex Pyramidal,70,71,0.0003117490196692653,0.0032596691869331003,6.185467450191104e-10,1.0161986734725051e-06,1.9283134137932267e-13,1.0161986734725051e-06,,
SUB CA1 Projecting Pyramidal,CA1 Perforant Path Associated QuadD,61,53,0.0017808058025377876,-8.13949775668598e-09,0.000563827322575305,-1.44948648348497e-11,1.004066967671448e-06,1.004066967671448e-06,,
CA1 SO SO,CA1 Perforant Path Associated QuadD,58,53,-5.74669697703837e-05,5.614921101569561e-08,0.017303906724060656,-3.2267250120698752e-12,-9.94403084621133e-07,9.94403084621133e-07,,
CA1 Horizontal Basket,CA1 Basket CCK+,39,40,-0.00024890095111431717,-7.987041584208198e-05,0.003917949810019333,1.987982246899023e-08,-9.751814341319703e-07,9.751814341319703e-07,,
MEC LII Stellate,EC LIII V Bipolar Pyramidal,65,75,0.0002516132753917441,0.003871184637392166,3.566959289089744e-07,9.740414462604441e-07,8.974943099168775e-11,9.740414462604441e-07,,
CA3c Pyramidal,CA3 Horizontal Axo Axonic,15,18,0.0007714830768213475,-5.423596979669852e-07,0.0012593292130703873,-4.1842132853146647e-10,9.715511760305487e-07,9.715511760305487e-07,,
CA1 Radial Trilaminar,CA1 Perforant Path Associated QuadD,60,53,-4.643228375651604e-05,1.3121630559743553e-08,0.02083091910197839,-6.09267273498185e-13,-9.672271466520909e-07,9.672271466520909e-07,,
CA1 Back Projection,CA1 Oriens Alveus,37,49,-0.0002308052694452357,-3.2085463526711655e-06,0.004158735019866405,7.405494054557966e-10,-9.598579568116031e-07,9.598579568116031e-07,,
DG Granule,DG MOLAX,0,10,0.02778212814231607,-3.0177611106571543e-06,3.44877013308529e-05,-8.383982587917512e-08,9.581417377076796e-07,9.581417377076796e-07,,
CA1 Back Projection,CA1 R Receiving Apical Targeting,37,55,-0.00011611792124751667,-4.360480987816573e-06,0.008242516159950844,5.063299879445785e-10,-9.571038423425557e-07,9.571038423425557e-07,,
LEC LVI Multipolar Pyramidal,LEC LIII Multipolar Principal,82,68,0.0001810172628701144,0.005263479335588136,4.309131864343888e-08,9.527806225015727e-07,7.800272554299238e-12,9.527806225015727e-07,,
CA1 Pyramidal,MEC LV Superficial Pyramidal,33,80,0.0007836882710982567,0.0012077889423344455,2.8264414989833084e-06,9.465300280696737e-07,2.215049051698594e-09,9.465300280696737e-07,,
EC LIII Pyramidal Stellate,MEC LIII Bipolar Complex Pyramidal,73,71,0.00024941864591877675,0.0037284818636600567,6.217212385856568e-07,9.299528977668086e-07,1.5506886946697923e-10,9.299528977668086e-07,,
EC LIII V Bipolar Pyramidal,MEC LV Pyramidal,75,78,0.00013457094460712034,0.0068983949972495386,1.5668222978581773e-07,9.283235310529038e-07,2.108487566542738e-11,9.283235310529038e-07,,
MEC LIII Complex Pyramidal,MEC LV Pyramidal,70,78,8.196460002715432e-05,0.011214154559086767,2.116646519463503e-08,9.19163693078236e-07,1.7349008536669434e-12,9.19163693078236e-07,,
MEC LII Stellate,CA2 Wide Arbor Basket,65,30,0.004036330806163694,-0.00022610167426392012,2.673597774704905e-05,-9.126211531566497e-07,1.0791525061332108e-07,9.126211531566497e-07,,
EC LI II Pyramidal Fan,DG Granule,63,0,0.004008074189259415,0.00022624096187087844,8.473467525246644e-06,9.067905598278913e-07,3.396228648146893e-08,9.067905598278913e-07,,
CA1 Trilaminar,CA1 Back Projection,59,37,-7.775946510141681e-05,-0.0016115233346644265,0.01162515626236684,1.2531119250195732e-07,-9.039659326820314e-07,9.039659326820314e-07,,
MEC LV Superficial Pyramidal,MEC LIII Complex Pyramidal,80,70,0.00029529063486899096,0.0030396344060462767,1.391692432478878e-09,8.975755735310333e-07,4.109537419290582e-13,8.975755735310333e-07,,
EC LI II Pyramidal Fan,MEC LIII Superficial Trilayered Interneuron,63,84,0.0016935847182135777,-0.0005270530492682157,1.1901820531543157e-08,-8.92608989928518e-07,2.015674137114209e-11,8.92608989928518e-07,,
EC LIII Pyramidal,LEC LIII Multipolar Principal,72,68,4.9708709656613034e-05,0.01793409917435505,2.5280579844885234e-07,8.914809288109187e-07,1.2566650034602235e-11,8.914809288109187e-07,,
DG AIPRIM,DG Granule,4,0,-0.00013814123198700726,0.006388431726487293,0.0001257261387360533,-8.825058291618384e-07,-1.7367963697967796e-08,8.825058291618384e-07,,
CA1 LMR,CA1 LMR,43,43,-5.0641097803791316e-05,-2.363739709600201e-06,0.017331313212946578,1.1970237381656905e-10,-8.776767274849683e-07,8.776767274849683e-07,,
CA1 Bistratified,CA1 OR LM,41,51,-7.951516630075023e-05,-1.2365533392310524e-06,0.01097369169068101,9.832474440870515e-11,-8.725749197176615e-07,8.725749197176615e-07,,
MEC LII Stellate,DG Granule,65,0,0.00044472506377872377,0.001960495317687698,1.712194242611532e-05,8.718814051965507e-07,7.614556937469773e-09,8.718814051965507e-07,,
CA1 Trilaminar,CA1 Axo Axonic,59,35,-4.937122939780903e-05,-2.047956430146963e-05,0.017640854811026695,1.0111012670950377e-09,-8.70950689648642e-07,8.70950689648642e-07,,
CA1 Pyramidal,EC LV Deep Pyramidal,33,79,0.004124783824941343,0.00020871374599115762,1.3515349307388253e-05,8.60899083507243e-07,5.574789421154724e-08,8.60899083507243e-07,,
CA1 R Receiving Apical Targeting,CA1 Basket,55,38,-2.9134793751657127e-05,-0.00014548424803437465,0.029167562051907958,4.238653560596434e-09,-8.497909046209995e-07,8.497909046209995e-07,,
MEC LII III Pyramidal Multiform,MEC LII III Pyramidal Multiform,66,66,0.0001832592329485997,0.00458815455241184,3.735456900120054e-10,8.408216839246195e-07,6.84556966228555e-14,8.408216839246195e-07,,
EC LIV VI Deep Multipolar Principal,EC LIV VI Deep Multipolar Principal,76,76,0.0011725264887498907,0.0007100978354183105,4.1170076297539767e-08,8.326085216319294e-07,4.82730050027194e-11,8.326085216319294e-07,,
EC LIV VI Deep Multipolar Principal,MEC LV Pyramidal,76,78,0.00028523751022254486,0.002817730788647949,1.528364183326093e-07,8.037225146313488e-07,4.359467943652479e-11,8.037225146313488e-07,,
CA1 O LMR,CA1 Perforant Path Associated QuadD,48,53,-0.00017864580718932472,1.3441181898689462e-08,0.004473157155552553,-2.4012107898699194e-12,-7.991107707383895e-07,7.991107707383895e-07,,
EC LI II Pyramidal Fan,MEC LII III Pyramidal Multiform,63,66,0.0012884335221764894,0.0006201942714360834,1.6401910083459114e-08,7.990790895800746e-07,2.1132770779253304e-11,7.990790895800746e-07,,
LEC LIII Complex Pyramidal,EC LIII Pyramidal Stellate,69,73,0.0003203790426824375,0.0024652895082351574,5.508975130308732e-07,7.898270925834368e-07,1.7649601784096677e-10,7.898270925834368e-07,,
CA1 Schaffer Collateral Associated,CA1 LMR,57,43,-0.0001678852056783166,-5.796543811392916e-07,0.00459970863995183,9.731539499990731e-11,-7.72223031078643e-07,7.72223031078643e-07,,
MEC LII Oblique Pyramidal,EC LII III Pyramidal Tripolar,64,67,7.128819858508458e-06,0.10776118147716962,3.626518539277275e-09,7.682100504907806e-07,2.5852797380048922e-14,7.682100504907806e-07,,
EC LI II Pyramidal Fan,MEC LV Pyramidal,63,78,0.00041016681287449986,0.0018517713109901042,6.392321027544207e-07,7.595351368012454e-07,2.621917942738456e-10,7.595351368012454e-07,,
DG Granule,DG Basket,0,6,0.020743064238683082,-4.680858372496708e-06,3.6610822904028445e-05,-9.709534591287677e-08,7.594206513293119e-07,7.594206513293119e-07,,
CA1 Trilaminar,CA1 Horizontal Basket,59,39,-8.818457167992946e-05,-0.00023633273181243166,0.00860303672071614,2.0840900728826924e-08,-7.586551083630577e-07,7.586551083630577e-07,,
MEC LIII Superficial Multipolar Interneuron,EC LIII V Bipolar Pyramidal,83,75,-1.2043330664945662e-05,0.06139685511876399,6.266637797630102e-08,-7.394226279830365e-07,-7.547119115430615e-13,7.394226279830365e-07,,
CA1 Perforant Path Associated QuadD,CA1 LMR,53,43,-1.4169516857957063e-05,-7.770819754597518e-06,0.05190632617245694,1.101087615129153e-10,-7.354875637352465e-07,7.354875637352465e-07,,
EC LV Deep Pyramidal,LEC LIII Multipolar Principal,79,68,0.00011759084055517611,0.006210856139981979,2.830924531038382e-08,7.303397940677575e-07,3.328907951530711e-12,7.303397940677575e-07,,
CA1 R Receiving Apical Targeting,CA1 Basket CCK+,55,40,-2.576258924440188e-05,-0.00023638485913854795,0.028117722327593464,6.089886029582209e-09,-7.243853308139379e-07,7.243853308139379e-07,,
MEC LV Pyramidal,EC LI II Pyramidal Fan,78,63,1.0397972085136743e-05,0.06795117097267624,6.392321027544207e-07,7.065543789262417e-07,6.646717560363729e-12,7.065543789262417e-07,,
MEC LII III Pyramidal Multiform,MEC LIII Superficial Trilayered Interneuron,66,84,0.00018080789616215791,-0.0038991021986756976,2.710582938348068e-10,-7.049884654637971e-07,4.900947984557544e-14,7.049884654637971e-07,,
CA3 Basket CCK+,CA3 Pyramidal,20,14,-0.00025607202985409,0.002740043675131883,0.000583012318557813,-7.01648545779882e-07,-1.4929314784303851e-07,7.01648545779882e-07,,
CA1 Pyramidal,MEC LV Multipolar Pyramidal,33,77,0.002292956142501487,0.00030157278051010154,7.615315684680659e-06,6.9149315948189e-07,1.7461584876276433e-08,6.9149315948189e-07,,
MEC LII Oblique Pyramidal,MEC LIII Superficial Multipolar Interneuron,64,83,0.0005055374970079949,-0.0013656455246641806,2.8166977708747077e-09,-6.903850203388998e-07,1.4239463409159984e-12,6.903850203388998e-07,,
CA1 R Receiving Apical Targeting,CA1 Oriens Alveus,55,49,-3.102368529315662e-05,-6.48805466479319e-06,0.022086937202725546,2.0128336608534068e-10,-6.852181888670703e-07,6.852181888670703e-07,,
CA2 Wide Arbor Basket,CA1 OR LM,30,51,-0.00029433654843113836,-1.085070554601957e-06,0.002287801027636081,3.1937592184580107e-10,-6.733834579716154e-07,6.733834579716154e-07,,
CA1 LMR,CA1 R Receiving Apical Targeting,43,55,-2.4014509201744816e-05,-5.937257959277581e-06,0.02754436486221153,1.425803358962041e-10,-6.614644034397954e-07,6.614644034397954e-07,,
EC LI II Pyramidal Fan,MEC LIII Bipolar Complex Pyramidal,63,71,0.0012228796824077096,0.0005382627688852466,1.868025354420952e-08,6.582306038662847e-07,2.284370252143843e-11,6.582306038662847e-07,,
MEC LII Stellate,CA2 Basket,65,29,0.008369132069995452,-7.661965458057047e-06,7.837992788801023e-05,-6.412400083422262e-08,6.559719681314773e-07,6.559719681314773e-07,,
CA1 Perforant Path Associated,CA1 Radial Trilaminar,52,60,-4.111111296635493e-05,-5.789394131833237e-06,0.015891260666208683,2.3800843616054856e-10,-6.533074124262979e-07,6.533074124262979e-07,,
CA1 Schaffer Collateral Associated,CA1 Basket,57,38,-0.00013352456463597878,-2.402319594857217e-05,0.004870770767364876,3.207686780197908e-09,-6.503675461540473e-07,6.503675461540473e-07,,
DG Granule,DG Total Molecular Layer,0,11,0.026622980061706873,-3.4885684513734496e-06,2.4358015490841147e-05,-9.287608832481497e-08,6.48482960755411e-07,6.48482960755411e-07,,
MEC LII Stellate,EC LIV VI Deep Multipolar Principal,65,76,0.00015950089873439306,0.004043901918788097,3.4794072233203104e-07,6.45005990440438e-07,5.549685791825286e-11,6.45005990440438e-07,,
CA1 Bistratified,CA1 Radial Trilaminar,41,60,-0.00016323567384465043,-8.248401893483324e-07,0.003951118238184937,1.3464334412242408e-10,-6.449634480500062e-07,6.449634480500062e-07,,
MEC LIII Superficial Multipolar Interneuron,EC LIII Stellate,83,74,-7.537181654595568e-05,0.008544292933490544,5.176560262292233e-09,-6.439988794979547e-07,-3.9016675042857446e-13,6.439988794979547e-07,,
CA1 Horizontal Basket,CA1 Radial Trilaminar,39,60,-0.00041045824695736167,-1.1168959285643904e-06,0.0015402798495378733,4.5843914487235433e-10,-6.322205668650643e-07,6.322205668650643e-07,,
DG Mossy,DG Granule,3,0,0.0005764858989694342,0.00109249770604522,1.2065694008011394e-05,6.298095221915233e-07,6.9557024568985645e-09,6.298095221915233e-07,,
CA2 Pyramidal,CA3 O LM,28,26,0.002059025273567197,-2.0606312174400322e-05,0.000305416214973877,-4.242891756210569e-08,6.28859705588445e-07,6.28859705588445e-07,,
EC LII III Pyramidal Tripolar,MEC LV Superficial Pyramidal,67,80,0.00026094293651533583,0.002395833097654,1.9210181252423123e-08,6.251757239024681e-07,5.012761106999142e-12,6.251757239024681e-07,,
CA2 Pyramidal,DG Basket,28,6,0.0022387779968428313,-7.726607382132943e-06,0.00027769908306308724,-1.7298158597362622e-08,6.217065969050694e-07,6.217065969050694e-07,,
CA2 Pyramidal,CA2 SP SR,28,32,0.001032099754921754,-1.0185790752828773e-07,0.000602080362529411,-1.0512752139678846e-10,6.214069946098059e-07,6.214069946098059e-07,,
EC LIII Pyramidal Stellate,MEC LII III Pyramidal Multiform,73,66,0.0001438487507805969,0.004296011588883052,5.458927968041288e-07,6.179759003997942e-07,7.852599688040013e-11,6.179759003997942e-07,,
MEC LII III Pyramidal Multiform,MEC LV Superficial Pyramidal,66,80,0.0003511529326795087,0.001753878817454207,9.572002635902698e-10,6.158796903135134e-07,3.36123679721322e-13,6.158796903135134e-07,,
CA1 Horizontal Basket,CA1 OR LM,39,51,-0.0001412989091112705,-1.674386636193136e-06,0.004277917077460542,2.365890051245799e-10,-6.04465016313649e-07,6.04465016313649e-07,,
CA3c Pyramidal,SUB CA1 Projecting Pyramidal,15,61,0.0006665027667303171,1.8559967726319127e-06,0.0009014734354445561,1.237026984001709e-09,6.008345388576805e-07,6.008345388576805e-07,,
EC LIII V Bipolar Pyramidal,MEC LIII Bipolar Complex Pyramidal,75,71,0.00029690523804663403,0.0020051877734828523,4.578718380474721e-09,5.953507532141264e-07,1.3594454707033459e-12,5.953507532141264e-07,,
CA2 Basket,CA2 Basket,29,29,-0.00027950183284283683,-1.3943709823548731e-05,0.0020892041003407053,3.8972924523105395e-09,-5.839363752279971e-07,5.839363752279971e-07,,
CA2 Pyramidal,DG MOLAX,28,10,0.0021991689383651755,-4.981363121798592e-06,0.000261594858483163,-1.0954859048177246e-08,5.75291287212206e-07,5.75291287212206e-07,,
CA1 Radiatum,CA1 Perforant Path Associated QuadD,56,53,-2.571736384388862e-05,2.067271228467952e-08,0.02233069052248626,-5.316476634651292e-13,-5.742864930520544e-07,5.742864930520544e-07,,
EC LIII Pyramidal Stellate,EC LIII Pyramidal Stellate,73,73,0.00021444915332712679,0.002666183306581214,0.0007977576868657122,5.717607527112607e-07,1.710784605085591e-07,5.717607527112607e-07,,
MEC LIII Bipolar Complex Pyramidal,MEC LIII Superficial Trilayered Interneuron,71,84,0.00011655536159749238,-0.0048420879353529836,3.087102434003328e-10,-5.643713101919224e-07,3.5981834048375677e-14,5.643713101919224e-07,,
MEC LV Superficial Pyramidal,EC LII III Pyramidal Tripolar,80,67,2.5092403916104813e-05,0.022425650467479668,1.9210181252423123e-08,5.627134796113846e-07,4.820296272873852e-13,5.627134796113846e-07,,
CA2 Wide Arbor Basket,CA1 Pyramidal,30,33,-0.00011740746881336004,0.004761812143509883,0.0008897965194590806,-5.590723107342157e-07,-1.0446875710862831e-07,5.590723107342157e-07,,
CA2 Wide Arbor Basket,CA3 Pyramidal,30,14,-7.804928173478338e-05,0.007131843946618575,0.004861602515506741,-5.566352974781426e-07,-3.794445844153172e-07,5.566352974781426e-07,,
LEC LIII Complex Pyramidal,EC LIII V Bipolar Pyramidal,69,75,0.0001929640785204629,0.002861310121281136,4.057131093688302e-09,5.521300709142883e-07,7.82880562930281e-13,5.521300709142883e-07,,
EC LI II Multipolar Pyramidal,EC LV Deep Pyramidal,62,79,0.001677347262045617,0.00032735956611995944,1.1089845837313208e-07,5.490956719357551e-07,1.8601522551725291e-10,5.490956719357551e-07,,
EC LV Deep Pyramidal,MEC LV Pyramidal,79,78,0.0001026427978809541,0.0052498168478198395,1.783833164497116e-07,5.388558896227993e-07,1.830976269568202e-11,5.388558896227993e-07,,
CA1 Trilaminar,CA1 SO SO,59,58,-4.1569680566604626e-05,-2.415927200666723e-05,0.012950771130746159,1.00429322003887e-09,-5.383594189963228e-07,5.383594189963228e-07,,
EC LI II Pyramidal Fan,DG Axo Axonic,63,5,0.03810113221579035,-1.1421899149218353e-07,1.4044993439455732e-05,-4.351872896397918e-09,5.351301520066109e-07,5.351301520066109e-07,,
MEC LV Superficial Pyramidal,MEC LII Stellate,80,65,8.038499275367168e-05,0.006635343057510681,8.492691909616855e-08,5.333820035961218e-07,6.826849776137169e-12,5.333820035961218e-07,,
EC LIII Pyramidal,MEC LIII Superficial Multipolar Interneuron,72,83,0.00029558579404629216,-0.0017976680996647136,6.371296605129182e-07,-5.313651526710835e-07,1.8832647661315548e-10,5.313651526710835e-07,,
CA1 Radial Trilaminar,CA1 Trilaminar,60,59,-3.399885549080259e-05,-3.6568595314793617e-06,0.015590494680469635,1.243290387609309e-10,-5.300589756714136e-07,5.300589756714136e-07,,
MEC LIII Bipolar Complex Pyramidal,MEC LII III Pyramidal Multiform,71,66,9.294219717156328e-05,0.005697785457204439,4.2543387716824567e-10,5.295646994047608e-07,3.954075929523372e-14,5.295646994047608e-07,,
EC LIII V Bipolar Pyramidal,EC LIV VI Deep Multipolar Principal,75,76,0.0003045592067061575,0.0017384681940313743,4.220603587237076e-08,5.294664940580817e-07,1.2854236803500865e-11,5.294664940580817e-07,,
CA1 Schaffer Collateral Associated,CA1 Basket CCK+,57,40,-0.0001126317162708975,-3.903322776923049e-05,0.004695455167435435,4.396379435241286e-09,-5.288571741813074e-07,5.288571741813074e-07,,
CA2 Wide Arbor Basket,CA1 Radial Trilaminar,30,60,-0.0006385413216064687,-7.237939305317294e-07,0.0008237312128340096,4.6217233297247116e-10,-5.259864172915279e-07,5.259864172915279e-07,,
CA1 Ivy,CA1 Perforant Path Associated,42,52,-5.7040123909851214e-05,-2.22563456908737e-06,0.009172096891140144,1.269504715987919e-10,-5.231775431837949e-07,5.231775431837949e-07,,
CA2 Pyramidal,CA3 Mossy Fiber Associated,28,24,0.002471975536414387,-3.802349516034523e-06,0.00021137008696280185,-9.399314984534424e-09,5.225016841018277e-07,5.225016841018277e-07,,
CA1 Basket,CA1 Ivy,38,42,-0.0001227093564060957,-1.4342822726897932e-05,0.004251060267742616,1.7599985458643677e-09,-5.216448694982213e-07,5.216448694982213e-07,,
MEC LIII Bipolar Complex Pyramidal,MEC LIII Bipolar Complex Pyramidal,71,71,0.00010515497731199151,0.004945072726336886,4.845297072938761e-10,5.199990103441032e-07,5.0950710377473425e-14,5.199990103441032e-07,,
CA1 Perforant Path Associated,CA1 Quadrilaminar,52,54,-3.1021387147465616e-05,-4.754776996044582e-07,0.016740836919285088,1.4749977799416257e-11,-5.193239832457283e-07,5.193239832457283e-07,,
EC LIII V Bipolar Pyramidal,EC LIII Pyramidal Stellate,75,73,0.0003580405788588962,0.0014338806956064013,5.87515361760283e-06,5.133874742695127e-07,2.1035434021314552e-09,5.133874742695127e-07,,
CA1 Back Projection,CA1 Pyramidal,37,33,-4.76000967655688e-05,0.010754681584423456,0.0022482874516268807,-5.119238841014373e-07,-1.0701870025425361e-07,5.119238841014373e-07,,
CA1 Oriens Alveus,CA1 Basket,49,38,-3.434217943314095e-05,-7.802811397511796e-05,0.014716399627916465,2.679655490963074e-09,-5.05393236631716e-07,5.05393236631716e-07,,
MEC LV Multipolar Pyramidal,EC LII III Pyramidal Tripolar,77,67,1.767628857290932e-05,0.028514405723536883,5.175822483846147e-08,5.040288640542552e-07,9.148933182661679e-13,5.040288640542552e-07,,
CA3c Pyramidal,CA3 Basket CCK+,15,20,0.0004261857896767337,-4.257851236835379e-05,0.0011786674798361777,-1.8146356916967432e-08,5.02331330660267e-07,5.02331330660267e-07,,
MEC LV Superficial Pyramidal,MEC LIII Superficial Multipolar Interneuron,80,83,0.0017598401726223263,-0.000284197786056059,1.4920446187097856e-08,-5.001426808717778e-07,2.625760059350442e-11,5.001426808717778e-07,,
MEC LII Stellate,MEC LII Oblique Pyramidal,65,64,0.0012769950391329707,0.00038890580734927163,1.6032594515322833e-08,4.966307866750227e-07,2.0473543660497733e-11,4.966307866750227e-07,,
CA1 Radiatum Giant,CA1 Trilaminar,34,59,0.0008603171863694365,-2.0003782822685482e-07,0.0005762671750361016,-1.720959815475804e-10,4.957725546241225e-07,4.957725546241225e-07,,
EC LII III Pyramidal Tripolar,MEC LII Oblique Pyramidal,67,64,0.0010906146745825545,0.0004535415950209549,3.626518539277275e-09,4.946391190634315e-07,3.955134336581486e-12,4.946391190634315e-07,,
CA2 Pyramidal,DG Total Molecular Layer,28,11,0.002659736935346865,-5.7585161960541964e-06,0.0001847595336705411,-1.5316138219438474e-08,4.914117558610009e-07,4.914117558610009e-07,,
CA1 Perforant Path Associated,CA1 Axo Axonic,52,35,-2.7325912935519255e-05,-9.450528800210469e-06,0.017981175576676577,2.582443271891685e-10,-4.913520382865494e-07,4.913520382865494e-07,,
CA1 Ivy,CA1 Basket,42,38,-0.00011497486296090755,-1.3430174743282688e-05,0.004251060267742616,1.5441325006499688e-09,-4.887650717222663e-07,4.887650717222663e-07,,
MEC LIII Superficial Trilayered Interneuron,MEC LV Pyramidal,84,78,-2.6035049905816507e-05,0.01873588178305303,1.0563962505305191e-08,-4.87789617251264e-07,-2.75033291028795e-13,4.87789617251264e-07,,
CA1 Perforant Path Associated,SUB CA1 Projecting Pyramidal,52,61,-0.001126930255820209,0.00012512150106038357,0.00043012633815680954,-1.410032051985866e-07,-4.84722384294063e-07,4.84722384294063e-07,,
CA1 Bistratified,CA1 Bistratified,41,41,-8.651624662017438e-05,-9.991608065580075e-06,0.005592838771849308,8.644364275338493e-10,-4.838714184921879e-07,4.838714184921879e-07,,
CA1 Trilaminar,CA1 Horizontal Axo Axonic,59,36,-5.785725234859159e-05,-1.0296155733705541e-05,0.008252075138360106,5.957072805053997e-10,-4.774423936796396e-07,4.774423936796396e-07,,
CA1 Back Projection,CA1 Radial Trilaminar,37,60,-0.00022898203939344814,-1.6347081785274769e-06,0.0020813573764639375,3.7431881253237057e-10,-4.765934567693092e-07,4.765934567693092e-07,,
EC LIII V Bipolar Pyramidal,EC LIII V Bipolar Pyramidal,75,75,0.00028091968711217583,0.0016642172585990978,4.3268063221109386e-08,4.675113915723416e-07,1.2154850782023892e-11,4.675113915723416e-07,,
CA1 Schaffer Collateral Associated,CA1 Oriens Alveus,57,49,-0.00012341026443823356,-1.0713449094540287e-06,0.0036883579051346215,1.3221495858027706e-10,-4.551812244155128e-07,4.551812244155128e-07,,
CA2 Pyramidal,DG HIPROM,28,9,0.0025454742594909464,-7.861142351762444e-08,0.00017767494731116786,-2.0010335506605424e-10,4.522670049369879e-07,4.522670049369879e-07,,
CA1 Perforant Path Associated,CA1 Pyramidal,52,33,-1.185685155366074e-05,0.038088199026863556,0.017165779577492872,-4.5160612180780666e-07,-2.0353210025319418e-07,4.5160612180780666e-07,,
DG Granule,DG HIPROM,0,9,0.019165958153542058,-4.7623610434412743e-08,2.342400975452265e-05,-9.127521247065435e-10,4.489435907433421e-07,4.489435907433421e-07,,
DG Granule,DG Mossy,0,3,0.026738166845994664,1.6553526976947328e-05,1.2065694008011394e-05,4.426109661992913e-07,3.226145394989267e-07,4.426109661992913e-07,,
CA1 Ivy,CA1 R Receiving Apical Targeting,42,55,-6.931987173222707e-05,-8.13966009672336e-07,0.0063801543551808325,5.642401938487903e-11,-4.422714815329452e-07,4.422714815329452e-07,,
CA3c Pyramidal,DG Mossy,15,3,0.0005765806368911518,4.826710479515455e-06,0.0007617721158243164,2.7829878023682175e-09,4.392230517079046e-07,4.392230517079046e-07,,
MEC LV Multipolar Pyramidal,MEC LIII Superficial Multipolar Interneuron,77,83,0.0012082745871208973,-0.0003613599074454916,4.020033951239089e-08,-4.36621992970747e-07,4.8573048626454e-11,4.36621992970747e-07,,
EC LI II Pyramidal Fan,EC LIII Pyramidal Stellate,63,73,0.0011341001840746903,0.0003849038996121752,2.3969449542040153e-05,4.3651958340123396e-07,2.718375713779674e-08,4.3651958340123396e-07,,
DG Granule,CA3 Pyramidal,0,14,0.00013983570328976656,0.0029020478818891355,0.0031134106692002816,4.0580990654454465e-07,4.353659705574841e-07,4.353659705574841e-07,,
CA1 Horizontal Basket,CA1 Bistratified,39,41,-0.00019914807481078445,-1.3529392132401037e-05,0.0021802781751099854,2.69435239652784e-09,-4.3419820112512397e-07,4.3419820112512397e-07,,
CA1 Oriens Alveus,CA1 Basket CCK+,49,40,-3.0494418778725605e-05,-0.00012678118064367191,0.014186706371387912,3.866118415809392e-09,-4.326153651799177e-07,4.326153651799177e-07,,
CA3 Pyramidal,CA3 Granule,14,16,0.001824096263492017,4.208263605807563e-07,0.00023437225793034245,7.676277919143017e-10,4.275175599569249e-07,4.275175599569249e-07,,
DG Granule,CA3 Basket,0,19,0.006437465789474002,-6.605357294239836e-05,6.539544141640798e-05,-4.25217616089215e-07,4.209809169056776e-07,4.25217616089215e-07,,
CA2 Pyramidal,CA3 Basket CCK+,28,20,0.0017609737105166567,-0.00024104222027058117,0.00014160659887995077,-4.2446901302105857e-07,2.4936549786327077e-07,4.2446901302105857e-07,,
EC LII III Pyramidal Tripolar,EC LIII Pyramidal,67,72,0.00098949389182879,0.00042666566773911916,8.203089978858484e-07,4.2218307208091045e-07,8.116907428202427e-10,4.2218307208091045e-07,,
EC LIV VI Deep Multipolar Principal,EC LIII V Bipolar Pyramidal,76,75,0.0006201492321547269,0.0006797691652077972,4.220603587237076e-08,4.2155832584607515e-07,2.6174040738545587e-11,4.2155832584607515e-07,,
CA1 Ivy,CA1 Basket CCK+,42,40,-0.00010149189912031072,-2.1821537436457415e-05,0.004098050155632843,2.2147092761510196e-09,-4.159188929854622e-07,4.159188929854622e-07,,
DG Granule,CA3 Lucidum ORAX,0,22,0.005589688032642051,-4.7175582257028665e-08,7.308970383059136e-05,-2.636967875750338e-10,4.085486428112084e-07,4.085486428112084e-07,,
LEC LIII Multipolar Principal,EC LIII Pyramidal Stellate,68,73,0.00024175999662127043,0.0016869911295613457,3.376335322559046e-06,4.078469697828641e-07,8.16262816174151e-10,4.078469697828641e-07,,
EC LIII V Bipolar Pyramidal,MEC LII III Pyramidal Multiform,75,66,0.00017648469737721636,0.0023104068164388814,4.0202734398809714e-09,4.0775144781747387e-07,7.095167414110538e-13,4.0775144781747387e-07,,
EC LIII Stellate,LEC LIII Complex Pyramidal,74,69,3.215114209705744e-05,0.012630158967674969,3.351395800542287e-10,4.060740356781422e-07,1.0775120260671664e-14,4.060740356781422e-07,,
MEC LIII Superficial Trilayered Interneuron,MEC LII III Pyramidal Multiform,84,66,-6.359002095802994e-05,0.006275011651379482,2.710582938348068e-10,-3.9902812242310334e-07,-1.7236602585803202e-14,3.9902812242310334e-07,,
CA2 Wide Arbor Basket,CA2 Bistratified,30,31,-0.0005619035200148464,-7.335846962856235e-07,0.0006996814234732796,4.122038230719138e-10,-3.931534547386342e-07,3.931534547386342e-07,,
CA1 Bistratified,CA1 Quadrilaminar,41,54,-9.378223990832661e-05,-6.774337812244632e-08,0.004162352343443615,6.353125739279745e-12,-3.9035472605581454e-07,3.9035472605581454e-07,,
CA1 Horizontal Basket,CA1 Pyramidal,39,33,-5.088481449279752e-05,0.007348014913260608,0.0016638141517018527,-3.7390237575157564e-07,-8.466287445984004e-08,3.7390237575157564e-07,,
MEC LV Pyramidal,MEC LIII Superficial Trilayered Interneuron,78,84,0.00029945272114542893,-0.0012382771996208694,1.0563962505305191e-08,-3.7080547695881083e-07,3.163407318291922e-12,3.7080547695881083e-07,,
DG Semilunar Granule,DG Axo Axonic,2,5,0.02064013862540596,-1.9640681120321544e-08,1.7722820018362367e-05,-4.053863810208303e-10,3.6580146201211905e-07,3.6580146201211905e-07,,
CA1 O LM,CA1 Perforant Path Associated QuadD,46,53,-7.923446663728566e-05,1.404287826016991e-08,0.004597562064505307,-1.1126799689968969e-12,-3.642853780128959e-07,3.642853780128959e-07,,
CA2 Wide Arbor Basket,CA1 Bistratified,30,41,-0.0003123701514943868,-8.767595671874682e-06,0.0011659979750028597,2.738735188265025e-09,-3.6422296409379155e-07,3.6422296409379155e-07,,
EC LIII Stellate,MEC LIII Bipolar Complex Pyramidal,74,71,6.578521003773043e-05,0.005497105759342013,3.78225332084073e-10,3.61628256977932e-07,2.4881632912741085e-14,3.61628256977932e-07,,
CA1 Trilaminar,CA1 Ivy,59,42,-3.9701195021117167e-05,-9.411366067852011e-05,0.008998501175815693,3.736424796749173e-09,-3.5725125007881094e-07,3.5725125007881094e-07,,
SUB CA1 Projecting Pyramidal,CA1 Perforant Path Associated,61,52,0.0008284986312381813,2.0238430638674274e-06,0.00043012633815680954,1.6767512082550507e-09,3.563590824224078e-07,3.563590824224078e-07,,
CA1 Trilaminar,CA1 Radiatum,59,56,-2.1306901964955875e-05,-4.2411318916356556e-06,0.016712969317276595,9.036538143552877e-11,-3.5610159878652795e-07,3.5610159878652795e-07,,
CA1 R Receiving Apical Targeting,CA1 OR LM,55,51,-1.158701390320579e-05,-4.955522579506133e-06,0.03070107846121493,5.741970902638778e-11,-3.557338229735092e-07,3.557338229735092e-07,,
CA1 Back Projection,CA1 OR LM,37,51,-6.143664608310374e-05,-2.4506612104139575e-06,0.005780686066720253,1.5056040545379293e-10,-3.5514596399862116e-07,3.5514596399862116e-07,,
EC LIV VI Deep Multipolar Principal,EC LIII Pyramidal Stellate,76,73,0.0006022635270040587,0.0005856854797194129,5.730946242568517e-06,3.5273700273087773e-07,3.451539897119973e-09,3.5273700273087773e-07,,
DG Semilunar Granule,DG AIPRIM,2,4,0.026133580433005867,-2.9926619592431673e-07,1.3484064413813154e-05,-7.820897202067824e-09,3.523868819222182e-07,3.523868819222182e-07,,
CA1 Oriens Alveus,CA1 Oriens Alveus,49,49,-3.129115223707683e-05,-3.4797627626439893e-06,0.011143893132156461,1.0888578635480411e-10,-3.487052565120228e-07,3.487052565120228e-07,,
CA1 Ivy,CA1 Oriens Alveus,42,49,-0.00010742679191025667,-5.989356859551882e-07,0.0032190863607845116,6.434173930273484e-11,-3.4581612062114315e-07,3.4581612062114315e-07,,
EC LIII Pyramidal,LEC LIII Complex Pyramidal,72,69,3.408410290251878e-05,0.010124042588277449,4.124889039152045e-08,3.450689093683312e-07,1.4059314247193013e-12,3.450689093683312e-07,,
MEC LII Stellate,MEC LV Multipolar Pyramidal,65,77,0.0006719127897785685,0.000512961719570669,2.2881963036464637e-07,3.4466554004633995e-07,1.537468361944104e-10,3.4466554004633995e-07,,
EC LIII Pyramidal,CA1 LMR,72,43,0.0012230957358418295,-1.0795959686951762e-06,0.00027841504041253254,-1.3204492257430992e-09,3.405282487227992e-07,3.405282487227992e-07,,
CA1 OR LM,CA1 Basket CCK+,51,40,-1.6808304336888893e-05,-0.0001636154765844142,0.019719673280931466,2.7500987246559523e-09,-3.3145426992991236e-07,3.3145426992991236e-07,,
EC LIII V Bipolar Pyramidal,MEC LIII Superficial Trilayered Interneuron,75,84,0.00016624191070707317,-0.001963428257462837,2.917256144297912e-09,-3.2640406505688127e-07,4.84970235450034e-13,3.2640406505688127e-07,,
MEC LII Stellate,EC LIII Stellate,65,74,0.0006052394529926684,0.0005387333842674011,2.9464890599068933e-08,3.2606269880289087e-07,1.78333142686693e-11,3.2606269880289087e-07,,
EC LIII Pyramidal Stellate,MEC LIII Superficial Trilayered Interneuron,73,84,8.90397177012633e-05,-0.0036508334757260875,3.961196021661566e-07,-3.2506918205297273e-07,3.527037755281131e-11,3.2506918205297273e-07,,
LEC LIII Complex Pyramidal,EC LIV VI Deep Multipolar Principal,69,76,0.00010838073665935979,0.002988970708845169,3.957547616681347e-09,3.239468472778882e-07,4.2892192606041803e-13,3.239468472778882e-07,,
MEC LV Pyramidal,MEC LII III Pyramidal Multiform,78,66,0.0002211071151556737,0.001457106503265784,1.4558206677527812e-08,3.221766154116687e-07,3.2189230803082397e-12,3.221766154116687e-07,,
CA1 O LMR,CA1 Perforant Path Associated,48,52,-9.315313259234054e-05,-3.3420787828706034e-06,0.003412432548549962,3.113251079947934e-10,-3.178787816574932e-07,3.178787816574932e-07,,
LEC LVI Multipolar Pyramidal,LEC LIII Complex Pyramidal,82,69,0.00010474829198381985,0.0029713055803890927,7.030966419502081e-09,3.1123918450774996e-07,7.364817234384364e-13,3.1123918450774996e-07,,
CA1 Back Projection,CA1 Quadrilaminar,37,54,-0.00013976992381716394,-1.342571029975314e-07,0.0021926306000521227,1.8765105057878094e-11,-3.0646381192846766e-07,3.0646381192846766e-07,,
CA2 Wide Arbor Basket,CA1 Horizontal Basket,30,39,-0.0006716834518126567,-1.3634558904773526e-05,0.00045454554311791446,9.158107589101278e-09,-3.0531071940749954e-07,3.0531071940749954e-07,,
CA3 Basket,CA3 Basket,19,19,-0.0010051066336074438,-0.0002970303381981901,4.289609279007878e-05,2.985471633056634e-07,-4.3115147419148626e-08,2.985471633056634e-07,,
CA1 Bistratified,CA1 Horizontal Basket,41,39,-0.00013650978312848802,-1.5538030472889375e-05,0.0021802781751099854,2.1210931700979667e-09,-2.9762930084403975e-07,2.9762930084403975e-07,,
CA1 OR LM,CA1 Basket,51,38,-1.4524022934015698e-05,-0.00010069796629283197,0.0204559525612951,1.4625395718458311e-09,-2.9710272413738717e-07,2.9710272413738717e-07,,
MEC LII III Pyramidal Multiform,EC LIII Pyramidal Stellate,66,73,0.00010428736476179222,0.002847492568993639,5.458927968041288e-07,2.9695749619913247e-07,5.69297212211471e-11,2.9695749619913247e-07,,
MEC LIII Superficial Trilayered Interneuron,MEC LIII Superficial Trilayered Interneuron,84,84,-5.559471463676144e-05,-0.005332625884136339,1.9668972396462435e-10,2.9646581429316744e-07,-1.0934909075796668e-14,2.9646581429316744e-07,,
DG Granule,DG Hilar Ectopic Granule,0,1,0.01495303296979737,1.2281611697173503e-08,1.965413574017031e-05,1.8364734463008444e-10,2.938889397156395e-07,2.938889397156395e-07,,
CA3 Basket,CA3 Basket CCK+,19,20,-0.00044739438534842493,-0.0006566504871612161,1.2245846107119838e-05,2.937817410922361e-07,-5.478722792166282e-09,2.937817410922361e-07,,
CA2 Basket,CA2 Pyramidal,29,28,-4.041527137813362e-05,0.0072664073792566624,0.003461736421740239,-2.9367382617673074e-07,-1.3990701692420097e-07,2.9367382617673074e-07,,
MEC LV Pyramidal,MEC LIII Bipolar Complex Pyramidal,78,71,0.00023103912027974406,0.0012646137140100466,1.6580446454189436e-08,2.92175239978581e-07,3.830731762621329e-12,2.92175239978581e-07,,
DG Granule,CA3 Axo Axonic,0,17,0.0058252949076969185,-2.3517373780980218e-07,4.997526397765538e-05,-1.3699563772874908e-09,2.9112065075984515e-07,2.9112065075984515e-07,,
EC LIII Pyramidal,CA1 Basket CCK+,72,40,0.0010107087662642488,-7.26986920412761e-05,0.0002842104669069782,-7.347720534206273e-08,2.872540103669381e-07,2.872540103669381e-07,,
CA1 OR LM,CA1 Oriens Alveus,51,49,-1.8255985079851217e-05,-4.490753595447858e-06,0.015490130400312394,8.198313063578431e-11,-2.827875894730528e-07,2.827875894730528e-07,,
MEC LII III Pyramidal Multiform,EC LIII V Bipolar Pyramidal,66,75,8.518503245345188e-05,0.0033049097401006543,4.0202734398809714e-09,2.8152884346620343e-07,3.4246712344801117e-13,2.8152884346620343e-07,,
MEC LIII Complex Pyramidal,EC LIII Pyramidal Stellate,70,73,0.00012060557844142703,0.002330942160637684,7.936843554633957e-07,2.811246275972176e-07,9.572276079057402e-11,2.811246275972176e-07,,
DG Granule,CA3 Mossy Fiber Associated,0,24,0.009980488775551114,-2.3035025188992797e-06,2.786625269211359e-05,-2.2990081034327978e-08,2.781188222103107e-07,2.781188222103107e-07,,
CA1 Horizontal Basket,CA1 Horizontal Basket,39,39,-0.0003269643494485906,-2.1039667073921847e-05,0.0008499463536813374,6.879221057439789e-09,-2.7790215659762024e-07,2.7790215659762024e-07,,
CA1 Schaffer Collateral Associated,CA1 OR LM,57,51,-5.3947529016559214e-05,-8.182843954826051e-07,0.0051268568565770575,4.4144421169095455e-11,-2.7658125903393634e-07,2.7658125903393634e-07,,
CA1 Bistratified,CA1 Axo Axonic,41,35,-6.164084227880748e-05,-1.3464579863625718e-06,0.004470743527358071,8.2996804372416e-11,-2.755803966388783e-07,2.755803966388783e-07,,
CA1 R Receiving Apical Targeting,CA1 Radial Trilaminar,55,60,-2.48429423806713e-05,-3.305570453872686e-06,0.011054036732512316,8.212009632080861e-11,-2.7461479761962756e-07,2.7461479761962756e-07,,
CA1 Back Projection,CA1 Bistratified,37,41,-9.268084049210435e-05,-1.980185208282477e-05,0.0029461776467893212,1.8352522943365267e-09,-2.7305422054348443e-07,2.7305422054348443e-07,,
MEC LIII Superficial Multipolar Interneuron,MEC LII Oblique Pyramidal,83,64,-4.370141514182666e-05,0.006168032720018845,2.8166977708747077e-09,-2.6955175850591383e-07,-1.2309367861405333e-13,2.6955175850591383e-07,,
MEC LII III Pyramidal Multiform,EC LIV VI Deep Multipolar Principal,66,76,7.8008857603963e-05,0.003452362026425506,3.921594644836639e-09,2.6931481771675645e-07,3.059191182295252e-13,2.6931481771675645e-07,,
MEC LV Pyramidal,DG Axo Axonic,78,5,0.021499712615373808,-2.683501653672915e-07,1.2466225960007011e-05,-5.769451435684804e-09,2.680202755384632e-07,2.680202755384632e-07,,
MEC LIII Superficial Multipolar Interneuron,EC LIII Pyramidal,83,72,-4.5752933548255726e-05,0.005802527988644536,6.371296605129182e-07,-2.6548267747634744e-07,-2.915055101907027e-11,2.6548267747634744e-07,,
MEC LIII Superficial Trilayered Interneuron,MEC LIII Bipolar Complex Pyramidal,84,71,-4.8740244517061523e-05,0.005446043766959875,3.087102434003328e-10,-2.6544150485224313e-07,-1.50466127482538e-14,2.6544150485224313e-07,,
CA2 Pyramidal,DG Mossy,28,3,0.0028795492278739323,2.732460449816953e-05,9.152026359330661e-05,7.868254378466464e-08,2.635371043649248e-07,2.635371043649248e-07,,
CA1 Bistratified,CA1 SO SO,41,58,-7.936539877171362e-05,-1.5883855857103598e-06,0.0032821298529642742,1.2606285541314461e-10,-2.604875446010554e-07,2.604875446010554e-07,,
DG AIPRIM,DG Axo Axonic,4,5,-0.0012451269341495208,-3.225234824772778e-06,0.00020839435431300253,4.015826749281596e-09,-2.594774234798178e-07,2.594774234798178e-07,,
CA1 Radiatum,CA1 Perforant Path Associated,56,52,-1.5212587883536383e-05,-5.1401605626475645e-06,0.017035389663414433,7.81951442947639e-11,-2.591523623849793e-07,2.591523623849793e-07,,
DG AIPRIM,DG AIPRIM,4,4,-0.0016311458967149049,-4.9143089848025484e-05,0.0001585528089841302,8.015954935749866e-08,-2.586227637870861e-07,2.586227637870861e-07,,
CA1 Perforant Path Associated,DG Axo Axonic,52,5,-5.17645517159405e-05,-5.3247960269485185e-06,0.004977983514698433,2.7563567931381106e-10,-2.576830850877063e-07,2.576830850877063e-07,,
EC LV Deep Pyramidal,EC LIV VI Deep Multipolar Principal,79,76,0.0001944590033750779,0.0013230091373520542,4.805173288254081e-08,2.57271038305602e-07,9.344092086784346e-12,2.57271038305602e-07,,
DG Granule,CA3 Mossy Fiber Associated ORDEN,0,25,0.004214489920793,-7.773029082351758e-07,5.9426326536680985e-05,-3.2759352721602347e-09,2.504516542185956e-07,2.504516542185956e-07,,
CA1 O LM,CA1 Perforant Path Associated,46,52,-7.093233908087135e-05,-3.491687400519793e-06,0.0035073371865376544,2.476735546580762e-10,-2.4878363058643825e-07,2.4878363058643825e-07,,
LEC LIII Multipolar Principal,EC LIII V Bipolar Pyramidal,68,75,0.00012471640147494466,0.001957986993982266,2.4865305607405704e-08,2.4419309202421234e-07,3.1011114369304025e-12,2.4419309202421234e-07,,
CA1 Recurrent O LM,CA1 Perforant Path Associated QuadD,47,53,-3.80364576418175e-05,2.1406695830671943e-08,0.0063952523078325395,-8.142348792146247e-13,-2.43252743515608e-07,2.43252743515608e-07,,
EC LIII Stellate,MEC LII III Pyramidal Multiform,74,66,3.823095479181056e-05,0.006333846029296981,3.3209495114440873e-10,2.421489812043417e-07,1.2696307063790427e-14,2.421489812043417e-07,,
CA1 Oriens Alveus,CA1 Horizontal Basket,49,39,-7.78064508225885e-05,-3.339701945781268e-05,0.003077614552456315,2.5985035520653335e-09,-2.39458265326575e-07,2.39458265326575e-07,,
CA2 Wide Arbor Basket,CA1 Axo Axonic,30,35,-0.00025162848126964176,-1.1815114380097754e-06,0.0009320629670025302,2.973019287491103e-10,-2.345335888345229e-07,2.345335888345229e-07,,
CA1 Back Projection,CA1 Axo Axonic,37,35,-9.880537245463803e-05,-2.668475555355145e-06,0.0023550839175138813,2.636597211329622e-10,-2.3269494363188707e-07,2.3269494363188707e-07,,
CA1 Schaffer Collateral Associated,CA1 Radial Trilaminar,57,60,-0.0001257286724363416,-5.458348089782978e-07,0.0018459437536218959,6.86270859023855e-11,-2.320880575350382e-07,2.320880575350382e-07,,
MEC LIII Bipolar Complex Pyramidal,MEC LV Pyramidal,71,78,1.3625124626396938e-05,0.017012404228430845,1.6580446454189436e-08,2.317961278070125e-07,2.2591064929963226e-13,2.317961278070125e-07,,
CA1 Bistratified,CA1 Radiatum,41,56,-5.371636394766792e-05,-2.788392283472574e-07,0.004235588365675106,1.497822947278816e-11,-2.2752040618311193e-07,2.2752040618311193e-07,,
CA1 Ivy,CA1 LMR,42,43,-5.631100135142823e-05,-3.2405595184235953e-07,0.004014485504738775,1.824791514213347e-11,-2.260596986826342e-07,2.260596986826342e-07,,
CA1 Bistratified,CA1 Back Projection,41,37,-7.52622275921925e-05,-0.000105951886096173,0.0029461776467893212,7.974174965192229e-09,-2.2173589257968801e-07,2.2173589257968801e-07,,
CA1 LMR,CA1 Basket,43,38,-1.1974480306027153e-05,-9.796282761382477e-05,0.018352652388554085,1.1730539499844778e-09,-2.1976347459010308e-07,2.1976347459010308e-07,,
CA1 Ivy,CA1 OR LM,42,51,-4.885860944762417e-05,-4.574621313733239e-07,0.0044745644010649194,2.235096361384697e-11,-2.1862099451987326e-07,2.1862099451987326e-07,,
CA1 Horizontal Basket,CA1 Axo Axonic,39,35,-0.00012427073395569245,-1.8232058311071e-06,0.0017428474048412402,2.2657112678397755e-10,-2.1658492617239476e-07,2.1658492617239476e-07,,
CA2 Wide Arbor Basket,CA2 Basket,30,29,-0.00030316783491879493,-5.15337912947112e-06,0.0007126430942314908,1.5623387931974638e-09,-2.160504639479918e-07,2.160504639479918e-07,,
EC LIII Stellate,EC LIII Pyramidal Stellate,74,73,5.444841924256148e-05,0.003930900604054917,4.853174498651701e-07,2.1403132409042032e-07,2.6424767975989594e-11,2.1403132409042032e-07,,
CA1 Pyramidal,MEC LV VI Pyramidal Polymorphic,33,81,0.00807624481091714,8.94925234181281e-06,2.6467608657379254e-05,7.227635278715378e-08,2.137588870765448e-07,2.137588870765448e-07,,
DG Mossy,DG Axo Axonic,3,5,0.010532995671527679,-5.515534638825768e-07,1.9999202531913603e-05,-5.809510247691279e-09,2.1065151370265137e-07,2.1065151370265137e-07,,
MEC LV Multipolar Pyramidal,MEC LV Pyramidal,77,78,6.889163705045532e-05,0.0030472122387750493,1.0051129547219615e-07,2.099274395693961e-07,6.92438768714161e-12,2.099274395693961e-07,,
CA1 Pyramidal,SUB CA1 Projecting Pyramidal,33,61,0.0025710851487441844,1.3673164709314976e-05,8.16113605252171e-05,3.515487072045283e-08,2.0982975701519308e-07,2.0982975701519308e-07,,
CA1 R Receiving Apical Targeting,CA1 Quadrilaminar,55,54,-1.795705504045384e-05,-2.714835092407426e-07,0.011645006027260995,4.875044318011574e-12,-2.091100141779424e-07,2.091100141779424e-07,,
MEC LIII Bipolar Complex Pyramidal,EC LIII Pyramidal Stellate,71,73,5.806541030093078e-05,0.0035361497882805703,6.217212385856568e-07,2.0532798834206082e-07,3.6100498811279035e-11,2.0532798834206082e-07,,
DG Basket,DG Granule,6,0,-0.0001412979044363784,0.0014418465442960007,3.6610822904028445e-05,-2.0372989522785877e-07,-5.173032556030585e-09,2.0372989522785877e-07,,
EC LIII V Bipolar Pyramidal,MEC LV Superficial Pyramidal,75,80,0.00022863613547850862,0.0008831815774217703,1.0301836961993454e-08,2.019272227875268e-07,2.355372191319843e-12,2.019272227875268e-07,,
CA1 Ivy,CA1 Radial Trilaminar,42,60,-0.00012477546737432586,-3.05149110103336e-07,0.001611083444962677,3.8075122832003374e-11,-2.0102368982425702e-07,2.0102368982425702e-07,,
CA3 LMR Targeting,CA3 Pyramidal,21,14,-4.6383725919314066e-05,0.004316762593423059,0.00015459613010147404,-2.0022753299208256e-07,-7.170744526813391e-09,2.0022753299208256e-07,,
CA2 Pyramidal,DG Hilar Ectopic Granule,28,1,0.001339808708355895,2.0273032006575162e-08,0.00014907983597501126,2.7161984827187186e-11,1.9973846247958854e-07,1.9973846247958854e-07,,
MEC LV Superficial Pyramidal,MEC LV Pyramidal,80,78,8.244819689037666e-05,0.0023965330797895094,3.730499278062447e-08,1.9758983121678623e-07,3.0757293897710065e-12,1.9758983121678623e-07,,
MEC LII III Pyramidal Multiform,MEC LV Multipolar Pyramidal,66,77,0.0004469851929319889,0.00043792594311645194,2.5789963044773743e-09,1.9574641217383048e-07,1.1527731607277055e-12,1.9574641217383048e-07,,
CA1 LMR,CA1 Basket CCK+,43,40,-1.0972471359859262e-05,-0.0001591713846631449,0.01769207803236517,1.746503459525499e-09,-1.9412581950652203e-07,1.9412581950652203e-07,,
CA1 Back Projection,CA3 Basket,37,19,-0.0005294139757397162,-0.0003666222941670683,0.000258018976545696,1.9409496634980338e-07,-1.365988521893495e-07,1.9409496634980338e-07,,
MEC LIII Bipolar Complex Pyramidal,MEC LV Superficial Pyramidal,71,80,8.715324997730137e-05,0.002178048953154029,1.090162275336619e-09,1.8982404487703265e-07,9.501118529823601e-14,1.8982404487703265e-07,,
CA3 Pyramidal,CA3 LMR Targeting,14,21,0.0012125907631666208,-4.467064926653417e-06,0.00015459613010147404,-5.416721668525512e-09,1.874618393823526e-07,1.874618393823526e-07,,
CA1 Bistratified,CA1 Pyramidal,41,33,-3.445529164915819e-05,0.005426591553770562,0.004268007818002521,-1.869747946460232e-07,-1.470554541301641e-07,1.869747946460232e-07,,
CA1 Oriens Alveus,CA1 SO SO,49,58,-3.982632900758161e-05,-3.4140327118700557e-06,0.0046329549659527266,1.359683900255829e-10,-1.8451358875134233e-07,1.8451358875134233e-07,,
CA1 Schaffer Collateral Associated,CA1 Bistratified,57,41,-7.015592652735944e-05,-6.611908040235875e-06,0.002612947822247974,4.638645346764452e-10,-1.8331377543745273e-07,1.8331377543745273e-07,,
CA1 Oriens Alveus,CA1 Radial Trilaminar,49,60,-3.274360702439708e-05,-1.772889035152575e-06,0.0055772786826617194,5.805078186489841e-11,-1.8262022145062236e-07,1.8262022145062236e-07,,
EC LI II Pyramidal Fan,EC LIII V Bipolar Pyramidal,63,75,0.00040806992290477083,0.00044673431659931535,1.7652502822272506e-07,1.822988381335981e-07,7.20345546576099e-11,1.822988381335981e-07,,
CA1 Back Projection,CA1 Back Projection,37,37,-0.00011689973744135628,-0.0002099805719562031,0.001551977999103124,2.4546673729465962e-08,-1.8142582060991667e-07,1.8142582060991667e-07,,
CA1 Bistratified,CA1 Horizontal Axo Axonic,41,36,-8.618969230997835e-05,-6.769353543075998e-07,0.002091333549723192,5.83448499015182e-11,-1.802513951681767e-07,1.802513951681767e-07,,
CA1 Radiatum,CA1 R Receiving Apical Targeting,56,55,-1.480229606572691e-05,-1.879875537684957e-06,0.011849898321312384,2.78264742755303e-11,-1.7540570330082622e-07,1.7540570330082622e-07,,
EC LIII Pyramidal Stellate,CA1 Neurogliaform,73,44,0.01787159007572538,-2.823187292923806e-06,9.690291966603823e-06,-5.045484600613109e-08,1.7318092574123825e-07,1.7318092574123825e-07,,
CA1 LMR,CA1 Oriens Alveus,43,49,-1.2422258856137692e-05,-4.368776615087785e-06,0.013897420706196094,5.4270073997261484e-11,-1.7263735744501577e-07,1.7263735744501577e-07,,
CA1 Perforant Path Associated QuadD,CA1 Basket,53,38,-2.9736592931990147e-06,-0.00032205385091512367,0.0549651806129958,9.576784266842874e-10,-1.634477201321973e-07,1.634477201321973e-07,,
CA1 R Receiving Apical Targeting,CA1 Axo Axonic,55,35,-1.3018271819880543e-05,-5.395968570126788e-06,0.012507791514677687,7.024618557744267e-11,-1.628298298044695e-07,1.628298298044695e-07,,
CA1 SO SO,CA1 Basket,58,38,-2.639279672739692e-05,-8.424627127432401e-05,0.0061181865196069775,2.223494712784372e-09,-1.6147605315228698e-07,1.6147605315228698e-07,,
CA1 Radial Trilaminar,CA1 Perforant Path Associated,60,52,-1.01021976571789e-05,-3.2626240326872773e-06,0.015891260666208683,3.2959672859268984e-11,-1.6053665627179254e-07,1.6053665627179254e-07,,
CA2 Bistratified,CA2 Bistratified,31,31,-7.922415909254629e-05,-1.0542540158272926e-06,0.0020138976474860406,8.352238787385724e-11,-1.5954934762053878e-07,1.5954934762053878e-07,,
EC LIII Pyramidal,CA1 Oriens Alveus,72,49,0.0007050202862571314,-1.995360827007587e-06,0.0002232520352038414,-1.4067698614431554e-09,1.5739721376689944e-07,1.5739721376689944e-07,,
CA1 Perforant Path Associated QuadD,CA1 Basket CCK+,53,40,-2.963270314828935e-06,-0.0005232776414777973,0.052986796887988206,1.5506131014048548e-09,-1.5701420229604564e-07,1.5701420229604564e-07,,
CA1 Oriens Alveus,CA1 OR LM,49,51,-1.0104218957579334e-05,-2.657814064850606e-06,0.015490130400312394,2.6855135259784483e-11,-1.5651566924621245e-07,1.5651566924621245e-07,,
CA1 Back Projection,CA1 Horizontal Basket,37,39,-0.00013607942875698662,-3.079402024810271e-05,0.001148519935104027,4.190432684492896e-09,-1.5628993668496734e-07,1.5628993668496734e-07,,
CA1 R Receiving Apical Targeting,CA1 Radiatum,55,56,-1.3147977476477978e-05,-1.117456116358204e-06,0.011849898321312384,1.4692287848830222e-11,-1.5580219622716942e-07,1.5580219622716942e-07,,
MEC LII Stellate,CA3 LMR Targeting,65,21,0.005940346668967572,-2.6118142138343247e-05,8.501885296029974e-07,-1.551508186511289e-07,5.050414599821604e-09,1.551508186511289e-07,,
CA1 Oriens Alveus,CA1 Bistratified,49,41,-1.9571972027583653e-05,-2.1475690214614735e-05,0.007894681600854455,4.203216081534916e-10,-1.5451448745860274e-07,1.5451448745860274e-07,,
CA1 Ivy,CA1 Bistratified,42,41,-6.697276220608955e-05,-3.696389129780269e-06,0.0022805012182604448,2.4755739020994824e-10,-1.527314658012543e-07,1.527314658012543e-07,,
CA1 O LMR,CA1 LMR,48,43,-0.00010213183650528346,-4.866120144599409e-07,0.0014935691548663668,4.969857870232931e-11,-1.5254096073414617e-07,1.5254096073414617e-07,,
CA1 R Receiving Apical Targeting,CA1 Pyramidal,55,33,-6.99723828037398e-06,0.021747219566921203,0.011940598167601926,-1.5217047724535908e-07,-8.35512105889076e-08,1.5217047724535908e-07,,
CA1 Oriens Alveus,CA1 Back Projection,49,37,-3.657163640533402e-05,-0.00022773009795029996,0.004158735019866405,8.328462340789472e-09,-1.5209174505268371e-07,1.5209174505268371e-07,,
MEC LV Pyramidal,MEC LV Superficial Pyramidal,78,80,0.0002698781786689335,0.0005569969803020782,3.730499278062447e-08,1.5032133056802068e-07,1.0067803506892646e-11,1.5032133056802068e-07,,
CA1 Schaffer Collateral Associated,CA1 Quadrilaminar,57,54,-7.685518191607961e-05,-4.482891878270825e-08,0.0019446313285432905,3.4453347081462004e-12,-1.4945499451490216e-07,1.4945499451490216e-07,,
EC LIV VI Deep Multipolar Principal,LEC LVI Multipolar Pyramidal,76,82,0.0013374609323444347,0.00011147291628522809,7.314262567965655e-08,1.4909067054599428e-07,9.782540433563344e-11,1.4909067054599428e-07,,
MEC LII Stellate,EC LIII Pyramidal,65,72,0.00040133890570412666,0.0003658600617935201,3.6265308995209514e-06,1.4683387684105552e-07,1.4554679427159407e-09,1.4683387684105552e-07,,
CA1 Radiatum,CA1 LMR,56,43,-1.959770465359685e-05,-7.484155965614522e-07,0.0074561276099704326,1.4667227819556836e-11,-1.4612298675972952e-07,1.4612298675972952e-07,,
EC LIII Pyramidal,CA1 Basket,72,38,0.0004884407480027896,-4.474277491059024e-05,0.0002948221172657309,-2.1854194445049144e-08,1.4400313548503977e-07,1.4400313548503977e-07,,
DG Mossy,DG AIPRIM,3,4,0.009427196626341672,-8.404052078124495e-06,1.5216005967775798e-05,-7.922665139849495e-08,1.4344428012581074e-07,1.4344428012581074e-07,,
EC LIV VI Deep Multipolar Principal,MEC LV Superficial Pyramidal,76,80,0.0003935926338328784,0.00036074593056213824,1.0048975341172265e-08,1.4198694095444465e-07,3.955202671853639e-12,1.4198694095444465e-07,,
CA1 Perforant Path Associated QuadD,CA1 Oriens Alveus,53,49,-3.400793849020073e-06,-1.4362400177170907e-05,0.04162200770757571,4.884356217968763e-11,-1.4154786779578956e-07,1.4154786779578956e-07,,
CA3c Pyramidal,DG Semilunar Granule,15,2,0.0002085549946693216,1.6980664018265076e-05,0.000675064422304725,3.5414022938108143e-09,1.4078805699521058e-07,1.4078805699521058e-07,,
CA1 OR LM,CA1 Radial Trilaminar,51,60,-1.8041060295481978e-05,-2.287974310895876e-06,0.00775247689912068,4.1277482497386325e-11,-1.3986290317636735e-07,1.3986290317636735e-07,,
CA1 O LM,CA1 LMR,46,43,-9.095925905214483e-05,-5.083952683999657e-07,0.0015351074528211232,4.624325691927718e-11,-1.3963223647403473e-07,1.3963223647403473e-07,,
EC LIII Stellate,MEC LIII Superficial Trilayered Interneuron,74,84,2.5796037830906144e-05,-0.005382624472822776,2.409801351086768e-10,-1.3885038453049757e-07,6.2163326817603006e-15,1.3885038453049757e-07,,
CA1 Ivy,CA1 Horizontal Basket,42,39,-0.0001561093521085739,-5.7482846165712185e-06,0.0008890166939035354,8.973609872286152e-10,-1.3878382009898728e-07,1.3878382009898728e-07,,
CA1 R Receiving Apical Targeting,CA1 Bistratified,55,41,-8.867549707750883e-06,-4.004165271620842e-05,0.015647075459691063,3.550713458414763e-10,-1.387512194197395e-07,1.387512194197395e-07,,
MEC LIII Complex Pyramidal,MEC LV Superficial Pyramidal,70,80,9.60598596867405e-05,0.0014357158030084776,1.391692432478878e-09,1.3791465858703034e-07,1.336857797910196e-13,1.3791465858703034e-07,,
CA1 Back Projection,CA1 SO SO,37,58,-7.924848524440343e-05,-3.1479393719494826e-06,0.0017289498233588282,2.4946942686821517e-10,-1.37016654564766e-07,1.37016654564766e-07,,
EC LV Deep Pyramidal,EC LIII V Bipolar Pyramidal,79,75,0.00010740856237823462,0.0012665026873801164,4.9260855071363773e-08,1.36033232899669e-07,5.291037624737751e-12,1.36033232899669e-07,,
CA1 Radial Trilaminar,CA1 R Receiving Apical Targeting,60,55,-1.2136678030177668e-05,-1.1932170275538512e-06,0.011054036732512316,1.4481690883546728e-11,-1.3415928475625915e-07,1.3415928475625915e-07,,
CA3 Basket CCK+,CA3 Basket,20,19,-0.0021497530615123255,-6.236619178139229e-05,1.2245846107119838e-05,1.340719117169129e-07,-2.6325545159589667e-08,1.340719117169129e-07,,
DG Granule,CA3 Basket CCK+,0,20,0.0009113869093112356,-0.00014602586090860497,1.8668891724276605e-05,-1.3308605805300587e-07,1.701458352885456e-08,1.3308605805300587e-07,,
CA1 Recurrent O LM,CA1 Perforant Path Associated,47,52,-2.5976845586099398e-05,-5.322661689001385e-06,0.004878739193043455,1.38265960802236e-10,-1.26734254672541e-07,1.26734254672541e-07,,
DG Total Molecular Layer,DG Granule,11,0,-0.00010863976648284456,0.0011594711250637708,2.4358015490841147e-05,-1.2596467227052912e-07,-2.6462491149104928e-09,1.2596467227052912e-07,,
CA1 LMR,CA1 OR LM,43,51,-6.431147375771191e-06,-3.336835504541172e-06,0.01931756311856532,2.1459680898410097e-11,-1.242340953562557e-07,1.242340953562557e-07,,
CA2 Wide Arbor Basket,CA3 Basket CCK+,30,20,-0.00034456858821244486,-0.00035886163652574263,2.915154491706651e-05,1.2365244746128266e-07,-1.004470667628528e-08,1.2365244746128266e-07,,
CA1 SO SO,CA1 Basket CCK+,58,40,-2.089495558049133e-05,-0.00013688453036801363,0.005897972185696657,2.860196181696061e-09,-1.23237866835105e-07,1.23237866835105e-07,,
CA2 Basket,CA2 Wide Arbor Basket,29,30,-0.00017285682860439724,-0.00041147355124648556,0.0007126430942314908,7.112601312305642e-08,-1.2318522519568012e-07,1.2318522519568012e-07,,
CA1 Ivy,CA1 Quadrilaminar,42,54,-7.102910569767658e-05,-2.5061620197956336e-08,0.0016972149524191822,1.7801044699956668e-12,-1.2055166024705923e-07,1.2055166024705923e-07,,
MEC LII Stellate,DG Axo Axonic,65,5,0.00418666721747712,-9.897668227703038e-07,2.838006616878238e-05,-4.143824309838918e-09,1.1881789265867269e-07,1.1881789265867269e-07,,
EC LIII Pyramidal Stellate,EC LIII V Bipolar Pyramidal,73,75,3.8261193165212685e-05,0.0030944752147072964,5.87515361760283e-06,1.1839831393487886e-07,2.2479038743839996e-10,1.1839831393487886e-07,,
LEC LIII Multipolar Principal,EC LIV VI Deep Multipolar Principal,68,76,5.7368500469715526e-05,0.0020453447984493302,2.4254979361581856e-08,1.1733836403057061e-07,1.3914717948978492e-12,1.1733836403057061e-07,,
CA2 Wide Arbor Basket,CA2 Pyramidal,30,28,-4.364856180704638e-05,0.0026855515933969657,0.001180824101676088,-1.1722046471039935e-07,-5.1541273785258744e-08,1.1722046471039935e-07,,
DG AIPRIM,DG HICAP,4,7,-0.0012476428711462911,-1.3039423853420286e-06,9.387390998081595e-05,1.626854421457472e-09,-1.1712111457419368e-07,1.1712111457419368e-07,,
CA1 O LMR,CA1 R Receiving Apical Targeting,48,55,-4.881678480166255e-05,-1.222275466371484e-06,0.0023737043606051026,5.966755841020847e-11,-1.1587661495442729e-07,1.1587661495442729e-07,,
CA1 Oriens Alveus,CA1 Quadrilaminar,49,54,-1.9716643563326446e-05,-1.4560577167362138e-07,0.005875450339719379,2.870857100851887e-12,-1.1584416012227228e-07,1.1584416012227228e-07,,
SUB CA1 Projecting Pyramidal,CA1 Pyramidal,61,33,6.32354457603856e-05,-0.0018255444141314886,8.16113605252171e-05,-1.1543911478298664e-07,5.16073076192364e-09,1.1543911478298664e-07,,
CA1 Bistratified,CA1 Ivy,41,42,-5.0542426692073836e-05,-6.18763603468444e-06,0.0022805012182604448,3.1273814068027275e-10,-1.1526206564511361e-07,1.1526206564511361e-07,,
EC LIII Pyramidal,MEC LV Pyramidal,72,78,7.597227333945207e-06,0.015159059214060976,1.5929897194568562e-06,1.15166819017958e-07,1.2102305039351336e-11,1.15166819017958e-07,,
MEC LV VI Pyramidal Polymorphic,EC LIV VI Deep Multipolar Principal,81,76,5.166548438199073e-05,0.002227304532511116,9.410148656304185e-08,1.1507476753839024e-07,4.861798884344949e-12,1.1507476753839024e-07,,
CA1 Perforant Path Associated,DG Granule,52,0,-1.0898927829287662e-05,0.010547168725312257,0.0030032610435056853,-1.1495283074049823e-07,-3.2732325365679614e-08,1.1495283074049823e-07,,
CA1 Recurrent O LM,CA1 Trilaminar,47,59,-2.398535232352966e-05,-5.965819516823991e-06,0.00478640172319881,1.430922830096129e-10,-1.1480353169287294e-07,1.1480353169287294e-07,,
MEC LII Oblique Pyramidal,MEC LIII Bipolar Complex Pyramidal,64,71,3.425810340352253e-05,0.00334740078149913,2.0580199897022124e-10,1.1467560210562932e-07,7.050386161373477e-15,1.1467560210562932e-07,,
CA1 Back Projection,CA3 Basket CCK+,37,20,-0.00014090735447192876,-0.0008104987171658379,7.365847269488232e-05,1.1420523003873025e-07,-1.0379020521878669e-08,1.1420523003873025e-07,,
MEC LIII Complex Pyramidal,EC LIII V Bipolar Pyramidal,70,75,4.208019708715989e-05,0.0027053814061489666,5.8451552257126325e-09,1.1384298276668627e-07,2.459652839030301e-13,1.1384298276668627e-07,,
CA1 Schaffer Collateral Associated,CA1 Axo Axonic,57,35,-5.4468703150476715e-05,-8.910133711648587e-07,0.0020887102310973345,4.8532342817084215e-11,-1.1376933754500433e-07,1.1376933754500433e-07,,
DG MOLAX,DG Granule,10,0,-9.166865903587667e-05,0.0012402796556212963,3.44877013308529e-05,-1.1369477286028316e-07,-3.1614413342291045e-09,1.1369477286028316e-07,,
CA1 Oriens Alveus,CA1 Horizontal Axo Axonic,49,36,-3.84698539004782e-05,-1.454986411497765e-06,0.002952063016611875,5.5973114677500073e-11,-1.1356543295406378e-07,1.1356543295406378e-07,,
CA1 Horizontal Basket,CA1 Ivy,39,42,-0.00012761049162235308,-8.37852663318621e-06,0.0008890166939035354,1.0691879027318712e-09,-1.1344785736950913e-07,1.1344785736950913e-07,,
EC LIII V Bipolar Pyramidal,LEC LVI Multipolar Pyramidal,75,82,0.00041036225808579823,0.0002729090412501121,7.498310814205236e-08,1.1199157041942626e-07,3.077023757546421e-11,1.1199157041942626e-07,,
CA2 Pyramidal,CA3 Horizontal Axo Axonic,28,18,0.0007366288294274252,-3.070365273738623e-06,0.0001512974013314156,-2.2617195775086975e-09,1.1145002763817204e-07,1.1145002763817204e-07,,
CA1 SO SO,CA1 Oriens Alveus,58,49,-2.3933030731718168e-05,-3.7570693784227593e-06,0.0046329549659527266,8.991805689498917e-11,-1.1088065357881291e-07,1.1088065357881291e-07,,
CA3 Pyramidal,CA1 Radiatum Giant,14,34,0.00018079768094295896,2.0278657605133638e-06,0.0006089276081865898,3.6663342676444595e-10,1.1009269942227819e-07,1.1009269942227819e-07,,
EC LI II Pyramidal Fan,EC LIII Stellate,63,74,0.0017620477818292516,6.216977819277105e-05,1.458186153256454e-08,1.0954611976138881e-07,2.569393676839664e-11,1.0954611976138881e-07,,
CA2 Wide Arbor Basket,CA3 Basket,30,19,-0.000674543891965791,-0.00016232805023020934,0.00010211522869045288,1.0949739477750383e-07,-6.888120378983489e-08,1.0949739477750383e-07,,
CA1 Perforant Path Associated,CA1 Schaffer Collateral Associated,52,57,-1.0311073282000283e-05,-6.0437330424136136e-05,0.010509185614657713,6.231737429717329e-10,-1.0836098300687886e-07,1.0836098300687886e-07,,
CA2 Bistratified,CA1 Perforant Path Associated QuadD,31,53,-6.038663293960305e-06,3.051212562853478e-08,0.017693887159361515,-1.842524530537385e-13,-1.0684742691671196e-07,1.0684742691671196e-07,,
CA1 Back Projection,CA1 Horizontal Axo Axonic,37,36,-9.641868002599333e-05,-1.3415832234063363e-06,0.001101665970989132,1.2935368354585626e-10,-1.0622117875232636e-07,1.0622117875232636e-07,,
CA3c Pyramidal,CA3 Granule,15,16,0.0002240572725885533,1.9635334649056143e-07,0.0004738269669526339,4.3994395278310377e-11,1.0616437789431373e-07,1.0616437789431373e-07,,
CA3 Basket CCK+,CA3 Basket CCK+,20,20,-0.0007678436922652998,-0.0001378740988683647,3.495906902596634e-06,1.0586575714283615e-07,-2.6843100639055474e-09,1.0586575714283615e-07,,
CA1 Schaffer Collateral Associated,CA1 Pyramidal,57,33,-2.9332471827865078e-05,0.003591025998012724,0.001993993066547761,-1.053336689198393e-07,-5.84887454494705e-08,1.053336689198393e-07,,
CA1 OR LM,CA1 Quadrilaminar,51,54,-1.2886917450437949e-05,-1.879092591255977e-07,0.008166938685026787,2.4215711105245315e-12,-1.0524666465672846e-07,1.0524666465672846e-07,,
EC LIII Pyramidal,EC LIII Pyramidal Stellate,72,73,3.292864243394667e-05,0.0031509187831753414,5.9732742671997715e-05,1.0375547794958716e-07,1.966918125045161e-09,1.0375547794958716e-07,,
CA1 Ivy,CA1 SO SO,42,58,-7.712538227612176e-05,-5.876222500305385e-07,0.0013383008939660658,4.532059066756008e-11,-1.0321696804760831e-07,1.0321696804760831e-07,,
CA1 Ivy,CA1 Back Projection,42,37,-8.55424943408419e-05,-3.9196833730374515e-05,0.0012013151079077388,3.352994927559483e-09,-1.0276349081976563e-07,1.0276349081976563e-07,,
EC LII III Pyramidal Tripolar,DG Axo Axonic,67,5,0.01584780566019774,-1.1542651588509561e-06,6.419474777375586e-06,-1.8292569917807227e-08,1.0173458871238943e-07,1.0173458871238943e-07,,
MEC LII Stellate,EC LV Deep Pyramidal,65,79,0.0002864714522807903,0.00035501268337469823,4.0609967607604747e-07,1.0170099898445018e-07,1.1633596397626383e-10,1.0170099898445018e-07,,
CA1 Quadrilaminar,CA1 Perforant Path Associated QuadD,54,53,-4.5892663580225425e-06,2.5902708950809124e-08,0.021944578651747686,-1.188744307695977e-13,-1.0070951654744535e-07,1.0070951654744535e-07,,
LEC LIII Complex Pyramidal,EC LIII Stellate,69,74,0.0002513017950775286,0.00039819420396201486,3.351395800542287e-10,1.0006691824512188e-07,8.422117806915678e-14,1.0006691824512188e-07,,
DG Semilunar Granule,DG HICAP,2,7,0.012534046403721489,-7.940605252387631e-09,7.983471608405978e-06,-9.952791470706114e-11,1.0006520360255356e-07,1.0006520360255356e-07,,
EC LII III Pyramidal Tripolar,EC LV Deep Pyramidal,67,79,0.0002397580072674026,0.0004140154649987677,9.185837031409682e-08,9.92635228659916e-08,2.2023779817338985e-11,9.92635228659916e-08,,
CA2 Wide Arbor Basket,CA1 Ivy,30,42,-0.00020857571879887693,-5.429625597877725e-06,0.00047544009597902246,1.1324880618861285e-09,-9.916525976463165e-08,9.916525976463165e-08,,
MEC LV Pyramidal,EC LIII Pyramidal Stellate,78,73,0.00010935015659174248,0.0009043069262129764,2.1275095315362318e-05,9.888610398838629e-08,2.3264350042391163e-09,9.888610398838629e-08,,
EC LIII Pyramidal,EC LIV VI Deep Multipolar Principal,72,76,2.584282980460507e-05,0.003820242578975352,4.2910916787195007e-07,9.872587878076556e-08,1.1089395192910512e-11,9.872587878076556e-08,,
CA1 Perforant Path Associated,DG AIPRIM,52,4,-2.5761374368079983e-05,-8.113422550346413e-05,0.003787402359982667,2.090129157258962e-09,-9.756869007806312e-08,9.756869007806312e-08,,
CA1 Radial Trilaminar,CA1 Basket,60,38,-1.2879324595581618e-05,-1.9687693338889573e-05,0.007365241299153279,2.535641930498289e-10,-9.485933341657834e-08,9.485933341657834e-08,,
CA1 Back Projection,CA3 Lucidum ORAX,37,22,-0.00032830555153609054,-2.618423111013486e-07,0.0002883768374360347,8.596428436161285e-11,-9.467571666467089e-08,9.467571666467089e-08,,
CA1 LMR,CA1 Radial Trilaminar,43,60,-1.3370511787795105e-05,-2.2258287953041516e-06,0.006955359974243587,2.976047014522794e-11,-9.299672252398214e-08,9.299672252398214e-08,,
CA1 Radiatum Giant,CA1 Perforant Path Associated QuadD,34,53,0.00012024636052411845,7.177805046573317e-10,0.0007699675443486986,8.63104933402092e-14,9.258579492962377e-08,9.258579492962377e-08,,
LEC LVI Multipolar Pyramidal,EC LIV VI Deep Multipolar Principal,82,76,8.21596866341271e-05,0.0011212031156894622,7.314262567965655e-08,9.211769663825317e-08,6.00937520543784e-12,9.211769663825317e-08,,
MEC LIII Complex Pyramidal,MEC LII Oblique Pyramidal,70,64,0.0003389044322972035,0.00027178722755390135,2.627251841634718e-10,9.210989605978581e-08,8.903872938909966e-14,9.210989605978581e-08,,
MEC LV Pyramidal,DG AIPRIM,78,4,0.009566188551839822,-4.088867013987543e-06,9.484686616899736e-06,-3.9114872819203106e-08,9.073230053237462e-08,9.073230053237462e-08,,
CA1 Schaffer Collateral Associated,CA1 Back Projection,57,37,-6.571854213359371e-05,-7.011325133646252e-05,0.0013764402623014209,4.607740662078557e-09,-9.04576473724307e-08,9.04576473724307e-08,,
CA3 O LM,CA3 Pyramidal,26,14,-5.826877602065992e-05,0.001533098489328692,0.0012574372735837391,-8.933177249230564e-08,-7.326933085448017e-08,8.933177249230564e-08,,
CA1 Back Projection,DG AIPRIM,37,4,-0.00017803396989679287,-2.2909268045809707e-05,0.0004960549074844137,4.078627937625244e-09,-8.831462446623648e-08,8.831462446623648e-08,,
CA1 SO SO,CA1 OR LM,58,51,-1.3492972566374006e-05,-2.8696185681935094e-06,0.0064398568534634985,3.8719684616592476e-11,-8.689281185515861e-08,8.689281185515861e-08,,
CA1 Schaffer Collateral Associated,CA1 Radiatum,57,56,-4.3038365483073775e-05,-1.8452078221458562e-07,0.001978846851751839,7.941472864173996e-12,-8.516633404072556e-08,8.516633404072556e-08,,
CA1 Oriens Alveus,CA1 Axo Axonic,49,35,-1.3469268025280367e-05,-2.8940401197009707e-06,0.006310765982603566,3.8980602048166846e-11,-8.500139846450924e-08,8.500139846450924e-08,,
SUB CA1 Projecting Pyramidal,CA1 R Receiving Apical Targeting,61,55,0.00027397507041423426,7.401661916020212e-07,0.0002991979328434703,2.027870844623994e-10,8.19727747185831e-08,8.19727747185831e-08,,
MEC LIII Bipolar Complex Pyramidal,EC LIII V Bipolar Pyramidal,71,75,1.993325678256148e-05,0.004104191879199046,4.578718380474721e-09,8.180991061297812e-08,9.126876921303665e-14,8.180991061297812e-08,,
CA1 Ivy,CA1 Axo Axonic,42,35,-4.474973743691035e-05,-4.981212865666476e-07,0.0018229626271344954,2.2290796785593463e-11,-8.157709892156898e-08,8.157709892156898e-08,,
EC LIII Pyramidal,CA1 Axo Axonic,72,35,0.0006442795519730417,-1.6594965463254668e-06,0.00012642721287823232,-1.0691796913673818e-09,8.14544680703879e-08,8.14544680703879e-08,,
CA1 SO SO,CA1 Horizontal Basket,58,39,-6.322808524833469e-05,-3.605846941134541e-05,0.0012794854953290188,2.2799079778650166e-09,-8.089941797267094e-08,8.089941797267094e-08,,
CA1 Ivy,CA1 Horizontal Axo Axonic,42,36,-9.453545319720747e-05,-2.504318092546495e-07,0.0008527491856082388,2.3674684582884903e-11,-8.061503072502444e-08,8.061503072502444e-08,,
CA2 Bistratified,CA1 Trilaminar,31,59,-6.084203920695975e-06,-8.503406411450117e-06,0.013242644373221948,5.173645862781609e-11,-8.057094881593946e-08,8.057094881593946e-08,,
CA1 Trilaminar,CA1 Schaffer Collateral Associated,59,57,-7.760938865021684e-06,-0.00013096941142623654,0.010310283486179744,1.0164455952668942e-09,-8.001747981728363e-08,8.001747981728363e-08,,
CA1 Radial Trilaminar,CA1 Basket CCK+,60,40,-1.1253233843636531e-05,-3.198884195061953e-05,0.007100141223896664,3.599779188574517e-10,-7.989954951535284e-08,7.989954951535284e-08,,
CA1 OR LM,CA1 Axo Axonic,51,35,-9.071492407370925e-06,-3.734858368057988e-06,0.008772032075066055,3.38807393284438e-11,-7.957542236617593e-08,7.957542236617593e-08,,
DG Semilunar Granule,CA3c Pyramidal,2,15,0.00011768829382056325,0.0005030831531022794,0.000675064422304725,5.9206997938476465e-08,7.944718008000727e-08,7.944718008000727e-08,,
EC LIII Pyramidal,MEC LIII Bipolar Complex Pyramidal,72,71,1.8007953682135147e-05,0.004406352521949983,4.6551873293831496e-08,7.934939212243469e-08,8.383039780919417e-13,7.934939212243469e-08,,
CA1 Recurrent O LM,CA1 LMR,47,43,-3.699535746795109e-05,-7.749880523609419e-07,0.002135348983370725,2.867096003048424e-11,-7.899799895862592e-08,7.899799895862592e-08,,
MEC LII Oblique Pyramidal,MEC LII III Pyramidal Multiform,64,66,2.0411954883948887e-05,0.003856924366487299,1.8070128834798718e-10,7.872736615954189e-08,3.688466545230553e-15,7.872736615954189e-08,,
MEC LV Pyramidal,EC LIV VI Deep Multipolar Principal,78,76,7.172597721281702e-05,0.0010964014186680133,1.528364183326093e-07,7.864046317148218e-08,1.0962341458613305e-11,7.864046317148218e-08,,
MEC LV Multipolar Pyramidal,MEC LIII Bipolar Complex Pyramidal,77,71,8.875626659505974e-05,0.0008857470073597194,2.937237468811711e-09,7.86155975209956e-08,2.606982318348507e-13,7.86155975209956e-08,,
MEC LV Superficial Pyramidal,MEC LIII Bipolar Complex Pyramidal,80,71,0.00011240252108275482,0.0006966111439337892,1.090162275336619e-09,7.83008487924997e-08,1.225369881371483e-13,7.83008487924997e-08,,
CA1 Back Projection,DG Axo Axonic,37,5,-0.00011908102027789612,-1.5035230658043044e-06,0.0006519912375652553,1.790410606873269e-10,-7.763978178151876e-08,7.763978178151876e-08,,
MEC LV Pyramidal,EC LIII V Bipolar Pyramidal,78,75,7.358036915566361e-05,0.001049573509348261,1.5668222978581773e-07,7.72280062738504e-08,1.1528736307772981e-11,7.72280062738504e-08,,
LEC LVI Multipolar Pyramidal,EC LIII Pyramidal Stellate,82,73,8.27556654413823e-05,0.0009247632536277836,1.0181580737936895e-05,7.652939842970503e-08,8.42583489213128e-10,7.652939842970503e-08,,
MEC LII Stellate,CA3 Axo Axonic,65,17,0.00890301672889738,-8.592789546988624e-07,8.582837974813009e-06,-7.650174908473425e-09,7.641315007117593e-08,7.641315007117593e-08,,
MEC LIII Superficial Trilayered Interneuron,EC LIII Pyramidal Stellate,84,73,-1.9620387574708786e-05,0.003894386913853837,3.961196021661566e-07,-7.640938061568631e-08,-7.772020120439446e-12,7.640938061568631e-08,,
CA1 Oriens Alveus,CA1 Pyramidal,49,33,-6.520726570219507e-06,0.011663768070675975,0.006024590403478796,-7.605624236733474e-08,-3.9284706718653646e-08,7.605624236733474e-08,,
CA1 SO SO,CA1 Pyramidal,58,33,-5.994274081558769e-06,0.012593268232477249,0.0025046593409162594,-7.548750136805578e-08,-1.50136145703884e-08,7.548750136805578e-08,,
CA1 SO SO,CA1 SO SO,58,58,-3.918652275683188e-05,-3.6861012182780497e-06,0.0019261017188516834,1.4444548927403853e-10,-7.54772288377545e-08,7.54772288377545e-08,,
CA2 Bistratified,CA2 Basket,31,29,-3.679250678997901e-05,-7.406057773334659e-06,0.0020512053097616377,2.7248743091239225e-10,-7.546898528704606e-08,7.546898528704606e-08,,
EC LV Deep Pyramidal,LEC LVI Multipolar Pyramidal,79,82,0.00036252706914887247,0.00020768924992674954,8.536855472615564e-08,7.529297506967219e-08,3.094841194234833e-11,7.529297506967219e-08,,
CA1 Oriens Bistratified,CA1 Perforant Path Associated QuadD,50,53,-9.006683447494347e-05,2.770857821934668e-09,0.000834020973182373,-2.495623928017921e-13,-7.511762894024805e-08,7.511762894024805e-08,,
EC LIII Pyramidal,EC LIII V Bipolar Pyramidal,72,75,2.0483158096379714e-05,0.0036570779113438132,4.399068100208735e-07,7.490850502883344e-08,9.010680737331627e-12,7.490850502883344e-08,,
CA1 Radial Trilaminar,CA1 LMR,60,43,-1.0696712261810728e-05,-4.7504327579247293e-07,0.006955359974243587,5.081401233060081e-12,-7.439948432179893e-08,7.439948432179893e-08,,
CA3 Pyramidal,CA3 Trilaminar,14,27,0.0011234286189950764,-7.0363536435111325e-06,6.342123741690768e-05,-7.904841056490686e-09,7.124923316623546e-08,7.124923316623546e-08,,
CA1 Pyramidal,CA1 Oriens Bistratified,33,50,0.0005856315207318411,-8.938347037672193e-07,0.00012072062421006246,-5.234577768500913e-10,7.069780273983599e-08,7.069780273983599e-08,,
CA1 Back Projection,CA1 Radiatum,37,56,-3.116585160558996e-05,-5.526170680816062e-07,0.0022312096366451694,1.7222781538547543e-11,-6.953754843664564e-08,6.953754843664564e-08,,
DG Axo Axonic,DG Granule,5,0,-7.71531928004754e-06,0.009002040217025827,0.00016524852300024064,-6.94536144461827e-08,-1.274945115503136e-09,6.94536144461827e-08,,
MEC LV Superficial Pyramidal,EC LI II Pyramidal Fan,80,63,1.8086713329926105e-06,0.037430831580038064,4.2029430602629594e-08,6.770007204888935e-08,7.601742627297849e-14,6.770007204888935e-08,,
CA1 Back Projection,CA1 Ivy,37,42,-5.577251150404798e-05,-1.2262956342659968e-05,0.0012013151079077388,6.839358736946412e-10,-6.700036067577101e-08,6.700036067577101e-08,,
CA1 Back Projection,CA3 Mossy Fiber Associated ORDEN,37,25,-0.0002837436828611282,-4.314324915147686e-06,0.0002344677185559546,1.224162440483529e-09,-6.652873397511305e-08,6.652873397511305e-08,,
LEC LIII Multipolar Principal,EC LIII Stellate,68,74,0.00024244679462037975,0.0002724832469706774,2.054000200326343e-09,6.606268981579403e-08,4.979857647187397e-13,6.606268981579403e-08,,
CA1 Radial Trilaminar,CA1 Oriens Alveus,60,49,-1.1755579068757255e-05,-8.779976686975723e-07,0.0055772786826617194,1.0321371016558848e-11,-6.556414054252415e-08,6.556414054252415e-08,,
CA1 SO SO,CA1 Horizontal Axo Axonic,58,36,-5.315375770515654e-05,-1.5709360854548402e-06,0.0012272887805386528,8.350115605655367e-11,-6.52350104750086e-08,6.52350104750086e-08,,
MEC LII Oblique Pyramidal,MEC LV Superficial Pyramidal,64,80,4.384157302093704e-05,0.001474357036065655,4.6304193961449717e-10,6.463813165560472e-08,2.0300487007365298e-14,6.463813165560472e-08,,
LEC LVI Multipolar Pyramidal,EC LIII V Bipolar Pyramidal,82,75,6.01639599078949e-05,0.0010733159122103615,7.498310814205236e-08,6.457493551072983e-08,4.5112807120277854e-12,6.457493551072983e-08,,
CA1 LMR,CA1 Quadrilaminar,43,54,-8.797064940095502e-06,-1.8280530418291885e-07,0.007327206411718535,1.608150132291049e-12,-6.44579106333721e-08,6.44579106333721e-08,,
EC LI II Pyramidal Fan,MEC LII Oblique Pyramidal,63,64,0.001427938432512218,4.4879690932210515e-05,7.934360809660657e-09,6.408543552137349e-08,1.1329778737533212e-11,6.408543552137349e-08,,
EC LIV VI Deep Multipolar Principal,MEC LV Multipolar Pyramidal,76,77,0.0006991549784434559,9.007463930498793e-05,2.7075076401944044e-08,6.29761325015809e-08,1.892967445815611e-11,6.29761325015809e-08,,
MEC LII Oblique Pyramidal,EC LIII Pyramidal Stellate,64,73,2.611812938953158e-05,0.002393677751541721,2.6407353724044235e-07,6.25183852316097e-08,6.897106813997159e-12,6.25183852316097e-08,,
CA1 Schaffer Collateral Associated,CA1 SO SO,57,58,-4.024732451047838e-05,-1.0511080254771158e-06,0.001533395544102614,4.230428579694566e-11,-6.171506806641947e-08,6.171506806641947e-08,,
CA1 OR LM,CA1 Pyramidal,51,33,-3.9436673152069515e-06,0.01505249408441265,0.008374244965529248,-5.9362028933044155e-08,-3.302523616009406e-08,5.9362028933044155e-08,,
SUB CA1 Projecting Pyramidal,CA1 LMR,61,43,0.00031526152767612654,2.9467478603643605e-07,0.00018825967172292238,9.289962321348255e-11,5.935103170717459e-08,5.935103170717459e-08,,
CA1 Neurogliaform,CA1 Pyramidal,44,33,-8.625784450602875e-06,0.0068279353252137945,1.9579897773827194e-05,-5.8896298357951236e-08,-1.6889197776187248e-10,5.8896298357951236e-08,,
CA1 Perforant Path Associated,DG HICAP,52,7,-2.601935458443886e-05,-2.1527819244380656e-06,0.002242396526937149,5.601399623492469e-11,-5.834571035329189e-08,5.834571035329189e-08,,
EC LI II Pyramidal Fan,DG AIPRIM,63,4,0.005448788082771555,-1.7403613895452348e-06,1.0685861281273892e-05,-9.482860399069819e-09,5.822499360355516e-08,5.822499360355516e-08,,
EC LIII Pyramidal Stellate,EC LIII Stellate,73,74,0.00013378502405522668,0.0004306426226349924,4.853174498651701e-07,5.7613533628428364e-08,6.492820670463304e-11,5.7613533628428364e-08,,
MEC LV Superficial Pyramidal,MEC LII III Pyramidal Multiform,80,66,7.103180850571339e-05,0.0008026455959066702,9.572002635902698e-10,5.701336826639681e-08,6.799166582496243e-14,5.701336826639681e-08,,
MEC LII Oblique Pyramidal,MEC LIII Superficial Trilayered Interneuron,64,84,1.72932927249889e-05,-0.003277688688492684,1.3112340531029197e-10,-5.668202995148894e-08,2.2675554311282432e-15,5.668202995148894e-08,,
CA1 Schaffer Collateral Associated,CA1 Horizontal Basket,57,39,-5.532829678467612e-05,-1.0282231642676309e-05,0.0010186156515405308,5.688983639347827e-10,-5.6358269077950725e-08,5.6358269077950725e-08,,
EC LI II Pyramidal Fan,MEC LV Superficial Pyramidal,63,80,0.00023161287558210632,0.00023707692994047027,4.2029430602629594e-08,5.491006947768988e-08,9.734557280953621e-12,5.491006947768988e-08,,
MEC LV Pyramidal,MEC LV Multipolar Pyramidal,78,77,0.00039440246932187967,0.00013907655733356967,1.0051129547219615e-07,5.4852137637145854e-08,3.964190312897523e-11,5.4852137637145854e-08,,
CA1 Perforant Path Associated QuadD,CA1 Radial Trilaminar,53,60,-2.601578352725526e-06,-7.317436138443094e-06,0.02083091910197839,1.903688345522502e-11,-5.419326820308364e-08,5.419326820308364e-08,,
CA1 LMR,CA1 Radiatum,43,56,-7.187979827588266e-06,-7.52446827555845e-07,0.0074561276099704326,5.4085726178042005e-12,-5.359449485239138e-08,5.359449485239138e-08,,
CA2 Wide Arbor Basket,CA3 Mossy Fiber Associated ORDEN,30,25,-0.0005717942278300787,-1.9102383097750105e-06,9.279443326770082e-05,1.0922632393092368e-09,-5.3059321317234755e-08,5.3059321317234755e-08,,
EC LIII Pyramidal,MEC LII III Pyramidal Multiform,72,66,1.0439432658922149e-05,0.005077064121861879,4.087415827493877e-08,5.30016690052068e-08,4.267030228013488e-13,5.30016690052068e-08,,
CA3c Pyramidal,CA3 LMR Targeting,15,21,0.00016840561870655617,-2.084287557767412e-06,0.0003125447357782734,-3.5100573572819794e-10,5.263428960221726e-08,5.263428960221726e-08,,
MEC LV Multipolar Pyramidal,MEC LII III Pyramidal Multiform,77,66,5.152095821438398e-05,0.0010205707168709384,2.5789963044773743e-09,5.258078125873152e-08,1.328723608380295e-13,5.258078125873152e-08,,
CA1 Trilaminar,CA2 Wide Arbor Basket,59,30,-1.1314202620410598e-05,-0.0026359578738611015,0.004600845667193011,2.982376148373122e-08,-5.205490010385991e-08,5.205490010385991e-08,,
CA1 Trilaminar,CA1 O LMR,59,48,-1.5487349423838604e-05,-2.991746196114571e-05,0.0033478471351714584,4.6334218726666336e-10,-5.1849278399997405e-08,5.1849278399997405e-08,,
CA1 SO SO,CA1 Radial Trilaminar,58,60,-2.2298451923437494e-05,-1.9141727639651388e-06,0.0023186942536965733,4.268308935043011e-11,-5.170329234120382e-08,5.170329234120382e-08,,
CA1 R Receiving Apical Targeting,CA1 Schaffer Collateral Associated,55,57,-6.937088626757771e-06,-3.450790345443349e-05,0.007310239650164384,2.393843845870058e-10,-5.0711780336029055e-08,5.0711780336029055e-08,,
CA1 Bistratified,CA1 Schaffer Collateral Associated,41,57,-1.934202747719496e-05,-8.610769613463264e-06,0.002612947822247974,1.6654974246340188e-10,-5.053970857439705e-08,5.053970857439705e-08,,
CA1 Radial Trilaminar,CA1 OR LM,60,51,-6.369515953271448e-06,-6.706073695085385e-07,0.00775247689912068,4.271444338466037e-12,-4.937952528631754e-08,4.937952528631754e-08,,
LEC LIII Complex Pyramidal,EC LIII Pyramidal,69,72,0.0001815144906256464,0.0002704182816987895,4.124889039152045e-08,4.908483665841833e-08,7.487271328289955e-12,4.908483665841833e-08,,
EC LIV VI Deep Multipolar Principal,EC LV Deep Pyramidal,76,79,0.0007861859248913263,6.233923153259076e-05,4.805173288254081e-08,4.9010226399464403e-08,3.7777596058891304e-11,4.9010226399464403e-08,,
CA2 Pyramidal,CA1 Oriens Bistratified,28,50,0.0003043022013128891,-6.868596733666997e-07,0.0001602049676742741,-2.090129105985387e-10,4.875072432454185e-08,4.875072432454185e-08,,
MEC LIII Complex Pyramidal,EC LIII Stellate,70,74,0.0001292794747597752,0.00037649438535966297,4.828394307358342e-10,4.8672996389301624e-08,6.24212279988375e-14,4.8672996389301624e-08,,
CA1 SO SO,CA1 Back Projection,58,37,-2.809226153837924e-05,-0.0002458781922547468,0.0017289498233588282,6.907274483404239e-09,-4.8570110624530785e-08,4.8570110624530785e-08,,
CA1 Back Projection,CA3 Axo Axonic,37,17,-0.0002456545366062617,-1.3053031265827495e-06,0.00019717836877969802,3.2065363469138986e-10,-4.8437760811355294e-08,4.8437760811355294e-08,,
SUB CA1 Projecting Pyramidal,CA1 OR LM,61,51,0.00022923272977626953,4.159854337370182e-07,0.00020983511442579508,9.535747652270217e-11,4.810107608274088e-08,4.810107608274088e-08,,
EC LIII V Bipolar Pyramidal,MEC LV Multipolar Pyramidal,75,77,0.00021261406200679054,0.00022052157845027555,2.775636454032796e-08,4.688598855446221e-08,5.901393411460371e-12,4.688598855446221e-08,,
EC LIII Stellate,EC LIII V Bipolar Pyramidal,74,75,1.024259765326359e-05,0.004562354906618779,3.5741611998294668e-09,4.673036565988914e-08,3.6608695117759076e-14,4.673036565988914e-08,,
EC LIII V Bipolar Pyramidal,EC LIII Stellate,75,74,0.0002016111240579836,0.00023160078370358618,3.5741611998294668e-09,4.669329433518994e-08,7.205906570620501e-13,4.669329433518994e-08,,
CA3 LMR Targeting,CA3c Pyramidal,21,15,-4.491965362450976e-06,0.010321061339445195,0.0003125447357782734,-4.6361850040519694e-08,-1.4039401273323967e-09,4.6361850040519694e-08,,
EC LIII Pyramidal Stellate,MEC LV Superficial Pyramidal,73,80,2.817738292943504e-05,0.0016422035568350777,1.3988348492955388e-06,4.627299846902222e-08,3.941550520363895e-11,4.627299846902222e-08,,
CA1 Schaffer Collateral Associated,CA1 Ivy,57,42,-4.317623812719195e-05,-4.09464424337466e-06,0.00106543938328427,1.7679133489808002e-10,-4.6001664522770176e-08,4.6001664522770176e-08,,
CA2 Wide Arbor Basket,CA2 Wide Arbor Basket,30,30,-0.00018859367605545346,-0.0001520742498342764,0.00024308787239744173,2.868024180962162e-08,-4.584483545993253e-08,4.584483545993253e-08,,
CA1 Ivy,CA1 Pyramidal,42,33,-2.2815135532160115e-05,0.002007564137770289,0.0017402963728349187,-4.5802847892733304e-08,-3.970509761235532e-08,4.5802847892733304e-08,,
EC LII III Pyramidal Tripolar,DG Basket,67,6,0.002267948135171689,-1.9945436684809986e-05,1.4222351276993425e-06,-4.52352159344998e-08,3.225555505641393e-09,4.52352159344998e-08,,
CA3 O LM,CA3c Pyramidal,26,15,-1.2332777228751595e-05,0.003665525542655539,0.0025421425502179184,-4.5206109943869565e-08,-3.1351677755568055e-08,4.5206109943869565e-08,,
CA1 LMR,CA1 Bistratified,43,41,-4.559122211434045e-06,-2.6962324618701972e-05,0.009845366448458475,1.2292453304101914e-10,-4.4886228854874556e-08,4.4886228854874556e-08,,
MEC LV Superficial Pyramidal,MEC LIII Superficial Trilayered Interneuron,80,84,6.490507737966106e-05,-0.0006821037024814123,6.945792101059102e-10,-4.427199359050937e-08,4.508171737822796e-14,4.427199359050937e-08,,
DG Mossy,DG HICAP,3,7,0.004829602245820132,-2.2298963592189717e-07,9.008897310860717e-06,-1.0769512464430083e-09,4.350939068489587e-08,4.350939068489587e-08,,
MEC LIII Superficial Trilayered Interneuron,MEC LV Superficial Pyramidal,84,80,-1.812093386368747e-05,0.002398700804193166,6.945792101059102e-10,-4.346669863155831e-08,-1.2586423929421483e-14,4.346669863155831e-08,,
CA1 SO SO,CA1 Bistratified,58,41,-1.3224480139824865e-05,-2.3187114636664436e-05,0.0032821298529642742,3.066375370124113e-10,-4.340446105685235e-08,4.340446105685235e-08,,
CA1 Radiatum,CA1 Basket,56,38,-5.495691442894365e-06,-3.1017335695497575e-05,0.007895519312885532,1.7046170636312796e-10,-4.3391337925032214e-08,4.3391337925032214e-08,,
DG HIPP,DG Granule,8,0,-0.00012010554916239723,0.000355513996199842,2.609151153960382e-06,-4.269920374850042e-08,-3.1337353219411413e-10,4.269920374850042e-08,,
CA1 LMR,CA1 Axo Axonic,43,35,-5.384031784245231e-06,-3.633412867625709e-06,0.007870083533511166,1.9562410364582427e-11,-4.2372779889089136e-08,4.2372779889089136e-08,,
CA3 LMR Targeting,CA3 Basket,21,19,-0.0004301608582106958,-9.825392427848976e-05,3.247204832072853e-06,4.226499239020387e-08,-1.3968204173503767e-09,4.226499239020387e-08,,
EC LIII Pyramidal Stellate,EC LIII Pyramidal,73,72,0.0001440783808962586,0.0002924543774884373,5.9732742671997715e-05,4.213635319455727e-08,8.606196850674286e-09,4.213635319455727e-08,,
EC LI II Pyramidal Fan,EC LIII Pyramidal,63,72,0.0009871511163695547,4.222021422011398e-05,1.7947316397656081e-06,4.167773160074726e-08,1.7716713417783816e-09,4.167773160074726e-08,,
MEC LV Pyramidal,DG HICAP,78,7,0.007403920713150708,-1.0849230327302006e-07,5.615571388332915e-06,-8.032684114205416e-10,4.157724531825455e-08,4.157724531825455e-08,,
CA1 LMR,CA1 Pyramidal,43,33,-2.806367907697861e-06,0.014643641152208649,0.007513197266587084,-4.109544458140208e-08,-2.1084795693153283e-08,4.109544458140208e-08,,
CA1 Perforant Path Associated QuadD,CA1 Quadrilaminar,53,54,-1.8510002679863575e-06,-6.009744064544666e-07,0.021944578651747686,1.1124037874001599e-12,-4.0619420965232666e-08,4.0619420965232666e-08,,
CA1 Oriens Alveus,CA1 Ivy,49,42,-1.257088993378844e-05,-1.3299536347851673e-05,0.0032190863607845116,1.6718700759926206e-10,-4.046678032878168e-08,4.046678032878168e-08,,
CA1 O LMR,CA1 Basket,48,38,-2.5239310096910254e-05,-2.0167148139766206e-05,0.0015815856063955277,5.09004905669886e-10,-3.991812956462657e-08,3.991812956462657e-08,,
EC LII III Pyramidal Tripolar,DG AIPRIM,67,4,0.0022498816188541277,-1.7587605086663493e-05,4.884133073139434e-06,-3.957002940414955e-08,1.0988721225293935e-08,3.957002940414955e-08,,
EC LIII V Bipolar Pyramidal,EC LV Deep Pyramidal,75,79,0.0002564546823623417,0.00015261949248996713,4.9260855071363773e-08,3.9139983468816315e-08,1.2633176940223944e-11,3.9139983468816315e-08,,
MEC LV Multipolar Pyramidal,MEC LIII Superficial Trilayered Interneuron,77,84,4.47579269234874e-05,-0.0008673006718929551,1.8714132080481026e-09,-3.881858009327641e-08,8.37605756094661e-14,3.881858009327641e-08,,
CA1 O LMR,CA1 Basket CCK+,48,40,-2.524404518262933e-05,-3.2767866876683995e-05,0.0015246589632279188,8.271935119733938e-10,-3.8488559755826375e-08,3.8488559755826375e-08,,
CA1 Back Projection,CA3 O LM,37,26,-0.0002417856152615143,-6.928823325690476e-05,0.0001588661270672801,1.6752898108404036e-08,-3.841154427717623e-08,3.841154427717623e-08,,
EC LIII Pyramidal,CA1 Quadrilaminar,72,54,0.0003231276946616344,-8.349306340728823e-08,0.00011770628365920302,-2.6978921099034713e-11,3.803416008598668e-08,3.803416008598668e-08,,
MEC LIII Superficial Trilayered Interneuron,MEC LII Oblique Pyramidal,84,64,-8.22225112547851e-05,0.0004540844643047539,1.3112340531029197e-10,-3.733596497692069e-08,-1.078129566889123e-14,3.733596497692069e-08,,
CA1 Perforant Path Associated QuadD,CA1 Axo Axonic,53,35,-1.5788068933096792e-06,-1.194488393695862e-05,0.023570465658064275,1.885866509945433e-11,-3.721321365947094e-08,3.721321365947094e-08,,
CA1 Ivy,CA1 Ivy,42,42,-3.998782161212318e-05,-2.289112065597861e-06,0.000929883019811732,9.153660492928609e-11,-3.718399631637394e-08,3.718399631637394e-08,,
SUB CA1 Projecting Pyramidal,CA1 Basket CCK+,61,40,0.00018922579177605404,1.9843045123893405e-05,0.00019217844381124794,3.754815924816698e-09,3.63651181924733e-08,3.63651181924733e-08,,
CA3 LMR Targeting,CA3 Basket CCK+,21,20,-0.00016677627816357612,-0.00021721177585544242,9.270021595313471e-07,3.622577155047161e-08,-1.5460197001623572e-10,3.622577155047161e-08,,
CA1 Quadrilaminar,CA1 Perforant Path Associated,54,52,-2.157342836665606e-06,-6.4405715699608415e-06,0.016740836919285088,1.3894520940487178e-11,-3.61157246076068e-08,3.61157246076068e-08,,
MEC LII III Pyramidal Multiform,MEC LII Oblique Pyramidal,66,64,0.00010728935056627024,0.0003320168659163106,1.8070128834798718e-10,3.5621873921209385e-08,1.938732387334388e-14,3.5621873921209385e-08,,
MEC LII III Pyramidal Multiform,EC LIII Stellate,66,74,7.681869983151909e-05,0.0004599277419591481,3.3209495114440873e-10,3.5331051153748167e-08,2.5511102367525333e-14,3.5331051153748167e-08,,
DG Mossy,DG Mossy,3,3,0.001042681911386485,3.370471185793491e-05,1.460250619934224e-06,3.51432933827623e-08,1.5225769074963164e-09,3.51432933827623e-08,,
EC LII III Pyramidal Tripolar,DG Semilunar Granule,67,2,0.00014074232386251581,0.00024814870255899623,4.1536927277295446e-07,3.492502506162136e-08,5.846003671114883e-11,3.492502506162136e-08,,
CA3 Mossy Fiber Associated,CA3c Pyramidal,24,15,-4.349659356759041e-06,0.00788393134140491,0.001759346313545794,-3.429241572718772e-08,-7.652557154493989e-09,3.429241572718772e-08,,
MEC LIII Complex Pyramidal,MEC LV Multipolar Pyramidal,70,77,9.518127005145567e-05,0.00035848383070861603,3.749653836146978e-09,3.41209462997571e-08,3.5689681437778224e-13,3.41209462997571e-08,,
CA1 Radiatum,CA1 Basket CCK+,56,40,-4.4757528041736095e-06,-5.039740472453661e-05,0.007611332729035708,2.2556632551891704e-10,-3.406644380547994e-08,3.406644380547994e-08,,
CA1 SO SO,CA1 Quadrilaminar,58,54,-1.3750382625991352e-05,-1.5720927643381048e-07,0.002442655946696434,2.161687703320139e-12,-3.3587453890729104e-08,3.3587453890729104e-08,,
DG Granule,DG HIPP,0,8,0.008428883238322249,-3.9634547753485085e-06,2.609151153960382e-06,-3.340749752178332e-08,2.199223042786582e-08,3.340749752178332e-08,,
MEC LIII Complex Pyramidal,EC LIV VI Deep Multipolar Principal,70,76,1.1768661846746018e-05,0.0028260850577123096,5.701684170038e-09,3.3259239394357874e-08,6.710119295412195e-14,3.3259239394357874e-08,,
CA1 Back Projection,DG HICAP,37,7,-0.00011165020481714414,-6.078650266898767e-07,0.00029369781607208707,6.786825473110351e-11,-3.279142131879645e-08,3.279142131879645e-08,,
CA1 Back Projection,CA1 Schaffer Collateral Associated,37,57,-2.3628774371797325e-05,-1.7065239657714962e-05,0.0013764402623014209,4.032306974727946e-10,-3.25235963941778e-08,3.25235963941778e-08,,
MEC LV Multipolar Pyramidal,MEC LV Superficial Pyramidal,77,80,8.243023262176425e-05,0.0003901257774965478,6.608605074160367e-09,3.215815859078708e-08,5.447488535684106e-13,3.215815859078708e-08,,
CA1 Oriens Bistratified,CA1 Trilaminar,50,59,-5.150418162723126e-05,-7.72208742684946e-07,0.0006242067132105069,3.977197933738135e-11,-3.2149255930131e-08,3.2149255930131e-08,,
CA1 O LMR,CA1 Oriens Alveus,48,49,-2.671063017976527e-05,-8.993795639846149e-07,0.0011976449011071037,2.4022994924831586e-11,-3.19898500401534e-08,3.19898500401534e-08,,
MEC LIII Bipolar Complex Pyramidal,MEC LII Oblique Pyramidal,71,64,7.703983247509562e-05,0.00041231411203663897,2.0580199897022124e-10,3.1764610118420475e-08,1.5854951523705644e-14,3.1764610118420475e-08,,
MEC LIII Bipolar Complex Pyramidal,EC LIV VI Deep Multipolar Principal,71,76,7.408302827477494e-06,0.004287305042248806,4.466332389972055e-09,3.1761654066750344e-08,3.308794287308429e-14,3.1761654066750344e-08,,
CA3c Pyramidal,CA3 Trilaminar,15,27,0.0002473282393040398,-3.2830918269658524e-06,0.00012821778836370474,-8.120013210369476e-10,3.17118798434531e-08,3.17118798434531e-08,,
CA1 Schaffer Collateral Associated,CA1 Horizontal Axo Axonic,57,36,-3.224270528877836e-05,-4.479593557402503e-07,0.0009770611432334305,1.4443421488483916e-11,-3.150309449039236e-08,3.150309449039236e-08,,
CA3c Pyramidal,DG HIPP,15,8,0.0001891638514144973,-1.1556720646845562e-06,0.00016472973653551483,-2.1861137872787473e-10,3.116091140555342e-08,3.116091140555342e-08,,
CA1 Radiatum,CA1 OR LM,56,51,-3.7442410734166215e-06,-1.056520616299589e-06,0.008310634858187614,3.955867886460364e-12,-3.1117020382193984e-08,3.1117020382193984e-08,,
CA1 Radial Trilaminar,CA1 Radial Trilaminar,60,60,-1.1085934211675503e-05,-4.47327173114733e-07,0.0027913079509273345,4.959039612244709e-12,-3.0944256308507185e-08,3.0944256308507185e-08,,
CA1 Trilaminar,CA1 Recurrent O LM,59,47,-6.434122006391156e-06,-1.4048753258630941e-05,0.00478640172319881,9.03913925037168e-11,-3.079629265866201e-08,3.079629265866201e-08,,
CA1 O LM,CA1 Basket CCK+,46,40,-1.953448857141408e-05,-3.423472495670885e-05,0.001567061913293942,6.687578434123334e-10,-3.061175303593879e-08,3.061175303593879e-08,,
CA1 Radiatum,CA1 Oriens Alveus,56,49,-5.113864084094984e-06,-1.3832574472329155e-06,0.005978828087731869,7.073790578461319e-12,-3.0574914222830294e-08,3.0574914222830294e-08,,
CA1 Trilaminar,CA1 O LM,59,46,-8.8459478734296e-06,-2.272552483866066e-05,0.0034409555602849724,2.0102880811912183e-10,-3.043851352106861e-08,3.043851352106861e-08,,
CA1 Ivy,CA1 Radiatum,42,56,-1.7453296699393577e-05,-1.0315639743413836e-07,0.0017270772182080884,1.800419210858579e-12,-3.014319111214907e-08,3.014319111214907e-08,,
CA1 O LM,CA1 Basket,46,38,-1.8473733812637117e-05,-2.1069933307662614e-05,0.0016255717679638478,3.8924033937577586e-10,-3.0030380134702035e-08,3.0030380134702035e-08,,
CA1 Axo Axonic,CA1 Pyramidal,35,33,-3.871978562000521e-06,0.007636744232787476,0.0034117143557026064,-2.9569309952834225e-08,-1.3210084844949912e-08,2.9569309952834225e-08,,
CA1 Recurrent O LM,CA1 Basket,47,38,-1.2902559354421687e-05,-3.2118604543412156e-05,0.0022611857011954908,4.144122015025734e-10,-2.917508272104444e-08,2.917508272104444e-08,,
SUB CA1 Projecting Pyramidal,CA1 Basket,61,38,0.00014586889208697168,1.2212501718943764e-05,0.00019935386727262818,1.7814240953525642e-09,2.9079527752311477e-08,2.9079527752311477e-08,,
LEC LIII Complex Pyramidal,EC LV Deep Pyramidal,69,79,0.0001106421637910659,0.00026240065490844083,4.619059230601234e-09,2.903257623926267e-08,5.110627079528166e-13,2.903257623926267e-08,,
CA1 SO SO,CA1 Axo Axonic,58,35,-1.0999058109360007e-05,-3.124669770704099e-06,0.002623633792189011,3.436842438053499e-11,-2.8857500537967485e-08,2.8857500537967485e-08,,
MEC LII Stellate,CA3 Granule,65,16,0.011693849304771773,2.460497638086523e-06,1.288910694069388e-06,2.8772688594530674e-08,1.5072327423756216e-08,2.8772688594530674e-08,,
EC LV Deep Pyramidal,MEC LV Superficial Pyramidal,79,80,4.255895336209617e-05,0.00067211888079496,1.1728680689039782e-08,2.8604676101536976e-08,4.991603744437621e-13,2.8604676101536976e-08,,
EC LIII V Bipolar Pyramidal,EC LIII Pyramidal,75,72,0.00018157509777421365,0.00015728276641412692,4.399068100208735e-07,2.85586336898439e-08,7.987612204108253e-11,2.85586336898439e-08,,
MEC LIII Bipolar Complex Pyramidal,MEC LV Multipolar Pyramidal,71,77,5.2477625614434036e-05,0.0005438369700754326,2.937237468811711e-09,2.853927291090672e-08,1.5413924822898885e-13,2.853927291090672e-08,,
MEC LII Stellate,MEC LV VI Pyramidal Polymorphic,65,81,0.0018746039442078775,1.522227524103213e-05,7.952800225735621e-07,2.8535737206656753e-08,1.4908350670661295e-09,2.8535737206656753e-08,,
DG Basket,DG Axo Axonic,6,5,-0.0004667347162052047,-7.279241425342322e-07,6.068339389607656e-05,3.3974746808463185e-10,-2.8323046628453944e-08,2.8323046628453944e-08,,
DG AIPRIM,DG Mossy,4,3,-0.00014330274068031918,0.00019708988803719416,1.5216005967775798e-05,-2.8243521116107178e-08,-2.1804953573903644e-09,2.8243521116107178e-08,,
LEC LIII Multipolar Principal,EC LIII Pyramidal,68,72,0.0001515289835824532,0.0001850465192721552,2.5280579844885234e-07,2.8039910980780518e-08,3.830740568270512e-11,2.8039910980780518e-08,,
EC LIII Pyramidal,MEC LIII Superficial Trilayered Interneuron,72,84,6.414576661734952e-06,-0.004314586977015206,2.9659770946849035e-08,-2.76762489277873e-08,1.902548745080622e-13,2.76762489277873e-08,,
MEC LIII Superficial Trilayered Interneuron,EC LIII V Bipolar Pyramidal,84,75,-6.099254172627434e-06,0.004519975708967275,2.917256144297912e-09,-2.75684807030933e-08,-1.779308671073206e-14,2.75684807030933e-08,,
EC LV Deep Pyramidal,EC LV Deep Pyramidal,79,79,0.00023707105398091687,0.0001161464925245654,5.608367145904544e-08,2.7534971398985402e-08,1.3295815103915369e-11,2.7534971398985402e-08,,
CA3 Basket,CA3 Mossy Fiber Associated ORDEN,19,25,-0.0007000251549543598,-3.495383147810502e-06,3.8980656175391986e-05,2.446856129670905e-09,-2.7287439879401397e-08,2.7287439879401397e-08,,
EC LI II Pyramidal Fan,DG HICAP,63,7,0.004285681469762289,-4.6178028053560825e-08,6.326747450347576e-06,-1.979043191393088e-10,2.7114424311820416e-08,2.7114424311820416e-08,,
DG AIPRIM,DG Basket,4,6,-0.0004852192801383071,-5.57313165851661e-05,4.616978512988937e-05,2.704190931461439e-08,-2.2402469904865235e-08,2.704190931461439e-08,,
CA1 O LM,CA1 Oriens Alveus,46,49,-2.1854354881625583e-05,-9.396404142073307e-07,0.001230953121609711,2.0535235073204663e-11,-2.6901686362303435e-08,2.6901686362303435e-08,,
CA3 Granule,CA3c Pyramidal,16,15,1.3579707061215761e-06,0.01953513045028338,0.0004738269669526339,2.6528134891748426e-08,6.43443140892113e-10,2.6528134891748426e-08,,
CA3 Trilaminar,CA1 Perforant Path Associated QuadD,27,53,-0.0003298509886244112,5.838426719626666e-10,8.019392416592292e-05,-1.9258108254800336e-13,-2.6452045167800733e-08,2.6452045167800733e-08,,
CA1 R Receiving Apical Targeting,CA1 Ivy,55,42,-4.1422041323586e-06,-2.4797126909796084e-05,0.0063801543551808325,1.0271476155637798e-10,-2.6427901735115763e-08,2.6427901735115763e-08,,
CA1 Radial Trilaminar,CA1 Bistratified,60,41,-6.6326643906258665e-06,-5.418646967696199e-06,0.003951118238184937,3.5940066788011413e-11,-2.6206441241561642e-08,2.6206441241561642e-08,,
SUB CA1 Projecting Pyramidal,CA1 Oriens Alveus,61,49,0.00017349663594098567,5.446320121726609e-07,0.0001509593547700363,9.449182193772663e-11,2.619094021642309e-08,2.619094021642309e-08,,
CA1 Recurrent O LM,CA1 Basket CCK+,47,40,-1.1812535869024465e-05,-5.218676188866376e-05,0.0021797979400606285,6.164579966980796e-10,-2.5748941354191815e-08,2.5748941354191815e-08,,
CA1 Quadrilaminar,CA1 Trilaminar,54,59,-1.557544887128585e-06,-7.2188107786318715e-06,0.016423991426414153,1.124362181940679e-11,-2.558110387245508e-08,2.558110387245508e-08,,
CA1 Radiatum Giant,CA1 OR LM,34,51,8.683143763090985e-05,-3.6683619000028594e-08,0.00028655267544431347,-3.185291375277042e-12,2.4881780765813258e-08,2.4881780765813258e-08,,
MEC LIII Superficial Multipolar Interneuron,EC LV Deep Pyramidal,83,79,-4.3762510739276245e-06,0.005630488940244234,7.13459104365873e-08,-2.4640433271481445e-08,-3.122276171684593e-13,2.4640433271481445e-08,,
CA1 Bistratified,CA1 O LMR,41,48,-2.9028090582748632e-05,-1.966965946946068e-06,0.0008484490162458835,5.70972656811324e-11,-2.4628854898429472e-08,2.4628854898429472e-08,,
MEC LV Pyramidal,MEC LII Oblique Pyramidal,78,64,0.00023111740701010704,0.00010544194381295873,7.042476390454399e-09,2.436946864415642e-08,1.627638882291719e-12,2.436946864415642e-08,,
CA2 Wide Arbor Basket,CA3 Axo Axonic,30,17,-0.00031030332726667155,-5.779444263720025e-07,7.803656339665917e-05,1.7933807847846025e-10,-2.4215005270439892e-08,2.4215005270439892e-08,,
EC LIII Pyramidal,CA1 Radial Trilaminar,72,60,0.00021506586855572912,-1.016607617436203e-06,0.00011173283896722734,-2.186376002242874e-10,2.402992005868416e-08,2.402992005868416e-08,,
MEC LII III Pyramidal Multiform,EC LV Deep Pyramidal,66,79,7.884391494001774e-05,0.00030308161068098687,4.577096651107091e-09,2.38961407324153e-08,3.608762190321275e-13,2.38961407324153e-08,,
MEC LIII Superficial Trilayered Interneuron,EC LIII Stellate,84,74,-3.7833468302246884e-05,0.0006290223894199922,2.409801351086768e-10,-2.379809863152487e-08,-9.117114303105296e-15,2.379809863152487e-08,,
CA1 Recurrent O LM,CA1 Oriens Alveus,47,49,-1.3779564354380756e-05,-1.4323699290475475e-06,0.001712267432469173,1.9737433616590477e-11,-2.3594299277619276e-08,2.3594299277619276e-08,,
DG AIPRIM,DG MOLAX,4,10,-0.000538802969899784,-3.593011931842093e-05,4.34923236837179e-05,1.93592549976188e-08,-2.3433793168629917e-08,2.3433793168629917e-08,,
CA1 O LMR,CA1 OR LM,48,51,-1.4046553361056478e-05,-6.869386845732141e-07,0.0016647391958458536,9.649120888631595e-12,-2.3383847946691033e-08,2.3383847946691033e-08,,
DG Mossy,DG Basket,3,6,0.002431382201407122,-9.53071710412604e-06,4.430824849893635e-06,-2.317281593361848e-08,1.0773028677583767e-08,2.317281593361848e-08,,
CA2 Pyramidal,CA1 Radiatum Giant,28,34,0.00015662580079852284,5.356451894534461e-06,0.0001479011074289259,8.389585674202248e-10,2.3165129390043873e-08,2.3165129390043873e-08,,
EC LIII Stellate,EC LIII Stellate,74,74,3.6130925748231404e-05,0.0006349200901787738,2.9524382029963384e-10,2.2940250634309665e-08,1.0667432548870246e-14,2.2940250634309665e-08,,
DG Total Molecular Layer,DG Axo Axonic,11,5,-0.0005635756112479525,-5.853653621074798e-07,4.037404601454078e-05,3.29897641753102e-10,-2.275382766119778e-08,2.275382766119778e-08,,
CA1 Radial Trilaminar,CA1 Quadrilaminar,60,54,-7.644040238044142e-06,-3.673857581636231e-08,0.0029405364482720324,2.808311518287089e-13,-2.2477578932026823e-08,2.2477578932026823e-08,,
MEC LIII Bipolar Complex Pyramidal,EC LIII Stellate,71,74,3.9274906728313374e-05,0.0005711598355208334,3.78225332084073e-10,2.243224926703954e-08,1.4854764639887317e-14,2.243224926703954e-08,,
LEC LVI Multipolar Pyramidal,LEC LVI Multipolar Pyramidal,82,82,0.00012661999513598348,0.00017600924100882778,1.2994495450167645e-07,2.2286289240425916e-08,1.6453629506947865e-11,2.2286289240425916e-08,,
DG Total Molecular Layer,DG AIPRIM,11,4,-0.0006948287750666166,-8.919245929944497e-06,3.071781107872632e-05,6.19734872402124e-09,-2.1343619044559154e-08,2.1343619044559154e-08,,
MEC LV Superficial Pyramidal,EC LIII Pyramidal Stellate,80,73,4.231298789908765e-05,0.0004981365260850442,1.3988348492955388e-06,2.1077644800330036e-08,5.918888205106423e-11,2.1077644800330036e-08,,
CA1 Neurogliaform,CA1 Perforant Path Associated QuadD,44,53,-0.0001530636647342436,3.044350158350717e-08,0.00013527137970827002,-4.659793919714355e-12,-2.0705133111805208e-08,2.0705133111805208e-08,,
CA2 Bistratified,CA2 Pyramidal,31,28,-5.306144503622974e-06,0.0038594773942064063,0.0033987737857257942,-2.047894476212544e-08,-1.8034384842186772e-08,2.047894476212544e-08,,
MEC LII Oblique Pyramidal,EC LIII V Bipolar Pyramidal,64,75,7.314343804182777e-06,0.0027781947534733457,1.9447917872492057e-09,2.0320671581880862e-08,1.4224875759491776e-14,2.0320671581880862e-08,,
EC LIII Pyramidal,MEC LV Superficial Pyramidal,72,80,1.0456688866998745e-05,0.0019407705465173287,1.0473887430890814e-07,2.029403376716682e-08,1.0952218209279406e-12,2.029403376716682e-08,,
MEC LV Multipolar Pyramidal,EC LIII Pyramidal Stellate,77,73,3.174891114178586e-05,0.000633384838986055,3.7688977365885793e-06,2.0109278971522605e-08,1.1965839934142866e-10,2.0109278971522605e-08,,
CA2 Pyramidal,CA3 Granule,28,16,0.0003530577377852924,1.1115805593720312e-06,5.692616992969985e-05,3.9245211765799925e-10,2.0098224776160967e-08,2.0098224776160967e-08,,
CA2 Pyramidal,DG HIPP,28,8,0.0010130920499289507,-6.542402373439763e-06,1.9790838488584417e-05,-6.628055831968121e-09,2.0049941134212763e-08,2.0049941134212763e-08,,
MEC LV Pyramidal,DG Basket,78,6,0.004303224015452258,-4.637029188353699e-06,2.761893314488227e-06,-1.995417536367673e-08,1.1885045639022775e-08,1.995417536367673e-08,,
DG Semilunar Granule,DG Basket,2,6,0.004933525208941331,-3.3938645616045984e-07,3.9264921299858745e-06,-1.6743716370408903e-09,1.9371447905995052e-08,1.9371447905995052e-08,,
DG Semilunar Granule,DG MOLAX,2,10,0.005229467941501027,-2.188032978956586e-07,3.6987884214423633e-06,-1.1442248318400457e-09,1.934269547232803e-08,1.934269547232803e-08,,
CA1 Quadrilaminar,CA1 LMR,54,43,-2.6120472586689246e-06,-9.377575184628471e-07,0.007327206411718535,2.4494669553970533e-12,-1.9139009421430767e-08,1.9139009421430767e-08,,
MEC LV Superficial Pyramidal,MEC LV Superficial Pyramidal,80,80,6.200592156778388e-05,0.0003068212050188271,2.4527985976436648e-09,1.902473157373033e-08,1.5208803746706337e-13,1.902473157373033e-08,,
CA1 Radiatum Giant,CA1 Basket,34,38,6.968101349468687e-05,-1.0769578061191143e-06,0.00027223939226503325,-7.504351142139437e-11,1.8969916766205133e-08,1.8969916766205133e-08,,
CA1 O LMR,CA1 Pyramidal,48,33,-6.2914383131703154e-06,0.0030146177648764814,0.0006474685186243283,-1.8966281705507757e-08,-4.073508244644727e-09,1.8966281705507757e-08,,
CA3 Basket CCK+,CA3 Mossy Fiber Associated ORDEN,20,25,-0.001690883824897941,-7.339106741357261e-07,1.112807917062332e-05,1.2409576878160429e-09,-1.8816289071790665e-08,1.8816289071790665e-08,,
DG MOLAX,DG Axo Axonic,10,5,-0.00032798019654330004,-6.261619923371266e-07,5.716426451042998e-05,2.0536873331467514e-10,-1.8748746709384015e-08,1.8748746709384015e-08,,
EC LIII Stellate,MEC LV Superficial Pyramidal,74,80,7.620218563343411e-06,0.002421190972732357,8.509839178233042e-10,1.8450004395814596e-08,6.4846834477038465e-15,1.8450004395814596e-08,,
CA1 Perforant Path Associated,DG Basket,52,6,-1.6475189348717617e-05,-9.201125166140716e-05,0.0011028726282505533,1.5159027933341915e-09,-1.8170035377945722e-08,1.8170035377945722e-08,,
MEC LIII Complex Pyramidal,EC LIII Pyramidal,70,72,7.092573671004391e-05,0.00025568168432686195,5.9427748736523054e-08,1.813441182414757e-08,4.214956860157279e-12,1.813441182414757e-08,,
CA1 OR LM,CA1 Schaffer Collateral Associated,51,57,-3.531845682830231e-06,-2.3884893009652902e-05,0.0051268568565770575,8.435775626100457e-11,-1.8107267255390248e-08,1.8107267255390248e-08,,
CA1 Oriens Bistratified,CA1 Perforant Path Associated,50,52,-2.8398507072050176e-05,-6.889591411557203e-07,0.0006362486753965351,1.9565411042464338e-11,-1.8068512507831057e-08,1.8068512507831057e-08,,
MEC LV Pyramidal,DG Semilunar Granule,78,2,0.0003128379061162046,5.7691029532308674e-05,8.066216303989198e-07,1.8047940880575566e-08,2.523418218820372e-10,1.8047940880575566e-08,,
CA1 Radial Trilaminar,CA1 SO SO,60,58,-7.559546164958981e-06,-8.614129658659813e-07,0.0023186942536965733,6.51189108255812e-12,-1.7528276253244357e-08,1.7528276253244357e-08,,
LEC LIII Complex Pyramidal,LEC LVI Multipolar Pyramidal,69,82,3.6848838997196245e-05,0.0004692160220567612,7.030966419502081e-09,1.7290065651674475e-08,2.5908294958692555e-13,1.7290065651674475e-08,,
DG Semilunar Granule,CA3 Lucidum ORAX,2,22,0.002175118888501229,-3.420473854452319e-09,7.83883355001663e-06,-7.439937288443843e-12,1.7050394918458316e-08,1.7050394918458316e-08,,
EC LI II Pyramidal Fan,DG Basket,63,6,0.005454273644727597,-1.973677924471046e-06,3.1116693702575872e-06,-1.0764979486623089e-08,1.6971896237302075e-08,1.6971896237302075e-08,,
EC LV Deep Pyramidal,MEC LV Multipolar Pyramidal,79,77,0.000100638269215151,0.00016782134080719748,3.1600726936674264e-08,1.6889249276202346e-08,3.180242464847498e-12,1.6889249276202346e-08,,
EC LIII Stellate,EC LIII Pyramidal,74,72,3.895037539756516e-05,0.00043118156440710774,3.633853089015259e-08,1.6794683798166264e-08,1.415399419567461e-12,1.6794683798166264e-08,,
DG AIPRIM,DG Total Molecular Layer,4,11,-0.0004007567561677183,-4.153565378839136e-05,3.071781107872632e-05,1.664569387754112e-08,-1.231037032448316e-08,1.664569387754112e-08,,
CA1 Radial Trilaminar,CA1 Back Projection,60,37,-7.94078374939123e-06,-5.745980652448561e-05,0.0020813573764639375,4.562758978927995e-10,-1.65276088317004e-08,1.65276088317004e-08,,
CA1 O LMR,CA1 Radial Trilaminar,48,60,-2.7531744530041753e-05,-4.5822094096354334e-07,0.0005993954982454664,1.2615621884923619e-11,-1.6502403730151272e-08,1.6502403730151272e-08,,
CA1 Radiatum Giant,CA1 Basket CCK+,34,40,6.26342648586025e-05,-1.7498562403640823e-06,0.00026244057095749885,-1.0960095922344232e-10,1.6437772230994846e-08,1.6437772230994846e-08,,
CA1 LMR,CA1 Schaffer Collateral Associated,43,57,-3.5648521786524e-06,-2.3236136166593398e-05,0.00459970863995183,8.28333906369443e-11,-1.639728136629855e-08,1.639728136629855e-08,,
EC LIII Pyramidal,LEC LVI Multipolar Pyramidal,72,82,2.7128629945887116e-05,0.0005997111383173248,7.623539731754764e-07,1.6269341545837426e-08,2.0681618826054254e-11,1.6269341545837426e-08,,
CA3 O LM,CA3 Basket,26,19,-0.00046580823436801285,-3.489488699505271e-05,2.641176327072045e-05,1.625432569963684e-08,-1.2302816815680225e-08,1.625432569963684e-08,,
CA1 Radial Trilaminar,CA1 Axo Axonic,60,35,-5.108214981658031e-06,-7.302108366387673e-07,0.003158402559019393,3.730073935487196e-12,-1.6133799270089928e-08,1.6133799270089928e-08,,
SUB CA1 Projecting Pyramidal,CA1 Back Projection,61,37,0.00028408760759521804,3.564297624264172e-05,5.633578389647575e-05,1.012572784834528e-08,1.6004298069151007e-08,1.6004298069151007e-08,,
CA1 Bistratified,CA1 Recurrent O LM,41,47,-1.3137922066811706e-05,-9.236551981803347e-07,0.001213023674450909,1.2134910010298759e-11,-1.593661050013362e-08,1.593661050013362e-08,,
CA1 Quadrilaminar,CA1 R Receiving Apical Targeting,54,55,-1.3680798483969324e-06,-2.3554659033534815e-06,0.011645006027260995,3.2224654359639744e-12,-1.5931298080356584e-08,1.5931298080356584e-08,,
CA1 Radial Trilaminar,CA1 Horizontal Basket,60,39,-1.0311012601585189e-05,-8.426581702692629e-06,0.0015402798495378733,8.688659012475087e-11,-1.588184493855275e-08,1.588184493855275e-08,,
MEC LII III Pyramidal Multiform,EC LIII Pyramidal,66,72,5.075717286669522e-05,0.0003123422401649559,4.087415827493877e-08,1.58536090776235e-08,2.074656717341728e-12,1.58536090776235e-08,,
MEC LV Multipolar Pyramidal,EC LIV VI Deep Multipolar Principal,77,76,2.0505057456567435e-05,0.0007679295777765292,2.7075076401944044e-08,1.5746440114905302e-08,5.551759972628157e-13,1.5746440114905302e-08,,
DG Mossy,DG Total Molecular Layer,3,11,0.0021586096872221803,-7.103090151963961e-06,2.94792883005745e-06,-1.5332799211241875e-08,6.36342772980356e-09,1.5332799211241875e-08,,
CA3 Trilaminar,CA1 Trilaminar,27,59,-0.00025542894602942557,-1.6271077212013672e-07,6.00195767644292e-05,4.1561041030280565e-11,-1.533073723407035e-08,1.533073723407035e-08,,
CA1 Oriens Bistratified,CA1 R Receiving Apical Targeting,50,55,-3.405140603244098e-05,-2.5196828389655856e-07,0.00044257761398382227,8.579874342259077e-12,-1.507039003463206e-08,1.507039003463206e-08,,
CA1 Bistratified,CA1 O LM,41,46,-1.7235963692140594e-05,-1.4941218457025397e-06,0.0008720455989159338,2.5752629884163063e-11,-1.5030546280806035e-08,1.5030546280806035e-08,,
CA1 O LM,CA1 Pyramidal,46,33,-4.753690968129899e-06,0.0031495675448922817,0.0006654755457213416,-1.49720707916695e-08,-3.163465091206857e-09,1.49720707916695e-08,,
CA1 Horizontal Axo Axonic,CA1 Pyramidal,36,33,-1.9466393440248546e-06,0.007687203051581283,0.0015959387181329681,-1.496421190571605e-08,-3.1067170993702282e-09,1.496421190571605e-08,,
MEC LII Oblique Pyramidal,EC LIV VI Deep Multipolar Principal,64,76,5.140686177007331e-06,0.0029021470548886564,1.8970563003357713e-09,1.491902724870865e-08,9.752171100140767e-15,1.491902724870865e-08,,
CA2 Bistratified,CA2 Wide Arbor Basket,31,30,-2.1277979294671823e-05,-0.0002185499362288849,0.0006996814234732796,4.650301017930061e-09,-1.4887806841530952e-08,1.4887806841530952e-08,,
DG Mossy,DG MOLAX,3,10,0.002410891324253156,-6.14447717591711e-06,4.173874061039983e-06,-1.4813666715490094e-08,1.0062756762286583e-08,1.4813666715490094e-08,,
CA1 Recurrent O LM,CA1 Pyramidal,47,33,-3.057880317634873e-06,0.004801140705099975,0.0009256827770607721,-1.4681313664320828e-08,-2.830627144347725e-09,1.4681313664320828e-08,,
CA1 Back Projection,CA3 Mossy Fiber Associated,37,24,-0.00013339479547795277,-1.2785309567355718e-05,0.00010994683794547931,1.705493754859729e-09,-1.4666335961184831e-08,1.4666335961184831e-08,,
CA1 Radiatum,CA1 Radial Trilaminar,56,60,-4.883878495495371e-06,-7.047497568854454e-07,0.0029922747863388175,3.4419121823584176e-12,-1.4613906481613156e-08,1.4613906481613156e-08,,
CA2 Basket,CA2 SP SR,29,32,-3.979608064828772e-05,-4.103126499568872e-07,0.0003633635288439217,1.632883530869693e-11,-1.4460444298519128e-08,1.4460444298519128e-08,,
DG Basket,DG HICAP,6,7,-0.0005242790618720223,-2.9429520463862907e-07,2.7335613168169473e-05,1.5429281380137527e-10,-1.4331489627504389e-08,1.4331489627504389e-08,,
CA1 Radiatum,CA1 Radiatum,56,56,-4.436885152799225e-06,-2.3824236612804925e-07,0.003207710705651232,1.0570540170412986e-12,-1.4232244004379076e-08,1.4232244004379076e-08,,
MEC LII Oblique Pyramidal,MEC LV Multipolar Pyramidal,64,77,3.822165246153518e-05,0.000368132158894887,1.247579525944421e-09,1.4070619437195017e-08,4.768455105877447e-14,1.4070619437195017e-08,,
MEC LV Multipolar Pyramidal,EC LIII V Bipolar Pyramidal,77,75,1.8985633076979083e-05,0.0007351308819523644,2.775636454032796e-08,1.3956925188303615e-08,5.269721527135398e-13,1.3956925188303615e-08,,
CA3 O LM,CA3 Basket CCK+,26,20,-0.00018052553490170763,-7.714277498969824e-05,7.5399498507642226e-06,1.3926240718817349e-08,-1.3611534799412619e-09,1.3926240718817349e-08,,
CA1 Back Projection,CA1 O LMR,37,48,-3.106825255532677e-05,-3.898228240913103e-06,0.0004469432479773551,1.2111113950699552e-10,-1.388574570605851e-08,1.388574570605851e-08,,
CA1 Oriens Alveus,CA1 O LMR,49,48,-1.1553220319101377e-05,-4.227743028154665e-06,0.0011976449011071037,4.8844046656815656e-11,-1.383665540653875e-08,1.383665540653875e-08,,
CA2 Bistratified,CA1 R Receiving Apical Targeting,31,55,-1.467918748605186e-06,-2.774623754346997e-06,0.009389354240348157,4.072922229331267e-12,-1.3782809126702663e-08,1.3782809126702663e-08,,
MEC LV Superficial Pyramidal,EC LIII V Bipolar Pyramidal,80,75,2.3785565351794463e-05,0.0005781564717270535,1.0301836961993454e-08,1.3751778541826739e-08,2.45035016303027e-13,1.3751778541826739e-08,,
SUB CA1 Projecting Pyramidal,CA1 Quadrilaminar,61,54,0.00017144802483319465,2.278935945343085e-08,7.959105330147698e-05,3.907190665504412e-12,1.3645728882931745e-08,1.3645728882931745e-08,,
CA1 O LMR,CA1 Quadrilaminar,48,54,-2.133431415750754e-05,-3.7633271108965786e-08,0.0006314402926898169,8.028800286133283e-13,-1.3471345575953065e-08,1.3471345575953065e-08,,
CA1 Neurogliaform,CA1 Perforant Path Associated,44,52,-0.0001285909962468718,-7.5696156398603e-06,0.0001031943307493164,9.733844163355378e-10,-1.3269861798083793e-08,1.3269861798083793e-08,,
MEC LV Pyramidal,EC LIII Stellate,78,74,8.993578643634921e-05,0.00014606389043471507,1.2942745866425127e-08,1.3136370856198846e-08,1.1640160281427518e-12,1.3136370856198846e-08,,
LEC LIII Multipolar Principal,EC LV Deep Pyramidal,68,79,7.263425269876389e-05,0.00017956007833681275,2.830924531038382e-08,1.3042212104525897e-08,2.056220877585715e-12,1.3042212104525897e-08,,
MEC LII Stellate,DG AIPRIM,65,4,0.000597272090991859,-1.5081134411173462e-05,2.159242377294658e-05,-9.007540684290852e-09,1.289655209645013e-08,1.289655209645013e-08,,
DG Semilunar Granule,CA3 Pyramidal,2,14,3.8235175717775145e-05,0.0002104134899764082,0.00033391171026324616,8.045196762638287e-09,1.2767172916138039e-08,1.2767172916138039e-08,,
CA1 O LM,CA1 Radial Trilaminar,46,60,-2.0557725827035387e-05,-4.787332645828519e-07,0.0006160655457740574,9.84166719757586e-12,-1.2664906581505991e-08,1.2664906581505991e-08,,
CA2 Bistratified,CA1 Perforant Path Associated,31,52,-9.324018071843789e-07,-7.586678645674089e-06,0.013498116509952363,7.073832879753657e-12,-1.2585668227464884e-08,1.2585668227464884e-08,,
CA1 Radiatum Giant,CA1 SO SO,34,58,0.00014656435814688933,-4.712108228794219e-08,8.570525918103299e-05,-6.906271180719002e-12,1.2561336301680894e-08,1.2561336301680894e-08,,
DG MOLAX,DG AIPRIM,10,4,-0.00028278247038600264,-9.540866547914059e-06,4.34923236837179e-05,2.6979898120423105e-09,-1.2298866734109398e-08,1.2298866734109398e-08,,
CA1 Radiatum,CA1 Bistratified,56,41,-2.8620146469888287e-06,-8.53690623474038e-06,0.004235588365675106,2.4432750683797217e-11,-1.2122315941177627e-08,1.2122315941177627e-08,,
CA3 Mossy Fiber Associated,CA3 Pyramidal,24,14,-3.674836491635702e-06,0.0032974380041347405,0.0008702374426662206,-1.211754550650074e-08,-3.1979803106975594e-09,1.211754550650074e-08,,
DG AIPRIM,DG HIPROM,4,9,-0.0004072680772861353,-5.670170508989786e-07,2.9539939598783052e-05,2.3092794410808172e-10,-1.2030674403544944e-08,1.2030674403544944e-08,,
CA1 Schaffer Collateral Associated,CA1 Schaffer Collateral Associated,57,57,-9.827683188218274e-06,-5.698143528668442e-06,0.0012207568643236386,5.59995493607496e-11,-1.199721171241548e-08,1.199721171241548e-08,,
CA3 Basket,CA3 Axo Axonic,19,17,-0.00036329364519979723,-1.0575315121544382e-06,3.27812384833343e-05,3.8419447796423954e-10,-1.190921562277439e-08,1.190921562277439e-08,,
DG Semilunar Granule,DG HIPROM,2,9,0.0046688932233238545,-3.4529582159266673e-09,2.5122131287501117e-06,-1.6121493214760444e-11,1.1729254852366615e-08,1.1729254852366615e-08,,
MEC LV Multipolar Pyramidal,MEC LV Multipolar Pyramidal,77,77,0.00012014181572595002,9.741049230083166e-05,1.7805644975569628e-08,1.170307341578059e-08,2.139202517536574e-12,1.170307341578059e-08,,
SUB CA1 Projecting Pyramidal,CA1 Radial Trilaminar,61,60,0.0001530842780414422,2.7748217003171054e-07,7.555190823553479e-05,4.247815766867711e-11,1.1565809326890134e-08,1.1565809326890134e-08,,
DG Semilunar Granule,DG Granule,2,0,0.00029068627691963275,3.890357050442735e-05,1.0692332504728043e-05,1.1308734068812424e-08,3.1081143273861663e-09,1.1308734068812424e-08,,
CA1 SO SO,CA1 Ivy,58,42,-8.324066697187795e-06,-1.4359392914983636e-05,0.0013383008939660658,1.1952854435544965e-10,-1.1140105902279584e-08,1.1140105902279584e-08,,
CA1 Oriens Alveus,CA1 Recurrent O LM,49,47,-6.386359984288591e-06,-1.98527932351276e-06,0.001712267432469173,1.2678708429317413e-11,-1.0935156213121694e-08,1.0935156213121694e-08,,
CA1 Perforant Path Associated,DG MOLAX,52,10,-1.043148540419013e-05,-5.9319884284082406e-05,0.0010389152385015807,6.187945070876531e-10,-1.0837429146619948e-08,1.0837429146619948e-08,,
MEC LV Pyramidal,DG MOLAX,78,10,0.0035420025169968913,-2.9895043259196028e-06,2.601726598373413e-06,-1.0588831846980327e-08,9.215322159976388e-09,1.0588831846980327e-08,,
CA1 Radial Trilaminar,CA1 Horizontal Axo Axonic,60,36,-7.143534519409048e-06,-3.6711545137376974e-07,0.0014774440078677792,2.622501899496958e-12,-1.0554172270697534e-08,1.0554172270697534e-08,,
CA1 Recurrent O LM,CA1 Radial Trilaminar,47,60,-1.2261897618659865e-05,-7.297718593784709e-07,0.000856952999896388,8.948387824677855e-12,-1.0507869948732947e-08,1.0507869948732947e-08,,
CA1 Radiatum Giant,CA1 Oriens Alveus,34,49,5.0850777744038574e-05,-4.802830005435093e-08,0.00020615142089575592,-2.442276411487795e-12,1.0482960085587834e-08,1.0482960085587834e-08,,
EC LI II Pyramidal Fan,EC LV Deep Pyramidal,63,79,0.0002537638215487387,4.0968427844951306e-05,2.0097441818254562e-07,1.0396304812778601e-08,5.1000036391537096e-11,1.0396304812778601e-08,,
CA1 Radiatum,CA1 Quadrilaminar,56,54,-3.24149222491959e-06,-5.7880459607711005e-08,0.003152247343239757,1.8761905979316762e-13,-1.0217985254135106e-08,1.0217985254135106e-08,,
MEC LII Stellate,DG Basket,65,6,0.0005949609789248579,-1.7102943240479226e-05,6.287605829362769e-06,-1.0175583852851801e-08,3.740880119331316e-09,1.0175583852851801e-08,,
MEC LII III Pyramidal Multiform,MEC LV VI Pyramidal Polymorphic,66,81,0.0007763944692069606,1.2995568649618945e-05,8.963497738255203e-09,1.0089687623763519e-08,6.95921006873044e-12,1.0089687623763519e-08,,
EC LIII Pyramidal,CA1 Schaffer Collateral Associated,72,57,0.0001353917064435917,-1.061269091161876e-05,7.389100013041297e-05,-1.4368703324824609e-09,1.0004228598480269e-08,1.0004228598480269e-08,,
MEC LV Superficial Pyramidal,MEC LV Multipolar Pyramidal,80,77,0.00013009920545269644,7.661017639236316e-05,6.608605074160367e-09,9.966923078237369e-09,8.597742692989218e-13,9.966923078237369e-09,,
DG Total Molecular Layer,DG HICAP,11,7,-0.0005473527095637553,-2.3665957613390267e-07,1.8187006906327907e-05,1.2953626024110145e-10,-9.95470750903331e-09,9.95470750903331e-09,,
CA3 Mossy Fiber Associated ORDEN,CA3c Pyramidal,25,15,-1.5211497108885694e-06,0.00637256693669197,0.0037519034107326293,-9.693628353367046e-09,-5.707206788517777e-09,9.693628353367046e-09,,
MEC LIII Bipolar Complex Pyramidal,EC LIII Pyramidal,71,72,2.4805660671845588e-05,0.0003878812392549058,4.6551873293831496e-08,9.621650401932146e-09,1.1547499725655348e-12,9.621650401932146e-09,,
CA1 Ivy,CA1 O LMR,42,48,-2.7467130789220376e-05,-7.276778169458043e-07,0.00034595830384376156,1.998722177046477e-11,-9.50248197929344e-09,9.50248197929344e-09,,
EC LIII Pyramidal Stellate,SUB CA1 Projecting Pyramidal,73,61,0.0002320795251163741,1.859109562257543e-05,4.039029827511393e-05,4.314612643480407e-09,9.373761242997144e-09,9.373761242997144e-09,,
CA1 Radiatum Giant,CA1 Back Projection,34,37,0.00012038482238375856,-3.1431710210765125e-06,7.69326413406207e-05,-3.78390085094073e-10,9.261522363304023e-09,9.261522363304023e-09,,
CA3 Basket CCK+,CA3 Axo Axonic,20,17,-0.00098949078794799,-2.2204537590999302e-07,9.358288262574629e-06,2.1971185396938665e-10,-9.259940026779396e-09,9.259940026779396e-09,,
SUB CA1 Projecting Pyramidal,CA1 Axo Axonic,61,35,0.00010813526623473145,4.5295814721102757e-07,8.54880022215519e-05,4.8980749841855147e-11,9.244267880102828e-09,9.244267880102828e-09,,
DG Granule,CA3 LMR Targeting,0,21,0.0012889245706165103,-7.1482038256999705e-06,4.950390106672164e-06,-9.213495546719631e-09,6.38067944262664e-09,9.213495546719631e-09,,
MEC LV Superficial Pyramidal,EC LIV VI Deep Multipolar Principal,80,76,1.50802043413515e-05,0.0006039515766811354,1.0048975341172265e-08,9.107713188632941e-09,1.5154060156608016e-13,9.107713188632941e-09,,
MEC LV VI Pyramidal Polymorphic,EC LV Deep Pyramidal,81,79,4.6576418760177483e-05,0.00019553425742243707,1.0983072908338283e-07,9.107285455667771e-09,5.115522030523243e-12,9.107285455667771e-09,,
CA1 Radial Trilaminar,CA1 Radiatum,60,56,-3.0329502093083993e-06,-1.5122003677902427e-07,0.0029922747863388175,4.586428422005655e-13,-9.075420439534562e-09,9.075420439534562e-09,,
SUB CA1 Projecting Pyramidal,CA1 Bistratified,61,41,8.479832084419099e-05,3.361248789700606e-06,0.00010694431707541373,2.8502825330618064e-10,9.068698511823827e-09,9.068698511823827e-09,,
CA1 Back Projection,DG MOLAX,37,10,-6.629045805035622e-05,-1.6749714699038265e-05,0.00013607189137449018,1.110346259612031e-09,-9.02026800699327e-09,9.02026800699327e-09,,
CA1 O LM,CA1 Quadrilaminar,46,54,-1.3869089384468135e-05,-3.9317929680477255e-08,0.0006490015518607956,5.453038811507717e-13,-9.001060533415906e-09,9.001060533415906e-09,,
CA2 Pyramidal,CA3 LMR Targeting,28,21,0.00023934244620203355,-1.1799409435920328e-05,3.754951908705042e-05,-2.8240995181325282e-09,8.987193752004597e-09,8.987193752004597e-09,,
CA1 Radial Trilaminar,CA1 Pyramidal,60,33,-2.870197196431021e-06,0.0029429480895133103,0.0030151778405100825,-8.446841355763132e-09,-8.654154984572978e-09,8.654154984572978e-09,,
CA1 Oriens Alveus,CA1 O LM,49,46,-7.028819332391265e-06,-3.211424796748497e-06,0.001230953121609711,2.2572524695906525e-11,-8.652147098437711e-09,8.652147098437711e-09,,
CA1 Perforant Path Associated QuadD,CA1 Schaffer Collateral Associated,53,57,-6.270248193716808e-07,-7.638904791865685e-05,0.013775873416519733,4.7897828973170485e-11,-8.637814540680425e-09,8.637814540680425e-09,,
CA1 SO SO,CA1 O LMR,58,48,-1.731040073530472e-05,-4.564657120145541e-06,0.0004979081211772532,7.901604396898129e-11,-8.618989106940915e-09,8.618989106940915e-09,,
MEC LIII Superficial Trilayered Interneuron,EC LIII Pyramidal,84,72,-1.989275651799477e-05,0.00042717636772344255,2.9659770946849035e-08,-8.497715473363843e-09,-5.900146018251631e-13,8.497715473363843e-09,,
CA3 Trilaminar,CA3c Pyramidal,27,15,-1.8120166211828175e-05,0.00046890665571949856,0.00012821778836370474,-8.496666539469804e-09,-2.3233276364633383e-09,8.496666539469804e-09,,
EC LI II Pyramidal Fan,DG Semilunar Granule,63,2,0.0003458674510825773,2.4555271662706563e-05,9.087750810406091e-07,8.492869220620559e-09,3.143157208868781e-10,8.492869220620559e-09,,
DG HICAP,DG Granule,7,0,-3.3470414130501737e-06,0.0025325029749374245,7.443831683313264e-05,-8.476392335788325e-09,-2.491481291582448e-10,8.476392335788325e-09,,
EC LIII Pyramidal,MEC LV Multipolar Pyramidal,72,77,1.7288511022021636e-05,0.00048459093267908963,2.821992220986473e-07,8.377855680794186e-09,4.878804361658396e-12,8.377855680794186e-09,,
EC LIII Pyramidal Stellate,CA1 Radiatum Giant,73,34,0.00015086883872316418,9.477686553920266e-06,5.515734611149023e-05,1.4298875641720984e-09,8.321524754892166e-09,8.321524754892166e-09,,
CA1 O LMR,CA1 Axo Axonic,48,35,-1.2184516268331022e-05,-7.479936761645656e-07,0.0006782240830483232,9.113941115835875e-12,-8.263832373476184e-09,8.263832373476184e-09,,
CA2 Bistratified,CA1 Basket,31,38,-1.3137459736897866e-06,-4.5780390612064767e-05,0.006256072898689832,6.014380384054579e-11,-8.21889058176356e-09,8.21889058176356e-09,,
CA1 Back Projection,CA1 O LM,37,46,-1.7851529404922633e-05,-2.9611229331783394e-06,0.0004593733800156744,5.286057311322388e-11,-8.200517401188511e-09,8.200517401188511e-09,,
CA1 O LMR,CA1 Radiatum,48,56,-1.2733460712082196e-05,-1.5490270144544446e-07,0.0006425503985860975,1.972447463050965e-12,-8.181890255928828e-09,8.181890255928828e-09,,
CA3 Axo Axonic,CA3c Pyramidal,17,15,-3.7530522935454136e-07,0.02179843740886264,0.0031552070319253644,-8.181067551303807e-09,-1.1841656987778106e-09,8.181067551303807e-09,,
CA1 LMR,CA1 Ivy,43,42,-2.037829425938921e-06,-1.6697317418230222e-05,0.004014485504738775,3.402628476911204e-11,-8.180836691561937e-09,8.180836691561937e-09,,
CA1 Back Projection,CA2 Wide Arbor Basket,37,30,-1.3283894313903665e-05,-0.00034346380849711275,0.0006142206686603905,4.562536932726493e-09,-8.159242447899869e-09,8.159242447899869e-09,,
CA1 Back Projection,CA1 Recurrent O LM,37,47,-1.2725962262408284e-05,-1.8305445419648105e-06,0.0006389927155922324,2.3295440760701636e-11,-8.131797184580539e-09,8.131797184580539e-09,,
MEC LII Stellate,DG Semilunar Granule,65,2,3.7805225730246034e-05,0.0002127841692379325,1.8363196140782607e-06,8.044353549862911e-09,6.942247752310693e-11,8.044353549862911e-09,,
DG Semilunar Granule,DG Total Molecular Layer,2,11,0.0030539650796795013,-2.529392665972294e-07,2.6123847687766106e-06,-7.724676874676824e-10,7.978131858530378e-09,7.978131858530378e-09,,
CA1 Oriens Bistratified,CA1 LMR,50,43,-2.8318172708460176e-05,-1.0031355253403554e-07,0.000278476243230258,2.8406965056580113e-12,-7.88593835099761e-09,7.88593835099761e-09,,
CA1 Quadrilaminar,CA1 Basket,54,38,-9.9691388172096e-07,-3.886442223381777e-05,0.00775900075206087,3.874448202995765e-11,-7.735055558012849e-09,7.735055558012849e-09,,
MEC LV Pyramidal,EC LV Deep Pyramidal,78,79,8.021242774884757e-05,9.625268305562819e-05,1.783833164497116e-07,7.720661385232301e-09,1.4308558882322304e-11,7.720661385232301e-09,,
CA2 SP SR,CA2 Bistratified,32,31,-2.152376895280154e-05,-1.3656190570957316e-07,0.0003567546127335429,2.939326906247122e-12,-7.678703857322968e-09,7.678703857322968e-09,,
CA1 Back Projection,CA3 Horizontal Axo Axonic,37,18,-9.498989544332201e-05,-1.0324030009357708e-05,7.869926679211124e-05,9.806785311426076e-10,-7.47563512404875e-09,7.47563512404875e-09,,
CA1 Ivy,CA1 Schaffer Collateral Associated,42,57,-6.979363379877682e-06,-3.1855488114965413e-06,0.00106543938328427,2.223310271977183e-11,-7.436088615173696e-09,7.436088615173696e-09,,
CA1 Neurogliaform,CA1 LMR,44,43,-0.00016354294956919064,-1.1021481402769522e-06,4.516656876624568e-05,1.8024855772309085e-10,-7.386673877951498e-09,7.386673877951498e-09,,
DG MOLAX,DG HICAP,10,7,-0.00028108207247651236,-2.531534000647882e-07,2.575037619642864e-05,7.115688234468632e-11,-7.237969108342013e-09,7.237969108342013e-09,,
CA1 Radiatum,CA1 Axo Axonic,56,35,-2.1041535400791782e-06,-1.150423986124128e-06,0.003385799241291868,2.4206687029950834e-12,-7.12424145956168e-09,7.12424145956168e-09,,
CA1 O LM,CA1 Axo Axonic,46,35,-1.0192077584738418e-05,-7.814777162401252e-07,0.0006970864664538463,7.96488151466355e-12,-7.104759349368756e-09,7.104759349368756e-09,,
CA1 Recurrent O LM,CA1 Quadrilaminar,47,54,-7.82874778531183e-06,-5.99355022359598e-08,0.0009027672958170813,4.692199303913226e-13,-7.067537467779925e-09,7.067537467779925e-09,,
EC LII III Pyramidal Tripolar,SUB CA1 Projecting Pyramidal,67,61,0.000259889094931542,2.7122802181757644e-05,5.54679454186548e-07,7.048920511024246e-09,1.4415514132566365e-10,7.048920511024246e-09,,
CA1 Quadrilaminar,CA1 Basket CCK+,54,40,-9.396243951515346e-07,-6.314746166245704e-05,0.0074797279353611724,5.933489546994092e-11,-7.028134837161778e-09,7.028134837161778e-09,,
DG AIPRIM,DG Semilunar Granule,4,2,-1.0079332912722005e-05,0.0006933743352456154,1.3484064413813154e-05,-6.9887507580778725e-09,-1.3591037424341048e-10,6.9887507580778725e-09,,
CA1 Radiatum Giant,CA1 Bistratified,34,41,4.755571559927861e-05,-2.964112681975183e-07,0.00014604409879339795,-1.4096049970822677e-11,6.945231627171782e-09,6.945231627171782e-09,,
SUB CA1 Projecting Pyramidal,CA2 Wide Arbor Basket,61,30,0.00011520693059535819,5.830097638282097e-05,2.229580759160063e-05,6.716676539777272e-09,2.568631557772994e-09,6.716676539777272e-09,,
MEC LV VI Pyramidal Polymorphic,MEC LV VI Pyramidal Polymorphic,81,81,0.0007954759226897578,8.384140693907672e-06,2.1508558083249186e-07,6.669382054446952e-09,1.7109540086998896e-10,6.669382054446952e-09,,
CA1 Back Projection,DG Basket,37,6,-4.583070243228611e-05,-2.5980533054470714e-05,0.0001444487085276105,1.1907060794516206e-09,-6.6201857772569465e-09,6.6201857772569465e-09,,
EC LII III Pyramidal Tripolar,DG MOLAX,67,10,0.0005123142435054062,-1.2858872961454134e-05,1.3397573836272668e-06,-6.587783773579497e-09,6.863767904737855e-10,6.587783773579497e-09,,
LEC LVI Multipolar Pyramidal,EC LV Deep Pyramidal,82,79,6.630545656320954e-05,9.843001504553695e-05,8.536855472615564e-08,6.526447087117912e-09,5.6604009972590895e-12,6.526447087117912e-09,,
CA1 Radial Trilaminar,CA1 Ivy,60,42,-4.033629019200143e-06,-3.3556775862789044e-06,0.001611083444962677,1.353555849109408e-11,-6.498512935954391e-09,6.498512935954391e-09,,
CA2 Bistratified,CA1 Basket CCK+,31,40,-1.0742964610083064e-06,-7.438462467485612e-05,0.0060308955651998605,7.991113904162908e-11,-6.4789697624049e-09,6.4789697624049e-09,,
MEC LV Pyramidal,DG Total Molecular Layer,78,11,0.0018407088105969294,-3.4559032654432054e-06,1.8375506148743891e-06,-6.361311589272007e-09,3.382395606717093e-09,6.361311589272007e-09,,
EC LIII Pyramidal,EC LV Deep Pyramidal,72,79,1.8744274425980528e-05,0.0003353777110179672,5.008355817223609e-07,6.28641185167797e-09,9.38779958609953e-12,6.28641185167797e-09,,
CA1 Radiatum Giant,CA1 Horizontal Basket,34,39,0.00010986984944889772,-4.609515593017246e-07,5.693294124721668e-05,-5.064467842371514e-11,6.255213683514636e-09,6.255213683514636e-09,,
LEC LIII Multipolar Principal,LEC LVI Multipolar Pyramidal,68,82,1.9428884731384834e-05,0.0003210832903858331,4.309131864343888e-08,6.238290238080116e-09,8.372162628467482e-13,6.238290238080116e-09,,
MEC LII Stellate,DG HICAP,65,7,0.0004817212479020246,-4.001565721362429e-07,1.2784164837673103e-05,-1.9276392328566746e-10,6.158403838989071e-09,6.158403838989071e-09,,
SUB CA1 Projecting Pyramidal,CA1 Radiatum,61,56,7.514427889922279e-05,9.380352118013715e-08,8.099144703753257e-05,7.048797957289379e-12,6.08604388463998e-09,6.08604388463998e-09,,
CA1 Ivy,CA1 Recurrent O LM,42,47,-1.2260190197790493e-05,-3.4170566057132615e-07,0.0004946150032587769,4.189376390266098e-12,-6.06407401463337e-09,6.06407401463337e-09,,
CA1 O LMR,CA1 Bistratified,48,41,-7.0114878591800324e-06,-5.550607388767249e-06,0.0008484490162458835,3.891801631741655e-11,-5.948889976541254e-09,5.948889976541254e-09,,
CA1 Back Projection,DG Total Molecular Layer,37,11,-6.18684093951613e-05,-1.9362873377292154e-05,9.61050203425059e-05,1.1979501771729806e-09,-5.945864743480459e-09,5.945864743480459e-09,,
CA1 Quadrilaminar,CA1 Oriens Alveus,54,49,-1.003068086685707e-06,-1.7332082295880936e-06,0.005875450339719379,1.7385258626808507e-12,-5.893476730679206e-09,5.893476730679206e-09,,
CA2 Bistratified,CA1 OR LM,31,51,-8.887169558121472e-07,-1.5593836614056957e-06,0.006584992759420322,1.38585070050767e-12,-5.85219471919706e-09,5.85219471919706e-09,,
CA1 Recurrent O LM,CA1 Axo Axonic,47,35,-6.0250227512870535e-06,-1.1912697283326095e-06,0.0009696538667232701,7.17742721612352e-12,-5.842186607881167e-09,5.842186607881167e-09,,
DG Semilunar Granule,DG Hilar Ectopic Granule,2,1,0.002732147835874053,8.904804072547265e-10,2.107896058707855e-06,2.4329241175692464e-12,5.759083655046112e-09,5.759083655046112e-09,,
CA1 Ivy,CA1 O LM,42,46,-1.5710405852797496e-05,-5.527494386061534e-07,0.00035557989990991093,8.683918015408642e-12,-5.586304540681813e-09,5.586304540681813e-09,,
CA2 Wide Arbor Basket,CA2 SP SR,30,32,-4.435792994506673e-05,-1.5164519870276985e-07,0.0001239460086661599,6.726667100563189e-12,-5.497988369384155e-09,5.497988369384155e-09,,
CA1 Oriens Bistratified,CA1 Basket,50,38,-1.836855463273063e-05,-4.157394832565639e-06,0.000294886926782766,7.636533411181396e-11,-5.416646625087274e-09,5.416646625087274e-09,,
CA1 Radiatum Giant,CA1 Axo Axonic,34,35,4.6283192825997415e-05,-3.9944052718328495e-08,0.00011674316675743051,-1.848738294214204e-12,5.4032464981517274e-09,5.4032464981517274e-09,,
CA1 Perforant Path Associated,DG Total Molecular Layer,52,11,-7.309953840358761e-06,-6.857450582213564e-05,0.0007337663136874132,5.012764721852247e-10,-5.363797882665198e-09,5.363797882665198e-09,,
CA1 Perforant Path Associated,CA1 Neurogliaform,52,44,-5.188889723478415e-05,-1.9000570974218502e-05,0.0001031943307493164,9.859186746834465e-10,-5.354640023463605e-09,5.354640023463605e-09,,
MEC LV Pyramidal,EC LIII Pyramidal,78,72,5.3023976581227185e-05,9.919367453516173e-05,1.5929897194568562e-06,5.259643075558287e-09,8.446664957861601e-11,5.259643075558287e-09,,
CA3 Horizontal Axo Axonic,CA3c Pyramidal,18,15,-3.070328284264515e-06,0.001707723180840762,0.0012593292130703873,-5.243270783829557e-09,-3.866554102090584e-09,5.243270783829557e-09,,
EC LII III Pyramidal Tripolar,DG HICAP,67,7,0.0017803002284408225,-4.6666222657302086e-07,2.891734756260978e-06,-8.307988685726519e-10,5.148156047161685e-09,5.148156047161685e-09,,
CA1 SO SO,CA1 O LM,58,46,-9.953473880291133e-06,-3.467347226798785e-06,0.0005117556593539532,3.4512150055841605e-11,-5.0937465884707395e-09,5.0937465884707395e-09,,
CA1 Radiatum Giant,CA1 Pyramidal,34,33,3.1273460716553385e-05,0.00016098538632476774,0.00011144919080462803,5.034570155166795e-09,3.4854018905201977e-09,5.034570155166795e-09,,
CA1 Recurrent O LM,CA1 Horizontal Basket,47,39,-1.0557100604190891e-05,-1.3747168888846709e-05,0.00047287775514089076,1.4513024498235781e-10,-4.99221803450633e-09,4.99221803450633e-09,,
CA1 Schaffer Collateral Associated,CA1 O LMR,57,48,-1.2525185629427473e-05,-1.3016321170848324e-06,0.0003963913675550257,1.63031838877122e-11,-4.964875460529311e-09,4.964875460529311e-09,,
EC LIII Pyramidal,EC LIII Stellate,72,74,9.598351888116978e-06,0.0005089372231635624,3.633853089015259e-08,4.884958556884991e-09,3.487900065808932e-13,4.884958556884991e-09,,
SUB CA1 Projecting Pyramidal,CA1 Schaffer Collateral Associated,61,57,9.690252279484766e-05,2.896724806625392e-06,4.99638791324572e-05,2.8069994160441773e-10,4.841625936551947e-09,4.841625936551947e-09,,
EC LII III Pyramidal Tripolar,DG Total Molecular Layer,67,11,0.00032548248438525373,-1.486501313014116e-05,9.462454685307586e-07,-4.838301404017762e-09,3.0798632593567973e-10,4.838301404017762e-09,,
CA1 Radiatum Giant,CA1 Horizontal Axo Axonic,34,36,8.663421447400626e-05,-2.0081979351178937e-08,5.461035728100028e-05,-1.7397865061726013e-12,4.731125405184287e-09,4.731125405184287e-09,,
DG AIPRIM,DG Hilar Ectopic Granule,4,1,-0.00018828186688790805,1.4622753674689117e-07,2.4785764210109962e-05,-2.7531993609124847e-11,-4.666709957722999e-09,4.666709957722999e-09,,
CA1 Bistratified,CA2 Wide Arbor Basket,41,30,-3.974646849210212e-06,-0.0001733047870906556,0.0011659979750028597,6.888253259629209e-10,-4.634430177530603e-09,4.634430177530603e-09,,
CA3 Granule,CA3 Pyramidal,16,14,5.608679938845555e-07,0.008170527973042366,0.00023437225793034245,4.582587633217915e-09,1.3145189812758477e-10,4.582587633217915e-09,,
MEC LIII Complex Pyramidal,EC LV Deep Pyramidal,70,79,1.822998439607633e-05,0.00024810098264803126,6.654731527316834e-09,4.522877042324814e-09,1.213156519030631e-13,4.522877042324814e-09,,
CA1 Trilaminar,SUB CA1 Projecting Pyramidal,59,61,-1.07121629797571e-05,0.0002711418462007606,0.00042198555091497997,-2.904515647134781e-09,-4.520377996503853e-09,4.520377996503853e-09,,
DG Mossy,DG HIPROM,3,9,0.0015696009642269066,-9.696665064561554e-08,2.8348907856171043e-06,-1.5219894835121175e-10,4.44964731058258e-09,4.44964731058258e-09,,
EC LIII Pyramidal,CA1 Neurogliaform,72,44,0.0013315410962248743,-3.3364674693362448e-06,7.255683348308593e-07,-4.442643551638615e-09,9.66124055946739e-10,4.442643551638615e-09,,
CA1 Schaffer Collateral Associated,CA1 Recurrent O LM,57,47,-7.700493499011752e-06,-6.112252593546522e-07,0.0005667189235715623,4.706736136092271e-12,-4.364015386729754e-09,4.364015386729754e-09,,
CA1 SO SO,CA1 Recurrent O LM,58,47,-6.091761596373919e-06,-2.143488698154319e-06,0.0007118569614963714,1.3057622133678008e-11,-4.336462900155023e-09,4.336462900155023e-09,,
DG Semilunar Granule,CA3 Basket,2,19,0.0006176207340122576,-4.789225875616424e-06,7.013627820701737e-06,-2.9579252006487127e-09,4.331761962710598e-09,4.331761962710598e-09,,
CA1 Back Projection,CA3 LMR Targeting,37,21,-0.00010845518634306085,-3.967523283013465e-05,1.9531859731510463e-05,4.3029847697965784e-09,-2.118331486807494e-09,4.3029847697965784e-09,,
CA1 Radiatum,CA1 Pyramidal,56,33,-9.260784988023112e-07,0.004636521265116685,0.0032322627195213107,-4.293782652864252e-09,-2.9933290070289715e-09,4.293782652864252e-09,,
CA1 Oriens Alveus,CA2 Wide Arbor Basket,49,30,-2.599331157868316e-06,-0.00037249658872128775,0.0016458873812385758,9.682419892629028e-10,-4.278206352395718e-09,4.278206352395718e-09,,
CA1 Recurrent O LM,CA1 SO SO,47,58,-5.959664353278133e-06,-1.4053135592357696e-06,0.0007118569614963714,8.375197124155835e-12,-4.242428558062809e-09,4.242428558062809e-09,,
CA1 Oriens Bistratified,CA1 OR LM,50,51,-1.3589425015271288e-05,-1.4161027219821997e-07,0.0003103909288075734,1.9244021754298667e-12,-4.218034252450927e-09,4.218034252450927e-09,,
CA1 Schaffer Collateral Associated,CA2 Wide Arbor Basket,57,30,-7.741147514228569e-06,-0.00011468377338813751,0.0005447487392027684,8.877840072859331e-10,-4.216980348358658e-09,4.216980348358658e-09,,
EC LIV VI Deep Multipolar Principal,MEC LV VI Pyramidal Polymorphic,76,81,0.0015373091774269485,2.672988839956351e-06,9.410148656304185e-08,4.1092102748247115e-09,1.4466307890288292e-10,4.1092102748247115e-09,,
MEC LV Pyramidal,DG HIPROM,78,9,0.002317975319121624,-4.7177687096174354e-08,1.7670899151628878e-06,-1.0935671430217487e-10,4.096070810016298e-09,4.096070810016298e-09,,
CA1 Recurrent O LM,CA1 OR LM,47,51,-1.7119041012432315e-06,-1.094032324375765e-06,0.002380070007367619,1.8728784229915375e-12,-4.074451606858635e-09,4.074451606858635e-09,,
CA3 O LM,CA3 Axo Axonic,26,17,-0.00019830760785830755,-1.242379577594313e-07,2.018389681269772e-05,2.463733220847428e-11,-4.002620294185003e-09,4.002620294185003e-09,,
CA1 Oriens Bistratified,CA1 Basket CCK+,50,40,-1.4053555931041811e-05,-6.754993789067495e-06,0.000284272943709151,9.493168302850009e-11,-3.995045714098454e-09,3.995045714098454e-09,,
CA2 Bistratified,CA1 Horizontal Basket,31,39,-3.0427902716511636e-06,-1.9594586081433997e-05,0.0013083214292245555,5.962221590561866e-11,-3.980947717037224e-09,3.980947717037224e-09,,
DG Semilunar Granule,DG Mossy,2,3,0.0030692949991771457,1.2002163728500362e-06,1.2940395437017477e-06,3.6838181111191488e-09,3.97178910022125e-09,3.97178910022125e-09,,
CA1 Quadrilaminar,CA1 OR LM,54,51,-4.786892026255064e-07,-1.3238101342328045e-06,0.008166938685026787,6.336936175834658e-13,-3.909425367026875e-09,3.909425367026875e-09,,
CA2 Pyramidal,CA3 Trilaminar,28,27,0.00020909944260271413,-1.8585988549290507e-05,1.5404246945556787e-05,-3.886319845877072e-09,3.221019450030486e-09,3.886319845877072e-09,,
LEC LVI Multipolar Pyramidal,EC LIII Stellate,82,74,2.586360184901145e-05,0.00014936800177081397,6.1939845653454006e-09,3.86319452678277e-09,1.601987506570157e-13,3.86319452678277e-09,,
CA2 Bistratified,CA1 LMR,31,43,-6.512758862486833e-07,-1.1046325412056034e-06,0.00590791764561735,7.194205372528145e-13,-3.847684300533674e-09,3.847684300533674e-09,,
DG Semilunar Granule,CA3 Axo Axonic,2,17,0.0007085456235301193,-1.705131305109446e-08,5.3598216357119555e-06,-1.2081633237794985e-11,3.797678162885752e-09,3.797678162885752e-09,,
CA1 Back Projection,DG Mossy,37,3,-4.1277885694658624e-05,9.187833097442323e-05,4.7605428632821e-05,-3.792543243778255e-09,-1.965051441550814e-09,3.792543243778255e-09,,
CA2 Bistratified,CA1 Oriens Alveus,31,49,-7.956464661555753e-07,-2.041634615979049e-06,0.004737368485001536,1.6244193673846254e-12,-3.769270493968263e-09,3.769270493968263e-09,,
CA1 Ivy,CA2 Wide Arbor Basket,42,30,-7.746397527633817e-06,-6.411399716003496e-05,0.00047544009597902246,4.966525090872164e-10,-3.6829479840298842e-09,3.6829479840298842e-09,,
EC LIII V Bipolar Pyramidal,MEC LV VI Pyramidal Polymorphic,75,81,0.00055246538556644,6.5440363982063055e-06,9.646935528658462e-08,3.615353591895864e-09,5.329597956374886e-11,3.615353591895864e-09,,
EC LIII Pyramidal,EC LIII Pyramidal,72,72,1.0446143422744446e-05,0.00034562514474362503,4.472536718683733e-06,3.6104498324987157e-09,4.672076002686111e-11,3.6104498324987157e-09,,
EC LI II Pyramidal Fan,DG MOLAX,63,10,0.0012306036732623786,-1.2724350987475724e-06,2.931218567884158e-06,-1.56586330650674e-09,3.607168336773134e-09,3.607168336773134e-09,,
CA1 Schaffer Collateral Associated,CA1 O LM,57,46,-8.8285852970747e-06,-9.88729359663804e-07,0.0004074155793757814,8.729081487513944e-12,-3.5969031938761938e-09,3.5969031938761938e-09,,
DG Mossy,DG Semilunar Granule,3,2,3.015567891870017e-05,0.00011857524712140648,1.2940395437017477e-06,3.5757170798986604e-09,3.902264098797118e-11,3.5757170798986604e-09,,
CA1 Basket CCK+,CA1 Radiatum Giant,40,34,-1.3622724674098601e-05,2.324039785002383e-05,0.00026244057095749885,-3.1659754122738773e-10,-3.575155641467244e-09,3.575155641467244e-09,,
CA1 Oriens Bistratified,CA1 Oriens Alveus,50,49,-1.5872903046868688e-05,-1.8540429841202732e-07,0.00022330111176808583,2.94290445316682e-12,-3.544436897352815e-09,3.544436897352815e-09,,
MEC LIII Superficial Trilayered Interneuron,EC LV Deep Pyramidal,84,79,-8.332388666609438e-06,0.0004145110232484035,3.321307251400016e-09,-3.4538669522996784e-09,-2.7674422899893235e-14,3.4538669522996784e-09,,
SUB CA1 Projecting Pyramidal,SUB CA1 Projecting Pyramidal,61,61,0.0005717183470859268,-5.996998103990941e-06,2.044952021912994e-06,-3.4285938434911375e-09,1.1691365898381208e-09,3.4285938434911375e-09,,
CA1 Perforant Path Associated,DG Hilar Ectopic Granule,52,1,-5.7526149614776e-06,2.4141864050322915e-07,0.0005920655866320247,-1.388788483338458e-12,-3.405925351835397e-09,3.405925351835397e-09,,
CA1 O LMR,CA1 Schaffer Collateral Associated,48,57,-8.527758526668392e-06,-4.783514437892126e-06,0.0003963913675550257,4.079265603517594e-11,-3.380329864565115e-09,3.380329864565115e-09,,
CA3 Axo Axonic,CA3 Pyramidal,17,14,-3.6742136742529257e-07,0.009117151435000614,0.0015606815312053884,-3.349836247271394e-09,-5.734277423108832e-10,3.349836247271394e-09,,
CA1 Quadrilaminar,CA1 Radial Trilaminar,54,60,-1.1245476327722522e-06,-8.830446428302421e-07,0.0029405364482720324,9.930257627269676e-13,-3.3067733019848405e-09,3.3067733019848405e-09,,
CA2 Bistratified,CA1 SO SO,31,58,-1.6718259333492844e-06,-2.003069703333062e-06,0.0019695105281298257,3.3487838763384707e-12,-3.292678776931888e-09,3.292678776931888e-09,,
MEC LV Pyramidal,DG Hilar Ectopic Granule,78,1,0.0021848691087085685,1.2166612913230113e-08,1.4826934167832527e-06,2.6582456711731237e-11,3.2394910440152873e-09,3.2394910440152873e-09,,
CA1 Back Projection,DG HIPROM,37,9,-3.498752502647802e-05,-2.6432903681393464e-07,9.2419882679191e-05,9.248218790752368e-12,-3.233542958182357e-09,3.233542958182357e-09,,
DG Total Molecular Layer,DG Mossy,11,3,-8.681216628944011e-05,3.5770912800664906e-05,2.94792883005745e-06,-3.1053504303763836e-09,-2.5591608780438197e-10,3.1053504303763836e-09,,
CA1 Radiatum Giant,CA1 Quadrilaminar,34,54,2.8395842663794918e-05,-2.0096765695235025e-09,0.00010869024151357916,-5.706645967330449e-14,3.0863509971094646e-09,3.0863509971094646e-09,,
CA3 Trilaminar,CA3 Pyramidal,27,14,-1.5646009233396124e-05,0.00019611924051658082,6.342123741690768e-05,-3.0684834479690586e-09,-9.922892662183453e-10,3.0684834479690586e-09,,
CA1 Radiatum Giant,CA1 Radial Trilaminar,34,60,2.9177864796647984e-05,-2.4469727493341786e-08,0.00010317434953181679,-7.139744004115466e-13,3.0104072211214515e-09,3.0104072211214515e-09,,
DG Mossy,DG Hilar Ectopic Granule,3,1,0.0012620790914311206,2.500664565205626e-08,2.3786417822131776e-06,3.156036462428715e-11,3.0020340593357087e-09,3.0020340593357087e-09,,
CA2 SP SR,CA2 Basket,32,29,-8.21991916603937e-06,-9.593374539134442e-07,0.0003633635288439217,7.885676324122532e-12,-2.9868188349838515e-09,2.9868188349838515e-09,,
CA1 Recurrent O LM,CA1 Horizontal Axo Axonic,47,36,-6.520150795836507e-06,-5.989140424672736e-07,0.0004535866686800392,3.9050098706306535e-12,-2.9574534787749874e-09,2.9574534787749874e-09,,
DG Mossy,DG HIPP,3,8,0.0003649876468225021,-8.070008364447822e-06,3.1577251897346024e-07,-2.9454533627777193e-09,1.1525306863133714e-10,2.9454533627777193e-09,,
CA1 Radiatum,CA1 Schaffer Collateral Associated,56,57,-1.459872356404956e-06,-7.357107316120479e-06,0.001978846851751839,1.0740437593908945e-11,-2.8888638164314857e-09,2.8888638164314857e-09,,
CA3 Mossy Fiber Associated ORDEN,CA3 Pyramidal,25,14,-1.0616173542750479e-06,0.0026653129626565326,0.0018558295226743873,-2.8295424957304176e-09,-1.970180827847108e-09,2.8295424957304176e-09,,
CA3 Mossy Fiber Associated,CA3 Basket,24,19,-3.732855477579915e-05,-7.505305583978343e-05,1.8278848422801046e-05,2.801622106006468e-09,-6.823229945890587e-10,2.801622106006468e-09,,
DG Basket,DG MOLAX,6,10,-0.00022116943903981376,-8.109301405009114e-06,1.2664747172519918e-05,1.7935296427506392e-09,-2.8010550277272975e-09,2.8010550277272975e-09,,
LEC LVI Multipolar Pyramidal,EC LIII Pyramidal,82,72,2.7448663880235235e-05,0.00010143753469475008,7.623539731754764e-07,2.784324794675895e-09,2.092559796745552e-11,2.784324794675895e-09,,
DG Total Molecular Layer,DG MOLAX,11,10,-0.00033012396606396,-6.521152241023e-06,8.42614514905871e-06,2.1527886411133935e-09,-2.7816724552378585e-09,2.7816724552378585e-09,,
DG Basket,DG Basket,6,6,-0.00020268780470918742,-1.2578361899716543e-05,1.3444410556948968e-05,2.5494805602912302e-09,-2.72501806139701e-09,2.72501806139701e-09,,
CA1 Neurogliaform,CA1 Basket CCK+,44,40,-3.613645081459675e-05,-7.421732810905162e-05,4.610674616795231e-05,2.6819508268035326e-09,-1.6661341651193057e-09,2.6819508268035326e-09,,
EC LIV VI Deep Multipolar Principal,SUB CA1 Projecting Pyramidal,76,61,0.0006553062575166798,4.083940789569975e-06,2.901565625088741e-07,2.6762319547328146e-09,1.9014141107159486e-10,2.6762319547328146e-09,,
DG Semilunar Granule,CA3 Mossy Fiber Associated ORDEN,2,25,0.00040928375628302,-5.6358483507896585e-08,6.373443286754791e-06,-2.3066611828526548e-11,2.6085468088597982e-09,2.6085468088597982e-09,,
MEC LV Pyramidal,MEC LV VI Pyramidal Polymorphic,78,81,0.0006298324305946383,4.127133769511475e-06,3.49334649324634e-07,2.5994026934406236e-09,2.2002229127505985e-10,2.5994026934406236e-09,,
CA3 Trilaminar,CA1 Perforant Path Associated,27,52,-4.236934545332886e-05,-1.451693921864981e-07,6.117745196590101e-05,6.1507321267995165e-12,-2.592048596297693e-09,2.592048596297693e-09,,
CA1 Oriens Bistratified,CA1 Pyramidal,50,33,-3.941966363914685e-06,0.0006214540712945521,0.00012072062421006246,-2.449751045760963e-09,-4.75876640066851e-10,2.449751045760963e-09,,
MEC LV Superficial Pyramidal,MEC LII Oblique Pyramidal,80,64,4.1986820087444074e-05,5.8082584653643855e-05,4.6304193961449717e-10,2.4387030320662847e-09,1.9441658611535035e-14,2.4387030320662847e-09,,
MEC LII Oblique Pyramidal,EC LIII Stellate,64,74,6.147762078005767e-06,0.0003866274543548752,1.60649653122026e-10,2.3768936021988073e-09,9.876358453083722e-16,2.3768936021988073e-09,,
CA3 Trilaminar,CA1 R Receiving Apical Targeting,27,55,-5.4713889512348174e-05,-5.3091802457514576e-08,4.255532744929282e-05,2.9048590136718678e-12,-2.328367484222405e-09,2.328367484222405e-09,,
EC LI II Pyramidal Fan,DG Hilar Ectopic Granule,63,1,0.0013920584765609932,5.178525807587604e-09,1.6704670185068005e-06,7.2088107465421874e-12,2.325387772927961e-09,2.325387772927961e-09,,
CA1 Recurrent O LM,CA1 Back Projection,47,37,-3.5668306935475138e-06,-9.374022497878966e-05,0.0006389927155922324,3.343555116743963e-10,-2.2791788309276516e-09,2.2791788309276516e-09,,
CA3 O LM,CA3 Lucidum ORAX,26,22,-7.672468417835138e-05,-2.492199192949603e-08,2.951930460731314e-05,1.912131959886005e-12,-2.2648593231606537e-09,2.2648593231606537e-09,,
CA3 Trilaminar,CA1 Basket,27,38,-7.94742970503564e-05,-8.75997493712666e-07,2.8354370698502964e-05,6.961928503068814e-11,-2.2534436795687464e-09,2.2534436795687464e-09,,
DG Basket,DG Total Molecular Layer,6,11,-0.00024007123078451705,-9.37445079542188e-06,8.944872981135786e-06,2.2505359403858252e-09,-2.1474066657924403e-09,2.2505359403858252e-09,,
CA1 Quadrilaminar,CA1 Quadrilaminar,54,54,-7.25874222532944e-07,-7.252365720141614e-08,0.0030977429777118122,5.264305328632369e-14,-2.2485717755534487e-09,2.2485717755534487e-09,,
DG HIPP,DG Axo Axonic,8,5,-0.0005155916288654617,-1.7948319248429056e-07,4.324736093073685e-06,9.254003156694857e-11,-2.2297977266411143e-09,2.2297977266411143e-09,,
CA1 Radiatum,CA1 Ivy,56,42,-1.2887184451004957e-06,-5.2867634815232435e-06,0.0017270772182080884,6.813149613522718e-12,-2.2257162672176173e-09,2.2257162672176173e-09,,
CA3 Mossy Fiber Associated,DG AIPRIM,24,4,-6.266115672420851e-05,-4.689869113925717e-06,3.5142037165969246e-05,2.9387262356372427e-10,-2.202040698464759e-09,2.202040698464759e-09,,
CA3 Trilaminar,CA1 Pyramidal,27,33,-1.6761847426923512e-05,0.00013094551536150373,1.1607694403924418e-05,-2.1948887497293946e-09,-1.9456640257693496e-10,2.1948887497293946e-09,,
CA2 Bistratified,CA1 Radial Trilaminar,31,60,-9.23658839105617e-07,-1.0401834467896199e-06,0.002370950972875998,9.607746349185795e-13,-2.1899498231829772e-09,2.1899498231829772e-09,,
CA1 Back Projection,DG Hilar Ectopic Granule,37,1,-2.7040706861613606e-05,6.816758664082283e-08,7.754577197939914e-05,-1.843299727818138e-12,-2.0968924884524624e-09,2.0968924884524624e-09,,
MEC LV Superficial Pyramidal,EC LIII Stellate,80,74,2.5961079017627525e-05,8.04591415354034e-05,8.509839178233042e-10,2.0888061310910846e-09,2.2092460733341048e-14,2.0888061310910846e-09,,
CA3 LMR Targeting,CA3 LMR Targeting,21,21,-0.00019632968181322732,-1.0632870352524405e-05,2.458111808233507e-07,2.087548053072415e-09,-4.826003091718213e-11,2.087548053072415e-09,,
CA3 Mossy Fiber Associated,CA3 Basket CCK+,24,20,-1.2568363329438086e-05,-0.00016592118495063562,5.218190055126947e-06,2.0853577365104834e-09,-6.558410853489602e-11,2.0853577365104834e-09,,
CA1 Recurrent O LM,CA1 Bistratified,47,41,-1.716836945231876e-06,-8.840008634836339e-06,0.001213023674450909,1.5176853420455827e-11,-2.0825638597382446e-09,2.0825638597382446e-09,,
CA3 Trilaminar,CA1 Basket CCK+,27,40,-7.427588967074612e-05,-1.4233330890094921e-06,2.7333800495746503e-05,1.057193314839913e-10,-2.0302423499042527e-09,2.0302423499042527e-09,,
CA2 Bistratified,CA1 Quadrilaminar,31,54,-7.898036124220431e-07,-8.54293249317183e-08,0.0024977064069522307,6.747238943784762e-14,-1.9726975429805532e-09,1.9726975429805532e-09,,
CA1 Trilaminar,CA1 Oriens Bistratified,59,50,-3.150954059194176e-06,-1.7724937637344955e-05,0.0006242067132105069,5.585046419735571e-11,-1.9668466767669015e-09,1.9668466767669015e-09,,
CA1 Radial Trilaminar,CA1 Schaffer Collateral Associated,60,57,-1.0634658192768746e-06,-4.6697909234707826e-06,0.0018459437536218959,4.966163030280568e-12,-1.9630980862845387e-09,1.9630980862845387e-09,,
MEC LV Multipolar Pyramidal,EC LIII Stellate,77,74,1.917819199951781e-05,0.00010230448428842437,2.292816313071363e-09,1.962015042095056e-09,4.3972071471709135e-14,1.962015042095056e-09,,
CA3 Mossy Fiber Associated,DG Axo Axonic,24,5,-4.239285194002303e-05,-3.0779361323507045e-07,4.6189040682203924e-05,1.3048249073959054e-11,-1.958085162892371e-09,1.958085162892371e-09,,
DG Total Molecular Layer,DG Basket,11,6,-0.000193432869228969,-1.0114978935185191e-05,8.944872981135786e-06,1.9565693976234532e-09,-1.7302324456297766e-09,1.9565693976234532e-09,,
CA1 Quadrilaminar,CA1 Bistratified,54,41,-4.609200343807602e-07,-1.0696661110245599e-05,0.004162352343443615,4.930305406693742e-12,-1.9185115852448688e-09,1.9185115852448688e-09,,
CA1 O LM,CA1 Schaffer Collateral Associated,46,57,-4.669558682029869e-06,-4.997649121438781e-06,0.0004074155793757814,2.3336815844753406e-11,-1.9024509558684094e-09,1.9024509558684094e-09,,
CA3 Horizontal Axo Axonic,CA3 Pyramidal,18,14,-2.662342864047982e-06,0.0007142516941354711,0.0006229105807193385,-1.901582901015753e-09,-1.6584015395181152e-09,1.901582901015753e-09,,
EC LV Deep Pyramidal,MEC LV VI Pyramidal Polymorphic,79,81,0.0003772135201599761,4.980142852032599e-06,1.0983072908338283e-07,1.87857721611476e-09,4.1429635939279504e-11,1.87857721611476e-09,,
MEC LII Oblique Pyramidal,EC LIII Pyramidal,64,72,7.136755536757732e-06,0.0002625631684839793,1.97727165857103e-08,1.8738491464266925e-09,1.411130445698094e-13,1.8738491464266925e-09,,
CA2 Bistratified,CA1 Bistratified,31,41,-5.56295004825195e-07,-1.260014418652073e-05,0.0033560996477154906,7.009397271038702e-12,-1.866981469719724e-09,1.866981469719724e-09,,
CA2 Bistratified,CA2 SP SR,31,32,-5.145181587789996e-06,-2.1793333547279457e-07,0.0003567546127335429,1.121306585040283e-12,-1.8355672647957755e-09,1.8355672647957755e-09,,
CA1 Basket,CA1 Radiatum Giant,38,34,-6.425297323600176e-06,2.106569879855333e-05,0.00027223939226503325,-1.3535337811011216e-10,-1.7492190384990565e-09,1.7492190384990565e-09,,
CA1 Radiatum Giant,CA1 Ivy,34,42,2.8966210724347026e-05,-1.8356254890578497e-07,5.955003510819362e-05,-5.317111472703224e-12,1.7249388655862e-09,1.7249388655862e-09,,
CA1 Radial Trilaminar,CA1 O LMR,60,48,-2.8645970102266677e-06,-1.066724594682369e-06,0.0005993954982454664,3.0557360846623684e-12,-1.717026552217287e-09,1.717026552217287e-09,,
CA1 Back Projection,CA3 Granule,37,16,-5.782355122245001e-05,3.7376631213659358e-06,2.96108710085311e-05,-2.1612495495056556e-10,-1.712205716503158e-09,1.712205716503158e-09,,
DG AIPRIM,DG HIPP,4,8,-3.620545788645459e-05,-4.718975351910018e-05,3.2903917091822203e-06,1.7085266337079541e-09,-1.1913013845673622e-10,1.7085266337079541e-09,,
CA3 Trilaminar,CA1 Oriens Alveus,27,49,-7.71058554579458e-05,-3.906621989816189e-08,2.147115360296868e-05,3.0122343047559965e-12,-1.6555516662258554e-09,1.6555516662258554e-09,,
DG Total Molecular Layer,DG Total Molecular Layer,11,11,-0.0002172140035749718,-7.538531096545983e-06,5.951228007337079e-06,1.6374745205551753e-09,-1.2926900616611886e-09,1.6374745205551753e-09,,
DG Granule,CA3 Spiny Lucidum,0,23,0.0011367580335214888,-1.439449782401518e-06,1.3611385053935353e-07,-1.6363061039956847e-09,1.5472851307415336e-10,1.6363061039956847e-09,,
CA1 Oriens Bistratified,CA1 Radial Trilaminar,50,60,-1.4508989272762557e-05,-9.446082108053994e-08,0.00011175740073144498,1.3705310397538973e-12,-1.6214869283643615e-09,1.6214869283643615e-09,,
EC LI II Pyramidal Fan,DG Total Molecular Layer,63,11,0.0007822377700512857,-1.4709504096380904e-06,2.0702646024045057e-06,-1.150632968291325e-09,1.6194391660010123e-09,1.6194391660010123e-09,,
MEC LIII Bipolar Complex Pyramidal,EC LV Deep Pyramidal,71,79,4.30141472333655e-06,0.0003763809553399751,5.212888346782156e-09,1.6189705828828454e-09,2.2422794685958294e-14,1.6189705828828454e-09,,
MEC LII Stellate,SUB CA1 Projecting Pyramidal,65,61,6.934378863505695e-05,2.325743745638961e-05,2.452200555060661e-06,1.6127588271689374e-09,1.700448769808958e-10,1.6127588271689374e-09,,
EC LIII Pyramidal Stellate,CA1 Neurogliaform Projecting,73,45,0.001754094278922394,-3.0076299383366794e-07,9.174594773222866e-07,-5.275666467952082e-10,1.6093104203141528e-09,1.6093104203141528e-09,,
CA1 Radiatum Giant,CA1 Recurrent O LM,34,47,5.078465071715091e-05,-2.7401175753981932e-08,3.167531848797811e-05,-1.3915591399052367e-12,1.6086199857664809e-09,1.6086199857664809e-09,,
CA1 Neurogliaform,CA1 Basket,44,38,-3.3623607472178496e-05,-4.567742710093508e-05,4.782824740201561e-05,1.5358398791808894e-09,-1.6081582167276138e-09,1.6081582167276138e-09,,
CA3 O LM,CA3 Mossy Fiber Associated ORDEN,26,25,-6.664393172302472e-05,-4.10634821638574e-07,2.4000970626395122e-05,2.736631901637756e-11,-1.5995190477117984e-09,1.5995190477117984e-09,,
CA3 O LM,CA3 O LM,26,26,-9.716669779468665e-05,-6.594811903295661e-06,1.626211605057694e-05,6.407960952203317e-10,-1.5801361157885327e-09,1.5801361157885327e-09,,
DG MOLAX,DG MOLAX,10,10,-0.0001283911678389211,-6.975639393611642e-06,1.1930297744511232e-05,8.956104881689821e-10,-1.5317448600838433e-09,1.5317448600838433e-09,,
MEC LII Stellate,DG MOLAX,65,10,0.0001380096836011783,-1.1026310322088505e-05,5.922977270891457e-06,-1.521737598839841e-09,8.174282191327005e-10,1.521737598839841e-09,,
DG Axo Axonic,DG Mossy,5,3,-5.3117394999839e-06,0.000277722479387832,1.9999202531913603e-05,-1.4751894637978116e-09,-1.062305540569435e-10,1.4751894637978116e-09,,
DG MOLAX,DG Basket,10,6,-0.00011523260983792043,-1.0819935330134383e-05,1.2664747172519918e-05,1.2468093863689062e-09,-1.4593918696268937e-09,1.4593918696268937e-09,,
CA1 Oriens Bistratified,CA1 Bistratified,50,41,-9.198660771123785e-06,-1.144240440727438e-06,0.0001581934749032104,1.0525479654852874e-11,-1.4551681118399166e-09,1.4551681118399166e-09,,
CA1 Neurogliaform,CA1 Oriens Alveus,44,49,-3.9769867569813324e-05,-2.03704282753656e-06,3.621761376575655e-05,8.101292348516707e-11,-1.440369703158786e-09,1.440369703158786e-09,,
CA1 Quadrilaminar,CA1 Axo Axonic,54,35,-4.300819494643315e-07,-1.441470150227311e-06,0.0033272566146013037,6.199502923044048e-13,-1.4309930111758207e-09,1.4309930111758207e-09,,
CA1 Oriens Bistratified,CA1 Quadrilaminar,50,54,-1.1529120696904656e-05,-7.75798173131136e-09,0.00011773215854086626,8.944270774467002e-14,-1.3573482657247615e-09,1.3573482657247615e-09,,
CA2 Bistratified,CA1 Pyramidal,31,33,-1.9711756657996033e-07,0.0068433264765870305,0.0025611071798711882,-1.3489398623770494e-09,-5.048392150466734e-10,1.3489398623770494e-09,,
DG HICAP,DG Axo Axonic,7,5,-1.0851122593987198e-05,-1.278548028421994e-06,0.00012338345175106377,1.3873681398707686e-11,-1.3388489610200974e-09,1.3388489610200974e-09,,
CA1 Quadrilaminar,CA1 Pyramidal,54,33,-2.273195977886965e-07,0.005809516391497374,0.0031763748371427428,-1.3206169294620227e-09,-7.220522504054247e-10,1.3206169294620227e-09,,
CA1 Quadrilaminar,CA1 Radiatum,54,56,-3.8840921111748936e-07,-2.9851538514084415e-07,0.003152247343239757,1.159461252489888e-13,-1.2243619038349556e-09,1.2243619038349556e-09,,
CA1 Oriens Bistratified,CA1 SO SO,50,58,-1.3014987919892452e-05,-1.8190215335801556e-07,9.28350606381419e-05,2.3674543285569966e-12,-1.2082471927479001e-09,1.2082471927479001e-09,,
DG Total Molecular Layer,DG Semilunar Granule,11,2,-9.33485956469185e-06,0.0001258442689845622,2.6123847687766106e-06,-1.1747385779921943e-09,-2.438624494546965e-11,1.1747385779921943e-09,,
CA1 Perforant Path Associated,DG Semilunar Granule,52,2,-1.0161616092765879e-06,0.001144746694766337,0.000322098218948274,-1.163247643567816e-09,-3.2730384451160084e-10,1.163247643567816e-09,,
CA3 Spiny Lucidum,CA3c Pyramidal,23,15,-2.1173423734178095e-06,0.0005379702837322977,8.593598996420048e-06,-1.1390672773859955e-09,-1.8195591295280932e-11,1.1390672773859955e-09,,
MEC LV Multipolar Pyramidal,EC LV Deep Pyramidal,77,79,1.6872581273135203e-05,6.741625922790595e-05,3.1600726936674264e-08,1.1374863129535942e-09,5.331858335291893e-13,1.1374863129535942e-09,,
CA3 Trilaminar,CA1 OR LM,27,51,-3.7697107823204665e-05,-2.9838456178831206e-08,2.9845132684861118e-05,1.1248234998513674e-12,-1.1250751848190594e-09,1.1250751848190594e-09,,
CA2 Bistratified,CA1 Back Projection,31,37,-6.30576489893632e-07,-0.0001336130313442289,0.0017679153942832995,8.42532363090917e-11,-1.1148058837560796e-09,1.1148058837560796e-09,,
MEC LII Stellate,DG Total Molecular Layer,65,11,8.685651804784296e-05,-1.2746548488828172e-05,4.1832875648110404e-06,-1.1071208188676095e-09,3.6334579187232715e-10,1.1071208188676095e-09,,
DG HIPP,DG AIPRIM,8,4,-0.00033421900046206384,-2.7347958005158122e-06,3.2903917091822203e-06,9.140207189162445e-10,-1.0997114281715434e-09,1.0997114281715434e-09,,
EC LI II Pyramidal Fan,SUB CA1 Projecting Pyramidal,63,61,0.00040924160388886905,2.683905936073024e-06,1.2135680200048793e-06,1.0983659699653809e-09,4.96642522935036e-10,1.0983659699653809e-09,,
MEC LV Multipolar Pyramidal,EC LIII Pyramidal,77,72,1.5798411128221406e-05,6.947615654896773e-05,2.821992220986473e-07,1.0976128847692642e-09,4.458299330778694e-12,1.0976128847692642e-09,,
CA1 Radial Trilaminar,CA1 O LM,60,46,-1.7682882793873168e-06,-8.1029187248396e-07,0.0006160655457740574,1.4328296209961886e-12,-1.0893814839266162e-09,1.0893814839266162e-09,,
MEC LV Superficial Pyramidal,EC LIII Pyramidal,80,72,1.9918753493769452e-05,5.4640732046011976e-05,1.0473887430890814e-07,1.0883752723436214e-09,2.0862678185740435e-12,1.0883752723436214e-09,,
CA1 Radial Trilaminar,CA1 Recurrent O LM,60,47,-1.2693751418290803e-06,-5.009165097316229e-07,0.000856952999896388,6.358509655851067e-13,-1.0877948357843334e-09,1.0877948357843334e-09,,
CA1 Oriens Bistratified,CA1 Horizontal Basket,50,39,-1.7614395136694453e-05,-1.7794175591797602e-06,6.166917997212953e-05,3.134336400056468e-11,-1.0862653037850134e-09,1.0862653037850134e-09,,
DG Semilunar Granule,CA3 Basket CCK+,2,20,0.00010240116142536457,-1.0587630621927457e-05,2.0022291392653907e-06,-1.0841856724281265e-09,2.0503058930048402e-10,1.0841856724281265e-09,,
DG Semilunar Granule,CA3 Mossy Fiber Associated,2,24,0.00036274632706092993,-1.6701585359629866e-07,2.9886414237288868e-06,-6.058438745300335e-11,1.084118699359802e-09,1.084118699359802e-09,,
CA3 Trilaminar,CA1 LMR,27,43,-3.922837959514119e-05,-2.113689561474712e-08,2.6776428231062145e-05,8.291661646381753e-13,-1.0503958908501608e-09,1.0503958908501608e-09,,
DG MOLAX,DG Semilunar Granule,10,2,-7.557369538556819e-06,0.00013461489745119964,3.6987884214423633e-06,-1.0173345254336462e-09,-2.7953110945775177e-11,1.0173345254336462e-09,,
CA1 Recurrent O LM,CA1 Schaffer Collateral Associated,47,57,-1.7445865603973626e-06,-7.618321018597963e-06,0.0005667189235715623,1.3290820461838751e-11,-9.886902175858078e-10,9.886902175858078e-10,,
DG HICAP,DG AIPRIM,7,4,-1.052516410759615e-05,-1.9481310369450225e-05,9.387390998081595e-05,2.050439886694782e-10,-9.88038307969796e-10,9.88038307969796e-10,,
CA1 Oriens Bistratified,CA1 Radiatum,50,56,-8.206248207576978e-06,-3.1932709874328043e-08,0.0001198036398256839,2.6204774316928017e-13,-9.831384045807164e-10,9.831384045807164e-10,,
CA3 Granule,CA3 Basket,16,19,5.210110029986183e-06,-0.00018596955922516977,4.92285756412978e-06,-9.689218657911665e-10,2.5648629571065917e-11,9.689218657911665e-10,,
CA3 Mossy Fiber Associated,CA3 Lucidum ORAX,24,22,-4.644423698762211e-05,-5.360302935465265e-08,2.0429491546357142e-05,2.4895517986019523e-12,-9.488321469156335e-10,9.488321469156335e-10,,
CA3 Trilaminar,CA1 Radial Trilaminar,27,60,-8.633127573532372e-05,-1.9903676666074056e-08,1.0745850293237656e-05,1.718309798405568e-12,-9.277029646760094e-10,9.277029646760094e-10,,
CA1 Quadrilaminar,CA1 SO SO,54,58,-3.7898221792907636e-07,-1.7004692549213081e-06,0.002442655946696434,6.444476097502813e-13,-9.257231683166624e-10,9.257231683166624e-10,,
CA3 Lucidum ORAX,CA3c Pyramidal,22,15,-8.910678716044784e-08,0.010009676371156757,0.004614545859942518,-8.91930101949629e-10,-4.1118735578402366e-10,8.91930101949629e-10,,
DG HIPROM,CA3c Pyramidal,9,15,-7.970818496819591e-08,0.010979868227385253,0.0014788836398423684,-8.751853675948411e-10,-1.1787913071099432e-10,8.751853675948411e-10,,
CA2 Bistratified,CA1 Horizontal Axo Axonic,31,36,-6.947101615654685e-07,-8.536646967380884e-07,0.0012549483501668698,5.930495393936541e-13,-8.718253711007443e-10,8.718253711007443e-10,,
CA3 Mossy Fiber Associated,DG HICAP,24,7,-4.162133701478238e-05,-1.2443904398900778e-07,2.0806445843484734e-05,5.179319387663822e-12,-8.659920945314961e-10,8.659920945314961e-10,,
MEC LV Superficial Pyramidal,EC LV Deep Pyramidal,80,79,1.6274250961355504e-05,5.302068996030586e-05,1.1728680689039782e-08,8.628720145582398e-10,1.9087549297903742e-13,8.628720145582398e-10,,
CA2 Bistratified,CA1 Axo Axonic,31,35,-3.1069307022379627e-07,-1.6979814117914772e-06,0.0026827629740936512,5.275510580124302e-13,-8.335158651038793e-10,8.335158651038793e-10,,
CA1 O LMR,CA1 Ivy,48,42,-2.3729143248442967e-06,-3.4373984715670474e-06,0.00034595830384376156,8.156652073379338e-12,-8.209294149896975e-10,8.209294149896975e-10,,
CA3 Mossy Fiber Associated ORDEN,CA3 Basket,25,19,-1.3220273692051995e-05,-6.066524446128307e-05,3.8980656175391986e-05,8.020111353734036e-10,-5.153349433344588e-10,8.020111353734036e-10,,
CA1 Oriens Bistratified,CA1 Axo Axonic,50,35,-6.340593521353569e-06,-1.5419656872289882e-07,0.00012645500484541146,9.776977646593625e-13,-8.017997844655501e-10,8.017997844655501e-10,,
CA1 Quadrilaminar,CA1 Horizontal Basket,54,39,-4.834676723155349e-07,-1.663446416215262e-05,0.0016226260655333143,8.042225668692111e-12,-7.84487246941906e-10,7.84487246941906e-10,,
CA2 Bistratified,CA1 Radiatum,31,56,-3.036153794123165e-07,-3.516365392810918e-07,0.0025416532107915123,1.0676226128906262e-13,-7.716850039289975e-10,7.716850039289975e-10,,
CA1 OR LM,CA1 Neurogliaform,51,44,-1.4963620961631114e-05,-7.509044520276926e-06,5.0342869710484715e-05,1.1236249598543707e-10,-7.533116204684732e-10,7.533116204684732e-10,,
CA1 Bistratified,CA1 Oriens Bistratified,41,50,-4.730905329808172e-06,-1.165351151433872e-06,0.0001581934749032104,5.513165973416595e-12,-7.483983535604733e-10,7.483983535604733e-10,,
CA1 Radiatum Giant,CA1 O LMR,34,48,3.377904764709394e-05,-5.835205574607054e-08,2.2155291258074862e-05,-1.9710768713523984e-12,7.483846390417546e-10,7.483846390417546e-10,,
DG MOLAX,DG Total Molecular Layer,10,11,-8.839663551843838e-05,-8.063923758170557e-06,8.42614514905871e-06,7.128237292994786e-10,-7.448428815668004e-10,7.448428815668004e-10,,
SUB CA1 Projecting Pyramidal,CA1 Ivy,61,42,1.6991778669657498e-05,2.0815652491752805e-06,4.360695083936232e-05,3.5369496000436825e-11,7.409596571210798e-10,7.409596571210798e-10,,
CA3 Trilaminar,CA1 Bistratified,27,41,-4.84673724574553e-05,-2.411009294643622e-07,1.5210835144259422e-05,1.1685528548187902e-11,-7.372292123257723e-10,7.372292123257723e-10,,
CA1 Neurogliaform,CA1 Radial Trilaminar,44,60,-4.005273704315808e-05,-1.0378439966785888e-06,1.8126136243155208e-05,4.1568492690787745e-11,-7.260013685555529e-10,7.260013685555529e-10,,
CA3 Trilaminar,CA3 Basket,27,19,-0.00016025373223909885,-4.463874162695371e-06,1.3321274501570378e-06,7.153524948176155e-10,-2.1347839570581942e-10,7.153524948176155e-10,,
DG Total Molecular Layer,DG HIPROM,11,9,-0.00012259522935214307,-1.0291100008322015e-07,5.72302874787433e-06,1.261639765806079e-11,-7.016160219345617e-10,7.016160219345617e-10,,
CA1 Back Projection,CA3 Trilaminar,37,27,-1.0961326712364853e-05,-6.249494324914928e-05,8.012714887576949e-06,6.850274908246256e-10,-8.782998573576075e-11,6.850274908246256e-10,,
CA2 SP SR,CA2 Pyramidal,32,28,-1.1376930536637715e-06,0.0004999341525697224,0.000602080362529411,-5.687716126678574e-10,-6.849826461970761e-10,6.849826461970761e-10,,
CA1 Quadrilaminar,CA1 Back Projection,54,37,-3.1092069685136496e-07,-0.00011342833026710685,0.0021926306000521227,3.5267215489335635e-11,-6.817342341058325e-10,6.817342341058325e-10,,
CA3 O LM,CA3 LMR Targeting,26,21,-0.00017901785526935413,-3.7762645320174123e-06,1.999352382417537e-06,6.760187774514884e-10,-3.5791977542806103e-10,6.760187774514884e-10,,
CA3 Trilaminar,CA1 Horizontal Basket,27,39,-0.00011329872987656264,-3.749380044203846e-07,5.92969925347212e-06,4.2479999683282604e-11,-6.718273939683929e-10,6.718273939683929e-10,,
CA1 Radiatum Giant,CA1 O LM,34,46,2.8400467184892456e-05,-4.432465206996637e-08,2.277146164868169e-05,-1.2588408265948553e-12,6.467201493054214e-10,6.467201493054214e-10,,
DG HIPP,DG HICAP,8,7,-0.00033009968311877914,-7.256393870584492e-08,1.9481328466423533e-06,2.395333317264992e-11,-6.43078035349926e-10,6.43078035349926e-10,,
CA3 Trilaminar,CA1 Quadrilaminar,27,54,-5.476081994535552e-05,-1.6346709481772808e-09,1.1320343369653028e-05,8.951592146303966e-14,-6.199112849851687e-10,6.199112849851687e-10,,
DG Total Molecular Layer,DG Hilar Ectopic Granule,11,1,-0.0001287187360611947,2.6539628786241676e-08,4.8019611088960295e-06,-3.416147472898328e-12,-6.181023645521099e-10,6.181023645521099e-10,,
CA1 R Receiving Apical Targeting,CA1 Neurogliaform,55,44,-8.266744315487791e-06,-1.0848756292776235e-05,7.178246878270601e-05,8.968389441342034e-11,-5.934073157611147e-10,5.934073157611147e-10,,
CA3 Mossy Fiber Associated,CA3 Mossy Fiber Associated ORDEN,24,25,-3.442418599939473e-05,-8.832067059729661e-07,1.661040573411174e-05,3.040367192232612e-11,-5.717996965164752e-10,5.717996965164752e-10,,
CA3 Trilaminar,CA3 Basket CCK+,27,20,-5.6423673151492486e-05,-9.86836954548551e-06,3.802916929876185e-07,5.568096577726168e-10,-2.1457454187361113e-11,5.568096577726168e-10,,
DG HIPP,DG Basket,8,6,-0.00017923578308601777,-3.1014283193357914e-06,9.581456120485264e-07,5.558869335013025e-10,-1.717339790859494e-10,5.558869335013025e-10,,
CA1 Perforant Path Associated,CA1 Radiatum Giant,52,34,-9.372205511975329e-07,6.378657784785468e-05,0.00058738430560194,-5.97820916495707e-11,-5.505086426610302e-10,5.505086426610302e-10,,
CA1 Back Projection,CA1 Neurogliaform,37,44,-4.066925794827189e-05,-5.36504996221623e-06,1.351587429253289e-05,2.1819260081873823e-10,-5.49680577999437e-10,5.49680577999437e-10,,
CA3 Trilaminar,CA1 SO SO,27,58,-6.064682299987148e-05,-3.832828895499014e-08,8.92640359432073e-06,2.324488956141216e-12,-5.413580188101859e-10,5.413580188101859e-10,,
MEC LV Multipolar Pyramidal,MEC LV VI Pyramidal Polymorphic,77,81,0.00018460015687614357,2.890682225583539e-06,6.188487288237356e-08,5.336203923218012e-10,1.1423957242346362e-11,5.336203923218012e-10,,
CA3 Trilaminar,CA1 Back Projection,27,37,-6.543544818030115e-05,-2.5566553500321373e-06,8.012714887576949e-06,1.6729588867191763e-10,-5.24315589809569e-10,5.24315589809569e-10,,
MEC LII Stellate,DG Hilar Ectopic Granule,65,1,0.00015311228444933706,4.4874612954017945e-08,3.3754351486424587e-06,6.870854503169501e-12,5.168205866192345e-10,5.168205866192345e-10,,
CA2 SP SR,CA2 Wide Arbor Basket,32,30,-4.144058671417493e-06,-2.8309681856608162e-05,0.0001239460086661599,1.1731698258294751e-10,-5.136395320005877e-10,5.136395320005877e-10,,
DG HICAP,DG HICAP,7,7,-8.883043074956983e-06,-5.169090179572819e-07,5.5579658484438286e-05,4.5917250723482474e-12,-4.937165004086637e-10,4.937165004086637e-10,,
CA1 Oriens Alveus,CA1 Oriens Bistratified,49,50,-2.210389530305851e-06,-2.5047740218766743e-06,0.00022330111176808583,5.536526273738279e-12,-4.935824395578336e-10,4.935824395578336e-10,,
CA1 Neurogliaform,CA1 Quadrilaminar,44,54,-2.5738641213373664e-05,-8.523718801172246e-08,1.9095193087396518e-05,2.1938894002705992e-12,-4.914843237765919e-10,4.914843237765919e-10,,
CA1 Recurrent O LM,CA1 Ivy,47,42,-9.875957082923822e-07,-5.474469736684906e-06,0.0004946150032587769,5.406562817126541e-12,-4.884796544753908e-10,4.884796544753908e-10,,
CA1 Neurogliaform Projecting,CA1 Pyramidal,45,33,-6.444301480017262e-07,0.0007510418496791654,1.853789631881969e-06,-4.839940103442347e-10,-1.1946379268377627e-12,4.839940103442347e-10,,
CA3 Mossy Fiber Associated ORDEN,CA3 Basket CCK+,25,20,-3.5730411234358303e-06,-0.00013411378302601455,1.112807917062332e-05,4.791940619715002e-10,-3.9761084501486815e-11,4.791940619715002e-10,,
CA3 Granule,CA3 Basket CCK+,16,20,1.122753351799894e-06,-0.00041112635969489143,1.405362405210645e-06,-4.615934983607282e-10,1.5778753509438126e-12,4.615934983607282e-10,,
CA3 Mossy Fiber Associated ORDEN,CA3 Lucidum ORAX,25,22,-1.0438652750936339e-05,-4.332722822914865e-08,4.3567021695592776e-05,4.5227789014464915e-13,-4.547810108728027e-10,4.547810108728027e-10,,
CA1 Oriens Bistratified,CA1 Back Projection,50,37,-5.428608659768823e-06,-1.2133625743410294e-05,8.333265066993129e-05,6.586870578507105e-11,-4.523803490682792e-10,4.523803490682792e-10,,
CA1 Back Projection,CA1 Oriens Bistratified,37,50,-5.247542857220249e-06,-2.309549271126594e-06,8.333265066993129e-05,1.211945878109859e-11,-4.372916557962281e-10,4.372916557962281e-10,,
EC LII III Pyramidal Tripolar,DG Hilar Ectopic Granule,67,1,0.0005706519029054896,5.233273237505288e-08,7.635119900887441e-07,2.9863773314067645e-11,4.356995700352991e-10,4.356995700352991e-10,,
CA1 Oriens Bistratified,CA1 Horizontal Axo Axonic,50,36,-7.080866998321678e-06,-7.752273738851298e-08,5.9153380762125e-05,5.489281927938796e-13,-4.1885722167768737e-10,4.1885722167768737e-10,,
CA1 Quadrilaminar,CA1 Ivy,54,42,-2.466292019618804e-07,-6.624263612237754e-06,0.0016972149524191822,1.6337368482713202e-12,-4.185827692729137e-10,4.185827692729137e-10,,
CA3 LMR Targeting,CA3 Axo Axonic,21,17,-0.00016826217177650556,-3.4981820964028407e-07,2.4815172916875866e-06,5.88611716810431e-11,-4.1754548880030557e-10,4.1754548880030557e-10,,
CA3 Spiny Lucidum,DG Granule,23,0,-9.985748606927289e-06,4.160140273711622e-05,1.3611385053935353e-07,-4.1542114942837943e-10,-1.3591986934068587e-12,4.1542114942837943e-10,,
EC LIII Pyramidal,MEC LV VI Pyramidal Polymorphic,72,81,2.851967082711788e-05,1.4380364606395016e-05,9.808048521152094e-07,4.101232649483224e-10,2.7972231527965804e-11,4.101232649483224e-10,,
DG HIPP,DG Semilunar Granule,8,2,-1.0556998788027824e-05,3.8586039788691486e-05,2.798301338056437e-07,-4.073527752840094e-10,-2.954166383439844e-12,4.073527752840094e-10,,
CA3 Spiny Lucidum,CA3 Pyramidal,23,14,-1.7906684452633837e-06,0.000225004960324517,4.250710366892712e-06,-4.0290928248085223e-10,-7.61161292394872e-12,4.0290928248085223e-10,,
CA1 Quadrilaminar,CA1 Schaffer Collateral Associated,54,57,-2.0669055648417326e-07,-9.218384453140544e-06,0.0019446313285432905,1.90535301250467e-12,-4.0193693145316984e-10,4.0193693145316984e-10,,
CA1 Perforant Path Associated QuadD,CA1 Neurogliaform,53,44,-2.9371776062296737e-06,-2.401554662400799e-05,0.00013527137970827002,7.05379257454009e-11,-3.973160672429218e-10,3.973160672429218e-10,,
CA3 Trilaminar,CA1 Axo Axonic,27,35,-3.187617233806171e-05,-3.2490493008332664e-08,1.215907440586252e-05,1.0356725544822012e-12,-3.8758475123258905e-10,3.8758475123258905e-10,,
CA1 Neurogliaform,CA1 Axo Axonic,44,35,-1.8862433210886424e-05,-1.6941625250224135e-06,2.0509967406676135e-05,3.195602747662197e-11,-3.8686789036588606e-10,3.8686789036588606e-10,,
CA1 Recurrent O LM,CA1 O LMR,47,48,-2.0735143807904043e-06,-1.7402600103312596e-06,0.00018401902598213696,3.6084541577363246e-12,-3.8156609671300407e-10,3.8156609671300407e-10,,
EC LIII Pyramidal,SUB CA1 Projecting Pyramidal,72,61,1.724338063576537e-05,2.197111963471722e-05,3.0242557772041053e-06,3.788563788553672e-10,5.214839350624282e-11,3.788563788553672e-10,,
CA1 Quadrilaminar,CA1 Horizontal Axo Axonic,54,36,-2.421520900598935e-07,-7.24702973840282e-07,0.0015564309032878238,1.754883397880446e-13,-3.7689299626495446e-10,3.7689299626495446e-10,,
CA3 O LM,CA3 Granule,26,16,-0.0001229249570919906,3.5574850280710435e-07,3.0310767284926995e-06,-4.37303694431032e-11,-3.7259497679249634e-10,3.7259497679249634e-10,,
CA3 Trilaminar,CA1 Horizontal Axo Axonic,27,36,-6.381804981007413e-05,-1.6334682269322412e-08,5.687796690405909e-06,1.0424475666953525e-12,-3.629840924978991e-10,3.629840924978991e-10,,
CA1 Radial Trilaminar,CA2 Wide Arbor Basket,60,30,-4.2388101920574536e-07,-9.398661885978384e-05,0.0008237312128340096,3.9839143793987106e-11,-3.4916402604766473e-10,3.4916402604766473e-10,,
DG MOLAX,DG Hilar Ectopic Granule,10,1,-5.0723014306313074e-05,2.8389289685421417e-08,6.798936497443641e-06,-1.4399903468596967e-12,-3.4486255322754793e-10,3.4486255322754793e-10,,
CA3 Mossy Fiber Associated ORDEN,CA3 Mossy Fiber Associated ORDEN,25,25,-9.734902441197098e-06,-7.138943261960211e-07,3.542260977707417e-05,6.9496916188424035e-12,-3.4483565039241157e-10,3.4483565039241157e-10,,
DG Hilar Ectopic Granule,CA3c Pyramidal,1,15,3.2780224246947736e-08,0.010421371390791594,0.0012408712302455825,3.4161489115087406e-10,4.067603718903611e-11,3.4161489115087406e-10,,
DG Basket,DG HIPP,6,8,-3.113335821378923e-05,-1.0650561194164462e-05,9.581456120485264e-07,3.3158773683580503e-10,-2.98302905608771e-11,3.3158773683580503e-10,,
CA1 Ivy,CA1 Oriens Bistratified,42,50,-5.105245232122802e-06,-4.3112092670810767e-07,6.450398928956371e-05,2.2009780555449304e-12,-3.293086837734454e-10,3.293086837734454e-10,,
CA2 Wide Arbor Basket,CA1 Radiatum Giant,30,34,-1.0510243927479387e-05,7.974640669531936e-06,3.0447350692698952e-05,-8.381541867077819e-11,-3.2000908272577446e-10,3.2000908272577446e-10,,
CA3 LMR Targeting,CA3 Lucidum ORAX,21,22,-8.603739476017833e-05,-7.017313190488342e-08,3.629262748487559e-06,6.037513451258519e-12,-3.122523117800339e-10,3.122523117800339e-10,,
CA3 O LM,CA3 Mossy Fiber Associated,26,24,-2.6743028566969893e-05,-1.216897989150488e-06,1.1254559238459641e-05,3.2543537686939724e-11,-3.0098099922278113e-10,3.0098099922278113e-10,,
CA3 Lucidum ORAX,CA3 Pyramidal,22,14,-7.137170050167948e-08,0.004186526473410423,0.002282524229200226,-2.9879951360260114e-10,-1.6290763567430533e-10,2.9879951360260114e-10,,
CA3 O LM,CA3 Horizontal Axo Axonic,26,18,-3.631109481831582e-05,-9.826348976636514e-07,8.055943915134433e-06,3.5680548940850906e-11,-2.9252014335348077e-10,2.9252014335348077e-10,,
DG MOPP,DG Granule,12,0,-3.7526704936534212e-06,7.608916391491405e-05,-6.930147805022862e-09,-2.855375603102566e-10,2.6006561184566317e-14,2.855375603102566e-10,,
DG HIPROM,CA3 Pyramidal,9,14,-6.187821516895323e-08,0.004592307213943838,0.0007315102813064416,-2.8416377390635297e-10,-4.52645505849815e-11,2.8416377390635297e-10,,
DG HIPP,DG MOLAX,8,10,-0.00013920886015765952,-1.9994986014905134e-06,9.025811789704632e-07,2.783479212003287e-10,-1.2564729712423468e-10,2.783479212003287e-10,,
CA1 Horizontal Basket,CA1 Radiatum Giant,39,34,-4.8639053115795734e-06,1.2305772844794212e-05,5.693294124721668e-05,-5.985411390288625e-11,-2.7691643533618497e-10,2.7691643533618497e-10,,
CA1 Trilaminar,CA1 Radiatum Giant,59,34,-4.774558009245877e-07,0.00013822732571078407,0.0005762671750361016,-6.599743850690626e-11,-2.751421056034114e-10,2.751421056034114e-10,,
DG Semilunar Granule,DG HIPP,2,8,0.0009454278628465099,-2.873709826944198e-07,2.798301338056437e-07,-2.716885340128867e-10,2.645592053639226e-10,2.716885340128867e-10,,
CA1 SO SO,CA1 Oriens Bistratified,58,50,-2.925442040024468e-06,-2.7043825741474722e-06,9.28350606381419e-05,7.911514474720603e-12,-2.71583589179041e-10,2.71583589179041e-10,,
CA3 Mossy Fiber Associated,DG Mossy,24,3,-1.4049142464471493e-05,1.8808865731299817e-05,3.3725132381016853e-06,-2.642484342541469e-10,-4.7380918945406644e-11,2.642484342541469e-10,,
CA1 Back Projection,DG HIPP,37,8,-1.1882855215939821e-05,-2.199867195424617e-05,1.02944562467464e-05,2.6140703377526316e-10,-1.2232753310691475e-10,2.6140703377526316e-10,,
CA3 Trilaminar,CA3 Lucidum ORAX,27,22,-0.0001737584629571998,-3.1881070677418255e-09,1.4888622002962658e-06,5.539605838338049e-13,-2.587024074785537e-10,2.587024074785537e-10,,
DG MOLAX,DG HIPROM,10,9,-3.150215246080289e-05,-1.1008331038501662e-07,8.103045432366587e-06,3.46786122713868e-12,-2.552633726072247e-10,2.552633726072247e-10,,
CA1 Recurrent O LM,CA1 Recurrent O LM,47,47,-9.49326973239766e-07,-8.171977797701568e-07,0.00026309115903440367,7.757878948074599e-13,-2.4975953369227235e-10,2.4975953369227235e-10,,
DG HIPP,DG Total Molecular Layer,8,11,-0.00010701943308516799,-2.3114446385738474e-06,6.374761289015288e-07,2.4736949482792417e-10,-6.822233392036908e-11,2.4736949482792417e-10,,
CA1 Recurrent O LM,CA1 O LM,47,46,-1.2597296181682615e-06,-1.3219143435988299e-06,0.0001891368587290739,1.6652546513129019e-12,-2.382613028283207e-10,2.382613028283207e-10,,
CA1 Oriens Bistratified,CA1 Schaffer Collateral Associated,50,57,-3.194337511390663e-06,-9.861066159563797e-07,7.390724328094763e-05,3.1499573535799704e-12,-2.360846795758065e-10,2.360846795758065e-10,,
CA1 Oriens Bistratified,CA1 Ivy,50,42,-3.602418912321257e-06,-7.086089983631934e-07,6.450398928956371e-05,2.5527064571445907e-12,-2.323703909368921e-10,2.323703909368921e-10,,
CA3 Mossy Fiber Associated,CA3 Axo Axonic,24,17,-1.6115043359279655e-05,-2.672150330351046e-07,1.3968714872958007e-05,4.306181843612056e-12,-2.251064458511329e-10,2.251064458511329e-10,,
CA1 R Receiving Apical Targeting,CA1 Radiatum Giant,55,34,-5.460538525502305e-07,3.64202233059492e-05,0.00040858732523542255,-1.9887403246953252e-11,-2.2311068304799651e-10,2.2311068304799651e-10,,
CA2 Bistratified,CA1 Recurrent O LM,31,47,-3.030306846139637e-07,-1.1647963570342395e-06,0.0007279001760226202,3.529690375079365e-13,-2.2057608867075928e-10,2.2057608867075928e-10,,
MEC LV Pyramidal,SUB CA1 Projecting Pyramidal,78,61,3.496235481752914e-05,6.305664166407382e-06,1.0771534511877561e-06,2.2046086794611398e-10,3.7659821153352386e-11,2.2046086794611398e-10,,
CA3 Mossy Fiber Associated,DG MOLAX,24,10,-2.2461105243067422e-05,-3.4289166060220464e-06,9.639746309890728e-06,7.701725675756273e-11,-2.1651935638292647e-10,2.1651935638292647e-10,,
CA2 Pyramidal,CA3 Spiny Lucidum,28,23,8.955920992652271e-05,-2.376073452737444e-06,1.0324458312791822e-06,-2.127992611545504e-10,9.246503294129554e-11,2.127992611545504e-10,,
CA3 Mossy Fiber Associated,CA2 Wide Arbor Basket,24,30,-2.958604800404426e-06,-7.03121681583596e-05,4.3513258795546e-05,2.0802591824016596e-10,-1.2873853635374252e-10,2.0802591824016596e-10,,
CA2 Bistratified,CA1 Ivy,31,42,-1.4785827996253127e-07,-7.803058896927315e-06,0.0013684623582824857,1.1537468669459993e-12,-2.0233849048911755e-10,2.0233849048911755e-10,,
CA3 Mossy Fiber Associated ORDEN,DG AIPRIM,25,4,-2.683250608291178e-06,-3.790812420683784e-06,7.494233971330108e-05,1.0171699733717516e-11,-2.0108907862247923e-10,2.0108907862247923e-10,,
CA3 Trilaminar,CA3 Mossy Fiber Associated ORDEN,27,25,-0.0001648385041048049,-5.252982108454263e-08,1.2105345437984295e-06,8.658937128469047e-12,-1.9954270336692556e-10,1.9954270336692556e-10,,
CA2 Bistratified,CA1 Schaffer Collateral Associated,31,57,-1.2583308569059674e-07,-1.0858806507864116e-05,0.001567953882361918,1.3663971298016749e-12,-1.9730047523815107e-10,1.9730047523815107e-10,,
EC LII III Pyramidal Tripolar,DG MOPP,67,12,0.00036948406976077686,-5.259597069110436e-07,-2.692181946931184e-10,-1.9433373303967778e-10,-9.947183422886257e-14,1.9433373303967778e-10,,
CA3 Mossy Fiber Associated,CA3 Mossy Fiber Associated,24,24,-2.4804768369543256e-05,-2.6173437026456194e-06,7.788968130473002e-06,6.492260428760728e-11,-1.9320355031413718e-10,1.9320355031413718e-10,,
CA1 Neurogliaform Projecting,DG Granule,45,0,-9.242425560744454e-07,0.00020797426265153243,3.243321492713123e-07,-1.922186641107504e-10,-2.9976157465963626e-13,1.922186641107504e-10,,
CA1 Bistratified,CA1 Radiatum Giant,41,34,-1.2846619281417219e-06,9.087951476754306e-06,0.00014604409879339795,-1.1674945266985597e-11,-1.8761729354964673e-10,1.8761729354964673e-10,,
DG HICAP,DG MOLAX,7,10,-6.977119070903906e-06,-1.4243422792872297e-05,2.575037619642864e-05,9.937805680309668e-11,-1.7966344084305224e-10,1.7966344084305224e-10,,
CA3 Mossy Fiber Associated ORDEN,CA3 Axo Axonic,25,17,-6.00895398666453e-06,-2.159894107097989e-07,2.978905777213179e-05,1.2978704305619685e-12,-1.7900107745883132e-10,1.7900107745883132e-10,,
CA3 Trilaminar,CA1 Radiatum,27,56,-1.4952219453783821e-05,-6.728486214070315e-09,1.1519523268489302e-05,1.0060580246453843e-13,-1.7224243991342113e-10,1.7224243991342113e-10,,
CA3 Trilaminar,CA1 Ivy,27,42,-2.7407103340033183e-05,-1.4930977970291196e-07,6.202275712262752e-06,4.092148561995297e-12,-1.6998641138936317e-10,1.6998641138936317e-10,,
DG Total Molecular Layer,DG HIPP,11,8,-1.9460027487888464e-05,-8.564724324659645e-06,6.374761289015288e-07,1.6666977078406366e-10,-1.240530299129648e-11,1.6666977078406366e-10,,
CA3 Mossy Fiber Associated,DG Basket,24,6,-1.6037538483376008e-05,-5.318602903062844e-06,1.0233185494315554e-05,8.529729873566571e-11,-1.6411510617261083e-10,1.6411510617261083e-10,,
CA1 Perforant Path Associated,CA1 Neurogliaform Projecting,52,45,-1.6724467530690114e-05,-2.0241903982348654e-06,9.770254299682624e-06,3.38535065912137e-11,-1.6340230080162754e-10,1.6340230080162754e-10,,
DG HIPROM,DG Granule,9,0,-1.912639585178437e-07,0.0008490764897996114,2.342400975452265e-05,-1.6239773052350922e-10,-4.480168830010586e-12,1.6239773052350922e-10,,
CA3 Mossy Fiber Associated,DG Total Molecular Layer,24,11,-2.2105900679537774e-05,-3.963869191605481e-06,6.80837170594606e-06,8.762489865631046e-11,-1.5050518872101875e-10,1.5050518872101875e-10,,
CA1 LMR,CA1 Neurogliaform,43,44,-3.321439254315681e-06,-7.305085305747502e-06,4.516656876624568e-05,2.426339709063442e-11,-1.5001801448295697e-10,1.5001801448295697e-10,,
CA3 Mossy Fiber Associated ORDEN,CA3 Mossy Fiber Associated,25,24,-8.986614377527929e-06,-2.1155940125762433e-06,1.661040573411174e-05,1.901202757042967e-11,-1.492713109867409e-10,1.492713109867409e-10,,
CA3 Mossy Fiber Associated ORDEN,DG Axo Axonic,25,5,-1.4306770559127193e-06,-2.48789001081945e-07,9.850068627180393e-05,3.559367156113834e-13,-1.4092267184072687e-10,1.4092267184072687e-10,,
CA1 Neurogliaform Projecting,CA1 Perforant Path Associated QuadD,45,53,-1.0949674862124422e-05,3.348646794523043e-09,1.2807251809494207e-05,-3.6666593628122485e-14,-1.4023524319131622e-10,1.4023524319131622e-10,,
DG Axo Axonic,DG Hilar Ectopic Granule,5,1,-4.222714761650824e-06,2.060515354925668e-07,3.2577242634895143e-05,-8.700968605852803e-13,-1.3756440336825228e-10,1.3756440336825228e-10,,
CA1 Back Projection,CA1 Radiatum Giant,37,34,-1.747597421742125e-06,1.8010941752060208e-05,7.69326413406207e-05,-3.147587536904801e-11,-1.3444728565468036e-10,1.3444728565468036e-10,,
MEC LV Superficial Pyramidal,MEC LV VI Pyramidal Polymorphic,80,81,5.893654101390748e-05,2.2734273276466455e-06,2.2968709389935457e-08,1.3398794293798462e-10,1.353696282996453e-12,1.3398794293798462e-10,,
CA1 Schaffer Collateral Associated,CA1 Oriens Bistratified,57,50,-1.7657291281526966e-06,-7.71166622758878e-07,7.390724328094763e-05,1.361671368464493e-12,-1.305001722426369e-10,1.305001722426369e-10,,
CA1 Back Projection,CA3 Spiny Lucidum,37,23,-1.583105826123415e-05,-7.989490319055708e-06,5.37039824935658e-07,1.2648208671853712e-10,-8.50190875715939e-12,1.2648208671853712e-10,,
EC LIII Pyramidal,CA1 Radiatum Giant,72,34,1.126995892770226e-05,1.120081297864284e-05,4.1299502543089405e-06,1.262327022261792e-10,4.6544369739515265e-11,1.262327022261792e-10,,
CA3 LMR Targeting,CA3 Granule,21,16,-0.00012552202762667705,1.001685045203068e-06,3.72656944493225e-07,-1.2573353791720876e-10,-4.6776655281951646e-11,1.2573353791720876e-10,,
CA1 Neurogliaform,CA1 Neurogliaform,44,44,-3.545753954322794e-05,-3.4061644569383998e-06,1.1770711826915083e-07,1.2077421092263085e-10,-4.173604800547824e-12,1.2077421092263085e-10,,
DG Hilar Ectopic Granule,DG AIPRIM,1,4,4.803450189890599e-06,-6.199301553241728e-06,2.4785764210109962e-05,-2.977803622310806e-11,1.190571838016363e-10,1.190571838016363e-10,,
DG HICAP,DG Basket,7,6,-4.075318566385908e-06,-2.209301610971726e-05,2.7335613168169473e-05,9.003607873939371e-11,-1.1140133186778415e-10,1.1140133186778415e-10,,
DG Hilar Ectopic Granule,DG Axo Axonic,1,5,3.336646512256565e-06,-4.068568606616936e-07,3.2577242634895143e-05,-1.3575375251144951e-12,1.0869874301665876e-10,1.0869874301665876e-10,,
CA3 Spiny Lucidum,CA3 Basket,23,19,-2.1158203607603077e-05,-5.1213426394336484e-06,8.928378242104896e-08,1.083584103094365e-10,-1.889084447321486e-12,1.083584103094365e-10,,
CA1 Neurogliaform,CA1 Schaffer Collateral Associated,44,57,-8.826397112081274e-06,-1.0834384242571497e-05,1.1987150312180966e-05,9.562857778981192e-11,-1.0580334889751823e-10,1.0580334889751823e-10,,
CA2 Bistratified,CA1 O LMR,31,48,-2.0695570937678074e-07,-2.4804870626255767e-06,0.0005091295423818961,5.133509596456033e-13,-1.0536726560832107e-10,1.0536726560832107e-10,,
CA2 SP SR,CA2 SP SR,32,32,-1.6456856098032716e-06,-2.822981099716678e-08,6.319777664249065e-05,4.645739372550351e-14,-1.0400367159210817e-10,1.0400367159210817e-10,,
DG Semilunar Granule,DG Semilunar Granule,2,2,2.4175601635139255e-05,4.222434940542195e-06,1.1467472211990954e-06,1.0207990505284101e-10,2.7723303995912248e-11,1.0207990505284101e-10,,
CA1 OR LM,CA1 Radiatum Giant,51,34,-3.549200963185695e-07,2.5208518917961152e-05,0.00028655267544431347,-8.947009962411254e-12,-1.0170330316903952e-10,1.0170330316903952e-10,,
CA2 Bistratified,CA1 O LM,31,46,-1.8493834548297535e-07,-1.8841962739647858e-06,0.0005232891643586369,3.4846014147223443e-13,-9.677623226565505e-11,9.677623226565505e-11,,
CA3 LMR Targeting,CA3 Mossy Fiber Associated,21,24,-2.6944782957983137e-05,-3.426433302322774e-06,1.383696301052733e-06,9.232450165109257e-11,-3.7283396511629984e-11,9.232450165109257e-11,,
CA1 Neurogliaform Projecting,CA1 Perforant Path Associated,45,52,-9.291792096962427e-06,-8.326233130134413e-07,9.770254299682624e-06,7.736562719604968e-12,-9.078317168710419e-11,9.078317168710419e-11,,
CA3 Spiny Lucidum,CA3 Basket CCK+,23,20,-7.770735443000965e-06,-1.132184732207299e-05,2.5488462661163715e-08,8.797908026587815e-11,-1.9806410018871157e-13,8.797908026587815e-11,,
CA3 Mossy Fiber Associated ORDEN,CA2 Wide Arbor Basket,25,30,-9.251355329953011e-07,-5.6833193828048084e-05,9.279443326770082e-05,5.257840706393652e-11,-8.584742748011129e-11,8.584742748011129e-11,,
EC LII III Pyramidal Tripolar,CA1 Neurogliaform Projecting,67,45,0.00018936666895007668,-4.3878722109513335e-07,1.2599459371483585e-08,-8.309167443664621e-11,2.3859176517496734e-12,8.309167443664621e-11,,
CA3 LMR Targeting,CA3 Mossy Fiber Associated ORDEN,21,25,-2.7833580961806626e-05,-1.1562290680897688e-06,2.9508089631738906e-06,3.2181995377070806e-11,-8.213158017932514e-11,8.213158017932514e-11,,
CA3 Mossy Fiber Associated,DG HIPROM,24,9,-1.2500638769956236e-05,-5.411209922501874e-08,6.5473053546772856e-06,6.764358054959881e-13,-8.184549915542094e-11,8.184549915542094e-11,,
CA3 Granule,CA3 Lucidum ORAX,16,22,1.4815344391741346e-05,-1.3281979835036327e-07,5.502068547428663e-06,-1.967771054602271e-12,8.15150403971237e-11,8.15150403971237e-11,,
CA1 Oriens Bistratified,CA1 Recurrent O LM,50,47,-2.3026065444714922e-06,-1.0577713057890013e-07,3.431038119087411e-05,2.4356311312639105e-13,-7.900330827341832e-11,7.900330827341832e-11,,
CA3 Trilaminar,CA3 O LM,27,26,-9.166240729423915e-05,-8.436310588176161e-07,8.202107131797707e-07,7.732925371941055e-11,-7.51824884585825e-11,7.732925371941055e-11,,
DG HIPROM,DG Axo Axonic,9,5,-1.954717075773117e-06,-4.2866092666271567e-07,3.882590714460094e-05,8.379108330643381e-13,-7.589366367793292e-11,7.589366367793292e-11,,
CA3 Trilaminar,CA3 Axo Axonic,27,17,-7.180280370529355e-05,-1.5892947575585822e-08,1.0180131754072906e-06,1.1411581950683097e-12,-7.309620020317226e-11,7.309620020317226e-11,,
DG Semilunar Granule,CA3 LMR Targeting,2,21,0.00013685299560319255,-5.182817704059172e-07,5.309268203329399e-07,-7.092841284657583e-11,7.265892580864082e-11,7.265892580864082e-11,,
CA3 Lucidum ORAX,CA3 Basket,22,19,-7.593018954174545e-07,-9.52896172087561e-05,4.794313868993586e-05,7.23535869602122e-11,-3.64033160795302e-11,7.23535869602122e-11,,
DG HIPROM,DG AIPRIM,9,4,-2.4477260075111402e-06,-6.531531369908176e-06,2.9539939598783052e-05,1.5987399202999107e-11,-7.230567841624948e-11,7.230567841624948e-11,,
DG HICAP,DG Total Molecular Layer,7,11,-3.82135333295326e-06,-1.6465569530772894e-05,1.8187006906327907e-05,6.292075900539264e-11,-6.94989794579401e-11,6.94989794579401e-11,,
CA1 Schaffer Collateral Associated,CA1 Radiatum Giant,57,34,-1.0122556435653525e-06,6.01391678336782e-06,6.823111222428407e-05,-6.0876212038964675e-12,-6.906732841577246e-11,6.906732841577246e-11,,
DG HIPROM,CA3 Basket,9,19,-6.509153170537614e-07,-0.00010452560118776483,1.5364962361024848e-05,6.803731483736896e-11,-1.0001289346745599e-11,6.803731483736896e-11,,
DG HICAP,DG Semilunar Granule,7,2,-2.459376794813994e-07,0.00027486754839599884,7.983471608405978e-06,-6.76002870172532e-11,-1.963436481577002e-12,6.76002870172532e-11,,
CA1 O LM,CA1 Neurogliaform,46,44,-1.6543157704504855e-05,-1.5711843354056548e-06,4.000593346823107e-06,2.59923502434634e-11,-6.618244664808755e-11,6.618244664808755e-11,,
DG HICAP,DG HIPROM,7,9,-3.7706630050108358e-06,-2.247769765290243e-07,1.7489627894340598e-05,8.475582297761808e-13,-6.594749287259566e-11,6.594749287259566e-11,,
CA1 LMR,CA1 Radiatum Giant,43,34,-2.4853485213234883e-07,2.4523810004054236e-05,0.0002570890613713218,-6.095021493079437e-12,-6.389559185276583e-11,6.389559185276583e-11,,
CA3 Mossy Fiber Associated ORDEN,DG HICAP,25,7,-1.4377653287903747e-06,-1.00583846182582e-07,4.4370897602339614e-05,1.4461596667770048e-13,-6.379493817995186e-11,6.379493817995186e-11,,
CA1 Quadrilaminar,CA1 Recurrent O LM,54,47,-6.609535808767855e-08,-9.888324855022403e-07,0.0009027672958170813,6.535723721799978e-14,-5.966872768687521e-11,5.966872768687521e-11,,
CA1 Oriens Bistratified,CA1 O LMR,50,48,-2.3703135158072004e-06,-2.252572325952985e-07,2.3998385012226324e-05,5.339302629539623e-13,-5.6883696352025e-11,5.6883696352025e-11,,
SUB CA1 Projecting Pyramidal,CA1 Neurogliaform,61,44,6.178524999680567e-05,9.106859104267236e-07,4.906173758623434e-07,5.626695664428369e-11,3.031291722043166e-11,5.626695664428369e-11,,
CA1 Quadrilaminar,CA1 O LMR,54,48,-8.554213092096633e-08,-2.1057639582917242e-06,0.0006314402926898169,1.8013153620884295e-13,-5.4014748186045615e-11,5.4014748186045615e-11,,
DG Hilar Ectopic Granule,CA3 Basket,1,19,5.248025582757248e-07,-9.920885089555126e-05,1.2892116211140303e-05,-5.206505875358023e-11,6.765815569194375e-12,5.206505875358023e-11,,
CA3 Mossy Fiber Associated,DG Hilar Ectopic Granule,24,1,-8.93886452434514e-06,1.3954922458385812e-08,5.493578150014463e-06,-1.2474116130325219e-13,-4.910635083688188e-11,4.910635083688188e-11,,
CA1 Neurogliaform Projecting,CA1 LMR,45,43,-1.139660268670556e-05,-1.2123128566220502e-07,4.2762897872977e-06,1.381624795890655e-12,-4.8735175679048525e-11,4.8735175679048525e-11,,
CA1 Oriens Bistratified,CA1 O LM,50,46,-1.9316363467930987e-06,-1.7110705584185785e-07,2.4665814480639527e-05,3.3051660825688905e-13,-4.764538377405885e-11,4.764538377405885e-11,,
EC LIII Pyramidal,CA1 Neurogliaform Projecting,72,45,0.00013096487556937006,-3.5544434031047244e-07,6.869550964302101e-08,-4.655072380059785e-11,8.996698872572708e-12,4.655072380059785e-11,,
EC LI II Pyramidal Fan,DG MOPP,63,12,0.0008936286936537049,-5.2045742547324803e-08,-5.890151312024914e-10,-4.6509568922802916e-11,-5.26360822238748e-13,4.6509568922802916e-11,,
CA3 Trilaminar,CA3 Mossy Fiber Associated,27,24,-8.121382827377961e-05,-1.5566978317410677e-07,5.67645073420409e-07,1.2642539038118415e-11,-4.610062951322212e-11,4.610062951322212e-11,,
CA3 Trilaminar,CA1 O LMR,27,48,-1.9870488480061384e-05,-4.746356291407573e-08,2.307525505541776e-06,9.431241801068105e-13,-4.585165897531568e-11,4.585165897531568e-11,,
CA1 Radial Trilaminar,CA1 Oriens Bistratified,60,50,-4.0320521962770953e-07,-6.3199301269348e-07,0.00011175740073144498,2.548228814862524e-13,-4.506116730694422e-11,4.506116730694422e-11,,
MEC LII Stellate,DG MOPP,65,12,9.793606238928316e-05,-4.5100336263529474e-07,-1.1901955291043926e-09,-4.416949346082672e-11,-1.1656306359381367e-13,4.416949346082672e-11,,
CA3 Lucidum ORAX,CA3 Basket CCK+,22,20,-2.0726098875616288e-07,-0.00021065852714272255,1.3686661420712097e-05,4.3661294625517655e-11,-2.8367109788276184e-12,4.3661294625517655e-11,,
CA3 Granule,CA3 LMR Targeting,16,21,2.1595989232912934e-06,-2.0125305195471354e-05,3.72656944493225e-07,-4.346258743104861e-11,8.04789536084592e-13,4.346258743104861e-11,,
CA3 Trilaminar,CA1 Schaffer Collateral Associated,27,57,-6.025956456457508e-06,-2.077808240258423e-07,7.1064302380423585e-06,1.2520781980665857e-12,-4.2823039175296216e-11,4.2823039175296216e-11,,
DG HIPROM,CA3 Basket CCK+,9,20,-1.796683727993645e-07,-0.00023107668851983612,4.386342724396495e-06,4.1517172618224545e-11,-7.880870598326495e-13,4.1517172618224545e-11,,
CA1 Recurrent O LM,CA1 Neurogliaform,47,44,-7.305951341160562e-06,-2.3950834393645413e-06,5.564863176398007e-06,1.7498363066016822e-11,-4.0656619586980047e-11,4.0656619586980047e-11,,
CA1 Quadrilaminar,CA1 O LM,54,46,-6.22589677657501e-08,-1.5995538391814282e-06,0.0006490015518607956,9.958657091317836e-14,-4.040616669722307e-11,4.040616669722307e-11,,
CA3 Lucidum ORAX,CA3 Lucidum ORAX,22,22,-7.115271852634146e-07,-6.80560183896878e-08,5.358400725890922e-05,4.8423707205049743e-14,-3.8126477860066054e-11,3.8126477860066054e-11,,
CA3 Mossy Fiber Associated,CA3 LMR Targeting,24,21,-4.60943628864273e-06,-8.122112354955581e-06,1.383696301052733e-06,3.743835942936572e-11,-6.378059942533183e-12,3.743835942936572e-11,,
CA1 O LMR,CA1 Neurogliaform,48,44,-9.599812283364717e-06,-1.5038636707731025e-06,3.8923417464997795e-06,1.4436808939193582e-11,-3.736575010910186e-11,3.736575010910186e-11,,
CA3 O LM,CA3 Trilaminar,26,27,-6.177182806222443e-06,-5.948230691741664e-06,8.202107131797707e-07,3.674330835647124e-11,-5.066591514933527e-12,3.674330835647124e-11,,
DG Hilar Ectopic Granule,CA3 Pyramidal,1,14,7.920784917450592e-09,0.0043587170652700175,0.0006137805830340834,3.4524460390025265e-11,4.861623984720399e-12,3.4524460390025265e-11,,
CA3 Trilaminar,CA1 Recurrent O LM,27,47,-1.0325345505898318e-05,-2.2288116719972607e-08,3.2990586517579182e-06,2.301325058095063e-13,-3.4063920423623585e-11,3.4063920423623585e-11,,
CA1 Axo Axonic,CA1 Radiatum Giant,35,34,-2.80362470678434e-07,1.2789309890060362e-05,0.00011674316675743051,-3.5856425190494544e-12,-3.2730402666937645e-11,3.2730402666937645e-11,,
DG HIPROM,DG HICAP,9,7,-1.8620385065460868e-06,-1.7330494726221508e-07,1.7489627894340598e-05,3.227004851771833e-13,-3.256636060442475e-11,3.256636060442475e-11,,
DG HIPP,DG Hilar Ectopic Granule,8,1,-6.149131640868178e-05,8.137511390754302e-09,5.143704081007747e-07,-5.003862877081249e-13,-3.162931351578751e-11,3.162931351578751e-11,,
DG Neurogliaform,DG Granule,13,0,-1.294247242685096e-06,2.421909675235852e-05,-5.025017173185859e-09,-3.134549919206358e-11,6.503614620841054e-15,3.134549919206358e-11,,
CA1 Radiatum Giant,CA1 Oriens Bistratified,34,50,7.188691180381186e-06,-3.457133330538603e-08,4.130858124057124e-06,-2.485226388264469e-13,2.9695463363815414e-11,2.9695463363815414e-11,,
DG Semilunar Granule,CA3 Spiny Lucidum,2,23,0.00027541018843205075,-1.0436755859580107e-07,1.4598141219765848e-08,-2.8743888979062668e-11,4.0204768240933996e-12,2.8743888979062668e-11,,
CA3 Trilaminar,CA1 O LM,27,46,-1.2047246047095604e-05,-3.605367257877693e-08,2.371701095721241e-06,4.343474644579496e-13,-2.8572466650320033e-11,2.8572466650320033e-11,,
CA3 Trilaminar,CA2 Wide Arbor Basket,27,30,-6.681271305358215e-06,-4.181903951188928e-06,3.1711629281321765e-06,2.7940434870842728e-11,-2.1187399876345247e-11,2.7940434870842728e-11,,
CA3 Lucidum ORAX,CA3 Mossy Fiber Associated ORDEN,22,25,-6.383484310843055e-07,-1.121345799803655e-06,4.3567021695592776e-05,7.15809332007639e-13,-2.7810939946397548e-11,2.7810939946397548e-11,,
DG HICAP,DG Hilar Ectopic Granule,7,1,-1.856085653751657e-06,5.796754002924853e-08,1.4674836814139816e-05,-1.075927194315631e-13,-2.7237754081871584e-11,2.7237754081871584e-11,,
CA1 Ivy,CA1 Radiatum Giant,42,34,-4.467639249379704e-07,3.362081942181837e-06,5.955003510819362e-05,-1.502056924452232e-12,-2.6604807415130516e-11,2.6604807415130516e-11,,
CA3 Granule,CA3 Mossy Fiber Associated,16,24,4.034582470473565e-06,-6.485362245087557e-06,2.0977240902131726e-06,-2.616572882870134e-11,8.463440842264173e-12,2.616572882870134e-11,,
CA1 OR LM,CA1 Neurogliaform Projecting,51,45,-5.31260102088838e-06,-7.999620557975286e-07,4.766372684194027e-06,4.249879234301917e-12,-2.5321836387983673e-11,2.5321836387983673e-11,,
DG Hilar Ectopic Granule,DG HICAP,1,7,1.6688888396201858e-06,-1.644896989543556e-07,1.4674836814139816e-05,-2.745150228174082e-13,2.4490671382365382e-11,2.4490671382365382e-11,,
DG Hilar Ectopic Granule,DG Mossy,1,3,9.60873772413027e-07,2.4862491406537136e-05,2.3786417822131776e-06,2.38897159093858e-11,2.285574502494422e-12,2.38897159093858e-11,,
EC LII III Pyramidal Tripolar,DG Neurogliaform,67,13,0.00012491748661712775,-1.9106196795263845e-07,-1.9520883099874252e-10,-2.3866980824765803e-11,-2.438499653383057e-14,2.3866980824765803e-11,,
CA1 Neurogliaform Projecting,CA1 Basket CCK+,45,40,-2.6655218767905434e-06,-8.16356874023588e-06,4.365304098789318e-06,2.1760171069782155e-11,-1.1635813574166353e-11,2.1760171069782155e-11,,
CA3 Mossy Fiber Associated ORDEN,DG MOLAX,25,10,-1.0175180717490886e-06,-2.771586870303251e-06,2.0557292660467952e-05,2.820139727956055e-12,-2.0917416788261043e-11,2.0917416788261043e-11,,
EC LI II Pyramidal Fan,CA1 Neurogliaform Projecting,63,45,0.000455207325528621,-4.341968869876919e-08,2.7566012851525005e-08,-1.9764960367852012e-11,1.2548250985630292e-11,1.9764960367852012e-11,,
MEC LII Stellate,CA1 Neurogliaform Projecting,65,45,5.055996158164944e-05,-3.7625413048755057e-07,5.570136234724375e-08,-1.902339438238747e-11,2.8162587403221787e-12,1.902339438238747e-11,,
CA3 Granule,CA3 Mossy Fiber Associated ORDEN,16,25,4.243221414944818e-06,-2.188446026303472e-06,4.473512752008812e-06,-9.286061044261782e-12,1.8982105109352517e-11,1.8982105109352517e-11,,
CA3 Mossy Fiber Associated,DG HIPP,24,8,-4.103098731189273e-06,-4.503456502377159e-06,7.292905655569454e-07,1.8478126660869806e-11,-2.99235119420501e-12,1.8478126660869806e-11,,
CA3 Granule,CA3 Axo Axonic,16,17,4.742152974683161e-06,-6.621164369104385e-07,3.762052842876838e-06,-3.1398574308814517e-12,1.784023007976364e-11,1.784023007976364e-11,,
CA1 R Receiving Apical Targeting,CA1 Neurogliaform Projecting,55,45,-2.4803810572785457e-06,-1.1557520218958023e-06,6.796235502217384e-06,2.866705422021727e-12,-1.6857253800503942e-11,1.6857253800503942e-11,,
SUB CA1 Projecting Pyramidal,CA1 Radiatum Giant,61,34,4.9344236712216504e-06,-3.0572522162201945e-06,2.792604443912803e-06,-1.508577770461178e-11,1.3779893472402107e-11,1.508577770461178e-11,,
CA1 Back Projection,CA1 Neurogliaform Projecting,37,45,-1.1703712540523978e-05,-5.715555934768476e-07,1.2796587560742923e-06,6.689322366981606e-12,-1.4976758231058007e-11,1.4976758231058007e-11,,
CA3 Trilaminar,CA3 Horizontal Axo Axonic,27,18,-3.659970097142382e-05,-1.2570204143849118e-07,4.063168337637234e-07,4.600657128146304e-12,-1.4871074615408e-11,1.4871074615408e-11,,
CA1 O LMR,CA1 Radiatum Giant,48,34,-6.000882976256775e-07,5.04860181509753e-06,2.2155291258074862e-05,-3.029606868611782e-12,-1.3295131014459199e-11,1.3295131014459199e-11,,
DG Hilar Ectopic Granule,CA3 Lucidum ORAX,1,22,8.813189194066258e-07,-7.08551422362836e-08,1.4408970032357458e-05,-6.244597739008425e-14,1.269889789867973e-11,1.269889789867973e-11,,
CA1 Perforant Path Associated QuadD,CA1 Neurogliaform Projecting,53,45,-9.79162730034731e-07,-2.5584514776234575e-06,1.2807251809494207e-05,2.5051403334911764e-12,-1.2540383646026597e-11,1.2540383646026597e-11,,
CA3 Lucidum ORAX,CA3 Axo Axonic,22,17,-3.4166072479413535e-07,-3.392642434799189e-07,3.663819618083852e-05,1.159132673240831e-13,-1.251783266229501e-11,1.251783266229501e-11,,
CA1 Recurrent O LM,CA1 Oriens Bistratified,47,50,-3.592427736225375e-07,-1.0310366633355147e-06,3.431038119087411e-05,3.703924706431767e-13,-1.2325756503056155e-11,1.2325756503056155e-11,,
CA3 Mossy Fiber Associated ORDEN,DG Total Molecular Layer,25,11,-8.386799113206964e-07,-3.203988043266712e-06,1.4519229573165929e-05,2.687120407999498e-12,-1.2176986170867635e-11,1.2176986170867635e-11,,
CA1 Neurogliaform Projecting,CA1 Basket,45,38,-2.377238812236562e-06,-5.0243093562690346e-06,4.528292750509677e-06,1.1943983206406045e-11,-1.076483327968106e-11,1.1943983206406045e-11,,
CA3 Mossy Fiber Associated ORDEN,DG Mossy,25,3,-7.685203439138221e-07,1.5203170941694271e-05,7.192071181979546e-06,-1.1683946160691507e-11,-5.527253018227609e-12,1.1683946160691507e-11,,
CA3 Mossy Fiber Associated ORDEN,DG Basket,25,6,-5.285747164518722e-07,-4.29901676482795e-06,2.182283457394066e-05,2.2723515674907787e-12,-1.1534998597096796e-11,1.1534998597096796e-11,,
CA3 Spiny Lucidum,DG Axo Axonic,23,5,-5.0457630609188676e-05,-2.1002696532051873e-08,2.2561225757322206e-07,1.0597463034111615e-12,-1.138385995353477e-11,1.138385995353477e-11,,
DG Hilar Ectopic Granule,CA3 Basket CCK+,1,20,5.064411694987767e-08,-0.00021932284986929705,3.6804021263503775e-06,-1.1107412058561141e-11,1.8639071570946697e-13,1.1107412058561141e-11,,
CA1 Radiatum,CA1 Radiatum Giant,56,34,-1.0029006257692147e-07,7.76481514423952e-06,0.00011060263150054722,-7.787337967140089e-13,-1.1092344834362065e-11,1.1092344834362065e-11,,
CA1 Quadrilaminar,CA2 Wide Arbor Basket,54,30,-1.268252413083034e-08,-0.00018553395650877002,0.0008677694104346385,2.3530388805109026e-12,-1.1005506487833721e-11,1.1005506487833721e-11,,
CA3 Mossy Fiber Associated,CA3 Spiny Lucidum,24,23,-6.364552493145346e-06,-1.6355679198664491e-06,3.8045533272115656e-08,1.0409657882094557e-11,-2.4214279364008794e-13,1.0409657882094557e-11,,
CA3 Lucidum ORAX,CA3 O LM,22,26,-3.430146101120322e-07,-1.8008859060580614e-05,2.951930460731314e-05,6.177301769227598e-12,-1.0125552760655834e-11,1.0125552760655834e-11,,
CA1 Neurogliaform Projecting,CA1 Oriens Alveus,45,49,-2.8414549884694553e-06,-2.240654517360753e-07,3.4290187653692554e-06,6.366718955791332e-13,-9.743402476413844e-12,9.743402476413844e-12,,
CA1 Perforant Path Associated,DG MOPP,52,12,-3.9372265781143e-06,-2.4263299781853347e-06,-2.0876532450324598e-07,9.55301087738679e-12,8.219563842228366e-13,9.55301087738679e-12,,
MEC LV Pyramidal,DG MOPP,78,12,7.756643248603527e-05,-1.2227812062404593e-07,-5.228052082107615e-10,-9.484677587904336e-12,-4.055213488602765e-14,9.484677587904336e-12,,
CA1 O LM,CA1 Radiatum Giant,46,34,-3.93603212681005e-07,5.274603171645198e-06,2.277146164868169e-05,-2.076100753976968e-12,-8.962920462363408e-12,8.962920462363408e-12,,
CA3 Mossy Fiber Associated ORDEN,CA3 LMR Targeting,25,21,-1.3215558421518892e-06,-6.565088203833083e-06,2.9508089631738906e-06,8.676130670018063e-12,-3.899658824356614e-12,8.676130670018063e-12,,
CA1 Neurogliaform,CA1 Radiatum Giant,44,34,-7.387909512333644e-07,1.1434791859144808e-05,6.699913980438174e-07,-8.447920754773124e-12,-4.949835822789635e-13,8.447920754773124e-12,,
DG HIPROM,CA3 Lucidum ORAX,9,22,-4.824381266687879e-07,-7.465237499111322e-08,1.71727650125429e-05,3.601515194208854e-14,-8.284796582374503e-12,8.284796582374503e-12,,
DG HIPROM,CA3 Mossy Fiber Associated ORDEN,9,25,-5.782028713815926e-07,-1.230032686636522e-06,1.3962491126498908e-05,7.112084313064518e-13,-8.073152460981677e-12,8.073152460981677e-12,,
CA1 Horizontal Axo Axonic,CA1 Radiatum Giant,36,34,-1.4587040522204927e-07,1.2873813632829397e-05,5.461035728100028e-05,-1.8779084113739664e-12,-7.966034945900399e-12,7.966034945900399e-12,,
CA3 Trilaminar,CA3 LMR Targeting,27,21,-1.6277517905683468e-05,-4.830727687516327e-07,1.0084113521144025e-07,7.86322564310279e-12,-1.6414433840336664e-12,7.86322564310279e-12,,
CA1 Radial Trilaminar,CA1 Radiatum Giant,60,34,-7.405955354964718e-08,4.928576099949931e-06,0.00010317434953181679,-3.6500814559775313e-13,-7.641046264101601e-12,7.641046264101601e-12,,
CA3 Lucidum ORAX,CA3 Mossy Fiber Associated,22,24,-3.679468066657799e-07,-3.323058291740424e-06,2.0429491546357142e-05,1.2227086868101306e-12,-7.516966176287656e-12,7.516966176287656e-12,,
CA3 Spiny Lucidum,DG AIPRIM,23,4,-2.34165197625012e-05,-3.200193036481162e-07,1.716527172600738e-07,7.493738348257986e-12,-4.0195092460075494e-12,7.493738348257986e-12,,
CA3 Mossy Fiber Associated ORDEN,DG HIPROM,25,9,-5.077896678114535e-07,-4.373870845188014e-08,1.3962491126498908e-05,2.221006423528223e-14,-7.090008730945248e-12,7.090008730945248e-12,,
DG MOPP,DG AIPRIM,12,4,-1.1400740943309795e-05,-5.853168318647441e-07,-8.739585993874863e-09,6.6730455698487634e-12,9.963775586794598e-14,6.6730455698487634e-12,,
DG Total Molecular Layer,CA1 Neurogliaform Projecting,11,45,-2.884972344818577e-05,-2.2252325524594063e-07,7.92418648041762e-08,6.41973437463544e-12,-2.2861058851190086e-12,6.41973437463544e-12,,
DG HIPROM,DG Basket,9,6,-7.452792630612603e-07,-7.407162302736683e-06,8.601882696144689e-06,5.520404462358743e-12,-6.410804796722121e-12,6.410804796722121e-12,,
DG HIPROM,CA3 O LM,9,26,-3.240474198373955e-07,-1.9754374874747036e-05,9.460436187716782e-06,6.40135420866245e-12,-3.0656299371659496e-12,6.40135420866245e-12,,
DG Hilar Ectopic Granule,DG MOLAX,1,10,9.333449618001033e-07,-4.532512000927776e-06,6.798936497443641e-06,-4.230397240364445e-12,6.345753125487863e-12,6.345753125487863e-12,,
CA3 Granule,CA3 Spiny Lucidum,16,23,1.5579024378703702e-06,-4.052677692294068e-06,1.0246419080556338e-08,-6.313676456727794e-12,1.5962921265040196e-14,6.313676456727794e-12,,
DG MOLAX,CA1 Neurogliaform Projecting,10,45,-2.59273704758514e-05,-2.38031858162044e-07,1.1219591215441337e-07,6.1715401716226275e-12,-2.9089449803035545e-12,6.1715401716226275e-12,,
DG HIPROM,DG MOLAX,9,10,-7.428582935471436e-07,-4.775416079423407e-06,8.103045432366587e-06,3.547457439738063e-12,-6.0194145024228196e-12,6.0194145024228196e-12,,
CA3 Spiny Lucidum,DG Basket,23,6,-1.6208983858237174e-05,-3.6292176947221725e-07,4.998441291350758e-08,5.8825931031780425e-12,-8.101965420785061e-13,5.8825931031780425e-12,,
EC LI II Pyramidal Fan,DG Neurogliaform,63,13,0.0003031797669246002,-1.890631898981205e-08,-4.270920668407125e-10,-5.73201338473336e-12,-1.29485673280113e-13,5.73201338473336e-12,,
DG Hilar Ectopic Granule,DG Basket,1,6,7.598706733399239e-07,-7.030393053002309e-06,7.217490596306112e-06,-5.342189503029188e-12,5.484359439239694e-12,5.484359439239694e-12,,
MEC LII Stellate,DG Neurogliaform,65,13,3.345019811858646e-05,-1.6383306341930648e-07,-8.630051106361466e-10,-5.480248429750741e-12,-2.886769192813173e-14,5.480248429750741e-12,,
CA3 Mossy Fiber Associated ORDEN,DG Hilar Ectopic Granule,25,1,-4.565921416792907e-07,1.127973768561037e-08,1.1715359528406468e-05,-5.150239587453444e-15,-5.349141097617994e-12,5.349141097617994e-12,,
DG HIPP,CA1 Neurogliaform Projecting,8,45,-7.43924273203428e-05,-6.822949706102492e-08,8.48813003972062e-09,5.075757901215839e-12,-6.314525970655347e-13,5.075757901215839e-12,,
CA3 Trilaminar,CA3 Trilaminar,27,27,-6.5385261551314e-06,-7.609181626632494e-07,4.136888532356776e-08,4.975283308488185e-12,-2.704915386967793e-13,4.975283308488185e-12,,
DG HIPROM,DG Mossy,9,3,-1.876855856661618e-07,2.619490940410101e-05,2.8348907856171043e-06,-4.916406912980748e-12,-5.320681373981518e-13,4.916406912980748e-12,,
CA2 Bistratified,CA1 Oriens Bistratified,31,50,-5.0999230066827974e-08,-1.4695925260097026e-06,9.49272966826476e-05,7.49480873384597e-14,-4.841219043140381e-12,4.841219043140381e-12,,
CA1 Neurogliaform,CA1 Neurogliaform Projecting,44,45,-1.3167682381828871e-05,-3.6286937892018614e-07,1.1144299013538981e-08,4.77814872771252e-12,-1.4674458977841012e-13,4.77814872771252e-12,,
DG Hilar Ectopic Granule,DG Total Molecular Layer,1,11,8.921050444238286e-07,-5.2396388554642535e-06,4.8019611088960295e-06,-4.674308253918756e-12,4.2838537283731895e-12,4.674308253918756e-12,,
CA1 Recurrent O LM,CA1 Radiatum Giant,47,34,-1.4749631137691283e-07,8.040504491387656e-06,3.167531848797811e-05,-1.1859447540891799e-12,-4.671992638665702e-12,4.671992638665702e-12,,
CA1 LMR,CA1 Neurogliaform Projecting,43,45,-1.0883596494912688e-06,-7.782336412018738e-07,4.2762897872977e-06,8.469980929607852e-13,-4.654141254026417e-12,4.654141254026417e-12,,
CA3 Spiny Lucidum,CA3 Lucidum ORAX,23,22,-4.6466800138174533e-05,-3.6576722528502474e-09,9.978868668347419e-08,1.6996032554413904e-13,-4.636860960171914e-12,4.636860960171914e-12,,
CA1 Neurogliaform Projecting,CA1 Radial Trilaminar,45,60,-2.5849428792950646e-06,-1.1415812215817942e-07,1.7161500954595163e-06,2.95092224986482e-13,-4.436149969059622e-12,4.436149969059622e-12,,
CA3 Spiny Lucidum,DG Semilunar Granule,23,2,-9.499442192260131e-07,4.515246652560508e-06,1.4598141219765848e-08,-4.289232455979461e-12,-1.3867419863161546e-14,4.289232455979461e-12,,
DG MOLAX,DG MOPP,10,12,-1.4852315342946862e-05,-2.853209034710157e-07,-2.397339443827439e-09,4.237676032286027e-12,3.560604140380997e-14,4.237676032286027e-12,,
CA1 Neurogliaform Projecting,DG AIPRIM,45,4,-2.567175950451065e-06,-1.5998445805072248e-06,4.090141781796443e-07,4.10708253153762e-12,-1.0500113616162897e-12,4.10708253153762e-12,,
DG Hilar Ectopic Granule,CA3 Axo Axonic,1,17,4.103584578115338e-07,-3.532180811667534e-07,9.852168544590524e-06,-1.4494602705873807e-13,4.042920690057471e-12,4.042920690057471e-12,,
MEC LV Pyramidal,CA1 Neurogliaform Projecting,78,45,3.9189540537443846e-05,-1.0201176258248089e-07,2.4467376685146013e-08,-3.997794105022232e-12,9.58865250447438e-13,3.997794105022232e-12,,
DG Total Molecular Layer,DG MOPP,11,12,-1.4635014602355886e-05,-2.6673125488463407e-07,-1.6931958076693635e-09,3.9036158101413295e-12,2.47799453698889e-14,3.9036158101413295e-12,,
DG HIPROM,CA3 Axo Axonic,9,17,-3.265223938963146e-07,-3.7214756497093143e-07,1.1741920130327232e-05,1.215145137969928e-13,-3.833999869893774e-12,3.833999869893774e-12,,
CA3 Mossy Fiber Associated ORDEN,CA3 Spiny Lucidum,25,23,-2.8470788119708757e-06,-1.3220264862171758e-06,8.113420589668174e-08,3.763913597773228e-12,-2.309954785345251e-13,3.763913597773228e-12,,
CA3 Lucidum ORAX,CA2 Wide Arbor Basket,22,30,-3.127316709809088e-08,-8.927044360765776e-05,0.00011412984850203437,2.7917694998629797e-12,-3.5692018230839177e-12,3.5692018230839177e-12,,
DG HIPP,DG MOPP,8,12,-4.353386230315392e-05,-8.17844379955727e-08,-1.8136961104744098e-10,3.5603924622400918e-12,7.89571967331588e-15,3.5603924622400918e-12,,
CA1 Neurogliaform Projecting,CA1 Quadrilaminar,45,54,-1.8256684040623203e-06,-9.375703239217537e-09,1.8078986608151594e-06,1.7116925169704206e-14,-3.300623462796818e-12,3.300623462796818e-12,,
DG HIPROM,DG Total Molecular Layer,9,11,-5.756327740436986e-07,-5.5204389167935825e-06,5.72302874787433e-06,3.1777455676126803e-12,-3.294362914070735e-12,3.294362914070735e-12,,
DG MOPP,DG Basket,12,6,-4.8837451844740606e-06,-6.637856463677597e-07,-2.544923738952997e-09,3.2417599539715483e-12,1.242875905496542e-14,3.2417599539715483e-12,,
DG Hilar Ectopic Granule,DG HIPROM,1,9,6.982398583683146e-07,-7.152805603438903e-08,4.617830376941547e-06,-4.994373971481267e-14,3.2243532283645664e-12,3.2243532283645664e-12,,
CA1 Quadrilaminar,CA1 Neurogliaform,54,44,-1.669639355322279e-07,-2.898118875210609e-06,1.9095193087396518e-05,4.838813330453969e-13,-3.188208587619516e-12,3.188208587619516e-12,,
CA1 Neurogliaform Projecting,CA1 Axo Axonic,45,35,-1.4202321177044651e-06,-1.8635017700758876e-07,1.941846957932381e-06,2.646605065260897e-13,-2.757873417322279e-12,2.757873417322279e-12,,
DG HIPROM,CA2 Wide Arbor Basket,9,30,-2.7764694781538036e-08,-9.792301679570039e-05,3.6576679675570325e-05,2.718802673420044e-12,-1.0155403473142957e-12,2.718802673420044e-12,,
DG Hilar Ectopic Granule,CA3 Mossy Fiber Associated ORDEN,1,25,2.2874660143804845e-07,-1.167466419886626e-06,1.1715359528406468e-05,-2.6705397584211134e-13,2.6798486767478377e-12,2.6798486767478377e-12,,
DG HIPROM,DG HIPROM,9,9,-4.681520417312769e-07,-7.536135124332849e-08,5.503579766833974e-06,3.5280570452192136e-14,-2.57651210467427e-12,2.57651210467427e-12,,
DG MOPP,DG Semilunar Granule,12,2,-3.106033373564693e-07,8.258407651154091e-06,-7.432548262406578e-10,-2.565088977698661e-12,2.30857429536651e-16,2.565088977698661e-12,,
CA1 O LM,CA1 Neurogliaform Projecting,46,45,-6.076699306048407e-06,-1.6738319337353306e-07,3.787690085711331e-07,1.0171373350171145e-12,-2.3016653715368476e-12,2.3016653715368476e-12,,
CA3 Spiny Lucidum,DG HICAP,23,7,-2.2345776357797003e-05,-8.49125961442137e-09,1.0162993535893435e-07,1.8974378833985353e-13,-2.270999806788113e-12,2.270999806788113e-12,,
DG MOPP,DG MOLAX,12,10,-5.278740181838243e-06,-4.279442679126811e-07,-2.397339443827439e-09,2.25900660261802e-12,1.2654932051637649e-14,2.25900660261802e-12,,
CA1 Neurogliaform Projecting,DG Axo Axonic,45,5,-4.181613209723106e-06,-1.0499694812094148e-07,5.375889970838787e-07,4.3905662524314053e-13,-2.2479892516077434e-12,2.2479892516077434e-12,,
CA3 Spiny Lucidum,DG MOLAX,23,10,-9.445610022824396e-06,-2.3397657330528604e-07,4.7085734955424726e-08,2.210051465918517e-12,-4.447534900270128e-13,2.210051465918517e-12,,
CA3 Spiny Lucidum,CA3 Mossy Fiber Associated,23,24,-1.201627389255412e-05,-1.7859784330469483e-07,3.8045533272115656e-08,2.146080601768676e-12,-4.571655481860225e-13,2.146080601768676e-12,,
DG Hilar Ectopic Granule,DG Hilar Ectopic Granule,1,1,5.485804660369539e-07,1.844630849393237e-08,3.874634018881731e-06,1.0119284510262842e-14,2.125548535800776e-12,2.125548535800776e-12,,
DG HIPROM,CA3 Mossy Fiber Associated,9,24,-3.232723967152735e-07,-3.6451470359588914e-06,6.5473053546772856e-06,1.178375418694006e-12,-2.1165630940332698e-12,2.1165630940332698e-12,,
CA3 Mossy Fiber Associated,CA3 Granule,24,16,-1.0010620068694773e-06,7.651554295013592e-07,2.0977240902131726e-06,-7.659680298237075e-13,-2.0999518876072467e-12,2.0999518876072467e-12,,
CA1 Oriens Bistratified,CA1 Oriens Bistratified,50,50,-4.561736037061341e-07,-1.3345618706887362e-07,4.474503293016959e-06,6.087918979208804e-14,-2.0411502919705103e-12,2.0411502919705103e-12,,
CA1 Neurogliaform Projecting,DG Semilunar Granule,45,2,-8.878026686194527e-08,2.257267859908625e-05,3.478445799903297e-08,-2.0040084298157982e-12,-3.0881734638022737e-15,2.0040084298157982e-12,,
DG MOPP,DG Total Molecular Layer,12,11,-4.003751354584451e-06,-4.947087649562779e-07,-1.6931958076693635e-09,1.9806908878184983e-12,6.779135008532928e-15,1.9806908878184983e-12,,
CA1 Neurogliaform Projecting,DG Basket,45,6,-1.037232757608216e-06,-1.8143231343214534e-06,1.1910288340285791e-07,1.881875387804623e-12,-1.2353741219103612e-13,1.881875387804623e-12,,
CA1 Perforant Path Associated,DG Neurogliaform,52,13,-2.1230827875644886e-06,-8.813971383039391e-07,-1.5137474269079733e-07,1.87127909334169e-12,3.213811106788352e-13,1.87127909334169e-12,,
CA1 Neurogliaform Projecting,DG MOLAX,45,10,-1.597565941728603e-06,-1.1696986666145343e-06,1.1219591215441337e-07,1.86867075186874e-12,-1.7924036805906502e-13,1.86867075186874e-12,,
DG Hilar Ectopic Granule,DG HIPP,1,8,3.1141021306836894e-07,-5.95289211957856e-06,5.143704081007747e-07,-1.853791403330974e-12,1.6018019838272614e-13,1.853791403330974e-12,,
CA3 Lucidum ORAX,CA3 Horizontal Axo Axonic,22,18,-1.2597141377791977e-07,-2.683341638779625e-06,1.4623303731856434e-05,3.3802433988622945e-13,-1.842118245205885e-12,1.842118245205885e-12,,
CA1 Quadrilaminar,CA1 Oriens Bistratified,54,50,-1.4240818106626607e-08,-1.247583598106131e-06,0.00011773215854086626,1.7766611093440162e-14,-1.6766022550810026e-12,1.6766022550810026e-12,,
CA3 Spiny Lucidum,DG Total Molecular Layer,23,11,-6.1426951607610454e-06,-2.704797570327033e-07,3.3255769946483475e-08,1.66147469460861e-12,-2.0428005711764665e-13,1.66147469460861e-12,,
CA3 Spiny Lucidum,CA3 LMR Targeting,23,21,-2.9270822932424826e-06,-5.542228742091534e-07,6.758721152580736e-09,1.6222559616075687e-12,-1.9783333010682494e-14,1.6222559616075687e-12,,
CA3 Trilaminar,CA1 Oriens Bistratified,27,50,-3.69182087762891e-06,-2.8120322966927685e-08,4.3023855430301096e-07,1.0381519541497135e-13,-1.5883636771367354e-12,1.5883636771367354e-12,,
DG HIPROM,DG Semilunar Granule,9,2,-1.6912919034207136e-08,9.215530068929779e-05,2.5122131287501117e-06,-1.5586151391311066e-12,-4.2488857243222826e-14,1.5586151391311066e-12,,
CA3 Trilaminar,CA3 Spiny Lucidum,27,23,-1.4684241943998297e-05,-9.72774432317681e-08,2.77268556833307e-09,1.4284455121088424e-12,-4.071478572003522e-14,1.4284455121088424e-12,,
CA3 Trilaminar,CA3 Granule,27,16,-8.85244444217409e-06,4.550857408775499e-08,1.528781123838679e-07,-4.0286212375441446e-13,-1.3533449963026372e-12,1.3533449963026372e-12,,
SUB CA1 Projecting Pyramidal,CA1 Neurogliaform Projecting,61,45,1.3611007902254338e-05,9.701822530464088e-08,4.6450773906005685e-08,1.3205158312841589e-12,6.32241850700473e-13,1.3205158312841589e-12,,
CA1 Recurrent O LM,CA1 Neurogliaform Projecting,47,45,-2.469676993497973e-06,-2.5515574808311495e-07,5.268712726906106e-07,6.301522807996335e-13,-1.3012018606989978e-12,1.3012018606989978e-12,,
CA3 Spiny Lucidum,CA3 Mossy Fiber Associated ORDEN,23,25,-1.497770947204686e-05,-6.026675545881597e-08,8.113420589668174e-08,9.026579540850398e-13,-1.2152045641657302e-12,1.2152045641657302e-12,,
DG HIPROM,DG Hilar Ectopic Granule,9,1,-2.6198595538234895e-07,1.9434873679297042e-08,4.617830376941547e-06,-5.0916639486059026e-15,-1.2098067030966637e-12,1.2098067030966637e-12,,
CA1 O LMR,CA1 Neurogliaform Projecting,48,45,-3.202928116485124e-06,-1.602113119002392e-07,3.685199410513699e-07,5.131453154642439e-13,-1.1803428806788732e-12,1.1803428806788732e-12,,
CA1 Neurogliaform Projecting,DG Total Molecular Layer,45,11,-8.713068316559271e-07,-1.3521858478308971e-06,7.92418648041762e-08,1.1781687668835226e-12,-6.904397815703409e-14,1.1781687668835226e-12,,
MEC LV Pyramidal,DG Neurogliaform,78,13,2.5936904864231904e-05,-4.44191789922259e-08,-3.790835669602892e-10,-1.1520960196686516e-12,-9.832254411842707e-15,1.1520960196686516e-12,,
DG Neurogliaform,SUB CA1 Projecting Pyramidal,13,61,-3.646748748930163e-06,2.8731215162124405e-07,-7.196817741006418e-10,-1.047755229477205e-12,2.6244986093293556e-15,1.047755229477205e-12,,
CA1 Neurogliaform Projecting,CA1 Neurogliaform,45,44,-2.6900890906974684e-06,-3.746626076851929e-07,1.1144299013538981e-08,1.007875793626203e-12,-2.9979157199791775e-14,1.007875793626203e-12,,
DG MOLAX,DG Neurogliaform,10,13,-9.468898225466003e-06,-1.0364667216687967e-07,-1.7382994149789243e-09,9.814197901564234e-13,1.6459780245822527e-14,9.814197901564234e-13,,
DG Total Molecular Layer,DG Neurogliaform,11,13,-9.92751135306214e-06,-9.689373121761646e-08,-1.2277282174181255e-09,9.619136167034388e-13,1.2188285816893184e-14,9.619136167034388e-13,,
DG HIPP,DG Neurogliaform,8,13,-2.748569399671374e-05,-2.9709301807747584e-08,-1.3151024131792296e-10,8.165807783437644e-13,3.614650250298411e-15,8.165807783437644e-13,,
CA1 Neurogliaform Projecting,CA1 Schaffer Collateral Associated,45,57,-5.978322535564976e-07,-1.1917330194425813e-06,1.1349219092571502e-06,7.124564366510477e-13,-6.78492922621845e-13,7.124564366510477e-13,,
CA2 Bistratified,CA1 Radiatum Giant,31,34,-7.998852291104796e-09,1.1460567529833374e-05,8.763680994676371e-05,-9.167138684336891e-14,-7.009938980277865e-13,7.009938980277865e-13,,
CA3 Mossy Fiber Associated ORDEN,DG HIPP,25,8,-1.892040819719286e-07,-3.640135455919013e-06,1.5552525044450324e-06,6.887284871906246e-13,-2.9426012233806516e-13,6.887284871906246e-13,,
DG HIPROM,CA3 LMR Targeting,9,21,-5.699786239089072e-08,-1.1311580418905356e-05,1.1631171227528897e-06,6.447359041402614e-13,-6.629518970715796e-14,6.447359041402614e-13,,
CA3 Lucidum ORAX,CA3 LMR Targeting,22,21,-6.19111606445705e-08,-1.0312078150187404e-05,3.629262748487559e-06,6.384327269356178e-13,-2.2469186904296875e-13,6.384327269356178e-13,,
DG Hilar Ectopic Granule,CA3 Mossy Fiber Associated,1,24,1.1446234695050041e-07,-3.459734693447874e-06,5.493578150014463e-06,-3.960093528381137e-13,6.288078482066436e-13,6.288078482066436e-13,,
CA1 Neurogliaform Projecting,DG HICAP,45,7,-2.4226703640255403e-06,-4.2449613260671384e-08,2.42163859406341e-07,1.0284142001097414e-13,-5.866832054217899e-13,5.866832054217899e-13,,
CA3 Spiny Lucidum,CA3 Axo Axonic,23,17,-8.377073456013971e-06,-1.823376446525646e-08,6.82307588843026e-08,1.527455843051107e-13,-5.715740791333807e-13,5.715740791333807e-13,,
DG MOPP,DG Axo Axonic,12,5,-1.4130134945716136e-05,-3.8414032074373006e-08,-1.1486900748247273e-08,5.427954570199585e-13,1.6231145768078164e-13,5.427954570199585e-13,,
DG HIPROM,CA3 Horizontal Axo Axonic,9,18,-1.1110516428247022e-07,-2.9434255924351582e-06,4.68652069041475e-06,3.2702978400073546e-13,-5.206966512217266e-13,5.206966512217266e-13,,
DG Neurogliaform,DG AIPRIM,13,4,-2.454685134991958e-06,-1.8630570047488232e-07,-6.33703218767221e-09,4.573218335199577e-13,1.5555418711044542e-14,4.573218335199577e-13,,
DG HIPROM,CA3 Trilaminar,9,27,-2.1435677279773123e-08,-1.781757852220471e-05,4.771550693886239e-07,3.8193186310899707e-13,-1.0228142079822294e-14,3.8193186310899707e-13,,
CA3 Lucidum ORAX,CA3 Trilaminar,22,27,-2.282299190870951e-08,-1.624319992111731e-05,1.4888622002962658e-06,3.7071842037121135e-13,-3.398028995054511e-14,3.7071842037121135e-13,,
DG Neurogliaform,DG Semilunar Granule,13,2,-1.2485341932663845e-07,2.628642025129614e-06,-5.389305352485561e-10,-3.2819494502313175e-13,6.728732010531768e-17,3.2819494502313175e-13,,
DG HIPROM,DG HIPP,9,8,-5.048611213204289e-08,-6.2719164871685725e-06,6.130321687035391e-07,3.166446790540011e-13,-3.094961080971631e-14,3.166446790540011e-13,,
DG Hilar Ectopic Granule,CA3 LMR Targeting,1,21,2.8130479205076598e-08,-1.0736210865282046e-05,9.759243635854387e-07,-3.02014756487134e-13,2.7453220015567794e-14,3.02014756487134e-13,,
DG Neurogliaform,DG MOLAX,13,10,-1.876864498885108e-06,-1.362141873550401e-07,-1.7382994149789243e-09,2.5565557249115955e-13,3.2625524604066954e-15,2.5565557249115955e-13,,
DG Hilar Ectopic Granule,CA3 Spiny Lucidum,1,23,1.1177628550311515e-07,-2.1619747800537483e-06,2.683360706941941e-08,-2.4165751026582235e-13,2.999360924869833e-15,2.4165751026582235e-13,,
DG HIPROM,CA3 Spiny Lucidum,9,23,-1.0255166365884299e-07,-2.277838233161485e-06,3.198058068045385e-08,2.335961003564298e-13,-3.2796617535563954e-15,2.335961003564298e-13,,
DG Neurogliaform,DG Basket,13,6,-1.041734048392848e-06,-2.1128223737856762e-07,-1.8453120846020672e-09,2.2009990049787396e-13,1.922324428440757e-15,2.2009990049787396e-13,,
CA3 Lucidum ORAX,CA3 Spiny Lucidum,22,23,-7.976177965609972e-08,-2.0765662271726246e-06,9.978868668347419e-08,1.656306178530412e-13,-7.95932323941884e-15,1.656306178530412e-13,,
DG MOPP,DG HICAP,12,7,-1.0400885651053922e-05,-1.553055431155839e-08,-5.174421784862391e-09,1.615315194920013e-13,5.3818569294676066e-14,1.615315194920013e-13,,
CA3 Spiny Lucidum,DG Hilar Ectopic Granule,23,1,-5.32008521934181e-06,9.522322391334055e-10,2.683360706941941e-08,-5.065956660794386e-15,-1.427570763516441e-13,1.427570763516441e-13,,
CA3 Trilaminar,CA1 Radiatum Giant,27,34,-3.417045826829392e-07,2.192953860470786e-07,3.9719591448257954e-07,-7.493423837351104e-14,-1.3572366420163825e-13,1.3572366420163825e-13,,
CA3 Lucidum ORAX,CA3 Granule,22,16,-2.2136734588984902e-08,9.714643483408666e-07,5.502068547428663e-06,-2.1505048441882938e-14,-1.2179783112483e-13,1.2179783112483e-13,,
DG Neurogliaform,DG Total Molecular Layer,13,11,-6.948058076155644e-07,-1.5746525295131335e-07,-1.2277282174181255e-09,1.094077722482264e-13,8.530326956356179e-16,1.094077722482264e-13,,
CA3 Spiny Lucidum,CA3 Granule,23,16,-1.98641076095439e-06,5.2211373448465644e-08,1.0246419080556338e-08,-1.0371323406224047e-13,-2.0353597122865495e-14,1.0371323406224047e-13,,
CA3 Spiny Lucidum,CA3 Spiny Lucidum,23,23,-8.822560532060125e-07,-1.1160509900599954e-07,1.8583496269508538e-10,9.846427416669943e-14,-1.639540207350526e-16,9.846427416669943e-14,,
CA1 Quadrilaminar,CA1 Neurogliaform Projecting,54,45,-5.1841408656043705e-08,-3.087456902271236e-07,1.8078986608151594e-06,1.6005811497856595e-14,-9.372401328403282e-14,9.372401328403282e-14,,
DG Neurogliaform,DG Axo Axonic,13,5,-6.3660110471094905e-06,-1.2227143939941325e-08,-8.32909703380181e-09,7.783813339626433e-14,5.302312372962921e-14,7.783813339626433e-14,,
CA1 Neurogliaform Projecting,CA1 Radiatum Giant,45,34,-5.269246038112716e-08,1.2577751281379444e-06,6.343358486804608e-08,-6.627526610777577e-14,-3.3424716574923857e-15,6.627526610777577e-14,,
CA1 Neurogliaform Projecting,DG Hilar Ectopic Granule,45,1,-5.979502142589733e-07,4.760411543289119e-09,6.393913197695077e-08,-2.8464891022706186e-15,-3.823241766515048e-14,3.823241766515048e-14,,
CA1 Neurogliaform Projecting,CA1 Neurogliaform Projecting,45,45,-9.444696000956488e-07,-3.991398227364041e-08,1.055122258784544e-09,3.769754287620997e-14,-9.96530897806256e-16,3.769754287620997e-14,,
DG MOPP,CA1 Neurogliaform Projecting,12,45,-2.51551733761636e-06,-1.4602872014046401e-08,-2.2545261769993904e-11,3.6733777730326454e-14,5.671299686351897e-17,3.6733777730326454e-14,,
CA3 Spiny Lucidum,DG MOPP,23,12,-2.220543130044988e-06,-9.57022052310424e-09,-9.46166575785395e-12,2.1251087435594673e-14,2.1010036897384496e-17,2.1251087435594673e-14,,
CA3 Spiny Lucidum,DG HIPROM,23,9,-6.476069748379128e-07,-3.6924092959244462e-09,3.198058068045385e-08,2.391230013997018e-15,-2.0710847108028518e-14,2.0710847108028518e-14,,
DG MOPP,DG MOPP,12,12,-1.1586013183867122e-06,-1.7503978956812224e-08,4.817345327005761e-13,2.028013309637591e-14,-5.581382646992942e-19,2.028013309637591e-14,,
CA3 Spiny Lucidum,CA1 Neurogliaform Projecting,23,45,-2.361203771949848e-06,-7.984053556617321e-09,4.42807639500472e-10,1.885197737333442e-14,-1.045559068636723e-15,1.885197737333442e-14,,
DG HIPROM,CA3 Granule,9,16,-7.985993815659066e-09,1.0656239159860804e-06,1.7633196000320764e-06,-8.510066002883235e-15,-1.408185942088658e-14,1.408185942088658e-14,,
DG Neurogliaform,DG HICAP,13,7,-2.326810535524775e-06,-4.943358267282339e-09,-3.751948596449128e-09,1.1502258097186044e-14,8.730073522965224e-15,1.1502258097186044e-14,,
CA1 Neurogliaform Projecting,DG MOPP,45,12,-2.100244844758829e-07,-4.784356838355824e-08,-2.2545261769993904e-11,1.004832078524347e-14,4.7350569806168006e-18,1.004832078524347e-14,,
DG HIPROM,CA1 Neurogliaform Projecting,9,45,-4.8759686774459046e-08,-1.6295297086644966e-07,7.620334320082537e-08,7.945535818415635e-15,-3.715651145638848e-15,7.945535818415635e-15,,
DG HIPROM,DG MOPP,9,12,-2.9194538821277073e-08,-1.9532632829026634e-07,-1.628270379008385e-09,5.7024620740876914e-15,4.753660279149583e-17,5.7024620740876914e-15,,
DG MOPP,DG Neurogliaform,12,13,-8.465595705933189e-07,-6.358556791605615e-09,3.4930341571972777e-13,5.382897107094881e-15,-2.957061496184723e-19,5.382897107094881e-15,,
DG MOPP,DG Hilar Ectopic Granule,12,1,-2.005491097064692e-06,1.74163730454801e-09,-1.366215579062011e-09,-3.492838108586782e-15,2.739933180479946e-15,3.492838108586782e-15,,
CA3 Spiny Lucidum,DG Neurogliaform,23,13,-9.86699679502259e-07,-3.476511875070846e-09,-6.860608786107101e-12,3.4302731529182014e-15,6.769360490442259e-18,3.4302731529182014e-15,,
CA1 Neurogliaform Projecting,DG Neurogliaform,45,13,-1.4804367686153237e-07,-1.737982246382481e-08,-1.6347461952554454e-11,2.5729728207452814e-15,2.4201383748101664e-18,2.5729728207452814e-15,,
DG Neurogliaform,CA1 Neurogliaform Projecting,13,45,-4.375839018666606e-07,-4.648078017600305e-09,-1.6347461952554454e-11,2.033924115122194e-15,7.153386186815556e-18,2.033924115122194e-15,,
DG HIPROM,DG Neurogliaform,9,13,-1.8107139169208492e-08,-7.095492712793168e-08,-1.180651098260377e-09,1.2847907402465058e-15,2.1378213746479495e-17,1.2847907402465058e-15,,
DG Neurogliaform,DG Hilar Ectopic Granule,13,1,-8.387541408647003e-07,5.543612285388431e-10,-9.906364106815786e-10,-4.649727759717971e-16,8.309003915505178e-16,8.309003915505178e-16,,
DG Neurogliaform,DG MOPP,13,12,-1.0419074171434673e-07,-5.571497150111138e-09,3.4930341571972777e-13,5.804984205294485e-16,-3.6394181967193236e-20,5.804984205294485e-16,,
DG Neurogliaform,DG Neurogliaform,13,13,-4.6234060751370325e-08,-2.0239215969499947e-09,2.5327824341234537e-13,9.35741140693965e-17,-1.1710081692926736e-20,9.35741140693965e-17,,
