target,source,weight,absolute_weight,weight_share,cumulative_weight_share
CA3 Pyramidal,CA1 Trilaminar,1227402.8954207087,1227402.8954207087,0.09994803313101948,0.09994803313101948
CA3c Pyramidal,CA1 Perforant Path Associated QuadD,946052.1472884584,946052.1472884584,0.07703750065576358,0.17698553378678306
CA3c Pyramidal,CA1 Perforant Path Associated,773727.8935474688,773727.8935474688,0.06300505027908505,0.2399905840658681
CA3c Pyramidal,CA1 R Receiving Apical Targeting,524858.3738225021,524858.3738225021,0.042739480517457615,0.2827300645833257
EC LI II Multipolar Pyramidal,MEC LIII Superficial Multipolar Interneuron,408147.1428877316,408147.1428877316,0.03323562646940915,0.31596569105273486
CA3c Pyramidal,CA1 OR LM,357152.3477045786,357152.3477045786,0.029083094731468022,0.3450487857842029
CA3c Pyramidal,CA1 Basket,352530.5947364821,352530.5947364821,0.028706743070165835,0.37375552885436875
CA3c Pyramidal,CA1 Basket CCK+,349003.96758023935,349003.96758023935,0.028419568052762863,0.4021750969071316
CA3c Pyramidal,CA1 LMR,343043.32011398184,343043.32011398184,0.02793418954122234,0.43010928644835394
CA3c Pyramidal,CA1 Oriens Alveus,271000.24328017404,271000.24328017404,0.022067685675938628,0.4521769721242926
DG Granule,DG AIPRIM,224249.4636796229,224249.4636796229,0.01826074625462069,0.4704377183789133
CA3 Pyramidal,CA1 Perforant Path Associated QuadD,197790.77628398308,197790.77628398308,0.016106202074963806,0.4865439204538771
CA3c Pyramidal,CA1 Bistratified,194432.8625157873,194432.8625157873,0.015832765473333742,0.5023766859272109
DG Granule,DG Axo Axonic,191791.9711217032,191791.9711217032,0.015617716363105867,0.5179944022903167
CA3 Pyramidal,CA1 SO SO,180218.2123930897,180218.2123930897,0.014675259387345362,0.532669661677662
CA3c Pyramidal,CA1 Trilaminar,165876.86538895397,165876.86538895397,0.013507436310782153,0.5461770979884442
CA3 Pyramidal,CA1 Back Projection,163494.90567997436,163494.90567997436,0.013313472137487412,0.5594905701259316
CA3c Pyramidal,CA1 Axo Axonic,152496.3150045439,152496.3150045439,0.012417851384657388,0.571908421510589
CA3c Pyramidal,CA1 Radiatum,146319.88611931622,146319.88611931622,0.011914901683988378,0.5838233231945773
CA3c Pyramidal,CA1 Quadrilaminar,142847.75302391537,142847.75302391537,0.01163216414528029,0.5954554873398576
CA3c Pyramidal,CA1 Radial Trilaminar,138230.2899926536,138230.2899926536,0.01125616181568531,0.606711649155543
CA3 Pyramidal,CA1 Horizontal Basket,119229.35749758656,119229.35749758656,0.009708906356518188,0.6164205555120612
CA3 Pyramidal,CA1 Horizontal Axo Axonic,111831.8672633914,111831.8672633914,0.00910652501802517,0.6255270805300864
CA3c Pyramidal,CA2 Basket,98675.24876975412,98675.24876975412,0.00803517497803401,0.6335622555081204
CA3c Pyramidal,CA2 Bistratified,96089.30935858694,96089.30935858694,0.007824600635325167,0.6413868561434456
CA3c Pyramidal,CA1 Schaffer Collateral Associated,91022.66866449673,91022.66866449673,0.007412021543451407,0.648798877686897
CA2 Pyramidal,CA1 Trilaminar,90298.35835968416,90298.35835968416,0.007353040592198452,0.6561519182790955
DG Granule,DG HICAP,89841.7418227616,89841.7418227616,0.007315858078672716,0.6634677763577682
CA3c Pyramidal,CA1 Pyramidal,85609.60976338176,85609.60976338176,0.006971233443303284,0.6704390098010715
CA3c Pyramidal,CA1 Ivy,80694.1232836584,80694.1232836584,0.006570962914886394,0.6770099727159579
CA1 Pyramidal,CA1 Trilaminar,80625.28866776635,80625.28866776635,0.006565357677604155,0.683575330393562
CA2 Pyramidal,CA1 Perforant Path Associated QuadD,73540.69975173479,73540.69975173479,0.005988456050321886,0.6895637864438838
CA2 Pyramidal,CA1 R Receiving Apical Targeting,70362.44992308263,70362.44992308263,0.005729649573363153,0.695293436017247
CA3 Pyramidal,CA1 Recurrent O LM,67658.65296874168,67658.65296874168,0.005509478031825937,0.7008029140490729
EC LI II Pyramidal Fan,DG Axo Axonic,63993.64273510148,63993.64273510148,0.005211034411052305,0.7060139484601252
CA3 Pyramidal,CA1 OR LM,63521.42074551523,63521.42074551523,0.00517258113769239,0.7111865295978176
CA2 Pyramidal,CA1 Perforant Path Associated,58899.24733616609,58899.24733616609,0.004796195239648215,0.7159827248374658
EC LIII Pyramidal Stellate,CA1 Perforant Path Associated,58070.33631096913,58070.33631096913,0.0047286965992929175,0.7207114214367587
CA3 Pyramidal,CA1 R Receiving Apical Targeting,55104.54984588407,55104.54984588407,0.004487191120547695,0.7251986125573064
CA3 Pyramidal,CA1 O LM,48182.27438852156,48182.27438852156,0.003923506759580497,0.729122119316887
DG Granule,DG MOLAX,46662.119453326166,46662.119453326166,0.0037997197810797543,0.7329218390979667
EC LIII Pyramidal Stellate,CA1 Perforant Path Associated QuadD,46367.99299902773,46367.99299902773,0.0037757689164463018,0.736697608014413
DG Granule,CA2 Basket,45861.22691942544,45861.22691942544,0.003734502700517745,0.7404321107149308
CA3 Pyramidal,CA1 Perforant Path Associated,45721.88919037005,45721.88919037005,0.003723156359383968,0.7441552670743147
CA3 Pyramidal,CA1 O LMR,45159.93626242219,45159.93626242219,0.003677396250726774,0.7478326633250415
DG Granule,DG Mossy,44908.709978571016,44908.709978571016,0.0036569387684807888,0.7514896020935223
CA3 Pyramidal,CA2 Bistratified,44817.8133452809,44817.8133452809,0.0036495370100610605,0.7551391391035834
DG Granule,DG Total Molecular Layer,44715.245336109205,44715.245336109205,0.0036411848456518662,0.7587803239492353
EC LI II Pyramidal Fan,MEC LIII Superficial Multipolar Interneuron,44010.40823957247,44010.40823957247,0.0035837896075116803,0.762364113556747
DG Semilunar Granule,DG AIPRIM,43893.26280770539,43893.26280770539,0.003574250396264028,0.7659383639530111
CA3 Pyramidal,CA2 Basket,42818.37385190415,42818.37385190415,0.0034867216496988953,0.76942508560271
MEC LII Stellate,MEC LIII Superficial Multipolar Interneuron,40080.91494141459,40080.91494141459,0.0032638089981961186,0.7726888946009061
CA3c Pyramidal,DG Axo Axonic,38923.76492106363,38923.76492106363,0.0031695816919032204,0.7758584762928092
CA3 Pyramidal,CA1 Basket,38008.39650492406,38008.39650492406,0.0030950427828581608,0.7789535190756675
MEC LV Pyramidal,DG Axo Axonic,36110.34234424642,36110.34234424642,0.002940483280967094,0.7818940023566345
CA3c Pyramidal,CA2 Wide Arbor Basket,35550.869791810896,35550.869791810896,0.002894925150531403,0.7847889275071659
EC LII III Pyramidal Tripolar,MEC LIII Superficial Multipolar Interneuron,34951.71066668793,34951.71066668793,0.0028461353225849597,0.7876350628297508
DG Granule,DG Basket,34839.49596572401,34839.49596572401,0.002836997623226767,0.7904720604529776
DG Semilunar Granule,DG Axo Axonic,34666.62485819252,34666.62485819252,0.0028229206422717636,0.7932949810952493
CA2 Pyramidal,CA1 OR LM,32481.56918359376,32481.56918359376,0.002644990463214249,0.7959399715584635
DG Granule,DG HIPROM,32190.630761502,32190.630761502,0.0026212992016417017,0.7985612707601052
EC LI II Multipolar Pyramidal,MEC LIII Bipolar Complex Pyramidal,30698.001365671505,30698.001365671505,0.002499753641611338,0.8010610244017166
EC LIII Pyramidal Stellate,CA1 Neurogliaform,30016.644753149405,30016.644753149405,0.002444270431056375,0.8035052948327729
CA3 Pyramidal,CA3 Lucidum ORAX,29826.70196982501,29826.70196982501,0.002428803294982692,0.8059340981277556
EC LI II Multipolar Pyramidal,EC LIII Stellate,29349.85984134182,29349.85984134182,0.0023899738013960993,0.8083240719291517
EC LI II Multipolar Pyramidal,EC LII III Pyramidal Tripolar,28854.49238765121,28854.49238765121,0.002349635781290218,0.8106737077104419
EC LI II Multipolar Pyramidal,MEC LIII Superficial Trilayered Interneuron,27888.797815518337,27888.797815518337,0.002270998788131668,0.8129447064985735
EC LIII Pyramidal Stellate,CA1 LMR,27535.29163227331,27535.29163227331,0.002242212602400142,0.8151869191009736
CA3c Pyramidal,DG AIPRIM,27045.00772823565,27045.00772823565,0.002202288538291131,0.8173892076392648
CA2 Pyramidal,DG AIPRIM,26855.18413993293,26855.18413993293,0.0021868311083278213,0.8195760387475927
EC LII III Pyramidal Tripolar,DG Axo Axonic,26617.550570681276,26617.550570681276,0.0021674804876463654,0.821743519235239
CA3 Pyramidal,CA3 Basket,26609.14835620569,26609.14835620569,0.0021667962911091788,0.8239103155263482
CA3c Pyramidal,CA1 SO SO,25658.205172837872,25658.205172837872,0.002089360510933358,0.8259996760372815
CA3 Pyramidal,CA3 Mossy Fiber Associated ORDEN,25136.947520606773,25136.947520606773,0.0020469142389803055,0.8280465902762618
DG Granule,DG Hilar Ectopic Granule,25114.71428869603,25114.71428869603,0.0020451037757592107,0.830091694052021
CA3c Pyramidal,CA2 Pyramidal,24424.535819448454,24424.535819448454,0.001988902196988266,0.8320805962490092
CA3c Pyramidal,CA1 Back Projection,24419.861364669992,24419.861364669992,0.0019885215537921233,0.8340691178028014
EC LI II Multipolar Pyramidal,MEC LII Stellate,24134.5300159425,24134.5300159425,0.001965286879014728,0.8360344046818161
EC LI II Multipolar Pyramidal,EC LIII Pyramidal,24063.94192432837,24063.94192432837,0.0019595388553253377,0.8379939435371414
MEC LII Stellate,CA3 Basket,23789.545893236005,23789.545893236005,0.0019371946489453783,0.8399311381860868
EC LIII Pyramidal Stellate,CA1 Basket CCK+,22851.847964781304,22851.847964781304,0.0018608374365176247,0.8417919756226044
DG Granule,CA2 Bistratified,22415.841894656765,22415.841894656765,0.0018253332436362838,0.8436173088662408
EC LI II Multipolar Pyramidal,MEC LII III Pyramidal Multiform,21388.04746977641,21388.04746977641,0.0017416394283348232,0.8453589482945756
DG Semilunar Granule,DG HICAP,21051.84914301629,21051.84914301629,0.0017142626300341347,0.8470732109246097
CA3 Pyramidal,CA3 Axo Axonic,20360.53655663908,20360.53655663908,0.0016579686995367353,0.8487311796241465
MEC LII Stellate,CA3 Granule,19640.6765649223,19640.6765649223,0.0015993501395103289,0.8503305297636568
CA3 Pyramidal,CA1 Basket CCK+,19480.68949141701,19480.68949141701,0.0015863223119054733,0.8519168520755622
CA3 Pyramidal,CA1 Oriens Alveus,19387.15107140628,19387.15107140628,0.001578705431468629,0.8534955575070309
EC LI II Multipolar Pyramidal,EC LIII Pyramidal Stellate,18633.40329894681,18633.40329894681,0.0015173273724667486,0.8550128848794977
EC LI II Multipolar Pyramidal,EC LI II Multipolar Pyramidal,18296.078460202098,18296.078460202098,0.0014898588417303793,0.856502743721228
CA2 Pyramidal,DG Axo Axonic,18257.859744977144,18257.859744977144,0.0014867466725887062,0.8579894903938168
CA3c Pyramidal,CA1 Horizontal Axo Axonic,17812.204512643828,17812.204512643828,0.0014504567435911092,0.8594399471374079
DG Mossy,DG Axo Axonic,17690.93784711118,17690.93784711118,0.0014405819382198942,0.8608805290756278
CA3c Pyramidal,CA1 Horizontal Basket,17660.686830129318,17660.686830129318,0.0014381185827407514,0.8623186476583686
CA3c Pyramidal,DG HICAP,17635.07453713618,17635.07453713618,0.001436032960881629,0.8637546806192503
CA1 Pyramidal,CA1 Horizontal Basket,17544.24204022055,17544.24204022055,0.0014286364251190303,0.8651833170443693
CA3c Pyramidal,CA2 SP SR,17336.697291204084,17336.697291204084,0.0014117359521543182,0.8665950529965236
CA2 Pyramidal,CA1 LMR,17301.22519183053,17301.22519183053,0.001408847441318437,0.868003900437842
CA1 Pyramidal,CA1 Perforant Path Associated QuadD,17183.209099730822,17183.209099730822,0.0013992373317715371,0.8694031377696135
EC LI II Multipolar Pyramidal,LEC LIII Complex Pyramidal,17153.888049247696,17153.888049247696,0.0013968497039306242,0.8707999874735441
DG Granule,CA3 Mossy Fiber Associated,16762.962040262293,16762.962040262293,0.0013650164030286757,0.8721650038765728
CA2 Pyramidal,CA1 Basket,16261.335277243674,16261.335277243674,0.0013241686842261173,0.8734891725607989
MEC LV Pyramidal,DG AIPRIM,16067.114464103774,16067.114464103774,0.0013083531860397727,0.8747975257468387
EC LI II Multipolar Pyramidal,MEC LII Oblique Pyramidal,16023.203768902797,16023.203768902797,0.001304777516114985,0.8761023032629537
EC LIII Pyramidal Stellate,CA1 Oriens Alveus,15952.937417697553,15952.937417697553,0.0012990556919083942,0.877401358954862
CA2 Pyramidal,CA2 Basket,15840.857857426205,15840.857857426205,0.0012899289971245505,0.8786912879519866
DG Mossy,DG AIPRIM,15833.66734308341,15833.66734308341,0.0012893434699366615,0.8799806314219233
CA3 Pyramidal,CA3 O LM,15462.048370600378,15462.048370600378,0.0012590823506966598,0.8812397137726199
CA1 Pyramidal,CA1 SO SO,15427.927297516017,15427.927297516017,0.0012563038546088427,0.8824960176272287
DG Granule,CA2 Wide Arbor Basket,15015.578771168455,15015.578771168455,0.0012227261073779413,0.8837187437346067
MEC LII Stellate,CA3 Axo Axonic,14953.26880542341,14953.26880542341,0.0012176521756282986,0.884936395910235
EC LIII Pyramidal Stellate,CA1 Axo Axonic,14513.822865445269,14513.822865445269,0.0011818678724202045,0.8861182637826552
DG Granule,DG HIPP,14156.9268743551,14156.9268743551,0.0011528056529363719,0.8872710694355916
MEC LII Stellate,CA2 Basket,14056.57040995257,14056.57040995257,0.0011446335757264855,0.8884157030113181
EC LI II Multipolar Pyramidal,MEC LIII Complex Pyramidal,13875.828485835094,13875.828485835094,0.0011299156702308613,0.889545618681549
CA2 Pyramidal,CA3 Basket,13863.94691818209,13863.94691818209,0.001128948148220068,0.8906745668297691
CA2 Pyramidal,CA2 Bistratified,13722.2747802921,13722.2747802921,0.0011174117150045365,0.8917919785447737
CA1 Pyramidal,CA1 Back Projection,13696.70368235844,13696.70368235844,0.0011153294476797604,0.8929073079924534
CA3 Pyramidal,CA1 LMR,13586.427324185684,13586.427324185684,0.0011063495885468384,0.8940136575810003
CA1 Pyramidal,MEC LV VI Pyramidal Polymorphic,13564.64480225756,13564.64480225756,0.001104575826865591,0.8951182334078659
CA2 Pyramidal,CA1 SO SO,13538.025487380704,13538.025487380704,0.0011024082027096082,0.8962206416105755
CA3 Pyramidal,CA2 Wide Arbor Basket,12886.407133130904,12886.407133130904,0.0010493465934349976,0.8972699882040105
CA3 Pyramidal,CA1 Bistratified,12480.844017697664,12480.844017697664,0.0010163213856167067,0.8982863095896272
CA3 Pyramidal,CA2 Pyramidal,12467.302061608583,12467.302061608583,0.00101521865734313,0.8993015282469703
MEC LV Pyramidal,DG HICAP,12435.42722754114,12435.42722754114,0.0010126230736246097,0.9003141513205949
CA3 Pyramidal,CA1 Axo Axonic,12123.747652838503,12123.747652838503,0.000987242849596408,0.9013013941701913
CA3 Pyramidal,CA3 Mossy Fiber Associated,11541.577405356868,11541.577405356868,0.0009398364344736506,0.9022412306046649
CA1 Pyramidal,CA1 Horizontal Axo Axonic,11541.441606593928,11541.441606593928,0.0009398253763123019,0.9031810559809772
EC LIII Pyramidal Stellate,CA1 Basket,11083.84667560321,11083.84667560321,0.0009025631916670798,0.9040836191726442
CA3 Pyramidal,CA1 Pyramidal,11063.052901714414,11063.052901714414,0.0009008699442343825,0.9049844891168786
DG Granule,CA3 Basket,10812.19538353532,10812.19538353532,0.0008804424907619549,0.9058649316076405
CA2 Pyramidal,CA1 Radiatum,10665.348898948008,10665.348898948008,0.0008684847079007081,0.9067334163155412
CA1 Pyramidal,LEC LVI Multipolar Pyramidal,10569.009270094895,10569.009270094895,0.0008606397236234464,0.9075940560391647
MEC LIII Complex Pyramidal,MEC LIII Superficial Multipolar Interneuron,10502.673558883704,10502.673558883704,0.000855237973402193,0.9084492940125668
CA3 Pyramidal,CA1 Quadrilaminar,10138.342555159694,10138.342555159694,0.0008255703171120523,0.9092748643296789
CA2 Pyramidal,CA1 Basket CCK+,9997.878836619664,9997.878836619664,0.0008141322860900276,0.9100889966157689
MEC LII Stellate,CA3 LMR Targeting,9977.247403136664,9977.247403136664,0.0008124522581179634,0.9109014488738869
DG Granule,CA3 Axo Axonic,9784.00954172353,9784.00954172353,0.000796716802183531,0.9116981656760704
MEC LV Pyramidal,DG Granule,9568.736896643586,9568.736896643586,0.0007791870427679991,0.9124773527188385
CA2 Pyramidal,CA1 Oriens Alveus,9447.573245256512,9447.573245256512,0.0007693206258903041,0.9132466733447288
CA3 Pyramidal,CA3 Basket CCK+,9432.022048326837,9432.022048326837,0.0007680542841277474,0.9140147276288565
DG Granule,CA3 Lucidum ORAX,9388.29053519106,9388.29053519106,0.0007644932050883615,0.9147792208339448
CA2 Pyramidal,CA1 Back Projection,9268.651902533784,9268.651902533784,0.0007547509712504002,0.9155339718051952
EC LI II Pyramidal Fan,DG Basket,9160.852150622562,9160.852150622562,0.0007459727834069983,0.9162799445886023
EC LI II Pyramidal Fan,DG AIPRIM,9151.638747460996,9151.638747460996,0.0007452225313684238,0.9170251671199707
CA1 Pyramidal,CA1 OR LM,9137.956266662315,9137.956266662315,0.0007441083600972924,0.917769275480068
EC LI II Multipolar Pyramidal,LEC LIII Multipolar Principal,9033.652786408917,9033.652786408917,0.0007356148754078384,0.9185048903554759
CA3c Pyramidal,CA1 Recurrent O LM,8931.36795767509,8931.36795767509,0.0007272857705236715,0.9192321761259996
CA3c Pyramidal,DG Basket,8843.436287729754,8843.436287729754,0.0007201254505555898,0.9199523015765552
DG Semilunar Granule,DG MOLAX,8783.274503438308,8783.274503438308,0.0007152264462987018,0.9206675280228539
CA3 Pyramidal,CA1 Oriens Bistratified,8622.938328917056,8622.938328917056,0.0007021701912230951,0.921369698214077
CA3 Pyramidal,CA1 Radiatum,8342.91639965376,8342.91639965376,0.0006793678651345399,0.9220490660792116
CA2 Pyramidal,CA3 Mossy Fiber Associated ORDEN,8302.254189961015,8302.254189961015,0.0006760567210133115,0.9227251228002249
DG Semilunar Granule,DG Basket,8286.217004196167,8286.217004196167,0.0006747508049362569,0.9233998736051612
MEC LV Pyramidal,MEC LIII Superficial Multipolar Interneuron,8185.940999916945,8185.940999916945,0.00066658527963455,0.9240664588847958
DG Mossy,DG HICAP,8111.670774538589,8111.670774538589,0.0006605374179467057,0.9247269963027425
CA3c Pyramidal,DG MOLAX,8104.509712843542,8104.509712843542,0.0006599542891026887,0.9253869505918452
CA3 Pyramidal,CA3 Horizontal Axo Axonic,7927.375641923004,7927.375641923004,0.0006455301729016836,0.9260324807647469
CA2 Pyramidal,CA3 Axo Axonic,7861.199255686899,7861.199255686899,0.0006401413965930288,0.9266726221613399
DG Semilunar Granule,DG HIPROM,7841.748198178194,7841.748198178194,0.0006385574872283316,0.9273111796485682
CA2 Pyramidal,CA1 Horizontal Basket,7760.900843079982,7760.900843079982,0.0006319740465699635,0.9279431536951382
CA3c Pyramidal,CA1 O LMR,7743.222931340349,7743.222931340349,0.0006305345253542062,0.9285736882204925
CA1 Pyramidal,CA1 Oriens Alveus,7579.454650844681,7579.454650844681,0.0006171987921684207,0.9291908870126608
CA3 Pyramidal,CA2 SP SR,7576.83767723962,7576.83767723962,0.0006169856906957441,0.9298078727033566
CA2 Pyramidal,DG HICAP,7551.636179925662,7551.636179925662,0.0006149335201347292,0.9304228062234914
EC LI II Pyramidal Fan,EC LI II Multipolar Pyramidal,7472.437106847604,7472.437106847604,0.0006084842999076265,0.9310312905233991
EC LIII Pyramidal Stellate,CA1 Quadrilaminar,7290.687762963591,7290.687762963591,0.0005936843597153443,0.9316249748831144
MEC LV Pyramidal,DG Basket,7227.579975689925,7227.579975689925,0.0005885454609586393,0.932213520344073
EC LI II Pyramidal Fan,DG HICAP,7198.115985087493,7198.115985087493,0.0005861461934321483,0.9327996665375051
CA3c Pyramidal,DG Granule,7159.489110348726,7159.489110348726,0.0005830007876566351,0.9333826673251617
CA2 Pyramidal,CA1 Axo Axonic,7159.1686028088525,7159.1686028088525,0.0005829746885669771,0.9339656420137287
CA2 Pyramidal,CA3 Lucidum ORAX,7148.972717023759,7148.972717023759,0.0005821444324758023,0.9345477864462045
DG Granule,CA3 Mossy Fiber Associated ORDEN,7078.544563306722,7078.544563306722,0.000576409432609557,0.935124195878814
CA1 Pyramidal,CA1 Basket,7061.742021617824,7061.742021617824,0.0005750411932158966,0.93569923707203
MEC LII Stellate,DG Axo Axonic,7031.814294876976,7031.814294876976,0.000572604163423161,0.9362718412354532
CA3c Pyramidal,CA1 O LM,6939.860346612322,6939.860346612322,0.0005651163073149728,0.9368369575427681
CA1 Pyramidal,EC LV Deep Pyramidal,6927.87660371489,6927.87660371489,0.0005641404651228004,0.9374010980078908
EC LIII Pyramidal Stellate,MEC LIII Superficial Multipolar Interneuron,6846.14497452735,6846.14497452735,0.0005574850175820086,0.9379585830254729
MEC LII Stellate,CA2 Wide Arbor Basket,6779.313278865657,6779.313278865657,0.0005520428790982896,0.9385106259045711
CA3 Pyramidal,CA3c Pyramidal,6774.278639391325,6774.278639391325,0.0005516329058817845,0.9390622588104529
CA2 Pyramidal,CA1 Bistratified,6767.796150234705,6767.796150234705,0.0005511050335397731,0.9396133638439926
MEC LII III Pyramidal Multiform,MEC LIII Superficial Multipolar Interneuron,6766.355290701629,6766.355290701629,0.0005509877036256217,0.9401643515476182
CA1 Pyramidal,CA1 Bistratified,6747.331037968798,6747.331037968798,0.0005494385491878019,0.940713790096806
EC LI II Pyramidal Fan,DG Granule,6731.854220776941,6731.854220776941,0.0005481782642045859,0.9412619683610106
CA1 Pyramidal,CA1 Basket CCK+,6573.981002668468,6573.981002668468,0.0005353225689044719,0.941797290929915
CA2 Pyramidal,CA1 Horizontal Axo Axonic,6573.291363151145,6573.291363151145,0.0005352664112128263,0.9423325573411279
CA2 Pyramidal,CA1 Schaffer Collateral Associated,6373.41002787654,6373.41002787654,0.0005189899738711571,0.942851547314999
EC LIII V Bipolar Pyramidal,MEC LIII Superficial Multipolar Interneuron,6364.941053528994,6364.941053528994,0.0005183003410441267,0.9433698476560431
EC LI II Multipolar Pyramidal,EC LIII V Bipolar Pyramidal,6342.237378644648,6342.237378644648,0.0005164515694158352,0.943886299225459
CA2 Pyramidal,CA2 Wide Arbor Basket,6215.67275303853,6215.67275303853,0.0005061453484997119,0.9443924445739587
CA3 Pyramidal,CA1 Radial Trilaminar,6065.333013846976,6065.333013846976,0.0004939031081647029,0.9448863476821233
MEC LII Stellate,CA2 Pyramidal,6045.530483170607,6045.530483170607,0.000492290578163752,0.9453786382602871
MEC LV Pyramidal,DG MOLAX,5949.052704150132,5949.052704150132,0.0004844343442491006,0.9458630726045362
CA1 Pyramidal,EC LIII V Bipolar Pyramidal,5659.759259805604,5659.759259805604,0.0004608770340392181,0.9463239496385754
CA1 Pyramidal,CA1 Recurrent O LM,5621.75319973284,5621.75319973284,0.00045778218151320204,0.9467817318200885
CA3 Pyramidal,CA1 Schaffer Collateral Associated,5590.385362984531,5590.385362984531,0.0004552278828405614,0.9472369597029291
CA2 Pyramidal,CA1 Pyramidal,5532.563189259333,5532.563189259333,0.0004505193942450438,0.9476874790971741
MEC LII Stellate,CA3 Basket CCK+,5518.418064222961,5518.418064222961,0.0004493675496216913,0.9481368466467958
CA1 Pyramidal,EC LIV VI Deep Multipolar Principal,5382.001268082903,5382.001268082903,0.0004382590615196157,0.9485751057083154
CA3c Pyramidal,DG Total Molecular Layer,5364.510653883269,5364.510653883269,0.0004368347920364419,0.9490119405003519
EC LIII Pyramidal Stellate,CA1 Pyramidal,5351.494110639728,5351.494110639728,0.00043577484839429264,0.9494477153487462
CA2 Pyramidal,CA1 Recurrent O LM,5338.129716687311,5338.129716687311,0.00043468657909452504,0.9498824019278407
CA3c Pyramidal,DG HIPROM,5252.700277744859,5252.700277744859,0.0004277300170514985,0.9503101319448922
DG Semilunar Granule,DG Mossy,5155.105798787127,5155.105798787127,0.00041978284970110006,0.9507299147945933
DG Semilunar Granule,DG Total Molecular Layer,5129.358075965296,5129.358075965296,0.0004176861997231296,0.9511476009943165
CA2 Pyramidal,CA1 Quadrilaminar,4971.485874204456,4971.485874204456,0.0004048305871847129,0.9515524315815013
EC LI II Pyramidal Fan,MEC LII Stellate,4889.474401375084,4889.474401375084,0.00039815235183586755,0.9519505839333371
EC LIII Pyramidal Stellate,CA1 Radial Trilaminar,4860.479048130247,4860.479048130247,0.00039579124568435626,0.9523463751790214
CA2 Pyramidal,DG Mossy,4836.413875657298,4836.413875657298,0.0003938316066248398,0.9527402067856463
MEC LIII Superficial Multipolar Interneuron,MEC LIII Superficial Multipolar Interneuron,-4691.989954689168,4691.989954689168,0.0003820710943336523,0.9531222778799799
CA3c Pyramidal,DG Hilar Ectopic Granule,4595.549003214172,4595.549003214172,0.0003742178593044926,0.9534964957392844
DG Semilunar Granule,DG Hilar Ectopic Granule,4588.842439594102,4588.842439594102,0.00037367174046658297,0.953870167479751
CA2 Pyramidal,DG Total Molecular Layer,4467.223027545674,4467.223027545674,0.0003637682107697389,0.9542339356905207
CA1 Pyramidal,CA1 Radial Trilaminar,4368.194651198497,4368.194651198497,0.00035570428043603527,0.9545896399709568
EC LIII Pyramidal,CA1 Perforant Path Associated,4323.962922313244,4323.962922313244,0.000352102468577387,0.9549417424395342
CA1 Pyramidal,SUB CA1 Projecting Pyramidal,4318.325857573143,4318.325857573143,0.0003516434395694652,0.9552933858791037
CA2 Pyramidal,DG HIPROM,4275.310492892701,4275.310492892701,0.0003481406768578374,0.9556415265559616
EC LII III Pyramidal Tripolar,EC LI II Multipolar Pyramidal,4216.395703649579,4216.395703649579,0.00034334321603291386,0.9559848697719945
CA2 Pyramidal,CA3 Mossy Fiber Associated,4151.864003181872,4151.864003181872,0.0003380883673109409,0.9563229581393055
CA1 Pyramidal,CA1 Quadrilaminar,4107.506974122781,4107.506974122781,0.00033447635219631785,0.9566574344915018
DG Mossy,DG Basket,4083.684523286925,4083.684523286925,0.00033253647808139807,0.9569899709695832
CA3c Pyramidal,CA1 Radiatum Giant,4064.510468839344,4064.510468839344,0.0003309751252148433,0.957320946094798
DG Mossy,DG MOLAX,4049.2685940044794,4049.2685940044794,0.0003297339717055453,0.9576506800665036
CA2 Pyramidal,CA1 Radial Trilaminar,3940.665808486058,3940.665808486058,0.00032089039243290914,0.9579715704589364
MEC LII Stellate,CA3 Pyramidal,3923.6590067203424,3923.6590067203424,0.00031950552003878806,0.9582910759789752
MEC LV Pyramidal,DG HIPROM,3893.2093566284343,3893.2093566284343,0.0003170259897659099,0.9586081019687411
CA1 Pyramidal,CA1 Axo Axonic,3874.96157969986,3874.96157969986,0.0003155400641421159,0.9589236420328833
CA3c Pyramidal,CA3 Lucidum ORAX,3865.0383978400528,3865.0383978400528,0.0003147320144682969,0.9592383740473516
CA1 Pyramidal,MEC LV Multipolar Pyramidal,3851.18781666244,3851.18781666244,0.0003136041546990323,0.9595519782020506
EC LII III Pyramidal Tripolar,DG Basket,3809.1850363378007,3809.1850363378007,0.0003101838472391554,0.9598621620492898
EC LII III Pyramidal Tripolar,DG AIPRIM,3778.840998681755,3778.840998681755,0.00030771291703987814,0.9601698749663297
CA2 Pyramidal,DG Basket,3760.191652094569,3760.191652094569,0.0003061942913974569,0.9604760692577271
CA2 Pyramidal,DG MOLAX,3693.6653367363497,3693.6653367363497,0.00030077702018495186,0.960776846277912
MEC LV Pyramidal,DG Hilar Ectopic Granule,3669.647725263941,3669.647725263941,0.0002988212540415541,0.9610756675319536
DG Semilunar Granule,CA3 Lucidum ORAX,3653.271516152799,3653.271516152799,0.00029748773112344177,0.9613731552630771
DG Mossy,DG Total Molecular Layer,3625.543103188329,3625.543103188329,0.0002952297925541397,0.9616683850556312
CA3 Basket CCK+,CA3 Basket,-3610.667751497859,3610.667751497859,0.0002940184852082457,0.9619624035408395
CA2 Pyramidal,CA1 O LMR,3463.2152859289367,3463.2152859289367,0.00028201135701185864,0.9622444148978514
CA2 Pyramidal,CA3 O LM,3458.283785188837,3458.283785188837,0.00028160978243419057,0.9625260246802856
EC LIII Pyramidal,CA1 Perforant Path Associated QuadD,3452.978570853893,3452.978570853893,0.00028117777617113346,0.9628072024564567
CA1 Pyramidal,CA1 Ivy,3436.3554065077933,3436.3554065077933,0.00027982414356442784,0.9630870266000211
CA1 Pyramidal,MEC LV Pyramidal,3424.360693274852,3424.360693274852,0.0002788474080523349,0.9633658740080734
CA2 Pyramidal,CA1 O LM,3393.9627536734965,3393.9627536734965,0.00027637208859062744,0.963642246096664
DG Granule,CA2 Pyramidal,3360.733225493062,3360.733225493062,0.00027366619145131215,0.9639159122881154
CA3 Pyramidal,CA3 Pyramidal,3278.450765697168,3278.450765697168,0.00026696588949792386,0.9641828781776133
MEC LII Stellate,MEC LIII Complex Pyramidal,3196.6416341268605,3196.6416341268605,0.0002603041308992476,0.9644431823085126
EC LII III Pyramidal Tripolar,MEC LII Stellate,3189.046054691212,3189.046054691212,0.0002596856190577685,0.9647028679275703
MEC LII Stellate,MEC LV VI Pyramidal Polymorphic,3148.534652356986,3148.534652356986,0.0002563867552553514,0.9649592546828256
MEC LIII Bipolar Complex Pyramidal,MEC LIII Superficial Multipolar Interneuron,3127.075945792248,3127.075945792248,0.00025463936202148904,0.9652138940448471
MEC LV Pyramidal,DG Total Molecular Layer,3091.6052923980023,3091.6052923980023,0.00025175096893242775,0.9654656450137795
EC LIII Pyramidal Stellate,CA1 Schaffer Collateral Associated,3081.442928465794,3081.442928465794,0.0002509234425425395,0.965716568456322
CA3 Pyramidal,CA3 Granule,3063.703302548178,3063.703302548178,0.0002494788959103287,0.9659660473522323
CA1 Pyramidal,CA1 O LMR,3039.925395207336,3039.925395207336,0.00024754264899453976,0.9662135900012269
CA2 Pyramidal,CA1 Ivy,3032.319511708757,3032.319511708757,0.00024692329808805025,0.9664605132993149
EC LI II Pyramidal Fan,MEC LIII Complex Pyramidal,3029.1334003804022,3029.1334003804022,0.0002466638514452294,0.9667071771507602
CA3 Pyramidal,CA1 Ivy,3025.55661956506,3025.55661956506,0.0002463725923902215,0.9669535497431504
CA1 Pyramidal,LEC LIII Multipolar Principal,3004.906539138589,3004.906539138589,0.00024469104598820186,0.9671982407891386
SUB CA1 Projecting Pyramidal,CA1 Perforant Path Associated QuadD,2990.9938020416625,2990.9938020416625,0.00024355812483126574,0.9674417989139699
EC LII III Pyramidal Tripolar,DG HICAP,2990.1446533089147,2990.1446533089147,0.00024348897822423844,0.9676852878921941
EC LI II Pyramidal Fan,EC LIII Stellate,2959.488332103365,2959.488332103365,0.0002409926186189621,0.9679262805108131
CA2 Pyramidal,CA3 Basket CCK+,2957.6843506505056,2957.6843506505056,0.0002408457195048319,0.9681671262303179
MEC LV Superficial Pyramidal,MEC LIII Superficial Multipolar Interneuron,2955.780490717272,2955.780490717272,0.00024069068723597093,0.9684078169175538
EC LIII Pyramidal Stellate,CA1 Neurogliaform Projecting,2946.129841320692,2946.129841320692,0.00023990483001726636,0.9686477217475711
CA3c Pyramidal,CA3 Basket,2915.997606750413,2915.997606750413,0.00023745114704945032,0.9688851728946205
EC LI II Pyramidal Fan,MEC LIII Superficial Trilayered Interneuron,2844.499601354932,2844.499601354932,0.00023162902862466044,0.9691168019232451
CA3c Pyramidal,CA3 O LM,2843.54326437316,2843.54326437316,0.0002315511536247764,0.96934835307687
CA3 Basket CCK+,CA3 Mossy Fiber Associated ORDEN,-2839.963253171692,2839.963253171692,0.0002312596315178067,0.9695796127083878
MEC LII Stellate,MEC LIII Superficial Trilayered Interneuron,2833.9196385886708,2833.9196385886708,0.00023076749695235264,0.9698103802053402
EC LI II Multipolar Pyramidal,EC LV Deep Pyramidal,2817.227604211794,2817.227604211794,0.00022940825622451297,0.9700397884615647
EC LII III Pyramidal Tripolar,DG Granule,2807.534322760256,2807.534322760256,0.00022861892745619963,0.9702684073890209
CA1 Pyramidal,CA1 Pyramidal,2793.7555172355333,2793.7555172355333,0.0002274969124143345,0.9704959043014352
CA1 Pyramidal,CA1 O LM,2791.715370688324,2791.715370688324,0.00022733078225817033,0.9707232350836933
EC LII III Pyramidal Tripolar,EC LIII Stellate,2760.010200610732,2760.010200610732,0.00022474901436340453,0.9709479840980567
DG AIPRIM,DG AIPRIM,-2739.6290265605458,2739.6290265605458,0.00022308936514242166,0.9711710734631991
EC LI II Multipolar Pyramidal,EC LI II Pyramidal Fan,2685.199892837623,2685.199892837623,0.0002186571734953857,0.9713897306366944
DG Mossy,DG HIPROM,2636.2598038433093,2636.2598038433093,0.00021467195751252618,0.971604402594207
EC LIV VI Deep Multipolar Principal,MEC LV VI Pyramidal Polymorphic,2582.023382309931,2582.023382309931,0.00021025545851570087,0.9718146580527227
MEC LIII Superficial Trilayered Interneuron,MEC LIII Superficial Multipolar Interneuron,-2553.5613816245323,2553.5613816245323,0.0002079377835305003,0.9720225958362532
EC LII III Pyramidal Tripolar,MEC LIII Complex Pyramidal,2488.1460458320303,2488.1460458320303,0.00020261097994101984,0.9722252068161942
CA3c Pyramidal,CA3 Mossy Fiber Associated ORDEN,2468.187766148625,2468.187766148625,0.0002009857672203415,0.9724261925834146
EC LII III Pyramidal Tripolar,MEC LIII Superficial Trilayered Interneuron,2466.319022215889,2466.319022215889,0.0002008335944650064,0.9726270261778796
EC LI II Pyramidal Fan,MEC LII Oblique Pyramidal,2398.327204041387,2398.327204041387,0.00019529698662344342,0.972822323164503
EC LI II Pyramidal Fan,DG Hilar Ectopic Granule,2338.0641895595686,2338.0641895595686,0.00019038973914140177,0.9730127129036444
EC LI II Multipolar Pyramidal,MEC LV Pyramidal,2330.70790758652,2330.70790758652,0.0001897907134122736,0.9732025036170567
EC LII III Pyramidal Tripolar,EC LII III Pyramidal Tripolar,2277.297842357101,2277.297842357101,0.00018544150502357244,0.9733879451220803
MEC LII Stellate,MEC LIII Bipolar Complex Pyramidal,2253.263353922492,2253.263353922492,0.0001834843645806814,0.973571429486661
CA2 Pyramidal,DG Hilar Ectopic Granule,2250.306876192298,2250.306876192298,0.0001832436171168853,0.9737546731037778
EC LIV VI Deep Multipolar Principal,LEC LVI Multipolar Pyramidal,2246.3636143897743,2246.3636143897743,0.00018292251533135639,0.9739375956191092
CA3c Pyramidal,CA3 Axo Axonic,2239.083445413781,2239.083445413781,0.00018232968752173763,0.9741199253066309
EC LIII Pyramidal,CA1 Neurogliaform,2236.4208159569107,2236.4208159569107,0.00018211286827015871,0.9743020381749011
CA2 Pyramidal,CA3c Pyramidal,2212.266414990227,2212.266414990227,0.00018014596328966287,0.9744821841381908
MEC LII Stellate,MEC LII III Pyramidal Multiform,2172.4274626996407,2172.4274626996407,0.00017690185743143136,0.9746590859956222
DG Granule,CA3 LMR Targeting,2164.8432392343293,2164.8432392343293,0.00017628427031231007,0.9748353702659346
EC LI II Pyramidal Fan,MEC LII III Pyramidal Multiform,2164.0184874065267,2164.0184874065267,0.0001762171103574838,0.9750115873762921
CA2 Pyramidal,CA2 Pyramidal,2163.138288508038,2163.138288508038,0.00017614543531989325,0.975187732811612
MEC LII Stellate,MEC LII Oblique Pyramidal,2144.806717184772,2144.806717184772,0.00017465268627652928,0.9753623854978885
EC LI II Pyramidal Fan,EC LII III Pyramidal Tripolar,2133.663497412967,2133.663497412967,0.00017374528830387185,0.9755361307861923
DG Mossy,DG Hilar Ectopic Granule,2119.754290320353,2119.754290320353,0.00017261265459695666,0.9757087434407893
DG AIPRIM,DG HICAP,-2095.507600796262,2095.507600796262,0.00017063823451296238,0.9758793816753022
DG AIPRIM,DG Axo Axonic,-2091.281900299923,2091.281900299923,0.00017029413360299583,0.9760496758089052
EC LI II Pyramidal Fan,DG MOLAX,2066.8890197079054,2066.8890197079054,0.00016830780910704756,0.9762179836180123
EC LIII Pyramidal,CA1 LMR,2054.2788888003256,2054.2788888003256,0.00016728095982516993,0.9763852645778375
EC LI II Pyramidal Fan,MEC LIII Bipolar Complex Pyramidal,2053.916011230272,2053.916011230272,0.00016725141052271225,0.9765525159883602
CA3 Pyramidal,CA3 LMR Targeting,2036.6350176284157,2036.6350176284157,0.0001658442105499085,0.9767183601989101
MEC LV Multipolar Pyramidal,MEC LIII Superficial Multipolar Interneuron,2029.385683769057,2029.385683769057,0.00016525389365929644,0.9768836140925694
EC LII III Pyramidal Tripolar,MEC LII III Pyramidal Multiform,1991.8124765410728,1991.8124765410728,0.00016219428855744107,0.9770458083811269
EC LIV VI Deep Multipolar Principal,EC LIV VI Deep Multipolar Principal,1969.34413375272,1969.34413375272,0.00016036468013970985,0.9772061730612666
DG Granule,CA3 Spiny Lucidum,1909.2683929031025,1909.2683929031025,0.00015547268244342776,0.97736164574371
EC LI II Pyramidal Fan,EC LIII Pyramidal Stellate,1904.8043400508457,1904.8043400508457,0.00015510917238162114,0.9775167549160916
CA1 Perforant Path Associated,SUB CA1 Projecting Pyramidal,-1892.76192029925,1892.76192029925,0.00015412855210379659,0.9776708834681954
EC LIV VI Deep Multipolar Principal,LEC LIII Multipolar Principal,1887.6870292903488,1887.6870292903488,0.00015371530118465148,0.9778245987693801
CA3 Pyramidal,CA3 Trilaminar,1886.88066473166,1886.88066473166,0.00015364963851436758,0.9779782484078945
EC LII III Pyramidal Tripolar,MEC LII Oblique Pyramidal,1831.7672412362251,1831.7672412362251,0.00014916172480808817,0.9781274101327025
DG Granule,CA3c Pyramidal,1802.5114783735717,1802.5114783735717,0.00014677941337084207,0.9782741895460734
EC LIII Stellate,MEC LIII Superficial Multipolar Interneuron,1777.6295095180742,1777.6295095180742,0.00014475326217239484,0.9784189428082458
DG Mossy,DG Mossy,1751.260654032912,1751.260654032912,0.00014260603305024528,0.9785615488412961
CA2 Pyramidal,CA2 SP SR,1733.4871470322385,1733.4871470322385,0.00014115872746445484,0.9787027075687605
EC LI II Pyramidal Fan,LEC LIII Complex Pyramidal,1704.5371540697847,1704.5371540697847,0.00013880131502347936,0.9788415088837841
CA2 Pyramidal,DG HIPP,1701.5623140473656,1701.5623140473656,0.00013855907230902144,0.978980067956093
EC LIII Pyramidal,CA1 Basket CCK+,1697.5594145400348,1697.5594145400348,0.0001382331141952908,0.9791183010702883
CA3 Basket,CA3 Basket,-1688.150222346905,1688.150222346905,0.00013746691895771747,0.979255767989246
EC LII III Pyramidal Tripolar,EC LIII Pyramidal,1661.9274787853765,1661.9274787853765,0.00013533158780276242,0.9793910995770487
CA3 Basket CCK+,CA3 Axo Axonic,-1661.9222655901915,1661.9222655901915,0.0001353311632896649,0.9795264307403384
EC LI II Pyramidal Fan,EC LIII Pyramidal,1657.9926157766406,1657.9926157766406,0.0001350111699352224,0.9796614419102736
EC LII III Pyramidal Tripolar,EC LIII Pyramidal Stellate,1645.5753097666966,1645.5753097666966,0.0001340000224814318,0.979795441932755
DG Semilunar Granule,DG HIPP,1587.9153549598807,1587.9153549598807,0.0001293047434537663,0.9799247466762088
DG Granule,CA3 Basket CCK+,1530.7410797556458,1530.7410797556458,0.0001246490135596339,0.9800493956897685
CA1 Basket CCK+,CA1 Horizontal Basket,-1523.625908064042,1523.625908064042,0.00012406962156160414,0.9801734653113301
MEC LII Stellate,MEC LV Pyramidal,1511.061780907998,1511.061780907998,0.00012304651838827797,0.9802965118297183
CA1 Basket CCK+,CA1 Radial Trilaminar,-1509.1777571883017,1509.1777571883017,0.00012289310139223017,0.9804194049311106
EC LI II Pyramidal Fan,DG MOPP,1500.9148556433363,1500.9148556433363,0.00012222024917682826,0.9805416251802874
CA3c Pyramidal,CA1 Oriens Bistratified,1474.217628506742,1474.217628506742,0.00012004628058647384,0.9806616714608739
EC LII III Pyramidal Tripolar,LEC LIII Complex Pyramidal,1473.3354903489894,1473.3354903489894,0.00011997444763402918,0.9807816459085079
MEC LIII Complex Pyramidal,MEC LIII Complex Pyramidal,1453.7180710081302,1453.7180710081302,0.00011837699134193429,0.9809000228998499
CA1 Radiatum Giant,CA1 Trilaminar,1444.965738854787,1444.965738854787,0.00011766428454671676,0.9810176871843966
MEC LV Pyramidal,MEC LIII Complex Pyramidal,1440.789466146968,1440.789466146968,0.00011732420856634993,0.981135011392963
EC LIV VI Deep Multipolar Principal,MEC LIII Complex Pyramidal,1427.516326568439,1427.516326568439,0.00011624337015599833,0.981251254763119
SUB CA1 Projecting Pyramidal,CA1 Perforant Path Associated,1391.524144576578,1391.524144576578,0.00011331250873176554,0.9813645672718508
EC LII III Pyramidal Tripolar,MEC LIII Bipolar Complex Pyramidal,1362.2531513924373,1362.2531513924373,0.00011092895708180502,0.9814754962289326
MEC LV VI Pyramidal Polymorphic,MEC LV VI Pyramidal Polymorphic,1336.06008642144,1336.06008642144,0.00010879604266935625,0.9815842922716019
CA1 Basket CCK+,CA1 Basket,-1334.2639070132095,1334.2639070132095,0.00010864977887963174,0.9816929420504815
EC LIV VI Deep Multipolar Principal,EC LV Deep Pyramidal,1320.4568545606207,1320.4568545606207,0.0001075254636762689,0.9818004675141578
EC LIV VI Deep Multipolar Principal,LEC LIII Complex Pyramidal,1319.060493589653,1319.060493589653,0.00010741175730233917,0.9819078792714602
CA1 Pyramidal,MEC LV Superficial Pyramidal,1316.2618620442718,1316.2618620442718,0.00010718386333250833,0.9820150631347927
EC LI II Pyramidal Fan,DG Total Molecular Layer,1313.8256392763751,1313.8256392763751,0.00010698548049112126,0.9821220486152838
MEC LII III Pyramidal Multiform,MEC LV VI Pyramidal Polymorphic,1304.0113874450217,1304.0113874450217,0.00010618630104413124,0.9822282349163279
CA3c Pyramidal,CA3 Horizontal Axo Axonic,1295.7623441389917,1295.7623441389917,0.00010551457731207364,0.98233374949364
CA1 Back Projection,CA1 Perforant Path Associated QuadD,-1291.8238424111594,1291.8238424111594,0.00010519386314181332,0.9824389433567818
CA3 Basket CCK+,CA3 Basket CCK+,-1289.6497311663295,1289.6497311663295,0.00010501682417315886,0.982543960180955
MEC LII III Pyramidal Multiform,MEC LIII Complex Pyramidal,1284.918689522972,1284.918689522972,0.00010463157308023844,0.9826485917540353
EC LI II Multipolar Pyramidal,MEC LV Superficial Pyramidal,1237.9281482028966,1237.9281482028966,0.0001008051097418954,0.9827493968637772
CA2 Pyramidal,CA3 Horizontal Axo Axonic,1237.2220823196033,1237.2220823196033,0.00010074761444303357,0.9828501444782202
MEC LIII Complex Pyramidal,MEC LII Stellate,1193.0847203135872,1193.0847203135872,9.715348692667228e-05,0.9829472979651468
DG Semilunar Granule,CA3 Axo Axonic,1190.0542807206868,1190.0542807206868,9.690671671131528e-05,0.9830442046818582
CA2 Pyramidal,CA3 Pyramidal,1188.4585744965177,1188.4585744965177,9.677677755347587e-05,0.9831409814594116
EC LIII Pyramidal,CA1 Oriens Alveus,1184.133218514697,1184.133218514697,9.642456164736438e-05,0.983237406021059
MEC LII Stellate,EC LI II Multipolar Pyramidal,1179.869598894783,1179.869598894783,9.60773729641544e-05,0.9833334833940232
CA3 Basket,CA3 Mossy Fiber Associated ORDEN,-1175.743529562829,1175.743529562829,9.574138506985368e-05,0.983429224779093
EC LIV VI Deep Multipolar Principal,MEC LV Multipolar Pyramidal,1174.282004366153,1174.282004366153,9.56223723403545e-05,0.9835248471514334
DG Total Molecular Layer,DG AIPRIM,-1167.0158288696118,1167.0158288696118,9.503068402678314e-05,0.9836198778354602
CA2 Wide Arbor Basket,CA3 Basket,-1132.945881689944,1132.945881689944,9.225635114701724e-05,0.9837121341866073
MEC LII Stellate,MEC LV Superficial Pyramidal,1132.9316333807926,1132.9316333807926,9.225519090005968e-05,0.9838043893775074
MEC LII Stellate,MEC LV Multipolar Pyramidal,1128.5267528195718,1128.5267528195718,9.189649926757809e-05,0.9838962858767749
CA2 Wide Arbor Basket,CA1 Horizontal Basket,-1128.1415629051871,1128.1415629051871,9.186513305973527e-05,0.9839881510098346
CA3c Pyramidal,SUB CA1 Projecting Pyramidal,1119.4402227874016,1119.4402227874016,9.115657857153798e-05,0.9840793075884061
CA1 Basket CCK+,CA1 Basket CCK+,-1112.0869456812588,1112.0869456812588,9.055779753022846e-05,0.9841698653859363
EC LIV VI Deep Multipolar Principal,SUB CA1 Projecting Pyramidal,1100.6348653392354,1100.6348653392354,8.962524888649129e-05,0.9842594906348228
EC LIII V Bipolar Pyramidal,LEC LIII Multipolar Principal,1092.637693563088,1092.637693563088,8.897403517938751e-05,0.9843484646700021
EC LIII Pyramidal,CA1 Axo Axonic,1082.1147055941583,1082.1147055941583,8.811714299339067e-05,0.9844365818129955
CA2 Wide Arbor Basket,CA1 Radial Trilaminar,-1072.476927327349,1072.476927327349,8.733233387723627e-05,0.9845239141468728
MEC LV Pyramidal,MEC LV VI Pyramidal Polymorphic,1057.8497068848276,1057.8497068848276,8.614123198326302e-05,0.984610055378856
EC LIII V Bipolar Pyramidal,MEC LIII Complex Pyramidal,1055.6037252397975,1055.6037252397975,8.595834057188812e-05,0.9846960137194279
EC LIV VI Deep Multipolar Principal,EC LIII V Bipolar Pyramidal,1041.5860657419018,1041.5860657419018,8.481687553123837e-05,0.9847808305949591
DG Semilunar Granule,CA3 Basket,1037.339267881168,1037.339267881168,8.4471056652312e-05,0.9848653016516115
CA3c Pyramidal,CA3 Mossy Fiber Associated,1030.1656012476628,1030.1656012476628,8.388690138183685e-05,0.9849491885529933
MEC LII Stellate,EC LIII Stellate,1016.543999391952,1016.543999391952,8.27776875135532e-05,0.9850319662405068
EC LI II Pyramidal Fan,LEC LIII Multipolar Principal,1013.3603797170751,1013.3603797170751,8.251844376732424e-05,0.9851144846842741
EC LIV VI Deep Multipolar Principal,EC LIII Pyramidal Stellate,1011.5457136863564,1011.5457136863564,8.237067460266226e-05,0.9851968553588768
MEC LII Stellate,DG AIPRIM,1003.16223124571,1003.16223124571,8.168800342447195e-05,0.9852785433623013
MEC LII Stellate,DG Basket,999.2805492238,999.2805492238,8.137191611135137e-05,0.9853599152784126
CA1 Pyramidal,CA1 Oriens Bistratified,983.6110407395204,983.6110407395204,8.009594017958795e-05,0.9854400112185921
CA2 Wide Arbor Basket,CA1 Basket,-971.7007924875912,971.7007924875912,7.912608269324525e-05,0.9855191373012854
CA3c Pyramidal,DG Mossy,968.4094182875258,968.4094182875258,7.885806444200757e-05,0.9855979953657273
DG Mossy,DG Granule,968.2502990077752,968.2502990077752,7.884510727928323e-05,0.9856768404730066
CA2 Wide Arbor Basket,CA3 Mossy Fiber Associated ORDEN,-960.3702936309776,960.3702936309776,7.820343449081973e-05,0.9857550439074975
SUB CA1 Projecting Pyramidal,SUB CA1 Projecting Pyramidal,960.2428463623708,960.2428463623708,7.819305639584154e-05,0.9858332369638934
EC LII III Pyramidal Tripolar,DG Hilar Ectopic Granule,958.451675236712,958.451675236712,7.804720043307775e-05,0.9859112841643264
DG Total Molecular Layer,DG Axo Axonic,-946.5665250092304,946.5665250092304,7.707938669144866e-05,0.9859883635510178
CA2 Wide Arbor Basket,CA2 Bistratified,-943.758125290664,943.758125290664,7.68506972943781e-05,0.9860652142483122
CA1 Bistratified,CA1 Perforant Path Associated QuadD,-932.8664056531346,932.8664056531346,7.596377910374403e-05,0.986141178027416
EC LIII V Bipolar Pyramidal,MEC LV VI Pyramidal Polymorphic,927.9060870741498,927.9060870741498,7.555985787500777e-05,0.986216737885291
DG Total Molecular Layer,DG HICAP,-919.3189731877928,919.3189731877928,7.486060488610287e-05,0.9862915984901771
DG AIPRIM,DG MOLAX,-904.9590590929682,904.9590590929682,7.369126988203628e-05,0.9863652897600591
MEC LV Pyramidal,MEC LII Stellate,900.6001307658568,900.6001307658568,7.333632016301631e-05,0.9864386260802221
CA1 Back Projection,CA3 Basket,-889.189555590594,889.189555590594,7.240715130581702e-05,0.986511033231528
DG Basket,DG HICAP,-880.5650915808724,880.5650915808724,7.170485687764112e-05,0.9865827380884057
DG HIPP,DG Axo Axonic,-865.9739114301533,865.9739114301533,7.051668976269809e-05,0.9866532547781683
MEC LIII Bipolar Complex Pyramidal,MEC LIII Complex Pyramidal,861.1914192115519,861.1914192115519,7.012724902364086e-05,0.986723382027192
EC LII III Pyramidal Tripolar,DG MOLAX,860.4693026261733,860.4693026261733,7.006844670806124e-05,0.9867934504739001
CA2 Basket,CA2 Bistratified,-858.4160166178315,858.4160166178315,6.990124659898958e-05,0.9868633517204991
MEC LII Oblique Pyramidal,MEC LIII Superficial Multipolar Interneuron,849.0872604389344,849.0872604389344,6.914160130638172e-05,0.9869324933218054
CA2 Wide Arbor Basket,CA1 Basket CCK+,-840.2643693921808,840.2643693921808,6.842314886509915e-05,0.9870009164706706
EC LIII Pyramidal,CA1 Basket,820.3720180263381,820.3720180263381,6.680330472037302e-05,0.987067719775391
DG AIPRIM,DG Basket,-814.9613267525268,814.9613267525268,6.636270941730325e-05,0.9871340824848083
LEC LIII Complex Pyramidal,LEC LIII Multipolar Principal,814.9191961799069,814.9191961799069,6.635927870365269e-05,0.987200441763512
CA1 Schaffer Collateral Associated,CA1 Perforant Path Associated QuadD,-809.5001785193163,809.5001785193163,6.591800537873305e-05,0.9872663597688907
MEC LII Stellate,DG HICAP,809.0861253559721,809.0861253559721,6.58842888220569e-05,0.9873322440577127
DG Basket,DG Axo Axonic,-783.9151475012219,783.9151475012219,6.383460347590624e-05,0.9873960786611886
CA3 O LM,CA3 Basket,-782.3590533842801,782.3590533842801,6.370788995181781e-05,0.9874597865511404
MEC LII Stellate,EC LII III Pyramidal Tripolar,779.0692730636243,779.0692730636243,6.344000149097956e-05,0.9875232265526314
EC LI II Pyramidal Fan,CA1 Neurogliaform Projecting,764.5540503966188,764.5540503966188,6.225801963201651e-05,0.9875854845722634
CA3 Basket,CA3 Basket CCK+,-751.4316450105925,751.4316450105925,6.118945558253082e-05,0.9876466740278459
MEC LII III Pyramidal Multiform,MEC LV Multipolar Pyramidal,750.744376370936,750.744376370936,6.113349095264231e-05,0.9877078075187985
MEC LII Stellate,DG Granule,746.9483238875063,746.9483238875063,6.0824376495770445e-05,0.9877686318952943
CA1 Basket CCK+,CA1 Bistratified,-744.3094987034007,744.3094987034007,6.0609495638057006e-05,0.9878292413909323
LEC LIII Complex Pyramidal,LEC LIII Complex Pyramidal,744.1845437655309,744.1845437655309,6.0599320494820265e-05,0.9878898407114272
CA1 Basket,CA1 Horizontal Basket,-730.8073859758965,730.8073859758965,5.951001182938897e-05,0.9879493507232565
MEC LII Stellate,EC LIII Pyramidal Stellate,723.0169044557828,723.0169044557828,5.8875629013457905e-05,0.9880082263522699
CA3 LMR Targeting,CA3 Basket,-722.4866737044521,722.4866737044521,5.883245205754652e-05,0.9880670588043274
CA3c Pyramidal,CA3 Basket CCK+,715.8102548996459,715.8102548996459,5.8288787927056915e-05,0.9881253475922545
CA1 Ivy,CA1 Perforant Path Associated QuadD,-694.5422768954598,694.5422768954598,5.655692581550179e-05,0.98818190451807
CA1 Horizontal Basket,CA1 Radial Trilaminar,-689.3946947481963,689.3946947481963,5.613775562051623e-05,0.9882380422736905
EC LIII V Bipolar Pyramidal,LEC LVI Multipolar Pyramidal,689.2334744065386,689.2334744065386,5.612462736726742e-05,0.9882941669010578
EC LI II Pyramidal Fan,MEC LV Pyramidal,688.9052098564124,688.9052098564124,5.6097896620375624e-05,0.9883502647976782
DG Semilunar Granule,CA3 Mossy Fiber Associated ORDEN,687.4220516208517,687.4220516208517,5.5977122301674386e-05,0.9884062419199798
EC LI II Pyramidal Fan,SUB CA1 Projecting Pyramidal,687.3512535869128,687.3512535869128,5.597135718227623e-05,0.9884622132771621
EC LI II Pyramidal Fan,EC LIII V Bipolar Pyramidal,685.3833295401618,685.3833295401618,5.581110814053303e-05,0.9885180243853027
DG AIPRIM,DG HIPROM,-684.0365710827739,684.0365710827739,5.570144092415226e-05,0.9885737258262268
MEC LII Stellate,EC LIII Pyramidal,674.0780930568393,674.0780930568393,5.489051706582987e-05,0.9886286163432927
DG AIPRIM,DG Total Molecular Layer,-673.1003302638511,673.1003302638511,5.481089735139668e-05,0.9886834272406441
CA1 Basket CCK+,CA1 OR LM,-668.9370378029282,668.9370378029282,5.4471878359042246e-05,0.9887378991190031
MEC LV Pyramidal,MEC LV Multipolar Pyramidal,662.4278400096001,662.4278400096001,5.394183111935334e-05,0.9887918409501225
EC LIV VI Deep Multipolar Principal,MEC LV Superficial Pyramidal,661.0676619796182,661.0676619796182,5.383107114044835e-05,0.988845672021263
CA1 Basket,CA1 Basket,-655.9736586196078,655.9736586196078,5.3416263892970476e-05,0.9888990882851559
MEC LIII Complex Pyramidal,MEC LIII Superficial Trilayered Interneuron,649.2359809662346,649.2359809662346,5.2867611423730006e-05,0.9889519558965797
EC LIII Pyramidal Stellate,MEC LIII Complex Pyramidal,647.4324185181202,647.4324185181202,5.272074642936627e-05,0.9890046766430091
CA3c Pyramidal,CA3c Pyramidal,639.8640695461409,639.8640695461409,5.210445197819567e-05,0.9890567810949873
EC LII III Pyramidal Tripolar,EC LIII V Bipolar Pyramidal,635.0999918117437,635.0999918117437,5.171651073981928e-05,0.9891084976057272
EC LV Deep Pyramidal,MEC LV VI Pyramidal Polymorphic,633.5577406795122,633.5577406795122,5.1590924456915986e-05,0.9891600885301841
CA1 Basket,CA1 Radial Trilaminar,-631.1171530677354,631.1171530677354,5.1392186184103445e-05,0.9892114807163682
EC LII III Pyramidal Tripolar,DG MOPP,620.5755624968898,620.5755624968898,5.0533779178906196e-05,0.9892620144955471
EC LII III Pyramidal Tripolar,LEC LIII Multipolar Principal,618.570176482825,618.570176482825,5.037047959038312e-05,0.9893123849751374
DG Mossy,DG HIPP,613.0234907771255,613.0234907771255,4.991881019254405e-05,0.98936230378533
CA3 Basket,CA3 Axo Axonic,-610.1782909541363,610.1782909541363,4.968712414452065e-05,0.9894119909094745
DG Semilunar Granule,CA3 Mossy Fiber Associated,609.2590300449657,609.2590300449657,4.961226826781658e-05,0.9894616031777423
EC LV Deep Pyramidal,LEC LVI Multipolar Pyramidal,608.8907703194651,608.8907703194651,4.9582280693742515e-05,0.9895111854584361
CA1 Trilaminar,CA1 Perforant Path Associated QuadD,-607.6175480609322,607.6175480609322,4.947860156690179e-05,0.989560664060003
CA1 Back Projection,CA1 LMR,-607.4492455976291,607.4492455976291,4.946489661293679e-05,0.9896101289566159
EC LIII V Bipolar Pyramidal,EC LIII Pyramidal Stellate,601.3553812101552,601.3553812101552,4.896867018071347e-05,0.9896590976267966
CA1 Basket CCK+,CA1 Axo Axonic,-601.3361936537688,601.3361936537688,4.896710772837727e-05,0.989708064734525
CA2 Pyramidal,CA3 Granule,592.9863345985209,592.9863345985209,4.828717451931701e-05,0.9897563519090443
MEC LII III Pyramidal Multiform,MEC LV Superficial Pyramidal,589.7870748828476,589.7870748828476,4.802665719672487e-05,0.989804378566241
EC LI II Pyramidal Fan,DG Semilunar Granule,580.9097213417157,580.9097213417157,4.7303769847220366e-05,0.9898516823360882
CA2 Wide Arbor Basket,CA3 Basket CCK+,-578.7281860003933,578.7281860003933,4.712612633066646e-05,0.9898988084624188
EC LIII V Bipolar Pyramidal,LEC LIII Complex Pyramidal,578.5387259197909,578.5387259197909,4.711069850131743e-05,0.9899459191609201
MEC LIII Complex Pyramidal,MEC LII Oblique Pyramidal,569.2148212010752,569.2148212010752,4.6351448265544405e-05,0.9899922706091857
MEC LV Pyramidal,MEC LV Pyramidal,565.2447275074132,565.2447275074132,4.602816154566799e-05,0.9900382987707314
DG HIPP,DG AIPRIM,-561.3452951927815,561.3452951927815,4.5710628817312e-05,0.9900840093995487
CA1 Bistratified,CA1 Trilaminar,-557.8856530916332,557.8856530916332,4.542890842652824e-05,0.9901294383079752
CA1 Back Projection,CA1 Trilaminar,-557.8829332191739,557.8829332191739,4.542868694595027e-05,0.9901748669949211
LEC LIII Multipolar Principal,LEC LIII Complex Pyramidal,556.0635991085179,556.0635991085179,4.528053765719867e-05,0.9902201475325783
DG Total Molecular Layer,DG MOLAX,-554.467384930797,554.467384930797,4.515055713644687e-05,0.9902652980897148
DG HIPP,DG HICAP,-554.4265999454675,554.4265999454675,4.5147235994643986e-05,0.9903104453257094
CA3 Trilaminar,CA1 Perforant Path Associated QuadD,-554.0088993235377,554.0088993235377,4.5113222423586554e-05,0.9903555585481331
MEC LIII Complex Pyramidal,EC LI II Multipolar Pyramidal,552.0532459996851,552.0532459996851,4.495397259296089e-05,0.990400512520726
CA1 Back Projection,CA3 Lucidum ORAX,-551.4132245194545,551.4132245194545,4.4901855322951736e-05,0.9904454143760489
DG MOLAX,DG Axo Axonic,-550.8667669744976,550.8667669744976,4.4857357011100086e-05,0.99049027173306
CA1 Horizontal Basket,CA1 Horizontal Basket,-549.1605773609149,549.1605773609149,4.471842113547001e-05,0.9905349901541955
MEC LII III Pyramidal Multiform,MEC LV Pyramidal,548.8069668104904,548.8069668104904,4.468962645106673e-05,0.9905796797806466
EC LII III Pyramidal Tripolar,DG Total Molecular Layer,546.6716764298945,546.6716764298945,4.451574868484964e-05,0.9906241955293315
EC LIII Pyramidal,CA1 Quadrilaminar,542.7166345839955,542.7166345839955,4.4193687644482786e-05,0.990668389216976
LEC LIII Multipolar Principal,EC LI II Multipolar Pyramidal,539.4518276519966,539.4518276519966,4.392783277920323e-05,0.9907123170497552
LEC LIII Complex Pyramidal,EC LIII Pyramidal Stellate,538.1000722266449,538.1000722266449,4.3817758657215945e-05,0.9907561348084124
SUB CA1 Projecting Pyramidal,CA1 LMR,529.5048308792063,529.5048308792063,4.311784384508049e-05,0.9907992526522574
MEC LV Pyramidal,DG Semilunar Granule,525.4341809218159,525.4341809218159,4.278636877823491e-05,0.9908420390210356
CA2 Wide Arbor Basket,CA1 Bistratified,-524.6485527681231,524.6485527681231,4.2722394683806005e-05,0.9908847614157195
MEC LIII Complex Pyramidal,MEC LIII Bipolar Complex Pyramidal,523.6053163655115,523.6053163655115,4.263744342051608e-05,0.9909273988591399
CA2 Wide Arbor Basket,CA3 Axo Axonic,-521.1771700681137,521.1771700681137,4.243971825017085e-05,0.9909698385773901
CA1 Basket,CA1 Basket CCK+,-512.4557199175513,512.4557199175513,4.17295261919224e-05,0.991011568103582
EC LIII V Bipolar Pyramidal,EC LIV VI Deep Multipolar Principal,511.5294987890816,511.5294987890816,4.1654103541071304e-05,0.9910532222071231
CA2 Pyramidal,CA1 Oriens Bistratified,511.097839403616,511.097839403616,4.161895330090095e-05,0.991094841160424
CA1 Ivy,CA1 Trilaminar,-510.5863982831911,510.5863982831911,4.157730639405438e-05,0.9911364184668181
EC LI II Pyramidal Fan,DG Neurogliaform,509.2126286221898,509.2126286221898,4.146543964182134e-05,0.9911778839064599
CA2 Wide Arbor Basket,CA2 Basket,-509.1925879443356,509.1925879443356,4.14638077193763e-05,0.9912193477141793
MEC LV Pyramidal,MEC LIII Superficial Trilayered Interneuron,502.9527822034839,502.9527822034839,4.0955697209579915e-05,0.9912603034113889
EC LIII V Bipolar Pyramidal,MEC LIII Bipolar Complex Pyramidal,498.6740977178184,498.6740977178184,4.0607281786799047e-05,0.9913009106931757
MEC LIII Complex Pyramidal,MEC LII III Pyramidal Multiform,496.8518298322453,496.8518298322453,4.0458893599285094e-05,0.991341369586775
EC LIII Pyramidal,MEC LIII Superficial Multipolar Interneuron,496.4579948605953,496.4579948605953,4.042682342009496e-05,0.9913817964101951
LEC LIII Multipolar Principal,LEC LIII Multipolar Principal,496.4095848183002,496.4095848183002,4.0422881366080555e-05,0.9914222192915612
MEC LV Superficial Pyramidal,MEC LIII Complex Pyramidal,495.9622533998108,495.9622533998108,4.0386454944403916e-05,0.9914626057465056
CA2 Wide Arbor Basket,CA1 OR LM,-494.35979533382607,494.35979533382607,4.025596598070043e-05,0.9915028617124862
DG Semilunar Granule,DG Granule,488.2288969219253,488.2288969219253,3.975672384930107e-05,0.9915426184363355
CA1 Horizontal Basket,CA1 Basket,-483.5280988852144,483.5280988852144,3.937393550843247e-05,0.991581992371844
MEC LII III Pyramidal Multiform,MEC LIII Bipolar Complex Pyramidal,482.7749536321309,482.7749536321309,3.931260651288545e-05,0.9916213049783569
CA1 Basket CCK+,CA1 Ivy,-482.5912549741983,482.5912549741983,3.929764783907291e-05,0.9916606026261959
MEC LII Stellate,EC LV Deep Pyramidal,481.14979017513406,481.14979017513406,3.9180268637808526e-05,0.9916997828948337
EC LIV VI Deep Multipolar Principal,MEC LV Pyramidal,479.0772940932867,479.0772940932867,3.9011504242820367e-05,0.9917387943990765
SUB CA1 Projecting Pyramidal,CA1 Back Projection,477.1459483921526,477.1459483921526,3.885423379409926e-05,0.9917776486328707
CA1 Back Projection,CA3 Mossy Fiber Associated ORDEN,-476.568301606318,476.568301606318,3.880719572672625e-05,0.9918164558285973
DG MOLAX,DG AIPRIM,-474.9538748387004,474.9538748387004,3.8675732145648305e-05,0.991855131560743
DG MOLAX,DG HICAP,-472.0979319834816,472.0979319834816,3.844317128712445e-05,0.9918935747320301
EC LIII V Bipolar Pyramidal,EC LIII V Bipolar Pyramidal,471.82519386819655,471.82519386819655,3.842096208565987e-05,0.9919319956941157
EC LII III Pyramidal Tripolar,MEC LV Pyramidal,470.4055175072192,470.4055175072192,3.830535712783251e-05,0.9919703010512435
CA2 Basket,CA2 Basket,-469.44380375494126,469.44380375494126,3.8227044294830524e-05,0.9920085280955383
CA1 Back Projection,CA1 Perforant Path Associated,-467.9332789471777,467.9332789471777,3.810404150243461e-05,0.9920466321370407
DG Semilunar Granule,CA3 Spiny Lucidum,462.5715872249977,462.5715872249977,3.766743625742004e-05,0.9920842995732981
SUB CA1 Projecting Pyramidal,CA1 R Receiving Apical Targeting,460.1612013814821,460.1612013814821,3.747115732973862e-05,0.9921217707306279
MEC LV Multipolar Pyramidal,MEC LIII Complex Pyramidal,457.2402797600769,457.2402797600769,3.723330521770718e-05,0.9921590040358456
MEC LII Oblique Pyramidal,MEC LIII Complex Pyramidal,455.4398944649327,455.4398944649327,3.7086698940502674e-05,0.9921960907347861
MEC LV Pyramidal,MEC LV Superficial Pyramidal,453.2801715688166,453.2801715688166,3.691083162229756e-05,0.9922330015664084
EC LII III Pyramidal Tripolar,MEC LV Superficial Pyramidal,438.2727778018677,438.2727778018677,3.5688772023916754e-05,0.9922686903384322
EC LII III Pyramidal Tripolar,SUB CA1 Projecting Pyramidal,436.50277366050136,436.50277366050136,3.5544639699295926e-05,0.9923042349781316
CA3 Basket CCK+,CA3c Pyramidal,-433.6715861128751,433.6715861128751,3.531409467788037e-05,0.9923395490728094
EC LIII V Bipolar Pyramidal,EC LV Deep Pyramidal,430.7344261554038,430.7344261554038,3.5074920270002e-05,0.9923746239930794
CA3 Basket CCK+,CA3 Pyramidal,-430.0917332357797,430.0917332357797,3.502258546334372e-05,0.9924096465785428
CA3 Trilaminar,CA1 Trilaminar,-429.0116268417959,429.0116268417959,3.493463185817162e-05,0.992444581210401
EC LI II Pyramidal Fan,EC LV Deep Pyramidal,426.2149282942818,426.2149282942818,3.470689529332621e-05,0.9924792881056943
CA2 Wide Arbor Basket,CA1 Axo Axonic,-422.6284678666892,422.6284678666892,3.441484802263989e-05,0.992513702953717
MEC LII Stellate,EC LIII V Bipolar Pyramidal,422.6029284808215,422.6029284808215,3.441276833764454e-05,0.9925481157220546
LEC LIII Complex Pyramidal,EC LIII Stellate,422.07977447495017,422.07977447495017,3.4370167644663835e-05,0.9925824858896992
EC LIII Pyramidal Stellate,MEC LIII Bipolar Complex Pyramidal,418.9168875087689,418.9168875087689,3.4112612173298254e-05,0.9926165985018726
CA1 Horizontal Basket,CA1 Basket CCK+,-418.0473811598559,418.0473811598559,3.4041807835380345e-05,0.992650640309708
CA3c Pyramidal,CA3 Trilaminar,415.4058964621792,415.4058964621792,3.382671041214347e-05,0.9926844670201201
CA1 Back Projection,CA3 Axo Axonic,-412.59479017064496,412.59479017064496,3.3597800617479204e-05,0.9927180648207377
LEC LIII Multipolar Principal,EC LIII Stellate,407.20715251546153,407.20715251546153,3.31590825821322e-05,0.9927512239033198
CA1 Back Projection,CA3 O LM,-406.0966533461606,406.0966533461606,3.306865407802865e-05,0.9927842925573979
LEC LIII Multipolar Principal,EC LIII Pyramidal Stellate,406.0536249631236,406.0536249631236,3.306515025522572e-05,0.9928173577076531
DG Basket,DG Total Molecular Layer,-403.2172190261984,403.2172190261984,3.283418029775332e-05,0.9928501918879509
EC LII III Pyramidal Tripolar,EC LV Deep Pyramidal,402.69113718335626,402.69113718335626,3.279134118954021e-05,0.9928829832291404
MEC LIII Superficial Multipolar Interneuron,MEC LIII Bipolar Complex Pyramidal,-401.9968491463907,401.9968491463907,3.273480496660966e-05,0.9929157180341069
CA2 Pyramidal,CA3 LMR Targeting,401.9931719312679,401.9931719312679,3.2734505529138646e-05,0.992948452539636
EC LIII Pyramidal Stellate,LEC LIII Multipolar Principal,400.0823418406856,400.0823418406856,3.257890567687025e-05,0.9929810314453129
EC LIII Pyramidal,CA1 Pyramidal,399.8181948870682,399.8181948870682,3.2557396058007435e-05,0.9930135888413709
EC LV Deep Pyramidal,EC LV Deep Pyramidal,398.1782023002817,398.1782023002817,3.242385063945717e-05,0.9930460126920104
MEC LV Pyramidal,EC LI II Multipolar Pyramidal,397.3319836201498,397.3319836201498,3.235494262808335e-05,0.9930783676346385
CA1 Perforant Path Associated,CA1 LMR,-393.0028488398775,393.0028488398775,3.2002419012519454e-05,0.993110370053651
EC LIII Pyramidal Stellate,SUB CA1 Projecting Pyramidal,389.79456390732304,389.79456390732304,3.174116676199189e-05,0.993142111220413
EC LI II Pyramidal Fan,MEC LV Superficial Pyramidal,389.0107918291259,389.0107918291259,3.1677343808721146e-05,0.9931737885642217
MEC LV Pyramidal,MEC LII Oblique Pyramidal,388.1786160658594,388.1786160658594,3.1609579319108074e-05,0.9932053981435408
MEC LV Pyramidal,MEC LIII Bipolar Complex Pyramidal,388.0471277671555,388.0471277671555,3.159887216102312e-05,0.9932369970157018
CA1 Back Projection,CA1 Oriens Alveus,-387.6543581593633,387.6543581593633,3.156688873494605e-05,0.9932685639044367
MEC LIII Superficial Multipolar Interneuron,MEC LIII Complex Pyramidal,-385.7248447647463,385.7248447647463,3.140976749186325e-05,0.9932999736719286
SUB CA1 Projecting Pyramidal,CA1 OR LM,385.0131625856294,385.0131625856294,3.135181485521679e-05,0.9933313254867838
CA1 Back Projection,CA1 Radial Trilaminar,-384.5921097228289,384.5921097228289,3.131752830950462e-05,0.9933626430150934
EC LIII V Bipolar Pyramidal,MEC LV Superficial Pyramidal,384.0111387577682,384.0111387577682,3.127021955255066e-05,0.9933939132346459
CA3c Pyramidal,CA3 Pyramidal,382.3961213101277,382.3961213101277,3.11387078721023e-05,0.993425051942518
CA3c Pyramidal,CA3 Granule,376.32060309984416,376.32060309984416,3.064397537828544e-05,0.9934556959178963
EC LII III Pyramidal Tripolar,EC LI II Pyramidal Fan,372.0363013112631,372.0363013112631,3.0295102535711923e-05,0.993485991020432
DG Basket,DG MOLAX,-371.4702751004077,371.4702751004077,3.0249010737585433e-05,0.9935162400311696
MEC LV Pyramidal,MEC LII III Pyramidal Multiform,371.36559757132704,371.36559757132704,3.0240486793912446e-05,0.9935464805179635
EC LI II Pyramidal Fan,EC LI II Pyramidal Fan,370.7544610085407,370.7544610085407,3.0190721637212203e-05,0.9935766712396007
CA1 Back Projection,CA1 Basket,-370.3578392858256,370.3578392858256,3.0158424531485705e-05,0.9936068296641322
CA1 Bistratified,CA1 LMR,-368.01134441906805,368.01134441906805,2.9967348278073363e-05,0.9936367970124103
LEC LIII Complex Pyramidal,EC LII III Pyramidal Tripolar,366.36278097895246,366.36278097895246,2.9833104930639522e-05,0.9936666301173409
DG Total Molecular Layer,DG Total Molecular Layer,-364.8268314734505,364.8268314734505,2.970803179236013e-05,0.9936963381491333
EC LIII Pyramidal,CA1 Radial Trilaminar,361.2188813424776,361.2188813424776,2.9414234604353705e-05,0.9937257523837376
EC LIII Pyramidal Stellate,EC LIII Pyramidal Stellate,360.1830629372671,360.1830629372671,2.932988739231115e-05,0.99375508227113
EC LIII V Bipolar Pyramidal,MEC LV Multipolar Pyramidal,357.100892631283,357.100892631283,2.9078904719052623e-05,0.993784161175849
CA2 Pyramidal,CA3 Trilaminar,351.1978318712904,351.1978318712904,2.8598215521874276e-05,0.9938127593913709
CA2 Wide Arbor Basket,CA1 Ivy,-350.3181993762556,350.3181993762556,2.852658660680094e-05,0.9938412859779777
CA3c Pyramidal,DG Semilunar Granule,350.2833916824777,350.2833916824777,2.852375219884581e-05,0.9938698097301766
CA1 Back Projection,CA1 Basket CCK+,-344.9751917024145,344.9751917024145,2.8091502813209823e-05,0.9938979012329898
EC LIII V Bipolar Pyramidal,EC LII III Pyramidal Tripolar,340.43569682470206,340.43569682470206,2.77218494694476e-05,0.9939256230824592
DG Basket,DG Basket,-340.4290163310755,340.4290163310755,2.7721305473502333e-05,0.9939533443879327
EC LIII V Bipolar Pyramidal,EC LIII Stellate,338.62065230287004,338.62065230287004,2.757404948406451e-05,0.9939809184374168
CA1 Horizontal Basket,CA1 Bistratified,-334.4837806563393,334.4837806563393,2.7237181951872074e-05,0.9940081556193686
CA3 O LM,CA3 Axo Axonic,-333.0721548394777,333.0721548394777,2.712223255388819e-05,0.9940352778519225
CA3 LMR Targeting,CA3 LMR Targeting,-329.7500831496275,329.7500831496275,2.685171459066719e-05,0.9940621295665132
EC LV Deep Pyramidal,EC LIV VI Deep Multipolar Principal,326.6081416722669,326.6081416722669,2.6595864720957276e-05,0.9940887254312342
DG Total Molecular Layer,DG Basket,-324.88467420225913,324.88467420225913,2.6455521900816272e-05,0.994115180953135
LEC LIII Complex Pyramidal,EC LIII V Bipolar Pyramidal,324.0973058650725,324.0973058650725,2.6391406102373028e-05,0.9941415723592374
EC LII III Pyramidal Tripolar,CA1 Neurogliaform Projecting,318.0551929557946,318.0551929557946,2.5899393818964758e-05,0.9941674717530563
SUB CA1 Projecting Pyramidal,CA1 Basket CCK+,317.8185794217695,317.8185794217695,2.5880126260263197e-05,0.9941933518793166
CA3c Pyramidal,DG HIPP,317.71454604696333,317.71454604696333,2.5871654770395726e-05,0.994219223534087
CA2 Wide Arbor Basket,CA2 Wide Arbor Basket,-316.75689476205247,316.75689476205247,2.5793672746148155e-05,0.9942450172068331
DG AIPRIM,DG Hilar Ectopic Granule,-316.23318842292275,316.23318842292275,2.5751027076393304e-05,0.9942707682339095
CA1 Basket,CA1 OR LM,-315.3446292139412,315.3446292139412,2.567867125452788e-05,0.994296446905164
CA1 Basket CCK+,CA1 Pyramidal,-312.7177764720282,312.7177764720282,2.5464765318784565e-05,0.9943219116704829
LEC LIII Multipolar Principal,EC LII III Pyramidal Tripolar,312.6527957360244,312.6527957360244,2.5459473904873763e-05,0.9943473711443878
MEC LV Multipolar Pyramidal,MEC LV VI Pyramidal Polymorphic,310.0494867467437,310.0494867467437,2.524748514871092e-05,0.9943726186295365
CA1 Bistratified,CA1 R Receiving Apical Targeting,-308.5798668736339,308.5798668736339,2.5127813265651493e-05,0.9943977464428022
CA1 Bistratified,CA1 Perforant Path Associated,-308.31491185557314,308.31491185557314,2.510623784569594e-05,0.9944228526806479
MEC LII III Pyramidal Multiform,MEC LII Stellate,308.0929075038045,308.0929075038045,2.5088159920029816e-05,0.994447940840568
MEC LII III Pyramidal Multiform,MEC LII III Pyramidal Multiform,307.79730677822744,307.79730677822744,2.506408900474702e-05,0.9944730049295727
EC LIII V Bipolar Pyramidal,EC LIII Pyramidal,304.9686783779771,304.9686783779771,2.4833752375985313e-05,0.9944978386819486
LEC LIII Complex Pyramidal,EC LIII Pyramidal,304.8668842320541,304.8668842320541,2.4825463227648433e-05,0.9945226641451763
CA1 Schaffer Collateral Associated,CA1 Trilaminar,-304.52326183682845,304.52326183682845,2.479748188373055e-05,0.9945474616270601
LEC LVI Multipolar Pyramidal,LEC LIII Multipolar Principal,304.0317537911717,304.0317537911717,2.4757458137155776e-05,0.9945722190851972
MEC LII III Pyramidal Multiform,MEC LIII Superficial Trilayered Interneuron,303.6801070675597,303.6801070675597,2.4728823368154403e-05,0.9945969479085653
CA3 Pyramidal,CA1 Radiatum Giant,303.66294985857763,303.66294985857763,2.472742624802525e-05,0.9946216753348134
CA3 O LM,CA3 Basket CCK+,-303.2058606456646,303.2058606456646,2.4690205244256634e-05,0.9946463655400576
CA1 Basket,CA1 Bistratified,-301.34936378720096,301.34936378720096,2.4539029774319556e-05,0.9946709045698319
DG HIPP,DG Basket,-301.039627987728,301.039627987728,2.4513807832882816e-05,0.9946954183776647
CA3 O LM,CA3 LMR Targeting,-300.6736022548803,300.6736022548803,2.448400217395048e-05,0.9947199023798386
CA1 O LMR,CA1 Perforant Path Associated QuadD,-300.04872024930523,300.04872024930523,2.443311771895269e-05,0.9947443354975576
CA1 Back Projection,DG AIPRIM,-299.0210946950686,299.0210946950686,2.4349437654872412e-05,0.9947686849352124
EC LIII V Bipolar Pyramidal,MEC LII III Pyramidal Multiform,296.4189780032186,296.4189780032186,2.4137545988087108e-05,0.9947928224812005
CA3 Trilaminar,CA3 Lucidum ORAX,-291.84006757875693,291.84006757875693,2.3764683016592162e-05,0.9948165871642171
SUB CA1 Projecting Pyramidal,CA1 Oriens Alveus,291.40030992433583,291.40030992433583,2.37288733303207e-05,0.9948403160375474
CA2 Basket,CA2 Wide Arbor Basket,-290.3257066321017,290.3257066321017,2.3641367845483053e-05,0.9948639574053929
CA1 SO SO,CA1 Trilaminar,-289.19322251482055,289.19322251482055,2.354914909604335e-05,0.994887506554489
SUB CA1 Projecting Pyramidal,CA1 Quadrilaminar,287.9595174934797,287.9595174934797,2.3448687877639093e-05,0.9949109552423666
CA3c Pyramidal,CA3 LMR Targeting,282.84957352592227,282.84957352592227,2.303258257849685e-05,0.9949339878249451
CA3 LMR Targeting,CA3 Axo Axonic,-282.6086438983953,282.6086438983953,2.301296355813756e-05,0.9949570007885032
CA1 Schaffer Collateral Associated,CA1 LMR,-281.97550172104155,281.97550172104155,2.2961406473210606e-05,0.9949799621949764
CA3 LMR Targeting,CA3 Basket CCK+,-280.1129767232144,280.1129767232144,2.2809740128862953e-05,0.9950027719351053
CA1 Basket,CA1 Axo Axonic,-280.0288878399418,280.0288878399418,2.280289272894021e-05,0.9950255748278343
EC LIII V Bipolar Pyramidal,MEC LIII Superficial Trilayered Interneuron,279.2154674338043,279.2154674338043,2.2736655497461127e-05,0.9950483114833317
CA3 Trilaminar,CA3 Mossy Fiber Associated ORDEN,-276.85834323578854,276.85834323578854,2.2544713692275427e-05,0.995070856197024
CA1 Neurogliaform,CA1 LMR,-274.6823644846484,274.6823644846484,2.2367522651645854e-05,0.9950932237196756
CA1 Trilaminar,CA1 Trilaminar,-274.6652377283173,274.6652377283173,2.2366128011291335e-05,0.9951155898476869
CA1 Bistratified,CA1 Radial Trilaminar,-274.1662723951528,274.1662723951528,2.23254970140561e-05,0.995137915344701
CA1 Perforant Path Associated,CA1 Perforant Path Associated,-272.08416505614923,272.08416505614923,2.215594996957912e-05,0.9951600712946705
CA1 Perforant Path Associated,CA1 Perforant Path Associated QuadD,-271.3804407552845,271.3804407552845,2.2098645346948404e-05,0.9951821699400175
CA3 Trilaminar,CA3 Basket,-269.1578830202166,269.1578830202166,2.191766135630528e-05,0.9952040876013738
MEC LIII Bipolar Complex Pyramidal,MEC LII Stellate,268.5769974548232,268.5769974548232,2.1870359553489035e-05,0.9952259579609273
MEC LII Stellate,EC LIV VI Deep Multipolar Principal,267.8934439986594,267.8934439986594,2.1814697452854945e-05,0.9952477726583802
CA2 Pyramidal,CA1 Radiatum Giant,263.0645063940111,263.0645063940111,2.1421474642726588e-05,0.9952691941330228
CA1 Ivy,CA1 Horizontal Basket,-262.19709298570547,262.19709298570547,2.135084073401163e-05,0.9952905449737568
CA1 Bistratified,CA1 Basket,-261.8974648443558,261.8974648443558,2.132644186424333e-05,0.995311871415621
MEC LII Stellate,DG Hilar Ectopic Granule,257.1632982955139,257.1632982955139,2.094093630870264e-05,0.9953328123519297
SUB CA1 Projecting Pyramidal,CA1 Radial Trilaminar,257.11625948178613,257.11625948178613,2.0937105914517936e-05,0.9953537494578443
CA1 Neurogliaform,CA1 Perforant Path Associated QuadD,-257.08163792227487,257.08163792227487,2.093428666356946e-05,0.9953746837445079
CA1 Oriens Alveus,CA1 Trilaminar,-255.6563879316011,255.6563879316011,2.0818227842281588e-05,0.9953955019723502
EC LIII Pyramidal Stellate,EC LII III Pyramidal Tripolar,254.6407583376596,254.6407583376596,2.07355246152623e-05,0.9954162374969654
LEC LIII Multipolar Principal,EC LIII Pyramidal,254.50402850154305,254.50402850154305,2.0724390636157997e-05,0.9954369618876016
EC LIII Pyramidal Stellate,CA1 Radiatum Giant,253.3952668500652,253.3952668500652,2.0634103619001887e-05,0.9954575959912205
CA1 Bistratified,CA1 Oriens Alveus,-246.92670438598407,246.92670438598407,2.010736533454603e-05,0.995477703356555
CA1 Radiatum Giant,CA1 SO SO,246.16557638842173,246.16557638842173,2.004538630011396e-05,0.9954977487428551
SUB CA1 Projecting Pyramidal,CA1 Basket,244.9974901929592,244.9974901929592,1.9950268455598887e-05,0.9955176990113107
LEC LIII Complex Pyramidal,EC LI II Multipolar Pyramidal,244.61587010227,244.61587010227,1.991919294028931e-05,0.995537618204251
CA1 Schaffer Collateral Associated,CA1 R Receiving Apical Targeting,-242.2689231921843,242.2689231921843,1.9728079876762124e-05,0.9955573462841277
EC LIII Pyramidal Stellate,EC LIII Pyramidal,241.99019548048847,241.99019548048847,1.9705382939458943e-05,0.9955770516670672
EC LIII Pyramidal Stellate,MEC LII III Pyramidal Multiform,241.6045148791969,241.6045148791969,1.967397677473528e-05,0.9955967256438419
CA1 Bistratified,CA1 Basket CCK+,-241.22682739318992,241.22682739318992,1.9643221493396583e-05,0.9956163688653353
DG AIPRIM,DG Mossy,-240.68745091666068,240.68745091666068,1.9599299796497082e-05,0.9956359681651318
CA1 Horizontal Basket,CA1 OR LM,-237.32186900154176,237.32186900154176,1.932523877381865e-05,0.9956552934039056
DG Basket,DG Granule,-237.32018157646093,237.32018157646093,1.9325101365948332e-05,0.9956746185052715
CA1 Back Projection,CA3 Basket CCK+,-236.6642243006076,236.6642243006076,1.9271686436112232e-05,0.9956938901917076
EC LII III Pyramidal Tripolar,DG Semilunar Granule,236.3870433024337,236.3870433024337,1.9249115448466584e-05,0.9957131393071561
DG Granule,CA3 Pyramidal,234.86430763410192,234.86430763410192,1.9125118319572697e-05,0.9957322644254757
CA1 Back Projection,CA1 Quadrilaminar,-234.753826191052,234.753826191052,1.911612176027541e-05,0.995751380547236
DG HIPP,DG MOLAX,-233.8114786730144,233.8114786730144,1.9039385929436854e-05,0.9957704199331654
MEC LIII Superficial Trilayered Interneuron,MEC LII Stellate,-232.23660976645172,232.23660976645172,1.8911143564816894e-05,0.9957893310767302
DG AIPRIM,DG Granule,-232.01831894905385,232.01831894905385,1.8893368034116356e-05,0.9958082244447642
MEC LII Stellate,DG MOLAX,231.79737379820003,231.79737379820003,1.887537635971175e-05,0.9958270998211239
DG Semilunar Granule,CA3 LMR Targeting,229.8546315699677,229.8546315699677,1.87171778860754e-05,0.99584581699901
CA1 Bistratified,CA1 Horizontal Basket,-229.2781810759488,229.2781810759488,1.8670237233344706e-05,0.9958644872362433
CA1 Schaffer Collateral Associated,CA1 Perforant Path Associated,-228.73927023547503,228.73927023547503,1.862635345342265e-05,0.9958831135896967
CA1 Back Projection,CA1 Horizontal Basket,-228.5553693824964,228.5553693824964,1.8611378314766136e-05,0.9959017249680114
EC LIII Pyramidal,CA1 Schaffer Collateral Associated,227.4002893766032,227.4002893766032,1.8517319570788332e-05,0.9959202422875822
EC LIII V Bipolar Pyramidal,MEC LV Pyramidal,226.0217597456127,226.0217597456127,1.8405065211812666e-05,0.995938647352794
EC LIII Pyramidal Stellate,EC LIII Stellate,224.7017486044421,224.7017486044421,1.8297576042801202e-05,0.9959569449288368
CA1 Schaffer Collateral Associated,CA1 Basket,-224.264287929312,224.264287929312,1.8261953400704992e-05,0.9959752068822375
CA1 Back Projection,CA3 Mossy Fiber Associated,-224.04633112189435,224.04633112189435,1.82442050686046e-05,0.9959934510873061
EC LIII Pyramidal,CA1 Neurogliaform Projecting,219.96510262652936,219.96510262652936,1.791186858610821e-05,0.9960113629558922
MEC LV Superficial Pyramidal,MEC LV Multipolar Pyramidal,218.5111462490885,218.5111462490885,1.7793472189353987e-05,0.9960291564280815
MEC LIII Complex Pyramidal,EC LIII Stellate,217.134348499229,217.134348499229,1.768135885832709e-05,0.9960468377869399
DG Total Molecular Layer,DG Hilar Ectopic Granule,-216.1925467768688,216.1925467768688,1.760466747190418e-05,0.9960644424544118
CA1 Neurogliaform,CA1 Perforant Path Associated,-215.97799840086435,215.97799840086435,1.758719669008258e-05,0.9960820296511019
DG MOLAX,DG MOLAX,-215.64237195086028,215.64237195086028,1.7559866459992844e-05,0.996099589517562
CA1 Horizontal Basket,CA1 Ivy,-214.33116905505395,214.33116905505395,1.74530945508174e-05,0.9961170426121128
CA1 R Receiving Apical Targeting,CA1 LMR,-213.6262003191554,213.6262003191554,1.7395688593217984e-05,0.996134438300706
LEC LVI Multipolar Pyramidal,LEC LVI Multipolar Pyramidal,212.66755764529012,212.66755764529012,1.7317625839670825e-05,0.9961517559265457
CA1 Schaffer Collateral Associated,CA1 Radial Trilaminar,-211.17051587552007,211.17051587552007,1.7195720977818422e-05,0.9961689516475235
CA3 Basket,CA3c Pyramidal,-211.13019919233795,211.13019919233795,1.7192437970094186e-05,0.9961861440854936
CA3 LMR Targeting,CA3 Granule,-210.82344077948773,210.82344077948773,1.7167458478742845e-05,0.9962033115439723
EC LII III Pyramidal Tripolar,DG Neurogliaform,209.80806986702487,209.80806986702487,1.7084776316286054e-05,0.9962203963202886
CA1 Ivy,CA1 Radial Trilaminar,-209.56953814482037,209.56953814482037,1.706535255855936e-05,0.9962374616728471
LEC LIII Multipolar Principal,EC LIII V Bipolar Pyramidal,209.47033263981277,209.47033263981277,1.7057274204550033e-05,0.9962545189470516
MEC LIII Superficial Multipolar Interneuron,MEC LII III Pyramidal Multiform,-208.7969791962044,208.7969791962044,1.7002442696052096e-05,0.9962715213897477
CA1 Horizontal Basket,CA1 Axo Axonic,-208.721801392916,208.721801392916,1.6996320929840023e-05,0.9962885177106776
CA1 Schaffer Collateral Associated,CA1 Oriens Alveus,-207.27657980283715,207.27657980283715,1.687863581119986e-05,0.9963053963464888
CA3 O LM,CA3 Granule,-206.46147056261037,206.46147056261037,1.6812261057114193e-05,0.996322208607546
CA1 Basket,CA1 Ivy,-206.0993534163676,206.0993534163676,1.6782773676348664e-05,0.9963389913812223
DG Total Molecular Layer,DG HIPROM,-205.9076686686365,205.9076686686365,1.676716469124001e-05,0.9963557585459135
EC LIII Pyramidal Stellate,LEC LIII Complex Pyramidal,205.36992313739768,205.36992313739768,1.6723375803033182e-05,0.9963724819217166
MEC LIII Complex Pyramidal,EC LIII Pyramidal Stellate,202.5659042080212,202.5659042080212,1.6495043135822663e-05,0.9963889769648524
CA1 Radiatum Giant,CA1 Back Projection,202.1951282372171,202.1951282372171,1.646485066263201e-05,0.996405441815515
CA1 Radiatum Giant,CA1 Perforant Path Associated QuadD,201.9625714006364,201.9625714006364,1.6445913442837167e-05,0.9964218877289579
MEC LV Multipolar Pyramidal,MEC LV Multipolar Pyramidal,201.78698075346315,201.78698075346315,1.6431615008405695e-05,0.9964383193439663
DG HIPP,DG Granule,-201.72606840319276,201.72606840319276,1.6426654885184847e-05,0.9964547459988515
CA1 Back Projection,DG Axo Axonic,-200.00529708765205,200.00529708765205,1.6286531614253815e-05,0.9964710325304658
DG Semilunar Granule,CA3c Pyramidal,197.66611097545177,197.66611097545177,1.6096050516389306e-05,0.9964871285809821
EC LV Deep Pyramidal,LEC LIII Multipolar Principal,197.50243107708988,197.50243107708988,1.6082721980204984e-05,0.9965032113029623
CA2 Wide Arbor Basket,CA1 Pyramidal,-197.19444480342665,197.19444480342665,1.6057642503532053e-05,0.9965192689454658
CA1 Back Projection,CA1 Back Projection,-196.3416727692154,196.3416727692154,1.5988200849250033e-05,0.9965352571463151
MEC LIII Bipolar Complex Pyramidal,MEC LIII Superficial Trilayered Interneuron,195.7632683114683,195.7632683114683,1.5941101084273332e-05,0.9965511982473994
CA1 Back Projection,CA1 R Receiving Apical Targeting,-195.02855519807,195.02855519807,1.5881273027101808e-05,0.9965670795204264
CA1 Trilaminar,CA1 Radial Trilaminar,-194.8633186104657,194.8633186104657,1.5867817728932032e-05,0.9965829473381553
DG MOLAX,DG Basket,-193.54160983030133,193.54160983030133,1.5760190320326198e-05,0.9965987075284757
SUB CA1 Projecting Pyramidal,CA2 Wide Arbor Basket,193.49847966123104,193.49847966123104,1.575667820903555e-05,0.9966144642066848
CA1 Ivy,CA1 Basket,-193.1087050685679,193.1087050685679,1.5724938668541983e-05,0.9966301891453533
CA1 Trilaminar,CA1 Basket,-192.29485377979967,192.29485377979967,1.5658666350074255e-05,0.9966458478117034
CA1 Trilaminar,CA1 Oriens Alveus,-191.55370170468763,191.55370170468763,1.5598313965022213e-05,0.9966614461256684
CA3 Trilaminar,CA1 Horizontal Basket,-190.2935167647516,190.2935167647516,1.5495696473571073e-05,0.996676941822142
CA1 Schaffer Collateral Associated,CA1 Basket CCK+,-189.1732185505506,189.1732185505506,1.5404470028328572e-05,0.9966923462921703
MEC LV Superficial Pyramidal,MEC LIII Bipolar Complex Pyramidal,188.78826844188876,188.78826844188876,1.5373123347985983e-05,0.9967077194155183
CA1 Basket,CA1 Pyramidal,-188.4203597975635,188.4203597975635,1.5343164362628036e-05,0.9967230625798809
CA1 Back Projection,DG HICAP,-187.5246981612832,187.5246981612832,1.5270230186546888e-05,0.9967383328100674
MEC LIII Superficial Trilayered Interneuron,MEC LIII Complex Pyramidal,-186.7503595715258,186.7503595715258,1.5207175406969257e-05,0.9967535399854743
LEC LIII Complex Pyramidal,EC LV Deep Pyramidal,185.8316194118165,185.8316194118165,1.5132361935154895e-05,0.9967686723474095
CA1 Radiatum Giant,CA1 Horizontal Basket,184.5344608966314,184.5344608966314,1.5026733666934569e-05,0.9967836990810764
MEC LV Pyramidal,EC LIII Pyramidal Stellate,183.66159867184444,183.66159867184444,1.4955656058361779e-05,0.9967986547371348
DG Total Molecular Layer,DG Granule,-182.4684464428269,182.4684464428269,1.4858497074167498e-05,0.996813513234209
CA1 Back Projection,CA3 LMR Targeting,-182.15843057625327,182.15843057625327,1.4833252326726338e-05,0.9968283464865357
LEC LIII Complex Pyramidal,EC LIV VI Deep Multipolar Principal,182.03338687850896,182.03338687850896,1.4823069955728519e-05,0.9968431695564914
SUB CA1 Projecting Pyramidal,CA1 Axo Axonic,181.62110131789277,181.62110131789277,1.478949733582869e-05,0.9968579590538272
CA1 R Receiving Apical Targeting,CA1 Perforant Path Associated QuadD,-180.66586104611068,180.66586104611068,1.4711711641588955e-05,0.9968726707654688
CA1 Ivy,CA1 Oriens Alveus,-180.43116678915868,180.43116678915868,1.469260037058168e-05,0.9968873633658394
EC LV Deep Pyramidal,EC LIII V Bipolar Pyramidal,180.4005489546849,180.4005489546849,1.4690107144970268e-05,0.9969020534729843
MEC LII III Pyramidal Multiform,MEC LII Oblique Pyramidal,180.20032398337835,180.20032398337835,1.4673802725174236e-05,0.9969167272757095
DG HIPP,DG Total Molecular Layer,-179.7469778004936,179.7469778004936,1.4636886518217387e-05,0.9969313641622277
MEC LIII Bipolar Complex Pyramidal,MEC LIII Bipolar Complex Pyramidal,176.61548774480949,176.61548774480949,1.4381887713014395e-05,0.9969457460499407
LEC LVI Multipolar Pyramidal,LEC LIII Complex Pyramidal,175.93242994355498,175.93242994355498,1.4326265973808063e-05,0.9969600723159145
MEC LII III Pyramidal Multiform,EC LIII Pyramidal Stellate,175.15826890796524,175.15826890796524,1.426322565255532e-05,0.9969743355415671
CA1 Trilaminar,CA1 Basket CCK+,-174.5602141961945,174.5602141961945,1.4214525757541845e-05,0.9969885500673247
EC LV Deep Pyramidal,MEC LV Pyramidal,172.39609835538727,172.39609835538727,1.4038300719648134e-05,0.9970025883680443
DG Semilunar Granule,CA3 Basket CCK+,171.9902522266372,171.9902522266372,1.4005252465913566e-05,0.9970165936205102
CA1 O LMR,CA1 LMR,-171.53790129339677,171.53790129339677,1.3968417302634221e-05,0.9970305620378128
CA1 Ivy,CA1 Basket CCK+,-170.46307957537422,170.46307957537422,1.3880894031275118e-05,0.9970444429318441
EC LV Deep Pyramidal,MEC LV Multipolar Pyramidal,169.029345615202,169.029345615202,1.376414435609756e-05,0.9970582070762002
CA3 Basket,CA3 Pyramidal,-168.43993995017684,168.43993995017684,1.3716148757296766e-05,0.9970719232249575
CA1 Back Projection,CA1 Axo Axonic,-165.9508612332082,165.9508612332082,1.3513461829477499e-05,0.997085436686787
EC LIII Stellate,MEC LIII Complex Pyramidal,165.81222907217855,165.81222907217855,1.3502172943101794e-05,0.99709893885973
MEC LII Stellate,DG MOPP,164.4907912953051,164.4907912953051,1.3394567602429805e-05,0.9971123334273324
CA3 O LM,CA3 O LM,-163.1985870972566,163.1985870972566,1.3289342766737752e-05,0.9971256227700992
SUB CA1 Projecting Pyramidal,CA1 Schaffer Collateral Associated,162.75488583233104,162.75488583233104,1.325321195028579e-05,0.9971388759820495
CA1 Back Projection,CA1 Horizontal Axo Axonic,-161.94223645711918,161.94223645711918,1.3187037504241536e-05,0.9971520630195537
MEC LIII Complex Pyramidal,MEC LV Superficial Pyramidal,161.33957141120445,161.33957141120445,1.313796218740733e-05,0.9971652009817411
CA1 Trilaminar,CA1 LMR,-160.48546238076034,160.48546238076034,1.3068411660851768e-05,0.9971782693934019
MEC LIII Complex Pyramidal,MEC LV Multipolar Pyramidal,159.8639157558095,159.8639157558095,1.3017798807570398e-05,0.9971912871922095
CA1 Back Projection,CA3 Horizontal Axo Axonic,-159.54248808189908,159.54248808189908,1.2991624790936508e-05,0.9972042788170005
CA1 Ivy,CA1 Horizontal Axo Axonic,-158.7792190384259,158.7792190384259,1.2929471410062503e-05,0.9972172082884105
MEC LIII Complex Pyramidal,EC LII III Pyramidal Tripolar,158.0456038737529,158.0456038737529,1.2869732759406133e-05,0.9972300780211699
CA1 Bistratified,CA1 Quadrilaminar,-157.51414214152476,157.51414214152476,1.2826455564103118e-05,0.997242904476734
CA1 O LMR,CA1 Perforant Path Associated,-156.45751031774483,156.45751031774483,1.2740413504951673e-05,0.997255644890239
MEC LIII Bipolar Complex Pyramidal,MEC LII III Pyramidal Multiform,156.10322882603091,156.10322882603091,1.2711564185462824e-05,0.9972683564544245
CA1 Back Projection,CA1 Bistratified,-155.6642611366457,155.6642611366457,1.2675818826440283e-05,0.9972810322732509
MEC LIII Superficial Multipolar Interneuron,MEC LIII Superficial Trilayered Interneuron,-154.388849158489,154.388849158489,1.2571961389632776e-05,0.9972936042346405
DG MOLAX,DG Granule,-153.96422823142706,153.96422823142706,1.253738429465895e-05,0.9973061416189352
CA3 Trilaminar,CA3 O LM,-153.95372797336236,153.95372797336236,1.253652925338045e-05,0.9973186781481885
CA1 O LM,CA1 LMR,-152.77273899015964,152.77273899015964,1.2440360728390898e-05,0.9973311185089169
CA1 Oriens Bistratified,CA1 Perforant Path Associated QuadD,-151.2738465363081,151.2738465363081,1.2318305164405906e-05,0.9973434368140813
MEC LV Pyramidal,EC LIII Stellate,151.053741755289,151.053741755289,1.2300381921738263e-05,0.9973557371960031
CA2 Pyramidal,CA3 Spiny Lucidum,150.42125392013008,150.42125392013008,1.2248878120224284e-05,0.9973679860741234
CA1 R Receiving Apical Targeting,CA1 Perforant Path Associated,-150.09396331252455,150.09396331252455,1.2222226681960228e-05,0.9973802083008053
EC LIII Pyramidal Stellate,MEC LIII Superficial Trilayered Interneuron,149.54872867130987,149.54872867130987,1.2177827951773409e-05,0.9973923861287571
MEC LV Multipolar Pyramidal,MEC LIII Bipolar Complex Pyramidal,149.07265177363325,149.07265177363325,1.2139060771315043e-05,0.9974045251895285
DG MOLAX,DG Total Molecular Layer,-148.4686250349158,148.4686250349158,1.2089874571153229e-05,0.9974166150640996
CA1 Trilaminar,CA1 Horizontal Basket,-148.11244828295696,148.11244828295696,1.206087091967245e-05,0.9974286759350193
MEC LIII Bipolar Complex Pyramidal,MEC LV Superficial Pyramidal,146.3802679317498,146.3802679317498,1.1919818605247192e-05,0.9974405957536245
MEC LII Stellate,DG Total Molecular Layer,145.88188491850198,145.88188491850198,1.187923502661472e-05,0.9974524749886512
CA1 Radiatum Giant,CA1 OR LM,145.83976052094405,145.83976052094405,1.1875804815802563e-05,0.997464350793467
DG Total Molecular Layer,DG Mossy,-145.80739289118293,145.80739289118293,1.1873169103483643e-05,0.9974762239625704
CA1 Radiatum Giant,CA1 Horizontal Axo Axonic,145.50850978092677,145.50850978092677,1.1848830901970811e-05,0.9974880727934724
CA1 Bistratified,CA1 Bistratified,-145.31037412843256,145.31037412843256,1.1832696616453144e-05,0.9974999054900888
CA3 Trilaminar,CA1 Radial Trilaminar,-144.99970197689416,144.99970197689416,1.1807398427398276e-05,0.9975117128885163
CA1 Bistratified,CA1 Horizontal Axo Axonic,-144.7619022420346,144.7619022420346,1.1788034275768064e-05,0.9975235009227921
CA3 LMR Targeting,CA3 Lucidum ORAX,-144.5061073502677,144.5061073502677,1.1767204769489035e-05,0.9975352681275615
CA2 Wide Arbor Basket,CA3c Pyramidal,-144.1952310989651,144.1952310989651,1.1741889960488042e-05,0.997547010017522
CA1 Ivy,CA1 Back Projection,-143.67488584101972,143.67488584101972,1.1699517985259104e-05,0.9975587095355073
MEC LII III Pyramidal Multiform,EC LIII V Bipolar Pyramidal,143.0745024145248,143.0745024145248,1.165062846183814e-05,0.9975703601639692
SUB CA1 Projecting Pyramidal,CA1 Bistratified,142.42499193739778,142.42499193739778,1.1597738498054419e-05,0.9975819579024672
LEC LVI Multipolar Pyramidal,EC LIII Pyramidal Stellate,138.9942025493572,138.9942025493572,1.1318367598164293e-05,0.9975932762700653
MEC LV Superficial Pyramidal,MEC LV Pyramidal,138.477786593687,138.477786593687,1.1276315587989572e-05,0.9976045525856533
MEC LV Multipolar Pyramidal,MEC LV Superficial Pyramidal,138.44761428854213,138.44761428854213,1.1273858642054778e-05,0.9976158264442954
MEC LIII Superficial Trilayered Interneuron,MEC LII Oblique Pyramidal,-138.09873103563444,138.09873103563444,1.1245448903858321e-05,0.9976270718931992
LEC LVI Multipolar Pyramidal,EC LIV VI Deep Multipolar Principal,137.99321248288945,137.99321248288945,1.1236856475206702e-05,0.9976383087496744
CA1 Oriens Alveus,CA1 Perforant Path Associated QuadD,-137.8980520372441,137.8980520372441,1.122910751240923e-05,0.9976495378571868
MEC LIII Complex Pyramidal,MEC LV Pyramidal,137.66555023499842,137.66555023499842,1.1210174774087876e-05,0.9976607480319609
CA3 Trilaminar,CA3 Mossy Fiber Associated,-136.40457407583966,136.40457407583966,1.1107492853258753e-05,0.9976718555248142
MEC LV Superficial Pyramidal,MEC LII Stellate,135.01248410172684,135.01248410172684,1.0994134268744174e-05,0.9976828496590829
MEC LV Pyramidal,EC LV Deep Pyramidal,134.7226485345119,134.7226485345119,1.0970532813197161e-05,0.9976938201918961
CA1 Bistratified,CA1 OR LM,-133.5515468530766,133.5515468530766,1.0875169416147515e-05,0.9977046953613122
CA3 Trilaminar,CA1 Basket,-133.48290395307717,133.48290395307717,1.086957979038653e-05,0.9977155649411026
CA1 Bistratified,CA1 SO SO,-133.30000131652386,133.30000131652386,1.0854685936993986e-05,0.9977264196270396
CA1 Back Projection,CA1 SO SO,-133.10363648265974,133.10363648265974,1.0838695850125166e-05,0.9977372583228897
CA1 O LM,CA1 Perforant Path Associated QuadD,-133.08009120504286,133.08009120504286,1.0836778546364428e-05,0.9977480951014361
CA2 Bistratified,CA2 Bistratified,-133.06277892855218,133.06277892855218,1.0835368799010303e-05,0.9977589304702351
MEC LII III Pyramidal Multiform,EC LV Deep Pyramidal,132.4241310187943,132.4241310187943,1.0783363379533386e-05,0.9977697138336147
CA2 Wide Arbor Basket,CA3 Pyramidal,-131.08948633807424,131.08948633807424,1.0674682594059905e-05,0.9977803885162088
MEC LII III Pyramidal Multiform,EC LIV VI Deep Multipolar Principal,131.02159104900656,131.02159104900656,1.0669153846631905e-05,0.9977910576700554
CA1 Oriens Alveus,CA1 Horizontal Basket,-130.68163403195305,130.68163403195305,1.0641470976296212e-05,0.9978016991410317
CA1 Trilaminar,CA1 Back Projection,-130.60271807120725,130.60271807120725,1.0635044810048263e-05,0.9978123341858417
MEC LV Pyramidal,DG MOPP,130.2785056526632,130.2785056526632,1.0608644030262728e-05,0.9978229428298719
CA1 Ivy,CA1 SO SO,-129.53772951505147,129.53772951505147,1.0548322257989812e-05,0.9978334911521299
CA3 Trilaminar,CA1 Oriens Alveus,-129.50493279344676,129.50493279344676,1.0545651604506946e-05,0.9978440368037345
CA1 OR LM,CA1 Perforant Path Associated QuadD,-129.4087541503159,129.4087541503159,1.0537819729377756e-05,0.9978545746234638
MEC LIII Bipolar Complex Pyramidal,MEC LII Oblique Pyramidal,129.39404235709722,129.39404235709722,1.053662174068022e-05,0.9978651112452045
MEC LIII Superficial Trilayered Interneuron,EC LI II Multipolar Pyramidal,-129.34863132793697,129.34863132793697,1.0532923897808939e-05,0.9978756441691023
CA1 Schaffer Collateral Associated,CA1 Quadrilaminar,-129.08390821626426,129.08390821626426,1.0511367362106828e-05,0.9978861555364644
MEC LII III Pyramidal Multiform,EC LIII Stellate,129.02263388267292,129.02263388267292,1.0506377762402674e-05,0.9978966619142269
CA3 O LM,CA3 Lucidum ORAX,-128.8647277058631,128.8647277058631,1.0493519383258986e-05,0.9979071554336102
MEC LIII Superficial Multipolar Interneuron,EC LIII Stellate,-126.59248741008696,126.59248741008696,1.0308489716789095e-05,0.997917463923327
CA1 Bistratified,CA1 Back Projection,-126.40842473407209,126.40842473407209,1.0293501400801611e-05,0.9979277574247278
CA1 OR LM,CA1 LMR,-126.40005509582502,126.40005509582502,1.0292819856963046e-05,0.9979380502445848
SUB CA1 Projecting Pyramidal,CA1 Radiatum,126.21032126364956,126.21032126364956,1.0277369735886178e-05,0.9979483276143207
DG HIPP,CA1 Neurogliaform Projecting,-124.9475314584498,124.9475314584498,1.0174540128950666e-05,0.9979585021544497
CA3 Trilaminar,CA1 Basket CCK+,-124.75179793874123,124.75179793874123,1.0158601450310042e-05,0.9979686607559
MEC LV Pyramidal,EC LIII V Bipolar Pyramidal,123.58362028184006,123.58362028184006,1.0063476158044166e-05,0.997978724232058
MEC LII Stellate,EC LI II Pyramidal Fan,122.28337238975573,122.28337238975573,9.957596320314081e-06,0.9979886818283783
LEC LIII Multipolar Principal,EC LV Deep Pyramidal,121.9945483827234,121.9945483827234,9.934077236619883e-06,0.9979986159056149
CA1 Trilaminar,CA1 Perforant Path Associated,-120.71704608059672,120.71704608059672,9.83004958368352e-06,0.9980084459551986
CA3 Trilaminar,CA3 Axo Axonic,-120.59806888864291,120.59806888864291,9.820361211293656e-06,0.9980182663164099
MEC LV Pyramidal,EC LIV VI Deep Multipolar Principal,120.46903316644207,120.46903316644207,9.809853767742942e-06,0.9980280761701776
MEC LV Superficial Pyramidal,MEC LII III Pyramidal Multiform,119.30312597007098,119.30312597007098,9.714913360216326e-06,0.9980377910835379
CA1 Ivy,CA1 Quadrilaminar,-119.29858640597324,119.29858640597324,9.714543701235942e-06,0.9980475056272391
CA1 O LM,CA1 Perforant Path Associated,-119.13605978420657,119.13605978420657,9.701309076942963e-06,0.998057206936316
MEC LIII Complex Pyramidal,EC LIII Pyramidal,119.1249706187313,119.1249706187313,9.700406080638772e-06,0.9980669073423967
MEC LV Pyramidal,EC LII III Pyramidal Tripolar,118.54910693103264,118.54910693103264,9.653513211840928e-06,0.9980765608556085
CA1 Schaffer Collateral Associated,CA1 Bistratified,-117.83201802284658,117.83201802284658,9.595120302535709e-06,0.998086155975911
CA1 Back Projection,CA3 Pyramidal,-117.48279640383,117.48279640383,9.566683011017364e-06,0.998095722658922
CA1 Radiatum Giant,CA1 Basket,117.03436679371862,117.03436679371862,9.530167163046369e-06,0.9981052528260851
CA1 Trilaminar,CA1 R Receiving Apical Targeting,-116.6662321029587,116.6662321029587,9.50018977061392e-06,0.9981147530158557
MEC LII Stellate,SUB CA1 Projecting Pyramidal,116.46797293785286,116.46797293785286,9.484045427402367e-06,0.9981242370612832
CA1 Ivy,CA1 R Receiving Apical Targeting,-116.427802747467,116.427802747467,9.48077434865997e-06,0.9981337178356319
MEC LV Multipolar Pyramidal,MEC LV Pyramidal,115.70855122819788,115.70855122819788,9.422205336850034e-06,0.9981431400409687
CA1 Trilaminar,CA1 Quadrilaminar,-113.03522092412076,113.03522092412076,9.20451470991822e-06,0.9981523445556786
CA1 Ivy,CA1 Bistratified,-112.48566035586768,112.48566035586768,9.159763717323865e-06,0.9981615043193959
CA3 O LM,CA3 Mossy Fiber Associated ORDEN,-111.93336547039074,111.93336547039074,9.114790067907127e-06,0.9981706191094638
LEC LVI Multipolar Pyramidal,EC LV Deep Pyramidal,111.3648716437705,111.3648716437705,9.068497330591768e-06,0.9981796876067944
CA1 Back Projection,DG MOLAX,-111.3396805426857,111.3396805426857,9.066446006600907e-06,0.998188754052801
MEC LIII Bipolar Complex Pyramidal,EC LI II Multipolar Pyramidal,110.84041939754674,110.84041939754674,9.025790921248289e-06,0.9981977798437223
EC LIII Stellate,MEC LIII Bipolar Complex Pyramidal,110.49107949247347,110.49107949247347,8.997343997637047e-06,0.9982067771877199
CA1 Schaffer Collateral Associated,CA1 Back Projection,-110.37910586357812,110.37910586357812,8.988225928898258e-06,0.9982157654136488
CA3 Trilaminar,CA1 Back Projection,-109.90362883037952,109.90362883037952,8.949507595705079e-06,0.9982247149212444
CA1 OR LM,CA1 Perforant Path Associated,-109.50933028725947,109.50933028725947,8.917399667657731e-06,0.9982336323209121
MEC LV Superficial Pyramidal,MEC LIII Superficial Trilayered Interneuron,109.01283221727452,109.01283221727452,8.876969580900167e-06,0.998242509290493
CA3 Trilaminar,CA1 Horizontal Axo Axonic,-107.1870897816594,107.1870897816594,8.728298459034334e-06,0.998251237588952
MEC LIII Superficial Multipolar Interneuron,MEC LII Stellate,-107.15821197486152,107.15821197486152,8.725946924748931e-06,0.9982599635358768
MEC LIII Superficial Trilayered Interneuron,MEC LII III Pyramidal Multiform,-106.80409861991738,106.80409861991738,8.69711129672154e-06,0.9982686606471735
CA1 Trilaminar,CA1 Bistratified,-106.34405714707428,106.34405714707428,8.659649888946709e-06,0.9982773202970624
CA1 LMR,CA1 Perforant Path Associated QuadD,-106.22420407136504,106.22420407136504,8.649890192903515e-06,0.9982859701872553
SUB CA1 Projecting Pyramidal,CA1 Pyramidal,106.20856360032086,106.20856360032086,8.648616581505057e-06,0.9982946188038367
CA1 SO SO,CA1 Horizontal Basket,-106.19620108112154,106.19620108112154,8.647609895368723e-06,0.9983032664137321
CA3 Mossy Fiber Associated,DG AIPRIM,-105.24400309330863,105.24400309330863,8.570071935837843e-06,0.998311836485668
CA1 Radiatum Giant,CA1 Basket CCK+,105.19883623500309,105.19883623500309,8.566393975921674e-06,0.998320402879644
MEC LV Superficial Pyramidal,MEC LV Superficial Pyramidal,104.14348764746217,104.14348764746217,8.48045641134052e-06,0.9983288833360553
CA1 Back Projection,DG Total Molecular Layer,-103.91252587979872,103.91252587979872,8.461649078807291e-06,0.9983373449851342
MEC LII III Pyramidal Multiform,EC LI II Multipolar Pyramidal,103.82452256660702,103.82452256660702,8.45448292489374e-06,0.998345799468059
SUB CA1 Projecting Pyramidal,CA1 Neurogliaform,103.7728535782436,103.7728535782436,8.450275493267122e-06,0.9983542497435522
CA1 Bistratified,CA1 Axo Axonic,-103.53031023697412,103.53031023697412,8.430525067388747e-06,0.9983626802686196
DG HIPP,DG Hilar Ectopic Granule,-103.2791705842655,103.2791705842655,8.410074639560133e-06,0.9983710903432592
CA1 Back Projection,CA1 OR LM,-103.18734776746734,103.18734776746734,8.402597461553005e-06,0.9983794929407208
EC LIII Stellate,LEC LIII Multipolar Principal,102.75543273270038,102.75543273270038,8.367426403731866e-06,0.9983878603671246
CA3 Trilaminar,CA1 SO SO,-101.86078203902544,101.86078203902544,8.294574549213906e-06,0.9983961549416738
MEC LII III Pyramidal Multiform,EC LII III Pyramidal Tripolar,101.0588892270336,101.0588892270336,8.22927601550545e-06,0.9984043842176893
LEC LVI Multipolar Pyramidal,EC LIII V Bipolar Pyramidal,101.04977810289805,101.04977810289805,8.22853409209924e-06,0.9984126127517814
MEC LV Superficial Pyramidal,MEC LV VI Pyramidal Polymorphic,98.98823815329015,98.98823815329015,8.060661860452186e-06,0.9984206734136418
CA3 O LM,CA3 Pyramidal,-97.86667792859998,97.86667792859998,7.969332649062846e-06,0.9984286427462908
MEC LIII Bipolar Complex Pyramidal,EC LIII Pyramidal Stellate,97.5251103043308,97.5251103043308,7.941518626174103e-06,0.998436584264917
CA1 Trilaminar,CA1 Horizontal Axo Axonic,-97.17549377432796,97.17549377432796,7.91304917685616e-06,0.9984444973140939
CA1 Back Projection,CA3 Granule,-97.1188902641262,97.1188902641262,7.908439924642331e-06,0.9984524057540185
CA1 SO SO,CA1 Perforant Path Associated QuadD,-96.5199855932556,96.5199855932556,7.859670817033229e-06,0.9984602654248356
LEC LIII Multipolar Principal,EC LIV VI Deep Multipolar Principal,96.3545991892074,96.3545991892074,7.846203319235318e-06,0.9984681116281549
CA1 Ivy,CA1 Perforant Path Associated,-95.80306670099884,95.80306670099884,7.801291752210368e-06,0.9984759129199071
EC LIII Pyramidal,MEC LIII Complex Pyramidal,95.38401512691595,95.38401512691595,7.767168172441815e-06,0.9984836800880795
CA3 Trilaminar,CA3 Basket CCK+,-94.7676924929368,94.7676924929368,7.71698071136431e-06,0.9984913970687909
CA1 Ivy,CA1 LMR,-94.57845195071889,94.57845195071889,7.701570759135995e-06,0.99849909863955
CA1 Perforant Path Associated,CA1 Oriens Alveus,-94.48739475045576,94.48739475045576,7.694155925667155e-06,0.9985067927954757
CA1 Back Projection,CA1 Ivy,-93.67401880383592,93.67401880383592,7.627922314548884e-06,0.9985144207177903
MEC LIII Superficial Trilayered Interneuron,MEC LIII Superficial Trilayered Interneuron,-93.37539594034422,93.37539594034422,7.603605305060554e-06,0.9985220243230953
CA1 Schaffer Collateral Associated,CA1 Horizontal Basket,-92.9279276407661,92.9279276407661,7.567167737088234e-06,0.9985295914908324
CA3 Trilaminar,CA1 Quadrilaminar,-91.97480871741618,91.97480871741618,7.489554785314867e-06,0.9985370810456178
CA3 Trilaminar,CA1 R Receiving Apical Targeting,-91.89598561719264,91.89598561719264,7.4831361807458e-06,0.9985445641817985
CA1 Schaffer Collateral Associated,CA1 Axo Axonic,-91.48417716078622,91.48417716078622,7.449602411680969e-06,0.9985520137842102
EC LIII Stellate,EC LIII Pyramidal Stellate,91.4501088515022,91.4501088515022,7.446828212175867e-06,0.9985594606124224
CA1 Schaffer Collateral Associated,CA1 OR LM,-90.608827023163,90.608827023163,7.37832221111861e-06,0.9985668389346335
CA1 Bistratified,CA1 Radiatum,-90.22056835547612,90.22056835547612,7.346706113155869e-06,0.9985741856407466
CA1 Back Projection,CA3c Pyramidal,-90.03397276180945,90.03397276180945,7.331511540414124e-06,0.998581517152287
CA1 SO SO,CA1 Horizontal Axo Axonic,-89.27562995627311,89.27562995627311,7.26975930556508e-06,0.9985887869115926
MEC LV Pyramidal,EC LIII Pyramidal,89.0576530512442,89.0576530512442,7.252009336906126e-06,0.9985960389209295
MEC LIII Bipolar Complex Pyramidal,MEC LV Multipolar Pyramidal,88.14001657842442,88.14001657842442,7.17728573886851e-06,0.9986032162066684
CA1 Perforant Path Associated,CA1 Neurogliaform,-87.15120413626512,87.15120413626512,7.096766245963593e-06,0.9986103129729144
CA1 Perforant Path Associated,DG Axo Axonic,-86.94235672817435,86.94235672817435,7.079759696817374e-06,0.9986173927326112
MEC LV VI Pyramidal Polymorphic,EC LIV VI Deep Multipolar Principal,86.77596588341953,86.77596588341953,7.066210406909147e-06,0.9986244589430181
MEC LV Multipolar Pyramidal,MEC LII III Pyramidal Multiform,86.53322359735522,86.53322359735522,7.0464437808563876e-06,0.998631505386799
CA1 Oriens Bistratified,CA1 Trilaminar,-86.50504609022799,86.50504609022799,7.0441492723242595e-06,0.9986385495360713
CA1 Perforant Path Associated,CA1 Basket CCK+,-85.50874083608561,85.50874083608561,6.963019635983048e-06,0.9986455125557073
CA1 Horizontal Basket,CA1 Pyramidal,-85.4647736149027,85.4647736149027,6.959439363119212e-06,0.9986524719950705
CA1 Radiatum Giant,CA1 Oriens Alveus,85.40760640192835,85.40760640192835,6.954784208306e-06,0.9986594267792788
CA1 Radiatum Giant,CA1 Recurrent O LM,85.2965412159959,85.2965412159959,6.945740114533128e-06,0.9986663725193933
MEC LII III Pyramidal Multiform,EC LIII Pyramidal,85.25039015320776,85.25039015320776,6.941982010352513e-06,0.9986733145014036
DG MOLAX,DG Hilar Ectopic Granule,-85.19301834868867,85.19301834868867,6.9373101955472395e-06,0.9986802518115991
CA1 LMR,CA1 LMR,-85.05543358173746,85.05543358173746,6.926106598996451e-06,0.9986871779181982
MEC LII Stellate,CA1 Neurogliaform Projecting,84.91915935284536,84.91915935284536,6.915009720216853e-06,0.9986940929279183
CA1 Bistratified,CA1 Ivy,-84.88970822124787,84.88970822124787,6.912611499805582e-06,0.9987010055394181
CA3 Spiny Lucidum,DG Axo Axonic,-84.7472869881266,84.7472869881266,6.901014067389809e-06,0.9987079065534855
EC LIII Pyramidal,LEC LIII Multipolar Principal,83.48941938449421,83.48941938449421,6.798585277795669e-06,0.9987147051387633
CA1 R Receiving Apical Targeting,CA1 R Receiving Apical Targeting,-83.34571454602052,83.34571454602052,6.786883320752514e-06,0.998721492022084
CA1 Perforant Path Associated,CA1 Basket,-82.92991118933284,82.92991118933284,6.753024244954942e-06,0.998728245046329
CA1 Trilaminar,CA1 Axo Axonic,-82.92259656700578,82.92259656700578,6.752428611591673e-06,0.9987349974749405
CA1 Ivy,CA1 OR LM,-82.06161380761628,82.06161380761628,6.682318353841954e-06,0.9987416797932944
CA1 O LMR,CA1 R Receiving Apical Targeting,-81.99136625077122,81.99136625077122,6.676598060069535e-06,0.9987483563913545
MEC LIII Superficial Trilayered Interneuron,MEC LIII Bipolar Complex Pyramidal,-81.86281123566405,81.86281123566405,6.666129760738462e-06,0.9987550225211153
CA3 Trilaminar,CA1 Bistratified,-81.404502621738,81.404502621738,6.628809460534012e-06,0.9987616513305758
CA1 Back Projection,CA1 Pyramidal,-79.94784956310734,79.94784956310734,6.510193471678522e-06,0.9987681615240475
CA1 Radiatum Giant,CA1 Bistratified,79.87330814308716,79.87330814308716,6.504123526475031e-06,0.9987746656475739
MEC LV VI Pyramidal Polymorphic,EC LV Deep Pyramidal,78.22850736136446,78.22850736136446,6.37018657420053e-06,0.9987810358341481
CA3 Spiny Lucidum,CA3 Lucidum ORAX,-78.0443948553675,78.0443948553675,6.355194200532623e-06,0.9987873910283487
CA3 Mossy Fiber Associated,CA3 Lucidum ORAX,-78.00649839110359,78.00649839110359,6.352108272448267e-06,0.9987937431366212
CA1 Radial Trilaminar,CA1 Perforant Path Associated QuadD,-77.98642206380183,77.98642206380183,6.350473447050843e-06,0.9988000936100683
CA3 LMR Targeting,CA3 Pyramidal,-77.90486561901449,77.90486561901449,6.343832264863588e-06,0.9988064374423331
CA1 Radiatum Giant,CA1 Axo Axonic,77.7360129240257,77.7360129240257,6.330082505256563e-06,0.9988127675248384
CA1 Back Projection,DG Basket,-76.97602215965082,76.97602215965082,6.268196076293095e-06,0.9988190357209147
MEC LIII Superficial Multipolar Interneuron,EC LIII Pyramidal,-76.84540362179841,76.84540362179841,6.257559743270332e-06,0.9988252932806579
MEC LV Multipolar Pyramidal,MEC LIII Superficial Trilayered Interneuron,75.17421710419423,75.17421710419423,6.121474187294546e-06,0.9988314147548453
CA1 Ivy,CA1 Axo Axonic,-75.16046226154998,75.16046226154998,6.120354123562052e-06,0.9988375351089688
CA2 Wide Arbor Basket,CA2 SP SR,-74.50239287631565,74.50239287631565,6.066767203600155e-06,0.9988436018761724
MEC LII Oblique Pyramidal,MEC LV Superficial Pyramidal,73.63513359542591,73.63513359542591,5.996145845557944e-06,0.9988495980220179
MEC LIII Superficial Multipolar Interneuron,MEC LII Oblique Pyramidal,-73.39972816989942,73.39972816989942,5.976976663737105e-06,0.9988555749986816
CA2 Wide Arbor Basket,CA2 Pyramidal,-73.3109571222536,73.3109571222536,5.969747992822052e-06,0.9988615447466744
DG HIPP,DG MOPP,-73.1183109029125,73.1183109029125,5.954060714598164e-06,0.998867498807389
CA1 Schaffer Collateral Associated,CA1 Ivy,-72.5176549008722,72.5176549008722,5.9051489952138855e-06,0.9988734039563842
CA1 Schaffer Collateral Associated,CA1 Radiatum,-72.28608769492482,72.28608769492482,5.88629236153766e-06,0.9988792902487458
EC LV Deep Pyramidal,MEC LV Superficial Pyramidal,71.48087991739837,71.48087991739837,5.820723888523766e-06,0.9988851109726343
CA3 Mossy Fiber Associated,DG Axo Axonic,-71.20190041091703,71.20190041091703,5.798006447444963e-06,0.9988909089790817
CA3 Trilaminar,CA1 Perforant Path Associated,-71.162419544497,71.162419544497,5.794791500698696e-06,0.9988967037705824
MEC LV Superficial Pyramidal,EC LIII Pyramidal Stellate,71.06776290355756,71.06776290355756,5.787083562971009e-06,0.9989024908541454
MEC LIII Complex Pyramidal,EC LIII V Bipolar Pyramidal,70.6767736813437,70.6767736813437,5.755245114584176e-06,0.99890824609926
MEC LV Superficial Pyramidal,MEC LII Oblique Pyramidal,70.51994016979222,70.51994016979222,5.742474083110253e-06,0.9989139885733431
CA3 Mossy Fiber Associated,DG HICAP,-69.9060845750247,69.9060845750247,5.692487514272598e-06,0.9989196810608574
CA1 Trilaminar,CA1 SO SO,-69.81932378610827,69.81932378610827,5.685422539733719e-06,0.9989253664833971
EC LIII Stellate,EC LII III Pyramidal Tripolar,69.81600034271409,69.81600034271409,5.685151910071926e-06,0.9989310516353072
CA1 Back Projection,DG Mossy,-69.3292329226271,69.3292329226271,5.6455141950140035e-06,0.9989366971495022
CA1 Perforant Path Associated,CA1 Radial Trilaminar,-69.04912590815361,69.04912590815361,5.622704940394125e-06,0.9989423198544426
CA1 Back Projection,CA1 Neurogliaform,-68.30699803626325,68.30699803626325,5.56227309572121e-06,0.9989478821275383
CA2 Basket,CA2 Pyramidal,-67.88040898539492,67.88040898539492,5.527535735439113e-06,0.9989534096632737
MEC LIII Superficial Multipolar Interneuron,EC LIII Pyramidal Stellate,-67.71044739693804,67.71044739693804,5.513695678081038e-06,0.9989589233589518
CA1 Schaffer Collateral Associated,CA1 SO SO,-67.59832991786647,67.59832991786647,5.504565895550282e-06,0.9989644279248473
CA1 Neurogliaform,CA1 Radial Trilaminar,-67.2715060115873,67.2715060115873,5.4779524610092125e-06,0.9989699058773083
CA1 Ivy,CA1 Ivy,-67.16247578964757,67.16247578964757,5.4690740753744935e-06,0.9989753749513837
CA1 Oriens Alveus,CA1 SO SO,-66.89123712983915,66.89123712983915,5.44698697532113e-06,0.998980821938359
CA2 Basket,CA2 SP SR,-66.8404327944978,66.8404327944978,5.442849952823594e-06,0.9989862647883119
CA1 Neurogliaform,CA1 Oriens Alveus,-66.79640600890579,66.79640600890579,5.439264829600063e-06,0.9989917040531415
CA1 Trilaminar,CA1 Ivy,-66.68106543261841,66.68106543261841,5.429872588647127e-06,0.9989971339257302
MEC LIII Bipolar Complex Pyramidal,EC LIII Stellate,65.96508301620779,65.96508301620779,5.371569781521918e-06,0.9990025054955117
CA3 Trilaminar,CA1 LMR,-65.88693728760198,65.88693728760198,5.365206335663284e-06,0.9990078707018474
MEC LV Pyramidal,CA1 Neurogliaform Projecting,65.82170424496232,65.82170424496232,5.359894376296632e-06,0.9990132305962237
CA1 SO SO,CA1 SO SO,-65.81663566135066,65.81663566135066,5.359481638992006e-06,0.9990185900778628
CA1 LMR,CA1 Perforant Path Associated,-65.79293127423746,65.79293127423746,5.3575513788652134e-06,0.9990239476292416
EC LIII Stellate,EC LIII Pyramidal,65.42000887199006,65.42000887199006,5.327184120686026e-06,0.9990292748133623
CA1 Oriens Alveus,CA1 Horizontal Axo Axonic,-64.61293781601826,64.61293781601826,5.261463919974175e-06,0.9990345362772823
EC LIII Pyramidal Stellate,EC LIII V Bipolar Pyramidal,64.26247682525823,64.26247682525823,5.2329257057934055e-06,0.9990397692029881
DG Semilunar Granule,CA3 Pyramidal,64.21877861632397,64.21877861632397,5.229367338731846e-06,0.9990449985703268
EC LIII Stellate,MEC LII III Pyramidal Multiform,64.21168926195364,64.21168926195364,5.228790049051231e-06,0.9990502273603759
MEC LII Oblique Pyramidal,MEC LV Multipolar Pyramidal,64.19606531679433,64.19606531679433,5.227517783363863e-06,0.9990554548781592
MEC LIII Superficial Multipolar Interneuron,MEC LV Superficial Pyramidal,-64.1201008094286,64.1201008094286,5.2213319554443605e-06,0.9990606762101146
CA1 Recurrent O LM,CA1 Perforant Path Associated QuadD,-63.88501705024196,63.88501705024196,5.202188967074842e-06,0.9990658783990817
MEC LIII Superficial Trilayered Interneuron,EC LIII Stellate,-63.54408158402155,63.54408158402155,5.1744264211329435e-06,0.9990710528255028
MEC LII Stellate,DG Semilunar Granule,63.49664611537702,63.49664611537702,5.170563727139507e-06,0.99907622338923
CA3 Trilaminar,CA1 OR LM,-63.31505417009607,63.31505417009607,5.155776603994383e-06,0.999081379165834
CA3 Mossy Fiber Associated,CA3 Basket,-62.69604232784885,62.69604232784885,5.105370159339377e-06,0.9990864845359932
CA1 Recurrent O LM,CA1 LMR,-62.13641304024752,62.13641304024752,5.059799265880555e-06,0.9990915443352592
LEC LIII Complex Pyramidal,LEC LVI Multipolar Pyramidal,61.890324535095615,61.890324535095615,5.03976015552987e-06,0.9990965840954147
CA2 Bistratified,CA2 Basket,-61.7957104663398,61.7957104663398,5.0320556844764385e-06,0.9991016161510992
CA3 Trilaminar,CA3 Horizontal Axo Axonic,-61.47187896968008,61.47187896968008,5.005685923350921e-06,0.9991066218370225
CA1 Oriens Alveus,CA1 Back Projection,-61.42474247500336,61.42474247500336,5.0018475749575726e-06,0.9991116236845974
CA3 O LM,CA3 Horizontal Axo Axonic,-60.98714379308363,60.98714379308363,4.966213694899296e-06,0.9991165898982923
DG AIPRIM,DG HIPP,-60.80971882736679,60.80971882736679,4.951765890989187e-06,0.9991215416641833
CA1 Neurogliaform,CA1 Basket CCK+,-60.693816394923154,60.693816394923154,4.942327897807763e-06,0.9991264839920811
EC LIII Stellate,EC LIII Stellate,60.68453664121218,60.68453664121218,4.941572242810685e-06,0.999131425564324
CA1 Neurogliaform,CA1 Neurogliaform,-59.55353517958427,59.55353517958427,4.849474226764152e-06,0.9991362750385507
CA1 Back Projection,DG HIPROM,-58.764111366799504,58.764111366799504,4.785191049912444e-06,0.9991410602296007
MEC LV Pyramidal,SUB CA1 Projecting Pyramidal,58.72183615697319,58.72183615697319,4.781748558381663e-06,0.999145841978159
CA1 Bistratified,CA1 Pyramidal,-57.8701864197139,57.8701864197139,4.712398293303106e-06,0.9991505543764523
CA3 Mossy Fiber Associated,CA3 Mossy Fiber Associated ORDEN,-57.81794220222629,57.81794220222629,4.708144020480517e-06,0.9991552625204727
CA1 Oriens Alveus,CA1 Basket,-57.68020616663935,57.68020616663935,4.696928106048882e-06,0.9991599594485787
MEC LII Oblique Pyramidal,MEC LIII Bipolar Complex Pyramidal,57.5389943157286,57.5389943157286,4.685429154232835e-06,0.9991646448777329
EC LIII Pyramidal,LEC LIII Complex Pyramidal,57.24674772751966,57.24674772751966,4.661631368037518e-06,0.999169306509101
CA1 Oriens Bistratified,CA1 R Receiving Apical Targeting,-57.19183093894592,57.19183093894592,4.657159466411495e-06,0.9991739636685674
CA1 Radial Trilaminar,CA1 Trilaminar,-57.10356845456364,57.10356845456364,4.6499722080579594e-06,0.9991786136407754
CA1 Radiatum Giant,CA1 O LMR,56.73438507856846,56.73438507856846,4.619909420661046e-06,0.9991832335501961
CA1 Neurogliaform,CA1 Basket,-56.4733119177006,56.4733119177006,4.598650102282873e-06,0.9991878322002984
MEC LII Stellate,DG Neurogliaform,56.18205820487537,56.18205820487537,4.574933166427829e-06,0.9991924071334648
MEC LIII Superficial Multipolar Interneuron,EC LII III Pyramidal Tripolar,-55.77276278686958,55.77276278686958,4.54160403533987e-06,0.9991969487375001
EC LIII Pyramidal,EC LIII Pyramidal Stellate,55.30606722486277,55.30606722486277,4.503600781748418e-06,0.9992014523382818
CA1 Oriens Alveus,CA1 Radial Trilaminar,-54.99528669936562,54.99528669936562,4.4782937677477555e-06,0.9992059306320495
CA1 Schaffer Collateral Associated,CA1 Horizontal Axo Axonic,-54.15398553978245,54.15398553978245,4.4097861925376105e-06,0.9992103404182421
EC LIII Stellate,LEC LIII Complex Pyramidal,54.00019845163271,54.00019845163271,4.3972632328486125e-06,0.999214737681475
CA1 Trilaminar,CA1 OR LM,-53.96806626965176,53.96806626965176,4.394646693160474e-06,0.9992191323281681
CA3 Trilaminar,CA1 Axo Axonic,-53.53836659791061,53.53836659791061,4.359656033461198e-06,0.9992234919842016
MEC LV Multipolar Pyramidal,EC LIII Pyramidal Stellate,53.32462209597836,53.32462209597836,4.342250711508315e-06,0.9992278342349131
DG MOLAX,DG HIPROM,-52.91017281444062,52.91017281444062,4.308501898729066e-06,0.9992321427368118
CA1 Oriens Alveus,CA1 Oriens Alveus,-52.55578248142694,52.55578248142694,4.27964371623861e-06,0.999236422380528
CA1 Radiatum Giant,CA1 Pyramidal,52.52606827667822,52.52606827667822,4.277224073648742e-06,0.9992406996046017
CA1 Back Projection,CA1 Radiatum,-52.3453308916831,52.3453308916831,4.2625065377761276e-06,0.9992449621111394
MEC LIII Bipolar Complex Pyramidal,EC LII III Pyramidal Tripolar,52.31770895488892,52.31770895488892,4.260257269614754e-06,0.9992492223684091
DG Basket,DG HIPP,-52.29075585978193,52.29075585978193,4.2580624655672915e-06,0.9992534804308746
CA1 Back Projection,CA1 O LMR,-52.18140613694211,52.18140613694211,4.249158062814097e-06,0.9992577295889374
CA1 R Receiving Apical Targeting,CA1 Oriens Alveus,-52.10655215525868,52.10655215525868,4.243062665557666e-06,0.999261972651603
CA1 Perforant Path Associated,CA1 Quadrilaminar,-52.10269225121514,52.10269225121514,4.242748351636242e-06,0.9992662153999546
CA1 Oriens Alveus,CA1 Basket CCK+,-51.21761027173864,51.21761027173864,4.170675682312724e-06,0.9992703860756369
DG Mossy,DG Semilunar Granule,50.6486718617241,50.6486718617241,4.124346742348677e-06,0.9992745104223792
CA1 Schaffer Collateral Associated,CA1 Pyramidal,-49.26603524689744,49.26603524689744,4.011757949620199e-06,0.9992785221803289
CA1 Radiatum Giant,CA1 Radial Trilaminar,49.006361411904656,49.006361411904656,3.990612579049584e-06,0.9992825127929079
LEC LVI Multipolar Pyramidal,EC LII III Pyramidal Tripolar,48.98798814646632,48.98798814646632,3.989116434833527e-06,0.9992865019093428
CA1 R Receiving Apical Targeting,CA1 Basket,-48.9340204365824,48.9340204365824,3.9847218171610345e-06,0.9992904866311599
CA1 Bistratified,CA1 O LMR,-48.75480464763523,48.75480464763523,3.970128185617454e-06,0.9992944567593456
CA1 Radiatum Giant,CA1 Ivy,48.65087289231039,48.65087289231039,3.9616649706752965e-06,0.9992984184243162
DG Total Molecular Layer,CA1 Neurogliaform Projecting,-48.455223978476816,48.455223978476816,3.9457331815334895e-06,0.9993023641574977
EC LIII Pyramidal,MEC LV VI Pyramidal Polymorphic,47.90087642269345,47.90087642269345,3.9005923821445945e-06,0.9993062647498799
CA1 Radiatum Giant,CA1 O LM,47.70066517306199,47.70066517306199,3.884289079711444e-06,0.9993101490389596
CA1 Oriens Bistratified,CA1 Perforant Path Associated,-47.69737301995119,47.69737301995119,3.884020998033115e-06,0.9993140330599577
CA1 Radiatum Giant,CA1 Quadrilaminar,47.692897951099646,47.692897951099646,3.883656590932964e-06,0.9993179167165487
CA1 Oriens Bistratified,CA1 LMR,-47.5624455712388,47.5624455712388,3.873033788238757e-06,0.9993217897503369
EC LIII Pyramidal Stellate,MEC LV Superficial Pyramidal,47.32597882351431,47.32597882351431,3.8537781824192425e-06,0.9993256435285194
CA1 SO SO,CA1 Back Projection,-47.18301121148933,47.18301121148933,3.842136258095414e-06,0.9993294856647775
CA3 LMR Targeting,CA3 Mossy Fiber Associated ORDEN,-46.74853823294521,46.74853823294521,3.8067569056300803e-06,0.9993332924216831
CA1 O LMR,CA1 Radial Trilaminar,-46.241581834132624,46.241581834132624,3.765475191912813e-06,0.999337057896875
DG HIPP,DG Neurogliaform,-46.16423658987942,46.16423658987942,3.7591769298963332e-06,0.9993408170738048
CA1 Ivy,CA1 O LMR,-46.13305832300746,46.13305832300746,3.7566380679937643e-06,0.9993445737118728
LEC LVI Multipolar Pyramidal,EC LIII Pyramidal,46.10204179653461,46.10204179653461,3.754112376692983e-06,0.9993483278242495
CA3 Trilaminar,CA1 Ivy,-46.03223782466036,46.03223782466036,3.748428204267129e-06,0.9993520762524538
CA1 Perforant Path Associated,CA1 Axo Axonic,-45.89587259250515,45.89587259250515,3.7373239150461906e-06,0.9993558135763688
EC LIII Pyramidal,LEC LVI Multipolar Pyramidal,45.56452135903709,45.56452135903709,3.7103418179823586e-06,0.9993595239181868
CA1 Back Projection,DG Hilar Ectopic Granule,-45.41684809800903,45.41684809800903,3.6983167103010385e-06,0.9993632222348972
CA3 LMR Targeting,CA3 Mossy Fiber Associated,-45.25573687475408,45.25573687475408,3.685197342618477e-06,0.9993669074322398
CA3 O LM,CA3 Mossy Fiber Associated,-44.91687559510452,44.91687559510452,3.6576036987289337e-06,0.9993705650359385
CA1 O LMR,CA1 Oriens Alveus,-44.862460130382274,44.862460130382274,3.6531726201554757e-06,0.9993742182085587
CA1 SO SO,CA1 Basket,-44.32863556357072,44.32863556357072,3.60970301804773e-06,0.9993778279115767
MEC LII Oblique Pyramidal,EC LIII Pyramidal Stellate,43.86731164829159,43.86731164829159,3.5721371803423807e-06,0.9993814000487571
MEC LIII Superficial Trilayered Interneuron,MEC LV Pyramidal,-43.72777356922958,43.72777356922958,3.5607745246071195e-06,0.9993849608232817
CA1 Perforant Path Associated,DG HICAP,-43.701412127182,43.701412127182,3.558627899164909e-06,0.9993885194511808
CA1 Recurrent O LM,CA1 Perforant Path Associated,-43.63001515038468,43.63001515038468,3.5528140075495175e-06,0.9993920722651883
MEC LV Superficial Pyramidal,EC LIII Stellate,43.60353404362299,43.60353404362299,3.5506576377496438e-06,0.9993956229228261
MEC LV Pyramidal,DG Neurogliaform,43.56293178206653,43.56293178206653,3.5473513752352075e-06,0.9993991702742013
DG MOLAX,CA1 Neurogliaform Projecting,-43.54691807831977,43.54691807831977,3.5460473713106587e-06,0.9994027163215726
LEC LVI Multipolar Pyramidal,EC LIII Stellate,43.43981399803702,43.43981399803702,3.537325832356737e-06,0.999406253647405
EC LIII Pyramidal,EC LIV VI Deep Multipolar Principal,43.40492582775664,43.40492582775664,3.5344848711596654e-06,0.9994097881322761
EC LIII Stellate,MEC LIII Superficial Trilayered Interneuron,43.32633528008472,43.32633528008472,3.5280852034614677e-06,0.9994133162174795
CA1 R Receiving Apical Targeting,CA1 Basket CCK+,-43.27015592870416,43.27015592870416,3.5235104907131013e-06,0.9994168397279702
CA1 Perforant Path Associated,DG AIPRIM,-43.26811545492321,43.26811545492321,3.5233443339101293e-06,0.9994203630723042
CA1 Neurogliaform,CA1 Quadrilaminar,-43.22993345622883,43.22993345622883,3.520235154613948e-06,0.9994238833074588
CA1 Radiatum,CA1 Perforant Path Associated QuadD,-43.19419655546018,43.19419655546018,3.5173250808677066e-06,0.9994274006325397
CA1 O LMR,CA1 Basket CCK+,-42.399223189919866,42.399223189919866,3.4525900011528533e-06,0.9994308532225408
CA1 O LMR,CA1 Basket,-42.391270266576,42.391270266576,3.451942390617774e-06,0.9994343051649314
MEC LV Superficial Pyramidal,EC LII III Pyramidal Tripolar,42.1445305739916,42.1445305739916,3.4318502537479894e-06,0.9994377370151851
MEC LIII Superficial Multipolar Interneuron,EC LI II Multipolar Pyramidal,-42.07980861134216,42.07980861134216,3.4265799118811697e-06,0.999441163595097
CA1 R Receiving Apical Targeting,CA1 Radial Trilaminar,-41.72554165040087,41.72554165040087,3.3977317756404216e-06,0.9994445613268726
MEC LIII Bipolar Complex Pyramidal,EC LIII Pyramidal,41.66292428927799,41.66292428927799,3.3926328125310494e-06,0.9994479539596852
CA3 Mossy Fiber Associated,CA3 Mossy Fiber Associated,-41.66142560219374,41.66142560219374,3.3925107736904137e-06,0.9994513464704589
MEC LV Superficial Pyramidal,EC LI II Multipolar Pyramidal,40.87273797797678,40.87273797797678,3.3282875450428705e-06,0.9994546747580039
DG Semilunar Granule,DG Semilunar Granule,40.60469398082807,40.60469398082807,3.3064605879715268e-06,0.9994579812185919
CA1 LMR,CA1 R Receiving Apical Targeting,-40.33412743777664,40.33412743777664,3.2844282187226495e-06,0.9994612656468106
CA1 Trilaminar,CA1 Pyramidal,-40.28641038226457,40.28641038226457,3.280542594969416e-06,0.9994645461894056
CA1 Recurrent O LM,CA1 Trilaminar,-40.28515632486576,40.28515632486576,3.2804404764467106e-06,0.9994678266298821
CA1 SO SO,CA1 Oriens Alveus,-40.19727837848996,40.19727837848996,3.2732845312158303e-06,0.9994710999144133
MEC LV Superficial Pyramidal,EC LIII V Bipolar Pyramidal,39.949599470021134,39.949599470021134,3.253115913525702e-06,0.9994743530303268
CA1 Back Projection,CA1 Schaffer Collateral Associated,-39.686257533062495,39.686257533062495,3.231671847573008e-06,0.9994775847021744
CA3 Spiny Lucidum,DG AIPRIM,-39.32976036759124,39.32976036759124,3.2026421046592744e-06,0.999480787344279
CA1 Ivy,CA1 Pyramidal,-38.31969149706508,38.31969149706508,3.1203916901355604e-06,0.9994839077359692
CA3 Mossy Fiber Associated,DG MOLAX,-37.72507169129948,37.72507169129948,3.0719715012401697e-06,0.9994869797074705
CA3 Spiny Lucidum,DG HICAP,-37.53136837982744,37.53136837982744,3.056198143474088e-06,0.9994900359056139
CA1 SO SO,CA1 Radial Trilaminar,-37.45188352546954,37.45188352546954,3.049725651934091e-06,0.9994930856312658
CA3 Mossy Fiber Associated,DG Total Molecular Layer,-37.12847960559308,37.12847960559308,3.023390708600399e-06,0.9994961090219744
CA1 O LM,CA1 Oriens Alveus,-36.70599001048237,36.70599001048237,2.988987169055902e-06,0.9994990980091435
CA2 SP SR,CA2 Bistratified,-36.15074672525396,36.15074672525396,2.943773429969224e-06,0.9995020417825735
CA1 O LMR,CA1 Quadrilaminar,-35.832543517647665,35.832543517647665,2.9178619832430623e-06,0.9995049596445568
CA1 Trilaminar,CA1 Radiatum,-35.786502732119246,35.786502732119246,2.9141128589949927e-06,0.9995078737574158
CA2 Bistratified,CA2 Wide Arbor Basket,-35.73792498858606,35.73792498858606,2.910157148984694e-06,0.9995107839145648
CA3 Spiny Lucidum,CA3 Basket,-35.536752947733895,35.536752947733895,2.8937756088407507e-06,0.9995136776901736
CA1 SO SO,CA1 Basket CCK+,-35.09460860141109,35.09460860141109,2.8577715730511677e-06,0.9995165354617467
CA1 O LM,CA1 Radial Trilaminar,-34.52820652600604,34.52820652600604,2.8116491680859602e-06,0.9995193471109147
MEC LV Multipolar Pyramidal,EC LIV VI Deep Multipolar Principal,34.43974613947271,34.43974613947271,2.804445794461047e-06,0.9995221515567092
EC LIII Pyramidal,EC LIII V Bipolar Pyramidal,34.402964559753684,34.402964559753684,2.8014506519841274e-06,0.9995249530073612
MEC LII Oblique Pyramidal,MEC LII III Pyramidal Multiform,34.28337354833483,34.28337354833483,2.7917122959674854e-06,0.9995277447196572
MEC LIII Bipolar Complex Pyramidal,EC LIII V Bipolar Pyramidal,33.47936501901712,33.47936501901712,2.7262414783364713e-06,0.9995304709611356
MEC LV Superficial Pyramidal,EC LIII Pyramidal,33.455005683021945,33.455005683021945,2.724257885393861e-06,0.999533195219021
MEC LIII Superficial Trilayered Interneuron,EC LIII Pyramidal,-33.41134185774516,33.41134185774516,2.720702318210768e-06,0.9995359159213392
CA3 Trilaminar,CA1 O LMR,-33.37394105674402,33.37394105674402,2.7176567522344003e-06,0.9995386335780914
CA1 Oriens Alveus,CA1 Quadrilaminar,-33.11554724885432,33.11554724885432,2.6966156149125288e-06,0.9995413301937063
MEC LIII Superficial Trilayered Interneuron,EC LIII Pyramidal Stellate,-32.953878264535795,32.953878264535795,2.6834508284669275e-06,0.9995440136445347
CA1 Radiatum,CA1 LMR,-32.915780636843145,32.915780636843145,2.6803485195437167e-06,0.9995466939930543
CA1 Oriens Alveus,CA1 Bistratified,-32.87256080635627,32.87256080635627,2.6768291070789623e-06,0.9995493708221613
CA1 O LM,CA1 Basket CCK+,-32.80960459578995,32.80960459578995,2.6717025512895292e-06,0.9995520425247126
DG Total Molecular Layer,DG HIPP,-32.68454175120519,32.68454175120519,2.661518621154891e-06,0.9995547040433338
LEC LIII Multipolar Principal,LEC LVI Multipolar Pyramidal,32.632235210229126,32.632235210229126,2.6572592732993913e-06,0.9995573613026071
CA1 Bistratified,CA1 Schaffer Collateral Associated,-32.48635208890616,32.48635208890616,2.645379937591741e-06,0.9995600066825446
MEC LV Multipolar Pyramidal,EC LIII Stellate,32.21117840203443,32.21117840203443,2.622972406311791e-06,0.9995626296549509
MEC LV Multipolar Pyramidal,EC LIII V Bipolar Pyramidal,31.887761585321236,31.887761585321236,2.596636412782218e-06,0.9995652262913637
LEC LIII Multipolar Principal,EC LI II Pyramidal Fan,31.881195215923217,31.881195215923217,2.5961017100300964e-06,0.9995678223930737
CA1 Neurogliaform,CA1 Axo Axonic,-31.680838384952963,31.680838384952963,2.579786552835541e-06,0.9995704021796266
EC LIII Pyramidal,EC LV Deep Pyramidal,31.48238204973288,31.48238204973288,2.5636261539627336e-06,0.9995729658057805
CA1 O LM,CA1 Basket,-31.02798927060023,31.02798927060023,2.5266247221487087e-06,0.9995754924305026
CA1 Oriens Bistratified,CA1 Basket,-30.851333132824955,30.851333132824955,2.5122395242833334e-06,0.9995780046700269
CA1 OR LM,CA1 Oriens Alveus,-30.662264322244315,30.662264322244315,2.4968435562483395e-06,0.9995805015135831
MEC LIII Complex Pyramidal,EC LV Deep Pyramidal,30.618594269109543,30.618594269109543,2.4932874819276486e-06,0.999582994801065
MEC LIII Superficial Trilayered Interneuron,MEC LV Superficial Pyramidal,-30.43543591123604,30.43543591123604,2.478372805019795e-06,0.99958547317387
CA3 Trilaminar,CA3c Pyramidal,-30.4341465837024,30.4341465837024,2.4782678144323277e-06,0.9995879514416844
CA1 OR LM,CA1 Radial Trilaminar,-30.301282402128464,30.301282402128464,2.4674486175154703e-06,0.999590418890302
EC LIII Pyramidal,MEC LIII Bipolar Complex Pyramidal,30.24567741971778,30.24567741971778,2.4629206759202796e-06,0.9995928818109779
CA1 R Receiving Apical Targeting,CA1 Quadrilaminar,-30.160189422326837,30.160189422326837,2.4559593454334345e-06,0.9995953377703234
CA1 Back Projection,CA1 O LM,-29.982951386949505,29.982951386949505,2.44152676335459e-06,0.9995977792970867
MEC LV Multipolar Pyramidal,EC LII III Pyramidal Tripolar,29.68862157194694,29.68862157194694,2.4175593389570456e-06,0.9996001968564256
CA1 Oriens Bistratified,CA1 Horizontal Basket,-29.58466701169005,29.58466701169005,2.409094266997838e-06,0.9996026059506926
CA1 Ivy,CA1 Radiatum,-29.31409038463793,29.31409038463793,2.387061076603729e-06,0.9996049930117692
CA1 SO SO,CA1 O LMR,-29.074086144805907,29.074086144805907,2.367517411028381e-06,0.9996073605291802
MEC LII Oblique Pyramidal,MEC LIII Superficial Trilayered Interneuron,29.04535198819716,29.04535198819716,2.3651775742498976e-06,0.9996097257067544
EC LIII Pyramidal,MEC LV Multipolar Pyramidal,29.037320767769923,29.037320767769923,2.364523587944065e-06,0.9996120902303424
EC LIII Pyramidal,SUB CA1 Projecting Pyramidal,28.96152097793103,28.96152097793103,2.358351173055354e-06,0.9996144485815154
CA1 Bistratified,CA1 O LM,-28.9490636777694,28.9490636777694,2.35733676885774e-06,0.9996168059182843
SUB CA1 Projecting Pyramidal,CA1 Ivy,28.53893704422096,28.53893704422096,2.3239399514714146e-06,0.9996191298582358
MEC LV Multipolar Pyramidal,EC LV Deep Pyramidal,28.33873628470545,28.33873628470545,2.3076375032536655e-06,0.9996214374957391
CA1 OR LM,CA1 Basket CCK+,-28.230778461537447,28.230778461537447,2.2988464435885747e-06,0.9996237363421826
CA3 Trilaminar,CA1 Pyramidal,-28.152750677951808,28.152750677951808,2.2924926020520643e-06,0.9996260288347847
CA1 Perforant Path Associated,CA1 Neurogliaform Projecting,-28.089968403884797,28.089968403884797,2.287380209998973e-06,0.9996283162149947
CA1 O LM,CA1 Neurogliaform,-27.785445268573497,27.785445268573497,2.2625827384182793e-06,0.9996305787977331
CA1 Perforant Path Associated,DG Basket,-27.671287435863785,27.671287435863785,2.2532868088678404e-06,0.999632832084542
CA3 Trilaminar,CA3 LMR Targeting,-27.339283766450077,27.339283766450077,2.2262515836178567e-06,0.9996350583361256
MEC LV Superficial Pyramidal,EC LV Deep Pyramidal,27.333796694124377,27.333796694124377,2.225804768567438e-06,0.9996372841408943
CA3 Spiny Lucidum,DG Basket,-27.224175813158045,27.224175813158045,2.2168782852720575e-06,0.9996395010191795
CA3 Mossy Fiber Associated,CA3 Axo Axonic,-27.066395863349804,27.066395863349804,2.2040301848563916e-06,0.9996417050493643
CA3 Mossy Fiber Associated,DG Basket,-26.93622074648672,26.93622074648672,2.193429959827098e-06,0.9996438984793241
CA1 Oriens Bistratified,CA1 Oriens Alveus,-26.65970347015705,26.65970347015705,2.1709130193839814e-06,0.9996460693923435
MEC LIII Complex Pyramidal,EC LI II Pyramidal Fan,26.653430433043813,26.653430433043813,2.170402202826871e-06,0.9996482397945463
CA1 Back Projection,CA3 Spiny Lucidum,-26.589422087255947,26.589422087255947,2.1651899711388607e-06,0.9996504049845174
MEC LV Multipolar Pyramidal,EC LIII Pyramidal,26.53458883572656,26.53458883572656,2.1607248719762402e-06,0.9996525657093894
MEC LIII Superficial Trilayered Interneuron,EC LII III Pyramidal Tripolar,-26.415122586785863,26.415122586785863,2.1509966754307448e-06,0.9996547167060649
CA1 Ivy,CA1 O LM,-26.386777528640312,26.386777528640312,2.1486885231351926e-06,0.999656865394588
CA3 Trilaminar,CA3 Pyramidal,-26.278618688845736,26.278618688845736,2.139881094585421e-06,0.9996590052756825
CA1 Trilaminar,CA1 O LMR,-26.01213791573539,26.01213791573539,2.1181814316312424e-06,0.9996611234571141
CA1 Radiatum,CA1 Perforant Path Associated,-25.55065578056253,25.55065578056253,2.080602710000623e-06,0.9996632040598241
MEC LV Superficial Pyramidal,EC LIV VI Deep Multipolar Principal,25.328307923427836,25.328307923427836,2.0624968125203243e-06,0.9996652665566367
CA3 Spiny Lucidum,CA3 Mossy Fiber Associated ORDEN,-25.156160281953188,25.156160281953188,2.048478743769038e-06,0.9996673150353804
CA1 OR LM,CA1 Neurogliaform,-25.13249759662644,25.13249759662644,2.0465518794396233e-06,0.9996693615872598
CA3 Trilaminar,CA1 Radiatum,-25.11334792895544,25.11334792895544,2.0449925124005118e-06,0.9996714065797723
DG MOLAX,DG MOPP,-24.94555165611873,24.94555165611873,2.0313287777789663e-06,0.99967343790855
CA3 Granule,CA3 Lucidum ORAX,24.883456235184177,24.883456235184177,2.0262723165208036e-06,0.9996754641808665
CA1 Radiatum,CA1 R Receiving Apical Targeting,-24.86154061576033,24.86154061576033,2.0244877166437516e-06,0.9996774886685832
CA3 Trilaminar,CA3 Spiny Lucidum,-24.663260070013813,24.663260070013813,2.008341632395908e-06,0.9996794970102156
DG Total Molecular Layer,DG MOPP,-24.5805791434728,24.5805791434728,2.001608883095694e-06,0.9996814986190987
CA1 OR LM,CA1 Basket,-24.39416050556704,24.39416050556704,1.9864287199502764e-06,0.9996834850478187
CA1 Oriens Bistratified,CA1 Radial Trilaminar,-24.368910370169875,24.368910370169875,1.9843725887657615e-06,0.9996854694204075
CA1 Perforant Path Associated QuadD,CA1 LMR,-23.79874158073737,23.79874158073737,1.937943458388861e-06,0.9996874073638659
DG MOPP,DG Axo Axonic,-23.732596774123813,23.732596774123813,1.9325572536247027e-06,0.9996893399211195
CA1 Oriens Bistratified,CA1 Basket CCK+,-23.60397670902129,23.60397670902129,1.9220836572398947e-06,0.9996912620047768
CA3 Mossy Fiber Associated,DG Mossy,-23.59656396859865,23.59656396859865,1.9214800340709114e-06,0.9996931834848108
CA1 O LMR,CA1 OR LM,-23.59221537974291,23.59221537974291,1.9211259263002286e-06,0.9996951046107372
CA1 O LM,CA1 Quadrilaminar,-23.294151630565445,23.294151630565445,1.8968544457708186e-06,0.9996970014651829
CA1 Recurrent O LM,CA1 Oriens Alveus,-23.143787784189072,23.143787784189072,1.8846102423756638e-06,0.9996988860754253
LEC LIII Complex Pyramidal,EC LI II Pyramidal Fan,23.12767624896576,23.12767624896576,1.8832982719849312e-06,0.9997007693736973
CA1 SO SO,CA1 Quadrilaminar,-23.0947749335901,23.0947749335901,1.8806191013788577e-06,0.9997026499927987
MEC LIII Bipolar Complex Pyramidal,MEC LV Pyramidal,22.884394947232725,22.884394947232725,1.8634877536160328e-06,0.9997045134805523
CA1 Basket CCK+,CA1 Radiatum Giant,-22.88036405153411,22.88036405153411,1.86315951575841e-06,0.9997063766400681
SUB CA1 Projecting Pyramidal,CA1 Neurogliaform Projecting,22.86068487488487,22.86068487488487,1.861557030537732e-06,0.9997082381970986
CA1 Oriens Bistratified,CA1 OR LM,-22.824434835097,22.824434835097,1.8586051716238934e-06,0.9997100968022703
CA1 SO SO,CA1 OR LM,-22.66243588134674,22.66243588134674,1.8454135156020364e-06,0.9997119422157859
CA1 Oriens Alveus,CA1 Axo Axonic,-22.622622368053893,22.622622368053893,1.8421714812541445e-06,0.9997137843872671
CA1 LMR,CA1 Radial Trilaminar,-22.45675403260124,22.45675403260124,1.8286647395403518e-06,0.9997156130520066
CA1 Back Projection,CA2 Wide Arbor Basket,-22.3112736398551,22.3112736398551,1.81681819822262e-06,0.9997174298702048
CA1 SO SO,CA1 Bistratified,-22.211483181979307,22.211483181979307,1.8086922112079728e-06,0.9997192385624161
CA3 Mossy Fiber Associated ORDEN,CA3 Basket,-22.20441814479258,22.20441814479258,1.80811690168781e-06,0.9997210466793177
CA1 Neurogliaform,CA1 Neurogliaform Projecting,-22.116087186585656,22.116087186585656,1.8009240674764043e-06,0.9997228476033851
CA1 R Receiving Apical Targeting,CA1 Radiatum,-22.08299135452449,22.08299135452449,1.7982290572791095e-06,0.9997246458324425
CA1 Bistratified,CA1 Recurrent O LM,-22.066102557359777,22.066102557359777,1.7968537940588095e-06,0.9997264426862366
CA1 R Receiving Apical Targeting,CA1 Axo Axonic,-21.865141202408065,21.865141202408065,1.7804894101733667e-06,0.9997282231756467
CA1 Oriens Bistratified,CA1 SO SO,-21.859625651809058,21.859625651809058,1.7800402761228751e-06,0.9997300032159229
CA1 Recurrent O LM,CA1 Basket,-21.67079363990957,21.67079363990957,1.7646635907232061e-06,0.9997317678795136
CA1 OR LM,CA1 Quadrilaminar,-21.644521916288262,21.644521916288262,1.7625242710974273e-06,0.9997335304037847
CA1 Radial Trilaminar,CA1 Basket,-21.63176916032648,21.63176916032648,1.761485807785881e-06,0.9997352918895924
CA1 O LMR,CA1 Radiatum,-21.386780082423225,21.386780082423225,1.7415362243472503e-06,0.9997370334258168
CA1 Back Projection,CA1 Recurrent O LM,-21.37418588688117,21.37418588688117,1.7405106726901763e-06,0.9997387739364895
CA1 Oriens Alveus,CA1 Ivy,-21.113730550814125,21.113730550814125,1.719301664095279e-06,0.9997404932381536
CA3 Mossy Fiber Associated,CA3 Basket CCK+,-21.10948693371598,21.10948693371598,1.718956104227445e-06,0.9997422121942579
CA1 Schaffer Collateral Associated,CA1 O LMR,-21.03696682347481,21.03696682347481,1.7130507552926397e-06,0.9997439252450131
CA3 Mossy Fiber Associated,DG HIPROM,-20.99573857476098,20.99573857476098,1.7096935183301416e-06,0.9997456349385314
CA1 LMR,CA1 Oriens Alveus,-20.86409376761708,20.86409376761708,1.6989736156844537e-06,0.9997473339121471
CA3 O LM,CA3c Pyramidal,-20.71380281925707,20.71380281925707,1.6867353484113183e-06,0.9997490206474955
CA1 Recurrent O LM,CA1 Radial Trilaminar,-20.5947553216729,20.5947553216729,1.677041250998725e-06,0.9997506976887465
CA1 Ivy,CA1 Recurrent O LM,-20.591887583242077,20.591887583242077,1.6768077296205662e-06,0.9997523744964761
CA1 O LMR,CA1 Axo Axonic,-20.464787675061825,20.464787675061825,1.6664579203760677e-06,0.9997540409543965
CA1 Radial Trilaminar,CA1 R Receiving Apical Targeting,-20.384439849592383,20.384439849592383,1.6599151566658089e-06,0.9997557008695531
CA3 Trilaminar,CA1 O LM,-20.23423228247779,20.23423228247779,1.6476836791692913e-06,0.9997573485532323
MEC LIII Superficial Multipolar Interneuron,EC LIII V Bipolar Pyramidal,-20.2276561113274,20.2276561113274,1.6471481782555595e-06,0.9997589957014106
CA3 Spiny Lucidum,CA3 Mossy Fiber Associated,-20.18221227999496,20.18221227999496,1.643447664286951e-06,0.9997606391490749
CA1 LMR,CA1 Basket,-20.11201688974572,20.11201688974572,1.637731618466584e-06,0.9997622768806933
CA1 Back Projection,DG HIPP,-19.95812583875511,19.95812583875511,1.6252001930313318e-06,0.9997639020808863
CA1 Perforant Path Associated,CA1 Pyramidal,-19.914450783004348,19.914450783004348,1.6216437113451127e-06,0.9997655237245976
CA1 Recurrent O LM,CA1 Basket CCK+,-19.840019344218916,19.840019344218916,1.615582721968706e-06,0.9997671393073195
MEC LIII Complex Pyramidal,EC LIV VI Deep Multipolar Principal,19.766329709718363,19.766329709718363,1.6095821380871195e-06,0.9997687488894577
CA1 Radial Trilaminar,CA1 Oriens Alveus,-19.744356225679784,19.744356225679784,1.6077928262654793e-06,0.999770356682284
CA1 Back Projection,CA1 Neurogliaform Projecting,-19.657242591920237,19.657242591920237,1.6006991193941277e-06,0.9997719573814033
CA1 R Receiving Apical Targeting,CA1 OR LM,-19.461238681539896,19.461238681539896,1.5847384227055404e-06,0.999773542119826
CA1 Oriens Alveus,CA1 O LMR,-19.40447988141636,19.40447988141636,1.5801165251555274e-06,0.9997751222363512
CA1 Oriens Bistratified,CA1 Quadrilaminar,-19.36400280046839,19.36400280046839,1.5768204561608e-06,0.9997766990568074
DG MOPP,DG AIPRIM,-19.148379599576604,19.148379599576604,1.5592621508097588e-06,0.9997782583189583
CA1 Neurogliaform Projecting,CA1 LMR,-19.14142909445309,19.14142909445309,1.5586961676929242e-06,0.999779817015126
CA1 Trilaminar,CA2 Wide Arbor Basket,-19.003032146720308,19.003032146720308,1.5474264348539066e-06,0.9997813644415608
EC LIII Pyramidal,CA1 Radiatum Giant,18.928721623651768,18.928721623651768,1.5413752917049472e-06,0.9997829058168526
CA1 Radial Trilaminar,CA1 Basket CCK+,-18.90063061973212,18.90063061973212,1.5390878271723803e-06,0.9997844449046798
CA1 Radial Trilaminar,CA1 Radial Trilaminar,-18.6196386319667,18.6196386319667,1.5162065087336598e-06,0.9997859611111884
EC LIII Pyramidal,EC LII III Pyramidal Tripolar,18.60625677457176,18.60625677457176,1.5151168173770123e-06,0.9997874762280058
CA1 SO SO,CA1 Axo Axonic,-18.47372385383599,18.47372385383599,1.5043245951962837e-06,0.999788980552601
CA1 LMR,CA1 Basket CCK+,-18.42906946038116,18.42906946038116,1.5006883655498325e-06,0.9997904812409666
CA1 Back Projection,CA3 Trilaminar,-18.41035120848968,18.41035120848968,1.499164128913937e-06,0.9997919804050955
CA1 Neurogliaform Projecting,CA1 Perforant Path Associated QuadD,-18.390781072430045,18.390781072430045,1.4975705229231377e-06,0.9997934779756185
CA1 Perforant Path Associated,DG Granule,-18.305547713199942,18.305547713199942,1.490629927749392e-06,0.9997949686055462
DG HICAP,DG Axo Axonic,-18.225255318439626,18.225255318439626,1.4840916777895674e-06,0.999796452697224
CA1 Trilaminar,SUB CA1 Projecting Pyramidal,-17.991862466560985,17.991862466560985,1.4650863808498744e-06,0.9997979177836048
CA1 Radial Trilaminar,CA1 LMR,-17.96591185389517,17.96591185389517,1.46297320945019e-06,0.9997993807568143
CA1 Recurrent O LM,CA1 Horizontal Basket,-17.731423847376654,17.731423847376654,1.4438787335191174e-06,0.9998008246355478
DG HIPP,DG Semilunar Granule,-17.731252839672024,17.731252839672024,1.443864808275995e-06,0.999802268500356
DG HICAP,DG AIPRIM,-17.677784161770468,17.677784161770468,1.4395108270280162e-06,0.999803708011183
CA2 Wide Arbor Basket,CA1 Radiatum Giant,-17.65272462625515,17.65272462625515,1.437470216487437e-06,0.9998051454813995
EC LIII Pyramidal,MEC LV Superficial Pyramidal,17.56277497888917,17.56277497888917,1.4301455716062817e-06,0.9998065756269712
EC LIII Pyramidal,EC LIII Pyramidal,17.545063132735347,17.545063132735347,1.428703287094164e-06,0.9998080043302583
EC LIII Pyramidal,MEC LII III Pyramidal Multiform,17.53379191328466,17.53379191328466,1.4277854660434826e-06,0.9998094321157244
CA3 Mossy Fiber Associated ORDEN,CA3 Lucidum ORAX,-17.53248200068869,17.53248200068869,1.42767879920407e-06,0.9998108597945236
CA1 Perforant Path Associated,DG MOLAX,-17.520443916769352,17.520443916769352,1.4266985319952397e-06,0.9998122864930555
DG MOPP,DG HICAP,-17.469049389727733,17.469049389727733,1.4225134498916586e-06,0.9998137090065055
MEC LV Pyramidal,EC LI II Pyramidal Fan,17.464155842330424,17.464155842330424,1.4221149658737218e-06,0.9998151311214714
CA3 Trilaminar,CA1 Recurrent O LM,-17.342174182086474,17.342174182086474,1.4121819381247037e-06,0.9998165433034095
CA1 Perforant Path Associated,CA1 Schaffer Collateral Associated,-17.318202936507905,17.318202936507905,1.4102299475792869e-06,0.9998179535333571
CA1 Radial Trilaminar,CA1 Horizontal Basket,-17.318101019305484,17.318101019305484,1.4102216484103977e-06,0.9998193637550056
EC LIII Stellate,EC LIII V Bipolar Pyramidal,17.203193101718238,17.203193101718238,1.400864639072327e-06,0.9998207646196446
CA1 O LM,CA1 Axo Axonic,-17.118340945676195,17.118340945676195,1.3939550854653007e-06,0.9998221585747301
CA1 Oriens Alveus,CA1 OR LM,-16.97077594509375,16.97077594509375,1.381938793486343e-06,0.9998235405135236
CA1 Radial Trilaminar,CA1 Perforant Path Associated,-16.9673810229966,16.9673810229966,1.3816623432779324e-06,0.9998249221758669
DG AIPRIM,DG Semilunar Granule,-16.92897800967624,16.92897800967624,1.3785351666499524e-06,0.9998263007110336
CA3 Spiny Lucidum,DG Granule,-16.771796312378605,16.771796312378605,1.3657357822361582e-06,0.9998276664468159
CA1 SO SO,CA1 O LM,-16.717588544640112,16.717588544640112,1.3613216165322158e-06,0.9998290277684324
DG Total Molecular Layer,DG Neurogliaform,-16.673982578219405,16.673982578219405,1.357770760824781e-06,0.9998303855391932
CA1 Perforant Path Associated QuadD,CA1 Perforant Path Associated,-16.516903437729866,16.516903437729866,1.3449797276632864e-06,0.9998317305189209
CA1 Schaffer Collateral Associated,CA1 Schaffer Collateral Associated,-16.50631386224168,16.50631386224168,1.344117413222213e-06,0.9998330746363342
CA3 Mossy Fiber Associated ORDEN,CA3 Mossy Fiber Associated ORDEN,-16.350481800770595,16.350481800770595,1.331427930330413e-06,0.9998344060642645
CA1 Perforant Path Associated QuadD,CA1 Perforant Path Associated QuadD,-16.14389456564704,16.14389456564704,1.3146054282020492e-06,0.9998357206696927
CA1 O LMR,CA1 Neurogliaform,-16.1235879843771,16.1235879843771,1.3129518531085586e-06,0.9998370336215459
EC LIII Pyramidal,EC LIII Stellate,16.121135143574193,16.121135143574193,1.3127521170522492e-06,0.9998383463736629
DG MOLAX,DG Neurogliaform,-15.903708233751193,15.903708233751193,1.2950469347786523e-06,0.9998396414205977
CA3 Spiny Lucidum,DG MOLAX,-15.864593991388285,15.864593991388285,1.291861842413164e-06,0.9998409332824401
DG Total Molecular Layer,DG Semilunar Granule,-15.67858048369662,15.67858048369662,1.2767146692241916e-06,0.9998422099971093
CA1 Neurogliaform Projecting,CA1 Perforant Path Associated,-15.606245516647007,15.606245516647007,1.270824396592296e-06,0.9998434808215059
CA1 Oriens Bistratified,CA1 Bistratified,-15.449824632369598,15.449824632369598,1.2580869655641713e-06,0.9998447389084715
CA1 OR LM,CA1 Axo Axonic,-15.236236049460368,15.236236049460368,1.240694340175503e-06,0.9998459796028116
CA3 Mossy Fiber Associated ORDEN,CA3 Mossy Fiber Associated,-15.093677180420226,15.093677180420226,1.229085699997853e-06,0.9998472086885116
CA3 Mossy Fiber Associated,DG Hilar Ectopic Granule,-15.013477803983672,15.013477803983672,1.2225550245667672e-06,0.9998484312435362
DG HICAP,DG HICAP,-14.91972159041843,14.91972159041843,1.2149204090915886e-06,0.9998496461639452
CA1 R Receiving Apical Targeting,CA1 Bistratified,-14.89369934519654,14.89369934519654,1.2128014046169499e-06,0.9998508589653499
CA3 Trilaminar,CA3 Granule,-14.868328945092273,14.868328945092273,1.210735480217041e-06,0.9998520697008301
CA1 Trilaminar,CA1 O LM,-14.85741748196608,14.85741748196608,1.2098469543042266e-06,0.9998532795477844
CA1 Schaffer Collateral Associated,CA1 O LM,-14.828255763045927,14.828255763045927,1.2074723009123673e-06,0.9998544870200853
CA1 Neurogliaform,CA1 Schaffer Collateral Associated,-14.824580546049368,14.824580546049368,1.207173026149772e-06,0.9998556941931114
CA1 LMR,CA1 Quadrilaminar,-14.775315014409232,14.775315014409232,1.203161309209103e-06,0.9998568973544206
CA1 Neurogliaform,CA1 Pyramidal,-14.48763688479339,14.48763688479339,1.1797355348874134e-06,0.9998580770899556
CA1 O LMR,CA1 Schaffer Collateral Associated,-14.322995164449924,14.322995164449924,1.1663286770569237e-06,0.9998592434186326
CA3 Spiny Lucidum,CA3 Axo Axonic,-14.069908549533633,14.069908549533633,1.1457197071196312e-06,0.9998603891383397
MEC LIII Superficial Trilayered Interneuron,EC LV Deep Pyramidal,-13.994857172250365,13.994857172250365,1.1396082358405402e-06,0.9998615287465756
CA1 SO SO,CA1 Ivy,-13.98087981496332,13.98087981496332,1.1384700526291254e-06,0.9998626672166283
CA1 R Receiving Apical Targeting,CA1 Neurogliaform,-13.884602675626368,13.884602675626368,1.130630156904494e-06,0.9998637978467853
CA2 SP SR,CA2 Basket,-13.805956406852811,13.805956406852811,1.1242259518090543e-06,0.999864922072737
CA1 Oriens Bistratified,CA1 Radiatum,-13.782995030620368,13.782995030620368,1.1223561954307892e-06,0.9998660444289325
CA1 Radial Trilaminar,CA1 Back Projection,-13.337128025939451,13.337128025939451,1.0860490217047552e-06,0.9998671304779542
CA1 Recurrent O LM,CA1 Quadrilaminar,-13.148955416837603,13.148955416837603,1.0707260318054888e-06,0.999868201203986
CA3 Spiny Lucidum,CA3 Basket CCK+,-13.051519438110194,13.051519438110194,1.0627917712083095e-06,0.9998692639957573
CA1 Trilaminar,CA1 Schaffer Collateral Associated,-13.03506536772504,13.03506536772504,1.0614519080076186e-06,0.9998703254476653
CA1 Ivy,CA2 Wide Arbor Basket,-13.010642126325823,13.010642126325823,1.0594631112159188e-06,0.9998713849107765
CA1 Schaffer Collateral Associated,CA2 Wide Arbor Basket,-13.00182434421092,13.00182434421092,1.058745074797518e-06,0.9998724436558514
DG Axo Axonic,DG Granule,-12.958443932802194,12.958443932802194,1.0552125861477903e-06,0.9998734988684376
CA1 Schaffer Collateral Associated,CA1 Recurrent O LM,-12.933542947458774,12.933542947458774,1.0531848864271978e-06,0.999874552053324
CA1 Radial Trilaminar,CA1 Quadrilaminar,-12.838725560061151,12.838725560061151,1.0454638590348305e-06,0.999875597517183
EC LIII Stellate,MEC LV Superficial Pyramidal,12.798715312294323,12.798715312294323,1.0422058045000898e-06,0.9998766397229876
EC LIII Pyramidal,MEC LV Pyramidal,12.760099858249111,12.760099858249111,1.0390613287173785e-06,0.9998776787843163
MEC LIII Superficial Trilayered Interneuron,EC LI II Pyramidal Fan,-12.72423052841836,12.72423052841836,1.0361404712062166e-06,0.9998787149247875
CA1 Radial Trilaminar,CA1 SO SO,-12.696811574523354,12.696811574523354,1.033907732044088e-06,0.9998797488325196
DG MOLAX,DG Semilunar Granule,-12.693155771027572,12.693155771027572,1.0336100381325938e-06,0.9998807824425577
MEC LIII Bipolar Complex Pyramidal,EC LIV VI Deep Multipolar Principal,12.44278730957399,12.44278730957399,1.0132224087945127e-06,0.9998817956649665
MEC LII Oblique Pyramidal,EC LIII V Bipolar Pyramidal,12.284976246784383,12.284976246784383,1.0003717748331756e-06,0.9998827960367414
CA1 Perforant Path Associated,DG Total Molecular Layer,-12.277602980945904,12.277602980945904,9.997713660993706e-07,0.9998837958081075
CA1 Recurrent O LM,CA1 Neurogliaform,-12.27088049033102,12.27088049033102,9.992239503182883e-07,0.9998847950320578
CA1 Radiatum Giant,CA1 Oriens Bistratified,12.07393346016203,12.07393346016203,9.831864549124793e-07,0.9998857782185128
CA1 LMR,CA1 Radiatum,-12.072738691034674,12.072738691034674,9.830891642634427e-07,0.9998867613076771
CA1 Radial Trilaminar,CA1 Horizontal Axo Axonic,-11.998089540013025,11.998089540013025,9.77010446470491e-07,0.9998877383181235
MEC LII Oblique Pyramidal,EC LIII Pyramidal,11.986703742041488,11.986703742041488,9.760832952334132e-07,0.9998887144014187
MEC LII Oblique Pyramidal,EC LII III Pyramidal Tripolar,11.97337518907701,11.97337518907701,9.749979444832623e-07,0.9998896893993632
CA1 Oriens Bistratified,CA1 Horizontal Axo Axonic,-11.89283484750555,11.89283484750555,9.684395040902986e-07,0.9998906578388673
CA1 Oriens Alveus,CA1 O LM,-11.805416979714042,11.805416979714042,9.61321023289197e-07,0.9998916191598907
CA1 O LMR,CA1 Bistratified,-11.776307500802208,11.776307500802208,9.589506238274055e-07,0.9998925781105145
CA1 R Receiving Apical Targeting,CA1 Pyramidal,-11.752374289314536,11.752374289314536,9.570017304170786e-07,0.9998935351122449
CA1 Ivy,CA1 Schaffer Collateral Associated,-11.722352084467524,11.722352084467524,9.545570072247913e-07,0.9998944896692521
DG HICAP,DG MOLAX,-11.718582603134486,11.718582603134486,9.542500564700173e-07,0.9998954439193085
CA1 R Receiving Apical Targeting,CA1 Schaffer Collateral Associated,-11.651348539676563,11.651348539676563,9.487751529749249e-07,0.9998963926944615
MEC LIII Superficial Multipolar Interneuron,MEC LV Pyramidal,-11.228064831474212,11.228064831474212,9.14306948403248e-07,0.9998973070014099
CA3 Trilaminar,CA2 Wide Arbor Basket,-11.221684607949378,11.221684607949378,9.137874036029036e-07,0.9998982207888135
CA1 Radial Trilaminar,CA1 Bistratified,-11.140045733854492,11.140045733854492,9.071395091558094e-07,0.9998991279283227
CA3 Trilaminar,CA3 Trilaminar,-10.98193367104684,10.98193367104684,8.942643646120967e-07,0.9999000221926873
CA1 Oriens Alveus,CA1 Pyramidal,-10.952037964241237,10.952037964241237,8.918299422187411e-07,0.9999009140226295
CA1 Recurrent O LM,CA1 Horizontal Axo Axonic,-10.951070908985423,10.951070908985423,8.917511944244283e-07,0.9999018057738239
CA1 Trilaminar,CA1 Recurrent O LM,-10.806579254891808,10.806579254891808,8.799851665908746e-07,0.9999026857589906
CA1 LMR,CA1 OR LM,-10.801583144852748,10.801583144852748,8.795783308456004e-07,0.9999035653373214
CA1 Basket,CA1 Radiatum Giant,-10.791757553673635,10.791757553673635,8.787782280298373e-07,0.9999044441155495
EC LIII Pyramidal,MEC LIII Superficial Trilayered Interneuron,10.773751416706329,10.773751416706329,8.773119792692352e-07,0.9999053214275287
CA1 Oriens Alveus,CA1 Recurrent O LM,-10.726359439863035,10.726359439863035,8.734528268349774e-07,0.9999061948803556
CA1 Radial Trilaminar,CA1 OR LM,-10.698068655824777,10.698068655824777,8.711490941071927e-07,0.9999070660294497
DG Neurogliaform,DG Axo Axonic,-10.692181909166488,10.692181909166488,8.706697333754951e-07,0.9999079366991831
CA3 Mossy Fiber Associated,CA3 Spiny Lucidum,-10.689732160934264,10.689732160934264,8.70470249148767e-07,0.9999088071694322
CA1 Oriens Bistratified,CA1 Axo Axonic,-10.649491312645038,10.649491312645038,8.671934166978761e-07,0.9999096743628489
CA1 O LMR,CA1 Pyramidal,-10.566931539532968,10.566931539532968,8.604705329821209e-07,0.9999105348333819
CA3 O LM,CA3 Trilaminar,-10.375031045586232,10.375031045586232,8.448439795509649e-07,0.9999113796773614
MEC LII Oblique Pyramidal,EC LIII Stellate,10.32561677726892,10.32561677726892,8.408201509081043e-07,0.9999122204975124
CA3 Spiny Lucidum,DG Total Molecular Layer,-10.317106518568716,10.317106518568716,8.401271562755391e-07,0.9999130606246687
MEC LIII Superficial Trilayered Interneuron,EC LIII V Bipolar Pyramidal,-10.244144196637242,10.244144196637242,8.341857978210902e-07,0.9999138948104664
CA1 SO SO,CA1 Recurrent O LM,-10.231559865935012,10.231559865935012,8.33161049462869e-07,0.9999147279715159
CA2 Bistratified,CA1 Trilaminar,-10.218866195980455,10.218866195980455,8.321273975545138e-07,0.9999155600989135
CA1 O LM,CA1 Neurogliaform Projecting,-10.206261645913514,10.206261645913514,8.311010027232874e-07,0.9999163911999162
CA2 Bistratified,CA1 Perforant Path Associated QuadD,-10.142377377203378,10.142377377203378,8.258988746939226e-07,0.9999172170987909
CA3 Trilaminar,CA1 Schaffer Collateral Associated,-10.121035312751289,10.121035312751289,8.241609796857715e-07,0.9999180412597706
CA1 Recurrent O LM,CA1 Axo Axonic,-10.119467086516972,10.119467086516972,8.240332782372828e-07,0.9999188652930489
CA3 Mossy Fiber Associated ORDEN,CA3 Axo Axonic,-10.09247841918225,10.09247841918225,8.218355775254817e-07,0.9999196871286263
CA1 SO SO,CA1 Pyramidal,-10.06782244314976,10.06782244314976,8.198278290359133e-07,0.9999205069564554
CA1 Recurrent O LM,CA1 SO SO,-10.009692869093898,10.009692869093898,8.150943086773549e-07,0.9999213220507641
CA1 Perforant Path Associated,DG Hilar Ectopic Granule,-9.66193824772566,9.66193824772566,7.867764755129935e-07,0.9999221088272396
CA1 Radiatum,CA1 Basket,-9.23041637679168,9.23041637679168,7.516374332198876e-07,0.9999228604646728
CA1 Oriens Bistratified,CA1 Back Projection,-9.11774592824178,9.11774592824178,7.424626221072802e-07,0.999923602927295
CA1 LMR,CA1 Axo Axonic,-9.04287580022701,9.04287580022701,7.363659100469923e-07,0.999924339293205
CA3 Spiny Lucidum,DG Hilar Ectopic Granule,-8.935472859931432,8.935472859931432,7.276200347723931e-07,0.9999250669132398
CA1 OR LM,CA1 Neurogliaform Projecting,-8.922902600358176,8.922902600358176,7.265964322332589e-07,0.999925793509672
DG Axo Axonic,DG Mossy,-8.921455612886573,8.921455612886573,7.26478603318001e-07,0.9999265199882753
MEC LII III Pyramidal Multiform,EC LI II Pyramidal Fan,8.912193003488317,8.912193003488317,7.257243443909034e-07,0.9999272457126197
CA2 Bistratified,CA2 Pyramidal,-8.912058406625157,8.912058406625157,7.257133841008562e-07,0.9999279714260038
DG MOPP,DG MOLAX,-8.866030840626395,8.866030840626395,7.219653363257142e-07,0.99992869339134
CA1 Back Projection,CA1 Oriens Bistratified,-8.813632648504758,8.813632648504758,7.17698525271481e-07,0.9999294110898653
CA3 Granule,CA3 Basket,8.750761472944552,8.750761472944552,7.125788939252279e-07,0.9999301236687592
CA2 Bistratified,CA2 SP SR,-8.641709397806283,8.641709397806283,7.036987287735968e-07,0.999930827367488
MEC LII Oblique Pyramidal,EC LIV VI Deep Multipolar Principal,8.634159026076013,8.634159026076013,7.030838982182315e-07,0.9999315304513862
CA1 Radiatum,CA1 Oriens Alveus,-8.589109356120822,8.589109356120822,6.994154810081844e-07,0.9999322298668671
CA1 Radial Trilaminar,CA1 Axo Axonic,-8.579621274741063,8.579621274741063,6.986428617845929e-07,0.9999329285097289
CA1 Ivy,CA1 Oriens Bistratified,-8.57463336284139,8.57463336284139,6.982366936179191e-07,0.9999336267464225
SUB CA1 Projecting Pyramidal,CA1 Radiatum Giant,8.28772603741471,8.28772603741471,6.748736862677947e-07,0.9999343016201088
CA1 Radiatum,CA1 Radial Trilaminar,-8.202831711989129,8.202831711989129,6.679606987867254e-07,0.9999349695808075
DG MOPP,DG Basket,-8.202607806362858,8.202607806362858,6.679424660393234e-07,0.9999356375232735
CA1 Horizontal Basket,CA1 Radiatum Giant,-8.169285286424895,8.169285286424895,6.652289965345712e-07,0.9999363027522701
DG Hilar Ectopic Granule,DG AIPRIM,8.067746480781004,8.067746480781004,6.569606406846356e-07,0.9999369597129107
CA1 O LM,CA1 Pyramidal,-7.984172222617325,7.984172222617325,6.50155146942517e-07,0.9999376098680577
CA3 Granule,CA3 Axo Axonic,7.96479331738352,7.96479331738352,6.485771129737384e-07,0.9999382584451707
CA1 Bistratified,CA1 Oriens Bistratified,-7.945902073846064,7.945902073846064,6.47038789541382e-07,0.9999389054839602
CA1 O LM,CA1 Schaffer Collateral Associated,-7.8428658848245245,7.8428658848245245,6.386485010122931e-07,0.9999395441324612
CA3 Mossy Fiber Associated,CA3 LMR Targeting,-7.741885920738279,7.741885920738279,6.30425651910571e-07,0.9999401745581131
CA1 Quadrilaminar,CA1 Perforant Path Associated QuadD,-7.708009044670928,7.708009044670928,6.27667040908277e-07,0.999940802225154
CA1 LMR,CA1 Bistratified,-7.657379742202606,7.657379742202606,6.23544271425344e-07,0.9999414257694255
CA3 LMR Targeting,CA3c Pyramidal,-7.544584894619136,7.544584894619136,6.143593304370658e-07,0.9999420401287559
CA1 Radiatum,CA1 Basket CCK+,-7.5173547153071985,7.5173547153071985,6.121419632838782e-07,0.9999426522707191
CA1 Radiatum,CA1 Radiatum,-7.452073647492263,7.452073647492263,6.068260932031261e-07,0.9999432590968123
MEC LIII Superficial Multipolar Interneuron,EC LV Deep Pyramidal,-7.350234270150267,7.350234270150267,5.985332616491226e-07,0.9999438576300739
CA3 Mossy Fiber Associated,CA3c Pyramidal,-7.305571533133388,7.305571533133388,5.948963525822306e-07,0.9999444525264265
MEC LIII Bipolar Complex Pyramidal,EC LV Deep Pyramidal,7.224541137038089,7.224541137038089,5.882980068037024e-07,0.9999450408244333
CA3 Granule,CA3 Mossy Fiber Associated ORDEN,7.126801212520814,7.126801212520814,5.803389957484713e-07,0.999945621163429
DG Axo Axonic,DG Hilar Ectopic Granule,-7.092358786055475,7.092358786055475,5.775343316937312e-07,0.9999461986977607
CA1 Neurogliaform Projecting,DG Axo Axonic,-7.023325718612127,7.023325718612127,5.719129344021771e-07,0.9999467706106951
CA2 SP SR,CA2 Wide Arbor Basket,-6.960250120391056,6.960250120391056,5.667766568161628e-07,0.999947337387352
CA1 R Receiving Apical Targeting,CA1 Ivy,-6.957135286183481,6.957135286183481,5.665230143050217e-07,0.9999479039103663
CA3 Mossy Fiber Associated,DG HIPP,-6.891454900171078,6.891454900171078,5.611746275432521e-07,0.9999484650849938
DG HICAP,DG Basket,-6.844796078289349,6.844796078289349,5.573751762850807e-07,0.99994902246017
CA3 Granule,CA3 Mossy Fiber Associated,6.776376820996072,6.776376820996072,5.518037618617798e-07,0.9999495742639319
CA1 Radial Trilaminar,CA1 Ivy,-6.774775429735279,6.774775429735279,5.51673359768558e-07,0.9999501259372917
DG MOPP,DG Total Molecular Layer,-6.72459370326198,6.72459370326198,5.475870366232912e-07,0.9999506735243283
MEC LIII Superficial Multipolar Interneuron,EC LI II Pyramidal Fan,-6.72122684520507,6.72122684520507,5.473128716837469e-07,0.9999512208372
CA1 Bistratified,CA2 Wide Arbor Basket,-6.67571055437411,6.67571055437411,5.436064573018462e-07,0.9999517644436573
CA1 OR LM,CA1 Pyramidal,-6.623678157544628,6.623678157544628,5.393694331416443e-07,0.9999523038130904
CA1 Oriens Bistratified,CA1 Pyramidal,-6.6208212852424975,6.6208212852424975,5.391367965977924e-07,0.9999528429498871
CA1 Perforant Path Associated,DG MOPP,-6.61286046776776,6.61286046776776,5.384885432396786e-07,0.9999533814384303
CA1 Axo Axonic,CA1 Pyramidal,-6.503271644823836,6.503271644823836,5.295646704451351e-07,0.9999539110031007
MEC LIII Bipolar Complex Pyramidal,EC LI II Pyramidal Fan,6.439268930923632,6.439268930923632,5.243528973645607e-07,0.999954435355998
DG HICAP,DG Total Molecular Layer,-6.41824286398119,6.41824286398119,5.226407341920452e-07,0.9999549579967323
DG HICAP,DG HIPROM,-6.33310474477516,6.33310474477516,5.157078944612083e-07,0.9999554737046268
DG MOPP,DG Granule,-6.302885003871071,6.302885003871071,5.13247085808759e-07,0.9999559869517126
CA1 Radiatum,CA1 OR LM,-6.288727175068434,6.288727175068434,5.120942067113503e-07,0.9999564990459193
CA3 Trilaminar,CA1 Oriens Bistratified,-6.2006836160911325,6.2006836160911325,5.049247755633002e-07,0.9999570039706949
CA3 Mossy Fiber Associated,CA3 Pyramidal,-6.172157095588575,6.172157095588575,5.026018466970414e-07,0.9999575065725416
DG Neurogliaform,SUB CA1 Projecting Pyramidal,-6.124981674087877,6.124981674087877,4.987603284729009e-07,0.99995800533287
CA1 Oriens Bistratified,CA1 Ivy,-6.050526466027681,6.050526466027681,4.926974035525334e-07,0.9999584980302736
CA3 Mossy Fiber Associated ORDEN,CA3 Basket CCK+,-6.001184317462812,6.001184317462812,4.886794476572715e-07,0.9999589867097213
CA1 Recurrent O LM,CA1 Back Projection,-5.990753445507264,5.990753445507264,4.878300565244265e-07,0.9999594745397778
CA1 LMR,CA1 Schaffer Collateral Associated,-5.9874303848006445,5.9874303848006445,4.875594580250742e-07,0.9999599620992359
CA1 OR LM,CA1 Schaffer Collateral Associated,-5.931993557106948,5.931993557106948,4.83045209352792e-07,0.9999604451444453
CA1 Perforant Path Associated QuadD,CA1 Oriens Alveus,-5.711882401744707,5.711882401744707,4.6512144761919144e-07,0.9999609102658928
DG HICAP,DG Granule,-5.621601247785361,5.621601247785361,4.5776980798993793e-07,0.9999613680357008
DG Hilar Ectopic Granule,DG Axo Axonic,5.604142250402146,5.604142250402146,4.5634811307997613e-07,0.9999618243838139
CA1 LMR,CA1 Neurogliaform,-5.5786005466507245,5.5786005466507245,4.5426823933819656e-07,0.9999622786520532
CA1 Radiatum,CA1 Quadrilaminar,-5.444323654091982,5.444323654091982,4.433340046575855e-07,0.9999627219860578
CA1 O LMR,CA1 Neurogliaform Projecting,-5.379552408881317,5.379552408881317,4.3805964968709803e-07,0.9999631600457075
CA1 Oriens Bistratified,CA1 Schaffer Collateral Associated,-5.365123858302302,5.365123858302302,4.36884725579713e-07,0.9999635969304331
CA1 Trilaminar,CA1 Oriens Bistratified,-5.292258172192145,5.292258172192145,4.309512362286421e-07,0.9999640278816694
CA3 Horizontal Axo Axonic,CA3c Pyramidal,-5.156841276786839,5.156841276786839,4.199241705446963e-07,0.9999644478058399
CA1 Recurrent O LM,CA1 Pyramidal,-5.135934004930344,5.135934004930344,4.1822168091558724e-07,0.9999648660275209
CA2 Bistratified,CA1 Horizontal Basket,-5.110589167247606,5.110589167247606,4.1615783807647917e-07,0.999965282185359
CA1 Radial Trilaminar,CA1 Radiatum,-5.094062061688444,5.094062061688444,4.148120275849528e-07,0.9999656969973866
CA1 Perforant Path Associated QuadD,CA1 Basket,-4.994478624601806,4.994478624601806,4.0670289837695585e-07,0.9999661037002849
CA1 Perforant Path Associated QuadD,CA1 Basket CCK+,-4.977029574362767,4.977029574362767,4.0528201346793137e-07,0.9999665089822984
CA3 Mossy Fiber Associated,CA2 Wide Arbor Basket,-4.969193501104719,4.969193501104719,4.0464391809392296e-07,0.9999669136262165
CA1 Perforant Path Associated QuadD,CA1 Neurogliaform,-4.933204958793988,4.933204958793988,4.017133530507493e-07,0.9999673153395695
CA3 Spiny Lucidum,CA3 LMR Targeting,-4.916249141078587,4.916249141078587,4.003326323134061e-07,0.9999677156722018
CA1 SO SO,CA1 Oriens Bistratified,-4.913494215638727,4.913494215638727,4.0010829735365994e-07,0.9999681157804992
CA1 Radial Trilaminar,CA1 Pyramidal,-4.82070645374617,4.82070645374617,3.9255254338372024e-07,0.9999685083330425
CA1 Radial Trilaminar,CA1 O LMR,-4.811300530762524,4.811300530762524,3.917866143595142e-07,0.9999689001196569
CA1 Radiatum,CA1 Bistratified,-4.806963262528116,4.806963262528116,3.9143342843270233e-07,0.9999692915530853
CA3 Mossy Fiber Associated ORDEN,CA3 Spiny Lucidum,-4.781877433459415,4.781877433459415,3.8939067679488884e-07,0.9999696809437622
CA1 Neurogliaform Projecting,CA1 Oriens Alveus,-4.772431809903745,4.772431809903745,3.886215149331991e-07,0.9999700695652771
CA1 LMR,CA1 Pyramidal,-4.713500487369856,4.713500487369856,3.8382270779411947e-07,0.999970453387985
CA1 Neurogliaform Projecting,CA1 Neurogliaform,-4.518201695968075,4.518201695968075,3.679194292974668e-07,0.9999708213074142
CA3 Mossy Fiber Associated ORDEN,DG AIPRIM,-4.506715963799279,4.506715963799279,3.6698414036860434e-07,0.9999711882915546
CA1 Neurogliaform Projecting,CA1 Basket CCK+,-4.4769392604884,4.4769392604884,3.6455940848948636e-07,0.9999715528509631
CA3 Horizontal Axo Axonic,CA3 Pyramidal,-4.471599875701995,4.471599875701995,3.6412461970943544e-07,0.9999719169755827
CA1 Quadrilaminar,CA1 LMR,-4.387124721957374,4.387124721957374,3.57245765588498e-07,0.9999722742213484
CA1 Perforant Path Associated QuadD,CA1 Radial Trilaminar,-4.369541427503683,4.369541427503683,3.558139491057712e-07,0.9999726300352975
CA1 Oriens Alveus,CA2 Wide Arbor Basket,-4.365767099118007,4.365767099118007,3.5550660365307076e-07,0.9999729855419011
CA1 Neurogliaform Projecting,CA1 Radial Trilaminar,-4.341600931210583,4.341600931210583,3.5353874048469106e-07,0.9999733390806416
CA1 Neurogliaform Projecting,DG AIPRIM,-4.311760072663295,4.311760072663295,3.5110878441250823e-07,0.999973690189426
DG MOPP,CA1 Neurogliaform Projecting,-4.224995648046932,4.224995648046932,3.4404351381676167e-07,0.9999740342329397
CA1 R Receiving Apical Targeting,CA1 Neurogliaform Projecting,-4.16598169123736,4.16598169123736,3.3923797772718454e-07,0.9999743734709174
CA1 Recurrent O LM,CA1 Neurogliaform Projecting,-4.148003431969153,4.148003431969153,3.377739990615966e-07,0.9999747112449165
DG Neurogliaform,DG AIPRIM,-4.122823507348133,4.122823507348133,3.357235851757831e-07,0.9999750469685017
DG HIPROM,DG AIPRIM,-4.11113514293856,4.11113514293856,3.347717958019646e-07,0.9999753817402975
CA1 Neurogliaform Projecting,DG HICAP,-4.069052354200564,4.069052354200564,3.31344973216876e-07,0.9999757130852708
CA1 Neurogliaform Projecting,CA1 Basket,-3.9927467347869694,3.9927467347869694,3.251313683722998e-07,0.9999760382166392
CA1 O LMR,CA1 Ivy,-3.985483441412229,3.985483441412229,3.2453991475135165e-07,0.9999763627565539
CA1 Oriens Bistratified,CA1 O LMR,-3.9811151921066825,3.9811151921066825,3.2418420602038463e-07,0.9999766869407599
CA3 Spiny Lucidum,CA1 Neurogliaform Projecting,-3.965814709944788,3.965814709944788,3.2293828008706394e-07,0.99997700987904
DG Neurogliaform,DG HICAP,-3.908048749819911,3.908048749819911,3.182343689932031e-07,0.999977328113409
CA1 Oriens Bistratified,CA1 Recurrent O LM,-3.867396373731584,3.867396373731584,3.149240256273126e-07,0.9999776430374346
CA3 Spiny Lucidum,DG MOPP,-3.729564857474021,3.729564857474021,3.037003361568004e-07,0.9999779467377707
CA1 Oriens Alveus,CA1 Oriens Bistratified,-3.712511142888807,3.712511142888807,3.023116436282679e-07,0.9999782490494143
CA3 Granule,CA3 LMR Targeting,3.627204597634976,3.627204597634976,2.9536508887991837e-07,0.9999785444145032
CA1 Quadrilaminar,CA1 Perforant Path Associated,-3.623415334872757,3.623415334872757,2.950565273134487e-07,0.9999788394710305
CA1 Perforant Path Associated,DG Neurogliaform,-3.5658730726153816,3.5658730726153816,2.903708320490892e-07,0.9999791298418625
CA3 Spiny Lucidum,CA3c Pyramidal,-3.556231626529906,3.556231626529906,2.895857242606219e-07,0.9999794194275868
CA1 Radiatum,CA1 Axo Axonic,-3.534080014761913,3.534080014761913,2.877819074086713e-07,0.9999797072094943
CA1 Recurrent O LM,CA1 O LMR,-3.482619302200278,3.482619302200278,2.835914357850133e-07,0.99997999080093
CA1 LMR,CA1 Ivy,-3.422683806350691,3.422683806350691,2.7871085830939533e-07,0.9999802695117883
DG MOPP,DG Hilar Ectopic Granule,-3.368369213994037,3.368369213994037,2.742879938232398e-07,0.9999805437997822
CA3 Spiny Lucidum,CA3 Granule,-3.33632239172658,3.33632239172658,2.7167840501936645e-07,0.9999808154781872
DG HIPROM,DG Axo Axonic,-3.2830905256769767,3.2830905256769767,2.673437074792176e-07,0.9999810828218947
CA1 Horizontal Axo Axonic,CA1 Pyramidal,-3.269523383454519,3.269523383454519,2.66238928286173e-07,0.9999813490608229
CA1 Oriens Bistratified,CA1 O LM,-3.2443247505276265,3.2443247505276265,2.6418699097363295e-07,0.9999816132478139
DG Neurogliaform,DG MOLAX,-3.152331419539088,3.152331419539088,2.5669592791049447e-07,0.9999818699437418
DG HIPROM,DG HICAP,-3.12743007929641,3.12743007929641,2.546681992902773e-07,0.9999821246119411
DG HICAP,DG Hilar Ectopic Granule,-3.117431826939397,3.117431826939397,2.5385403658823435e-07,0.9999823784659777
CA1 Perforant Path Associated QuadD,CA1 Quadrilaminar,-3.108890549005932,3.108890549005932,2.531585160439533e-07,0.9999826316244937
CA1 Neurogliaform Projecting,CA1 Quadrilaminar,-3.0663438278064707,3.0663438278064707,2.4969391520593554e-07,0.999982881318409
MEC LV Superficial Pyramidal,EC LI II Pyramidal Fan,3.037796001788656,3.037796001788656,2.473692514208879e-07,0.9999831286876604
CA3 Spiny Lucidum,CA3 Pyramidal,-3.007558833007965,3.007558833007965,2.449070236077094e-07,0.999983373594684
CA1 Radial Trilaminar,CA1 O LM,-2.9699697049129266,2.9699697049129266,2.418461220616679e-07,0.999983615440806
CA1 Schaffer Collateral Associated,CA1 Oriens Bistratified,-2.9656714229383687,2.9656714229383687,2.4149611080554137e-07,0.9999838569369168
CA1 Back Projection,CA1 Radiatum Giant,-2.935217893745475,2.935217893745475,2.3901626465552513e-07,0.9999840959531815
CA1 Recurrent O LM,CA1 Schaffer Collateral Associated,-2.930160931549958,2.930160931549958,2.386044736886425e-07,0.9999843345576552
CA1 Recurrent O LM,CA1 Bistratified,-2.8835534200230235,2.8835534200230235,2.348092006583864e-07,0.9999845693668559
CA1 Recurrent O LM,CA1 OR LM,-2.87526834717822,2.87526834717822,2.3413454302292313e-07,0.9999848035013988
CA2 Bistratified,CA1 SO SO,-2.807954128189742,2.807954128189742,2.286531124227916e-07,0.9999850321545113
DG Hilar Ectopic Granule,DG HICAP,2.803021064108734,2.803021064108734,2.282514105414896e-07,0.9999852604059218
CA2 SP SR,CA2 SP SR,-2.7640495398297604,2.7640495398297604,2.2507793978112769e-07,0.9999854854838616
CA1 Neurogliaform Projecting,DG MOLAX,-2.68322903219073,2.68322903219073,2.184966853248207e-07,0.9999857039805469
CA1 Perforant Path Associated QuadD,CA1 Axo Axonic,-2.6517218361375487,2.6517218361375487,2.159310385541167e-07,0.9999859199115855
CA3 Granule,CA3 Spiny Lucidum,2.616611271827321,2.616611271827321,2.130719676996972e-07,0.9999861329835532
CA1 Quadrilaminar,CA1 Trilaminar,-2.61601073916336,2.61601073916336,2.1302306602379457e-07,0.9999863460066193
CA3 Mossy Fiber Associated ORDEN,CA3c Pyramidal,-2.55488237446297,2.55488237446297,2.080453526396124e-07,0.9999865540519719
CA2 Bistratified,CA1 R Receiving Apical Targeting,-2.465477073761781,2.465477073761781,2.0076503418027855e-07,0.999986754817006
CA1 Radiatum,CA1 Schaffer Collateral Associated,-2.4519625686060884,2.4519625686060884,1.9966454124997018e-07,0.9999869544815473
CA3 Mossy Fiber Associated ORDEN,DG HICAP,-2.4148321962305337,2.4148321962305337,1.9664099641216288e-07,0.9999871511225437
CA3 Mossy Fiber Associated ORDEN,DG Axo Axonic,-2.402926922666154,2.402926922666154,1.956715440171214e-07,0.9999873467940876
CA1 Neurogliaform Projecting,CA1 Axo Axonic,-2.3853838837794457,2.3853838837794457,1.9424300556539605e-07,0.9999875410370932
CA1 Quadrilaminar,CA1 R Receiving Apical Targeting,-2.2977903269531232,2.2977903269531232,1.8711021831810813e-07,0.9999877281473115
CA3 Granule,CA3c Pyramidal,2.280811281935155,2.280811281935155,1.8572760616987194e-07,0.9999879138749177
CA3 Mossy Fiber Associated ORDEN,CA3 LMR Targeting,-2.219649850250516,2.219649850250516,1.8074720012458426e-07,0.9999880946221178
CA2 Bistratified,CA1 Basket,-2.206532604040053,2.206532604040053,1.796790561893512e-07,0.999988274301174
DG Neurogliaform,DG Granule,-2.173783056897071,2.173783056897071,1.7701224414655354e-07,0.9999884513134182
CA1 Radiatum,CA1 Ivy,-2.164497036330024,2.164497036330024,1.762560788362441e-07,0.999988627569497
CA1 Bistratified,CA1 Radiatum Giant,-2.1576838189290704,2.1576838189290704,1.7570127512748638e-07,0.9999888032707721
CA1 Radial Trilaminar,CA1 Recurrent O LM,-2.1320085414512637,2.1320085414512637,1.7361052441020024e-07,0.9999889768812965
CA1 Recurrent O LM,CA1 O LM,-2.115808177859769,2.115808177859769,1.7229132068091275e-07,0.9999891491726172
DG MOPP,DG MOPP,-1.94595579001008,1.94595579001008,1.584601555830297e-07,0.9999893076327727
CA2 SP SR,CA2 Pyramidal,-1.910838827728936,1.910838827728936,1.556005637386309e-07,0.9999894632333365
CA1 Quadrilaminar,CA1 Radial Trilaminar,-1.8887601303461377,1.8887601303461377,1.5380268434162224e-07,0.9999896170360209
CA3 Granule,CA3 Basket CCK+,1.8857465040092307,1.8857465040092307,1.535572832381301e-07,0.9999897705933041
CA1 LMR,CA1 Neurogliaform Projecting,-1.827979761398799,1.827979761398799,1.4885330842607827e-07,0.9999899194466125
CA2 Bistratified,CA1 Basket CCK+,-1.804359606113174,1.804359606113174,1.469299073392344e-07,0.9999900663765199
CA1 Radial Trilaminar,CA1 Schaffer Collateral Associated,-1.7861687499037648,1.7861687499037648,1.4544861679813917e-07,0.9999902118251367
CA3 Mossy Fiber Associated ORDEN,CA3 Pyramidal,-1.7830641175200004,1.7830641175200004,1.4519580502662564e-07,0.9999903570209417
DG Neurogliaform,DG Basket,-1.749668648697399,1.749668648697399,1.4247639525762456e-07,0.999990499497337
CA1 Neurogliaform Projecting,DG Basket,-1.7421084010730732,1.7421084010730732,1.41860760503255e-07,0.9999906413580975
CA3 Mossy Fiber Associated ORDEN,DG MOLAX,-1.708996141931837,1.708996141931837,1.391644126405943e-07,0.9999907805225101
CA1 Perforant Path Associated,DG Semilunar Granule,-1.7067178638387568,1.7067178638387568,1.389788913132629e-07,0.9999909195014014
CA1 Schaffer Collateral Associated,CA1 Radiatum Giant,-1.7001575082869929,1.7001575082869929,1.3844467827165666e-07,0.9999910579460797
CA1 Quadrilaminar,CA1 Oriens Alveus,-1.6847263334538,1.6847263334538,1.3718810996858953e-07,0.9999911951341897
CA3 Mossy Fiber Associated,CA3 Granule,-1.6813569754428404,1.6813569754428404,1.3691374145653365e-07,0.9999913320479311
CA1 Quadrilaminar,CA1 Basket,-1.674389895376262,1.674389895376262,1.3634640863377524e-07,0.9999914683943397
CA1 Recurrent O LM,CA1 Ivy,-1.6587393404805468,1.6587393404805468,1.35071976102231e-07,0.9999916034663158
CA3 Spiny Lucidum,DG Neurogliaform,-1.657234394487059,1.657234394487059,1.3494942759547847e-07,0.9999917384157434
CA1 Perforant Path Associated QuadD,CA1 Neurogliaform Projecting,-1.64457553572124,1.64457553572124,1.3391861037967477e-07,0.9999918723343538
DG Hilar Ectopic Granule,DG Mossy,1.6138578915994803,1.6138578915994803,1.314172572185873e-07,0.999992003751611
CA3 Spiny Lucidum,DG Semilunar Granule,-1.5955009063544543,1.5955009063544543,1.2992243870683318e-07,0.9999921336740497
CA1 Recurrent O LM,CA1 Recurrent O LM,-1.5944641965028976,1.5944641965028976,1.2983801890386773e-07,0.9999922635120686
CA1 Neurogliaform Projecting,CA1 Neurogliaform Projecting,-1.5863058824702536,1.5863058824702536,1.2917368330202895e-07,0.9999923926857519
CA1 Quadrilaminar,CA1 Basket CCK+,-1.5781680058209215,1.5781680058209215,1.2851101192655954e-07,0.9999925211967639
CA1 Perforant Path Associated,CA1 Radiatum Giant,-1.5741305738015243,1.5741305738015243,1.281822418130585e-07,0.9999926493790057
DG Hilar Ectopic Granule,DG MOLAX,1.567621237494078,1.567621237494078,1.2765218329409552e-07,0.9999927770311889
CA2 Bistratified,CA1 Perforant Path Associated,-1.5660371402241913,1.5660371402241913,1.2752318945922346e-07,0.9999929045543784
CA1 Radiatum,CA1 Pyramidal,-1.5554166805692362,1.5554166805692362,1.2665836010496626e-07,0.9999930312127385
CA3 Mossy Fiber Associated ORDEN,CA2 Wide Arbor Basket,-1.5538329004174165,1.5538329004174165,1.2652939209317736e-07,0.9999931577421306
CA1 Neurogliaform Projecting,DG Granule,-1.5523330802619344,1.5523330802619344,1.264072609859835e-07,0.9999932841493916
CA2 Bistratified,CA1 Radial Trilaminar,-1.5513526848513712,1.5513526848513712,1.2632742689618132e-07,0.9999934104768184
DG Hilar Ectopic Granule,DG Total Molecular Layer,1.4983557751436258,1.4983557751436258,1.22011861968745e-07,0.9999935324886804
CA2 Bistratified,CA1 OR LM,-1.4926652321187404,1.4926652321187404,1.2154847819728195e-07,0.9999936540371586
CA3 Spiny Lucidum,CA3 Spiny Lucidum,-1.48181367288471,1.48181367288471,1.2066483028843914e-07,0.9999937747019888
DG Hilar Ectopic Granule,CA3 Lucidum ORAX,1.48023968801693,1.48023968801693,1.2053665991154048e-07,0.9999938952386487
CA1 Neurogliaform Projecting,DG Total Molecular Layer,-1.4634236531830578,1.4634236531830578,1.1916732176432016e-07,0.9999940144059705
DG MOPP,DG Neurogliaform,-1.4218588153156804,1.4218588153156804,1.1578267617829999e-07,0.9999941301886467
DG Neurogliaform,DG Hilar Ectopic Granule,-1.4087490242832723,1.4087490242832723,1.1471513932195362e-07,0.999994244903786
CA3 Mossy Fiber Associated ORDEN,DG Total Molecular Layer,-1.4086243503262763,1.4086243503262763,1.147049870591303e-07,0.999994359608773
CA2 Bistratified,CA1 Oriens Alveus,-1.3363465266658012,1.3363465266658012,1.0881936764206104e-07,0.9999944684281407
CA2 Bistratified,CA1 Quadrilaminar,-1.3265330257897785,1.3265330257897785,1.0802024934574008e-07,0.99999457644839
CA3 Mossy Fiber Associated ORDEN,DG Mossy,-1.290786217179564,1.290786217179564,1.051093687989924e-07,0.9999946815577587
DG Hilar Ectopic Granule,DG Basket,1.276258461800868,1.276258461800868,1.0392636639503314e-07,0.9999947854841251
CA3 Lucidum ORAX,CA3 Basket,-1.2753031576130562,1.2753031576130562,1.0384857549607906e-07,0.9999948893327006
DG HIPROM,DG Basket,-1.251751119313363,1.251751119313363,1.0193072120955e-07,0.9999949912634218
DG HIPROM,DG MOLAX,-1.2476849236611838,1.2476849236611838,1.0159960885901092e-07,0.9999950928630307
CA1 Neurogliaform,CA1 Radiatum Giant,-1.2408535242834644,1.2408535242834644,1.0104332458276968e-07,0.9999951939063553
CA1 Quadrilaminar,CA1 Quadrilaminar,-1.2191589321889449,1.2191589321889449,9.927672307195627e-08,0.9999952931830783
CA3 Lucidum ORAX,CA3 Lucidum ORAX,-1.19506203207234,1.19506203207234,9.73145004145103e-08,0.9999953904975788
DG Hilar Ectopic Granule,DG HIPROM,1.1727449931609049,1.1727449931609049,9.54972127473325e-08,0.9999954859947915
DG Neurogliaform,DG Total Molecular Layer,-1.1669772533530407,1.1669772533530407,9.502754280312897e-08,0.9999955810223343
CA2 Bistratified,CA1 Horizontal Axo Axonic,-1.166816608805152,1.166816608805152,9.501446143705543e-08,0.9999956760367957
CA2 Bistratified,CA1 LMR,-1.0938655615413,1.0938655615413,8.907402108444339e-08,0.9999957651108168
DG HIPROM,CA3 Basket,-1.093259959164173,1.093259959164173,8.902470657925595e-08,0.9999958541355234
CA3 Spiny Lucidum,DG HIPROM,-1.0877033560530789,1.0877033560530789,8.857222960212351e-08,0.9999959427077529
CA1 Neurogliaform Projecting,CA1 Pyramidal,-1.0823676426565632,1.0823676426565632,8.813773978519197e-08,0.9999960308454927
CA3 Lucidum ORAX,CA3 Mossy Fiber Associated ORDEN,-1.0721529535647742,1.0721529535647742,8.730595253132597e-08,0.9999961181514453
CA2 Bistratified,CA1 Back Projection,-1.0590994089851185,1.0590994089851185,8.624299585182629e-08,0.9999962043944411
CA1 Perforant Path Associated QuadD,CA1 Schaffer Collateral Associated,-1.0531341181583975,1.0531341181583975,8.575723922911529e-08,0.9999962901516803
CA1 O LMR,CA1 Radiatum Giant,-1.007892256594356,1.007892256594356,8.20731717600045e-08,0.9999963722248522
CA1 Neurogliaform Projecting,DG Hilar Ectopic Granule,-1.0043011889501765,1.0043011889501765,8.178074932136169e-08,0.9999964540056014
CA1 Neurogliaform Projecting,CA1 Schaffer Collateral Associated,-1.004103065308909,1.004103065308909,8.176461601392423e-08,0.9999965357702174
DG HIPROM,CA3 Mossy Fiber Associated ORDEN,-0.9711340799544252,0.9711340799544252,7.907993500754892e-08,0.9999966148501525
DG HIPROM,DG Total Molecular Layer,-0.966817413197539,0.966817413197539,7.872842666938017e-08,0.9999966935785791
CA3 Granule,CA3 Pyramidal,0.942018883295193,0.942018883295193,7.67090699467201e-08,0.9999967702876491
CA2 Bistratified,CA1 Bistratified,-0.9343382131660528,0.9343382131660528,7.608362912740982e-08,0.9999968463712783
DG Hilar Ectopic Granule,DG Hilar Ectopic Granule,0.9213810801264162,0.9213810801264162,7.502852328794972e-08,0.9999969213998016
CA1 R Receiving Apical Targeting,CA1 Radiatum Giant,-0.917137447683072,0.917137447683072,7.468296217054837e-08,0.9999969960827637
CA3 Mossy Fiber Associated ORDEN,DG Basket,-0.8877799581349533,0.8877799581349533,7.229236707830428e-08,0.9999970683751308
DG Hilar Ectopic Granule,CA3 Basket,0.8814443421407223,0.8814443421407223,7.177645469154087e-08,0.9999971401515855
CA3 Mossy Fiber Associated ORDEN,DG HIPROM,-0.8528699462908585,0.8528699462908585,6.944962731174874e-08,0.9999972096012127
CA1 Quadrilaminar,CA1 Horizontal Basket,-0.812019373096461,0.812019373096461,6.612314465614502e-08,0.9999972757243574
DG HIPROM,CA3 Lucidum ORAX,-0.8102901757612149,0.8102901757612149,6.5982335250205e-08,0.9999973417066926
CA1 Quadrilaminar,CA1 OR LM,-0.8039935831951974,0.8039935831951974,6.546960056076536e-08,0.9999974071762932
CA1 Trilaminar,CA1 Radiatum Giant,-0.8019219946830652,0.8019219946830652,6.530091006963412e-08,0.9999974724772033
DG HIPROM,DG HIPROM,-0.7862956495514265,0.7862956495514265,6.402844895131613e-08,0.9999975365056523
CA1 Quadrilaminar,CA1 Bistratified,-0.7741489634103046,0.7741489634103046,6.303933820911863e-08,0.9999975995449905
CA3 Mossy Fiber Associated ORDEN,DG Hilar Ectopic Granule,-0.7668799505692921,0.7668799505692921,6.244741884916445e-08,0.9999976619924094
CA1 Oriens Bistratified,CA1 Oriens Bistratified,-0.7661769853824949,0.7661769853824949,6.239017604157283e-08,0.9999977243825854
CA1 Ivy,CA1 Radiatum Giant,-0.750372740565529,0.750372740565529,6.110322846268887e-08,0.9999977854858139
DG Neurogliaform,CA1 Neurogliaform Projecting,-0.734954219315341,0.734954219315341,5.984769054722965e-08,0.9999978453335044
CA1 Quadrilaminar,CA1 Axo Axonic,-0.7223541406843069,0.7223541406843069,5.882165982727084e-08,0.9999979041551643
CA1 Radial Trilaminar,CA2 Wide Arbor Basket,-0.7119392240528062,0.7119392240528062,5.797356794446227e-08,0.9999979621287323
DG Hilar Ectopic Granule,CA3 Axo Axonic,0.6892270915675144,0.6892270915675144,5.612410760948565e-08,0.9999980182528398
CA1 Radial Trilaminar,CA1 Oriens Bistratified,-0.6772127040122536,0.6772127040122536,5.514577000746255e-08,0.9999980733986099
CA1 O LM,CA1 Radiatum Giant,-0.6610854299300226,0.6610854299300226,5.383251799355773e-08,0.9999981272311279
CA1 Quadrilaminar,CA1 Radiatum,-0.652361723806575,0.652361723806575,5.31221422303062e-08,0.9999981803532701
CA1 Quadrilaminar,CA1 SO SO,-0.636528398152396,0.636528398152396,5.1832826584268334e-08,0.9999982321860967
CA3 Axo Axonic,CA3c Pyramidal,-0.6303526264759227,0.6303526264759227,5.132993040043768e-08,0.9999982835160272
CA3 Lucidum ORAX,CA3 Mossy Fiber Associated,-0.6179936165133969,0.6179936165133969,5.032353002301497e-08,0.9999983338395572
CA3 Axo Axonic,CA3 Pyramidal,-0.6171111028168403,0.6171111028168403,5.025166649025723e-08,0.9999983840912237
CA1 Recurrent O LM,CA1 Oriens Bistratified,-0.603374555385,0.603374555385,4.9133092546081536e-08,0.9999984332243163
CA1 OR LM,CA1 Radiatum Giant,-0.5961143021861562,0.5961143021861562,4.8541886488180804e-08,0.9999984817662028
CA3 Lucidum ORAX,CA3 O LM,-0.5761181659408119,0.5761181659408119,4.691359108868444e-08,0.9999985286797939
CA3 Trilaminar,CA1 Radiatum Giant,-0.5739178789048319,0.5739178789048319,4.673442061223343e-08,0.9999985754142146
CA3 Lucidum ORAX,CA3 Axo Axonic,-0.5738442163676838,0.5738442163676838,4.672842223490284e-08,0.9999986221426368
DG HIPROM,CA3 Axo Axonic,-0.5484182806344825,0.5484182806344825,4.465797554088708e-08,0.9999986668006123
DG HIPROM,CA3 O LM,-0.544261380393091,0.544261380393091,4.431947707017382e-08,0.9999987111200894
DG HIPROM,CA3 Mossy Fiber Associated,-0.542959672283536,0.542959672283536,4.421347832620302e-08,0.9999987553335677
DG Hilar Ectopic Granule,DG HIPP,0.523036265859315,0.523036265859315,4.259110535250373e-08,0.999998797924673
CA1 Quadrilaminar,CA1 Back Projection,-0.5222140875123154,0.5222140875123154,4.252415495750946e-08,0.999998840448828
CA2 Bistratified,CA1 Axo Axonic,-0.5218317719160458,0.5218317719160458,4.2493022806831787e-08,0.9999988829418508
DG MOPP,DG Semilunar Granule,-0.5216810589918,0.5216810589918,4.248075017785071e-08,0.9999989254226009
CA2 Bistratified,CA1 Radiatum,-0.5099442717070195,0.5099442717070195,4.152501770502737e-08,0.9999989669476187
CA2 Bistratified,CA1 Recurrent O LM,-0.5089622339601372,0.5089622339601372,4.144504987895534e-08,0.9999990083926685
CA1 Axo Axonic,CA1 Radiatum Giant,-0.4708893080476639,0.4708893080476639,3.8344752434088706e-08,0.999999046737421
DG HIPROM,DG Hilar Ectopic Granule,-0.4400246043975599,0.4400246043975599,3.583142414188005e-08,0.9999990825688452
CA1 LMR,CA1 Radiatum Giant,-0.4174324911002881,0.4174324911002881,3.399173702955537e-08,0.9999991165605822
CA1 Quadrilaminar,CA1 Ivy,-0.4142318120365698,0.4142318120365698,3.373110412874033e-08,0.9999991502916863
DG HICAP,DG Semilunar Granule,-0.4130703493716663,0.4130703493716663,3.3636525641639385e-08,0.999999183928212
CA1 Quadrilaminar,CA1 Horizontal Axo Axonic,-0.4067121746169216,0.4067121746169216,3.311877628369754e-08,0.9999992170469882
DG Hilar Ectopic Granule,CA3 Mossy Fiber Associated ORDEN,0.3841966744292319,0.3841966744292319,3.128532781529602e-08,0.999999248332316
CA1 Quadrilaminar,CA1 Pyramidal,-0.3817999172619877,0.3817999172619877,3.109015867755611e-08,0.9999992794224747
CA1 Neurogliaform Projecting,DG MOPP,-0.3527515074631679,0.3527515074631679,2.8724732104254183e-08,0.9999993081472068
CA3 Lucidum ORAX,CA3 Basket CCK+,-0.3481100139561993,0.3481100139561993,2.8346772960974743e-08,0.9999993364939798
CA2 Bistratified,CA1 O LMR,-0.3475972748746431,0.3475972748746431,2.8305020360502524e-08,0.9999993647990001
CA1 Quadrilaminar,CA1 Schaffer Collateral Associated,-0.3471519311671753,0.3471519311671753,2.826875579913091e-08,0.9999993930677559
CA2 Bistratified,CA1 Pyramidal,-0.3310733933335135,0.3310733933335135,2.6959472402380935e-08,0.9999994200272283
DG HIPROM,DG Granule,-0.3212418297748023,0.3212418297748023,2.6158883252752953e-08,0.9999994461861116
CA3 Mossy Fiber Associated ORDEN,DG HIPP,-0.3177821162153434,0.3177821162153434,2.5877157043083134e-08,0.9999994720632687
DG HIPROM,DG Mossy,-0.3152316904291632,0.3152316904291632,2.5669474592661693e-08,0.9999994977327432
CA2 Bistratified,CA1 O LM,-0.3106174992866363,0.3106174992866363,2.5293738694606752e-08,0.9999995230264819
DG HIPROM,CA3 Basket CCK+,-0.3017661941015643,0.3017661941015643,2.457297247579552e-08,0.9999995475994543
CA1 Quadrilaminar,CA1 Neurogliaform,-0.2804281610211008,0.2804281610211008,2.28354057442571e-08,0.9999995704348601
CA1 Neurogliaform Projecting,DG Neurogliaform,-0.2486502005402726,0.2486502005402726,2.0247710490462395e-08,0.9999995906825706
CA2 Bistratified,CA1 Ivy,-0.24833881286676,0.24833881286676,2.022235403609444e-08,0.9999996109049246
CA1 Recurrent O LM,CA1 Radiatum Giant,-0.2477308601104428,0.2477308601104428,2.0172848138351178e-08,0.9999996310777728
CA1 Horizontal Axo Axonic,CA1 Radiatum Giant,-0.2450000316141699,0.2450000316141699,1.9950475404802213e-08,0.9999996510282482
CA3 Lucidum ORAX,CA3 Horizontal Axo Axonic,-0.2115782177412288,0.2115782177412288,1.722892034514391e-08,0.9999996682571685
CA2 Bistratified,CA1 Schaffer Collateral Associated,-0.2113458855850544,0.2113458855850544,1.721000142118719e-08,0.9999996854671699
DG Neurogliaform,DG Semilunar Granule,-0.2097004641592638,0.2097004641592638,1.707601392955508e-08,0.9999997025431838
DG Hilar Ectopic Granule,CA3 Mossy Fiber Associated,0.1922478968836494,0.1922478968836494,1.5654842626478958e-08,0.9999997181980265
DG Hilar Ectopic Granule,CA3 Spiny Lucidum,0.1877364599096777,0.1877364599096777,1.528747405188514e-08,0.9999997334855005
DG HIPROM,CA3 Horizontal Axo Axonic,-0.1866092626552061,0.1866092626552061,1.5195685814334582e-08,0.9999997486811864
DG Neurogliaform,DG MOPP,-0.1749959834214557,0.1749959834214557,1.4250010664027222e-08,0.999999762931197
DG HIPROM,CA3 Spiny Lucidum,-0.1722430317531223,0.1722430317531223,1.4025836429485948e-08,0.9999997769570333
CA1 Radiatum,CA1 Radiatum Giant,-0.1684445070576849,0.1684445070576849,1.371652065915086e-08,0.999999790673554
CA3 Lucidum ORAX,CA3c Pyramidal,-0.1496613767413248,0.1496613767413248,1.2187000940590694e-08,0.999999802860555
CA1 Neurogliaform Projecting,DG Semilunar Granule,-0.1491129619800576,0.1491129619800576,1.214234325163365e-08,0.9999998150028983
CA1 Quadrilaminar,CA1 O LMR,-0.1436742754507156,0.1436742754507156,1.169946828087062e-08,0.9999998267023665
CA3 Lucidum ORAX,CA3 Spiny Lucidum,-0.1339657520495668,0.1339657520495668,1.090889835295897e-08,0.9999998376112649
DG HIPROM,CA3c Pyramidal,-0.1338757358450406,0.1338757358450406,1.090156828829489e-08,0.9999998485128332
CA1 Radial Trilaminar,CA1 Radiatum Giant,-0.1243884455751974,0.1243884455751974,1.0129013485180413e-08,0.9999998586418467
CA3 Lucidum ORAX,CA3 Pyramidal,-0.1198739994768,0.1198739994768,9.76139987607599e-09,0.9999998684032466
CA1 Quadrilaminar,CA1 Recurrent O LM,-0.1110119958629099,0.1110119958629099,9.039762478842458e-09,0.9999998774430091
CA1 Quadrilaminar,CA1 O LM,-0.1045684972743786,0.1045684972743786,8.515065158338372e-09,0.9999998859580743
CA3 Lucidum ORAX,CA3 LMR Targeting,-0.1039843297350143,0.1039843297350143,8.467496102736269e-09,0.9999998944255705
DG HIPROM,CA3 Pyramidal,-0.1039289953952249,0.1039289953952249,8.462990199705416e-09,0.9999999028885607
DG HIPROM,CA3 LMR Targeting,-0.0957320853839481,0.0957320853839481,7.795511707976533e-09,0.9999999106840723
CA1 Neurogliaform Projecting,CA1 Radiatum Giant,-0.0885008473072588,0.0885008473072588,7.2066683660195294e-09,0.9999999178907407
CA1 Quadrilaminar,CA1 Neurogliaform Projecting,-0.0870714435893947,0.0870714435893947,7.090271304644084e-09,0.999999924981012
CA2 Bistratified,CA1 Oriens Bistratified,-0.0856569429532407,0.0856569429532407,6.9750878086839334e-09,0.9999999319560998
DG Hilar Ectopic Granule,CA3 Basket CCK+,0.0850605044587634,0.0850605044587634,6.926519523054952e-09,0.9999999388826193
DG HIPROM,DG HIPP,-0.0847951237922342,0.0847951237922342,6.904909442331212e-09,0.9999999457875287
DG HIPROM,CA1 Neurogliaform Projecting,-0.0818954659312467,0.0818954659312467,6.668788848971148e-09,0.9999999524563176
DG Neurogliaform,DG Neurogliaform,-0.0776534920054159,0.0776534920054159,6.323362785482407e-09,0.9999999587796804
DG Hilar Ectopic Granule,CA3c Pyramidal,0.0550567880071112,0.0550567880071112,4.483301850071082e-09,0.9999999632629822
CA3 Lucidum ORAX,CA2 Wide Arbor Basket,-0.0525255751229608,0.0525255751229608,4.277183915894291e-09,0.9999999675401662
DG HIPROM,DG MOPP,-0.04903436665776,0.04903436665776,3.99289306025998e-09,0.9999999715330592
DG Hilar Ectopic Granule,CA3 LMR Targeting,0.0472472005824232,0.0472472005824232,3.847363230751821e-09,0.9999999753804224
DG HIPROM,CA2 Wide Arbor Basket,-0.0466328388467819,0.0466328388467819,3.797335446609059e-09,0.9999999791777578
CA3 Lucidum ORAX,CA3 Trilaminar,-0.0383328868570152,0.0383328868570152,3.121466194911776e-09,0.999999982299224
CA3 Lucidum ORAX,CA3 Granule,-0.0371802674153125,0.0371802674153125,3.0276078159096054e-09,0.9999999853268319
DG HIPROM,CA3 Trilaminar,-0.0360027903070617,0.0360027903070617,2.9317252646580626e-09,0.9999999882585572
DG HIPROM,DG Neurogliaform,-0.0304122667112992,0.0304122667112992,2.4764861254530886e-09,0.9999999907350433
DG HIPROM,DG Semilunar Granule,-0.0284064865094534,0.0284064865094534,2.313154438021382e-09,0.9999999930481978
CA1 Quadrilaminar,CA1 Oriens Bistratified,-0.023918497251201,0.023918497251201,1.94769522267407e-09,0.999999994995893
CA1 Quadrilaminar,CA2 Wide Arbor Basket,-0.0213012283627442,0.0213012283627442,1.7345697049225395e-09,0.9999999967304627
CA2 Bistratified,CA1 Radiatum Giant,-0.0134346583956807,0.0134346583956807,1.0939909686095144e-09,0.9999999978244537
DG HIPROM,CA3 Granule,-0.0134130616441949,0.0134130616441949,1.092232334308521e-09,0.999999998916686
DG Hilar Ectopic Granule,CA3 Pyramidal,0.0133035385226386,0.0133035385226386,1.0833138116109112e-09,0.9999999999999998
