Presynaptic Neuron Type,Postsynaptic Neuron Type,TPM g,TPM tau_d,TPM tau_r,TPM tau_f,TPM U,Connection Probability,Synaptic Delay,CARLsim_default
CA1 Basket,CA1 Pyramidal,6.067811614,4.408643738,637.3779263,11.57699627,0.282768383,0.01,1,Y
CA1 Basket,CA1 Radiatum Giant,3.847735348,5.000262941,582.3655427,18.25523608,0.25499346,0.01,1,Y
CA1 Basket,CA1 Basket,3.315200522,3.831414171,635.5365307,15.09543237,0.273852244,0.01,1,Y
CA1 Basket, CA1 Basket CCK+,3.102685857,4.229703968,576.2250426,27.30034173,0.262471938,0.01,1,Y
CA1 Basket,CA1 Horizontal Basket,2.622839694,5.032091575,634.2177509,31.52811229,0.225433517,0.01,1,Y
CA1 Basket,CA1 Radial Trilaminar,2.243019462,5.950048743,609.8539166,25.79888145,0.21836406,0.01,1,Y
CA1 Basket,CA1 OR LM,3.413987351,4.750653329,579.8318061,18.82520564,0.254071072,0.01,1,Y
CA1 Basket,CA1 Ivy,3.391835068,5.025261209,598.4298782,17.30237842,0.27646958,0.01,1,Y
CA1 Basket CCK+,CA1 Pyramidal,1.633849863,8.261691664,659.1560802,55.80256764,0.230934787,0.01,1,Y
CA1 Basket CCK+,CA1 Radiatum Giant,1.63141928,8.06440603,610.1639271,60.75646533,0.214470217,0.01,1,Y
CA1 Basket CCK+,CA1 Basket,1.236161794,6.961632328,752.2001856,53.15475426,0.226835913,0.01,1,Y
CA1 Basket CCK+, CA1 Basket CCK+,1.397935548,6.672410531,638.8350601,89.13915001,0.214495264,0.01,1,Y
CA1 Basket CCK+,CA1 Horizontal Basket,1.063373997,8.312285169,724.3767548,105.0119528,0.19229539,0.01,1,Y
CA1 Basket CCK+,CA1 Radial Trilaminar,1.080860029,9.690477409,681.5144712,58.70781498,0.180276311,0.01,1,Y
CA1 Basket CCK+,CA1 OR LM,1.444586588,7.718975365,607.4066683,65.75939251,0.211858413,0.01,1,Y
CA1 Basket CCK+,CA1 Ivy,1.58994451,8.3616028,653.4158889,39.16684388,0.231460691,0.01,1,Y
CA1 Horizontal Axo Axonic,CA1 Pyramidal,1.966121874,7.113627176,841.8282748,12.8674841,0.25257475,0.01,1,Y
CA1 Horizontal Axo Axonic,CA1 Radiatum Giant,2.11990416,6.482062063,584.6913802,19.26681022,0.223006322,0.01,1,Y
CA1 Horizontal Basket,CA1 Pyramidal,1.338253338,8.94097503,1117.693046,10.65209424,0.245250952,0.01,1,Y
CA1 Horizontal Basket,CA1 Radiatum Giant,1.577411699,9.308473463,695.0132307,18.66682287,0.227346225,0.01,1,Y
CA1 Horizontal Basket,CA1 Basket,1.370627023,7.134817435,798.2848521,17.34127749,0.240194841,0.01,1,Y
CA1 Horizontal Basket, CA1 Basket CCK+,1.556058272,7.000052785,610.8714173,36.3140082,0.239747686,0.01,1,Y
CA1 Horizontal Basket,CA1 Horizontal Basket,1.176551942,8.438997169,826.4693403,31.9143161,0.201496917,0.01,1,Y
CA1 Horizontal Basket,CA1 Radial Trilaminar,1.033122153,14.69415097,915.2391582,23.34408521,0.195532508,0.01,1,Y
CA1 Horizontal Basket,CA1 OR LM,1.428847044,8.705156192,689.7658531,19.2233816,0.224945193,0.01,1,Y
CA1 Horizontal Basket,CA1 Ivy,1.433892473,12.88798713,904.4748405,16.36724103,0.249846128,0.01,1,Y
CA1 Ivy,CA2 Wide Arbor Basket,1.364444849,7.304642943,964.2231475,21.10046716,0.111939647,0.01,1,Y
CA1 Ivy,CA1 Pyramidal,1.372446563,10.09350595,994.5394996,11.0166117,0.263139955,0.005879556,1,N
CA1 Ivy,CA1 Radiatum Giant,1.680645042,9.089267566,611.061125,16.13236032,0.233659593,0.001359153,1,N
CA1 Ivy,CA1 Horizontal Axo Axonic,1.234100807,8.686639011,595.6976044,24.74627381,0.220763665,0.001874532,1,N
CA1 Ivy,CA1 Basket,1.509851331,6.516360302,735.7744076,14.29480314,0.251386833,0.006043419,1,N
CA1 Ivy, CA1 Basket CCK+,1.544074905,6.94357973,569.0414429,34.90925551,0.243993471,0.006343569,1,N
CA1 Ivy,CA1 Horizontal Basket,1.190551502,8.395356672,736.6470655,27.9950447,0.207048276,0.00729236,1,N
CA1 Ivy,CA1 LMR,1.38309659,7.777484113,642.4766029,18.66590317,0.208647182,0.000617247,1,N
CA1 Ivy,CA1 Perforant Path Associated,1.29786364,8.233984466,686.0410175,19.57565172,0.202208527,0.001054736,1,N
CA1 Ivy,CA1 Radial Trilaminar,1.125982002,10.88230207,689.794505,19.95361826,0.195503703,0.005733769,1,N
CA1 Ivy,CA1 Schaffer Collateral Associated,1.223470869,8.537074452,683.9027739,19.69783432,0.193778701,0.00143242,1,N
CA1 Ivy,CA1 Radiatum,1.340022838,8.168047249,635.0445905,19.4665739,0.210760994,0.001211253,1,N
CA1 Ivy,CA1 SO SO,0.898237117,9.478154395,408.8776249,25.47152169,0.1694674,0.004179026,1,N
CA1 Ivy,CA1 Trilaminar,1.585834023,7.33296646,688.2864808,17.61397152,0.23458085,0.003540489,1,N
CA1 Ivy,CA1 Oriens/Alveus,1.601573843,7.637762814,659.5368429,17.0436565,0.234432181,0.005444464,1,N
CA1 Ivy,CA1 R Receiving Apical Targeting,1.528643371,7.767112271,660.767284,18.22345384,0.217795118,0.001627698,1,N
CA1 Ivy,CA1 OR LM,1.478942981,8.623456521,610.1749662,16.78851108,0.230197515,0.005137603,1,N
CA1 Ivy,CA1 O LMR,1.258660766,8.289337093,645.5539318,20.179034,0.227083237,0.002212821,1,N
CA1 Ivy,CA1 Recurrent O LM,1.389893247,7.299459819,690.5434022,28.3011639,0.225755308,0.005138733,1,N
CA1 Ivy,CA1 Oriens Bistratified,1.691389048,7.451942917,662.111622,15.7792929,0.238210254,0.002014897,1,N
CA1 Ivy,CA1 Perforant Path Associated QuadD,1.470548567,8.343412184,645.8041715,18.45166076,0.227160771,0.008304886,1,N
CA1 Ivy,CA1 Ivy,1.624924882,9.404598492,688.7459606,13.38354637,0.258486588,0.005762323,1,N
CA1 LMR,CA1 Pyramidal,1.689068847,8.257193281,734.1178101,11.9762611,0.242735687,0.004099927,1,N
CA1 LMR,CA1 Radiatum Giant,1.972673117,7.230720817,547.7698822,17.83479105,0.218693753,0.004595667,1,N
CA1 LMR,CA1 Basket,1.657303894,5.684973149,623.2468087,16.69743008,0.234180956,0.003702191,1,N
CA1 LMR, CA1 Basket CCK+,1.816622093,5.567627447,509.7706169,37.76402446,0.230929329,0.004116844,1,N
CA1 LMR,CA1 LMR,1.590557993,6.421733009,558.8386516,20.06825696,0.201788299,0.003321413,1,N
CA1 LMR,CA1 Perforant Path Associated,1.521604625,6.756630544,579.1951596,21.48793301,0.192456328,0.004277103,1,N
CA1 LMR,CA1 Neurogliaform Projecting,1.89986966,6.773535903,551.9490456,19.83672132,0.211997708,0.001088596,1,N
CA1 LMR,CA1 Neurogliaform,1.93164856,6.898718274,539.734758,18.97838294,0.210702781,0.001336636,1,N
CA1 LMR,CA1 Radial Trilaminar,1.260383251,8.496070916,587.2125196,21.81520375,0.173168952,0.003952498,1,N
CA1 LMR,CA1 Schaffer Collateral Associated,1.407595503,6.823746066,580.5406774,21.6487353,0.172576665,0.004550438,1,N
CA1 LMR,CA1 Radiatum,1.547450321,6.738116166,562.7292204,20.86392824,0.19610227,0.002978905,1,N
CA1 LMR,CA1 Oriens/Alveus,1.871170256,6.305126181,565.4432471,18.26250888,0.220362858,0.003682805,1,N
CA1 LMR,CA1 R Receiving Apical Targeting,1.806927479,6.425685603,570.2991584,19.78987027,0.203586488,0.003250306,1,N
CA1 LMR,CA1 OR LM,1.73582366,6.927871465,546.092628,18.56199338,0.215894123,0.004051951,1,N
CA1 LMR,CA1 Perforant Path Associated QuadD,1.748829774,6.765642895,558.8867738,20.03406844,0.211291346,0.007441602,1,N
CA1 LMR,CA1 Ivy,1.850303477,7.48746729,572.2097896,14.17217862,0.237307817,0.001821759,1,N
CA1 Neurogliaform,CA1 Pyramidal,1.472888948,9.005120153,756.6409477,12.64055945,0.245917498,0.001706513,1,N
CA1 Neurogliaform,CA1 Radiatum Giant,1.680606256,8.171220754,529.1166403,21.59503215,0.212158108,0.001823298,1,N
CA1 Neurogliaform,CA1 Basket,1.388199859,6.456458576,598.3218367,20.39924327,0.226229476,0.001382391,1,N
CA1 Neurogliaform, CA1 Basket CCK+,1.590137208,6.217529468,500.1573243,40.31598397,0.230065706,0.00176765,1,N
CA1 Neurogliaform,CA1 LMR,1.288524667,7.546224927,536.3154774,23.785371,0.192760179,0.001432682,1,N
CA1 Neurogliaform,CA1 Perforant Path Associated,1.259360515,7.614444165,556.83919,25.82062777,0.181730854,0.001916827,1,N
CA1 Neurogliaform,CA1 Neurogliaform Projecting,1.564137413,8.626920004,566.1527703,26.65455702,0.213343076,0.001622594,1,N
CA1 Neurogliaform,CA1 Neurogliaform,1.588573475,8.831768275,553.4916051,25.480563,0.212282632,0.001751047,1,N
CA1 Neurogliaform,CA1 Radial Trilaminar,1.027511464,9.981695938,565.3100794,26.35082397,0.161442638,0.001577645,1,N
CA1 Neurogliaform,CA1 Schaffer Collateral Associated,1.163628607,7.92775776,559.6935258,25.6816715,0.159643399,0.001432097,1,N
CA1 Neurogliaform,CA1 Oriens/Alveus,1.616770527,7.092491988,542.1979524,21.98381906,0.214531155,0.001556349,1,N
CA1 Neurogliaform,CA1 Perforant Path Associated QuadD,1.461187355,7.801839907,535.1225393,24.26023758,0.203780687,0.002400016,1,N
CA1 Neurogliaform Projecting,DG Granule,1.84808477,8.770529532,487.1478944,9.41749183,0.265354978,0.01,1,Y
CA1 Neurogliaform Projecting,DG Semilunar Granule,1.365119746,8.061682935,531.9975492,33.15490646,0.204262938,0.01,1,Y
CA1 Neurogliaform Projecting,DG Axo Axonic,1.441016076,7.674528283,519.3004216,30.2194841,0.179161955,0.01,1,Y
CA1 Neurogliaform Projecting,DG Basket,1.467759253,6.494620706,309.6075914,19.66023719,0.212250304,0.01,1,Y
CA1 Neurogliaform Projecting,DG Total Molecular Layer,1.413731753,7.636243505,525.4934932,33.71601727,0.192286973,0.01,1,Y
CA1 Neurogliaform Projecting,DG MOLAX,1.353988039,7.733034158,549.7902174,28.74042372,0.195480759,0.01,1,Y
CA1 Neurogliaform Projecting,DG Neurogliaform,1.387560085,7.757583305,543.6417952,31.12267375,0.205072785,0.01,1,Y
CA1 Neurogliaform Projecting,DG MOPP,1.441392507,7.704917087,535.8241589,29.42518647,0.210622152,0.01,1,Y
CA1 Neurogliaform Projecting,DG HICAP,1.04016645,7.481482154,581.9053482,73.10932247,0.147853093,0.01,1,Y
CA1 Neurogliaform Projecting,DG AIPRIM,1.546528222,7.417414621,561.8620881,32.96039053,0.209676216,0.01,1,Y
CA1 Neurogliaform Projecting,CA1 Pyramidal,1.45983097,9.309947898,731.9646333,14.58910764,0.245268391,0.001440209,1,N
CA1 Neurogliaform Projecting,CA1 Radiatum Giant,1.616142762,8.528110148,535.5424188,28.14363242,0.213490795,0.001508407,1,N
CA1 Neurogliaform Projecting,CA1 Basket,1.341654917,6.751403371,597.3789079,26.76375929,0.226916041,0.001122999,1,N
CA1 Neurogliaform Projecting, CA1 Basket CCK+,1.51272087,6.531884077,509.669686,53.9038729,0.229357537,0.001511345,1,N
CA1 Neurogliaform Projecting,CA1 LMR,1.233904345,7.923740609,543.8120328,30.64014109,0.196677205,0.001155562,1,N
CA1 Neurogliaform Projecting,CA1 Perforant Path Associated,1.21388448,7.97378028,560.5371464,34.4047993,0.185951416,0.001592136,1,N
CA1 Neurogliaform Projecting,CA1 Neurogliaform Projecting,1.494509585,9.093530345,572.2605077,34.6275411,0.216009574,0.001353301,1,N
CA1 Neurogliaform Projecting,CA1 Neurogliaform,1.523713055,9.247348871,559.9358232,33.55072075,0.215287855,0.001549093,1,N
CA1 Neurogliaform Projecting,CA1 Radial Trilaminar,1.001491934,10.31694188,570.543658,33.21055104,0.165338923,0.001182593,1,N
CA1 Neurogliaform Projecting,CA1 Schaffer Collateral Associated,1.132798031,8.23512064,565.894167,31.8768156,0.165304228,0.00111275,1,N
CA1 Neurogliaform Projecting,CA1 Oriens/Alveus,1.56337581,7.368716031,545.3296589,28.4560637,0.215740762,0.001285067,1,N
CA1 Neurogliaform Projecting,CA1 Perforant Path Associated QuadD,1.409831732,8.14769311,540.6036083,32.03996436,0.206246603,0.001982078,1,N
CA1 O LMR,CA1 Pyramidal,1.691137593,7.423600133,771.429847,11.98433069,0.242248479,0.002390529,1,N
CA1 O LMR,CA1 Radiatum Giant,1.91625469,6.901098348,567.150482,18.94270816,0.219009355,0.002822165,1,N
CA1 O LMR,CA1 Basket,1.51344553,5.613230579,646.5185641,17.41370919,0.232536229,0.002019181,1,N
CA1 O LMR, CA1 Basket CCK+,1.737126871,5.464014623,529.2163354,38.28553307,0.231789873,0.002359642,1,N
CA1 O LMR,CA1 LMR,1.512849169,6.313843286,584.6959032,20.86390498,0.197793599,0.001674834,1,N
CA1 O LMR,CA1 Perforant Path Associated,1.454528433,6.582951326,603.872541,22.58135799,0.189266263,0.002551994,1,N
CA1 O LMR,CA1 Neurogliaform Projecting,1.64728714,6.716023821,593.3904351,22.09955013,0.214510653,0.000883051,1,N
CA1 O LMR,CA1 Neurogliaform,1.678920158,6.816870317,579.83197,21.03069698,0.213112398,0.00106437,1,N
CA1 O LMR,CA1 Radial Trilaminar,1.159746547,8.392017878,609.5125876,23.72616974,0.171033413,0.002082671,1,N
CA1 O LMR,CA1 Schaffer Collateral Associated,1.356468904,6.765809752,604.2610895,22.37730029,0.171811223,0.002699014,1,N
CA1 O LMR,CA1 Radiatum,1.477675123,6.618248169,582.7574158,21.48525541,0.195514229,0.001313587,1,N
CA1 O LMR,CA1 Oriens/Alveus,1.810802538,6.066177694,582.6292145,19.46095624,0.220066708,0.001989215,1,N
CA1 O LMR,CA1 R Receiving Apical Targeting,1.720742806,6.227017704,588.7889546,20.57887661,0.203000785,0.001676991,1,N
CA1 O LMR,CA1 OR LM,1.660010207,6.62125562,564.8072914,19.68170601,0.214775097,0.002271657,1,N
CA1 O LMR,CA1 Perforant Path Associated QuadD,1.662589793,6.561782495,576.7396548,21.03152005,0.211174426,0.00535331,1,N
CA1 O LMR,CA1 Ivy,1.721675474,7.334872553,598.0327084,14.47300664,0.23883395,0.000546043,1,N
CA1 OR LM,CA1 Pyramidal,1.628910937,7.542641427,711.8641814,14.63051412,0.237059324,0.001152113,1,N
CA1 OR LM,CA1 Radiatum Giant,1.951041114,6.856329426,543.4467923,21.5915191,0.218390247,0.001241042,1,N
CA1 OR LM,CA1 Basket,1.581007119,5.520808526,614.1187167,20.20899444,0.232822605,0.000855744,1,N
CA1 OR LM, CA1 Basket CCK+,1.717014955,5.420486049,511.5357503,42.54230007,0.230165492,0.001213235,1,N
CA1 OR LM,CA1 LMR,1.572473762,6.278392997,550.9631392,23.92287967,0.199525096,0.000897845,1,N
CA1 OR LM,CA1 Perforant Path Associated,1.493619804,6.514909245,570.7788757,26.49041879,0.19060142,0.001323066,1,N
CA1 OR LM,CA1 Neurogliaform Projecting,1.705361772,6.64635233,558.9529495,26.93070226,0.212467367,0.001073021,1,N
CA1 OR LM,CA1 Neurogliaform,1.73238622,6.770893529,546.1966693,25.73379103,0.210861274,0.001216165,1,N
CA1 OR LM,CA1 Radial Trilaminar,1.199624154,8.42095556,575.224072,26.56039166,0.169509631,0.000985608,1,N
CA1 OR LM,CA1 Schaffer Collateral Associated,1.365803326,6.666133378,571.6358182,26.07251687,0.163652124,0.000887249,1,N
CA1 OR LM,CA1 Oriens/Alveus,1.855941881,6.032627913,554.9369515,22.29977375,0.218966466,0.001011392,1,N
CA1 OR LM,CA1 Perforant Path Associated QuadD,1.686648635,6.547992447,549.6069842,24.51131366,0.209747522,0.001718892,1,N
CA1 Oriens/Alveus,CA2 Wide Arbor Basket,1.4836032,5.61271152,849.3987901,21.31492086,0.100165319,0.01,1,Y
CA1 Oriens/Alveus,CA1 Pyramidal,1.662588892,6.999998859,798.9087603,10.12056825,0.238270198,0.0026453,1,N
CA1 Oriens/Alveus,CA1 Horizontal Axo Axonic,1.345893155,6.603480884,530.7632638,24.3335211,0.206792471,0.001229163,1,N
CA1 Oriens/Alveus,CA1 Basket,1.535820163,5.317306556,636.5866012,15.39390044,0.232654906,0.002858798,1,N
CA1 Oriens/Alveus, CA1 Basket CCK+,1.722293324,5.079156209,524.4693779,30.6886719,0.230545951,0.003106539,1,N
CA1 Oriens/Alveus,CA1 Horizontal Basket,1.355347669,6.066318128,694.0389875,26.42066199,0.190841126,0.005873463,1,N
CA1 Oriens/Alveus,CA1 Radial Trilaminar,1.130639788,7.927899667,615.4396773,22.03471893,0.174112689,0.002704272,1,N
CA1 Oriens/Alveus,CA1 SO SO,0.981255948,7.39266667,362.1470482,24.6656476,0.156275941,0.003344483,1,N
CA1 Oriens/Alveus,CA1 Trilaminar,1.812718507,5.507583496,601.3593023,17.97583721,0.218186098,0.002748749,1,N
CA1 Oriens/Alveus,CA1 Oriens/Alveus,1.796998129,5.702441811,582.4127121,17.26384143,0.218220855,0.002503797,1,N
CA1 Oriens/Alveus,CA1 OR LM,1.656417778,6.216625559,549.9912172,16.84045346,0.214265387,0.001747981,1,N
CA1 Oriens/Alveus,CA1 O LMR,1.392904403,6.265577718,569.9587783,21.12913565,0.21194121,0.001480475,1,N
CA1 Oriens/Alveus,CA1 Recurrent O LM,1.529593787,5.54003357,620.2982622,30.12798865,0.211341112,0.004268248,1,N
CA1 Oriens/Alveus,CA1 Oriens Bistratified,1.926624229,5.612270658,584.5260815,16.13441311,0.22327461,0.001358163,1,N
CA1 Oriens/Alveus,CA1 Perforant Path Associated QuadD,1.645344752,6.178788255,571.1277633,18.3158242,0.210573234,0.002654203,1,N
CA1 Oriens/Alveus,CA1 Ivy,1.752092993,6.843221565,580.3781209,12.91528869,0.241467006,0.003046724,1,N
CA1 Oriens Bistratified,CA1 Pyramidal,1.511874211,8.377090107,808.08439,11.70051627,0.2426922,0.002525189,1,N
CA1 Oriens Bistratified,CA1 Radiatum Giant,1.768918164,7.400018914,559.3643084,20.67029776,0.224110104,0.001682436,1,N
CA1 Oriens Bistratified,CA1 Horizontal Axo Axonic,1.267829445,7.367370247,521.732656,32.58984355,0.209058489,0.000371584,1,N
CA1 Oriens Bistratified,CA1 Basket,1.394587141,6.0783613,640.8645238,19.51349876,0.234156503,0.002555316,1,N
CA1 Oriens Bistratified, CA1 Basket CCK+,1.630147224,5.797962458,511.835046,45.13487242,0.237407239,0.002266514,1,N
CA1 Oriens Bistratified,CA1 Horizontal Basket,1.208941819,7.151005751,689.8869887,34.55796644,0.189585208,0.002186166,1,N
CA1 Oriens Bistratified,CA1 LMR,1.43058461,6.677252728,574.833268,22.94961423,0.202603771,0.000798189,1,N
CA1 Oriens Bistratified,CA1 Perforant Path Associated,1.35681124,7.021945068,601.8593413,24.79862911,0.193672519,0.001346268,1,N
CA1 Oriens Bistratified,CA1 Radial Trilaminar,1.101900383,8.812103958,599.8289464,25.44272941,0.175093458,0.001908101,1,N
CA1 Oriens Bistratified,CA1 Schaffer Collateral Associated,1.265357885,7.214076309,604.7975744,24.39123851,0.17911457,0.001716065,1,N
CA1 Oriens Bistratified,CA1 Radiatum,1.374890802,7.033000116,576.7185849,23.41211916,0.200919326,0.001474704,1,N
CA1 Oriens Bistratified,CA1 SO SO,0.981480623,7.983400096,405.0662627,30.86982312,0.167815321,0.001760592,1,N
CA1 Oriens Bistratified,CA1 Trilaminar,1.722899529,6.188609676,602.2455271,22.1256856,0.227925945,0.001498145,1,N
CA1 Oriens Bistratified,CA1 Oriens/Alveus,1.701337095,6.500369865,579.9031688,20.37036218,0.225070148,0.002026445,1,N
CA1 Oriens Bistratified,CA1 R Receiving Apical Targeting,1.614223064,6.610079083,584.7571138,22.38427264,0.208588275,0.002022582,1,N
CA1 Oriens Bistratified,CA1 OR LM,1.544239581,7.079415732,557.2202033,21.39808338,0.220673969,0.003806304,1,N
CA1 Oriens Bistratified,CA1 O LMR,1.257366866,6.970611754,550.2711325,28.20811436,0.218416844,0.000518298,1,N
CA1 Oriens Bistratified,CA1 Recurrent O LM,1.467554734,6.195160256,614.641735,36.41905275,0.21631114,0.002467073,1,N
CA1 Oriens Bistratified,CA1 Oriens Bistratified,1.845086811,6.277719563,587.2696247,19.4011548,0.232988902,0.000449312,1,N
CA1 Oriens Bistratified,CA1 Perforant Path Associated QuadD,1.549568446,6.988661866,574.0477825,22.85690062,0.216487391,0.004685296,1,N
CA1 Oriens Bistratified,CA1 Ivy,1.654268949,7.737168827,594.8438079,15.21685911,0.246099813,0.001416762,1,N
CA1 Perforant Path Associated,DG Granule,2.480455441,6.956708322,490.090046,7.972835936,0.2647794,0.01,1,Y
CA1 Perforant Path Associated,DG Semilunar Granule,1.731757834,6.369473433,552.0581676,30.06251519,0.20038191,0.01,1,Y
CA1 Perforant Path Associated,DG Axo Axonic,1.804264459,6.096723816,543.3637893,28.32897784,0.173781558,0.01,1,Y
CA1 Perforant Path Associated,DG Basket,1.793164679,5.304684772,335.9107234,17.38902089,0.209246565,0.01,1,Y
CA1 Perforant Path Associated,DG Total Molecular Layer,1.790521178,6.091760947,541.7876837,31.0830718,0.186084655,0.01,1,Y
CA1 Perforant Path Associated,DG MOLAX,1.702167966,6.163005401,570.6689625,26.52105868,0.189726775,0.01,1,Y
CA1 Perforant Path Associated,DG Neurogliaform,1.76303807,6.142971728,562.9863265,28.12972189,0.201087438,0.01,1,Y
CA1 Perforant Path Associated,DG MOPP,1.827855418,6.128911925,555.1360355,26.65278479,0.205999608,0.01,1,Y
CA1 Perforant Path Associated,DG HICAP,1.230670149,6.213430647,596.4586021,70.47899398,0.140789148,0.01,1,Y
CA1 Perforant Path Associated,DG AIPRIM,1.960171817,5.910556502,583.2292751,30.38017957,0.204978389,0.01,1,Y
CA1 Perforant Path Associated,CA1 Pyramidal,1.737592465,7.40343737,742.0334688,17.71645647,0.233078531,0.005514286,1,N
CA1 Perforant Path Associated,CA1 Radiatum Giant,2.059533717,6.726531792,551.5887476,25.708282,0.209987653,0.005257378,1,N
CA1 Perforant Path Associated,CA1 Basket,1.684404964,5.383181603,623.3903662,24.01230454,0.225179591,0.004642471,1,N
CA1 Perforant Path Associated, CA1 Basket CCK+,1.837291302,5.285621851,521.9590933,49.38722144,0.22265214,0.005797132,1,N
CA1 Perforant Path Associated,CA1 LMR,1.653221368,6.08862713,557.7518201,28.09581884,0.193331775,0.004546649,1,N
CA1 Perforant Path Associated,CA1 Perforant Path Associated,1.547910865,6.374948464,578.8537444,31.67256204,0.184063368,0.005401434,1,N
CA1 Perforant Path Associated,CA1 Neurogliaform Projecting,1.882614859,6.393692875,553.5676199,30.62101284,0.202278054,0.005246953,1,N
CA1 Perforant Path Associated,CA1 Neurogliaform,1.922617121,6.475522572,540.9206719,29.51673175,0.200632461,0.006542705,1,N
CA1 Perforant Path Associated,CA1 Radial Trilaminar,1.2640404,8.007036839,579.4717253,30.95452638,0.162349397,0.00373941,1,N
CA1 Perforant Path Associated,CA1 Schaffer Collateral Associated,1.437641146,6.461714222,574.0067638,29.95160544,0.162429858,0.003996671,1,N
CA1 Perforant Path Associated,CA1 Oriens/Alveus,1.947698653,5.86985372,561.7380002,27.03873442,0.210936526,0.00502641,1,N
CA1 Perforant Path Associated,CA1 Perforant Path Associated QuadD,1.788452931,6.373799454,558.8534814,29.27249787,0.202055172,0.005789701,1,N
CA1 Perforant Path Associated QuadD,CA1 Pyramidal,1.799445102,7.510955473,727.3732767,12.89805225,0.245236851,0.006596287,1,N
CA1 Perforant Path Associated QuadD,CA1 Radiatum Giant,2.111759102,6.79277448,559.778522,20.45896818,0.224200956,0.006345498,1,N
CA1 Perforant Path Associated QuadD,CA1 Basket,1.697965411,5.447069268,624.9122698,19.5086694,0.238294443,0.005681865,1,N
CA1 Perforant Path Associated QuadD, CA1 Basket CCK+,1.857856785,5.333252025,525.2308826,40.8759939,0.236100815,0.006881808,1,N
CA1 Perforant Path Associated QuadD,CA1 LMR,1.673121377,6.14493574,571.1250511,23.05537128,0.206451355,0.005583638,1,N
CA1 Perforant Path Associated QuadD,CA1 Perforant Path Associated,1.60549368,6.407615522,588.8624076,25.13034706,0.197315153,0.006498536,1,N
CA1 Perforant Path Associated QuadD,CA1 Neurogliaform Projecting,1.87895502,6.511184597,573.8030441,24.92318909,0.219468673,0.006320832,1,N
CA1 Perforant Path Associated QuadD,CA1 Neurogliaform,1.917087503,6.62509679,561.474145,23.81878339,0.218181021,0.007599662,1,N
CA1 Perforant Path Associated QuadD,CA1 Radial Trilaminar,1.287291915,8.183529688,597.9506205,25.75475318,0.176814914,0.004716263,1,N
CA1 Perforant Path Associated QuadD,CA1 Schaffer Collateral Associated,1.461065255,6.515194237,585.9304454,25.0544675,0.171418008,0.004992497,1,N
CA1 Perforant Path Associated QuadD,CA1 Oriens/Alveus,1.991169324,5.949959379,572.3387067,21.32790692,0.225221261,0.006091095,1,N
CA1 Perforant Path Associated QuadD,CA1 Perforant Path Associated QuadD,1.826917345,6.433581149,567.0968375,23.1980864,0.216354681,0.006928766,1,N
CA1 Pyramidal,CA1 Pyramidal,1.310724564,6.489890385,801.5798994,19.0939326,0.220334906,0.001271509,1,N
CA1 Pyramidal,CA1 Horizontal Axo Axonic,1.364392963,3.938334773,269.4011442,92.48536972,0.163987252,0.00075671,1,N
CA1 Pyramidal,CA1 Basket,1.350968596,3.163416515,327.2596661,76.85776536,0.200078943,0.0012043,1,N
CA1 Pyramidal, CA1 Basket CCK+,1.889612224,2.77089926,170.3265276,200.0945674,0.248751595,0.001058305,1,N
CA1 Pyramidal,CA1 Horizontal Basket,1.058810274,4.09534246,517.6647716,93.93557292,0.140966593,0.003291558,1,N
CA1 Pyramidal,CA1 Radial Trilaminar,1.042852354,4.684832182,307.6071631,70.6634883,0.129380071,0.000864102,1,N
CA1 Pyramidal,CA1 SO SO,0.689413405,5.992124005,132.1108542,68.99096727,0.107104221,0.002487614,1,N
CA1 Pyramidal,CA1 Trilaminar,1.633081138,3.869006891,310.6044647,79.42061875,0.177965387,0.002177447,1,N
CA1 Pyramidal,CA1 Oriens/Alveus,1.902597487,3.587958172,327.4883429,85.94162588,0.175148166,0.000907364,1,N
CA1 Pyramidal,CA1 OR LM,1.4672119,4.131175546,286.4767731,74.77872207,0.167700437,0.001244288,1,N
CA1 Pyramidal,CA1 O LMR,1.182893298,4.207354239,278.1323023,97.74205374,0.180706343,0.001081522,1,N
CA1 Pyramidal,CA1 Recurrent O LM,1.257445731,3.639815432,374.987746,178.3050615,0.168314728,0.003320975,1,N
CA1 Pyramidal,CA1 Oriens Bistratified,1.700727857,3.891405241,328.6750383,69.2537247,0.181818025,0.000832439,1,N
CA1 Pyramidal,CA1 Perforant Path Associated QuadD,1.502635066,4.067924758,288.9991896,78.30345,0.16551668,0.000876322,1,N
CA1 Pyramidal,CA1 Ivy,2.125086979,3.90415446,294.5593265,29.98390368,0.223851273,0.000933312,1,N
CA1 Pyramidal,LEC LIII Multipolar Principal,1.426485787,4.070499109,290.5227371,77.06948282,0.16368917,0.01,1,Y
CA1 Pyramidal,EC LIII V Bipolar Pyramidal,1.390078433,4.167107242,306.6540875,74.94985253,0.168158473,0.01,1,Y
CA1 Pyramidal,EC LIV VI Deep Multipolar Principal,1.426683504,3.926234797,296.1861345,76.94375596,0.166117608,0.01,1,Y
CA1 Pyramidal,EC LV Deep Pyramidal,1.432987837,3.913589166,298.307161,76.52815068,0.165621764,0.01,1,Y
CA1 Pyramidal,MEC LV Superficial Pyramidal,1.42915689,3.983464153,291.2162947,77.36291405,0.163075863,0.01,1,Y
CA1 Pyramidal,MEC LV Pyramidal,1.389638556,4.076138205,298.9596562,75.35980725,0.164939669,0.01,1,Y
CA1 Pyramidal,MEC LV VI Pyramidal Polymorphic,1.434577241,3.910253502,296.7516862,76.35150506,0.165364847,0.01,1,Y
CA1 Pyramidal,LEC LVI Multipolar Pyramidal,1.467890332,4.018784268,285.4705672,76.03524317,0.163589338,0.01,1,Y
CA1 R Receiving Apical Targeting,CA1 Pyramidal,1.717592853,7.702682319,744.9956032,12.67931798,0.23656787,0.011137221,1,N
CA1 R Receiving Apical Targeting,CA1 Radiatum Giant,1.851201555,7.09585805,561.5781467,21.87315585,0.209996908,0.011378249,1,N
CA1 R Receiving Apical Targeting,CA1 Basket,1.469280299,5.69162989,637.267899,20.48968994,0.223727676,0.010485184,1,N
CA1 R Receiving Apical Targeting, CA1 Basket CCK+,1.694256966,5.45831605,522.5432975,43.83919457,0.226235129,0.010904932,1,N
CA1 R Receiving Apical Targeting,CA1 LMR,1.482343816,6.432260296,573.7667222,24.04977577,0.191348751,0.009187949,1,N
CA1 R Receiving Apical Targeting,CA1 Perforant Path Associated,1.419071355,6.647865487,592.5146501,26.48620818,0.182582474,0.01095521,1,N
CA1 R Receiving Apical Targeting,CA1 Neurogliaform Projecting,1.606116744,6.887759894,584.2021552,27.25092094,0.204512126,0.003005572,1,N
CA1 R Receiving Apical Targeting,CA1 Neurogliaform,1.641847085,6.994984082,571.0179863,26.0172184,0.203187505,0.004009374,1,N
CA1 R Receiving Apical Targeting,CA1 Radial Trilaminar,0.983411208,9.20952858,627.5070281,28.87499243,0.160208178,0.008939917,1,N
CA1 R Receiving Apical Targeting,CA1 Schaffer Collateral Associated,1.149748204,7.290465839,611.6571679,28.05635152,0.153811244,0.010780344,1,N
CA1 R Receiving Apical Targeting,CA1 Radiatum,1.190841872,7.346875455,598.7306215,29.43699525,0.177237877,0.006699285,1,N
CA1 R Receiving Apical Targeting,CA1 Oriens/Alveus,1.786427574,6.178819761,575.204613,22.12271201,0.213175845,0.010170508,1,N
CA1 R Receiving Apical Targeting,CA1 R Receiving Apical Targeting,1.654262062,6.388760256,582.8023012,24.44660181,0.193829748,0.007628524,1,N
CA1 R Receiving Apical Targeting,CA1 OR LM,1.590287828,6.794037765,558.7620793,22.8582581,0.205523411,0.008413456,1,N
CA1 R Receiving Apical Targeting,CA1 Perforant Path Associated QuadD,1.59473649,6.735428912,570.1652091,24.6993525,0.201776963,0.014428146,1,N
CA1 R Receiving Apical Targeting,CA1 Ivy,1.723825358,7.393396612,584.8071418,16.45192905,0.232120491,0.00417695,1,N
CA1 Radial Trilaminar,CA2 Wide Arbor Basket,1.331212118,6.091343265,867.0212943,28.04113429,0.091630522,0.01,1,Y
CA1 Radial Trilaminar,CA1 Pyramidal,1.410462592,8.294352277,860.3183423,13.11614343,0.238156155,0.005497499,1,N
CA1 Radial Trilaminar,CA1 Radiatum Giant,1.654558482,7.124499696,591.0041846,23.76500294,0.201989579,0.001898161,1,N
CA1 Radial Trilaminar,CA1 Horizontal Axo Axonic,1.19156417,7.015354875,553.9897413,36.04672763,0.189581379,0.001171399,1,N
CA1 Radial Trilaminar,CA1 Basket,1.417541263,5.557628474,699.1121459,20.98623495,0.219897656,0.005442534,1,N
CA1 Radial Trilaminar, CA1 Basket CCK+,1.555809789,5.599593843,548.9540106,47.53006174,0.219737902,0.005597514,1,N
CA1 Radial Trilaminar,CA1 Horizontal Basket,1.156206341,6.822474852,723.2529151,42.21772746,0.173051968,0.003904005,1,N
CA1 Radial Trilaminar,CA1 LMR,1.343529444,6.497177103,598.5410963,26.46826659,0.181888383,0.00092819,1,N
CA1 Radial Trilaminar,CA1 Perforant Path Associated,1.188872029,7.028970084,666.1704342,31.39423166,0.169139015,0.001538567,1,N
CA1 Radial Trilaminar,CA1 Radial Trilaminar,1.027940531,8.05345671,617.2362324,33.71156244,0.113294538,0.004652625,1,N
CA1 Radial Trilaminar,CA1 Schaffer Collateral Associated,1.110425926,6.956075073,639.156566,31.53876391,0.134094872,0.001928661,1,N
CA1 Radial Trilaminar,CA1 Radiatum,1.306992277,6.777198094,607.9056457,29.30642493,0.173554964,0.001669604,1,N
CA1 Radial Trilaminar,CA1 SO SO,0.88715501,7.735196731,401.1810839,35.13925,0.142624522,0.003264917,1,N
CA1 Radial Trilaminar,CA1 Trilaminar,1.58828162,6.07663095,634.1195003,25.24240262,0.205547955,0.003079323,1,N
CA1 Radial Trilaminar,CA1 Oriens/Alveus,1.592335927,6.294246464,611.8246353,24.1167542,0.205595975,0.004676349,1,N
CA1 Radial Trilaminar,CA1 R Receiving Apical Targeting,1.49895248,6.39915976,616.3678784,25.96467992,0.187470634,0.002263366,1,N
CA1 Radial Trilaminar,CA1 OR LM,1.435913773,6.824429284,588.4099577,24.94958115,0.198413127,0.005606301,1,N
CA1 Radial Trilaminar,CA1 O LMR,1.21455405,6.803894564,598.992094,29.93406465,0.189763764,0.001857842,1,N
CA1 Radial Trilaminar,CA1 Recurrent O LM,1.365784046,6.032308208,640.2609654,42.87175743,0.198500249,0.004208376,1,N
CA1 Radial Trilaminar,CA1 Oriens Bistratified,1.701982435,6.164587846,616.1565788,22.43856712,0.21052954,0.001238631,1,N
CA1 Radial Trilaminar,CA1 Perforant Path Associated QuadD,1.444606122,6.718556325,605.6327159,26.14984726,0.194991879,0.007583674,1,N
CA1 Radial Trilaminar,CA1 Ivy,1.61078076,7.198563877,620.3009247,17.7161065,0.227538727,0.004934638,1,N
CA1 Radiatum,CA1 Pyramidal,0.613872062,11.15481538,1086.174998,11.52898753,0.239119019,0.003481422,1,N
CA1 Radiatum,CA1 Radiatum Giant,1.033342764,8.883502598,673.1270095,17.81366335,0.219305251,0.003818143,1,N
CA1 Radiatum,CA1 Basket,0.856929666,7.303996667,791.0630073,16.12909749,0.23240497,0.003399541,1,N
CA1 Radiatum, CA1 Basket CCK+,0.986905041,7.077233761,618.6115379,32.42446625,0.229833495,0.003265304,1,N
CA1 Radiatum,CA1 LMR,0.806126914,8.168738223,690.8074505,19.66094336,0.204799618,0.002642454,1,N
CA1 Radiatum,CA1 Perforant Path Associated,0.786292111,8.509647596,719.2195047,20.55798487,0.197498965,0.00337833,1,N
CA1 Radiatum,CA1 Radial Trilaminar,0.653709906,10.57342644,737.0963177,23.47651471,0.163079714,0.002896257,1,N
CA1 Radiatum,CA1 Schaffer Collateral Associated,0.752040234,8.584531981,713.304695,22.69599229,0.16762123,0.004053579,1,N
CA1 Radiatum,CA1 Radiatum,0.794536108,8.584828672,703.0679522,22.28300922,0.188101136,0.00370355,1,N
CA1 Radiatum,CA1 Oriens/Alveus,0.99259772,7.926726258,710.1136039,18.2087246,0.221587071,0.003047482,1,N
CA1 Radiatum,CA1 R Receiving Apical Targeting,0.952328313,8.012904793,709.1144119,19.22228784,0.207112073,0.00407396,1,N
CA1 Radiatum,CA1 OR LM,0.896308628,8.620111389,674.6888848,18.25790568,0.215655705,0.004870734,1,N
CA1 Radiatum,CA1 Perforant Path Associated QuadD,0.89488042,8.635552686,697.330614,19.28856136,0.212693492,0.006165418,1,N
CA1 Radiatum,CA1 Ivy,0.973938785,9.377043373,757.7967636,14.01551786,0.240428362,0.002332095,1,N
CA1 Radiatum Giant,CA1 Pyramidal,1.25688588,6.619419435,690.5958775,20.7284537,0.197948279,0.001043464,1,N
CA1 Radiatum Giant,CA1 Horizontal Axo Axonic,1.045366867,5.208196885,366.5788627,55.00243771,0.155497151,0.000404292,1,N
CA1 Radiatum Giant,CA1 Basket,1.095808681,4.433345814,455.00536,44.38028243,0.162849162,0.000734747,1,N
CA1 Radiatum Giant, CA1 Basket CCK+,1.55658879,3.835312266,346.1300367,77.19777363,0.207381513,0.000637917,1,N
CA1 Radiatum Giant,CA1 Horizontal Basket,0.990437154,4.928760111,645.7911497,54.44443249,0.130523829,0.001288655,1,N
CA1 Radiatum Giant,CA1 Radial Trilaminar,0.892981002,5.727807578,445.3650265,41.47233655,0.118166068,0.00039563,1,N
CA1 Radiatum Giant,CA1 SO SO,0.745158016,6.187392625,217.1823451,48.7000066,0.114117421,0.001510119,1,N
CA1 Radiatum Giant,CA1 Trilaminar,1.401474402,4.628402005,426.6960227,42.52048734,0.166069551,0.001634744,1,N
CA1 Radiatum Giant,CA1 Oriens/Alveus,1.488939215,4.350575355,424.5764007,33.06380788,0.165930375,0.00048156,1,N
CA1 Radiatum Giant,CA1 OR LM,1.237136013,5.058468169,403.8965046,41.39596579,0.156130076,0.000825343,1,N
CA1 Radiatum Giant,CA1 O LMR,0.928771985,5.343196992,391.9846169,48.76912962,0.148649665,0.000862937,1,N
CA1 Radiatum Giant,CA1 Recurrent O LM,0.964554435,4.890013839,466.1521607,57.59719412,0.137491151,0.002126755,1,N
CA1 Radiatum Giant,CA1 Oriens Bistratified,1.481523551,4.624993149,441.4967503,35.46732724,0.172664221,0.000425417,1,N
CA1 Radiatum Giant,CA1 Perforant Path Associated QuadD,1.261837331,4.991902675,412.0407293,42.67566576,0.152849512,0.000429989,1,N
CA1 Radiatum Giant,CA1 Ivy,1.470031861,5.176208784,454.8719955,28.78643682,0.186958209,0.00062136,1,N
CA1 Recurrent O LM,CA1 Pyramidal,1.720150294,8.005598059,777.6200662,12.23391632,0.242458254,0.008741287,1,N
CA1 Recurrent O LM,CA1 Radiatum Giant,1.90806158,7.132776973,568.7553757,18.92465318,0.217484083,0.005549333,1,N
CA1 Recurrent O LM,CA1 Horizontal Axo Axonic,1.384318434,7.06901846,538.2534845,28.0098571,0.206602638,0.001559245,1,N
CA1 Recurrent O LM,CA1 Basket,1.540169712,5.73397619,655.2509792,16.73884379,0.232526456,0.008183293,1,N
CA1 Recurrent O LM, CA1 Basket CCK+,1.771669429,5.570533175,525.5824406,37.29029702,0.234316839,0.008782233,1,N
CA1 Recurrent O LM,CA1 Horizontal Basket,1.334899791,6.80105603,694.4445228,31.29482978,0.191046934,0.005968818,1,N
CA1 Recurrent O LM,CA1 LMR,1.495388909,6.538717597,586.1851995,20.45679536,0.196893473,0.004871868,1,N
CA1 Recurrent O LM,CA1 Perforant Path Associated,1.449647678,6.798423801,610.5429693,22.11859065,0.187625472,0.005688148,1,N
CA1 Recurrent O LM,CA1 Neurogliaform Projecting,1.663386447,6.795337174,594.2909321,21.625495,0.214738572,0.005498957,1,N
CA1 Recurrent O LM,CA1 Neurogliaform,1.687822251,6.918032958,580.6069782,20.61466377,0.213181707,0.006546538,1,N
CA1 Recurrent O LM,CA1 Radial Trilaminar,1.177477434,8.522292294,614.4136201,23.22416026,0.171285166,0.007464243,1,N
CA1 Recurrent O LM,CA1 Schaffer Collateral Associated,1.372306718,6.903735951,607.6440162,22.18326604,0.173325476,0.004386065,1,N
CA1 Recurrent O LM,CA1 SO SO,1.002760648,7.902892479,376.6519956,27.82516616,0.155504814,0.003794716,1,N
CA1 Recurrent O LM,CA1 Trilaminar,1.824229012,5.94551996,608.7211398,20.51368675,0.21917173,0.003280388,1,N
CA1 Recurrent O LM,CA1 Oriens/Alveus,1.817581742,6.258162112,583.3497515,18.95838335,0.219916259,0.008151343,1,N
CA1 Recurrent O LM,CA1 OR LM,1.670999322,6.805423005,566.3825608,19.43265296,0.2146942,0.002204956,1,N
CA1 Recurrent O LM,CA1 O LMR,1.422830962,6.71996444,573.2940734,23.7763254,0.211935183,0.001990529,1,N
CA1 Recurrent O LM,CA1 Recurrent O LM,1.564661011,5.928577541,617.9126119,35.09684166,0.21273647,0.004748885,1,N
CA1 Recurrent O LM,CA1 Oriens Bistratified,1.933213882,6.071054772,592.5826051,17.94488921,0.224235042,0.001673869,1,N
CA1 Recurrent O LM,CA1 Perforant Path Associated QuadD,1.674254983,6.750168176,579.4154336,20.66040659,0.211266565,0.009062137,1,N
CA1 Recurrent O LM,CA1 Ivy,1.747866403,7.50667766,599.9082375,14.27075916,0.23987838,0.001805561,1,N
CA1 Schaffer Collateral Associated,CA2 Wide Arbor Basket,1.201538095,6.097136438,907.652672,27.56978318,0.073438768,0.01,1,Y
CA1 Schaffer Collateral Associated,CA1 Pyramidal,1.308603629,7.970223554,861.2233061,14.19933363,0.193222826,0.00593218,1,N
CA1 Schaffer Collateral Associated,CA1 Radiatum Giant,1.467350441,7.105479855,601.0474833,24.54033144,0.170662238,0.002658361,1,N
CA1 Schaffer Collateral Associated,CA1 Horizontal Axo Axonic,1.083179162,7.119340446,563.4070966,37.69272344,0.159460244,0.000554384,1,N
CA1 Schaffer Collateral Associated,CA1 Basket,1.225804608,5.846569264,692.0457915,23.99814675,0.185656886,0.00595262,1,N
CA1 Schaffer Collateral Associated, CA1 Basket CCK+,1.413825603,5.543110931,547.2231642,49.5452748,0.191888821,0.006305943,1,N
CA1 Schaffer Collateral Associated,CA1 Horizontal Basket,1.01235875,6.81112278,752.2684341,42.40612092,0.142794613,0.002243288,1,N
CA1 Schaffer Collateral Associated,CA1 LMR,1.201536787,6.521500922,615.7815727,26.30292489,0.152809821,0.001634168,1,N
CA1 Schaffer Collateral Associated,CA1 Perforant Path Associated,1.050544766,7.064668502,686.6700101,31.73822317,0.139330536,0.002255475,1,N
CA1 Schaffer Collateral Associated,CA1 Radial Trilaminar,0.90327484,8.570800918,682.8287437,34.78734205,0.108638123,0.005543009,1,N
CA1 Schaffer Collateral Associated,CA1 Schaffer Collateral Associated,0.843327134,6.880415285,604.0432054,29.33772353,0.07468675,0.002864048,1,N
CA1 Schaffer Collateral Associated,CA1 Radiatum,1.185125521,6.732281691,618.9513098,30.75196926,0.141907187,0.002546534,1,N
CA1 Schaffer Collateral Associated,CA1 SO SO,0.733605945,8.040043047,387.3782681,36.19116145,0.109379455,0.001993509,1,N
CA1 Schaffer Collateral Associated,CA1 Trilaminar,1.391117481,6.045770257,650.4286629,26.58082009,0.166766229,0.001840695,1,N
CA1 Schaffer Collateral Associated,CA1 Oriens/Alveus,1.422174578,6.336127305,623.234171,24.82508953,0.174501583,0.005286139,1,N
CA1 Schaffer Collateral Associated,CA1 R Receiving Apical Targeting,1.34000437,6.402246263,632.2597042,26.12167237,0.153482138,0.002905768,1,N
CA1 Schaffer Collateral Associated,CA1 OR LM,1.291885012,6.821198584,598.5866949,25.96164047,0.166475493,0.005092958,1,N
CA1 Schaffer Collateral Associated,CA1 O LMR,1.091405921,6.826653047,615.1317832,30.71516342,0.164011005,0.000884053,1,N
CA1 Schaffer Collateral Associated,CA1 Recurrent O LM,1.229056392,6.003759812,656.6549131,44.09369891,0.168872489,0.002733877,1,N
CA1 Schaffer Collateral Associated,CA1 Oriens Bistratified,1.48516127,6.152219823,630.5283381,23.42566369,0.172661405,0.000605859,1,N
CA1 Schaffer Collateral Associated,CA1 Perforant Path Associated QuadD,1.285706622,6.785888781,618.1734473,27.13325424,0.162012898,0.008426122,1,N
CA1 Schaffer Collateral Associated,CA1 Ivy,1.409863249,7.324303795,633.9436216,18.85246374,0.1927352,0.005587915,1,N
CA1 SO SO,CA1 Pyramidal,1.631788,8.159749816,747.0774977,12.597919,0.244224053,0.003998681,1,N
CA1 SO SO,CA1 Horizontal Axo Axonic,1.358806433,7.22751568,525.239891,31.18539894,0.206647018,0.002853053,1,N
CA1 SO SO,CA1 Basket,1.509870836,5.862649403,624.8197232,19.06127594,0.23083196,0.003763121,1,N
CA1 SO SO, CA1 Basket CCK+,1.736065586,5.636518739,520.0442608,41.71684315,0.233185865,0.003510152,1,N
CA1 SO SO,CA1 Horizontal Basket,1.298603096,6.92132642,667.3275383,34.59394777,0.190061452,0.008121618,1,N
CA1 SO SO,CA1 Radial Trilaminar,1.143057459,8.971349793,596.8719403,25.14255498,0.170094165,0.002987137,1,N
CA1 SO SO,CA1 SO SO,0.984387268,8.015686963,386.4578042,30.01461776,0.157227818,0.005652028,1,N
CA1 SO SO,CA1 Trilaminar,1.825032259,6.089035007,590.5259016,22.44247047,0.219268632,0.005171485,1,N
CA1 SO SO,CA1 Oriens/Alveus,1.810841034,6.378073605,568.0803318,20.76438412,0.220091044,0.003157614,1,N
CA1 SO SO,CA1 OR LM,1.6520338,6.969605044,554.6646528,21.15852366,0.215597895,0.003863188,1,N
CA1 SO SO,CA1 O LMR,1.399664218,6.893096516,559.6377517,25.99123495,0.212059758,0.003705455,1,N
CA1 SO SO,CA1 Recurrent O LM,1.557778726,6.092245008,600.6761443,37.56779045,0.212440033,0.006709926,1,N
CA1 SO SO,CA1 Oriens Bistratified,1.937681945,6.224619712,576.951686,19.7981822,0.223804845,0.002982147,1,N
CA1 SO SO,CA1 Perforant Path Associated QuadD,1.655895644,6.90418127,565.5956627,22.69851249,0.211548275,0.00304913,1,N
CA1 SO SO,CA1 Ivy,1.753061722,7.679379419,571.1040754,15.58092283,0.239233156,0.003351004,1,N
CA1 Trilaminar,CA2 Wide Arbor Basket,1.387715085,6.322309253,890.0972391,22.40959667,0.096556501,0.01,1,Y
CA1 Trilaminar,CA1 Pyramidal,1.493703832,8.357343992,857.4298738,10.84277904,0.231951342,0.013020138,1,N
CA1 Trilaminar,CA1 Radiatum Giant,1.740625735,7.478983754,593.6885219,18.03360099,0.212840716,0.003248678,1,N
CA1 Trilaminar,CA1 Horizontal Axo Axonic,1.286949748,7.449794402,564.0305268,27.10138905,0.201027072,0.002475451,1,N
CA1 Trilaminar,CA1 Basket,1.414823008,6.049823723,687.4717284,16.39731213,0.225334456,0.013259263,1,N
CA1 Trilaminar, CA1 Basket CCK+,1.614646632,5.901370037,563.2298209,33.35950152,0.225839496,0.013972907,1,N
CA1 Trilaminar,CA1 Horizontal Basket,1.23234741,7.061539948,734.3213565,30.20343483,0.186310772,0.00915207,1,N
CA1 Trilaminar,CA1 LMR,1.445377258,6.673197236,608.9194585,19.87614035,0.192011164,0.002233839,1,N
CA1 Trilaminar,CA1 Perforant Path Associated,1.355593647,7.080334675,640.868597,21.20198342,0.183720409,0.00283559,1,N
CA1 Trilaminar,CA1 Radial Trilaminar,1.104189333,8.911346286,651.9037702,22.52570524,0.169727222,0.012597063,1,N
CA1 Trilaminar,CA1 Schaffer Collateral Associated,1.262091018,7.249086146,644.5379908,21.45198496,0.168657215,0.003527384,1,N
CA1 Trilaminar,CA1 Radiatum,1.370118004,7.092382232,617.1068206,20.22594953,0.188922221,0.003193255,1,N
CA1 Trilaminar,CA1 SO SO,0.925527847,8.267623427,397.7083628,27.38193783,0.150587003,0.004818361,1,N
CA1 Trilaminar,CA1 Trilaminar,1.668379626,6.270438401,638.6956114,19.24805177,0.214047687,0.004053138,1,N
CA1 Trilaminar,CA1 Oriens/Alveus,1.671156494,6.553169353,614.0824067,18.06156463,0.215058659,0.012291154,1,N
CA1 Trilaminar,CA1 R Receiving Apical Targeting,1.604425089,6.663604836,623.1566587,19.51726071,0.197783563,0.003450628,1,N
CA1 Trilaminar,CA1 OR LM,1.543384812,7.128789653,590.6519825,18.5813727,0.20963997,0.007476198,1,N
CA1 Trilaminar,CA1 O LMR,1.312051513,7.072777581,604.5144937,22.59720298,0.208486931,0.002693374,1,N
CA1 Trilaminar,CA1 Recurrent O LM,1.445006972,6.29935239,649.2882575,31.94168564,0.209193721,0.005775965,1,N
CA1 Trilaminar,CA1 Oriens Bistratified,1.793416204,6.328523512,619.2006301,16.968489,0.2206278,0.002647048,1,N
CA1 Trilaminar,CA1 Perforant Path Associated QuadD,1.538605005,7.068337759,610.2740379,19.77011273,0.206559005,0.01568251,1,N
CA1 Trilaminar,CA1 Ivy,1.615864013,7.903055689,646.0803401,13.73542958,0.235362781,0.013062638,1,N
CA2 Basket,CA2 Basket,2.7822857,5.413308049,508.3051831,28.25265529,0.261739309,0.01,1,Y
CA2 Basket,CA2 Wide Arbor Basket,1.733552373,5.796731506,778.5506456,22.39522363,0.114827775,0.01,1,Y
CA2 Basket,CA2 Bistratified,2.057983108,5.590515622,504.1107026,22.74271939,0.238749252,0.01,1,Y
CA2 Basket,CA2 SP SR,1.702272054,5.005682949,694.1541183,26.43245797,0.240391156,0.01,1,Y
CA2 Bistratified,CA2 Basket,3.164500498,4.927538582,510.1751932,27.00859633,0.261446526,0.082874585,1,N
CA2 Bistratified,CA2 Wide Arbor Basket,1.864442245,5.424973125,766.946484,21.68094837,0.111720827,0.080050112,1,N
CA2 Bistratified,CA2 Bistratified,2.288214145,5.116816013,508.2693976,21.66666101,0.238258475,0.099506587,1,N
CA2 Bistratified,CA2 SP SR,1.871144994,4.613881324,678.4808957,25.42430693,0.238714508,0.08407639,1,N
CA2 Bistratified,CA1 Pyramidal,2.211519691,7.142121002,711.0538798,11.22955249,0.250239291,0.01,1,Y
CA2 Bistratified,CA1 Radiatum Giant,2.640270402,6.361570422,569.8359149,16.17033884,0.232263685,0.01,1,Y
CA2 Bistratified,CA1 Horizontal Axo Axonic,1.862269151,6.27459722,536.1569088,24.58861047,0.217214152,0.01,1,Y
CA2 Bistratified,CA1 Basket,1.957768155,5.11981189,622.9347492,15.39721189,0.243857372,0.01,1,Y
CA2 Bistratified, CA1 Basket CCK+,2.29545969,4.92467488,538.2462286,31.8864532,0.245576004,0.01,1,Y
CA2 Bistratified,CA1 Horizontal Basket,1.816706576,6.0072168,655.6405518,27.04475441,0.202768337,0.01,1,Y
CA2 Bistratified,CA1 LMR,2.081548831,5.663741476,578.4364976,17.86921253,0.211870328,0.01,1,Y
CA2 Bistratified,CA1 Perforant Path Associated,1.967798002,5.978936342,596.6192853,19.37422542,0.204879536,0.01,1,Y
CA2 Bistratified,CA1 Radial Trilaminar,1.529487087,7.633409483,593.406292,20.6606348,0.183031715,0.01,1,Y
CA2 Bistratified,CA1 Schaffer Collateral Associated,1.857356402,6.12845456,598.8948448,19.21166981,0.187253216,0.01,1,Y
CA2 Bistratified,CA1 Radiatum,2.02267276,5.864240895,574.6807664,18.78273559,0.210586978,0.01,1,Y
CA2 Bistratified,CA1 SO SO,1.347931969,7.014863447,429.9043994,24.01981438,0.172690382,0.01,1,Y
CA2 Bistratified,CA1 Trilaminar,2.498528238,5.253658421,598.5908273,17.41471549,0.234780503,0.01,1,Y
CA2 Bistratified,CA1 Oriens/Alveus,2.47511206,5.510959116,577.1665023,16.26665304,0.233076047,0.01,1,Y
CA2 Bistratified,CA1 R Receiving Apical Targeting,2.364782646,5.591015388,585.131542,17.59013581,0.218333727,0.01,1,Y
CA2 Bistratified,CA1 OR LM,2.254695335,6.013845622,567.3758447,16.67643012,0.229374006,0.01,1,Y
CA2 Bistratified,CA1 O LMR,1.855765406,6.012298405,574.62789,20.54319585,0.221958315,0.01,1,Y
CA2 Bistratified,CA1 Recurrent O LM,2.102309669,5.307645067,603.4235809,29.00644292,0.227018378,0.01,1,Y
CA2 Bistratified,CA1 Oriens Bistratified,2.662079863,5.350798652,588.5623419,15.35616225,0.239969504,0.01,1,Y
CA2 Bistratified,CA1 Perforant Path Associated QuadD,2.272667194,5.919765161,577.4732141,17.89926776,0.225818918,0.01,1,Y
CA2 Bistratified,CA1 Ivy,2.307045031,6.518732919,578.1108352,13.0690706,0.250188919,0.01,1,Y
CA2 SP SR,CA2 Basket,2.294643908,5.671299205,508.6368914,28.01246026,0.252185796,0.018541388,1,N
CA2 SP SR,CA2 Wide Arbor Basket,1.580481555,5.864103121,776.3042074,22.74987932,0.110934117,0.014167378,1,N
CA2 SP SR,CA2 Bistratified,1.801090279,5.70374597,498.3434593,23.48564112,0.232513428,0.025674375,1,N
CA2 SP SR,CA2 SP SR,1.540522511,5.116937401,687.8390543,26.77648075,0.233956575,0.024149419,1,N
CA2 Wide Arbor Basket,CA3 Pyramidal,1.514953474,9.148687081,466.6904015,21.57029773,0.207230906,0.01,1,Y
CA2 Wide Arbor Basket,CA3c Pyramidal,2.084034829,8.437117335,488.4948147,29.41200737,0.22239532,0.01,1,Y
CA2 Wide Arbor Basket,CA3 Axo Axonic,1.818343155,6.49291415,578.043473,18.21008946,0.221490452,0.01,1,Y
CA2 Wide Arbor Basket,CA3 Basket,2.153517246,5.626892741,595.6056657,14.29337506,0.233072437,0.01,1,Y
CA2 Wide Arbor Basket,CA3 Mossy Fiber Associated ORDEN,1.851591853,7.257732058,539.6165777,20.31797936,0.227579115,0.01,1,Y
CA2 Wide Arbor Basket,CA2 Basket,2.535821084,6.308257726,485.180449,27.32686302,0.263630235,0.01,1,Y
CA2 Wide Arbor Basket,CA2 Wide Arbor Basket,1.637535855,6.545656121,751.3956239,21.92562565,0.115384235,0.01,1,Y
CA2 Wide Arbor Basket,CA2 Bistratified,1.916476133,6.452488187,477.8827194,22.54080751,0.240192072,0.01,1,Y
CA2 Wide Arbor Basket,CA2 SP SR,1.610719369,5.783675352,661.4421878,25.55034995,0.239863176,0.01,1,Y
CA2 Wide Arbor Basket,CA1 Pyramidal,1.77193553,8.505872899,734.0293079,11.78017863,0.249881019,0.01,1,Y
CA2 Wide Arbor Basket,CA1 Radiatum Giant,2.217341676,7.905391222,544.5672025,16.15815533,0.235788403,0.01,1,Y
CA2 Wide Arbor Basket,CA1 Basket,1.669338636,6.370587085,600.7236687,15.73662988,0.245128813,0.01,1,Y
CA2 Wide Arbor Basket, CA1 Basket CCK+,1.953679473,6.10571863,520.5695077,31.60096277,0.247920136,0.01,1,Y
CA2 Wide Arbor Basket,CA1 Horizontal Basket,1.512951306,7.423479711,635.9573509,27.52118396,0.20531172,0.01,1,Y
CA2 Wide Arbor Basket,CA1 Radial Trilaminar,1.342268509,9.354962292,572.1675742,20.40759675,0.186190928,0.01,1,Y
CA2 Wide Arbor Basket,CA1 OR LM,1.884245385,7.467387526,542.7174149,16.92337023,0.232213812,0.01,1,Y
CA2 Wide Arbor Basket,CA1 Ivy,1.991887341,8.141573415,554.2231319,13.28096142,0.255556291,0.01,1,Y
CA3 Axo Axonic,CA3 Pyramidal,1.808161849,7.702247407,406.9544736,16.57488328,0.213532699,0.01,1,Y
CA3 Axo Axonic,CA3c Pyramidal,2.183898069,7.444704511,521.7836494,25.33285102,0.209245575,0.01,1,Y
CA3 Basket,CA3 Pyramidal,1.462245456,7.792679312,416.2817167,20.6296542,0.202850296,0.01,1,Y
CA3 Basket,CA3c Pyramidal,2.251043529,7.286021281,531.7254058,25.88662593,0.217876727,0.01,1,Y
CA3 Basket,CA3 Axo Axonic,1.847448993,4.864726664,619.6314584,24.87448902,0.222182231,0.01,1,Y
CA3 Basket,CA3 Basket,3.034613716,3.826382269,621.5074557,12.07865594,0.233832802,0.01,1,Y
CA3 Basket,CA3 Mossy Fiber Associated ORDEN,1.775682217,6.062565199,552.4890069,25.88240364,0.216800405,0.01,1,Y
CA3 Granule,CA3 Pyramidal,1.242476302,6.311463474,161.2495411,87.13545614,0.147677833,0.001048713,1,N
CA3 Granule,CA3c Pyramidal,1.704074377,5.883198878,140.4376135,132.7248808,0.158843491,0.001392681,1,N
CA3 Granule,CA3 Axo Axonic,1.637521197,3.299100407,289.6384872,44.44352177,0.176111152,0.00172175,1,N
CA3 Granule,CA3 Basket,1.839335507,2.953700528,344.3250417,37.25825323,0.190508123,0.001486442,1,N
CA3 Granule,CA3 LMR Targeting,1.75654187,3.901879987,262.8844644,59.20461197,0.18124864,0.000918716,1,N
CA3 Granule,CA3 Lucidum ORAX,1.70280891,3.816611164,223.122686,55.6055395,0.190466501,0.00156199,1,N
CA3 Granule,CA3 Spiny Lucidum,1.021821025,3.896709203,91.28115692,156.0887918,0.107335186,0.001996467,1,N
CA3 Granule,CA3 Mossy Fiber Associated ORDEN,1.82031787,3.694001427,186.7541665,74.93013034,0.203962412,0.001164107,1,N
CA3 LMR Targeting,CA3 Pyramidal,1.099502438,9.129417093,477.6466117,44.33574099,0.142177093,0.016551885,1,N
CA3 LMR Targeting,CA3c Pyramidal,1.439212598,8.708689682,492.7239549,75.82696299,0.149425504,0.001489649,1,N
CA3 LMR Targeting,CA3 Granule,1.883855434,7.182095008,568.5722452,127.831553,0.19602999,0.012745293,1,N
CA3 LMR Targeting,CA3 Axo Axonic,1.429710226,6.209236434,592.5519153,28.83378275,0.176502573,0.014321298,1,N
CA3 LMR Targeting,CA3 Basket,1.753971102,5.360908037,604.9049219,21.31906145,0.192726247,0.016127895,1,N
CA3 LMR Targeting,CA3 LMR Targeting,1.489246282,6.913563981,566.9986001,36.3780843,0.174812645,0.023092582,1,N
CA3 LMR Targeting,CA3 Lucidum ORAX,1.41559074,7.147653408,564.4609553,31.2671561,0.180651367,0.001877218,1,N
CA3 LMR Targeting,CA3 Mossy Fiber Associated ORDEN,1.417953345,7.039681774,546.5141838,36.56301231,0.1793669,0.001317751,1,N
CA3 Lucidum ORAX,CA3 Pyramidal,1.31498517,8.231258097,494.6617038,23.92911215,0.189758198,0.006315025,1,N
CA3 Lucidum ORAX,CA3c Pyramidal,1.791398777,7.736691856,519.0588372,33.48793321,0.20729732,0.007170315,1,N
CA3 Lucidum ORAX,CA3 Granule,2.069213762,6.766553061,591.7119606,96.57271229,0.217247417,0.000580923,1,N
CA3 Lucidum ORAX,CA3 Axo Axonic,1.580014848,5.871543564,622.9611782,22.05162779,0.204941463,0.007446546,1,N
CA3 Lucidum ORAX,CA3 Basket,1.904174945,5.09898305,634.6856909,16.85723059,0.218927508,0.007422976,1,N
CA3 Lucidum ORAX,CA3 LMR Targeting,1.659955476,6.491031202,596.2834044,25.46744398,0.205718454,0.001868644,1,N
CA3 Lucidum ORAX,CA3 Lucidum ORAX,1.572981584,6.734084137,594.0136348,22.46357177,0.211531983,0.003975266,1,N
CA3 Lucidum ORAX,CA3 Spiny Lucidum,1.163082946,6.361910415,376.6630794,55.00678759,0.14342569,0.003846005,1,N
CA3 Lucidum ORAX,CA3 Trilaminar,1.525701052,6.766043968,591.8225637,22.14614101,0.201080797,0.005241793,1,N
CA3 Lucidum ORAX,CA3 Mossy Fiber Associated ORDEN,1.588734447,6.625082748,576.4402982,25.32044814,0.212075647,0.007680046,1,N
CA3 Lucidum ORAX,CA2 Wide Arbor Basket,1.451421802,6.06176383,838.4075621,25.10841165,0.101161476,0.01,1,Y
CA3 Mossy Fiber Associated ORDEN,DG Mossy,1.968680913,5.455123243,553.3835071,32.82293447,0.226128027,0.01,1,Y
CA3 Mossy Fiber Associated ORDEN,DG Axo Axonic,1.818509925,5.739634631,598.7759765,26.27555934,0.192967946,0.01,1,Y
CA3 Mossy Fiber Associated ORDEN,DG Basket,1.775774527,5.063191735,341.4285394,18.6372486,0.224781554,0.01,1,Y
CA3 Mossy Fiber Associated ORDEN,DG Total Molecular Layer,1.804496088,5.720553888,568.2629353,29.72398802,0.200055743,0.01,1,Y
CA3 Mossy Fiber Associated ORDEN,DG MOLAX,1.705760235,5.820693379,605.8494968,24.64062943,0.202761864,0.01,1,Y
CA3 Mossy Fiber Associated ORDEN,DG HICAP,1.317248793,5.821438337,595.8320058,63.17600343,0.163681977,0.01,1,Y
CA3 Mossy Fiber Associated ORDEN,DG HIPP,1.490754793,6.428708429,728.0787517,23.99071378,0.177314758,0.01,1,Y
CA3 Mossy Fiber Associated ORDEN,DG HIPROM,2.016364921,5.946389285,618.5132842,25.22252393,0.225024863,0.01,1,Y
CA3 Mossy Fiber Associated ORDEN,DG AIPRIM,2.009765458,5.661837427,631.4849963,30.06587778,0.218973248,0.01,1,Y
CA3 Mossy Fiber Associated ORDEN,CA3 Pyramidal,1.518087432,6.821121734,480.3788773,33.64834915,0.202585815,0.014196431,1,N
CA3 Mossy Fiber Associated ORDEN,CA3c Pyramidal,1.94091647,6.455926702,500.1857378,49.94417028,0.216856255,0.019285485,1,N
CA3 Mossy Fiber Associated ORDEN,CA3 Axo Axonic,1.782111664,5.240242823,631.9625586,25.47228097,0.211809217,0.018649958,1,N
CA3 Mossy Fiber Associated ORDEN,CA3 Basket,2.106671223,4.637354941,645.125142,19.1614666,0.225648238,0.018345181,1,N
CA3 Mossy Fiber Associated ORDEN,CA3 LMR Targeting,1.845734732,5.804985191,604.7473832,30.09728546,0.211750729,0.005733988,1,N
CA3 Mossy Fiber Associated ORDEN,CA3 Lucidum ORAX,1.777165662,5.957178049,595.8167425,27.12925986,0.217998351,0.008351201,1,N
CA3 Mossy Fiber Associated ORDEN,CA3 Spiny Lucidum,1.314264693,5.665254844,337.471107,76.96576917,0.148802766,0.019488718,1,N
CA3 Mossy Fiber Associated ORDEN,CA3 Mossy Fiber Associated ORDEN,1.805295318,5.87250132,567.2833918,31.86415604,0.218800751,0.016633778,1,N
CA3 Mossy Fiber Associated ORDEN,CA2 Wide Arbor Basket,1.608450642,5.424055641,875.1671547,27.5439078,0.106345913,0.01,1,Y
CA3 Pyramidal,CA3 Pyramidal,0.603001931,9.515857529,278.2582848,27.51301394,0.172423074,0.010336062,1,N
CA3 Pyramidal,CA3c Pyramidal,1.106420155,7.613160549,302.7850019,47.1182897,0.171665599,0.010521117,1,N
CA3 Pyramidal,CA3 Granule,1.192651963,6.174906539,493.5406177,64.48195918,0.17727997,0.001192613,1,N
CA3 Pyramidal,CA3 Axo Axonic,0.999041918,5.411203675,464.5912674,29.08398524,0.167122777,0.008752843,1,N
CA3 Pyramidal,CA3 Basket,1.24735956,4.525332112,525.604511,23.32103636,0.188975506,0.00874215,1,N
CA3 Pyramidal,CA3 LMR Targeting,1.080837777,5.952979057,426.2878481,34.77693511,0.174047337,0.001117722,1,N
CA3 Pyramidal,CA3 Lucidum ORAX,0.970690689,6.256296824,396.6561266,31.45230293,0.175774782,0.004062711,1,N
CA3 Pyramidal,CA3 Trilaminar,1.011070233,5.940110518,401.4957326,30.26811599,0.16627424,0.007632745,1,N
CA3 Pyramidal,CA3 Mossy Fiber Associated ORDEN,1.012060147,6.116389732,355.5403134,37.83786014,0.179945682,0.009024691,1,N
CA3 Pyramidal,CA2 Basket,1.483759984,5.103022957,284.5865003,50.7817028,0.234573318,0.01,1,Y
CA3 Pyramidal,CA2 Wide Arbor Basket,0.961679964,5.70063737,817.5336441,28.29038096,0.071791833,0.01,1,Y
CA3 Pyramidal,CA2 Bistratified,1.086069632,5.199340285,273.1998184,41.68291224,0.203108649,0.01,1,Y
CA3 Pyramidal,CA2 SP SR,0.909260844,4.965136462,622.7361419,32.56388835,0.196776685,0.01,1,Y
CA3 Pyramidal,CA1 Pyramidal,1.021220696,7.463702539,724.3667977,18.01005789,0.201847939,0.01,1,Y
CA3 Pyramidal,CA1 Radiatum Giant,1.16302769,6.543738537,395.2075631,29.33835481,0.18050906,0.01,1,Y
CA3 Pyramidal,CA1 Horizontal Axo Axonic,0.815205111,6.567001761,340.9031734,39.91528861,0.181264167,0.01,1,Y
CA3 Pyramidal,CA1 Basket,0.908653493,5.394005967,440.119068,29.69023481,0.198996085,0.01,1,Y
CA3 Pyramidal, CA1 Basket CCK+,1.215139842,4.833858548,330.9105197,61.43867292,0.226501333,0.01,1,Y
CA3 Pyramidal,CA1 Horizontal Basket,0.786401786,6.2164873,622.1228413,39.58438722,0.153327044,0.01,1,Y
CA3 Pyramidal,CA1 LMR,0.935603304,5.939300389,402.0408431,31.76593676,0.163523836,0.01,1,Y
CA3 Pyramidal,CA1 Perforant Path Associated,0.887004046,6.18995635,420.5888017,33.73798175,0.153627673,0.01,1,Y
CA3 Pyramidal,CA1 Radial Trilaminar,0.725669654,7.308680346,415.4591559,31.78737826,0.147162749,0.01,1,Y
CA3 Pyramidal,CA1 Schaffer Collateral Associated,0.943982667,6.242866569,451.6994171,31.25533014,0.141014871,0.01,1,Y
CA3 Pyramidal,CA1 Radiatum,0.906403793,6.313771686,392.6721969,31.68126615,0.160330101,0.01,1,Y
CA3 Pyramidal,CA1 SO SO,0.556745212,7.660568491,199.1725058,38.52589204,0.129119288,0.01,1,Y
CA3 Pyramidal,CA1 Trilaminar,1.091875242,5.742075606,419.2880802,31.40188027,0.188241412,0.01,1,Y
CA3 Pyramidal,CA1 Oriens/Alveus,1.15527394,5.654289735,409.9202538,28.78462163,0.187604136,0.01,1,Y
CA3 Pyramidal,CA1 R Receiving Apical Targeting,1.027130522,6.074197325,407.8155623,31.02032131,0.165692052,0.01,1,Y
CA3 Pyramidal,CA1 OR LM,0.976061131,6.330988312,384.9855875,30.72214708,0.181645022,0.01,1,Y
CA3 Pyramidal,CA1 O LMR,0.750537752,6.592295249,372.3540598,36.38377166,0.176843811,0.01,1,Y
CA3 Pyramidal,CA1 Recurrent O LM,0.835652399,5.828463925,452.7919301,45.16042109,0.167931768,0.01,1,Y
CA3 Pyramidal,CA1 Oriens Bistratified,1.175501185,5.702837317,422.980315,26.30821048,0.193365024,0.01,1,Y
CA3 Pyramidal,CA1 Perforant Path Associated QuadD,0.989066754,6.273376555,392.0157022,31.78681763,0.178919856,0.01,1,Y
CA3 Pyramidal,CA1 Ivy,1.139035363,6.514490352,419.0888672,22.00501845,0.211997085,0.01,1,Y
CA3 Spiny Lucidum,DG Granule,2.249825793,8.029464678,527.9971587,7.734323043,0.267764005,0.01,1,Y
CA3 Spiny Lucidum,DG Semilunar Granule,1.664485211,7.025073422,576.2564152,22.7505452,0.208225429,0.01,1,Y
CA3 Spiny Lucidum,DG Axo Axonic,1.716825553,7.018411079,603.2755081,21.08660323,0.179320586,0.01,1,Y
CA3 Spiny Lucidum,DG Basket,1.729505223,5.963837555,374.0143149,13.79957443,0.217211221,0.01,1,Y
CA3 Spiny Lucidum,DG Total Molecular Layer,1.731725826,6.698957356,564.0415721,23.7320775,0.195129049,0.01,1,Y
CA3 Spiny Lucidum,DG MOLAX,1.639223133,6.797780252,596.5422265,20.74654866,0.197397092,0.01,1,Y
CA3 Spiny Lucidum,DG Neurogliaform,1.690204502,6.811031076,586.6739802,21.55750886,0.209052357,0.01,1,Y
CA3 Spiny Lucidum,DG MOPP,1.751586882,6.782761888,579.1573214,20.56931724,0.213914813,0.01,1,Y
CA3 Spiny Lucidum,DG HICAP,1.200399751,6.716751525,613.0347957,56.59441517,0.146159874,0.01,1,Y
CA3 Spiny Lucidum,DG HIPROM,1.910693879,6.852308388,587.21567,20.51758073,0.219136109,0.01,1,Y
CA3 Spiny Lucidum,DG AIPRIM,1.86656516,6.575531249,604.3328686,23.38985786,0.211903848,0.01,1,Y
CA3 Spiny Lucidum,CA3 Pyramidal,1.44286576,8.607347955,490.0698556,23.69998448,0.18763285,0.002205964,1,N
CA3 Spiny Lucidum,CA3c Pyramidal,1.969573526,8.061417012,508.1829682,33.79451684,0.205452208,0.002389612,1,N
CA3 Spiny Lucidum,CA3 Granule,2.189688934,7.07289362,583.2379628,100.9240245,0.215068864,0.000633408,1,N
CA3 Spiny Lucidum,CA3 Axo Axonic,1.681785063,6.108196679,612.850038,21.40303759,0.203082434,0.002206991,1,N
CA3 Spiny Lucidum,CA3 Basket,2.012800901,5.304926915,624.7567617,16.52424038,0.216804415,0.002485714,1,N
CA3 Spiny Lucidum,CA3 LMR Targeting,1.760248095,6.747133349,588.3794336,24.75207175,0.202495699,0.001064495,1,N
CA3 Spiny Lucidum,CA3 Lucidum ORAX,1.669154338,7.004789439,585.9406746,21.90943962,0.208649264,0.003207666,1,N
CA3 Spiny Lucidum,CA3 Spiny Lucidum,1.252267208,6.584593957,389.5686025,52.37302353,0.143260456,0.000641551,1,N
CA3 Spiny Lucidum,CA3 Mossy Fiber Associated ORDEN,1.687908084,6.879133742,571.2154224,24.49339822,0.208086687,0.002227643,1,N
CA3 Spiny Lucidum,CA1 Neurogliaform Projecting,1.802778717,7.091130066,588.9123973,22.88466286,0.214503079,0.01,1,Y
CA3 Trilaminar,CA3 Pyramidal,1.256762401,8.345551511,473.9854959,24.62192182,0.182148331,0.006597621,1,N
CA3 Trilaminar,CA3c Pyramidal,1.732081242,7.824414554,497.9702312,34.23651947,0.19704787,0.006874645,1,N
CA3 Trilaminar,CA3 Granule,2.002568166,6.78504414,581.0812515,95.45763979,0.20901299,0.001103871,1,N
CA3 Trilaminar,CA3 Axo Axonic,1.506529931,5.91262209,596.1324835,22.43562022,0.191165604,0.00745707,1,N
CA3 Trilaminar,CA3 Basket,1.810875805,5.128761775,614.7664815,17.3346376,0.205050962,0.007492386,1,N
CA3 Trilaminar,CA3 LMR Targeting,1.598902418,6.514730056,568.6092628,25.94128617,0.192619996,0.002334307,1,N
CA3 Trilaminar,CA3 Lucidum ORAX,1.503074495,6.775559962,564.911455,23.07644242,0.198279507,0.004641312,1,N
CA3 Trilaminar,CA3 Spiny Lucidum,1.111705747,6.413981083,356.6096921,54.14137515,0.132387811,0.001604865,1,N
CA3 Trilaminar,CA3 Trilaminar,1.466475156,6.743462002,534.1130816,22.0298725,0.175670797,0.007144079,1,N
CA3 Trilaminar,CA3 Mossy Fiber Associated ORDEN,1.51381656,6.660536452,546.5144567,26.07247439,0.198015551,0.009516288,1,N
CA3 Trilaminar,CA2 Wide Arbor Basket,1.389639178,6.08913852,813.7852693,25.48207271,0.089369413,0.01,1,Y
CA3 Trilaminar,CA1 Pyramidal,1.569583027,7.933774185,771.9925973,13.04651221,0.236157667,0.01,1,Y
CA3 Trilaminar,CA1 Radiatum Giant,1.760064641,7.131648575,553.0098038,20.94366953,0.207568255,0.01,1,Y
CA3 Trilaminar,CA1 Horizontal Axo Axonic,1.271866625,7.139393956,511.3016228,31.99491261,0.194642859,0.01,1,Y
CA3 Trilaminar,CA1 Basket,1.396363562,5.866071444,616.3338501,19.9898213,0.219463807,0.01,1,Y
CA3 Trilaminar, CA1 Basket CCK+,1.639051652,5.621232658,520.2939373,42.10264417,0.225105805,0.01,1,Y
CA3 Trilaminar,CA1 Horizontal Basket,1.205223159,6.91141839,676.3254519,35.71689385,0.178460053,0.01,1,Y
CA3 Trilaminar,CA1 LMR,1.425279956,6.469425696,563.4270124,23.08558367,0.186248638,0.01,1,Y
CA3 Trilaminar,CA1 Perforant Path Associated,1.348236387,6.811346363,587.1848355,24.79555364,0.178577248,0.01,1,Y
CA3 Trilaminar,CA1 Radial Trilaminar,1.104489306,8.509653413,556.5151828,24.85307115,0.147150819,0.01,1,Y
CA3 Trilaminar,CA1 Schaffer Collateral Associated,1.279911736,6.908696314,568.1174141,24.25756178,0.150088015,0.01,1,Y
CA3 Trilaminar,CA1 Radiatum,1.396650217,6.709777204,558.4653613,24.44309269,0.184921235,0.01,1,Y
CA3 Trilaminar,CA1 SO SO,0.887935824,8.05418944,364.3739041,31.31740643,0.1437324,0.01,1,Y
CA3 Trilaminar,CA1 Trilaminar,1.728412856,6.026018263,589.9767737,22.91200569,0.209235062,0.01,1,Y
CA3 Trilaminar,CA1 Oriens/Alveus,1.718200516,6.288875139,562.0281718,20.87563713,0.210490295,0.01,1,Y
CA3 Trilaminar,CA1 R Receiving Apical Targeting,1.618599849,6.388951532,570.92091,22.95715077,0.191306706,0.01,1,Y
CA3 Trilaminar,CA1 OR LM,1.538762989,6.851986604,549.456901,21.93570767,0.204332081,0.01,1,Y
CA3 Trilaminar,CA1 O LMR,1.280015391,6.870615429,555.5287731,26.73097522,0.198723431,0.01,1,Y
CA3 Trilaminar,CA1 Recurrent O LM,1.452829283,6.062666518,597.3180542,37.51345554,0.203177875,0.01,1,Y
CA3 Trilaminar,CA1 Oriens Bistratified,1.85892045,6.083439223,573.5361954,19.89360305,0.215354565,0.01,1,Y
CA3 Trilaminar,CA1 Perforant Path Associated QuadD,1.545472928,6.795896502,561.1690941,23.43994438,0.200140741,0.01,1,Y
CA3 Trilaminar,CA1 Ivy,1.65936598,7.490392249,566.1683168,16.20698895,0.228583827,0.01,1,Y
CA3c Pyramidal,DG Granule,2.353846076,5.90960469,218.5042823,6.484930664,0.264410373,0.01,1,Y
CA3c Pyramidal,DG Semilunar Granule,1.662213604,4.939487125,318.1121783,35.61607658,0.204487545,0.01,1,Y
CA3c Pyramidal,DG Mossy,2.035472923,4.296657374,359.1158552,40.45671675,0.236087994,0.01,1,Y
CA3c Pyramidal,DG Axo Axonic,1.767944604,4.576618248,293.4882568,33.57674131,0.190073982,0.01,1,Y
CA3c Pyramidal,DG Basket,1.693531969,3.983179951,152.8282192,27.66041651,0.214018592,0.01,1,Y
CA3c Pyramidal,DG Total Molecular Layer,1.619127204,4.803892328,313.0627903,37.27281558,0.185039755,0.01,1,Y
CA3c Pyramidal,DG MOLAX,1.52428095,4.870746586,324.1719431,34.61328864,0.185940585,0.01,1,Y
CA3c Pyramidal,DG HICAP,1.274858132,4.832603811,385.6517458,60.84250194,0.158232344,0.01,1,Y
CA3c Pyramidal,DG HIPP,1.386279044,5.13980597,384.877654,25.46662563,0.172345763,0.01,1,Y
CA3c Pyramidal,DG HIPROM,1.847942525,4.764808331,364.4681826,28.65674914,0.221378551,0.01,1,Y
CA3c Pyramidal,DG AIPRIM,1.840787232,4.544533943,367.7694287,31.95822743,0.217989008,0.01,1,Y
CA3c Pyramidal,CA3 Pyramidal,1.203912547,7.34902629,255.2581865,37.29370671,0.181610719,0.003452509,1,N
CA3c Pyramidal,CA3c Pyramidal,1.637915476,6.671007603,248.8427305,56.40611567,0.190441905,0.003336374,1,N
CA3c Pyramidal,CA3 Granule,1.808336154,5.263929683,437.5160784,83.38369243,0.198765471,0.000492041,1,N
CA3c Pyramidal,CA3 Axo Axonic,1.66242123,4.265099726,373.9456204,29.30009081,0.201124902,0.003269352,1,N
CA3c Pyramidal,CA3 Basket,1.949259895,3.698647731,421.1570414,21.94924458,0.217284555,0.003300149,1,N
CA3c Pyramidal,CA3 LMR Targeting,1.69891688,4.876179401,366.3721705,38.1262743,0.197888211,0.000528347,1,N
CA3c Pyramidal,CA3 Lucidum ORAX,1.609417071,4.981926797,330.1173189,34.16614457,0.203046255,0.001754252,1,N
CA3c Pyramidal,CA3 Trilaminar,1.66727039,4.742739896,333.1989177,31.56040267,0.193440696,0.005635285,1,N
CA3c Pyramidal,CA3 Mossy Fiber Associated ORDEN,1.66854992,4.89236004,297.6242978,42.50517031,0.208428724,0.00295232,1,N
CA3c Pyramidal,CA2 Basket,2.390866761,4.012413505,247.2607834,59.4945523,0.26203763,0.01,1,Y
CA3c Pyramidal,CA2 Wide Arbor Basket,1.504398146,4.685953651,628.270349,29.69278189,0.087501018,0.01,1,Y
CA3c Pyramidal,CA2 Bistratified,1.759707539,4.109410217,246.8490685,46.46351686,0.222702902,0.01,1,Y
CA3c Pyramidal,CA2 SP SR,1.429882669,4.049332269,494.8215544,35.36667306,0.218711005,0.01,1,Y
CA3c Pyramidal,CA1 Pyramidal,1.519090384,6.333769546,565.3107625,18.32099489,0.232730463,0.01,1,Y
CA3c Pyramidal,CA1 Radiatum Giant,1.867727468,5.246415064,339.1508604,30.85042234,0.208095198,0.01,1,Y
CA3c Pyramidal,CA1 Horizontal Axo Axonic,1.342747871,5.236515264,285.249723,44.48916358,0.204870802,0.01,1,Y
CA3c Pyramidal,CA1 Basket,1.478763119,4.308273956,364.172755,33.18230724,0.22561226,0.01,1,Y
CA3c Pyramidal, CA1 Basket CCK+,1.872615272,3.894734894,294.3539841,76.83051146,0.250959368,0.01,1,Y
CA3c Pyramidal,CA1 Horizontal Basket,1.299441324,4.970592004,506.9892739,43.926646,0.175527748,0.01,1,Y
CA3c Pyramidal,CA1 LMR,1.56096608,4.658284171,331.058975,34.21919398,0.18926895,0.01,1,Y
CA3c Pyramidal,CA1 Perforant Path Associated,1.471284054,4.92143882,341.5264123,36.99998315,0.180861903,0.01,1,Y
CA3c Pyramidal,CA1 Radial Trilaminar,1.182209455,5.936706284,348.2771086,34.54945475,0.168028841,0.01,1,Y
CA3c Pyramidal,CA1 Schaffer Collateral Associated,1.524091624,5.029048262,372.4424965,32.97876976,0.168968512,0.01,1,Y
CA3c Pyramidal,CA1 Radiatum,1.520294948,4.989690104,325.2874976,33.78480499,0.186193855,0.01,1,Y
CA3c Pyramidal,CA1 SO SO,0.9225767,6.218305847,182.9657649,42.3585121,0.146756411,0.01,1,Y
CA3c Pyramidal,CA1 Trilaminar,1.789605905,4.581948934,351.6358116,34.52789034,0.215586295,0.01,1,Y
CA3c Pyramidal,CA1 Oriens/Alveus,1.828047734,4.608349529,341.3079732,31.45585563,0.212852734,0.01,1,Y
CA3c Pyramidal,CA1 R Receiving Apical Targeting,1.677998637,4.847139999,333.627089,33.19041202,0.191536297,0.01,1,Y
CA3c Pyramidal,CA1 OR LM,1.632012671,5.034146072,331.243074,33.32027257,0.209009394,0.01,1,Y
CA3c Pyramidal,CA1 O LMR,1.250009387,5.30964183,319.3325243,40.0845631,0.203403479,0.01,1,Y
CA3c Pyramidal,CA1 Recurrent O LM,1.355420629,4.746525627,384.3143775,50.38948155,0.197247468,0.01,1,Y
CA3c Pyramidal,CA1 Oriens Bistratified,1.898485663,4.626723182,358.7131492,28.43219515,0.219686157,0.01,1,Y
CA3c Pyramidal,CA1 Perforant Path Associated QuadD,1.645446433,5.026904416,329.7472289,34.37537691,0.206690497,0.01,1,Y
CA3c Pyramidal,CA1 Ivy,1.882628424,5.312171281,338.0002734,21.03694322,0.241759271,0.01,1,Y
DG AIPRIM,DG Granule,2.83011009,6.81760764,407.9945085,8.016476277,0.265672129,0.00419045,1,N
DG AIPRIM,DG Semilunar Granule,1.893066254,6.206619259,497.8346671,28.47436596,0.203276419,0.004096766,1,N
DG AIPRIM,DG Mossy,1.942982153,5.959648571,506.4517963,28.85781662,0.211760985,0.007415039,1,N
DG AIPRIM,DG Axo Axonic,1.861275337,6.167866971,472.8082375,25.02186285,0.173093568,0.012260445,1,N
DG AIPRIM,DG Basket,1.754693211,5.506250176,267.0048871,16.65122939,0.199772405,0.011662995,1,N
DG AIPRIM,DG Total Molecular Layer,1.892139065,6.123398237,489.7007009,29.18525074,0.189565815,0.007942339,1,N
DG AIPRIM,DG MOLAX,1.8171189,6.190528755,513.0535888,25.06765802,0.192708034,0.01107412,1,N
DG AIPRIM,DG HICAP,1.256695971,6.455967225,564.4354784,63.22385234,0.140679985,0.011978563,1,N
DG AIPRIM,DG HIPP,1.399298627,7.092672472,568.8320853,22.16812913,0.155190009,0.00523952,1,N
DG AIPRIM,DG HIPROM,2.021095704,6.530495621,515.0032573,24.3217357,0.209257782,0.016578245,1,N
DG AIPRIM,DG AIPRIM,1.941984808,6.232748713,541.5819452,29.37107303,0.201794899,0.01380418,1,N
DG Axo Axonic,DG Granule,3.993398634,4.275954375,532.2251779,7.207859274,0.302243658,0.01,1,Y
DG Axo Axonic,DG Mossy,2.800891905,4.312123649,564.6371763,20.21329933,0.239970558,0.01,1,Y
DG Basket,DG Granule,2.450937388,6.543457785,433.8757913,6.347428119,0.331971356,0.01,1,Y
DG Basket,DG Axo Axonic,1.868477305,5.78494089,424.650686,8.941005694,0.252012918,0.01,1,Y
DG Basket,DG Basket,1.981409966,4.648072617,195.536072,7.44050779,0.309539318,0.01,1,Y
DG Basket,DG Total Molecular Layer,1.929368128,5.898956607,449.9436631,9.033860437,0.272664652,0.01,1,Y
DG Basket,DG MOLAX,1.752791879,6.067990873,487.913131,8.531507384,0.276130325,0.01,1,Y
DG Basket,DG HICAP,1.399481217,6.113200744,522.3739068,12.71382675,0.240871372,0.01,1,Y
DG Basket,DG HIPP,1.407775522,6.544162634,534.1822172,8.384811928,0.240478572,0.01,1,Y
DG Granule,DG Mossy,1.713023104,5.346932748,428.5825544,73.47908526,0.151268414,0.007770702,1,N
DG Granule,DG Axo Axonic,1.58930527,5.130446879,380.2380559,63.20216278,0.159623933,0.003907183,1,N
DG Granule,DG Basket,1.457495181,3.566153577,151.2652578,62.27805375,0.196866987,0.003459958,1,N
DG Granule,DG Total Molecular Layer,1.539720283,4.770183069,341.8837584,68.41581679,0.166253292,0.004219518,1,N
DG Granule,DG MOLAX,1.532772347,4.808895611,364.0127802,62.60039207,0.163520464,0.004357588,1,N
DG Granule,DG HICAP,1.260558278,4.738406476,433.6006398,101.1933856,0.139068435,0.003335367,1,N
DG Granule,DG HIPP,1.304728983,5.181440177,462.8138103,48.98626599,0.150318338,0.005945741,1,N
DG Granule,DG HIPROM,1.690444123,4.910706629,402.0463268,52.84635072,0.196287554,0.005372057,1,N
DG Granule,DG AIPRIM,1.67566805,4.726161051,414.3596908,61.80811408,0.191048546,0.005330964,1,N
DG Granule,CA3 Pyramidal,1.384236627,6.657226902,278.2857573,78.58373418,0.155284008,0.01,1,Y
DG Granule,CA3c Pyramidal,1.882667061,6.619164234,270.7994944,132.656645,0.158674466,0.01,1,Y
DG Granule,CA3 Axo Axonic,1.474575661,4.35002076,470.2612852,51.84326359,0.164066878,0.01,1,Y
DG Granule,CA3 Basket,1.624518558,3.914660888,518.9344311,43.27421385,0.175572102,0.01,1,Y
DG Granule,CA3 LMR Targeting,1.570535546,4.974807908,389.2008952,71.33107657,0.171578973,0.01,1,Y
DG Granule,CA3 Lucidum ORAX,1.522280646,4.947413641,371.6120253,63.51417786,0.182405568,0.01,1,Y
DG Granule,CA3 Spiny Lucidum,0.964691926,4.603387846,128.3868127,168.5044541,0.106547475,0.01,1,Y
DG Granule,CA3 Mossy Fiber Associated ORDEN,1.577496686,4.842056741,319.382273,79.24425491,0.196054049,0.01,1,Y
DG Granule,CA2 Basket,2.394933711,4.029909237,246.4831244,109.9664808,0.252060907,0.01,1,Y
DG Granule,CA2 Wide Arbor Basket,1.410522469,4.680932151,925.5104875,43.42814698,0.061334009,0.01,1,Y
DG Granule,CA2 Bistratified,1.692890179,3.943281432,236.020304,90.89975739,0.214937671,0.01,1,Y
DG Granule,CA2 SP SR,1.338150592,3.549179194,649.4251543,59.64025588,0.208971071,0.01,1,Y
DG HICAP,DG Granule,1.219865412,10.22396675,937.2721327,11.64263903,0.184814269,0.001757861,1,N
DG HICAP,DG Semilunar Granule,0.913210289,7.526448718,713.2264027,55.73253938,0.111751147,0.001794498,1,N
DG HICAP,DG Axo Axonic,0.91253804,7.57296418,753.0230901,46.817182,0.098399469,0.001868397,1,N
DG HICAP,DG Basket,0.958293012,6.620283231,513.5087064,32.55595992,0.118669218,0.001591156,1,N
DG HICAP,DG Total Molecular Layer,0.915382929,7.404310692,704.316956,55.19499715,0.104155484,0.001352956,1,N
DG HICAP,DG MOLAX,0.853636645,7.518085772,742.054201,44.94959149,0.101962873,0.002614161,1,N
DG HICAP,DG HICAP,0.496310914,7.541237797,691.7180512,171.718348,0.050720529,0.001872592,1,N
DG HICAP,DG HIPROM,0.954679935,7.880158622,751.1982199,47.80504035,0.118030661,0.002828035,1,N
DG HICAP,DG AIPRIM,0.941482236,7.625737433,759.5391515,56.17972408,0.113073998,0.001566861,1,N
DG HIPP,DG Granule,2.002001302,8.934875974,559.1427569,8.395942223,0.278137043,0.005951547,1,N
DG HIPP,DG Semilunar Granule,1.641654852,7.006682709,585.7700423,26.19823738,0.213587712,0.006540949,1,N
DG HIPP,DG Axo Axonic,1.676923503,7.15666634,623.8380178,23.08339488,0.186063324,0.007242797,1,N
DG HIPP,DG Basket,1.709173331,5.981558444,367.1975535,15.29200363,0.220931523,0.006092621,1,N
DG HIPP,DG Total Molecular Layer,1.66550801,6.840841689,570.8804279,26.32262232,0.200730361,0.003227592,1,N
DG HIPP,DG MOLAX,1.552532637,6.996513718,602.1826939,23.12754868,0.19692505,0.004418236,1,N
DG HIPP,DG Neurogliaform,1.595442079,7.035204052,603.9557316,24.66694123,0.21364755,0.004257104,1,N
DG HIPP,DG MOPP,1.651985676,7.006733699,595.4603987,23.39908596,0.219009424,0.005528881,1,N
DG HIPP,DG HICAP,1.151341925,7.062322,619.3812172,55.68426128,0.147221865,0.004708123,1,N
DG HIPP,DG AIPRIM,1.698308672,6.974484567,631.3015777,26.23748954,0.209317749,0.004286782,1,N
DG HIPP,CA1 Neurogliaform Projecting,1.726054082,7.296440463,609.3971762,26.07554001,0.219926481,0.01,1,Y
DG HIPROM,DG Granule,2.099317371,7.968385576,515.7601542,9.109818097,0.273153735,0.00638306,1,N
DG HIPROM,DG Semilunar Granule,1.721543535,6.611761079,572.04044,30.92579873,0.211852626,0.006684402,1,N
DG HIPROM,DG Mossy,1.769637915,6.298476805,569.2474685,30.40685884,0.222060206,0.009443712,1,N
DG HIPROM,DG Axo Axonic,1.655056104,6.566174282,561.588445,26.96313562,0.180728867,0.01906019,1,N
DG HIPROM,DG Basket,1.643691254,5.620499361,318.0502735,17.63109663,0.213793723,0.017758003,1,N
DG HIPROM,DG Total Molecular Layer,1.697321408,6.596478736,566.4532981,32.17531673,0.197425203,0.011111781,1,N
DG HIPROM,DG MOLAX,1.610799672,6.670050351,603.926099,27.41124631,0.200496149,0.015025723,1,N
DG HIPROM,DG Neurogliaform,1.643128965,6.685915428,589.6705672,29.67267208,0.210742671,0.001806566,1,N
DG HIPROM,DG MOPP,1.705473243,6.656976992,582.7945528,28.17942625,0.216206996,0.002385758,1,N
DG HIPROM,DG HICAP,1.107784298,6.897798467,618.0140265,73.3997301,0.144510847,0.017720856,1,N
DG HIPROM,DG HIPP,1.260508449,7.574151112,691.0811736,26.18880605,0.157706181,0.007118305,1,N
DG HIPROM,DG HIPROM,1.774135195,7.056691066,614.0811024,29.66786641,0.211598681,0.018933527,1,N
DG HIPROM,DG AIPRIM,1.73320642,6.812942823,631.1259083,34.07503522,0.20379426,0.019795889,1,N
DG HIPROM,CA3 Pyramidal,1.365245174,8.461200335,481.7240434,30.9616225,0.186996068,0.01,1,Y
DG HIPROM,CA3c Pyramidal,1.846897538,7.913370261,502.0223591,43.53029905,0.20346562,0.01,1,Y
DG HIPROM,CA3 Granule,2.153315516,6.943220622,591.5572756,128.2644289,0.215527419,0.01,1,Y
DG HIPROM,CA3 Axo Axonic,1.651478289,6.003524131,622.8026592,28.41325393,0.20590247,0.01,1,Y
DG HIPROM,CA3 Basket,1.9844709,5.204767991,634.8520021,21.08509408,0.22005554,0.01,1,Y
DG HIPROM,CA3 LMR Targeting,1.694461397,6.663574071,594.6533754,34.09048263,0.203676049,0.01,1,Y
DG HIPROM,CA3 Lucidum ORAX,1.628143196,6.882192313,590.9424854,30.23297897,0.210330675,0.01,1,Y
DG HIPROM,CA3 Spiny Lucidum,1.218854523,6.457196048,370.5307626,72.21781015,0.144402099,0.01,1,Y
DG HIPROM,CA3 Trilaminar,1.584463637,6.946624967,588.3081058,28.91060763,0.200348492,0.01,1,Y
DG HIPROM,CA3 Mossy Fiber Associated ORDEN,1.640586538,6.793656581,574.825872,34.49253626,0.210842054,0.01,1,Y
DG HIPROM,CA2 Wide Arbor Basket,1.497407708,6.209295862,839.7245168,31.52694747,0.10368394,0.01,1,Y
DG HIPROM,CA1 Neurogliaform Projecting,1.71344428,7.011792828,607.8378456,33.04721264,0.21766938,0.01,1,Y
DG MOLAX,DG Granule,2.102025852,7.469724475,514.7787724,7.99390093,0.26799791,0.005739093,1,N
DG MOLAX,DG Semilunar Granule,1.490337106,6.562368292,567.7430088,28.06180987,0.189664976,0.006042794,1,N
DG MOLAX,DG Axo Axonic,1.478332381,6.410849934,550.3620445,25.76267142,0.162389936,0.006436152,1,N
DG MOLAX,DG Basket,1.529504187,5.486519163,327.8333156,16.55016585,0.199841294,0.005293803,1,N
DG MOLAX,DG Total Molecular Layer,1.314890297,6.356241782,557.1596237,36.21413019,0.142037514,0.003874241,1,N
DG MOLAX,DG MOLAX,1.181435446,6.532582877,590.9085998,31.15375042,0.135128022,0.006066921,1,N
DG MOLAX,DG Neurogliaform,1.504679869,6.368411633,580.4645224,26.25389029,0.190744055,0.001886196,1,N
DG MOLAX,DG MOPP,1.554264185,6.352752586,573.6130729,25.06537987,0.195327844,0.002424531,1,N
DG MOLAX,DG HICAP,1.090289638,6.394677322,607.152112,58.5417892,0.133934945,0.005100087,1,N
DG MOLAX,DG HIPROM,1.698789053,6.420672505,583.7547076,24.81136061,0.205917866,0.002557856,1,N
DG MOLAX,DG AIPRIM,1.673046287,6.15537678,599.966013,28.27891036,0.198511425,0.004612481,1,N
DG MOLAX,CA1 Neurogliaform Projecting,1.591899275,6.662831379,595.5177677,29.85571204,0.201854151,0.01,1,Y
DG MOPP,DG Granule,1.618626321,9.534794655,547.3600309,9.324417377,0.262018884,0.003393746,1,N
DG MOPP,DG Semilunar Granule,1.222431299,7.753227153,576.2187231,36.48398045,0.186122665,0.003670789,1,N
DG MOPP,DG Axo Axonic,1.291456158,7.431283525,576.1934898,33.15836297,0.163207768,0.003911175,1,N
DG MOPP,DG Basket,1.390568768,6.264457483,365.1530417,20.00183288,0.202932113,0.00310315,1,N
DG MOPP,DG Total Molecular Layer,1.240720155,7.413221996,567.9998936,37.90496474,0.171190753,0.002344697,1,N
DG MOPP,DG MOLAX,1.166839096,7.499264252,602.0449659,31.81730031,0.172871731,0.003252568,1,N
DG MOPP,DG Neurogliaform,1.238008955,7.516022164,586.187932,33.92156383,0.187048309,0.002492257,1,N
DG MOPP,DG MOPP,1.284482986,7.47791829,579.1306379,32.26683533,0.191811754,0.00278983,1,N
DG MOPP,DG HICAP,0.893689652,7.321686117,612.1048231,84.27273294,0.126025042,0.002854926,1,N
DG MOPP,DG AIPRIM,1.398465565,7.154127967,602.6101587,35.60570241,0.192877043,0.00273315,1,N
DG MOPP,CA1 Neurogliaform Projecting,1.33875896,7.790262028,600.3192924,36.65665154,0.195671907,0.01,1,Y
DG Mossy,DG Granule,2.394273388,5.357017163,166.1624932,20.22414499,0.304520719,0.002373906,1,N
DG Mossy,DG Semilunar Granule,1.862395007,4.522053429,229.9712546,72.28862059,0.236358072,0.002165965,1,N
DG Mossy,DG Mossy,2.067500893,4.257146466,249.3294154,71.64176434,0.24460315,0.012170237,1,N
DG Mossy,DG Axo Axonic,2.068097096,4.065015021,234.8042342,76.01492823,0.205689442,0.013246144,1,N
DG Mossy,DG Basket,1.995595549,3.395481676,117.3653589,69.31635444,0.254508981,0.011742114,1,N
DG Mossy,DG Total Molecular Layer,1.851228744,4.416985849,220.1016473,71.58650536,0.220390429,0.011572752,1,N
DG Mossy,DG MOLAX,1.747308229,4.514198313,224.0896811,68.99376724,0.219003434,0.013446557,1,N
DG Mossy,DG HICAP,1.41984146,4.338204884,337.1430233,94.75156141,0.186626389,0.011106612,1,N
DG Mossy,DG HIPP,1.376196902,4.823503897,358.4310379,54.87162031,0.180653473,0.009927694,1,N
DG Mossy,DG HIPROM,2.116954092,4.237365884,295.8105705,51.70691882,0.251514697,0.015241774,1,N
DG Mossy,DG AIPRIM,2.041345809,3.998439404,315.1623221,58.899369,0.242820882,0.013780021,1,N
DG Neurogliaform,DG Granule,1.761263201,9.180416166,549.4105463,8.926071111,0.264593234,0.000722558,1,N
DG Neurogliaform,DG Semilunar Granule,1.284721028,7.643563276,585.4805097,33.65844156,0.189550457,0.00091823,1,N
DG Neurogliaform,DG Axo Axonic,1.356899012,7.313237286,587.7803731,30.56161061,0.165853456,0.001098667,1,N
DG Neurogliaform,DG Basket,1.446349024,6.184339226,373.3736749,18.87906792,0.204837368,0.000414895,1,N
DG Neurogliaform,DG Total Molecular Layer,1.313700366,7.282447934,576.1465387,35.14773594,0.174362982,0.000252016,1,N
DG Neurogliaform,DG MOLAX,1.22895512,7.374589575,612.2148523,29.55293886,0.176234757,0.00072061,1,N
DG Neurogliaform,DG Neurogliaform,1.307786769,7.387290186,595.7327885,31.28874628,0.190563743,8.45E-05,1,N
DG Neurogliaform,DG MOPP,1.358265611,7.337927234,588.087949,29.68780238,0.195611788,0.000155783,1,N
DG Neurogliaform,DG HICAP,0.934355428,7.216500771,619.7334874,78.27530701,0.129547154,0.000399765,1,N
DG Neurogliaform,DG AIPRIM,1.475662928,7.028321957,613.1027338,33.07534915,0.196466921,0.000366061,1,N
DG Neurogliaform,CA1 Neurogliaform Projecting,1.397616625,7.714504559,616.3412495,32.20835114,0.199962981,0.01,1,Y
DG Semilunar Granule,DG Granule,1.768985735,6.01872939,359.8029853,20.96068186,0.245577374,0.000246348,1,N
DG Semilunar Granule,DG Semilunar Granule,1.671338318,5.172445371,389.3454255,67.28323507,0.196077468,0.000279013,1,N
DG Semilunar Granule,DG Mossy,1.815994999,4.882551657,375.0773532,70.53734123,0.19371363,0.005809989,1,N
DG Semilunar Granule,DG Axo Axonic,1.722861696,4.954686344,382.8755431,66.97431307,0.17186622,0.004204142,1,N
DG Semilunar Granule,DG Basket,1.685882062,4.187713787,207.1757042,54.20813561,0.207841553,0.003812227,1,N
DG Semilunar Granule,DG Total Molecular Layer,1.644691263,5.015379673,378.0478331,66.89343605,0.178087861,0.002667522,1,N
DG Semilunar Granule,DG MOLAX,1.632705409,5.014180603,395.9135649,61.17639456,0.175722147,0.004599438,1,N
DG Semilunar Granule,DG HICAP,1.370400147,4.962523707,451.2461333,99.71246156,0.154371294,0.004226805,1,N
DG Semilunar Granule,DG HIPP,1.421042027,5.312855869,470.2108622,48.71632661,0.167925969,0.003701579,1,N
DG Semilunar Granule,DG HIPROM,1.842257558,5.078117303,419.39643,52.23617983,0.213340534,0.007157417,1,N
DG Semilunar Granule,DG AIPRIM,1.80380368,4.876170464,425.4232012,62.32332382,0.208019523,0.005796294,1,N
DG Semilunar Granule,CA3 Pyramidal,1.418246587,7.225592068,305.7363208,82.922894,0.157519001,0.01,1,Y
DG Semilunar Granule,CA3c Pyramidal,1.999075875,6.845869435,304.3966373,133.466562,0.166078456,0.01,1,Y
DG Semilunar Granule,CA3 Axo Axonic,1.548884541,4.489831923,483.5784438,51.16612748,0.179822147,0.01,1,Y
DG Semilunar Granule,CA3 Basket,1.751511985,3.952770271,534.0738081,42.26552793,0.19232313,0.01,1,Y
DG Semilunar Granule,CA3 LMR Targeting,1.655318631,5.171940869,420.4594964,71.2179805,0.183992732,0.01,1,Y
DG Semilunar Granule,CA3 Lucidum ORAX,1.614904434,5.169689647,403.5673919,63.25916936,0.191936077,0.01,1,Y
DG Semilunar Granule,CA3 Spiny Lucidum,1.040492685,4.876046978,150.4992825,166.6096228,0.113216785,0.01,1,Y
DG Semilunar Granule,CA3 Mossy Fiber Associated ORDEN,1.682295426,5.00341258,347.2978713,78.85160768,0.204377005,0.01,1,Y
DG Total Molecular Layer,DG Granule,2.216534734,7.018591199,503.2033197,7.927759421,0.262620367,0.004664758,1,N
DG Total Molecular Layer,DG Semilunar Granule,1.669114074,6.017668467,570.4444877,27.61661353,0.190319155,0.004957027,1,N
DG Total Molecular Layer,DG Mossy,1.780061787,5.714504127,569.7068204,30.91207702,0.201094709,0.005693637,1,N
DG Total Molecular Layer,DG Axo Axonic,1.583120987,6.042519921,554.3636363,25.55501031,0.1616151,0.007474261,1,N
DG Total Molecular Layer,DG Basket,1.588094345,5.202957219,326.1490797,16.8255612,0.193347834,0.006157385,1,N
DG Total Molecular Layer,DG Total Molecular Layer,1.414372325,5.988751224,561.017469,36.42327989,0.13984693,0.006405825,1,N
DG Total Molecular Layer,DG MOLAX,1.33096063,6.063375801,595.1839865,31.29072256,0.141561718,0.010207138,1,N
DG Total Molecular Layer,DG Neurogliaform,1.617263291,5.999572079,581.5604742,26.2733889,0.189943267,0.001329677,1,N
DG Total Molecular Layer,DG MOPP,1.678251949,5.972487611,574.2881041,25.03085495,0.194595712,0.00160359,1,N
DG Total Molecular Layer,DG HICAP,1.128587417,6.148912398,616.5069163,64.53294862,0.131959587,0.006768556,1,N
DG Total Molecular Layer,DG HIPP,1.285416879,6.528484711,642.2633585,21.93741211,0.153735478,0.003701293,1,N
DG Total Molecular Layer,DG HIPROM,1.835437892,6.059862338,583.6023409,24.8374749,0.206676477,0.006654494,1,N
DG Total Molecular Layer,DG AIPRIM,1.790327532,5.824916984,600.2639503,28.57137934,0.198621031,0.007634668,1,N
DG Total Molecular Layer,CA1 Neurogliaform Projecting,1.688578241,6.306589277,596.8755925,29.42628499,0.201182227,0.01,1,Y
EC LI II Multipolar Pyramidal,EC LI II Pyramidal Fan,1.401415646,4.894384507,286.4922715,58.40835379,0.226581372,0.005085776,1,N
EC LI II Multipolar Pyramidal,EC LI II Multipolar Pyramidal,1.547863818,4.837281099,299.6325703,47.50190521,0.222771277,0.010513674,1,N
EC LI II Multipolar Pyramidal,MEC LII Stellate,1.356078039,4.882932575,266.0466677,58.22877027,0.223398938,0.008940223,1,N
EC LI II Multipolar Pyramidal,MEC LII Oblique Pyramidal,1.409992213,4.749856598,237.743675,62.75304536,0.237199503,0.005952447,1,N
EC LI II Multipolar Pyramidal,MEC LII III Pyramidal Multiform,1.378438276,5.276629467,302.037763,52.22621109,0.2276568,0.012413402,1,N
EC LI II Multipolar Pyramidal,EC LII III Pyramidal Tripolar,1.561753132,4.995890589,353.7440245,50.03951883,0.208280394,0.015343194,1,N
EC LI II Multipolar Pyramidal,MEC LIII Complex Pyramidal,1.50793148,4.804811756,305.1349869,51.41778128,0.223447133,0.004840714,1,N
EC LI II Multipolar Pyramidal,LEC LIII Complex Pyramidal,1.488403314,4.731147593,298.6451011,52.09428075,0.220542165,0.011602802,1,N
EC LI II Multipolar Pyramidal,EC LIII Pyramidal,1.507761038,4.795997844,305.3776707,51.23052646,0.224644208,0.01530828,1,N
EC LI II Multipolar Pyramidal,EC LIII Stellate,1.491441831,4.806418427,305.5410088,51.10949399,0.224532318,0.010398675,1,N
EC LI II Multipolar Pyramidal,MEC LIII Bipolar Complex Pyramidal,1.509206281,4.789717055,301.9292633,51.13981558,0.225093382,0.010747909,1,N
EC LI II Multipolar Pyramidal,LEC LIII Multipolar Principal,1.47500157,4.744257392,299.4015343,51.56256592,0.221532236,0.006365618,1,N
EC LI II Multipolar Pyramidal,MEC LIII Multipolar Principal,1.489078736,4.810000604,302.7428499,51.42420244,0.224444876,0.01,1,Y
EC LI II Multipolar Pyramidal,MEC LIII Superficial Trilayered Interneuron,1.479713254,4.655302192,291.8922029,48.60014371,0.212867529,0.014183656,1,N
EC LI II Multipolar Pyramidal,EC LIII V Bipolar Pyramidal,1.441147091,4.851549213,316.8916146,50.34987734,0.225815729,0.010040273,1,N
EC LI II Multipolar Pyramidal,EC LV Deep Pyramidal,1.485740592,4.558030079,307.6978167,50.39884753,0.224533266,0.004258705,1,N
EC LI II Multipolar Pyramidal,MEC LV Superficial Pyramidal,1.479188921,4.649680355,299.1979769,51.67170366,0.2207512,0.001824537,1,N
EC LI II Multipolar Pyramidal,MEC LV Pyramidal,1.445180107,4.741038635,305.7140942,50.60447414,0.222262232,0.003722762,1,N
EC LI II Pyramidal Fan,DG Granule,1.957759388,5.770742282,353.9467523,14.16292251,0.267978636,0.01,1,Y
EC LI II Pyramidal Fan,DG Semilunar Granule,1.42862996,5.139787943,399.9488375,47.56217915,0.209436508,0.01,1,Y
EC LI II Pyramidal Fan,DG Axo Axonic,1.576968103,4.859187184,361.754882,53.19553418,0.182297206,0.01,1,Y
EC LI II Pyramidal Fan,DG Basket,1.54921889,4.113231844,174.8140797,42.66462464,0.219845341,0.01,1,Y
EC LI II Pyramidal Fan,DG Total Molecular Layer,1.51928808,4.898663893,388.2187456,48.3580728,0.193675572,0.01,1,Y
EC LI II Pyramidal Fan,DG MOLAX,1.472543407,4.892183938,414.0348062,43.69088062,0.195889726,0.01,1,Y
EC LI II Pyramidal Fan,DG Neurogliaform,1.517470208,4.828878898,416.6750863,46.42351858,0.209335026,0.01,1,Y
EC LI II Pyramidal Fan,DG MOPP,1.646625536,4.752507947,402.0818854,41.57434047,0.223488729,0.01,1,Y
EC LI II Pyramidal Fan,DG HICAP,1.186021528,4.874248558,459.9682117,79.1221616,0.16501451,0.01,1,Y
EC LI II Pyramidal Fan,DG AIPRIM,1.680011566,4.753082894,424.9633829,47.57252714,0.225233,0.01,1,Y
EC LI II Pyramidal Fan,CA1 Neurogliaform Projecting,1.604644896,5.00250849,461.442088,50.14026862,0.218918723,0.01,1,Y
EC LI II Pyramidal Fan,EC LI II Pyramidal Fan,1.377945605,5.181288638,359.495598,57.715057,0.223616784,0.001519141,1,N
EC LI II Pyramidal Fan,EC LI II Multipolar Pyramidal,1.504938898,5.143477112,391.1930435,45.90412923,0.215951796,0.009373558,1,N
EC LI II Pyramidal Fan,MEC LII Stellate,1.230435352,5.556460313,496.541401,44.43796648,0.192542532,0.003991913,1,N
EC LI II Pyramidal Fan,MEC LII Oblique Pyramidal,1.315619337,5.303666777,426.365094,46.96367287,0.207674945,0.001958137,1,N
EC LI II Pyramidal Fan,MEC LII III Pyramidal Multiform,1.359725125,5.565792201,365.2581435,53.78623791,0.227125077,0.002709769,1,N
EC LI II Pyramidal Fan,EC LII III Pyramidal Tripolar,1.411323759,5.570773327,509.5255972,52.29016018,0.188547019,0.002537777,1,N
EC LI II Pyramidal Fan,MEC LIII Complex Pyramidal,1.463318918,5.116522875,417.4889948,46.07971182,0.212191276,0.002302063,1,N
EC LI II Pyramidal Fan,LEC LIII Complex Pyramidal,1.443794728,5.04740851,409.4879159,46.68485172,0.209042646,0.002507917,1,N
EC LI II Pyramidal Fan,EC LIII Pyramidal,1.463600693,5.105782201,417.9136778,45.97730752,0.213300373,0.002297816,1,N
EC LI II Pyramidal Fan,EC LIII Stellate,1.447649786,5.120368898,417.8234563,46.12767028,0.213661714,0.00228439,1,N
EC LI II Pyramidal Fan,MEC LIII Bipolar Complex Pyramidal,1.462255234,5.100199509,412.9882564,45.96033535,0.213752485,0.001568178,1,N
EC LI II Pyramidal Fan,LEC LIII Multipolar Principal,1.430864343,5.065752435,410.1272736,46.48870748,0.210437753,0.001551006,1,N
EC LI II Pyramidal Fan,MEC LIII Multipolar Principal,1.444764853,5.122229149,414.4953795,46.21353794,0.213386892,0.01,1,Y
EC LI II Pyramidal Fan,MEC LIII Superficial Trilayered Interneuron,1.445769138,4.973736288,397.0931027,43.929977,0.203190314,0.003136772,1,N
EC LI II Pyramidal Fan,EC LIII V Bipolar Pyramidal,1.403950115,5.149040684,430.5553315,45.30964572,0.213912917,0.002363347,1,N
EC LI II Pyramidal Fan,EC LV Deep Pyramidal,1.432937407,4.894970139,418.8452375,45.92425127,0.212309975,0.001402467,1,N
EC LI II Pyramidal Fan,MEC LV Superficial Pyramidal,1.426809619,4.984383666,415.0369584,46.34534622,0.208444507,0.001250363,1,N
EC LI II Pyramidal Fan,MEC LV Pyramidal,1.39732062,5.063476145,421.8531247,45.54641779,0.209445902,0.001186566,1,N
EC LII III Pyramidal Tripolar,DG Granule,1.93643454,5.488387025,506.0953818,12.89978879,0.256591227,0.01,1,Y
EC LII III Pyramidal Tripolar,DG Semilunar Granule,1.380377872,4.892242214,561.3049902,36.47168803,0.198918157,0.01,1,Y
EC LII III Pyramidal Tripolar,DG Axo Axonic,1.534476111,4.655415169,522.6682611,41.12583094,0.171995114,0.01,1,Y
EC LII III Pyramidal Tripolar,DG Basket,1.480438151,4.044857971,254.3019219,34.45459905,0.207559895,0.01,1,Y
EC LII III Pyramidal Tripolar,DG Total Molecular Layer,1.493981611,4.672421472,541.1720379,37.2583535,0.185544588,0.01,1,Y
EC LII III Pyramidal Tripolar,DG MOLAX,1.447107312,4.664983408,585.1087652,33.70105999,0.18802588,0.01,1,Y
EC LII III Pyramidal Tripolar,DG Neurogliaform,1.483123143,4.587926867,582.5440683,35.72573404,0.198999491,0.01,1,Y
EC LII III Pyramidal Tripolar,DG MOPP,1.611260604,4.520674229,560.5667598,32.55306861,0.212066065,0.01,1,Y
EC LII III Pyramidal Tripolar,DG HICAP,1.156343155,4.650778489,591.7097704,59.60534198,0.158216612,0.01,1,Y
EC LII III Pyramidal Tripolar,DG AIPRIM,1.64070401,4.521713656,579.3480083,36.93557734,0.21443101,0.01,1,Y
EC LII III Pyramidal Tripolar,CA1 Neurogliaform Projecting,1.582273855,4.733277216,640.2640638,38.64599101,0.208246925,0.01,1,Y
EC LII III Pyramidal Tripolar,EC LI II Pyramidal Fan,1.332511255,5.008161608,496.0057625,41.82339756,0.210546838,0.003677448,1,N
EC LII III Pyramidal Tripolar,EC LI II Multipolar Pyramidal,1.493527829,4.874495754,527.7596855,36.54326594,0.205405967,0.012630614,1,N
EC LII III Pyramidal Tripolar,MEC LII Stellate,1.179997716,5.088298874,626.4877979,36.24888164,0.194874372,0.006683612,1,N
EC LII III Pyramidal Tripolar,MEC LII Oblique Pyramidal,1.172940056,5.142013463,508.0667697,39.69890256,0.203256428,0.00390883,1,N
EC LII III Pyramidal Tripolar,MEC LII III Pyramidal Multiform,1.347832775,5.264066394,489.1189287,40.98345345,0.215512546,0.0059757,1,N
EC LII III Pyramidal Tripolar,EC LII III Pyramidal Tripolar,1.589034948,5.126673379,673.7516746,39.97653732,0.182770036,0.005827223,1,N
EC LII III Pyramidal Tripolar,MEC LIII Complex Pyramidal,1.418280835,4.862388671,582.7256992,35.43784662,0.202026925,0.004627537,1,N
EC LII III Pyramidal Tripolar,LEC LIII Complex Pyramidal,1.396629583,4.802526204,570.3329746,36.02055799,0.199507407,0.005309087,1,N
EC LII III Pyramidal Tripolar,EC LIII Pyramidal,1.41932612,4.848835955,582.9693932,35.3551909,0.20330506,0.005635298,1,N
EC LII III Pyramidal Tripolar,EC LIII Stellate,1.402941715,4.864658189,585.9611309,35.29903242,0.203154179,0.00522258,1,N
EC LII III Pyramidal Tripolar,MEC LIII Bipolar Complex Pyramidal,1.419279238,4.847884579,576.8853625,35.38536699,0.203781549,0.002543454,1,N
EC LII III Pyramidal Tripolar,LEC LIII Multipolar Principal,1.383261638,4.822990878,574.1411465,35.68768227,0.200461077,0.00231761,1,N
EC LII III Pyramidal Tripolar,MEC LIII Multipolar Principal,1.399576623,4.865779792,580.6497478,35.4797435,0.203072941,0.01,1,Y
EC LII III Pyramidal Tripolar,MEC LIII Superficial Trilayered Interneuron,1.385568487,4.780268894,558.8304093,34.22743666,0.192875065,0.006668383,1,N
EC LII III Pyramidal Tripolar,EC LIII V Bipolar Pyramidal,1.35717933,4.888474033,588.806329,35.20130678,0.2043052,0.005382473,1,N
EC LII III Pyramidal Tripolar,EC LV Deep Pyramidal,1.399737643,4.672140646,567.7248226,35.9709591,0.202451641,0.003194552,1,N
EC LII III Pyramidal Tripolar,MEC LV Superficial Pyramidal,1.392830309,4.743060036,577.2197002,35.66427707,0.198564549,0.003417816,1,N
EC LII III Pyramidal Tripolar,MEC LV Pyramidal,1.357304935,4.811379705,579.967076,35.38029317,0.199597499,0.003029566,1,N
EC LIII Pyramidal,CA1 Pyramidal,1.369309873,6.461721231,626.6211383,21.84321492,0.236507156,0.01,1,Y
EC LIII Pyramidal,CA1 Radiatum Giant,1.673786261,4.748375397,345.1757445,41.02553519,0.207673809,0.01,1,Y
EC LIII Pyramidal,CA1 Basket,1.382260541,3.914953021,363.4563494,38.32919213,0.247415928,0.01,1,Y
EC LIII Pyramidal, CA1 Basket CCK+,1.903160825,3.484495113,274.8237744,97.27041139,0.254792697,0.01,1,Y
EC LIII Pyramidal,CA1 LMR,1.499573542,3.985318756,350.9425893,41.75316785,0.203286227,0.01,1,Y
EC LIII Pyramidal,CA1 Perforant Path Associated,1.393194372,4.447047721,358.418712,47.11795939,0.192672518,0.01,1,Y
EC LIII Pyramidal,CA1 Neurogliaform Projecting,1.614088418,4.186532055,376.2358297,51.90514178,0.219177757,0.01,1,Y
EC LIII Pyramidal,CA1 Neurogliaform,1.650136928,4.255231343,345.1417744,50.35427898,0.218766637,0.01,1,Y
EC LIII Pyramidal,CA1 Radial Trilaminar,1.219873007,4.742856202,371.6956256,38.4509712,0.186260601,0.01,1,Y
EC LIII Pyramidal,CA1 Schaffer Collateral Associated,1.546794811,4.147680082,398.5207001,38.55591832,0.180632381,0.01,1,Y
EC LIII Pyramidal,CA1 Oriens/Alveus,1.732587805,4.315050531,363.1423392,39.78735492,0.217660323,0.01,1,Y
EC LIII Pyramidal,CA1 Perforant Path Associated QuadD,1.575532951,4.389913924,342.4281544,44.87182725,0.215066533,0.01,1,Y
EC LIII Pyramidal,MEC LII III Pyramidal Multiform,1.420542506,4.785387144,338.0633408,46.94257266,0.225719405,0.000526946,1,N
EC LIII Pyramidal,EC LII III Pyramidal Tripolar,1.545442576,4.64953797,388.662206,47.12261527,0.204219921,0.000520272,1,N
EC LIII Pyramidal,MEC LIII Complex Pyramidal,1.535858991,4.404444733,351.4969593,44.20129545,0.21584838,0.001732332,1,N
EC LIII Pyramidal,LEC LIII Complex Pyramidal,1.512224433,4.35748566,347.6942912,44.61017663,0.212960262,0.002010055,1,N
EC LIII Pyramidal,EC LIII Pyramidal,1.535293219,4.393230015,352.2772232,44.19426424,0.217018766,0.000581267,1,N
EC LIII Pyramidal,EC LIII Stellate,1.520557833,4.398746912,351.6556577,44.0919587,0.217177526,0.000297716,1,N
EC LIII Pyramidal,MEC LIII Bipolar Complex Pyramidal,1.536138322,4.387028214,348.3913134,44.18998672,0.217428636,0.000551558,1,N
EC LIII Pyramidal,LEC LIII Multipolar Principal,1.499364105,4.370755659,347.9571887,44.22828226,0.214263444,0.003052334,1,N
EC LIII Pyramidal,MEC LIII Multipolar Principal,1.518073611,4.401559148,348.6614048,44.34904227,0.216913045,0.01,1,Y
EC LIII Pyramidal,MEC LIII Superficial Trilayered Interneuron,1.494407249,4.276169747,340.3916093,41.80298317,0.206211558,0.000287812,1,N
EC LIII Pyramidal,EC LIII V Bipolar Pyramidal,1.469912975,4.445434687,365.4161866,43.370551,0.218753114,0.002825402,1,N
EC LIII Pyramidal,EC LIV VI Deep Multipolar Principal,1.503951479,4.194288446,352.9494747,43.56082347,0.216716898,0.003761809,1,N
EC LIII Pyramidal,EC LV Deep Pyramidal,1.509469371,4.182511675,355.8696733,43.00969007,0.216294122,0.002481513,1,N
EC LIII Pyramidal,MEC LV Superficial Pyramidal,1.499836986,4.279225398,348.6373845,44.11579306,0.213032404,0.001349001,1,N
EC LIII Pyramidal,MEC LV Pyramidal,1.467364208,4.367834132,356.4181805,43.19253868,0.214630515,0.001057041,1,N
EC LIII Pyramidal,MEC LV VI Pyramidal Polymorphic,1.511434358,4.169827161,354.0071656,43.20900125,0.215649097,0.001355243,1,N
EC LIII Pyramidal,LEC LVI Multipolar Pyramidal,1.54644915,4.314414912,340.156742,43.09413503,0.213469147,0.001937749,1,N
EC LIII Stellate,MEC LII III Pyramidal Multiform,1.414557091,5.228866214,329.5122555,47.93692225,0.219636813,0.000580436,1,N
EC LIII Stellate,EC LII III Pyramidal Tripolar,1.556010576,5.053444368,383.1350219,48.36132339,0.19716651,0.000581979,1,N
EC LIII Stellate,MEC LIII Complex Pyramidal,1.530181626,4.823237496,344.4826843,45.89426939,0.208456369,0.000901866,1,N
EC LIII Stellate,LEC LIII Complex Pyramidal,1.506475972,4.766448297,340.1822513,46.0802901,0.205508516,0.000569005,1,N
EC LIII Stellate,EC LIII Pyramidal,1.53175582,4.808761012,344.9309558,45.84072322,0.209751525,0.000648583,1,N
EC LIII Stellate,EC LIII Stellate,1.516134332,4.820261575,344.740917,45.8055876,0.20985015,0.000335254,1,N
EC LIII Stellate,MEC LIII Bipolar Complex Pyramidal,1.532306989,4.805990019,340.6882646,45.85039768,0.210120596,0.000602926,1,N
EC LIII Stellate,LEC LIII Multipolar Principal,1.494596166,4.781448557,340.6707013,45.80282376,0.20669113,0.001125878,1,N
EC LIII Stellate,MEC LIII Multipolar Principal,1.513505333,4.824720372,341.742075,45.9892281,0.209567433,0.01,1,Y
EC LIII Stellate,MEC LIII Superficial Trilayered Interneuron,1.49235053,4.679485799,333.5976541,43.32929291,0.198539397,0.000346406,1,N
EC LIII Stellate,EC LIII V Bipolar Pyramidal,1.459603702,4.877916981,358.8155662,44.90718696,0.211429968,0.000424656,1,N
EC LIII Stellate,MEC LV Superficial Pyramidal,1.498292051,4.69246912,341.1457592,45.71560809,0.205558487,0.000293347,1,N
EC LIII V Bipolar Pyramidal,MEC LII III Pyramidal Multiform,1.310181271,5.316290222,320.3870479,46.02435233,0.220543294,0.002290079,1,N
EC LIII V Bipolar Pyramidal,EC LII III Pyramidal Tripolar,1.459343852,5.15197787,377.6944575,47.1763443,0.198090435,0.002388914,1,N
EC LIII V Bipolar Pyramidal,MEC LIII Complex Pyramidal,1.449491371,4.846435614,342.7244295,44.68956191,0.209080418,0.004859932,1,N
EC LIII V Bipolar Pyramidal,LEC LIII Complex Pyramidal,1.423190305,4.792925585,338.2276145,44.80972041,0.206287396,0.005166393,1,N
EC LIII V Bipolar Pyramidal,EC LIII Pyramidal,1.449065454,4.834775016,343.3161805,44.67645275,0.210155408,0.002560345,1,N
EC LIII V Bipolar Pyramidal,EC LIII Stellate,1.434350838,4.844418307,343.0253001,44.6906031,0.210322833,0.001585327,1,N
EC LIII V Bipolar Pyramidal,MEC LIII Bipolar Complex Pyramidal,1.449594132,4.830502477,339.0166999,44.69976004,0.210642384,0.002305396,1,N
EC LIII V Bipolar Pyramidal,LEC LIII Multipolar Principal,1.410392377,4.80955985,337.9243018,44.46053879,0.207330263,0.0101645,1,N
EC LIII V Bipolar Pyramidal,MEC LIII Multipolar Principal,1.43183513,4.85088591,339.695896,44.83350872,0.210109232,0.01,1,Y
EC LIII V Bipolar Pyramidal,MEC LIII Superficial Trilayered Interneuron,1.409584017,4.706673237,331.4662128,42.1666218,0.199141588,0.001891493,1,N
EC LIII V Bipolar Pyramidal,EC LIII V Bipolar Pyramidal,1.374832188,4.872632145,358.2718501,43.88712364,0.212283696,0.009976188,1,N
EC LIII V Bipolar Pyramidal,EC LIV VI Deep Multipolar Principal,1.404642537,4.594327777,344.779729,44.50038962,0.210259602,0.01142773,1,N
EC LIII V Bipolar Pyramidal,EC LV Deep Pyramidal,1.410575316,4.582477474,347.327926,44.02222248,0.209853013,0.008755095,1,N
EC LIII V Bipolar Pyramidal,MEC LV Superficial Pyramidal,1.406209508,4.691234799,340.2677211,44.63552732,0.206556803,0.007562851,1,N
EC LIII V Bipolar Pyramidal,MEC LV Pyramidal,1.365279556,4.795617717,347.4654543,43.64379767,0.20828119,0.004845153,1,N
EC LIII V Bipolar Pyramidal,MEC LV VI Pyramidal Polymorphic,1.410700048,4.569763789,345.9326188,44.1451754,0.209134806,0.006781804,1,N
EC LIII V Bipolar Pyramidal,LEC LVI Multipolar Pyramidal,1.453537517,4.75801289,330.0009767,43.67194951,0.20676543,0.007460438,1,N
EC LIV VI Deep Multipolar Principal,MEC LIII Complex Pyramidal,1.523635326,4.723077088,341.6769166,45.24322542,0.212372505,0.001054386,1,N
EC LIV VI Deep Multipolar Principal,LEC LIII Complex Pyramidal,1.503241215,4.65669724,335.5454628,45.70259613,0.209028583,0.001886331,1,N
EC LIV VI Deep Multipolar Principal,LEC LIII Multipolar Principal,1.48684251,4.676044009,336.3396937,45.32220422,0.210227842,0.002814366,1,N
EC LIV VI Deep Multipolar Principal,MEC LIII Multipolar Principal,1.502618253,4.729197752,339.4388307,45.39977624,0.213510536,0.01,1,Y
EC LIV VI Deep Multipolar Principal,EC LIII V Bipolar Pyramidal,1.443964132,4.744061452,356.7439937,44.45601964,0.215498457,0.003539747,1,N
EC LIV VI Deep Multipolar Principal,EC LIV VI Deep Multipolar Principal,1.479295053,4.450922267,343.241931,45.26349515,0.213834989,0.007088991,1,N
EC LIV VI Deep Multipolar Principal,EC LV Deep Pyramidal,1.483621608,4.441162307,346.0520332,44.72531828,0.21322802,0.004325109,1,N
EC LIV VI Deep Multipolar Principal,MEC LV Superficial Pyramidal,1.481210045,4.548265819,339.267931,45.30047252,0.209731528,0.002096314,1,N
EC LIV VI Deep Multipolar Principal,MEC LV Pyramidal,1.439499999,4.645474688,346.6135379,44.37438076,0.211358648,0.001651292,1,N
EC LIV VI Deep Multipolar Principal,MEC LV VI Pyramidal Polymorphic,1.485655536,4.432417812,344.7282597,44.81661433,0.212564174,0.00303454,1,N
EC LIV VI Deep Multipolar Principal,LEC LVI Multipolar Pyramidal,1.533145912,4.614729544,329.5772521,44.33907038,0.209956671,0.003903489,1,N
EC LV Deep Pyramidal,LEC LIII Multipolar Principal,1.478097243,4.695267821,339.764391,44.97817104,0.209073192,0.000721854,1,N
EC LV Deep Pyramidal,EC LIII V Bipolar Pyramidal,1.43587265,4.767396324,360.5695049,44.08800758,0.214272622,0.001502762,1,N
EC LV Deep Pyramidal,EC LIV VI Deep Multipolar Principal,1.470823279,4.472329696,346.4298584,44.87760573,0.212601951,0.002880045,1,N
EC LV Deep Pyramidal,EC LV Deep Pyramidal,1.47504189,4.460822347,349.6159565,44.41240551,0.212129263,0.003197114,1,N
EC LV Deep Pyramidal,MEC LV Superficial Pyramidal,1.472366658,4.570095309,342.4208506,44.99257196,0.208455536,0.000555244,1,N
EC LV Deep Pyramidal,MEC LV Pyramidal,1.429892729,4.669859572,350.2013307,44.00134724,0.210151127,0.001457008,1,N
EC LV Deep Pyramidal,MEC LV VI Pyramidal Polymorphic,1.477137201,4.449675296,348.0883861,44.51701297,0.211431297,0.001825949,1,N
EC LV Deep Pyramidal,LEC LVI Multipolar Pyramidal,1.523748375,4.633971315,332.8645353,43.97585709,0.208741688,0.002593648,1,N
LEC LIII Complex Pyramidal,EC LI II Pyramidal Fan,1.416913076,4.829209146,323.0282187,50.49777685,0.21785406,0.000502718,1,N
LEC LIII Complex Pyramidal,EC LI II Multipolar Pyramidal,1.561430053,4.797244759,340.3414838,42.30743598,0.213386875,0.001605841,1,N
LEC LIII Complex Pyramidal,EC LII III Pyramidal Tripolar,1.533775536,5.020942307,394.2740916,46.57909568,0.199666342,0.002249661,1,N
LEC LIII Complex Pyramidal,LEC LIII Complex Pyramidal,1.509540615,4.706165768,349.0569333,44.66782882,0.207135991,0.005706921,1,N
LEC LIII Complex Pyramidal,EC LIII Pyramidal,1.525741242,4.755055307,355.608839,44.27511286,0.211112744,0.002211454,1,N
LEC LIII Complex Pyramidal,EC LIII Stellate,1.511862719,4.764596278,355.1152019,44.16814178,0.211279753,0.001704078,1,N
LEC LIII Complex Pyramidal,LEC LIII Multipolar Principal,1.49805987,4.718189269,349.2810875,44.29627997,0.208318065,0.006498178,1,N
LEC LIII Complex Pyramidal,EC LIII V Bipolar Pyramidal,1.455090574,4.823603585,369.6353165,43.4293679,0.212692739,0.005847172,1,N
LEC LIII Complex Pyramidal,EC LIV VI Deep Multipolar Principal,1.50481588,4.536849126,354.7047806,43.92223658,0.211304659,0.003431295,1,N
LEC LIII Complex Pyramidal,EC LV Deep Pyramidal,1.510943934,4.526320498,357.6370959,43.43217981,0.210837427,0.003185279,1,N
LEC LIII Complex Pyramidal,LEC LVI Multipolar Pyramidal,1.545638289,4.663778763,341.3945361,43.20455629,0.207679111,0.000573799,1,N
LEC LIII Multipolar Principal,EC LI II Pyramidal Fan,1.406443679,4.845695603,321.1047781,50.28988525,0.217647904,0.00126092,1,N
LEC LIII Multipolar Principal,EC LI II Multipolar Pyramidal,1.548410915,4.821033694,338.4292337,42.01537112,0.212936021,0.006436932,1,N
LEC LIII Multipolar Principal,EC LII III Pyramidal Tripolar,1.521186677,5.043663753,392.4758122,46.3039778,0.199531587,0.00349232,1,N
LEC LIII Multipolar Principal,LEC LIII Complex Pyramidal,1.496985185,4.726062067,347.0812618,44.41458846,0.206986939,0.007756298,1,N
LEC LIII Multipolar Principal,EC LIII Pyramidal,1.512100727,4.777168927,353.8449175,43.9696318,0.210963353,0.003358799,1,N
LEC LIII Multipolar Principal,EC LIII Stellate,1.4984276,4.789690098,353.2637685,43.90360431,0.211061431,0.002988433,1,N
LEC LIII Multipolar Principal,LEC LIII Multipolar Principal,1.485263116,4.740366808,347.1239146,44.03278714,0.208198306,0.007203757,1,N
LEC LIII Multipolar Principal,EC LIII V Bipolar Pyramidal,1.442810104,4.846446964,367.559954,43.18493663,0.212544219,0.006872824,1,N
LEC LIII Multipolar Principal,EC LIV VI Deep Multipolar Principal,1.492415043,4.554233702,352.8127125,43.63884896,0.211140767,0.003303757,1,N
LEC LIII Multipolar Principal,EC LV Deep Pyramidal,1.498679696,4.545653869,355.3657774,43.2289985,0.210704514,0.003804174,1,N
LEC LIII Multipolar Principal,LEC LVI Multipolar Pyramidal,1.533036355,4.685080934,339.323835,42.9408984,0.207545221,0.000550142,1,N
LEC LVI Multipolar Pyramidal,EC LII III Pyramidal Tripolar,1.584390994,5.019337464,378.9078378,47.97282118,0.199679873,0.000631917,1,N
LEC LVI Multipolar Pyramidal,LEC LIII Complex Pyramidal,1.572293622,4.655641601,330.0780689,45.87133617,0.208325484,0.002837198,1,N
LEC LVI Multipolar Pyramidal,EC LIII Pyramidal,1.587480914,4.714168606,337.9029646,45.48416044,0.212767698,0.000702037,1,N
LEC LVI Multipolar Pyramidal,EC LIII Stellate,1.572645219,4.724379612,337.4682286,45.4240069,0.213026424,0.000368164,1,N
LEC LVI Multipolar Pyramidal,LEC LIII Multipolar Principal,1.559904309,4.668377968,330.3086998,45.52209001,0.209633919,0.005098484,1,N
LEC LVI Multipolar Pyramidal,EC LIII V Bipolar Pyramidal,1.5111274,4.777181989,351.839929,44.65823281,0.214348366,0.003840643,1,N
LEC LVI Multipolar Pyramidal,EC LIV VI Deep Multipolar Principal,1.562771266,4.481791774,336.0152101,45.22646197,0.212707017,0.005491574,1,N
LEC LVI Multipolar Pyramidal,EC LV Deep Pyramidal,1.569426035,4.467420055,338.8619293,44.75610614,0.212349545,0.004033416,1,N
LEC LVI Multipolar Pyramidal,LEC LVI Multipolar Pyramidal,1.610356132,4.609842778,323.0256935,44.38061019,0.209277851,0.004147115,1,N
MEC LII III Pyramidal Multiform,EC LI II Pyramidal Fan,1.154825548,5.797707986,325.7800946,65.75393296,0.205322069,0.000620001,1,N
MEC LII III Pyramidal Multiform,EC LI II Multipolar Pyramidal,1.254216506,5.763584725,363.7113347,50.24529655,0.195400777,0.002216825,1,N
MEC LII III Pyramidal Multiform,MEC LII Stellate,0.919231071,6.748385931,435.4600067,54.97045857,0.163657997,0.004375301,1,N
MEC LII III Pyramidal Multiform,MEC LII Oblique Pyramidal,1.094497989,5.826592423,354.9423692,58.53885651,0.191304186,0.00254558,1,N
MEC LII III Pyramidal Multiform,MEC LII III Pyramidal Multiform,1.173946517,6.138496906,339.0434575,59.81286275,0.210683763,0.00645663,1,N
MEC LII III Pyramidal Multiform,EC LII III Pyramidal Tripolar,1.148434467,6.283682697,511.7408301,54.09923668,0.162222561,0.002073157,1,N
MEC LII III Pyramidal Multiform,MEC LIII Complex Pyramidal,1.226425137,5.788051868,383.0843215,51.96264807,0.191359744,0.016430099,1,N
MEC LII III Pyramidal Multiform,EC LIII Pyramidal,1.227542129,5.774112651,383.2807402,51.88772375,0.192451879,0.001987872,1,N
MEC LII III Pyramidal Multiform,EC LIII Stellate,1.216865624,5.783581192,382.7369632,52.03279507,0.192706764,0.00167381,1,N
MEC LII III Pyramidal Multiform,MEC LIII Bipolar Complex Pyramidal,1.227737994,5.765478015,378.8834197,51.89531164,0.192812003,0.006198999,1,N
MEC LII III Pyramidal Multiform,MEC LIII Multipolar Principal,1.21328368,5.790362684,379.3403133,52.22956578,0.19231804,0.01,1,Y
MEC LII III Pyramidal Multiform,MEC LIII Superficial Trilayered Interneuron,1.208344641,5.597007056,366.2731382,49.29961257,0.183272385,0.005650646,1,N
MEC LII III Pyramidal Multiform,EC LIII V Bipolar Pyramidal,1.177007014,5.848248525,398.5942619,50.81154527,0.193841381,0.008262162,1,N
MEC LII III Pyramidal Multiform,EC LIV VI Deep Multipolar Principal,1.196417613,5.553022765,380.2791175,52.13366684,0.192231133,0.007964076,1,N
MEC LII III Pyramidal Multiform,EC LV Deep Pyramidal,1.200597298,5.541847908,383.9633958,51.50636978,0.191800163,0.007323719,1,N
MEC LII III Pyramidal Multiform,MEC LV Superficial Pyramidal,1.191213587,5.662124759,379.9353196,52.46917694,0.187983791,0.031858614,1,N
MEC LII III Pyramidal Multiform,MEC LV Pyramidal,1.162199017,5.786164225,389.9313429,51.18143353,0.18939881,0.032057754,1,N
MEC LII III Pyramidal Multiform,MEC LV VI Pyramidal Polymorphic,1.207143343,5.517723903,381.6088226,51.56344276,0.191577708,0.025851306,1,N
MEC LII Oblique Pyramidal,MEC LII III Pyramidal Multiform,1.262563927,5.867107815,317.8822106,36.23117817,0.238240643,0.002652902,1,N
MEC LII Oblique Pyramidal,EC LII III Pyramidal Tripolar,1.318898694,5.690105958,289.2804855,43.65712512,0.260607055,0.000898433,1,N
MEC LII Oblique Pyramidal,MEC LIII Complex Pyramidal,1.422789545,5.202274948,308.6476085,41.44869576,0.234146311,0.021064666,1,N
MEC LII Oblique Pyramidal,EC LIII Pyramidal,1.422604828,5.190920077,309.0067077,41.43592619,0.235330275,0.001010875,1,N
MEC LII Oblique Pyramidal,EC LIII Stellate,1.40655147,5.210366785,309.1484869,41.15247228,0.23567098,0.000484923,1,N
MEC LII Oblique Pyramidal,MEC LIII Bipolar Complex Pyramidal,1.423945934,5.186710488,305.0174926,41.40393812,0.235895542,0.0026697,1,N
MEC LII Oblique Pyramidal,MEC LIII Multipolar Principal,1.401853787,5.215475126,306.0909353,41.41441631,0.235593454,0.01,1,Y
MEC LII Oblique Pyramidal,MEC LIII Superficial Trilayered Interneuron,1.396348247,5.012155065,295.4778313,39.26504362,0.223059886,0.001971908,1,N
MEC LII Oblique Pyramidal,EC LIII V Bipolar Pyramidal,1.344973193,5.291529955,320.7295759,40.61994468,0.238147602,0.002586754,1,N
MEC LII Oblique Pyramidal,EC LIV VI Deep Multipolar Principal,1.393290041,4.944492579,309.155725,41.14961271,0.235114512,0.001909657,1,N
MEC LII Oblique Pyramidal,MEC LV Superficial Pyramidal,1.391515585,5.045975834,303.338418,41.22985933,0.230902553,0.014404365,1,N
MEC LII Stellate,DG Granule,1.824629341,5.333183152,266.2388325,18.71381627,0.269729804,0.01,1,Y
MEC LII Stellate,DG Semilunar Granule,1.30275795,4.778434126,323.5826185,50.34727213,0.203449802,0.01,1,Y
MEC LII Stellate,DG Axo Axonic,1.463541884,4.490819231,285.5781328,54.18080298,0.182637823,0.01,1,Y
MEC LII Stellate,DG Basket,1.405758038,3.84947857,144.4151725,48.20006034,0.213713686,0.01,1,Y
MEC LII Stellate,DG Total Molecular Layer,1.39118254,4.570262483,313.7993626,52.14823532,0.18701707,0.01,1,Y
MEC LII Stellate,DG MOLAX,1.358190356,4.578641556,330.0387417,47.86109909,0.189928442,0.01,1,Y
MEC LII Stellate,DG Neurogliaform,1.38488898,4.513081779,338.8014189,49.2929988,0.202810012,0.01,1,Y
MEC LII Stellate,DG MOPP,1.486401007,4.475062297,330.5244247,45.52217241,0.216435703,0.01,1,Y
MEC LII Stellate,DG HICAP,1.097843309,4.584768144,395.5262135,73.53287258,0.158271862,0.01,1,Y
MEC LII Stellate,DG AIPRIM,1.521518115,4.464543374,358.4402551,47.98452957,0.222077542,0.01,1,Y
MEC LII Stellate,CA3 Pyramidal,1.065020816,6.549624289,258.3175848,53.4779854,0.184049794,0.01,1,Y
MEC LII Stellate,CA3 Granule,1.429706175,4.92655623,462.5401232,94.84551511,0.186264818,0.01,1,Y
MEC LII Stellate,CA3 Axo Axonic,1.370295781,4.079683594,401.1602956,42.99023833,0.194570293,0.01,1,Y
MEC LII Stellate,CA3 Basket,1.556070386,3.602130695,457.467604,35.90374421,0.209590373,0.01,1,Y
MEC LII Stellate,CA3 LMR Targeting,1.451105246,4.729834599,352.1870918,51.74790192,0.200031255,0.01,1,Y
MEC LII Stellate,CA2 Basket,2.283893929,3.706704712,211.5923101,92.54907797,0.293024155,0.01,1,Y
MEC LII Stellate,CA2 Wide Arbor Basket,1.251986324,4.439297857,931.7522108,33.15505302,0.058580843,0.01,1,Y
MEC LII Stellate,CA1 Neurogliaform Projecting,1.481830758,4.679580136,370.7540969,52.91317237,0.217660596,0.01,1,Y
MEC LII Stellate,EC LI II Pyramidal Fan,1.204294722,4.749272996,313.1719849,54.60823083,0.221794751,0.004846299,1,N
MEC LII Stellate,EC LI II Multipolar Pyramidal,1.333953917,4.775760444,328.7076871,45.68377265,0.211998784,0.013902296,1,N
MEC LII Stellate,MEC LII Oblique Pyramidal,1.141448367,4.952526658,300.9761957,51.72085789,0.225422079,0.016675933,1,N
MEC LII Stellate,MEC LII III Pyramidal Multiform,1.226014668,5.143307274,337.7370732,46.0612719,0.222104296,0.025318882,1,N
MEC LII Stellate,EC LII III Pyramidal Tripolar,1.294722827,5.044311178,322.4060422,51.96124877,0.227325449,0.00858741,1,N
MEC LII Stellate,MEC LIII Complex Pyramidal,1.341503351,4.784514483,339.6140413,49.6898341,0.206342854,0.021892528,1,N
MEC LII Stellate,EC LIII Pyramidal,1.34114218,4.773158389,340.318012,49.63809014,0.207485336,0.008418141,1,N
MEC LII Stellate,EC LIII Stellate,1.327880337,4.784766983,340.1517098,49.6634831,0.208136279,0.007071165,1,N
MEC LII Stellate,MEC LIII Bipolar Complex Pyramidal,1.343112622,4.766167572,335.6065191,49.71674901,0.208164397,0.015483763,1,N
MEC LII Stellate,MEC LIII Multipolar Principal,1.325783451,4.783198493,336.6325992,49.7504097,0.208195723,0.01,1,Y
MEC LII Stellate,MEC LIII Superficial Trilayered Interneuron,1.32037519,4.661033227,329.1453729,47.69823979,0.194335894,0.02819515,1,N
MEC LII Stellate,EC LIII V Bipolar Pyramidal,1.243096603,4.936360401,359.2724312,47.66279236,0.209602972,0.013245054,1,N
MEC LII Stellate,EC LIV VI Deep Multipolar Principal,1.329236166,4.55367163,343.32043,48.7572776,0.210265599,0.00863176,1,N
MEC LII Stellate,EC LV Deep Pyramidal,1.334647988,4.547675437,346.5855174,48.29147369,0.209582084,0.014078541,1,N
MEC LII Stellate,MEC LV Superficial Pyramidal,1.308117234,4.658357629,335.1568862,49.36660484,0.203430126,0.032813914,1,N
MEC LII Stellate,MEC LV Pyramidal,1.237436074,4.842648351,349.8949492,47.24392306,0.205730435,0.04421308,1,N
MEC LII Stellate,MEC LV VI Pyramidal Polymorphic,1.336808925,4.543838889,345.4782852,48.54317379,0.20862088,0.032976402,1,N
MEC LIII Bipolar Complex Pyramidal,EC LI II Pyramidal Fan,1.387346985,4.961557941,324.3924168,49.76331387,0.2154131,0.001206037,1,N
MEC LIII Bipolar Complex Pyramidal,EC LI II Multipolar Pyramidal,1.516464367,4.945239209,341.571525,41.65255739,0.211526698,0.006300925,1,N
MEC LIII Bipolar Complex Pyramidal,MEC LII Stellate,1.341230035,5.126660274,360.1846667,42.63667728,0.204276762,0.009570188,1,N
MEC LIII Bipolar Complex Pyramidal,MEC LII Oblique Pyramidal,1.398084534,4.989246403,317.8116673,45.9511215,0.218936957,0.004613297,1,N
MEC LIII Bipolar Complex Pyramidal,MEC LII III Pyramidal Multiform,1.391044918,5.330096107,338.5151175,45.48044976,0.219630625,0.008802036,1,N
MEC LIII Bipolar Complex Pyramidal,EC LII III Pyramidal Tripolar,1.511763377,5.131776514,393.8189626,45.82480733,0.198099971,0.002762991,1,N
MEC LIII Bipolar Complex Pyramidal,MEC LIII Complex Pyramidal,1.505924206,4.874438935,356.5443177,43.32865265,0.209297309,0.018636478,1,N
MEC LIII Bipolar Complex Pyramidal,EC LIII Pyramidal,1.505364053,4.866121639,357.0652891,43.26393528,0.210458129,0.002597701,1,N
MEC LIII Bipolar Complex Pyramidal,EC LIII Stellate,1.488817394,4.87522589,356.9668584,43.19403944,0.210448463,0.001611532,1,N
MEC LIII Bipolar Complex Pyramidal,MEC LIII Bipolar Complex Pyramidal,1.506496627,4.859467142,352.5753148,43.23354047,0.210986335,0.006062238,1,N
MEC LIII Bipolar Complex Pyramidal,MEC LIII Multipolar Principal,1.486735707,4.879571742,353.7271192,43.34596207,0.21024074,0.01,1,Y
MEC LIII Bipolar Complex Pyramidal,MEC LIII Superficial Trilayered Interneuron,1.4631437,4.755581418,343.3722139,41.21932903,0.199205288,0.009802204,1,N
MEC LIII Bipolar Complex Pyramidal,EC LIII V Bipolar Pyramidal,1.438307035,4.935144748,370.3852686,42.383756,0.212104866,0.002387939,1,N
MEC LIII Bipolar Complex Pyramidal,EC LIV VI Deep Multipolar Principal,1.474206415,4.656037674,357.0448486,42.90438786,0.210395511,0.002025364,1,N
MEC LIII Bipolar Complex Pyramidal,EC LV Deep Pyramidal,1.479487329,4.648252775,360.0024213,42.56403548,0.209912758,0.001068999,1,N
MEC LIII Bipolar Complex Pyramidal,MEC LV Superficial Pyramidal,1.472361181,4.742062014,352.6437186,43.25617606,0.206350678,0.021130467,1,N
MEC LIII Bipolar Complex Pyramidal,MEC LV Pyramidal,1.43304476,4.847700943,360.4186158,42.23480079,0.207997449,0.002838084,1,N
MEC LIII Complex Pyramidal,EC LI II Pyramidal Fan,1.395380779,4.920026887,319.8566537,50.74731102,0.214723501,0.001319666,1,N
MEC LIII Complex Pyramidal,EC LI II Multipolar Pyramidal,1.52191934,4.909437026,337.1088469,42.49263604,0.211041117,0.008304117,1,N
MEC LIII Complex Pyramidal,MEC LII Stellate,1.349762347,5.082742733,354.9393159,43.46183163,0.203776275,0.011240171,1,N
MEC LIII Complex Pyramidal,MEC LII Oblique Pyramidal,1.404922562,4.951055972,313.6045815,46.81594941,0.218297964,0.005364891,1,N
MEC LIII Complex Pyramidal,MEC LII III Pyramidal Multiform,1.39719371,5.288213857,334.273468,46.34631001,0.219034473,0.007416417,1,N
MEC LIII Complex Pyramidal,EC LII III Pyramidal Tripolar,1.518653014,5.090505918,388.2199353,46.70280103,0.197490674,0.002207251,1,N
MEC LIII Complex Pyramidal,MEC LIII Complex Pyramidal,1.513345186,4.836878275,351.6135622,44.21694313,0.208688879,0.013151526,1,N
MEC LIII Complex Pyramidal,EC LIII Pyramidal,1.512132144,4.82696077,351.9163789,44.16059372,0.209889515,0.001964693,1,N
MEC LIII Complex Pyramidal,EC LIII Stellate,1.497712505,4.835003309,351.6608089,44.06460209,0.209919485,0.001994608,1,N
MEC LIII Complex Pyramidal,MEC LIII Bipolar Complex Pyramidal,1.514307822,4.820743107,347.4885419,44.13122284,0.210293312,0.004755106,1,N
MEC LIII Complex Pyramidal,MEC LIII Multipolar Principal,1.49530472,4.839746441,348.4809099,44.32587762,0.209606026,0.01,1,Y
MEC LIII Complex Pyramidal,MEC LIII Superficial Trilayered Interneuron,1.470146567,4.718053571,338.7021572,42.04348093,0.198680542,0.008605651,1,N
MEC LIII Complex Pyramidal,EC LIII V Bipolar Pyramidal,1.445305885,4.896129757,365.3193498,43.26353774,0.211506038,0.002896115,1,N
MEC LIII Complex Pyramidal,EC LIV VI Deep Multipolar Principal,1.482352139,4.619262728,352.1064091,43.75614613,0.209805348,0.000850443,1,N
MEC LIII Complex Pyramidal,EC LV Deep Pyramidal,1.487835519,4.610817806,355.2278421,43.3253746,0.209251649,0.001197619,1,N
MEC LIII Complex Pyramidal,MEC LV Superficial Pyramidal,1.479108414,4.70472141,347.8595844,44.08654433,0.20570067,0.006159915,1,N
MEC LIII Complex Pyramidal,MEC LV Pyramidal,1.44006517,4.809372715,355.2465467,43.12870601,0.20746357,0.003120003,1,N
MEC LIII Multipolar Principal,MEC LII III Pyramidal Multiform,1.40876619,5.234253036,331.6873126,47.95947183,0.220282364,0.01,1,Y
MEC LIII Multipolar Principal,EC LII III Pyramidal Tripolar,1.532026809,5.063797051,384.892109,48.37608518,0.197362316,0.01,1,Y
MEC LIII Multipolar Principal,MEC LIII Complex Pyramidal,1.525023535,4.829361775,347.0092778,45.8306761,0.209128944,0.01,1,Y
MEC LIII Multipolar Principal,EC LIII Pyramidal,1.524246537,4.820225713,347.4900612,45.7815573,0.21024515,0.01,1,Y
MEC LIII Multipolar Principal,EC LIII Stellate,1.509337269,4.8275657,347.1093497,45.78231628,0.210437855,0.01,1,Y
MEC LIII Multipolar Principal,MEC LIII Bipolar Complex Pyramidal,1.525493242,4.812174522,343.1785147,45.76400782,0.21075928,0.01,1,Y
MEC LIII Multipolar Principal,MEC LIII Multipolar Principal,1.5066007,4.832721067,343.8527785,45.99842685,0.210173669,0.01,1,Y
MEC LIII Multipolar Principal,MEC LIII Superficial Trilayered Interneuron,1.48287652,4.689745842,335.8639886,43.35236974,0.198975509,0.01,1,Y
MEC LIII Multipolar Principal,EC LIII V Bipolar Pyramidal,1.452798176,4.886328825,361.2189717,44.85180565,0.211950846,0.01,1,Y
MEC LIII Multipolar Principal,EC LIV VI Deep Multipolar Principal,1.490817007,4.60863507,347.3099389,45.60078044,0.21027083,0.01,1,Y
MEC LIII Multipolar Principal,EC LV Deep Pyramidal,1.49677257,4.596807862,350.5951831,45.04436116,0.209848345,0.01,1,Y
MEC LIII Multipolar Principal,MEC LV Superficial Pyramidal,1.488733634,4.699694624,343.4444727,45.78716688,0.205984274,0.01,1,Y
MEC LIII Multipolar Principal,MEC LV Pyramidal,1.447955922,4.802956923,351.049286,44.69184803,0.207767338,0.01,1,Y
MEC LIII Multipolar Principal,MEC LV VI Pyramidal Polymorphic,1.499934198,4.588630579,348.9339338,45.20190142,0.209088454,0.01,1,Y
MEC LIII Superficial Trilayered Interneuron,EC LI II Pyramidal Fan,1.455456134,6.575876702,558.5547616,26.98863435,0.217077715,0.002670711,1,N
MEC LIII Superficial Trilayered Interneuron,EC LI II Multipolar Pyramidal,1.594920576,6.592763077,570.1311778,24.97990894,0.216198075,0.012567201,1,N
MEC LIII Superficial Trilayered Interneuron,MEC LII Stellate,1.384890144,7.016490959,590.3522987,23.87157821,0.216446943,0.017262227,1,N
MEC LIII Superficial Trilayered Interneuron,MEC LII Oblique Pyramidal,1.512702552,6.656613257,563.8493627,24.4982634,0.225179373,0.010151194,1,N
MEC LIII Superficial Trilayered Interneuron,MEC LII III Pyramidal Multiform,1.475909697,7.045893373,560.7193819,28.1518366,0.222037939,0.010247145,1,N
MEC LIII Superficial Trilayered Interneuron,EC LII III Pyramidal Tripolar,1.593175926,6.642080414,585.5132623,28.21129185,0.213116728,0.003020239,1,N
MEC LIII Superficial Trilayered Interneuron,MEC LIII Complex Pyramidal,1.575370378,6.533604811,584.9269492,23.27732963,0.217310878,0.008353884,1,N
MEC LIII Superficial Trilayered Interneuron,EC LIII Pyramidal,1.573839155,6.524496066,585.5227472,23.2817027,0.218478093,0.002723644,1,N
MEC LIII Superficial Trilayered Interneuron,EC LIII Stellate,1.553745725,6.5443942,585.8618279,23.27434514,0.21859327,0.002896155,1,N
MEC LIII Superficial Trilayered Interneuron,MEC LIII Bipolar Complex Pyramidal,1.574845297,6.518817791,582.569539,23.17125859,0.218675499,0.003994869,1,N
MEC LIII Superficial Trilayered Interneuron,MEC LIII Multipolar Principal,1.548096058,6.555511326,583.9478141,23.45479269,0.218327487,0.01,1,Y
MEC LIII Superficial Trilayered Interneuron,MEC LIII Superficial Trilayered Interneuron,1.490402734,6.392549329,578.1188903,22.37930666,0.203369698,0.011458576,1,N
MEC LIII Superficial Trilayered Interneuron,EC LIII V Bipolar Pyramidal,1.516410015,6.585659087,590.4838912,23.38467627,0.220761385,0.002988385,1,N
MEC LIII Superficial Trilayered Interneuron,EC LV Deep Pyramidal,1.538348166,6.289936353,583.3952527,23.61631395,0.2156522,0.002618132,1,N
MEC LIII Superficial Trilayered Interneuron,MEC LV Superficial Pyramidal,1.524380271,6.381549394,581.3746788,23.44336838,0.214006439,0.005588511,1,N
MEC LIII Superficial Trilayered Interneuron,MEC LV Pyramidal,1.489201039,6.491941153,584.4765799,23.35412521,0.215707164,0.007111247,1,N
MEC LV Pyramidal,DG Granule,2.033468264,5.762424566,328.7596053,12.70279638,0.277991967,0.01,1,Y
MEC LV Pyramidal,DG Semilunar Granule,1.508016781,4.979182481,358.86019,40.42639576,0.224881176,0.01,1,Y
MEC LV Pyramidal,DG Axo Axonic,1.631064215,4.713390785,324.0822301,46.70592333,0.19656207,0.01,1,Y
MEC LV Pyramidal,DG Basket,1.62732701,3.941402905,159.1531647,37.15429587,0.235386721,0.01,1,Y
MEC LV Pyramidal,DG Total Molecular Layer,1.592023236,4.767584771,348.9738645,41.36839737,0.208419137,0.01,1,Y
MEC LV Pyramidal,DG MOLAX,1.512994884,4.810367636,367.8846505,38.73927157,0.208696576,0.01,1,Y
MEC LV Pyramidal,DG Neurogliaform,1.586923356,4.680052919,375.7022672,39.72265244,0.223532835,0.01,1,Y
MEC LV Pyramidal,DG MOPP,1.735829384,4.626690025,360.8626258,34.66323696,0.239978658,0.01,1,Y
MEC LV Pyramidal,DG HICAP,1.211947276,4.776470826,421.1073695,71.7864236,0.175668644,0.01,1,Y
MEC LV Pyramidal,DG HIPROM,1.793664688,4.843507838,373.9577269,29.64996188,0.245351385,0.01,1,Y
MEC LV Pyramidal,DG AIPRIM,1.723235396,4.610975206,381.445958,41.2469732,0.23924333,0.01,1,Y
MEC LV Pyramidal,CA1 Neurogliaform Projecting,1.671703778,4.896372624,411.8734397,42.79176225,0.232769237,0.01,1,Y
MEC LV Pyramidal,EC LI II Pyramidal Fan,1.402466017,5.100652001,341.198415,45.82086006,0.231495676,0.000849184,1,N
MEC LV Pyramidal,EC LI II Multipolar Pyramidal,1.539985868,5.072279166,355.0157385,38.17795476,0.22723843,0.005855683,1,N
MEC LV Pyramidal,MEC LII Stellate,1.368977092,5.241780686,382.8052255,39.67821497,0.219927288,0.00827212,1,N
MEC LV Pyramidal,MEC LII Oblique Pyramidal,1.431645232,5.096476148,336.5622803,41.92348243,0.234391288,0.003565029,1,N
MEC LV Pyramidal,MEC LII III Pyramidal Multiform,1.391254525,5.487425204,345.1585519,41.29491739,0.235124655,0.005486949,1,N
MEC LV Pyramidal,EC LII III Pyramidal Tripolar,1.51314588,5.339197152,416.343193,42.64430581,0.214162259,0.001627314,1,N
MEC LV Pyramidal,MEC LIII Complex Pyramidal,1.543138614,4.977523007,378.674487,39.38842072,0.226823045,0.012655973,1,N
MEC LV Pyramidal,EC LIII Pyramidal,1.542936039,4.967379725,379.3955574,39.35698031,0.228009265,0.001426561,1,N
MEC LV Pyramidal,EC LIII Stellate,1.526091753,4.979860252,379.4258994,39.38794255,0.228276703,0.00134917,1,N
MEC LV Pyramidal,MEC LIII Bipolar Complex Pyramidal,1.542553116,4.963908134,375.0913587,39.40843344,0.228491303,0.003422592,1,N
MEC LV Pyramidal,MEC LIII Multipolar Principal,1.523037074,4.983796433,375.9603219,39.42739065,0.228164317,0.01,1,Y
MEC LV Pyramidal,MEC LIII Superficial Trilayered Interneuron,1.515611779,4.846146296,360.7039575,37.52846885,0.216781441,0.006435332,1,N
MEC LV Pyramidal,EC LIII V Bipolar Pyramidal,1.46929676,4.988494749,391.9031905,39.09699354,0.229095851,0.004983709,1,N
MEC LV Pyramidal,EC LIV VI Deep Multipolar Principal,1.492277545,4.714332354,378.0783913,39.76629675,0.227460047,0.005150045,1,N
MEC LV Pyramidal,EC LV Deep Pyramidal,1.496944653,4.70543786,381.0985332,39.27963177,0.227006126,0.005240217,1,N
MEC LV Pyramidal,MEC LV Superficial Pyramidal,1.4939729,4.802933647,374.2251651,39.57315723,0.223653599,0.017131844,1,N
MEC LV Pyramidal,MEC LV Pyramidal,1.458411548,4.886560754,380.1867493,38.98055252,0.225029107,0.021657871,1,N
MEC LV Pyramidal,MEC LV VI Pyramidal Polymorphic,1.496798019,4.692727647,379.5504637,39.66216455,0.226215801,0.014787967,1,N
MEC LV Superficial Pyramidal,EC LI II Pyramidal Fan,1.336903614,4.959637293,313.3822304,48.84166435,0.215547256,0.000278385,1,N
MEC LV Superficial Pyramidal,EC LI II Multipolar Pyramidal,1.462448521,4.932348387,328.4974992,40.58311283,0.212142535,0.00113982,1,N
MEC LV Superficial Pyramidal,MEC LII Stellate,1.289633479,5.117732948,348.8058105,42.20412427,0.204343633,0.002366414,1,N
MEC LV Superficial Pyramidal,MEC LII Oblique Pyramidal,1.347732019,4.967713585,307.5750067,44.99432714,0.2185324,0.001236142,1,N
MEC LV Superficial Pyramidal,MEC LII III Pyramidal Multiform,1.32363181,5.348604391,321.1307302,44.11427271,0.220614704,0.00332239,1,N
MEC LV Superficial Pyramidal,EC LII III Pyramidal Tripolar,1.464456441,5.159733411,384.6645535,44.90168996,0.198199121,0.001077522,1,N
MEC LV Superficial Pyramidal,MEC LIII Complex Pyramidal,1.471268156,4.824173524,348.2064057,42.48679039,0.209990098,0.008284166,1,N
MEC LV Superficial Pyramidal,EC LIII Pyramidal,1.470118633,4.814488315,348.8071483,42.46211821,0.21103785,0.001019389,1,N
MEC LV Superficial Pyramidal,EC LIII Stellate,1.454639833,4.823509876,348.8027842,42.31856076,0.211200902,0.000740573,1,N
MEC LV Superficial Pyramidal,MEC LIII Bipolar Complex Pyramidal,1.472360407,4.806911201,344.3819175,42.44207655,0.211526587,0.003164035,1,N
MEC LV Superficial Pyramidal,MEC LIII Multipolar Principal,1.452159997,4.8295491,345.5070702,42.4869251,0.210916783,0.01,1,Y
MEC LV Superficial Pyramidal,MEC LIII Superficial Trilayered Interneuron,1.437707261,4.682681883,332.7699923,40.37815381,0.199815405,0.0026627,1,N
MEC LV Superficial Pyramidal,EC LIII V Bipolar Pyramidal,1.397583814,4.851753174,363.2813963,41.6884519,0.213012168,0.003060736,1,N
MEC LV Superficial Pyramidal,EC LIV VI Deep Multipolar Principal,1.425797722,4.558520756,349.4302594,42.27938209,0.211014849,0.002059143,1,N
MEC LV Superficial Pyramidal,EC LV Deep Pyramidal,1.43114898,4.549132875,352.0614244,41.83129845,0.210553776,0.002019645,1,N
MEC LV Superficial Pyramidal,MEC LV Superficial Pyramidal,1.425447603,4.654048882,344.9346783,42.49370044,0.207311837,0.007476061,1,N
MEC LV Superficial Pyramidal,MEC LV Pyramidal,1.386957048,4.756264055,352.0998651,41.54954199,0.209067985,0.010786107,1,N
MEC LV Superficial Pyramidal,MEC LV VI Pyramidal Polymorphic,1.431244101,4.534021901,350.5680875,42.0532812,0.210014503,0.002633035,1,N
MEC LV VI Pyramidal Polymorphic,EC LIV VI Deep Multipolar Principal,1.42469036,4.518975176,353.9535428,46.28644143,0.210252643,0.001943475,1,N
MEC LV VI Pyramidal Polymorphic,EC LV Deep Pyramidal,1.430349941,4.508679778,356.9827224,45.76321283,0.209831029,0.001593161,1,N
MEC LV VI Pyramidal Polymorphic,MEC LV VI Pyramidal Polymorphic,1.431108541,4.493416938,355.5377768,45.89121484,0.20913788,0.009773719,1,N
