method,seed,step,edge_type,sender,receiver,weight
greedy_tree_path,CA1 Pyramidal,1,self_connection,CA1 Pyramidal,CA1 Pyramidal,2793.7555172355333
greedy_tree_path,CA1 Pyramidal,2,self_connection,MEC LV VI Pyramidal Polymorphic,MEC LV VI Pyramidal Polymorphic,1336.06008642144
greedy_tree_path,CA1 Pyramidal,3,self_connection,EC LIV VI Deep Multipolar Principal,EC LIV VI Deep Multipolar Principal,1969.34413375272
greedy_tree_path,CA1 Pyramidal,4,self_connection,LEC LVI Multipolar Pyramidal,LEC LVI Multipolar Pyramidal,212.6675576452901
greedy_tree_path,CA1 Pyramidal,5,self_connection,LEC LIII Multipolar Principal,LEC LIII Multipolar Principal,496.4095848183002
greedy_tree_path,CA1 Pyramidal,6,self_connection,LEC LIII Complex Pyramidal,LEC LIII Complex Pyramidal,744.1845437655309
greedy_tree_path,CA1 Pyramidal,7,self_connection,EC LIII Pyramidal Stellate,EC LIII Pyramidal Stellate,360.1830629372671
greedy_tree_path,CA1 Pyramidal,8,self_connection,MEC LIII Complex Pyramidal,MEC LIII Complex Pyramidal,1453.7180710081302
greedy_tree_path,CA1 Pyramidal,11,self_connection,CA3c Pyramidal,CA3c Pyramidal,639.8640695461409
greedy_tree_path,CA1 Pyramidal,12,self_connection,CA2 Pyramidal,CA2 Pyramidal,2163.138288508038
greedy_tree_path,CA1 Pyramidal,13,self_connection,DG Mossy,DG Mossy,1751.260654032912
greedy_tree_path,CA1 Pyramidal,14,self_connection,DG Hilar Ectopic Granule,DG Hilar Ectopic Granule,0.9213810801264162
greedy_tree_path,CA1 Pyramidal,15,self_connection,CA3 Pyramidal,CA3 Pyramidal,3278.450765697168
greedy_tree_path,CA1 Pyramidal,1,transition,CA1 Pyramidal,MEC LV VI Pyramidal Polymorphic,13564.64480225756
greedy_tree_path,CA1 Pyramidal,2,transition,MEC LV VI Pyramidal Polymorphic,EC LIV VI Deep Multipolar Principal,86.77596588341953
greedy_tree_path,CA1 Pyramidal,3,transition,EC LIV VI Deep Multipolar Principal,LEC LVI Multipolar Pyramidal,2246.3636143897743
greedy_tree_path,CA1 Pyramidal,4,transition,LEC LVI Multipolar Pyramidal,LEC LIII Multipolar Principal,304.0317537911717
greedy_tree_path,CA1 Pyramidal,5,transition,LEC LIII Multipolar Principal,LEC LIII Complex Pyramidal,556.0635991085179
greedy_tree_path,CA1 Pyramidal,6,transition,LEC LIII Complex Pyramidal,EC LIII Pyramidal Stellate,538.1000722266449
greedy_tree_path,CA1 Pyramidal,7,transition,EC LIII Pyramidal Stellate,MEC LIII Complex Pyramidal,647.4324185181202
greedy_tree_path,CA1 Pyramidal,8,transition,MEC LIII Complex Pyramidal,MEC LII Stellate,1193.0847203135872
greedy_tree_path,CA1 Pyramidal,9,transition,MEC LII Stellate,CA3 Granule,19640.6765649223
greedy_tree_path,CA1 Pyramidal,10,transition,CA3 Granule,CA3c Pyramidal,2.280811281935155
greedy_tree_path,CA1 Pyramidal,11,transition,CA3c Pyramidal,CA2 Pyramidal,24424.53581944845
greedy_tree_path,CA1 Pyramidal,12,transition,CA2 Pyramidal,DG Mossy,4836.413875657298
greedy_tree_path,CA1 Pyramidal,13,transition,DG Mossy,DG Hilar Ectopic Granule,2119.754290320353
greedy_tree_path,CA1 Pyramidal,14,transition,DG Hilar Ectopic Granule,CA3 Pyramidal,0.0133035385226386
greedy_tree_path,CA1 Pyramidal,15,transition,CA3 Pyramidal,CA1 Radiatum Giant,303.66294985857763
greedy_tree_path,CA1 Radiatum Giant,2,self_connection,CA1 Pyramidal,CA1 Pyramidal,2793.7555172355333
greedy_tree_path,CA1 Radiatum Giant,3,self_connection,MEC LV VI Pyramidal Polymorphic,MEC LV VI Pyramidal Polymorphic,1336.06008642144
greedy_tree_path,CA1 Radiatum Giant,4,self_connection,EC LIV VI Deep Multipolar Principal,EC LIV VI Deep Multipolar Principal,1969.34413375272
greedy_tree_path,CA1 Radiatum Giant,5,self_connection,LEC LVI Multipolar Pyramidal,LEC LVI Multipolar Pyramidal,212.6675576452901
greedy_tree_path,CA1 Radiatum Giant,6,self_connection,LEC LIII Multipolar Principal,LEC LIII Multipolar Principal,496.4095848183002
greedy_tree_path,CA1 Radiatum Giant,7,self_connection,LEC LIII Complex Pyramidal,LEC LIII Complex Pyramidal,744.1845437655309
greedy_tree_path,CA1 Radiatum Giant,8,self_connection,EC LIII Pyramidal Stellate,EC LIII Pyramidal Stellate,360.1830629372671
greedy_tree_path,CA1 Radiatum Giant,9,self_connection,MEC LIII Complex Pyramidal,MEC LIII Complex Pyramidal,1453.7180710081302
greedy_tree_path,CA1 Radiatum Giant,12,self_connection,CA3c Pyramidal,CA3c Pyramidal,639.8640695461409
greedy_tree_path,CA1 Radiatum Giant,13,self_connection,CA2 Pyramidal,CA2 Pyramidal,2163.138288508038
greedy_tree_path,CA1 Radiatum Giant,14,self_connection,DG Mossy,DG Mossy,1751.260654032912
greedy_tree_path,CA1 Radiatum Giant,15,self_connection,DG Hilar Ectopic Granule,DG Hilar Ectopic Granule,0.9213810801264162
greedy_tree_path,CA1 Radiatum Giant,16,self_connection,CA3 Pyramidal,CA3 Pyramidal,3278.450765697168
greedy_tree_path,CA1 Radiatum Giant,1,transition,CA1 Radiatum Giant,CA1 Pyramidal,52.52606827667822
greedy_tree_path,CA1 Radiatum Giant,2,transition,CA1 Pyramidal,MEC LV VI Pyramidal Polymorphic,13564.64480225756
greedy_tree_path,CA1 Radiatum Giant,3,transition,MEC LV VI Pyramidal Polymorphic,EC LIV VI Deep Multipolar Principal,86.77596588341953
greedy_tree_path,CA1 Radiatum Giant,4,transition,EC LIV VI Deep Multipolar Principal,LEC LVI Multipolar Pyramidal,2246.3636143897743
greedy_tree_path,CA1 Radiatum Giant,5,transition,LEC LVI Multipolar Pyramidal,LEC LIII Multipolar Principal,304.0317537911717
greedy_tree_path,CA1 Radiatum Giant,6,transition,LEC LIII Multipolar Principal,LEC LIII Complex Pyramidal,556.0635991085179
greedy_tree_path,CA1 Radiatum Giant,7,transition,LEC LIII Complex Pyramidal,EC LIII Pyramidal Stellate,538.1000722266449
greedy_tree_path,CA1 Radiatum Giant,8,transition,EC LIII Pyramidal Stellate,MEC LIII Complex Pyramidal,647.4324185181202
greedy_tree_path,CA1 Radiatum Giant,9,transition,MEC LIII Complex Pyramidal,MEC LII Stellate,1193.0847203135872
greedy_tree_path,CA1 Radiatum Giant,10,transition,MEC LII Stellate,CA3 Granule,19640.6765649223
greedy_tree_path,CA1 Radiatum Giant,11,transition,CA3 Granule,CA3c Pyramidal,2.280811281935155
greedy_tree_path,CA1 Radiatum Giant,12,transition,CA3c Pyramidal,CA2 Pyramidal,24424.53581944845
greedy_tree_path,CA1 Radiatum Giant,13,transition,CA2 Pyramidal,DG Mossy,4836.413875657298
greedy_tree_path,CA1 Radiatum Giant,14,transition,DG Mossy,DG Hilar Ectopic Granule,2119.754290320353
greedy_tree_path,CA1 Radiatum Giant,15,transition,DG Hilar Ectopic Granule,CA3 Pyramidal,0.0133035385226386
greedy_tree_path,CA2 Pyramidal,1,self_connection,CA2 Pyramidal,CA2 Pyramidal,2163.138288508038
greedy_tree_path,CA2 Pyramidal,2,self_connection,CA1 Pyramidal,CA1 Pyramidal,2793.7555172355333
greedy_tree_path,CA2 Pyramidal,3,self_connection,MEC LV VI Pyramidal Polymorphic,MEC LV VI Pyramidal Polymorphic,1336.06008642144
greedy_tree_path,CA2 Pyramidal,4,self_connection,EC LIV VI Deep Multipolar Principal,EC LIV VI Deep Multipolar Principal,1969.34413375272
greedy_tree_path,CA2 Pyramidal,5,self_connection,LEC LVI Multipolar Pyramidal,LEC LVI Multipolar Pyramidal,212.6675576452901
greedy_tree_path,CA2 Pyramidal,6,self_connection,LEC LIII Multipolar Principal,LEC LIII Multipolar Principal,496.4095848183002
greedy_tree_path,CA2 Pyramidal,7,self_connection,LEC LIII Complex Pyramidal,LEC LIII Complex Pyramidal,744.1845437655309
greedy_tree_path,CA2 Pyramidal,8,self_connection,EC LIII Pyramidal Stellate,EC LIII Pyramidal Stellate,360.1830629372671
greedy_tree_path,CA2 Pyramidal,9,self_connection,MEC LIII Complex Pyramidal,MEC LIII Complex Pyramidal,1453.7180710081302
greedy_tree_path,CA2 Pyramidal,12,self_connection,CA3c Pyramidal,CA3c Pyramidal,639.8640695461409
greedy_tree_path,CA2 Pyramidal,14,self_connection,DG Mossy,DG Mossy,1751.260654032912
greedy_tree_path,CA2 Pyramidal,15,self_connection,DG Hilar Ectopic Granule,DG Hilar Ectopic Granule,0.9213810801264162
greedy_tree_path,CA2 Pyramidal,16,self_connection,CA3 Pyramidal,CA3 Pyramidal,3278.450765697168
greedy_tree_path,CA2 Pyramidal,1,transition,CA2 Pyramidal,CA1 Pyramidal,5532.563189259333
greedy_tree_path,CA2 Pyramidal,2,transition,CA1 Pyramidal,MEC LV VI Pyramidal Polymorphic,13564.64480225756
greedy_tree_path,CA2 Pyramidal,3,transition,MEC LV VI Pyramidal Polymorphic,EC LIV VI Deep Multipolar Principal,86.77596588341953
greedy_tree_path,CA2 Pyramidal,4,transition,EC LIV VI Deep Multipolar Principal,LEC LVI Multipolar Pyramidal,2246.3636143897743
greedy_tree_path,CA2 Pyramidal,5,transition,LEC LVI Multipolar Pyramidal,LEC LIII Multipolar Principal,304.0317537911717
greedy_tree_path,CA2 Pyramidal,6,transition,LEC LIII Multipolar Principal,LEC LIII Complex Pyramidal,556.0635991085179
greedy_tree_path,CA2 Pyramidal,7,transition,LEC LIII Complex Pyramidal,EC LIII Pyramidal Stellate,538.1000722266449
greedy_tree_path,CA2 Pyramidal,8,transition,EC LIII Pyramidal Stellate,MEC LIII Complex Pyramidal,647.4324185181202
greedy_tree_path,CA2 Pyramidal,9,transition,MEC LIII Complex Pyramidal,MEC LII Stellate,1193.0847203135872
greedy_tree_path,CA2 Pyramidal,10,transition,MEC LII Stellate,CA3 Granule,19640.6765649223
greedy_tree_path,CA2 Pyramidal,11,transition,CA3 Granule,CA3c Pyramidal,2.280811281935155
greedy_tree_path,CA2 Pyramidal,12,transition,CA3c Pyramidal,DG Granule,7159.489110348726
greedy_tree_path,CA2 Pyramidal,13,transition,DG Granule,DG Mossy,44908.709978571016
greedy_tree_path,CA2 Pyramidal,14,transition,DG Mossy,DG Hilar Ectopic Granule,2119.754290320353
greedy_tree_path,CA2 Pyramidal,15,transition,DG Hilar Ectopic Granule,CA3 Pyramidal,0.0133035385226386
greedy_tree_path,CA2 Pyramidal,16,transition,CA3 Pyramidal,CA1 Radiatum Giant,303.66294985857763
greedy_tree_path,CA3 Granule,2,self_connection,CA3c Pyramidal,CA3c Pyramidal,639.8640695461409
greedy_tree_path,CA3 Granule,3,self_connection,CA1 Pyramidal,CA1 Pyramidal,2793.7555172355333
greedy_tree_path,CA3 Granule,4,self_connection,MEC LV VI Pyramidal Polymorphic,MEC LV VI Pyramidal Polymorphic,1336.06008642144
greedy_tree_path,CA3 Granule,5,self_connection,EC LIV VI Deep Multipolar Principal,EC LIV VI Deep Multipolar Principal,1969.34413375272
greedy_tree_path,CA3 Granule,6,self_connection,LEC LVI Multipolar Pyramidal,LEC LVI Multipolar Pyramidal,212.6675576452901
greedy_tree_path,CA3 Granule,7,self_connection,LEC LIII Multipolar Principal,LEC LIII Multipolar Principal,496.4095848183002
greedy_tree_path,CA3 Granule,8,self_connection,LEC LIII Complex Pyramidal,LEC LIII Complex Pyramidal,744.1845437655309
greedy_tree_path,CA3 Granule,9,self_connection,EC LIII Pyramidal Stellate,EC LIII Pyramidal Stellate,360.1830629372671
greedy_tree_path,CA3 Granule,10,self_connection,MEC LIII Complex Pyramidal,MEC LIII Complex Pyramidal,1453.7180710081302
greedy_tree_path,CA3 Granule,12,self_connection,CA2 Pyramidal,CA2 Pyramidal,2163.138288508038
greedy_tree_path,CA3 Granule,13,self_connection,DG Mossy,DG Mossy,1751.260654032912
greedy_tree_path,CA3 Granule,14,self_connection,DG Hilar Ectopic Granule,DG Hilar Ectopic Granule,0.9213810801264162
greedy_tree_path,CA3 Granule,15,self_connection,CA3 Pyramidal,CA3 Pyramidal,3278.450765697168
greedy_tree_path,CA3 Granule,1,transition,CA3 Granule,CA3c Pyramidal,2.280811281935155
greedy_tree_path,CA3 Granule,2,transition,CA3c Pyramidal,CA1 Pyramidal,85609.60976338176
greedy_tree_path,CA3 Granule,3,transition,CA1 Pyramidal,MEC LV VI Pyramidal Polymorphic,13564.64480225756
greedy_tree_path,CA3 Granule,4,transition,MEC LV VI Pyramidal Polymorphic,EC LIV VI Deep Multipolar Principal,86.77596588341953
greedy_tree_path,CA3 Granule,5,transition,EC LIV VI Deep Multipolar Principal,LEC LVI Multipolar Pyramidal,2246.3636143897743
greedy_tree_path,CA3 Granule,6,transition,LEC LVI Multipolar Pyramidal,LEC LIII Multipolar Principal,304.0317537911717
greedy_tree_path,CA3 Granule,7,transition,LEC LIII Multipolar Principal,LEC LIII Complex Pyramidal,556.0635991085179
greedy_tree_path,CA3 Granule,8,transition,LEC LIII Complex Pyramidal,EC LIII Pyramidal Stellate,538.1000722266449
greedy_tree_path,CA3 Granule,9,transition,EC LIII Pyramidal Stellate,MEC LIII Complex Pyramidal,647.4324185181202
greedy_tree_path,CA3 Granule,10,transition,MEC LIII Complex Pyramidal,MEC LII Stellate,1193.0847203135872
greedy_tree_path,CA3 Granule,11,transition,MEC LII Stellate,CA2 Pyramidal,6045.530483170607
greedy_tree_path,CA3 Granule,12,transition,CA2 Pyramidal,DG Mossy,4836.413875657298
greedy_tree_path,CA3 Granule,13,transition,DG Mossy,DG Hilar Ectopic Granule,2119.754290320353
greedy_tree_path,CA3 Granule,14,transition,DG Hilar Ectopic Granule,CA3 Pyramidal,0.0133035385226386
greedy_tree_path,CA3 Granule,15,transition,CA3 Pyramidal,CA1 Radiatum Giant,303.66294985857763
greedy_tree_path,CA3 Pyramidal,1,self_connection,CA3 Pyramidal,CA3 Pyramidal,3278.450765697168
greedy_tree_path,CA3 Pyramidal,2,self_connection,CA2 Pyramidal,CA2 Pyramidal,2163.138288508038
greedy_tree_path,CA3 Pyramidal,3,self_connection,CA1 Pyramidal,CA1 Pyramidal,2793.7555172355333
greedy_tree_path,CA3 Pyramidal,4,self_connection,MEC LV VI Pyramidal Polymorphic,MEC LV VI Pyramidal Polymorphic,1336.06008642144
greedy_tree_path,CA3 Pyramidal,5,self_connection,EC LIV VI Deep Multipolar Principal,EC LIV VI Deep Multipolar Principal,1969.34413375272
greedy_tree_path,CA3 Pyramidal,6,self_connection,LEC LVI Multipolar Pyramidal,LEC LVI Multipolar Pyramidal,212.6675576452901
greedy_tree_path,CA3 Pyramidal,7,self_connection,LEC LIII Multipolar Principal,LEC LIII Multipolar Principal,496.4095848183002
greedy_tree_path,CA3 Pyramidal,8,self_connection,LEC LIII Complex Pyramidal,LEC LIII Complex Pyramidal,744.1845437655309
greedy_tree_path,CA3 Pyramidal,9,self_connection,EC LIII Pyramidal Stellate,EC LIII Pyramidal Stellate,360.1830629372671
greedy_tree_path,CA3 Pyramidal,10,self_connection,MEC LIII Complex Pyramidal,MEC LIII Complex Pyramidal,1453.7180710081302
greedy_tree_path,CA3 Pyramidal,13,self_connection,CA3c Pyramidal,CA3c Pyramidal,639.8640695461409
greedy_tree_path,CA3 Pyramidal,15,self_connection,DG Mossy,DG Mossy,1751.260654032912
greedy_tree_path,CA3 Pyramidal,16,self_connection,DG Hilar Ectopic Granule,DG Hilar Ectopic Granule,0.9213810801264162
greedy_tree_path,CA3 Pyramidal,1,transition,CA3 Pyramidal,CA2 Pyramidal,12467.302061608583
greedy_tree_path,CA3 Pyramidal,2,transition,CA2 Pyramidal,CA1 Pyramidal,5532.563189259333
greedy_tree_path,CA3 Pyramidal,3,transition,CA1 Pyramidal,MEC LV VI Pyramidal Polymorphic,13564.64480225756
greedy_tree_path,CA3 Pyramidal,4,transition,MEC LV VI Pyramidal Polymorphic,EC LIV VI Deep Multipolar Principal,86.77596588341953
greedy_tree_path,CA3 Pyramidal,5,transition,EC LIV VI Deep Multipolar Principal,LEC LVI Multipolar Pyramidal,2246.3636143897743
greedy_tree_path,CA3 Pyramidal,6,transition,LEC LVI Multipolar Pyramidal,LEC LIII Multipolar Principal,304.0317537911717
greedy_tree_path,CA3 Pyramidal,7,transition,LEC LIII Multipolar Principal,LEC LIII Complex Pyramidal,556.0635991085179
greedy_tree_path,CA3 Pyramidal,8,transition,LEC LIII Complex Pyramidal,EC LIII Pyramidal Stellate,538.1000722266449
greedy_tree_path,CA3 Pyramidal,9,transition,EC LIII Pyramidal Stellate,MEC LIII Complex Pyramidal,647.4324185181202
greedy_tree_path,CA3 Pyramidal,10,transition,MEC LIII Complex Pyramidal,MEC LII Stellate,1193.0847203135872
greedy_tree_path,CA3 Pyramidal,11,transition,MEC LII Stellate,CA3 Granule,19640.6765649223
greedy_tree_path,CA3 Pyramidal,12,transition,CA3 Granule,CA3c Pyramidal,2.280811281935155
greedy_tree_path,CA3 Pyramidal,13,transition,CA3c Pyramidal,DG Granule,7159.489110348726
greedy_tree_path,CA3 Pyramidal,14,transition,DG Granule,DG Mossy,44908.709978571016
greedy_tree_path,CA3 Pyramidal,15,transition,DG Mossy,DG Hilar Ectopic Granule,2119.754290320353
greedy_tree_path,CA3c Pyramidal,1,self_connection,CA3c Pyramidal,CA3c Pyramidal,639.8640695461409
greedy_tree_path,CA3c Pyramidal,2,self_connection,CA1 Pyramidal,CA1 Pyramidal,2793.7555172355333
greedy_tree_path,CA3c Pyramidal,3,self_connection,MEC LV VI Pyramidal Polymorphic,MEC LV VI Pyramidal Polymorphic,1336.06008642144
greedy_tree_path,CA3c Pyramidal,4,self_connection,EC LIV VI Deep Multipolar Principal,EC LIV VI Deep Multipolar Principal,1969.34413375272
greedy_tree_path,CA3c Pyramidal,5,self_connection,LEC LVI Multipolar Pyramidal,LEC LVI Multipolar Pyramidal,212.6675576452901
greedy_tree_path,CA3c Pyramidal,6,self_connection,LEC LIII Multipolar Principal,LEC LIII Multipolar Principal,496.4095848183002
greedy_tree_path,CA3c Pyramidal,7,self_connection,LEC LIII Complex Pyramidal,LEC LIII Complex Pyramidal,744.1845437655309
greedy_tree_path,CA3c Pyramidal,8,self_connection,EC LIII Pyramidal Stellate,EC LIII Pyramidal Stellate,360.1830629372671
greedy_tree_path,CA3c Pyramidal,9,self_connection,MEC LIII Complex Pyramidal,MEC LIII Complex Pyramidal,1453.7180710081302
greedy_tree_path,CA3c Pyramidal,12,self_connection,CA3 Pyramidal,CA3 Pyramidal,3278.450765697168
greedy_tree_path,CA3c Pyramidal,13,self_connection,CA2 Pyramidal,CA2 Pyramidal,2163.138288508038
greedy_tree_path,CA3c Pyramidal,14,self_connection,DG Mossy,DG Mossy,1751.260654032912
greedy_tree_path,CA3c Pyramidal,15,self_connection,DG Hilar Ectopic Granule,DG Hilar Ectopic Granule,0.9213810801264162
greedy_tree_path,CA3c Pyramidal,1,transition,CA3c Pyramidal,CA1 Pyramidal,85609.60976338176
greedy_tree_path,CA3c Pyramidal,2,transition,CA1 Pyramidal,MEC LV VI Pyramidal Polymorphic,13564.64480225756
greedy_tree_path,CA3c Pyramidal,3,transition,MEC LV VI Pyramidal Polymorphic,EC LIV VI Deep Multipolar Principal,86.77596588341953
greedy_tree_path,CA3c Pyramidal,4,transition,EC LIV VI Deep Multipolar Principal,LEC LVI Multipolar Pyramidal,2246.3636143897743
greedy_tree_path,CA3c Pyramidal,5,transition,LEC LVI Multipolar Pyramidal,LEC LIII Multipolar Principal,304.0317537911717
greedy_tree_path,CA3c Pyramidal,6,transition,LEC LIII Multipolar Principal,LEC LIII Complex Pyramidal,556.0635991085179
greedy_tree_path,CA3c Pyramidal,7,transition,LEC LIII Complex Pyramidal,EC LIII Pyramidal Stellate,538.1000722266449
greedy_tree_path,CA3c Pyramidal,8,transition,EC LIII Pyramidal Stellate,MEC LIII Complex Pyramidal,647.4324185181202
greedy_tree_path,CA3c Pyramidal,9,transition,MEC LIII Complex Pyramidal,MEC LII Stellate,1193.0847203135872
greedy_tree_path,CA3c Pyramidal,10,transition,MEC LII Stellate,CA3 Granule,19640.6765649223
greedy_tree_path,CA3c Pyramidal,11,transition,CA3 Granule,CA3 Pyramidal,0.942018883295193
greedy_tree_path,CA3c Pyramidal,12,transition,CA3 Pyramidal,CA2 Pyramidal,12467.302061608583
greedy_tree_path,CA3c Pyramidal,13,transition,CA2 Pyramidal,DG Mossy,4836.413875657298
greedy_tree_path,CA3c Pyramidal,14,transition,DG Mossy,DG Hilar Ectopic Granule,2119.754290320353
greedy_tree_path,DG Granule,2,self_connection,DG Mossy,DG Mossy,1751.260654032912
greedy_tree_path,DG Granule,3,self_connection,DG Hilar Ectopic Granule,DG Hilar Ectopic Granule,0.9213810801264162
greedy_tree_path,DG Granule,4,self_connection,CA3c Pyramidal,CA3c Pyramidal,639.8640695461409
greedy_tree_path,DG Granule,5,self_connection,CA1 Pyramidal,CA1 Pyramidal,2793.7555172355333
greedy_tree_path,DG Granule,6,self_connection,MEC LV VI Pyramidal Polymorphic,MEC LV VI Pyramidal Polymorphic,1336.06008642144
greedy_tree_path,DG Granule,7,self_connection,EC LIV VI Deep Multipolar Principal,EC LIV VI Deep Multipolar Principal,1969.34413375272
greedy_tree_path,DG Granule,8,self_connection,LEC LVI Multipolar Pyramidal,LEC LVI Multipolar Pyramidal,212.6675576452901
greedy_tree_path,DG Granule,9,self_connection,LEC LIII Multipolar Principal,LEC LIII Multipolar Principal,496.4095848183002
greedy_tree_path,DG Granule,10,self_connection,LEC LIII Complex Pyramidal,LEC LIII Complex Pyramidal,744.1845437655309
greedy_tree_path,DG Granule,11,self_connection,EC LIII Pyramidal Stellate,EC LIII Pyramidal Stellate,360.1830629372671
greedy_tree_path,DG Granule,12,self_connection,MEC LIII Complex Pyramidal,MEC LIII Complex Pyramidal,1453.7180710081302
greedy_tree_path,DG Granule,15,self_connection,CA3 Pyramidal,CA3 Pyramidal,3278.450765697168
greedy_tree_path,DG Granule,16,self_connection,CA2 Pyramidal,CA2 Pyramidal,2163.138288508038
greedy_tree_path,DG Granule,1,transition,DG Granule,DG Mossy,44908.709978571016
greedy_tree_path,DG Granule,2,transition,DG Mossy,DG Hilar Ectopic Granule,2119.754290320353
greedy_tree_path,DG Granule,3,transition,DG Hilar Ectopic Granule,CA3c Pyramidal,0.0550567880071112
greedy_tree_path,DG Granule,4,transition,CA3c Pyramidal,CA1 Pyramidal,85609.60976338176
greedy_tree_path,DG Granule,5,transition,CA1 Pyramidal,MEC LV VI Pyramidal Polymorphic,13564.64480225756
greedy_tree_path,DG Granule,6,transition,MEC LV VI Pyramidal Polymorphic,EC LIV VI Deep Multipolar Principal,86.77596588341953
greedy_tree_path,DG Granule,7,transition,EC LIV VI Deep Multipolar Principal,LEC LVI Multipolar Pyramidal,2246.3636143897743
greedy_tree_path,DG Granule,8,transition,LEC LVI Multipolar Pyramidal,LEC LIII Multipolar Principal,304.0317537911717
greedy_tree_path,DG Granule,9,transition,LEC LIII Multipolar Principal,LEC LIII Complex Pyramidal,556.0635991085179
greedy_tree_path,DG Granule,10,transition,LEC LIII Complex Pyramidal,EC LIII Pyramidal Stellate,538.1000722266449
greedy_tree_path,DG Granule,11,transition,EC LIII Pyramidal Stellate,MEC LIII Complex Pyramidal,647.4324185181202
greedy_tree_path,DG Granule,12,transition,MEC LIII Complex Pyramidal,MEC LII Stellate,1193.0847203135872
greedy_tree_path,DG Granule,13,transition,MEC LII Stellate,CA3 Granule,19640.6765649223
greedy_tree_path,DG Granule,14,transition,CA3 Granule,CA3 Pyramidal,0.942018883295193
greedy_tree_path,DG Granule,15,transition,CA3 Pyramidal,CA2 Pyramidal,12467.302061608583
greedy_tree_path,DG Granule,16,transition,CA2 Pyramidal,CA1 Radiatum Giant,263.0645063940111
greedy_tree_path,DG Hilar Ectopic Granule,1,self_connection,DG Hilar Ectopic Granule,DG Hilar Ectopic Granule,0.9213810801264162
greedy_tree_path,DG Hilar Ectopic Granule,2,self_connection,DG Mossy,DG Mossy,1751.260654032912
greedy_tree_path,DG Hilar Ectopic Granule,4,self_connection,CA2 Pyramidal,CA2 Pyramidal,2163.138288508038
greedy_tree_path,DG Hilar Ectopic Granule,5,self_connection,CA1 Pyramidal,CA1 Pyramidal,2793.7555172355333
greedy_tree_path,DG Hilar Ectopic Granule,6,self_connection,MEC LV VI Pyramidal Polymorphic,MEC LV VI Pyramidal Polymorphic,1336.06008642144
greedy_tree_path,DG Hilar Ectopic Granule,7,self_connection,EC LIV VI Deep Multipolar Principal,EC LIV VI Deep Multipolar Principal,1969.34413375272
greedy_tree_path,DG Hilar Ectopic Granule,8,self_connection,LEC LVI Multipolar Pyramidal,LEC LVI Multipolar Pyramidal,212.6675576452901
greedy_tree_path,DG Hilar Ectopic Granule,9,self_connection,LEC LIII Multipolar Principal,LEC LIII Multipolar Principal,496.4095848183002
greedy_tree_path,DG Hilar Ectopic Granule,10,self_connection,LEC LIII Complex Pyramidal,LEC LIII Complex Pyramidal,744.1845437655309
greedy_tree_path,DG Hilar Ectopic Granule,11,self_connection,EC LIII Pyramidal Stellate,EC LIII Pyramidal Stellate,360.1830629372671
greedy_tree_path,DG Hilar Ectopic Granule,12,self_connection,MEC LIII Complex Pyramidal,MEC LIII Complex Pyramidal,1453.7180710081302
greedy_tree_path,DG Hilar Ectopic Granule,15,self_connection,CA3c Pyramidal,CA3c Pyramidal,639.8640695461409
greedy_tree_path,DG Hilar Ectopic Granule,1,transition,DG Hilar Ectopic Granule,DG Mossy,1.6138578915994803
greedy_tree_path,DG Hilar Ectopic Granule,2,transition,DG Mossy,DG Granule,968.2502990077752
greedy_tree_path,DG Hilar Ectopic Granule,3,transition,DG Granule,CA2 Pyramidal,3360.733225493062
greedy_tree_path,DG Hilar Ectopic Granule,4,transition,CA2 Pyramidal,CA1 Pyramidal,5532.563189259333
greedy_tree_path,DG Hilar Ectopic Granule,5,transition,CA1 Pyramidal,MEC LV VI Pyramidal Polymorphic,13564.64480225756
greedy_tree_path,DG Hilar Ectopic Granule,6,transition,MEC LV VI Pyramidal Polymorphic,EC LIV VI Deep Multipolar Principal,86.77596588341953
greedy_tree_path,DG Hilar Ectopic Granule,7,transition,EC LIV VI Deep Multipolar Principal,LEC LVI Multipolar Pyramidal,2246.3636143897743
greedy_tree_path,DG Hilar Ectopic Granule,8,transition,LEC LVI Multipolar Pyramidal,LEC LIII Multipolar Principal,304.0317537911717
greedy_tree_path,DG Hilar Ectopic Granule,9,transition,LEC LIII Multipolar Principal,LEC LIII Complex Pyramidal,556.0635991085179
greedy_tree_path,DG Hilar Ectopic Granule,10,transition,LEC LIII Complex Pyramidal,EC LIII Pyramidal Stellate,538.1000722266449
greedy_tree_path,DG Hilar Ectopic Granule,11,transition,EC LIII Pyramidal Stellate,MEC LIII Complex Pyramidal,647.4324185181202
greedy_tree_path,DG Hilar Ectopic Granule,12,transition,MEC LIII Complex Pyramidal,MEC LII Stellate,1193.0847203135872
greedy_tree_path,DG Hilar Ectopic Granule,13,transition,MEC LII Stellate,CA3 Granule,19640.6765649223
greedy_tree_path,DG Hilar Ectopic Granule,14,transition,CA3 Granule,CA3c Pyramidal,2.280811281935155
greedy_tree_path,DG Hilar Ectopic Granule,15,transition,CA3c Pyramidal,CA1 Radiatum Giant,4064.510468839344
greedy_tree_path,DG Mossy,1,self_connection,DG Mossy,DG Mossy,1751.260654032912
greedy_tree_path,DG Mossy,2,self_connection,DG Hilar Ectopic Granule,DG Hilar Ectopic Granule,0.9213810801264162
greedy_tree_path,DG Mossy,3,self_connection,CA3c Pyramidal,CA3c Pyramidal,639.8640695461409
greedy_tree_path,DG Mossy,4,self_connection,CA1 Pyramidal,CA1 Pyramidal,2793.7555172355333
greedy_tree_path,DG Mossy,5,self_connection,MEC LV VI Pyramidal Polymorphic,MEC LV VI Pyramidal Polymorphic,1336.06008642144
greedy_tree_path,DG Mossy,6,self_connection,EC LIV VI Deep Multipolar Principal,EC LIV VI Deep Multipolar Principal,1969.34413375272
greedy_tree_path,DG Mossy,7,self_connection,LEC LVI Multipolar Pyramidal,LEC LVI Multipolar Pyramidal,212.6675576452901
greedy_tree_path,DG Mossy,8,self_connection,LEC LIII Multipolar Principal,LEC LIII Multipolar Principal,496.4095848183002
greedy_tree_path,DG Mossy,9,self_connection,LEC LIII Complex Pyramidal,LEC LIII Complex Pyramidal,744.1845437655309
greedy_tree_path,DG Mossy,10,self_connection,EC LIII Pyramidal Stellate,EC LIII Pyramidal Stellate,360.1830629372671
greedy_tree_path,DG Mossy,11,self_connection,MEC LIII Complex Pyramidal,MEC LIII Complex Pyramidal,1453.7180710081302
greedy_tree_path,DG Mossy,14,self_connection,CA3 Pyramidal,CA3 Pyramidal,3278.450765697168
greedy_tree_path,DG Mossy,15,self_connection,CA2 Pyramidal,CA2 Pyramidal,2163.138288508038
greedy_tree_path,DG Mossy,1,transition,DG Mossy,DG Hilar Ectopic Granule,2119.754290320353
greedy_tree_path,DG Mossy,2,transition,DG Hilar Ectopic Granule,CA3c Pyramidal,0.0550567880071112
greedy_tree_path,DG Mossy,3,transition,CA3c Pyramidal,CA1 Pyramidal,85609.60976338176
greedy_tree_path,DG Mossy,4,transition,CA1 Pyramidal,MEC LV VI Pyramidal Polymorphic,13564.64480225756
greedy_tree_path,DG Mossy,5,transition,MEC LV VI Pyramidal Polymorphic,EC LIV VI Deep Multipolar Principal,86.77596588341953
greedy_tree_path,DG Mossy,6,transition,EC LIV VI Deep Multipolar Principal,LEC LVI Multipolar Pyramidal,2246.3636143897743
greedy_tree_path,DG Mossy,7,transition,LEC LVI Multipolar Pyramidal,LEC LIII Multipolar Principal,304.0317537911717
greedy_tree_path,DG Mossy,8,transition,LEC LIII Multipolar Principal,LEC LIII Complex Pyramidal,556.0635991085179
greedy_tree_path,DG Mossy,9,transition,LEC LIII Complex Pyramidal,EC LIII Pyramidal Stellate,538.1000722266449
greedy_tree_path,DG Mossy,10,transition,EC LIII Pyramidal Stellate,MEC LIII Complex Pyramidal,647.4324185181202
greedy_tree_path,DG Mossy,11,transition,MEC LIII Complex Pyramidal,MEC LII Stellate,1193.0847203135872
greedy_tree_path,DG Mossy,12,transition,MEC LII Stellate,CA3 Granule,19640.6765649223
greedy_tree_path,DG Mossy,13,transition,CA3 Granule,CA3 Pyramidal,0.942018883295193
greedy_tree_path,DG Mossy,14,transition,CA3 Pyramidal,CA2 Pyramidal,12467.302061608583
greedy_tree_path,DG Mossy,15,transition,CA2 Pyramidal,CA1 Radiatum Giant,263.0645063940111
greedy_tree_path,DG Semilunar Granule,1,self_connection,DG Semilunar Granule,DG Semilunar Granule,40.60469398082807
greedy_tree_path,DG Semilunar Granule,2,self_connection,DG Mossy,DG Mossy,1751.260654032912
greedy_tree_path,DG Semilunar Granule,3,self_connection,DG Hilar Ectopic Granule,DG Hilar Ectopic Granule,0.9213810801264162
greedy_tree_path,DG Semilunar Granule,4,self_connection,CA3c Pyramidal,CA3c Pyramidal,639.8640695461409
greedy_tree_path,DG Semilunar Granule,5,self_connection,CA1 Pyramidal,CA1 Pyramidal,2793.7555172355333
greedy_tree_path,DG Semilunar Granule,6,self_connection,MEC LV VI Pyramidal Polymorphic,MEC LV VI Pyramidal Polymorphic,1336.06008642144
greedy_tree_path,DG Semilunar Granule,7,self_connection,EC LIV VI Deep Multipolar Principal,EC LIV VI Deep Multipolar Principal,1969.34413375272
greedy_tree_path,DG Semilunar Granule,8,self_connection,LEC LVI Multipolar Pyramidal,LEC LVI Multipolar Pyramidal,212.6675576452901
greedy_tree_path,DG Semilunar Granule,9,self_connection,LEC LIII Multipolar Principal,LEC LIII Multipolar Principal,496.4095848183002
greedy_tree_path,DG Semilunar Granule,10,self_connection,LEC LIII Complex Pyramidal,LEC LIII Complex Pyramidal,744.1845437655309
greedy_tree_path,DG Semilunar Granule,11,self_connection,EC LIII Pyramidal Stellate,EC LIII Pyramidal Stellate,360.1830629372671
greedy_tree_path,DG Semilunar Granule,12,self_connection,MEC LIII Complex Pyramidal,MEC LIII Complex Pyramidal,1453.7180710081302
greedy_tree_path,DG Semilunar Granule,15,self_connection,CA3 Pyramidal,CA3 Pyramidal,3278.450765697168
greedy_tree_path,DG Semilunar Granule,16,self_connection,CA2 Pyramidal,CA2 Pyramidal,2163.138288508038
greedy_tree_path,DG Semilunar Granule,1,transition,DG Semilunar Granule,DG Mossy,5155.105798787127
greedy_tree_path,DG Semilunar Granule,2,transition,DG Mossy,DG Hilar Ectopic Granule,2119.754290320353
greedy_tree_path,DG Semilunar Granule,3,transition,DG Hilar Ectopic Granule,CA3c Pyramidal,0.0550567880071112
greedy_tree_path,DG Semilunar Granule,4,transition,CA3c Pyramidal,CA1 Pyramidal,85609.60976338176
greedy_tree_path,DG Semilunar Granule,5,transition,CA1 Pyramidal,MEC LV VI Pyramidal Polymorphic,13564.64480225756
greedy_tree_path,DG Semilunar Granule,6,transition,MEC LV VI Pyramidal Polymorphic,EC LIV VI Deep Multipolar Principal,86.77596588341953
greedy_tree_path,DG Semilunar Granule,7,transition,EC LIV VI Deep Multipolar Principal,LEC LVI Multipolar Pyramidal,2246.3636143897743
greedy_tree_path,DG Semilunar Granule,8,transition,LEC LVI Multipolar Pyramidal,LEC LIII Multipolar Principal,304.0317537911717
greedy_tree_path,DG Semilunar Granule,9,transition,LEC LIII Multipolar Principal,LEC LIII Complex Pyramidal,556.0635991085179
greedy_tree_path,DG Semilunar Granule,10,transition,LEC LIII Complex Pyramidal,EC LIII Pyramidal Stellate,538.1000722266449
greedy_tree_path,DG Semilunar Granule,11,transition,EC LIII Pyramidal Stellate,MEC LIII Complex Pyramidal,647.4324185181202
greedy_tree_path,DG Semilunar Granule,12,transition,MEC LIII Complex Pyramidal,MEC LII Stellate,1193.0847203135872
greedy_tree_path,DG Semilunar Granule,13,transition,MEC LII Stellate,CA3 Granule,19640.6765649223
greedy_tree_path,DG Semilunar Granule,14,transition,CA3 Granule,CA3 Pyramidal,0.942018883295193
greedy_tree_path,DG Semilunar Granule,15,transition,CA3 Pyramidal,CA2 Pyramidal,12467.302061608583
greedy_tree_path,DG Semilunar Granule,16,transition,CA2 Pyramidal,CA1 Radiatum Giant,263.0645063940111
greedy_tree_path,EC LI II Multipolar Pyramidal,1,self_connection,EC LI II Multipolar Pyramidal,EC LI II Multipolar Pyramidal,18296.078460202098
greedy_tree_path,EC LI II Multipolar Pyramidal,2,self_connection,MEC LIII Bipolar Complex Pyramidal,MEC LIII Bipolar Complex Pyramidal,176.61548774480949
greedy_tree_path,EC LI II Multipolar Pyramidal,3,self_connection,MEC LIII Complex Pyramidal,MEC LIII Complex Pyramidal,1453.7180710081302
greedy_tree_path,EC LI II Multipolar Pyramidal,6,self_connection,CA3c Pyramidal,CA3c Pyramidal,639.8640695461409
greedy_tree_path,EC LI II Multipolar Pyramidal,7,self_connection,CA1 Pyramidal,CA1 Pyramidal,2793.7555172355333
greedy_tree_path,EC LI II Multipolar Pyramidal,8,self_connection,MEC LV VI Pyramidal Polymorphic,MEC LV VI Pyramidal Polymorphic,1336.06008642144
greedy_tree_path,EC LI II Multipolar Pyramidal,9,self_connection,EC LIV VI Deep Multipolar Principal,EC LIV VI Deep Multipolar Principal,1969.34413375272
greedy_tree_path,EC LI II Multipolar Pyramidal,10,self_connection,LEC LVI Multipolar Pyramidal,LEC LVI Multipolar Pyramidal,212.6675576452901
greedy_tree_path,EC LI II Multipolar Pyramidal,11,self_connection,LEC LIII Multipolar Principal,LEC LIII Multipolar Principal,496.4095848183002
greedy_tree_path,EC LI II Multipolar Pyramidal,12,self_connection,LEC LIII Complex Pyramidal,LEC LIII Complex Pyramidal,744.1845437655309
greedy_tree_path,EC LI II Multipolar Pyramidal,13,self_connection,EC LIII Pyramidal Stellate,EC LIII Pyramidal Stellate,360.1830629372671
greedy_tree_path,EC LI II Multipolar Pyramidal,14,self_connection,SUB CA1 Projecting Pyramidal,SUB CA1 Projecting Pyramidal,960.2428463623708
greedy_tree_path,EC LI II Multipolar Pyramidal,1,transition,EC LI II Multipolar Pyramidal,MEC LIII Bipolar Complex Pyramidal,30698.001365671505
greedy_tree_path,EC LI II Multipolar Pyramidal,2,transition,MEC LIII Bipolar Complex Pyramidal,MEC LIII Complex Pyramidal,861.1914192115519
greedy_tree_path,EC LI II Multipolar Pyramidal,3,transition,MEC LIII Complex Pyramidal,MEC LII Stellate,1193.0847203135872
greedy_tree_path,EC LI II Multipolar Pyramidal,4,transition,MEC LII Stellate,CA3 Granule,19640.6765649223
greedy_tree_path,EC LI II Multipolar Pyramidal,5,transition,CA3 Granule,CA3c Pyramidal,2.280811281935155
greedy_tree_path,EC LI II Multipolar Pyramidal,6,transition,CA3c Pyramidal,CA1 Pyramidal,85609.60976338176
greedy_tree_path,EC LI II Multipolar Pyramidal,7,transition,CA1 Pyramidal,MEC LV VI Pyramidal Polymorphic,13564.64480225756
greedy_tree_path,EC LI II Multipolar Pyramidal,8,transition,MEC LV VI Pyramidal Polymorphic,EC LIV VI Deep Multipolar Principal,86.77596588341953
greedy_tree_path,EC LI II Multipolar Pyramidal,9,transition,EC LIV VI Deep Multipolar Principal,LEC LVI Multipolar Pyramidal,2246.3636143897743
greedy_tree_path,EC LI II Multipolar Pyramidal,10,transition,LEC LVI Multipolar Pyramidal,LEC LIII Multipolar Principal,304.0317537911717
greedy_tree_path,EC LI II Multipolar Pyramidal,11,transition,LEC LIII Multipolar Principal,LEC LIII Complex Pyramidal,556.0635991085179
greedy_tree_path,EC LI II Multipolar Pyramidal,12,transition,LEC LIII Complex Pyramidal,EC LIII Pyramidal Stellate,538.1000722266449
greedy_tree_path,EC LI II Multipolar Pyramidal,13,transition,EC LIII Pyramidal Stellate,SUB CA1 Projecting Pyramidal,389.79456390732304
greedy_tree_path,EC LI II Multipolar Pyramidal,14,transition,SUB CA1 Projecting Pyramidal,CA1 Radiatum Giant,8.28772603741471
greedy_tree_path,EC LI II Pyramidal Fan,1,self_connection,EC LI II Pyramidal Fan,EC LI II Pyramidal Fan,370.7544610085407
greedy_tree_path,EC LI II Pyramidal Fan,2,self_connection,EC LI II Multipolar Pyramidal,EC LI II Multipolar Pyramidal,18296.078460202098
greedy_tree_path,EC LI II Pyramidal Fan,3,self_connection,MEC LIII Bipolar Complex Pyramidal,MEC LIII Bipolar Complex Pyramidal,176.61548774480949
greedy_tree_path,EC LI II Pyramidal Fan,4,self_connection,MEC LIII Complex Pyramidal,MEC LIII Complex Pyramidal,1453.7180710081302
greedy_tree_path,EC LI II Pyramidal Fan,7,self_connection,CA3c Pyramidal,CA3c Pyramidal,639.8640695461409
greedy_tree_path,EC LI II Pyramidal Fan,8,self_connection,CA1 Pyramidal,CA1 Pyramidal,2793.7555172355333
greedy_tree_path,EC LI II Pyramidal Fan,9,self_connection,MEC LV VI Pyramidal Polymorphic,MEC LV VI Pyramidal Polymorphic,1336.06008642144
greedy_tree_path,EC LI II Pyramidal Fan,10,self_connection,EC LIV VI Deep Multipolar Principal,EC LIV VI Deep Multipolar Principal,1969.34413375272
greedy_tree_path,EC LI II Pyramidal Fan,11,self_connection,LEC LVI Multipolar Pyramidal,LEC LVI Multipolar Pyramidal,212.6675576452901
greedy_tree_path,EC LI II Pyramidal Fan,12,self_connection,LEC LIII Multipolar Principal,LEC LIII Multipolar Principal,496.4095848183002
greedy_tree_path,EC LI II Pyramidal Fan,13,self_connection,LEC LIII Complex Pyramidal,LEC LIII Complex Pyramidal,744.1845437655309
greedy_tree_path,EC LI II Pyramidal Fan,14,self_connection,EC LIII Pyramidal Stellate,EC LIII Pyramidal Stellate,360.1830629372671
greedy_tree_path,EC LI II Pyramidal Fan,15,self_connection,SUB CA1 Projecting Pyramidal,SUB CA1 Projecting Pyramidal,960.2428463623708
greedy_tree_path,EC LI II Pyramidal Fan,1,transition,EC LI II Pyramidal Fan,EC LI II Multipolar Pyramidal,7472.437106847604
greedy_tree_path,EC LI II Pyramidal Fan,2,transition,EC LI II Multipolar Pyramidal,MEC LIII Bipolar Complex Pyramidal,30698.001365671505
greedy_tree_path,EC LI II Pyramidal Fan,3,transition,MEC LIII Bipolar Complex Pyramidal,MEC LIII Complex Pyramidal,861.1914192115519
greedy_tree_path,EC LI II Pyramidal Fan,4,transition,MEC LIII Complex Pyramidal,MEC LII Stellate,1193.0847203135872
greedy_tree_path,EC LI II Pyramidal Fan,5,transition,MEC LII Stellate,CA3 Granule,19640.6765649223
greedy_tree_path,EC LI II Pyramidal Fan,6,transition,CA3 Granule,CA3c Pyramidal,2.280811281935155
greedy_tree_path,EC LI II Pyramidal Fan,7,transition,CA3c Pyramidal,CA1 Pyramidal,85609.60976338176
greedy_tree_path,EC LI II Pyramidal Fan,8,transition,CA1 Pyramidal,MEC LV VI Pyramidal Polymorphic,13564.64480225756
greedy_tree_path,EC LI II Pyramidal Fan,9,transition,MEC LV VI Pyramidal Polymorphic,EC LIV VI Deep Multipolar Principal,86.77596588341953
greedy_tree_path,EC LI II Pyramidal Fan,10,transition,EC LIV VI Deep Multipolar Principal,LEC LVI Multipolar Pyramidal,2246.3636143897743
greedy_tree_path,EC LI II Pyramidal Fan,11,transition,LEC LVI Multipolar Pyramidal,LEC LIII Multipolar Principal,304.0317537911717
greedy_tree_path,EC LI II Pyramidal Fan,12,transition,LEC LIII Multipolar Principal,LEC LIII Complex Pyramidal,556.0635991085179
greedy_tree_path,EC LI II Pyramidal Fan,13,transition,LEC LIII Complex Pyramidal,EC LIII Pyramidal Stellate,538.1000722266449
greedy_tree_path,EC LI II Pyramidal Fan,14,transition,EC LIII Pyramidal Stellate,SUB CA1 Projecting Pyramidal,389.79456390732304
greedy_tree_path,EC LI II Pyramidal Fan,15,transition,SUB CA1 Projecting Pyramidal,CA1 Radiatum Giant,8.28772603741471
greedy_tree_path,EC LII III Pyramidal Tripolar,1,self_connection,EC LII III Pyramidal Tripolar,EC LII III Pyramidal Tripolar,2277.297842357101
greedy_tree_path,EC LII III Pyramidal Tripolar,2,self_connection,EC LI II Multipolar Pyramidal,EC LI II Multipolar Pyramidal,18296.078460202098
greedy_tree_path,EC LII III Pyramidal Tripolar,3,self_connection,MEC LIII Bipolar Complex Pyramidal,MEC LIII Bipolar Complex Pyramidal,176.61548774480949
greedy_tree_path,EC LII III Pyramidal Tripolar,4,self_connection,MEC LIII Complex Pyramidal,MEC LIII Complex Pyramidal,1453.7180710081302
greedy_tree_path,EC LII III Pyramidal Tripolar,7,self_connection,CA3c Pyramidal,CA3c Pyramidal,639.8640695461409
greedy_tree_path,EC LII III Pyramidal Tripolar,8,self_connection,CA1 Pyramidal,CA1 Pyramidal,2793.7555172355333
greedy_tree_path,EC LII III Pyramidal Tripolar,9,self_connection,MEC LV VI Pyramidal Polymorphic,MEC LV VI Pyramidal Polymorphic,1336.06008642144
greedy_tree_path,EC LII III Pyramidal Tripolar,10,self_connection,EC LIV VI Deep Multipolar Principal,EC LIV VI Deep Multipolar Principal,1969.34413375272
greedy_tree_path,EC LII III Pyramidal Tripolar,11,self_connection,LEC LVI Multipolar Pyramidal,LEC LVI Multipolar Pyramidal,212.6675576452901
greedy_tree_path,EC LII III Pyramidal Tripolar,12,self_connection,LEC LIII Multipolar Principal,LEC LIII Multipolar Principal,496.4095848183002
greedy_tree_path,EC LII III Pyramidal Tripolar,13,self_connection,LEC LIII Complex Pyramidal,LEC LIII Complex Pyramidal,744.1845437655309
greedy_tree_path,EC LII III Pyramidal Tripolar,14,self_connection,EC LIII Pyramidal Stellate,EC LIII Pyramidal Stellate,360.1830629372671
greedy_tree_path,EC LII III Pyramidal Tripolar,15,self_connection,SUB CA1 Projecting Pyramidal,SUB CA1 Projecting Pyramidal,960.2428463623708
greedy_tree_path,EC LII III Pyramidal Tripolar,1,transition,EC LII III Pyramidal Tripolar,EC LI II Multipolar Pyramidal,4216.395703649579
greedy_tree_path,EC LII III Pyramidal Tripolar,2,transition,EC LI II Multipolar Pyramidal,MEC LIII Bipolar Complex Pyramidal,30698.001365671505
greedy_tree_path,EC LII III Pyramidal Tripolar,3,transition,MEC LIII Bipolar Complex Pyramidal,MEC LIII Complex Pyramidal,861.1914192115519
greedy_tree_path,EC LII III Pyramidal Tripolar,4,transition,MEC LIII Complex Pyramidal,MEC LII Stellate,1193.0847203135872
greedy_tree_path,EC LII III Pyramidal Tripolar,5,transition,MEC LII Stellate,CA3 Granule,19640.6765649223
greedy_tree_path,EC LII III Pyramidal Tripolar,6,transition,CA3 Granule,CA3c Pyramidal,2.280811281935155
greedy_tree_path,EC LII III Pyramidal Tripolar,7,transition,CA3c Pyramidal,CA1 Pyramidal,85609.60976338176
greedy_tree_path,EC LII III Pyramidal Tripolar,8,transition,CA1 Pyramidal,MEC LV VI Pyramidal Polymorphic,13564.64480225756
greedy_tree_path,EC LII III Pyramidal Tripolar,9,transition,MEC LV VI Pyramidal Polymorphic,EC LIV VI Deep Multipolar Principal,86.77596588341953
greedy_tree_path,EC LII III Pyramidal Tripolar,10,transition,EC LIV VI Deep Multipolar Principal,LEC LVI Multipolar Pyramidal,2246.3636143897743
greedy_tree_path,EC LII III Pyramidal Tripolar,11,transition,LEC LVI Multipolar Pyramidal,LEC LIII Multipolar Principal,304.0317537911717
greedy_tree_path,EC LII III Pyramidal Tripolar,12,transition,LEC LIII Multipolar Principal,LEC LIII Complex Pyramidal,556.0635991085179
greedy_tree_path,EC LII III Pyramidal Tripolar,13,transition,LEC LIII Complex Pyramidal,EC LIII Pyramidal Stellate,538.1000722266449
greedy_tree_path,EC LII III Pyramidal Tripolar,14,transition,EC LIII Pyramidal Stellate,SUB CA1 Projecting Pyramidal,389.79456390732304
greedy_tree_path,EC LII III Pyramidal Tripolar,15,transition,SUB CA1 Projecting Pyramidal,CA1 Radiatum Giant,8.28772603741471
greedy_tree_path,EC LIII Pyramidal,1,self_connection,EC LIII Pyramidal,EC LIII Pyramidal,17.545063132735347
greedy_tree_path,EC LIII Pyramidal,2,self_connection,CA1 Pyramidal,CA1 Pyramidal,2793.7555172355333
greedy_tree_path,EC LIII Pyramidal,3,self_connection,MEC LV VI Pyramidal Polymorphic,MEC LV VI Pyramidal Polymorphic,1336.06008642144
greedy_tree_path,EC LIII Pyramidal,4,self_connection,EC LIV VI Deep Multipolar Principal,EC LIV VI Deep Multipolar Principal,1969.34413375272
greedy_tree_path,EC LIII Pyramidal,5,self_connection,LEC LVI Multipolar Pyramidal,LEC LVI Multipolar Pyramidal,212.6675576452901
greedy_tree_path,EC LIII Pyramidal,6,self_connection,LEC LIII Multipolar Principal,LEC LIII Multipolar Principal,496.4095848183002
greedy_tree_path,EC LIII Pyramidal,7,self_connection,LEC LIII Complex Pyramidal,LEC LIII Complex Pyramidal,744.1845437655309
greedy_tree_path,EC LIII Pyramidal,8,self_connection,EC LIII Pyramidal Stellate,EC LIII Pyramidal Stellate,360.1830629372671
greedy_tree_path,EC LIII Pyramidal,9,self_connection,MEC LIII Complex Pyramidal,MEC LIII Complex Pyramidal,1453.7180710081302
greedy_tree_path,EC LIII Pyramidal,12,self_connection,CA3c Pyramidal,CA3c Pyramidal,639.8640695461409
greedy_tree_path,EC LIII Pyramidal,13,self_connection,CA2 Pyramidal,CA2 Pyramidal,2163.138288508038
greedy_tree_path,EC LIII Pyramidal,14,self_connection,DG Mossy,DG Mossy,1751.260654032912
greedy_tree_path,EC LIII Pyramidal,15,self_connection,DG Hilar Ectopic Granule,DG Hilar Ectopic Granule,0.9213810801264162
greedy_tree_path,EC LIII Pyramidal,16,self_connection,CA3 Pyramidal,CA3 Pyramidal,3278.450765697168
greedy_tree_path,EC LIII Pyramidal,1,transition,EC LIII Pyramidal,CA1 Pyramidal,399.8181948870682
greedy_tree_path,EC LIII Pyramidal,2,transition,CA1 Pyramidal,MEC LV VI Pyramidal Polymorphic,13564.64480225756
greedy_tree_path,EC LIII Pyramidal,3,transition,MEC LV VI Pyramidal Polymorphic,EC LIV VI Deep Multipolar Principal,86.77596588341953
greedy_tree_path,EC LIII Pyramidal,4,transition,EC LIV VI Deep Multipolar Principal,LEC LVI Multipolar Pyramidal,2246.3636143897743
greedy_tree_path,EC LIII Pyramidal,5,transition,LEC LVI Multipolar Pyramidal,LEC LIII Multipolar Principal,304.0317537911717
greedy_tree_path,EC LIII Pyramidal,6,transition,LEC LIII Multipolar Principal,LEC LIII Complex Pyramidal,556.0635991085179
greedy_tree_path,EC LIII Pyramidal,7,transition,LEC LIII Complex Pyramidal,EC LIII Pyramidal Stellate,538.1000722266449
greedy_tree_path,EC LIII Pyramidal,8,transition,EC LIII Pyramidal Stellate,MEC LIII Complex Pyramidal,647.4324185181202
greedy_tree_path,EC LIII Pyramidal,9,transition,MEC LIII Complex Pyramidal,MEC LII Stellate,1193.0847203135872
greedy_tree_path,EC LIII Pyramidal,10,transition,MEC LII Stellate,CA3 Granule,19640.6765649223
greedy_tree_path,EC LIII Pyramidal,11,transition,CA3 Granule,CA3c Pyramidal,2.280811281935155
greedy_tree_path,EC LIII Pyramidal,12,transition,CA3c Pyramidal,CA2 Pyramidal,24424.53581944845
greedy_tree_path,EC LIII Pyramidal,13,transition,CA2 Pyramidal,DG Mossy,4836.413875657298
greedy_tree_path,EC LIII Pyramidal,14,transition,DG Mossy,DG Hilar Ectopic Granule,2119.754290320353
greedy_tree_path,EC LIII Pyramidal,15,transition,DG Hilar Ectopic Granule,CA3 Pyramidal,0.0133035385226386
greedy_tree_path,EC LIII Pyramidal,16,transition,CA3 Pyramidal,CA1 Radiatum Giant,303.66294985857763
greedy_tree_path,EC LIII Pyramidal Stellate,1,self_connection,EC LIII Pyramidal Stellate,EC LIII Pyramidal Stellate,360.1830629372671
greedy_tree_path,EC LIII Pyramidal Stellate,2,self_connection,CA1 Pyramidal,CA1 Pyramidal,2793.7555172355333
greedy_tree_path,EC LIII Pyramidal Stellate,3,self_connection,MEC LV VI Pyramidal Polymorphic,MEC LV VI Pyramidal Polymorphic,1336.06008642144
greedy_tree_path,EC LIII Pyramidal Stellate,4,self_connection,EC LIV VI Deep Multipolar Principal,EC LIV VI Deep Multipolar Principal,1969.34413375272
greedy_tree_path,EC LIII Pyramidal Stellate,5,self_connection,LEC LVI Multipolar Pyramidal,LEC LVI Multipolar Pyramidal,212.6675576452901
greedy_tree_path,EC LIII Pyramidal Stellate,6,self_connection,LEC LIII Multipolar Principal,LEC LIII Multipolar Principal,496.4095848183002
greedy_tree_path,EC LIII Pyramidal Stellate,7,self_connection,LEC LIII Complex Pyramidal,LEC LIII Complex Pyramidal,744.1845437655309
greedy_tree_path,EC LIII Pyramidal Stellate,8,self_connection,EC LIII Stellate,EC LIII Stellate,60.68453664121218
greedy_tree_path,EC LIII Pyramidal Stellate,9,self_connection,MEC LIII Complex Pyramidal,MEC LIII Complex Pyramidal,1453.7180710081302
greedy_tree_path,EC LIII Pyramidal Stellate,12,self_connection,CA3c Pyramidal,CA3c Pyramidal,639.8640695461409
greedy_tree_path,EC LIII Pyramidal Stellate,13,self_connection,CA2 Pyramidal,CA2 Pyramidal,2163.138288508038
greedy_tree_path,EC LIII Pyramidal Stellate,14,self_connection,DG Mossy,DG Mossy,1751.260654032912
greedy_tree_path,EC LIII Pyramidal Stellate,15,self_connection,DG Hilar Ectopic Granule,DG Hilar Ectopic Granule,0.9213810801264162
greedy_tree_path,EC LIII Pyramidal Stellate,16,self_connection,CA3 Pyramidal,CA3 Pyramidal,3278.450765697168
greedy_tree_path,EC LIII Pyramidal Stellate,1,transition,EC LIII Pyramidal Stellate,CA1 Pyramidal,5351.494110639728
greedy_tree_path,EC LIII Pyramidal Stellate,2,transition,CA1 Pyramidal,MEC LV VI Pyramidal Polymorphic,13564.64480225756
greedy_tree_path,EC LIII Pyramidal Stellate,3,transition,MEC LV VI Pyramidal Polymorphic,EC LIV VI Deep Multipolar Principal,86.77596588341953
greedy_tree_path,EC LIII Pyramidal Stellate,4,transition,EC LIV VI Deep Multipolar Principal,LEC LVI Multipolar Pyramidal,2246.3636143897743
greedy_tree_path,EC LIII Pyramidal Stellate,5,transition,LEC LVI Multipolar Pyramidal,LEC LIII Multipolar Principal,304.0317537911717
greedy_tree_path,EC LIII Pyramidal Stellate,6,transition,LEC LIII Multipolar Principal,LEC LIII Complex Pyramidal,556.0635991085179
greedy_tree_path,EC LIII Pyramidal Stellate,7,transition,LEC LIII Complex Pyramidal,EC LIII Stellate,422.07977447495017
greedy_tree_path,EC LIII Pyramidal Stellate,8,transition,EC LIII Stellate,MEC LIII Complex Pyramidal,165.81222907217855
greedy_tree_path,EC LIII Pyramidal Stellate,9,transition,MEC LIII Complex Pyramidal,MEC LII Stellate,1193.0847203135872
greedy_tree_path,EC LIII Pyramidal Stellate,10,transition,MEC LII Stellate,CA3 Granule,19640.6765649223
greedy_tree_path,EC LIII Pyramidal Stellate,11,transition,CA3 Granule,CA3c Pyramidal,2.280811281935155
greedy_tree_path,EC LIII Pyramidal Stellate,12,transition,CA3c Pyramidal,CA2 Pyramidal,24424.53581944845
greedy_tree_path,EC LIII Pyramidal Stellate,13,transition,CA2 Pyramidal,DG Mossy,4836.413875657298
greedy_tree_path,EC LIII Pyramidal Stellate,14,transition,DG Mossy,DG Hilar Ectopic Granule,2119.754290320353
greedy_tree_path,EC LIII Pyramidal Stellate,15,transition,DG Hilar Ectopic Granule,CA3 Pyramidal,0.0133035385226386
greedy_tree_path,EC LIII Pyramidal Stellate,16,transition,CA3 Pyramidal,CA1 Radiatum Giant,303.66294985857763
greedy_tree_path,EC LIII Stellate,1,self_connection,EC LIII Stellate,EC LIII Stellate,60.68453664121218
greedy_tree_path,EC LIII Stellate,2,self_connection,MEC LIII Complex Pyramidal,MEC LIII Complex Pyramidal,1453.7180710081302
greedy_tree_path,EC LIII Stellate,5,self_connection,CA3c Pyramidal,CA3c Pyramidal,639.8640695461409
greedy_tree_path,EC LIII Stellate,6,self_connection,CA1 Pyramidal,CA1 Pyramidal,2793.7555172355333
greedy_tree_path,EC LIII Stellate,7,self_connection,MEC LV VI Pyramidal Polymorphic,MEC LV VI Pyramidal Polymorphic,1336.06008642144
greedy_tree_path,EC LIII Stellate,8,self_connection,EC LIV VI Deep Multipolar Principal,EC LIV VI Deep Multipolar Principal,1969.34413375272
greedy_tree_path,EC LIII Stellate,9,self_connection,LEC LVI Multipolar Pyramidal,LEC LVI Multipolar Pyramidal,212.6675576452901
greedy_tree_path,EC LIII Stellate,10,self_connection,LEC LIII Multipolar Principal,LEC LIII Multipolar Principal,496.4095848183002
greedy_tree_path,EC LIII Stellate,11,self_connection,LEC LIII Complex Pyramidal,LEC LIII Complex Pyramidal,744.1845437655309
greedy_tree_path,EC LIII Stellate,12,self_connection,EC LIII Pyramidal Stellate,EC LIII Pyramidal Stellate,360.1830629372671
greedy_tree_path,EC LIII Stellate,13,self_connection,MEC LIII Bipolar Complex Pyramidal,MEC LIII Bipolar Complex Pyramidal,176.61548774480949
greedy_tree_path,EC LIII Stellate,14,self_connection,MEC LII III Pyramidal Multiform,MEC LII III Pyramidal Multiform,307.79730677822744
greedy_tree_path,EC LIII Stellate,15,self_connection,MEC LV Multipolar Pyramidal,MEC LV Multipolar Pyramidal,201.78698075346315
greedy_tree_path,EC LIII Stellate,16,self_connection,MEC LV Superficial Pyramidal,MEC LV Superficial Pyramidal,104.14348764746217
greedy_tree_path,EC LIII Stellate,17,self_connection,MEC LV Pyramidal,MEC LV Pyramidal,565.2447275074132
greedy_tree_path,EC LIII Stellate,19,self_connection,DG Mossy,DG Mossy,1751.260654032912
greedy_tree_path,EC LIII Stellate,20,self_connection,DG Hilar Ectopic Granule,DG Hilar Ectopic Granule,0.9213810801264162
greedy_tree_path,EC LIII Stellate,21,self_connection,CA3 Pyramidal,CA3 Pyramidal,3278.450765697168
greedy_tree_path,EC LIII Stellate,22,self_connection,CA2 Pyramidal,CA2 Pyramidal,2163.138288508038
greedy_tree_path,EC LIII Stellate,1,transition,EC LIII Stellate,MEC LIII Complex Pyramidal,165.81222907217855
greedy_tree_path,EC LIII Stellate,2,transition,MEC LIII Complex Pyramidal,MEC LII Stellate,1193.0847203135872
greedy_tree_path,EC LIII Stellate,3,transition,MEC LII Stellate,CA3 Granule,19640.6765649223
greedy_tree_path,EC LIII Stellate,4,transition,CA3 Granule,CA3c Pyramidal,2.280811281935155
greedy_tree_path,EC LIII Stellate,5,transition,CA3c Pyramidal,CA1 Pyramidal,85609.60976338176
greedy_tree_path,EC LIII Stellate,6,transition,CA1 Pyramidal,MEC LV VI Pyramidal Polymorphic,13564.64480225756
greedy_tree_path,EC LIII Stellate,7,transition,MEC LV VI Pyramidal Polymorphic,EC LIV VI Deep Multipolar Principal,86.77596588341953
greedy_tree_path,EC LIII Stellate,8,transition,EC LIV VI Deep Multipolar Principal,LEC LVI Multipolar Pyramidal,2246.3636143897743
greedy_tree_path,EC LIII Stellate,9,transition,LEC LVI Multipolar Pyramidal,LEC LIII Multipolar Principal,304.0317537911717
greedy_tree_path,EC LIII Stellate,10,transition,LEC LIII Multipolar Principal,LEC LIII Complex Pyramidal,556.0635991085179
greedy_tree_path,EC LIII Stellate,11,transition,LEC LIII Complex Pyramidal,EC LIII Pyramidal Stellate,538.1000722266449
greedy_tree_path,EC LIII Stellate,12,transition,EC LIII Pyramidal Stellate,MEC LIII Bipolar Complex Pyramidal,418.9168875087689
greedy_tree_path,EC LIII Stellate,13,transition,MEC LIII Bipolar Complex Pyramidal,MEC LII III Pyramidal Multiform,156.10322882603091
greedy_tree_path,EC LIII Stellate,14,transition,MEC LII III Pyramidal Multiform,MEC LV Multipolar Pyramidal,750.744376370936
greedy_tree_path,EC LIII Stellate,15,transition,MEC LV Multipolar Pyramidal,MEC LV Superficial Pyramidal,138.44761428854213
greedy_tree_path,EC LIII Stellate,16,transition,MEC LV Superficial Pyramidal,MEC LV Pyramidal,138.477786593687
greedy_tree_path,EC LIII Stellate,17,transition,MEC LV Pyramidal,DG Granule,9568.736896643586
greedy_tree_path,EC LIII Stellate,18,transition,DG Granule,DG Mossy,44908.709978571016
greedy_tree_path,EC LIII Stellate,19,transition,DG Mossy,DG Hilar Ectopic Granule,2119.754290320353
greedy_tree_path,EC LIII Stellate,20,transition,DG Hilar Ectopic Granule,CA3 Pyramidal,0.0133035385226386
greedy_tree_path,EC LIII Stellate,21,transition,CA3 Pyramidal,CA2 Pyramidal,12467.302061608583
greedy_tree_path,EC LIII Stellate,22,transition,CA2 Pyramidal,CA1 Radiatum Giant,263.0645063940111
greedy_tree_path,EC LIII V Bipolar Pyramidal,1,self_connection,EC LIII V Bipolar Pyramidal,EC LIII V Bipolar Pyramidal,471.82519386819655
greedy_tree_path,EC LIII V Bipolar Pyramidal,2,self_connection,LEC LIII Multipolar Principal,LEC LIII Multipolar Principal,496.4095848183002
greedy_tree_path,EC LIII V Bipolar Pyramidal,3,self_connection,LEC LIII Complex Pyramidal,LEC LIII Complex Pyramidal,744.1845437655309
greedy_tree_path,EC LIII V Bipolar Pyramidal,4,self_connection,EC LIII Pyramidal Stellate,EC LIII Pyramidal Stellate,360.1830629372671
greedy_tree_path,EC LIII V Bipolar Pyramidal,5,self_connection,CA1 Pyramidal,CA1 Pyramidal,2793.7555172355333
greedy_tree_path,EC LIII V Bipolar Pyramidal,6,self_connection,MEC LV VI Pyramidal Polymorphic,MEC LV VI Pyramidal Polymorphic,1336.06008642144
greedy_tree_path,EC LIII V Bipolar Pyramidal,7,self_connection,EC LIV VI Deep Multipolar Principal,EC LIV VI Deep Multipolar Principal,1969.34413375272
greedy_tree_path,EC LIII V Bipolar Pyramidal,8,self_connection,LEC LVI Multipolar Pyramidal,LEC LVI Multipolar Pyramidal,212.6675576452901
greedy_tree_path,EC LIII V Bipolar Pyramidal,9,self_connection,EC LV Deep Pyramidal,EC LV Deep Pyramidal,398.1782023002817
greedy_tree_path,EC LIII V Bipolar Pyramidal,10,self_connection,MEC LV Pyramidal,MEC LV Pyramidal,565.2447275074132
greedy_tree_path,EC LIII V Bipolar Pyramidal,12,self_connection,DG Mossy,DG Mossy,1751.260654032912
greedy_tree_path,EC LIII V Bipolar Pyramidal,13,self_connection,DG Hilar Ectopic Granule,DG Hilar Ectopic Granule,0.9213810801264162
greedy_tree_path,EC LIII V Bipolar Pyramidal,14,self_connection,CA3c Pyramidal,CA3c Pyramidal,639.8640695461409
greedy_tree_path,EC LIII V Bipolar Pyramidal,15,self_connection,CA2 Pyramidal,CA2 Pyramidal,2163.138288508038
greedy_tree_path,EC LIII V Bipolar Pyramidal,16,self_connection,CA3 Pyramidal,CA3 Pyramidal,3278.450765697168
greedy_tree_path,EC LIII V Bipolar Pyramidal,1,transition,EC LIII V Bipolar Pyramidal,LEC LIII Multipolar Principal,1092.637693563088
greedy_tree_path,EC LIII V Bipolar Pyramidal,2,transition,LEC LIII Multipolar Principal,LEC LIII Complex Pyramidal,556.0635991085179
greedy_tree_path,EC LIII V Bipolar Pyramidal,3,transition,LEC LIII Complex Pyramidal,EC LIII Pyramidal Stellate,538.1000722266449
greedy_tree_path,EC LIII V Bipolar Pyramidal,4,transition,EC LIII Pyramidal Stellate,CA1 Pyramidal,5351.494110639728
greedy_tree_path,EC LIII V Bipolar Pyramidal,5,transition,CA1 Pyramidal,MEC LV VI Pyramidal Polymorphic,13564.64480225756
greedy_tree_path,EC LIII V Bipolar Pyramidal,6,transition,MEC LV VI Pyramidal Polymorphic,EC LIV VI Deep Multipolar Principal,86.77596588341953
greedy_tree_path,EC LIII V Bipolar Pyramidal,7,transition,EC LIV VI Deep Multipolar Principal,LEC LVI Multipolar Pyramidal,2246.3636143897743
greedy_tree_path,EC LIII V Bipolar Pyramidal,8,transition,LEC LVI Multipolar Pyramidal,EC LV Deep Pyramidal,111.3648716437705
greedy_tree_path,EC LIII V Bipolar Pyramidal,9,transition,EC LV Deep Pyramidal,MEC LV Pyramidal,172.39609835538727
greedy_tree_path,EC LIII V Bipolar Pyramidal,10,transition,MEC LV Pyramidal,DG Granule,9568.736896643586
greedy_tree_path,EC LIII V Bipolar Pyramidal,11,transition,DG Granule,DG Mossy,44908.709978571016
greedy_tree_path,EC LIII V Bipolar Pyramidal,12,transition,DG Mossy,DG Hilar Ectopic Granule,2119.754290320353
greedy_tree_path,EC LIII V Bipolar Pyramidal,13,transition,DG Hilar Ectopic Granule,CA3c Pyramidal,0.0550567880071112
greedy_tree_path,EC LIII V Bipolar Pyramidal,14,transition,CA3c Pyramidal,CA2 Pyramidal,24424.53581944845
greedy_tree_path,EC LIII V Bipolar Pyramidal,15,transition,CA2 Pyramidal,CA3 Pyramidal,1188.4585744965177
greedy_tree_path,EC LIII V Bipolar Pyramidal,16,transition,CA3 Pyramidal,CA3 Granule,3063.7033025481774
greedy_tree_path,EC LIV VI Deep Multipolar Principal,1,self_connection,EC LIV VI Deep Multipolar Principal,EC LIV VI Deep Multipolar Principal,1969.34413375272
greedy_tree_path,EC LIV VI Deep Multipolar Principal,2,self_connection,MEC LV VI Pyramidal Polymorphic,MEC LV VI Pyramidal Polymorphic,1336.06008642144
greedy_tree_path,EC LIV VI Deep Multipolar Principal,3,self_connection,EC LV Deep Pyramidal,EC LV Deep Pyramidal,398.1782023002817
greedy_tree_path,EC LIV VI Deep Multipolar Principal,4,self_connection,LEC LVI Multipolar Pyramidal,LEC LVI Multipolar Pyramidal,212.6675576452901
greedy_tree_path,EC LIV VI Deep Multipolar Principal,5,self_connection,LEC LIII Multipolar Principal,LEC LIII Multipolar Principal,496.4095848183002
greedy_tree_path,EC LIV VI Deep Multipolar Principal,6,self_connection,LEC LIII Complex Pyramidal,LEC LIII Complex Pyramidal,744.1845437655309
greedy_tree_path,EC LIV VI Deep Multipolar Principal,7,self_connection,EC LIII Pyramidal Stellate,EC LIII Pyramidal Stellate,360.1830629372671
greedy_tree_path,EC LIV VI Deep Multipolar Principal,8,self_connection,CA1 Pyramidal,CA1 Pyramidal,2793.7555172355333
greedy_tree_path,EC LIV VI Deep Multipolar Principal,9,self_connection,EC LIII V Bipolar Pyramidal,EC LIII V Bipolar Pyramidal,471.82519386819655
greedy_tree_path,EC LIV VI Deep Multipolar Principal,10,self_connection,MEC LIII Complex Pyramidal,MEC LIII Complex Pyramidal,1453.7180710081302
greedy_tree_path,EC LIV VI Deep Multipolar Principal,13,self_connection,CA3c Pyramidal,CA3c Pyramidal,639.8640695461409
greedy_tree_path,EC LIV VI Deep Multipolar Principal,14,self_connection,CA2 Pyramidal,CA2 Pyramidal,2163.138288508038
greedy_tree_path,EC LIV VI Deep Multipolar Principal,15,self_connection,DG Mossy,DG Mossy,1751.260654032912
greedy_tree_path,EC LIV VI Deep Multipolar Principal,16,self_connection,DG Hilar Ectopic Granule,DG Hilar Ectopic Granule,0.9213810801264162
greedy_tree_path,EC LIV VI Deep Multipolar Principal,17,self_connection,CA3 Pyramidal,CA3 Pyramidal,3278.450765697168
greedy_tree_path,EC LIV VI Deep Multipolar Principal,1,transition,EC LIV VI Deep Multipolar Principal,MEC LV VI Pyramidal Polymorphic,2582.023382309931
greedy_tree_path,EC LIV VI Deep Multipolar Principal,2,transition,MEC LV VI Pyramidal Polymorphic,EC LV Deep Pyramidal,78.22850736136446
greedy_tree_path,EC LIV VI Deep Multipolar Principal,3,transition,EC LV Deep Pyramidal,LEC LVI Multipolar Pyramidal,608.8907703194651
greedy_tree_path,EC LIV VI Deep Multipolar Principal,4,transition,LEC LVI Multipolar Pyramidal,LEC LIII Multipolar Principal,304.0317537911717
greedy_tree_path,EC LIV VI Deep Multipolar Principal,5,transition,LEC LIII Multipolar Principal,LEC LIII Complex Pyramidal,556.0635991085179
greedy_tree_path,EC LIV VI Deep Multipolar Principal,6,transition,LEC LIII Complex Pyramidal,EC LIII Pyramidal Stellate,538.1000722266449
greedy_tree_path,EC LIV VI Deep Multipolar Principal,7,transition,EC LIII Pyramidal Stellate,CA1 Pyramidal,5351.494110639728
greedy_tree_path,EC LIV VI Deep Multipolar Principal,8,transition,CA1 Pyramidal,EC LIII V Bipolar Pyramidal,5659.759259805604
greedy_tree_path,EC LIV VI Deep Multipolar Principal,9,transition,EC LIII V Bipolar Pyramidal,MEC LIII Complex Pyramidal,1055.6037252397975
greedy_tree_path,EC LIV VI Deep Multipolar Principal,10,transition,MEC LIII Complex Pyramidal,MEC LII Stellate,1193.0847203135872
greedy_tree_path,EC LIV VI Deep Multipolar Principal,11,transition,MEC LII Stellate,CA3 Granule,19640.6765649223
greedy_tree_path,EC LIV VI Deep Multipolar Principal,12,transition,CA3 Granule,CA3c Pyramidal,2.280811281935155
greedy_tree_path,EC LIV VI Deep Multipolar Principal,13,transition,CA3c Pyramidal,CA2 Pyramidal,24424.53581944845
greedy_tree_path,EC LIV VI Deep Multipolar Principal,14,transition,CA2 Pyramidal,DG Mossy,4836.413875657298
greedy_tree_path,EC LIV VI Deep Multipolar Principal,15,transition,DG Mossy,DG Hilar Ectopic Granule,2119.754290320353
greedy_tree_path,EC LIV VI Deep Multipolar Principal,16,transition,DG Hilar Ectopic Granule,CA3 Pyramidal,0.0133035385226386
greedy_tree_path,EC LIV VI Deep Multipolar Principal,17,transition,CA3 Pyramidal,CA1 Radiatum Giant,303.66294985857763
greedy_tree_path,EC LV Deep Pyramidal,1,self_connection,EC LV Deep Pyramidal,EC LV Deep Pyramidal,398.1782023002817
greedy_tree_path,EC LV Deep Pyramidal,2,self_connection,MEC LV VI Pyramidal Polymorphic,MEC LV VI Pyramidal Polymorphic,1336.06008642144
greedy_tree_path,EC LV Deep Pyramidal,3,self_connection,EC LIV VI Deep Multipolar Principal,EC LIV VI Deep Multipolar Principal,1969.34413375272
greedy_tree_path,EC LV Deep Pyramidal,4,self_connection,LEC LVI Multipolar Pyramidal,LEC LVI Multipolar Pyramidal,212.6675576452901
greedy_tree_path,EC LV Deep Pyramidal,5,self_connection,LEC LIII Multipolar Principal,LEC LIII Multipolar Principal,496.4095848183002
greedy_tree_path,EC LV Deep Pyramidal,6,self_connection,LEC LIII Complex Pyramidal,LEC LIII Complex Pyramidal,744.1845437655309
greedy_tree_path,EC LV Deep Pyramidal,7,self_connection,EC LIII Pyramidal Stellate,EC LIII Pyramidal Stellate,360.1830629372671
greedy_tree_path,EC LV Deep Pyramidal,8,self_connection,CA1 Pyramidal,CA1 Pyramidal,2793.7555172355333
greedy_tree_path,EC LV Deep Pyramidal,9,self_connection,EC LIII V Bipolar Pyramidal,EC LIII V Bipolar Pyramidal,471.82519386819655
greedy_tree_path,EC LV Deep Pyramidal,10,self_connection,MEC LIII Complex Pyramidal,MEC LIII Complex Pyramidal,1453.7180710081302
greedy_tree_path,EC LV Deep Pyramidal,13,self_connection,CA3c Pyramidal,CA3c Pyramidal,639.8640695461409
greedy_tree_path,EC LV Deep Pyramidal,14,self_connection,CA2 Pyramidal,CA2 Pyramidal,2163.138288508038
greedy_tree_path,EC LV Deep Pyramidal,15,self_connection,DG Mossy,DG Mossy,1751.260654032912
greedy_tree_path,EC LV Deep Pyramidal,16,self_connection,DG Hilar Ectopic Granule,DG Hilar Ectopic Granule,0.9213810801264162
greedy_tree_path,EC LV Deep Pyramidal,17,self_connection,CA3 Pyramidal,CA3 Pyramidal,3278.450765697168
greedy_tree_path,EC LV Deep Pyramidal,1,transition,EC LV Deep Pyramidal,MEC LV VI Pyramidal Polymorphic,633.5577406795122
greedy_tree_path,EC LV Deep Pyramidal,2,transition,MEC LV VI Pyramidal Polymorphic,EC LIV VI Deep Multipolar Principal,86.77596588341953
greedy_tree_path,EC LV Deep Pyramidal,3,transition,EC LIV VI Deep Multipolar Principal,LEC LVI Multipolar Pyramidal,2246.3636143897743
greedy_tree_path,EC LV Deep Pyramidal,4,transition,LEC LVI Multipolar Pyramidal,LEC LIII Multipolar Principal,304.0317537911717
greedy_tree_path,EC LV Deep Pyramidal,5,transition,LEC LIII Multipolar Principal,LEC LIII Complex Pyramidal,556.0635991085179
greedy_tree_path,EC LV Deep Pyramidal,6,transition,LEC LIII Complex Pyramidal,EC LIII Pyramidal Stellate,538.1000722266449
greedy_tree_path,EC LV Deep Pyramidal,7,transition,EC LIII Pyramidal Stellate,CA1 Pyramidal,5351.494110639728
greedy_tree_path,EC LV Deep Pyramidal,8,transition,CA1 Pyramidal,EC LIII V Bipolar Pyramidal,5659.759259805604
greedy_tree_path,EC LV Deep Pyramidal,9,transition,EC LIII V Bipolar Pyramidal,MEC LIII Complex Pyramidal,1055.6037252397975
greedy_tree_path,EC LV Deep Pyramidal,10,transition,MEC LIII Complex Pyramidal,MEC LII Stellate,1193.0847203135872
greedy_tree_path,EC LV Deep Pyramidal,11,transition,MEC LII Stellate,CA3 Granule,19640.6765649223
greedy_tree_path,EC LV Deep Pyramidal,12,transition,CA3 Granule,CA3c Pyramidal,2.280811281935155
greedy_tree_path,EC LV Deep Pyramidal,13,transition,CA3c Pyramidal,CA2 Pyramidal,24424.53581944845
greedy_tree_path,EC LV Deep Pyramidal,14,transition,CA2 Pyramidal,DG Mossy,4836.413875657298
greedy_tree_path,EC LV Deep Pyramidal,15,transition,DG Mossy,DG Hilar Ectopic Granule,2119.754290320353
greedy_tree_path,EC LV Deep Pyramidal,16,transition,DG Hilar Ectopic Granule,CA3 Pyramidal,0.0133035385226386
greedy_tree_path,EC LV Deep Pyramidal,17,transition,CA3 Pyramidal,CA1 Radiatum Giant,303.66294985857763
greedy_tree_path,LEC LIII Complex Pyramidal,1,self_connection,LEC LIII Complex Pyramidal,LEC LIII Complex Pyramidal,744.1845437655309
greedy_tree_path,LEC LIII Complex Pyramidal,2,self_connection,LEC LIII Multipolar Principal,LEC LIII Multipolar Principal,496.4095848183002
greedy_tree_path,LEC LIII Complex Pyramidal,3,self_connection,EC LI II Multipolar Pyramidal,EC LI II Multipolar Pyramidal,18296.078460202098
greedy_tree_path,LEC LIII Complex Pyramidal,4,self_connection,MEC LIII Bipolar Complex Pyramidal,MEC LIII Bipolar Complex Pyramidal,176.61548774480949
greedy_tree_path,LEC LIII Complex Pyramidal,5,self_connection,MEC LIII Complex Pyramidal,MEC LIII Complex Pyramidal,1453.7180710081302
greedy_tree_path,LEC LIII Complex Pyramidal,8,self_connection,CA3c Pyramidal,CA3c Pyramidal,639.8640695461409
greedy_tree_path,LEC LIII Complex Pyramidal,9,self_connection,CA1 Pyramidal,CA1 Pyramidal,2793.7555172355333
greedy_tree_path,LEC LIII Complex Pyramidal,10,self_connection,MEC LV VI Pyramidal Polymorphic,MEC LV VI Pyramidal Polymorphic,1336.06008642144
greedy_tree_path,LEC LIII Complex Pyramidal,11,self_connection,EC LIV VI Deep Multipolar Principal,EC LIV VI Deep Multipolar Principal,1969.34413375272
greedy_tree_path,LEC LIII Complex Pyramidal,12,self_connection,LEC LVI Multipolar Pyramidal,LEC LVI Multipolar Pyramidal,212.6675576452901
greedy_tree_path,LEC LIII Complex Pyramidal,13,self_connection,EC LIII Pyramidal Stellate,EC LIII Pyramidal Stellate,360.1830629372671
greedy_tree_path,LEC LIII Complex Pyramidal,14,self_connection,SUB CA1 Projecting Pyramidal,SUB CA1 Projecting Pyramidal,960.2428463623708
greedy_tree_path,LEC LIII Complex Pyramidal,1,transition,LEC LIII Complex Pyramidal,LEC LIII Multipolar Principal,814.9191961799069
greedy_tree_path,LEC LIII Complex Pyramidal,2,transition,LEC LIII Multipolar Principal,EC LI II Multipolar Pyramidal,539.4518276519966
greedy_tree_path,LEC LIII Complex Pyramidal,3,transition,EC LI II Multipolar Pyramidal,MEC LIII Bipolar Complex Pyramidal,30698.001365671505
greedy_tree_path,LEC LIII Complex Pyramidal,4,transition,MEC LIII Bipolar Complex Pyramidal,MEC LIII Complex Pyramidal,861.1914192115519
greedy_tree_path,LEC LIII Complex Pyramidal,5,transition,MEC LIII Complex Pyramidal,MEC LII Stellate,1193.0847203135872
greedy_tree_path,LEC LIII Complex Pyramidal,6,transition,MEC LII Stellate,CA3 Granule,19640.6765649223
greedy_tree_path,LEC LIII Complex Pyramidal,7,transition,CA3 Granule,CA3c Pyramidal,2.280811281935155
greedy_tree_path,LEC LIII Complex Pyramidal,8,transition,CA3c Pyramidal,CA1 Pyramidal,85609.60976338176
greedy_tree_path,LEC LIII Complex Pyramidal,9,transition,CA1 Pyramidal,MEC LV VI Pyramidal Polymorphic,13564.64480225756
greedy_tree_path,LEC LIII Complex Pyramidal,10,transition,MEC LV VI Pyramidal Polymorphic,EC LIV VI Deep Multipolar Principal,86.77596588341953
greedy_tree_path,LEC LIII Complex Pyramidal,11,transition,EC LIV VI Deep Multipolar Principal,LEC LVI Multipolar Pyramidal,2246.3636143897743
greedy_tree_path,LEC LIII Complex Pyramidal,12,transition,LEC LVI Multipolar Pyramidal,EC LIII Pyramidal Stellate,138.9942025493572
greedy_tree_path,LEC LIII Complex Pyramidal,13,transition,EC LIII Pyramidal Stellate,SUB CA1 Projecting Pyramidal,389.79456390732304
greedy_tree_path,LEC LIII Complex Pyramidal,14,transition,SUB CA1 Projecting Pyramidal,CA1 Radiatum Giant,8.28772603741471
greedy_tree_path,LEC LIII Multipolar Principal,1,self_connection,LEC LIII Multipolar Principal,LEC LIII Multipolar Principal,496.4095848183002
greedy_tree_path,LEC LIII Multipolar Principal,2,self_connection,LEC LIII Complex Pyramidal,LEC LIII Complex Pyramidal,744.1845437655309
greedy_tree_path,LEC LIII Multipolar Principal,3,self_connection,EC LIII Pyramidal Stellate,EC LIII Pyramidal Stellate,360.1830629372671
greedy_tree_path,LEC LIII Multipolar Principal,4,self_connection,CA1 Pyramidal,CA1 Pyramidal,2793.7555172355333
greedy_tree_path,LEC LIII Multipolar Principal,5,self_connection,MEC LV VI Pyramidal Polymorphic,MEC LV VI Pyramidal Polymorphic,1336.06008642144
greedy_tree_path,LEC LIII Multipolar Principal,6,self_connection,EC LIV VI Deep Multipolar Principal,EC LIV VI Deep Multipolar Principal,1969.34413375272
greedy_tree_path,LEC LIII Multipolar Principal,7,self_connection,LEC LVI Multipolar Pyramidal,LEC LVI Multipolar Pyramidal,212.6675576452901
greedy_tree_path,LEC LIII Multipolar Principal,8,self_connection,EC LV Deep Pyramidal,EC LV Deep Pyramidal,398.1782023002817
greedy_tree_path,LEC LIII Multipolar Principal,9,self_connection,EC LIII V Bipolar Pyramidal,EC LIII V Bipolar Pyramidal,471.82519386819655
greedy_tree_path,LEC LIII Multipolar Principal,10,self_connection,MEC LIII Complex Pyramidal,MEC LIII Complex Pyramidal,1453.7180710081302
greedy_tree_path,LEC LIII Multipolar Principal,13,self_connection,CA3c Pyramidal,CA3c Pyramidal,639.8640695461409
greedy_tree_path,LEC LIII Multipolar Principal,14,self_connection,CA2 Pyramidal,CA2 Pyramidal,2163.138288508038
greedy_tree_path,LEC LIII Multipolar Principal,15,self_connection,DG Mossy,DG Mossy,1751.260654032912
greedy_tree_path,LEC LIII Multipolar Principal,16,self_connection,DG Hilar Ectopic Granule,DG Hilar Ectopic Granule,0.9213810801264162
greedy_tree_path,LEC LIII Multipolar Principal,17,self_connection,CA3 Pyramidal,CA3 Pyramidal,3278.450765697168
greedy_tree_path,LEC LIII Multipolar Principal,1,transition,LEC LIII Multipolar Principal,LEC LIII Complex Pyramidal,556.0635991085179
greedy_tree_path,LEC LIII Multipolar Principal,2,transition,LEC LIII Complex Pyramidal,EC LIII Pyramidal Stellate,538.1000722266449
greedy_tree_path,LEC LIII Multipolar Principal,3,transition,EC LIII Pyramidal Stellate,CA1 Pyramidal,5351.494110639728
greedy_tree_path,LEC LIII Multipolar Principal,4,transition,CA1 Pyramidal,MEC LV VI Pyramidal Polymorphic,13564.64480225756
greedy_tree_path,LEC LIII Multipolar Principal,5,transition,MEC LV VI Pyramidal Polymorphic,EC LIV VI Deep Multipolar Principal,86.77596588341953
greedy_tree_path,LEC LIII Multipolar Principal,6,transition,EC LIV VI Deep Multipolar Principal,LEC LVI Multipolar Pyramidal,2246.3636143897743
greedy_tree_path,LEC LIII Multipolar Principal,7,transition,LEC LVI Multipolar Pyramidal,EC LV Deep Pyramidal,111.3648716437705
greedy_tree_path,LEC LIII Multipolar Principal,8,transition,EC LV Deep Pyramidal,EC LIII V Bipolar Pyramidal,180.4005489546849
greedy_tree_path,LEC LIII Multipolar Principal,9,transition,EC LIII V Bipolar Pyramidal,MEC LIII Complex Pyramidal,1055.6037252397975
greedy_tree_path,LEC LIII Multipolar Principal,10,transition,MEC LIII Complex Pyramidal,MEC LII Stellate,1193.0847203135872
greedy_tree_path,LEC LIII Multipolar Principal,11,transition,MEC LII Stellate,CA3 Granule,19640.6765649223
greedy_tree_path,LEC LIII Multipolar Principal,12,transition,CA3 Granule,CA3c Pyramidal,2.280811281935155
greedy_tree_path,LEC LIII Multipolar Principal,13,transition,CA3c Pyramidal,CA2 Pyramidal,24424.53581944845
greedy_tree_path,LEC LIII Multipolar Principal,14,transition,CA2 Pyramidal,DG Mossy,4836.413875657298
greedy_tree_path,LEC LIII Multipolar Principal,15,transition,DG Mossy,DG Hilar Ectopic Granule,2119.754290320353
greedy_tree_path,LEC LIII Multipolar Principal,16,transition,DG Hilar Ectopic Granule,CA3 Pyramidal,0.0133035385226386
greedy_tree_path,LEC LIII Multipolar Principal,17,transition,CA3 Pyramidal,CA1 Radiatum Giant,303.66294985857763
greedy_tree_path,LEC LVI Multipolar Pyramidal,1,self_connection,LEC LVI Multipolar Pyramidal,LEC LVI Multipolar Pyramidal,212.6675576452901
greedy_tree_path,LEC LVI Multipolar Pyramidal,2,self_connection,LEC LIII Multipolar Principal,LEC LIII Multipolar Principal,496.4095848183002
greedy_tree_path,LEC LVI Multipolar Pyramidal,3,self_connection,LEC LIII Complex Pyramidal,LEC LIII Complex Pyramidal,744.1845437655309
greedy_tree_path,LEC LVI Multipolar Pyramidal,4,self_connection,EC LIII Pyramidal Stellate,EC LIII Pyramidal Stellate,360.1830629372671
greedy_tree_path,LEC LVI Multipolar Pyramidal,5,self_connection,CA1 Pyramidal,CA1 Pyramidal,2793.7555172355333
greedy_tree_path,LEC LVI Multipolar Pyramidal,6,self_connection,MEC LV VI Pyramidal Polymorphic,MEC LV VI Pyramidal Polymorphic,1336.06008642144
greedy_tree_path,LEC LVI Multipolar Pyramidal,7,self_connection,EC LIV VI Deep Multipolar Principal,EC LIV VI Deep Multipolar Principal,1969.34413375272
greedy_tree_path,LEC LVI Multipolar Pyramidal,8,self_connection,MEC LIII Complex Pyramidal,MEC LIII Complex Pyramidal,1453.7180710081302
greedy_tree_path,LEC LVI Multipolar Pyramidal,11,self_connection,CA3c Pyramidal,CA3c Pyramidal,639.8640695461409
greedy_tree_path,LEC LVI Multipolar Pyramidal,12,self_connection,CA2 Pyramidal,CA2 Pyramidal,2163.138288508038
greedy_tree_path,LEC LVI Multipolar Pyramidal,13,self_connection,DG Mossy,DG Mossy,1751.260654032912
greedy_tree_path,LEC LVI Multipolar Pyramidal,14,self_connection,DG Hilar Ectopic Granule,DG Hilar Ectopic Granule,0.9213810801264162
greedy_tree_path,LEC LVI Multipolar Pyramidal,15,self_connection,CA3 Pyramidal,CA3 Pyramidal,3278.450765697168
greedy_tree_path,LEC LVI Multipolar Pyramidal,1,transition,LEC LVI Multipolar Pyramidal,LEC LIII Multipolar Principal,304.0317537911717
greedy_tree_path,LEC LVI Multipolar Pyramidal,2,transition,LEC LIII Multipolar Principal,LEC LIII Complex Pyramidal,556.0635991085179
greedy_tree_path,LEC LVI Multipolar Pyramidal,3,transition,LEC LIII Complex Pyramidal,EC LIII Pyramidal Stellate,538.1000722266449
greedy_tree_path,LEC LVI Multipolar Pyramidal,4,transition,EC LIII Pyramidal Stellate,CA1 Pyramidal,5351.494110639728
greedy_tree_path,LEC LVI Multipolar Pyramidal,5,transition,CA1 Pyramidal,MEC LV VI Pyramidal Polymorphic,13564.64480225756
greedy_tree_path,LEC LVI Multipolar Pyramidal,6,transition,MEC LV VI Pyramidal Polymorphic,EC LIV VI Deep Multipolar Principal,86.77596588341953
greedy_tree_path,LEC LVI Multipolar Pyramidal,7,transition,EC LIV VI Deep Multipolar Principal,MEC LIII Complex Pyramidal,1427.516326568439
greedy_tree_path,LEC LVI Multipolar Pyramidal,8,transition,MEC LIII Complex Pyramidal,MEC LII Stellate,1193.0847203135872
greedy_tree_path,LEC LVI Multipolar Pyramidal,9,transition,MEC LII Stellate,CA3 Granule,19640.6765649223
greedy_tree_path,LEC LVI Multipolar Pyramidal,10,transition,CA3 Granule,CA3c Pyramidal,2.280811281935155
greedy_tree_path,LEC LVI Multipolar Pyramidal,11,transition,CA3c Pyramidal,CA2 Pyramidal,24424.53581944845
greedy_tree_path,LEC LVI Multipolar Pyramidal,12,transition,CA2 Pyramidal,DG Mossy,4836.413875657298
greedy_tree_path,LEC LVI Multipolar Pyramidal,13,transition,DG Mossy,DG Hilar Ectopic Granule,2119.754290320353
greedy_tree_path,LEC LVI Multipolar Pyramidal,14,transition,DG Hilar Ectopic Granule,CA3 Pyramidal,0.0133035385226386
greedy_tree_path,LEC LVI Multipolar Pyramidal,15,transition,CA3 Pyramidal,CA1 Radiatum Giant,303.66294985857763
greedy_tree_path,MEC LII III Pyramidal Multiform,1,self_connection,MEC LII III Pyramidal Multiform,MEC LII III Pyramidal Multiform,307.79730677822744
greedy_tree_path,MEC LII III Pyramidal Multiform,2,self_connection,MEC LV VI Pyramidal Polymorphic,MEC LV VI Pyramidal Polymorphic,1336.06008642144
greedy_tree_path,MEC LII III Pyramidal Multiform,3,self_connection,EC LIV VI Deep Multipolar Principal,EC LIV VI Deep Multipolar Principal,1969.34413375272
greedy_tree_path,MEC LII III Pyramidal Multiform,4,self_connection,LEC LVI Multipolar Pyramidal,LEC LVI Multipolar Pyramidal,212.6675576452901
greedy_tree_path,MEC LII III Pyramidal Multiform,5,self_connection,LEC LIII Multipolar Principal,LEC LIII Multipolar Principal,496.4095848183002
greedy_tree_path,MEC LII III Pyramidal Multiform,6,self_connection,LEC LIII Complex Pyramidal,LEC LIII Complex Pyramidal,744.1845437655309
greedy_tree_path,MEC LII III Pyramidal Multiform,7,self_connection,EC LIII Pyramidal Stellate,EC LIII Pyramidal Stellate,360.1830629372671
greedy_tree_path,MEC LII III Pyramidal Multiform,8,self_connection,CA1 Pyramidal,CA1 Pyramidal,2793.7555172355333
greedy_tree_path,MEC LII III Pyramidal Multiform,9,self_connection,EC LV Deep Pyramidal,EC LV Deep Pyramidal,398.1782023002817
greedy_tree_path,MEC LII III Pyramidal Multiform,10,self_connection,EC LIII V Bipolar Pyramidal,EC LIII V Bipolar Pyramidal,471.82519386819655
greedy_tree_path,MEC LII III Pyramidal Multiform,11,self_connection,MEC LIII Complex Pyramidal,MEC LIII Complex Pyramidal,1453.7180710081302
greedy_tree_path,MEC LII III Pyramidal Multiform,14,self_connection,CA3c Pyramidal,CA3c Pyramidal,639.8640695461409
greedy_tree_path,MEC LII III Pyramidal Multiform,15,self_connection,CA2 Pyramidal,CA2 Pyramidal,2163.138288508038
greedy_tree_path,MEC LII III Pyramidal Multiform,16,self_connection,DG Mossy,DG Mossy,1751.260654032912
greedy_tree_path,MEC LII III Pyramidal Multiform,17,self_connection,DG Hilar Ectopic Granule,DG Hilar Ectopic Granule,0.9213810801264162
greedy_tree_path,MEC LII III Pyramidal Multiform,18,self_connection,CA3 Pyramidal,CA3 Pyramidal,3278.450765697168
greedy_tree_path,MEC LII III Pyramidal Multiform,1,transition,MEC LII III Pyramidal Multiform,MEC LV VI Pyramidal Polymorphic,1304.0113874450217
greedy_tree_path,MEC LII III Pyramidal Multiform,2,transition,MEC LV VI Pyramidal Polymorphic,EC LIV VI Deep Multipolar Principal,86.77596588341953
greedy_tree_path,MEC LII III Pyramidal Multiform,3,transition,EC LIV VI Deep Multipolar Principal,LEC LVI Multipolar Pyramidal,2246.3636143897743
greedy_tree_path,MEC LII III Pyramidal Multiform,4,transition,LEC LVI Multipolar Pyramidal,LEC LIII Multipolar Principal,304.0317537911717
greedy_tree_path,MEC LII III Pyramidal Multiform,5,transition,LEC LIII Multipolar Principal,LEC LIII Complex Pyramidal,556.0635991085179
greedy_tree_path,MEC LII III Pyramidal Multiform,6,transition,LEC LIII Complex Pyramidal,EC LIII Pyramidal Stellate,538.1000722266449
greedy_tree_path,MEC LII III Pyramidal Multiform,7,transition,EC LIII Pyramidal Stellate,CA1 Pyramidal,5351.494110639728
greedy_tree_path,MEC LII III Pyramidal Multiform,8,transition,CA1 Pyramidal,EC LV Deep Pyramidal,6927.87660371489
greedy_tree_path,MEC LII III Pyramidal Multiform,9,transition,EC LV Deep Pyramidal,EC LIII V Bipolar Pyramidal,180.4005489546849
greedy_tree_path,MEC LII III Pyramidal Multiform,10,transition,EC LIII V Bipolar Pyramidal,MEC LIII Complex Pyramidal,1055.6037252397975
greedy_tree_path,MEC LII III Pyramidal Multiform,11,transition,MEC LIII Complex Pyramidal,MEC LII Stellate,1193.0847203135872
greedy_tree_path,MEC LII III Pyramidal Multiform,12,transition,MEC LII Stellate,CA3 Granule,19640.6765649223
greedy_tree_path,MEC LII III Pyramidal Multiform,13,transition,CA3 Granule,CA3c Pyramidal,2.280811281935155
greedy_tree_path,MEC LII III Pyramidal Multiform,14,transition,CA3c Pyramidal,CA2 Pyramidal,24424.53581944845
greedy_tree_path,MEC LII III Pyramidal Multiform,15,transition,CA2 Pyramidal,DG Mossy,4836.413875657298
greedy_tree_path,MEC LII III Pyramidal Multiform,16,transition,DG Mossy,DG Hilar Ectopic Granule,2119.754290320353
greedy_tree_path,MEC LII III Pyramidal Multiform,17,transition,DG Hilar Ectopic Granule,CA3 Pyramidal,0.0133035385226386
greedy_tree_path,MEC LII III Pyramidal Multiform,18,transition,CA3 Pyramidal,CA1 Radiatum Giant,303.66294985857763
greedy_tree_path,MEC LII Oblique Pyramidal,2,self_connection,MEC LIII Complex Pyramidal,MEC LIII Complex Pyramidal,1453.7180710081302
greedy_tree_path,MEC LII Oblique Pyramidal,5,self_connection,CA3c Pyramidal,CA3c Pyramidal,639.8640695461409
greedy_tree_path,MEC LII Oblique Pyramidal,6,self_connection,CA1 Pyramidal,CA1 Pyramidal,2793.7555172355333
greedy_tree_path,MEC LII Oblique Pyramidal,7,self_connection,MEC LV VI Pyramidal Polymorphic,MEC LV VI Pyramidal Polymorphic,1336.06008642144
greedy_tree_path,MEC LII Oblique Pyramidal,8,self_connection,EC LIV VI Deep Multipolar Principal,EC LIV VI Deep Multipolar Principal,1969.34413375272
greedy_tree_path,MEC LII Oblique Pyramidal,9,self_connection,LEC LVI Multipolar Pyramidal,LEC LVI Multipolar Pyramidal,212.6675576452901
greedy_tree_path,MEC LII Oblique Pyramidal,10,self_connection,LEC LIII Multipolar Principal,LEC LIII Multipolar Principal,496.4095848183002
greedy_tree_path,MEC LII Oblique Pyramidal,11,self_connection,LEC LIII Complex Pyramidal,LEC LIII Complex Pyramidal,744.1845437655309
greedy_tree_path,MEC LII Oblique Pyramidal,12,self_connection,EC LIII Pyramidal Stellate,EC LIII Pyramidal Stellate,360.1830629372671
greedy_tree_path,MEC LII Oblique Pyramidal,13,self_connection,MEC LIII Bipolar Complex Pyramidal,MEC LIII Bipolar Complex Pyramidal,176.61548774480949
greedy_tree_path,MEC LII Oblique Pyramidal,14,self_connection,MEC LII III Pyramidal Multiform,MEC LII III Pyramidal Multiform,307.79730677822744
greedy_tree_path,MEC LII Oblique Pyramidal,15,self_connection,MEC LV Multipolar Pyramidal,MEC LV Multipolar Pyramidal,201.78698075346315
greedy_tree_path,MEC LII Oblique Pyramidal,16,self_connection,MEC LV Superficial Pyramidal,MEC LV Superficial Pyramidal,104.14348764746217
greedy_tree_path,MEC LII Oblique Pyramidal,17,self_connection,MEC LV Pyramidal,MEC LV Pyramidal,565.2447275074132
greedy_tree_path,MEC LII Oblique Pyramidal,19,self_connection,DG Mossy,DG Mossy,1751.260654032912
greedy_tree_path,MEC LII Oblique Pyramidal,20,self_connection,DG Hilar Ectopic Granule,DG Hilar Ectopic Granule,0.9213810801264162
greedy_tree_path,MEC LII Oblique Pyramidal,21,self_connection,CA3 Pyramidal,CA3 Pyramidal,3278.450765697168
greedy_tree_path,MEC LII Oblique Pyramidal,22,self_connection,CA2 Pyramidal,CA2 Pyramidal,2163.138288508038
greedy_tree_path,MEC LII Oblique Pyramidal,1,transition,MEC LII Oblique Pyramidal,MEC LIII Complex Pyramidal,455.4398944649327
greedy_tree_path,MEC LII Oblique Pyramidal,2,transition,MEC LIII Complex Pyramidal,MEC LII Stellate,1193.0847203135872
greedy_tree_path,MEC LII Oblique Pyramidal,3,transition,MEC LII Stellate,CA3 Granule,19640.6765649223
greedy_tree_path,MEC LII Oblique Pyramidal,4,transition,CA3 Granule,CA3c Pyramidal,2.280811281935155
greedy_tree_path,MEC LII Oblique Pyramidal,5,transition,CA3c Pyramidal,CA1 Pyramidal,85609.60976338176
greedy_tree_path,MEC LII Oblique Pyramidal,6,transition,CA1 Pyramidal,MEC LV VI Pyramidal Polymorphic,13564.64480225756
greedy_tree_path,MEC LII Oblique Pyramidal,7,transition,MEC LV VI Pyramidal Polymorphic,EC LIV VI Deep Multipolar Principal,86.77596588341953
greedy_tree_path,MEC LII Oblique Pyramidal,8,transition,EC LIV VI Deep Multipolar Principal,LEC LVI Multipolar Pyramidal,2246.3636143897743
greedy_tree_path,MEC LII Oblique Pyramidal,9,transition,LEC LVI Multipolar Pyramidal,LEC LIII Multipolar Principal,304.0317537911717
greedy_tree_path,MEC LII Oblique Pyramidal,10,transition,LEC LIII Multipolar Principal,LEC LIII Complex Pyramidal,556.0635991085179
greedy_tree_path,MEC LII Oblique Pyramidal,11,transition,LEC LIII Complex Pyramidal,EC LIII Pyramidal Stellate,538.1000722266449
greedy_tree_path,MEC LII Oblique Pyramidal,12,transition,EC LIII Pyramidal Stellate,MEC LIII Bipolar Complex Pyramidal,418.9168875087689
greedy_tree_path,MEC LII Oblique Pyramidal,13,transition,MEC LIII Bipolar Complex Pyramidal,MEC LII III Pyramidal Multiform,156.10322882603091
greedy_tree_path,MEC LII Oblique Pyramidal,14,transition,MEC LII III Pyramidal Multiform,MEC LV Multipolar Pyramidal,750.744376370936
greedy_tree_path,MEC LII Oblique Pyramidal,15,transition,MEC LV Multipolar Pyramidal,MEC LV Superficial Pyramidal,138.44761428854213
greedy_tree_path,MEC LII Oblique Pyramidal,16,transition,MEC LV Superficial Pyramidal,MEC LV Pyramidal,138.477786593687
greedy_tree_path,MEC LII Oblique Pyramidal,17,transition,MEC LV Pyramidal,DG Granule,9568.736896643586
greedy_tree_path,MEC LII Oblique Pyramidal,18,transition,DG Granule,DG Mossy,44908.709978571016
greedy_tree_path,MEC LII Oblique Pyramidal,19,transition,DG Mossy,DG Hilar Ectopic Granule,2119.754290320353
greedy_tree_path,MEC LII Oblique Pyramidal,20,transition,DG Hilar Ectopic Granule,CA3 Pyramidal,0.0133035385226386
greedy_tree_path,MEC LII Oblique Pyramidal,21,transition,CA3 Pyramidal,CA2 Pyramidal,12467.302061608583
greedy_tree_path,MEC LII Oblique Pyramidal,22,transition,CA2 Pyramidal,CA1 Radiatum Giant,263.0645063940111
greedy_tree_path,MEC LII Stellate,3,self_connection,CA3c Pyramidal,CA3c Pyramidal,639.8640695461409
greedy_tree_path,MEC LII Stellate,4,self_connection,CA1 Pyramidal,CA1 Pyramidal,2793.7555172355333
greedy_tree_path,MEC LII Stellate,5,self_connection,MEC LV VI Pyramidal Polymorphic,MEC LV VI Pyramidal Polymorphic,1336.06008642144
greedy_tree_path,MEC LII Stellate,6,self_connection,EC LIV VI Deep Multipolar Principal,EC LIV VI Deep Multipolar Principal,1969.34413375272
greedy_tree_path,MEC LII Stellate,7,self_connection,LEC LVI Multipolar Pyramidal,LEC LVI Multipolar Pyramidal,212.6675576452901
greedy_tree_path,MEC LII Stellate,8,self_connection,LEC LIII Multipolar Principal,LEC LIII Multipolar Principal,496.4095848183002
greedy_tree_path,MEC LII Stellate,9,self_connection,LEC LIII Complex Pyramidal,LEC LIII Complex Pyramidal,744.1845437655309
greedy_tree_path,MEC LII Stellate,10,self_connection,EC LIII Pyramidal Stellate,EC LIII Pyramidal Stellate,360.1830629372671
greedy_tree_path,MEC LII Stellate,11,self_connection,MEC LIII Complex Pyramidal,MEC LIII Complex Pyramidal,1453.7180710081302
greedy_tree_path,MEC LII Stellate,13,self_connection,MEC LV Superficial Pyramidal,MEC LV Superficial Pyramidal,104.14348764746217
greedy_tree_path,MEC LII Stellate,14,self_connection,MEC LV Multipolar Pyramidal,MEC LV Multipolar Pyramidal,201.78698075346315
greedy_tree_path,MEC LII Stellate,15,self_connection,MEC LIII Bipolar Complex Pyramidal,MEC LIII Bipolar Complex Pyramidal,176.61548774480949
greedy_tree_path,MEC LII Stellate,16,self_connection,MEC LII III Pyramidal Multiform,MEC LII III Pyramidal Multiform,307.79730677822744
greedy_tree_path,MEC LII Stellate,17,self_connection,MEC LV Pyramidal,MEC LV Pyramidal,565.2447275074132
greedy_tree_path,MEC LII Stellate,19,self_connection,DG Mossy,DG Mossy,1751.260654032912
greedy_tree_path,MEC LII Stellate,20,self_connection,DG Hilar Ectopic Granule,DG Hilar Ectopic Granule,0.9213810801264162
greedy_tree_path,MEC LII Stellate,21,self_connection,CA3 Pyramidal,CA3 Pyramidal,3278.450765697168
greedy_tree_path,MEC LII Stellate,22,self_connection,CA2 Pyramidal,CA2 Pyramidal,2163.138288508038
greedy_tree_path,MEC LII Stellate,1,transition,MEC LII Stellate,CA3 Granule,19640.6765649223
greedy_tree_path,MEC LII Stellate,2,transition,CA3 Granule,CA3c Pyramidal,2.280811281935155
greedy_tree_path,MEC LII Stellate,3,transition,CA3c Pyramidal,CA1 Pyramidal,85609.60976338176
greedy_tree_path,MEC LII Stellate,4,transition,CA1 Pyramidal,MEC LV VI Pyramidal Polymorphic,13564.64480225756
greedy_tree_path,MEC LII Stellate,5,transition,MEC LV VI Pyramidal Polymorphic,EC LIV VI Deep Multipolar Principal,86.77596588341953
greedy_tree_path,MEC LII Stellate,6,transition,EC LIV VI Deep Multipolar Principal,LEC LVI Multipolar Pyramidal,2246.3636143897743
greedy_tree_path,MEC LII Stellate,7,transition,LEC LVI Multipolar Pyramidal,LEC LIII Multipolar Principal,304.0317537911717
greedy_tree_path,MEC LII Stellate,8,transition,LEC LIII Multipolar Principal,LEC LIII Complex Pyramidal,556.0635991085179
greedy_tree_path,MEC LII Stellate,9,transition,LEC LIII Complex Pyramidal,EC LIII Pyramidal Stellate,538.1000722266449
greedy_tree_path,MEC LII Stellate,10,transition,EC LIII Pyramidal Stellate,MEC LIII Complex Pyramidal,647.4324185181202
greedy_tree_path,MEC LII Stellate,11,transition,MEC LIII Complex Pyramidal,MEC LII Oblique Pyramidal,569.2148212010752
greedy_tree_path,MEC LII Stellate,12,transition,MEC LII Oblique Pyramidal,MEC LV Superficial Pyramidal,73.63513359542591
greedy_tree_path,MEC LII Stellate,13,transition,MEC LV Superficial Pyramidal,MEC LV Multipolar Pyramidal,218.5111462490885
greedy_tree_path,MEC LII Stellate,14,transition,MEC LV Multipolar Pyramidal,MEC LIII Bipolar Complex Pyramidal,149.07265177363325
greedy_tree_path,MEC LII Stellate,15,transition,MEC LIII Bipolar Complex Pyramidal,MEC LII III Pyramidal Multiform,156.10322882603091
greedy_tree_path,MEC LII Stellate,16,transition,MEC LII III Pyramidal Multiform,MEC LV Pyramidal,548.8069668104904
greedy_tree_path,MEC LII Stellate,17,transition,MEC LV Pyramidal,DG Granule,9568.736896643586
greedy_tree_path,MEC LII Stellate,18,transition,DG Granule,DG Mossy,44908.709978571016
greedy_tree_path,MEC LII Stellate,19,transition,DG Mossy,DG Hilar Ectopic Granule,2119.754290320353
greedy_tree_path,MEC LII Stellate,20,transition,DG Hilar Ectopic Granule,CA3 Pyramidal,0.0133035385226386
greedy_tree_path,MEC LII Stellate,21,transition,CA3 Pyramidal,CA2 Pyramidal,12467.302061608583
greedy_tree_path,MEC LII Stellate,22,transition,CA2 Pyramidal,CA1 Radiatum Giant,263.0645063940111
greedy_tree_path,MEC LIII Bipolar Complex Pyramidal,1,self_connection,MEC LIII Bipolar Complex Pyramidal,MEC LIII Bipolar Complex Pyramidal,176.61548774480949
greedy_tree_path,MEC LIII Bipolar Complex Pyramidal,2,self_connection,MEC LIII Complex Pyramidal,MEC LIII Complex Pyramidal,1453.7180710081302
greedy_tree_path,MEC LIII Bipolar Complex Pyramidal,5,self_connection,CA3c Pyramidal,CA3c Pyramidal,639.8640695461409
greedy_tree_path,MEC LIII Bipolar Complex Pyramidal,6,self_connection,CA1 Pyramidal,CA1 Pyramidal,2793.7555172355333
greedy_tree_path,MEC LIII Bipolar Complex Pyramidal,7,self_connection,MEC LV VI Pyramidal Polymorphic,MEC LV VI Pyramidal Polymorphic,1336.06008642144
greedy_tree_path,MEC LIII Bipolar Complex Pyramidal,8,self_connection,EC LIV VI Deep Multipolar Principal,EC LIV VI Deep Multipolar Principal,1969.34413375272
greedy_tree_path,MEC LIII Bipolar Complex Pyramidal,9,self_connection,LEC LVI Multipolar Pyramidal,LEC LVI Multipolar Pyramidal,212.6675576452901
greedy_tree_path,MEC LIII Bipolar Complex Pyramidal,10,self_connection,LEC LIII Multipolar Principal,LEC LIII Multipolar Principal,496.4095848183002
greedy_tree_path,MEC LIII Bipolar Complex Pyramidal,11,self_connection,LEC LIII Complex Pyramidal,LEC LIII Complex Pyramidal,744.1845437655309
greedy_tree_path,MEC LIII Bipolar Complex Pyramidal,12,self_connection,EC LIII Pyramidal Stellate,EC LIII Pyramidal Stellate,360.1830629372671
greedy_tree_path,MEC LIII Bipolar Complex Pyramidal,13,self_connection,SUB CA1 Projecting Pyramidal,SUB CA1 Projecting Pyramidal,960.2428463623708
greedy_tree_path,MEC LIII Bipolar Complex Pyramidal,1,transition,MEC LIII Bipolar Complex Pyramidal,MEC LIII Complex Pyramidal,861.1914192115519
greedy_tree_path,MEC LIII Bipolar Complex Pyramidal,2,transition,MEC LIII Complex Pyramidal,MEC LII Stellate,1193.0847203135872
greedy_tree_path,MEC LIII Bipolar Complex Pyramidal,3,transition,MEC LII Stellate,CA3 Granule,19640.6765649223
greedy_tree_path,MEC LIII Bipolar Complex Pyramidal,4,transition,CA3 Granule,CA3c Pyramidal,2.280811281935155
greedy_tree_path,MEC LIII Bipolar Complex Pyramidal,5,transition,CA3c Pyramidal,CA1 Pyramidal,85609.60976338176
greedy_tree_path,MEC LIII Bipolar Complex Pyramidal,6,transition,CA1 Pyramidal,MEC LV VI Pyramidal Polymorphic,13564.64480225756
greedy_tree_path,MEC LIII Bipolar Complex Pyramidal,7,transition,MEC LV VI Pyramidal Polymorphic,EC LIV VI Deep Multipolar Principal,86.77596588341953
greedy_tree_path,MEC LIII Bipolar Complex Pyramidal,8,transition,EC LIV VI Deep Multipolar Principal,LEC LVI Multipolar Pyramidal,2246.3636143897743
greedy_tree_path,MEC LIII Bipolar Complex Pyramidal,9,transition,LEC LVI Multipolar Pyramidal,LEC LIII Multipolar Principal,304.0317537911717
greedy_tree_path,MEC LIII Bipolar Complex Pyramidal,10,transition,LEC LIII Multipolar Principal,LEC LIII Complex Pyramidal,556.0635991085179
greedy_tree_path,MEC LIII Bipolar Complex Pyramidal,11,transition,LEC LIII Complex Pyramidal,EC LIII Pyramidal Stellate,538.1000722266449
greedy_tree_path,MEC LIII Bipolar Complex Pyramidal,12,transition,EC LIII Pyramidal Stellate,SUB CA1 Projecting Pyramidal,389.79456390732304
greedy_tree_path,MEC LIII Bipolar Complex Pyramidal,13,transition,SUB CA1 Projecting Pyramidal,CA1 Radiatum Giant,8.28772603741471
greedy_tree_path,MEC LIII Complex Pyramidal,1,self_connection,MEC LIII Complex Pyramidal,MEC LIII Complex Pyramidal,1453.7180710081302
greedy_tree_path,MEC LIII Complex Pyramidal,4,self_connection,CA3c Pyramidal,CA3c Pyramidal,639.8640695461409
greedy_tree_path,MEC LIII Complex Pyramidal,5,self_connection,CA1 Pyramidal,CA1 Pyramidal,2793.7555172355333
greedy_tree_path,MEC LIII Complex Pyramidal,6,self_connection,MEC LV VI Pyramidal Polymorphic,MEC LV VI Pyramidal Polymorphic,1336.06008642144
greedy_tree_path,MEC LIII Complex Pyramidal,7,self_connection,EC LIV VI Deep Multipolar Principal,EC LIV VI Deep Multipolar Principal,1969.34413375272
greedy_tree_path,MEC LIII Complex Pyramidal,8,self_connection,LEC LVI Multipolar Pyramidal,LEC LVI Multipolar Pyramidal,212.6675576452901
greedy_tree_path,MEC LIII Complex Pyramidal,9,self_connection,LEC LIII Multipolar Principal,LEC LIII Multipolar Principal,496.4095848183002
greedy_tree_path,MEC LIII Complex Pyramidal,10,self_connection,LEC LIII Complex Pyramidal,LEC LIII Complex Pyramidal,744.1845437655309
greedy_tree_path,MEC LIII Complex Pyramidal,11,self_connection,EC LIII Pyramidal Stellate,EC LIII Pyramidal Stellate,360.1830629372671
greedy_tree_path,MEC LIII Complex Pyramidal,12,self_connection,MEC LIII Bipolar Complex Pyramidal,MEC LIII Bipolar Complex Pyramidal,176.61548774480949
greedy_tree_path,MEC LIII Complex Pyramidal,13,self_connection,MEC LII III Pyramidal Multiform,MEC LII III Pyramidal Multiform,307.79730677822744
greedy_tree_path,MEC LIII Complex Pyramidal,14,self_connection,MEC LV Multipolar Pyramidal,MEC LV Multipolar Pyramidal,201.78698075346315
greedy_tree_path,MEC LIII Complex Pyramidal,15,self_connection,MEC LV Superficial Pyramidal,MEC LV Superficial Pyramidal,104.14348764746217
greedy_tree_path,MEC LIII Complex Pyramidal,16,self_connection,MEC LV Pyramidal,MEC LV Pyramidal,565.2447275074132
greedy_tree_path,MEC LIII Complex Pyramidal,18,self_connection,DG Mossy,DG Mossy,1751.260654032912
greedy_tree_path,MEC LIII Complex Pyramidal,19,self_connection,DG Hilar Ectopic Granule,DG Hilar Ectopic Granule,0.9213810801264162
greedy_tree_path,MEC LIII Complex Pyramidal,20,self_connection,CA3 Pyramidal,CA3 Pyramidal,3278.450765697168
greedy_tree_path,MEC LIII Complex Pyramidal,21,self_connection,CA2 Pyramidal,CA2 Pyramidal,2163.138288508038
greedy_tree_path,MEC LIII Complex Pyramidal,1,transition,MEC LIII Complex Pyramidal,MEC LII Stellate,1193.0847203135872
greedy_tree_path,MEC LIII Complex Pyramidal,2,transition,MEC LII Stellate,CA3 Granule,19640.6765649223
greedy_tree_path,MEC LIII Complex Pyramidal,3,transition,CA3 Granule,CA3c Pyramidal,2.280811281935155
greedy_tree_path,MEC LIII Complex Pyramidal,4,transition,CA3c Pyramidal,CA1 Pyramidal,85609.60976338176
greedy_tree_path,MEC LIII Complex Pyramidal,5,transition,CA1 Pyramidal,MEC LV VI Pyramidal Polymorphic,13564.64480225756
greedy_tree_path,MEC LIII Complex Pyramidal,6,transition,MEC LV VI Pyramidal Polymorphic,EC LIV VI Deep Multipolar Principal,86.77596588341953
greedy_tree_path,MEC LIII Complex Pyramidal,7,transition,EC LIV VI Deep Multipolar Principal,LEC LVI Multipolar Pyramidal,2246.3636143897743
greedy_tree_path,MEC LIII Complex Pyramidal,8,transition,LEC LVI Multipolar Pyramidal,LEC LIII Multipolar Principal,304.0317537911717
greedy_tree_path,MEC LIII Complex Pyramidal,9,transition,LEC LIII Multipolar Principal,LEC LIII Complex Pyramidal,556.0635991085179
greedy_tree_path,MEC LIII Complex Pyramidal,10,transition,LEC LIII Complex Pyramidal,EC LIII Pyramidal Stellate,538.1000722266449
greedy_tree_path,MEC LIII Complex Pyramidal,11,transition,EC LIII Pyramidal Stellate,MEC LIII Bipolar Complex Pyramidal,418.9168875087689
greedy_tree_path,MEC LIII Complex Pyramidal,12,transition,MEC LIII Bipolar Complex Pyramidal,MEC LII III Pyramidal Multiform,156.10322882603091
greedy_tree_path,MEC LIII Complex Pyramidal,13,transition,MEC LII III Pyramidal Multiform,MEC LV Multipolar Pyramidal,750.744376370936
greedy_tree_path,MEC LIII Complex Pyramidal,14,transition,MEC LV Multipolar Pyramidal,MEC LV Superficial Pyramidal,138.44761428854213
greedy_tree_path,MEC LIII Complex Pyramidal,15,transition,MEC LV Superficial Pyramidal,MEC LV Pyramidal,138.477786593687
greedy_tree_path,MEC LIII Complex Pyramidal,16,transition,MEC LV Pyramidal,DG Granule,9568.736896643586
greedy_tree_path,MEC LIII Complex Pyramidal,17,transition,DG Granule,DG Mossy,44908.709978571016
greedy_tree_path,MEC LIII Complex Pyramidal,18,transition,DG Mossy,DG Hilar Ectopic Granule,2119.754290320353
greedy_tree_path,MEC LIII Complex Pyramidal,19,transition,DG Hilar Ectopic Granule,CA3 Pyramidal,0.0133035385226386
greedy_tree_path,MEC LIII Complex Pyramidal,20,transition,CA3 Pyramidal,CA2 Pyramidal,12467.302061608583
greedy_tree_path,MEC LIII Complex Pyramidal,21,transition,CA2 Pyramidal,CA1 Radiatum Giant,263.0645063940111
greedy_tree_path,MEC LV Multipolar Pyramidal,1,self_connection,MEC LV Multipolar Pyramidal,MEC LV Multipolar Pyramidal,201.78698075346315
greedy_tree_path,MEC LV Multipolar Pyramidal,2,self_connection,MEC LIII Complex Pyramidal,MEC LIII Complex Pyramidal,1453.7180710081302
greedy_tree_path,MEC LV Multipolar Pyramidal,5,self_connection,CA3c Pyramidal,CA3c Pyramidal,639.8640695461409
greedy_tree_path,MEC LV Multipolar Pyramidal,6,self_connection,CA1 Pyramidal,CA1 Pyramidal,2793.7555172355333
greedy_tree_path,MEC LV Multipolar Pyramidal,7,self_connection,MEC LV VI Pyramidal Polymorphic,MEC LV VI Pyramidal Polymorphic,1336.06008642144
greedy_tree_path,MEC LV Multipolar Pyramidal,8,self_connection,EC LIV VI Deep Multipolar Principal,EC LIV VI Deep Multipolar Principal,1969.34413375272
greedy_tree_path,MEC LV Multipolar Pyramidal,9,self_connection,LEC LVI Multipolar Pyramidal,LEC LVI Multipolar Pyramidal,212.6675576452901
greedy_tree_path,MEC LV Multipolar Pyramidal,10,self_connection,LEC LIII Multipolar Principal,LEC LIII Multipolar Principal,496.4095848183002
greedy_tree_path,MEC LV Multipolar Pyramidal,11,self_connection,LEC LIII Complex Pyramidal,LEC LIII Complex Pyramidal,744.1845437655309
greedy_tree_path,MEC LV Multipolar Pyramidal,12,self_connection,EC LIII Pyramidal Stellate,EC LIII Pyramidal Stellate,360.1830629372671
greedy_tree_path,MEC LV Multipolar Pyramidal,13,self_connection,MEC LIII Bipolar Complex Pyramidal,MEC LIII Bipolar Complex Pyramidal,176.61548774480949
greedy_tree_path,MEC LV Multipolar Pyramidal,14,self_connection,MEC LII III Pyramidal Multiform,MEC LII III Pyramidal Multiform,307.79730677822744
greedy_tree_path,MEC LV Multipolar Pyramidal,15,self_connection,MEC LV Superficial Pyramidal,MEC LV Superficial Pyramidal,104.14348764746217
greedy_tree_path,MEC LV Multipolar Pyramidal,16,self_connection,MEC LV Pyramidal,MEC LV Pyramidal,565.2447275074132
greedy_tree_path,MEC LV Multipolar Pyramidal,18,self_connection,DG Mossy,DG Mossy,1751.260654032912
greedy_tree_path,MEC LV Multipolar Pyramidal,19,self_connection,DG Hilar Ectopic Granule,DG Hilar Ectopic Granule,0.9213810801264162
greedy_tree_path,MEC LV Multipolar Pyramidal,20,self_connection,CA3 Pyramidal,CA3 Pyramidal,3278.450765697168
greedy_tree_path,MEC LV Multipolar Pyramidal,21,self_connection,CA2 Pyramidal,CA2 Pyramidal,2163.138288508038
greedy_tree_path,MEC LV Multipolar Pyramidal,1,transition,MEC LV Multipolar Pyramidal,MEC LIII Complex Pyramidal,457.2402797600769
greedy_tree_path,MEC LV Multipolar Pyramidal,2,transition,MEC LIII Complex Pyramidal,MEC LII Stellate,1193.0847203135872
greedy_tree_path,MEC LV Multipolar Pyramidal,3,transition,MEC LII Stellate,CA3 Granule,19640.6765649223
greedy_tree_path,MEC LV Multipolar Pyramidal,4,transition,CA3 Granule,CA3c Pyramidal,2.280811281935155
greedy_tree_path,MEC LV Multipolar Pyramidal,5,transition,CA3c Pyramidal,CA1 Pyramidal,85609.60976338176
greedy_tree_path,MEC LV Multipolar Pyramidal,6,transition,CA1 Pyramidal,MEC LV VI Pyramidal Polymorphic,13564.64480225756
greedy_tree_path,MEC LV Multipolar Pyramidal,7,transition,MEC LV VI Pyramidal Polymorphic,EC LIV VI Deep Multipolar Principal,86.77596588341953
greedy_tree_path,MEC LV Multipolar Pyramidal,8,transition,EC LIV VI Deep Multipolar Principal,LEC LVI Multipolar Pyramidal,2246.3636143897743
greedy_tree_path,MEC LV Multipolar Pyramidal,9,transition,LEC LVI Multipolar Pyramidal,LEC LIII Multipolar Principal,304.0317537911717
greedy_tree_path,MEC LV Multipolar Pyramidal,10,transition,LEC LIII Multipolar Principal,LEC LIII Complex Pyramidal,556.0635991085179
greedy_tree_path,MEC LV Multipolar Pyramidal,11,transition,LEC LIII Complex Pyramidal,EC LIII Pyramidal Stellate,538.1000722266449
greedy_tree_path,MEC LV Multipolar Pyramidal,12,transition,EC LIII Pyramidal Stellate,MEC LIII Bipolar Complex Pyramidal,418.9168875087689
greedy_tree_path,MEC LV Multipolar Pyramidal,13,transition,MEC LIII Bipolar Complex Pyramidal,MEC LII III Pyramidal Multiform,156.10322882603091
greedy_tree_path,MEC LV Multipolar Pyramidal,14,transition,MEC LII III Pyramidal Multiform,MEC LV Superficial Pyramidal,589.7870748828476
greedy_tree_path,MEC LV Multipolar Pyramidal,15,transition,MEC LV Superficial Pyramidal,MEC LV Pyramidal,138.477786593687
greedy_tree_path,MEC LV Multipolar Pyramidal,16,transition,MEC LV Pyramidal,DG Granule,9568.736896643586
greedy_tree_path,MEC LV Multipolar Pyramidal,17,transition,DG Granule,DG Mossy,44908.709978571016
greedy_tree_path,MEC LV Multipolar Pyramidal,18,transition,DG Mossy,DG Hilar Ectopic Granule,2119.754290320353
greedy_tree_path,MEC LV Multipolar Pyramidal,19,transition,DG Hilar Ectopic Granule,CA3 Pyramidal,0.0133035385226386
greedy_tree_path,MEC LV Multipolar Pyramidal,20,transition,CA3 Pyramidal,CA2 Pyramidal,12467.302061608583
greedy_tree_path,MEC LV Multipolar Pyramidal,21,transition,CA2 Pyramidal,CA1 Radiatum Giant,263.0645063940111
greedy_tree_path,MEC LV Pyramidal,1,self_connection,MEC LV Pyramidal,MEC LV Pyramidal,565.2447275074132
greedy_tree_path,MEC LV Pyramidal,3,self_connection,DG Mossy,DG Mossy,1751.260654032912
greedy_tree_path,MEC LV Pyramidal,4,self_connection,DG Hilar Ectopic Granule,DG Hilar Ectopic Granule,0.9213810801264162
greedy_tree_path,MEC LV Pyramidal,5,self_connection,CA3c Pyramidal,CA3c Pyramidal,639.8640695461409
greedy_tree_path,MEC LV Pyramidal,6,self_connection,CA1 Pyramidal,CA1 Pyramidal,2793.7555172355333
greedy_tree_path,MEC LV Pyramidal,7,self_connection,MEC LV VI Pyramidal Polymorphic,MEC LV VI Pyramidal Polymorphic,1336.06008642144
greedy_tree_path,MEC LV Pyramidal,8,self_connection,EC LIV VI Deep Multipolar Principal,EC LIV VI Deep Multipolar Principal,1969.34413375272
greedy_tree_path,MEC LV Pyramidal,9,self_connection,LEC LVI Multipolar Pyramidal,LEC LVI Multipolar Pyramidal,212.6675576452901
greedy_tree_path,MEC LV Pyramidal,10,self_connection,LEC LIII Multipolar Principal,LEC LIII Multipolar Principal,496.4095848183002
greedy_tree_path,MEC LV Pyramidal,11,self_connection,LEC LIII Complex Pyramidal,LEC LIII Complex Pyramidal,744.1845437655309
greedy_tree_path,MEC LV Pyramidal,12,self_connection,EC LIII Pyramidal Stellate,EC LIII Pyramidal Stellate,360.1830629372671
greedy_tree_path,MEC LV Pyramidal,13,self_connection,MEC LIII Complex Pyramidal,MEC LIII Complex Pyramidal,1453.7180710081302
greedy_tree_path,MEC LV Pyramidal,16,self_connection,CA3 Pyramidal,CA3 Pyramidal,3278.450765697168
greedy_tree_path,MEC LV Pyramidal,17,self_connection,CA2 Pyramidal,CA2 Pyramidal,2163.138288508038
greedy_tree_path,MEC LV Pyramidal,1,transition,MEC LV Pyramidal,DG Granule,9568.736896643586
greedy_tree_path,MEC LV Pyramidal,2,transition,DG Granule,DG Mossy,44908.709978571016
greedy_tree_path,MEC LV Pyramidal,3,transition,DG Mossy,DG Hilar Ectopic Granule,2119.754290320353
greedy_tree_path,MEC LV Pyramidal,4,transition,DG Hilar Ectopic Granule,CA3c Pyramidal,0.0550567880071112
greedy_tree_path,MEC LV Pyramidal,5,transition,CA3c Pyramidal,CA1 Pyramidal,85609.60976338176
greedy_tree_path,MEC LV Pyramidal,6,transition,CA1 Pyramidal,MEC LV VI Pyramidal Polymorphic,13564.64480225756
greedy_tree_path,MEC LV Pyramidal,7,transition,MEC LV VI Pyramidal Polymorphic,EC LIV VI Deep Multipolar Principal,86.77596588341953
greedy_tree_path,MEC LV Pyramidal,8,transition,EC LIV VI Deep Multipolar Principal,LEC LVI Multipolar Pyramidal,2246.3636143897743
greedy_tree_path,MEC LV Pyramidal,9,transition,LEC LVI Multipolar Pyramidal,LEC LIII Multipolar Principal,304.0317537911717
greedy_tree_path,MEC LV Pyramidal,10,transition,LEC LIII Multipolar Principal,LEC LIII Complex Pyramidal,556.0635991085179
greedy_tree_path,MEC LV Pyramidal,11,transition,LEC LIII Complex Pyramidal,EC LIII Pyramidal Stellate,538.1000722266449
greedy_tree_path,MEC LV Pyramidal,12,transition,EC LIII Pyramidal Stellate,MEC LIII Complex Pyramidal,647.4324185181202
greedy_tree_path,MEC LV Pyramidal,13,transition,MEC LIII Complex Pyramidal,MEC LII Stellate,1193.0847203135872
greedy_tree_path,MEC LV Pyramidal,14,transition,MEC LII Stellate,CA3 Granule,19640.6765649223
greedy_tree_path,MEC LV Pyramidal,15,transition,CA3 Granule,CA3 Pyramidal,0.942018883295193
greedy_tree_path,MEC LV Pyramidal,16,transition,CA3 Pyramidal,CA2 Pyramidal,12467.302061608583
greedy_tree_path,MEC LV Pyramidal,17,transition,CA2 Pyramidal,CA1 Radiatum Giant,263.0645063940111
greedy_tree_path,MEC LV Superficial Pyramidal,1,self_connection,MEC LV Superficial Pyramidal,MEC LV Superficial Pyramidal,104.14348764746217
greedy_tree_path,MEC LV Superficial Pyramidal,2,self_connection,MEC LIII Complex Pyramidal,MEC LIII Complex Pyramidal,1453.7180710081302
greedy_tree_path,MEC LV Superficial Pyramidal,5,self_connection,CA3c Pyramidal,CA3c Pyramidal,639.8640695461409
greedy_tree_path,MEC LV Superficial Pyramidal,6,self_connection,CA1 Pyramidal,CA1 Pyramidal,2793.7555172355333
greedy_tree_path,MEC LV Superficial Pyramidal,7,self_connection,MEC LV VI Pyramidal Polymorphic,MEC LV VI Pyramidal Polymorphic,1336.06008642144
greedy_tree_path,MEC LV Superficial Pyramidal,8,self_connection,EC LIV VI Deep Multipolar Principal,EC LIV VI Deep Multipolar Principal,1969.34413375272
greedy_tree_path,MEC LV Superficial Pyramidal,9,self_connection,LEC LVI Multipolar Pyramidal,LEC LVI Multipolar Pyramidal,212.6675576452901
greedy_tree_path,MEC LV Superficial Pyramidal,10,self_connection,LEC LIII Multipolar Principal,LEC LIII Multipolar Principal,496.4095848183002
greedy_tree_path,MEC LV Superficial Pyramidal,11,self_connection,LEC LIII Complex Pyramidal,LEC LIII Complex Pyramidal,744.1845437655309
greedy_tree_path,MEC LV Superficial Pyramidal,12,self_connection,EC LIII Pyramidal Stellate,EC LIII Pyramidal Stellate,360.1830629372671
greedy_tree_path,MEC LV Superficial Pyramidal,13,self_connection,MEC LIII Bipolar Complex Pyramidal,MEC LIII Bipolar Complex Pyramidal,176.61548774480949
greedy_tree_path,MEC LV Superficial Pyramidal,14,self_connection,MEC LII III Pyramidal Multiform,MEC LII III Pyramidal Multiform,307.79730677822744
greedy_tree_path,MEC LV Superficial Pyramidal,15,self_connection,MEC LV Multipolar Pyramidal,MEC LV Multipolar Pyramidal,201.78698075346315
greedy_tree_path,MEC LV Superficial Pyramidal,16,self_connection,MEC LV Pyramidal,MEC LV Pyramidal,565.2447275074132
greedy_tree_path,MEC LV Superficial Pyramidal,18,self_connection,DG Mossy,DG Mossy,1751.260654032912
greedy_tree_path,MEC LV Superficial Pyramidal,19,self_connection,DG Hilar Ectopic Granule,DG Hilar Ectopic Granule,0.9213810801264162
greedy_tree_path,MEC LV Superficial Pyramidal,20,self_connection,CA3 Pyramidal,CA3 Pyramidal,3278.450765697168
greedy_tree_path,MEC LV Superficial Pyramidal,21,self_connection,CA2 Pyramidal,CA2 Pyramidal,2163.138288508038
greedy_tree_path,MEC LV Superficial Pyramidal,1,transition,MEC LV Superficial Pyramidal,MEC LIII Complex Pyramidal,495.9622533998108
greedy_tree_path,MEC LV Superficial Pyramidal,2,transition,MEC LIII Complex Pyramidal,MEC LII Stellate,1193.0847203135872
greedy_tree_path,MEC LV Superficial Pyramidal,3,transition,MEC LII Stellate,CA3 Granule,19640.6765649223
greedy_tree_path,MEC LV Superficial Pyramidal,4,transition,CA3 Granule,CA3c Pyramidal,2.280811281935155
greedy_tree_path,MEC LV Superficial Pyramidal,5,transition,CA3c Pyramidal,CA1 Pyramidal,85609.60976338176
greedy_tree_path,MEC LV Superficial Pyramidal,6,transition,CA1 Pyramidal,MEC LV VI Pyramidal Polymorphic,13564.64480225756
greedy_tree_path,MEC LV Superficial Pyramidal,7,transition,MEC LV VI Pyramidal Polymorphic,EC LIV VI Deep Multipolar Principal,86.77596588341953
greedy_tree_path,MEC LV Superficial Pyramidal,8,transition,EC LIV VI Deep Multipolar Principal,LEC LVI Multipolar Pyramidal,2246.3636143897743
greedy_tree_path,MEC LV Superficial Pyramidal,9,transition,LEC LVI Multipolar Pyramidal,LEC LIII Multipolar Principal,304.0317537911717
greedy_tree_path,MEC LV Superficial Pyramidal,10,transition,LEC LIII Multipolar Principal,LEC LIII Complex Pyramidal,556.0635991085179
greedy_tree_path,MEC LV Superficial Pyramidal,11,transition,LEC LIII Complex Pyramidal,EC LIII Pyramidal Stellate,538.1000722266449
greedy_tree_path,MEC LV Superficial Pyramidal,12,transition,EC LIII Pyramidal Stellate,MEC LIII Bipolar Complex Pyramidal,418.9168875087689
greedy_tree_path,MEC LV Superficial Pyramidal,13,transition,MEC LIII Bipolar Complex Pyramidal,MEC LII III Pyramidal Multiform,156.10322882603091
greedy_tree_path,MEC LV Superficial Pyramidal,14,transition,MEC LII III Pyramidal Multiform,MEC LV Multipolar Pyramidal,750.744376370936
greedy_tree_path,MEC LV Superficial Pyramidal,15,transition,MEC LV Multipolar Pyramidal,MEC LV Pyramidal,115.70855122819788
greedy_tree_path,MEC LV Superficial Pyramidal,16,transition,MEC LV Pyramidal,DG Granule,9568.736896643586
greedy_tree_path,MEC LV Superficial Pyramidal,17,transition,DG Granule,DG Mossy,44908.709978571016
greedy_tree_path,MEC LV Superficial Pyramidal,18,transition,DG Mossy,DG Hilar Ectopic Granule,2119.754290320353
greedy_tree_path,MEC LV Superficial Pyramidal,19,transition,DG Hilar Ectopic Granule,CA3 Pyramidal,0.0133035385226386
greedy_tree_path,MEC LV Superficial Pyramidal,20,transition,CA3 Pyramidal,CA2 Pyramidal,12467.302061608583
greedy_tree_path,MEC LV Superficial Pyramidal,21,transition,CA2 Pyramidal,CA1 Radiatum Giant,263.0645063940111
greedy_tree_path,MEC LV VI Pyramidal Polymorphic,1,self_connection,MEC LV VI Pyramidal Polymorphic,MEC LV VI Pyramidal Polymorphic,1336.06008642144
greedy_tree_path,MEC LV VI Pyramidal Polymorphic,2,self_connection,EC LIV VI Deep Multipolar Principal,EC LIV VI Deep Multipolar Principal,1969.34413375272
greedy_tree_path,MEC LV VI Pyramidal Polymorphic,3,self_connection,LEC LVI Multipolar Pyramidal,LEC LVI Multipolar Pyramidal,212.6675576452901
greedy_tree_path,MEC LV VI Pyramidal Polymorphic,4,self_connection,LEC LIII Multipolar Principal,LEC LIII Multipolar Principal,496.4095848183002
greedy_tree_path,MEC LV VI Pyramidal Polymorphic,5,self_connection,LEC LIII Complex Pyramidal,LEC LIII Complex Pyramidal,744.1845437655309
greedy_tree_path,MEC LV VI Pyramidal Polymorphic,6,self_connection,EC LIII Pyramidal Stellate,EC LIII Pyramidal Stellate,360.1830629372671
greedy_tree_path,MEC LV VI Pyramidal Polymorphic,7,self_connection,CA1 Pyramidal,CA1 Pyramidal,2793.7555172355333
greedy_tree_path,MEC LV VI Pyramidal Polymorphic,8,self_connection,EC LV Deep Pyramidal,EC LV Deep Pyramidal,398.1782023002817
greedy_tree_path,MEC LV VI Pyramidal Polymorphic,9,self_connection,EC LIII V Bipolar Pyramidal,EC LIII V Bipolar Pyramidal,471.82519386819655
greedy_tree_path,MEC LV VI Pyramidal Polymorphic,10,self_connection,MEC LIII Complex Pyramidal,MEC LIII Complex Pyramidal,1453.7180710081302
greedy_tree_path,MEC LV VI Pyramidal Polymorphic,13,self_connection,CA3c Pyramidal,CA3c Pyramidal,639.8640695461409
greedy_tree_path,MEC LV VI Pyramidal Polymorphic,14,self_connection,CA2 Pyramidal,CA2 Pyramidal,2163.138288508038
greedy_tree_path,MEC LV VI Pyramidal Polymorphic,15,self_connection,DG Mossy,DG Mossy,1751.260654032912
greedy_tree_path,MEC LV VI Pyramidal Polymorphic,16,self_connection,DG Hilar Ectopic Granule,DG Hilar Ectopic Granule,0.9213810801264162
greedy_tree_path,MEC LV VI Pyramidal Polymorphic,17,self_connection,CA3 Pyramidal,CA3 Pyramidal,3278.450765697168
greedy_tree_path,MEC LV VI Pyramidal Polymorphic,1,transition,MEC LV VI Pyramidal Polymorphic,EC LIV VI Deep Multipolar Principal,86.77596588341953
greedy_tree_path,MEC LV VI Pyramidal Polymorphic,2,transition,EC LIV VI Deep Multipolar Principal,LEC LVI Multipolar Pyramidal,2246.3636143897743
greedy_tree_path,MEC LV VI Pyramidal Polymorphic,3,transition,LEC LVI Multipolar Pyramidal,LEC LIII Multipolar Principal,304.0317537911717
greedy_tree_path,MEC LV VI Pyramidal Polymorphic,4,transition,LEC LIII Multipolar Principal,LEC LIII Complex Pyramidal,556.0635991085179
greedy_tree_path,MEC LV VI Pyramidal Polymorphic,5,transition,LEC LIII Complex Pyramidal,EC LIII Pyramidal Stellate,538.1000722266449
greedy_tree_path,MEC LV VI Pyramidal Polymorphic,6,transition,EC LIII Pyramidal Stellate,CA1 Pyramidal,5351.494110639728
greedy_tree_path,MEC LV VI Pyramidal Polymorphic,7,transition,CA1 Pyramidal,EC LV Deep Pyramidal,6927.87660371489
greedy_tree_path,MEC LV VI Pyramidal Polymorphic,8,transition,EC LV Deep Pyramidal,EC LIII V Bipolar Pyramidal,180.4005489546849
greedy_tree_path,MEC LV VI Pyramidal Polymorphic,9,transition,EC LIII V Bipolar Pyramidal,MEC LIII Complex Pyramidal,1055.6037252397975
greedy_tree_path,MEC LV VI Pyramidal Polymorphic,10,transition,MEC LIII Complex Pyramidal,MEC LII Stellate,1193.0847203135872
greedy_tree_path,MEC LV VI Pyramidal Polymorphic,11,transition,MEC LII Stellate,CA3 Granule,19640.6765649223
greedy_tree_path,MEC LV VI Pyramidal Polymorphic,12,transition,CA3 Granule,CA3c Pyramidal,2.280811281935155
greedy_tree_path,MEC LV VI Pyramidal Polymorphic,13,transition,CA3c Pyramidal,CA2 Pyramidal,24424.53581944845
greedy_tree_path,MEC LV VI Pyramidal Polymorphic,14,transition,CA2 Pyramidal,DG Mossy,4836.413875657298
greedy_tree_path,MEC LV VI Pyramidal Polymorphic,15,transition,DG Mossy,DG Hilar Ectopic Granule,2119.754290320353
greedy_tree_path,MEC LV VI Pyramidal Polymorphic,16,transition,DG Hilar Ectopic Granule,CA3 Pyramidal,0.0133035385226386
greedy_tree_path,MEC LV VI Pyramidal Polymorphic,17,transition,CA3 Pyramidal,CA1 Radiatum Giant,303.66294985857763
greedy_tree_path,SUB CA1 Projecting Pyramidal,1,self_connection,SUB CA1 Projecting Pyramidal,SUB CA1 Projecting Pyramidal,960.2428463623708
greedy_tree_path,SUB CA1 Projecting Pyramidal,2,self_connection,CA1 Pyramidal,CA1 Pyramidal,2793.7555172355333
greedy_tree_path,SUB CA1 Projecting Pyramidal,3,self_connection,MEC LV VI Pyramidal Polymorphic,MEC LV VI Pyramidal Polymorphic,1336.06008642144
greedy_tree_path,SUB CA1 Projecting Pyramidal,4,self_connection,EC LIV VI Deep Multipolar Principal,EC LIV VI Deep Multipolar Principal,1969.34413375272
greedy_tree_path,SUB CA1 Projecting Pyramidal,5,self_connection,LEC LVI Multipolar Pyramidal,LEC LVI Multipolar Pyramidal,212.6675576452901
greedy_tree_path,SUB CA1 Projecting Pyramidal,6,self_connection,LEC LIII Multipolar Principal,LEC LIII Multipolar Principal,496.4095848183002
greedy_tree_path,SUB CA1 Projecting Pyramidal,7,self_connection,LEC LIII Complex Pyramidal,LEC LIII Complex Pyramidal,744.1845437655309
greedy_tree_path,SUB CA1 Projecting Pyramidal,8,self_connection,EC LIII Pyramidal Stellate,EC LIII Pyramidal Stellate,360.1830629372671
greedy_tree_path,SUB CA1 Projecting Pyramidal,9,self_connection,MEC LIII Complex Pyramidal,MEC LIII Complex Pyramidal,1453.7180710081302
greedy_tree_path,SUB CA1 Projecting Pyramidal,12,self_connection,CA3c Pyramidal,CA3c Pyramidal,639.8640695461409
greedy_tree_path,SUB CA1 Projecting Pyramidal,13,self_connection,CA2 Pyramidal,CA2 Pyramidal,2163.138288508038
greedy_tree_path,SUB CA1 Projecting Pyramidal,14,self_connection,DG Mossy,DG Mossy,1751.260654032912
greedy_tree_path,SUB CA1 Projecting Pyramidal,15,self_connection,DG Hilar Ectopic Granule,DG Hilar Ectopic Granule,0.9213810801264162
greedy_tree_path,SUB CA1 Projecting Pyramidal,16,self_connection,CA3 Pyramidal,CA3 Pyramidal,3278.450765697168
greedy_tree_path,SUB CA1 Projecting Pyramidal,1,transition,SUB CA1 Projecting Pyramidal,CA1 Pyramidal,106.20856360032086
greedy_tree_path,SUB CA1 Projecting Pyramidal,2,transition,CA1 Pyramidal,MEC LV VI Pyramidal Polymorphic,13564.64480225756
greedy_tree_path,SUB CA1 Projecting Pyramidal,3,transition,MEC LV VI Pyramidal Polymorphic,EC LIV VI Deep Multipolar Principal,86.77596588341953
greedy_tree_path,SUB CA1 Projecting Pyramidal,4,transition,EC LIV VI Deep Multipolar Principal,LEC LVI Multipolar Pyramidal,2246.3636143897743
greedy_tree_path,SUB CA1 Projecting Pyramidal,5,transition,LEC LVI Multipolar Pyramidal,LEC LIII Multipolar Principal,304.0317537911717
greedy_tree_path,SUB CA1 Projecting Pyramidal,6,transition,LEC LIII Multipolar Principal,LEC LIII Complex Pyramidal,556.0635991085179
greedy_tree_path,SUB CA1 Projecting Pyramidal,7,transition,LEC LIII Complex Pyramidal,EC LIII Pyramidal Stellate,538.1000722266449
greedy_tree_path,SUB CA1 Projecting Pyramidal,8,transition,EC LIII Pyramidal Stellate,MEC LIII Complex Pyramidal,647.4324185181202
greedy_tree_path,SUB CA1 Projecting Pyramidal,9,transition,MEC LIII Complex Pyramidal,MEC LII Stellate,1193.0847203135872
greedy_tree_path,SUB CA1 Projecting Pyramidal,10,transition,MEC LII Stellate,CA3 Granule,19640.6765649223
greedy_tree_path,SUB CA1 Projecting Pyramidal,11,transition,CA3 Granule,CA3c Pyramidal,2.280811281935155
greedy_tree_path,SUB CA1 Projecting Pyramidal,12,transition,CA3c Pyramidal,CA2 Pyramidal,24424.53581944845
greedy_tree_path,SUB CA1 Projecting Pyramidal,13,transition,CA2 Pyramidal,DG Mossy,4836.413875657298
greedy_tree_path,SUB CA1 Projecting Pyramidal,14,transition,DG Mossy,DG Hilar Ectopic Granule,2119.754290320353
greedy_tree_path,SUB CA1 Projecting Pyramidal,15,transition,DG Hilar Ectopic Granule,CA3 Pyramidal,0.0133035385226386
greedy_tree_path,SUB CA1 Projecting Pyramidal,16,transition,CA3 Pyramidal,CA1 Radiatum Giant,303.66294985857763
greedy_tree_simulated_annealing,CA1 Pyramidal,1,self_connection,CA1 Pyramidal,CA1 Pyramidal,2793.7555172355333
greedy_tree_simulated_annealing,CA1 Pyramidal,2,self_connection,MEC LV VI Pyramidal Polymorphic,MEC LV VI Pyramidal Polymorphic,1336.06008642144
greedy_tree_simulated_annealing,CA1 Pyramidal,3,self_connection,EC LIV VI Deep Multipolar Principal,EC LIV VI Deep Multipolar Principal,1969.34413375272
greedy_tree_simulated_annealing,CA1 Pyramidal,4,self_connection,LEC LVI Multipolar Pyramidal,LEC LVI Multipolar Pyramidal,212.6675576452901
greedy_tree_simulated_annealing,CA1 Pyramidal,5,self_connection,LEC LIII Multipolar Principal,LEC LIII Multipolar Principal,496.4095848183002
greedy_tree_simulated_annealing,CA1 Pyramidal,6,self_connection,LEC LIII Complex Pyramidal,LEC LIII Complex Pyramidal,744.1845437655309
greedy_tree_simulated_annealing,CA1 Pyramidal,7,self_connection,EC LII III Pyramidal Tripolar,EC LII III Pyramidal Tripolar,2277.297842357101
greedy_tree_simulated_annealing,CA1 Pyramidal,9,self_connection,MEC LII III Pyramidal Multiform,MEC LII III Pyramidal Multiform,307.79730677822744
greedy_tree_simulated_annealing,CA1 Pyramidal,10,self_connection,MEC LIII Complex Pyramidal,MEC LIII Complex Pyramidal,1453.7180710081302
greedy_tree_simulated_annealing,CA1 Pyramidal,11,self_connection,EC LI II Multipolar Pyramidal,EC LI II Multipolar Pyramidal,18296.078460202098
greedy_tree_simulated_annealing,CA1 Pyramidal,12,self_connection,EC LIII Stellate,EC LIII Stellate,60.68453664121218
greedy_tree_simulated_annealing,CA1 Pyramidal,13,self_connection,MEC LIII Bipolar Complex Pyramidal,MEC LIII Bipolar Complex Pyramidal,176.61548774480949
greedy_tree_simulated_annealing,CA1 Pyramidal,14,self_connection,EC LIII V Bipolar Pyramidal,EC LIII V Bipolar Pyramidal,471.82519386819655
greedy_tree_simulated_annealing,CA1 Pyramidal,15,self_connection,MEC LV Pyramidal,MEC LV Pyramidal,565.2447275074132
greedy_tree_simulated_annealing,CA1 Pyramidal,17,self_connection,DG Mossy,DG Mossy,1751.260654032912
greedy_tree_simulated_annealing,CA1 Pyramidal,18,self_connection,DG Semilunar Granule,DG Semilunar Granule,40.60469398082807
greedy_tree_simulated_annealing,CA1 Pyramidal,19,self_connection,DG Hilar Ectopic Granule,DG Hilar Ectopic Granule,0.9213810801264162
greedy_tree_simulated_annealing,CA1 Pyramidal,20,self_connection,CA3c Pyramidal,CA3c Pyramidal,639.8640695461409
greedy_tree_simulated_annealing,CA1 Pyramidal,21,self_connection,CA2 Pyramidal,CA2 Pyramidal,2163.138288508038
greedy_tree_simulated_annealing,CA1 Pyramidal,22,self_connection,CA3 Pyramidal,CA3 Pyramidal,3278.450765697168
greedy_tree_simulated_annealing,CA1 Pyramidal,1,transition,CA1 Pyramidal,MEC LV VI Pyramidal Polymorphic,13564.64480225756
greedy_tree_simulated_annealing,CA1 Pyramidal,2,transition,MEC LV VI Pyramidal Polymorphic,EC LIV VI Deep Multipolar Principal,86.77596588341953
greedy_tree_simulated_annealing,CA1 Pyramidal,3,transition,EC LIV VI Deep Multipolar Principal,LEC LVI Multipolar Pyramidal,2246.3636143897743
greedy_tree_simulated_annealing,CA1 Pyramidal,4,transition,LEC LVI Multipolar Pyramidal,LEC LIII Multipolar Principal,304.0317537911717
greedy_tree_simulated_annealing,CA1 Pyramidal,5,transition,LEC LIII Multipolar Principal,LEC LIII Complex Pyramidal,556.0635991085179
greedy_tree_simulated_annealing,CA1 Pyramidal,6,transition,LEC LIII Complex Pyramidal,EC LII III Pyramidal Tripolar,366.36278097895246
greedy_tree_simulated_annealing,CA1 Pyramidal,7,transition,EC LII III Pyramidal Tripolar,MEC LII Stellate,3189.046054691212
greedy_tree_simulated_annealing,CA1 Pyramidal,8,transition,MEC LII Stellate,MEC LII III Pyramidal Multiform,2172.4274626996407
greedy_tree_simulated_annealing,CA1 Pyramidal,9,transition,MEC LII III Pyramidal Multiform,MEC LIII Complex Pyramidal,1284.918689522972
greedy_tree_simulated_annealing,CA1 Pyramidal,10,transition,MEC LIII Complex Pyramidal,EC LI II Multipolar Pyramidal,552.0532459996851
greedy_tree_simulated_annealing,CA1 Pyramidal,11,transition,EC LI II Multipolar Pyramidal,EC LIII Stellate,29349.85984134182
greedy_tree_simulated_annealing,CA1 Pyramidal,12,transition,EC LIII Stellate,MEC LIII Bipolar Complex Pyramidal,110.49107949247347
greedy_tree_simulated_annealing,CA1 Pyramidal,13,transition,MEC LIII Bipolar Complex Pyramidal,EC LIII V Bipolar Pyramidal,33.47936501901712
greedy_tree_simulated_annealing,CA1 Pyramidal,14,transition,EC LIII V Bipolar Pyramidal,MEC LV Pyramidal,226.0217597456127
greedy_tree_simulated_annealing,CA1 Pyramidal,15,transition,MEC LV Pyramidal,DG Granule,9568.736896643586
greedy_tree_simulated_annealing,CA1 Pyramidal,16,transition,DG Granule,DG Mossy,44908.709978571016
greedy_tree_simulated_annealing,CA1 Pyramidal,17,transition,DG Mossy,DG Semilunar Granule,50.6486718617241
greedy_tree_simulated_annealing,CA1 Pyramidal,18,transition,DG Semilunar Granule,DG Hilar Ectopic Granule,4588.842439594102
greedy_tree_simulated_annealing,CA1 Pyramidal,19,transition,DG Hilar Ectopic Granule,CA3c Pyramidal,0.0550567880071112
greedy_tree_simulated_annealing,CA1 Pyramidal,20,transition,CA3c Pyramidal,CA2 Pyramidal,24424.53581944845
greedy_tree_simulated_annealing,CA1 Pyramidal,21,transition,CA2 Pyramidal,CA3 Pyramidal,1188.4585744965177
greedy_tree_simulated_annealing,CA1 Pyramidal,22,transition,CA3 Pyramidal,CA3 Granule,3063.7033025481774
greedy_tree_simulated_annealing,CA1 Radiatum Giant,2,self_connection,CA1 Pyramidal,CA1 Pyramidal,2793.7555172355333
greedy_tree_simulated_annealing,CA1 Radiatum Giant,3,self_connection,MEC LV VI Pyramidal Polymorphic,MEC LV VI Pyramidal Polymorphic,1336.06008642144
greedy_tree_simulated_annealing,CA1 Radiatum Giant,4,self_connection,EC LIV VI Deep Multipolar Principal,EC LIV VI Deep Multipolar Principal,1969.34413375272
greedy_tree_simulated_annealing,CA1 Radiatum Giant,5,self_connection,LEC LVI Multipolar Pyramidal,LEC LVI Multipolar Pyramidal,212.6675576452901
greedy_tree_simulated_annealing,CA1 Radiatum Giant,6,self_connection,LEC LIII Multipolar Principal,LEC LIII Multipolar Principal,496.4095848183002
greedy_tree_simulated_annealing,CA1 Radiatum Giant,7,self_connection,LEC LIII Complex Pyramidal,LEC LIII Complex Pyramidal,744.1845437655309
greedy_tree_simulated_annealing,CA1 Radiatum Giant,8,self_connection,EC LII III Pyramidal Tripolar,EC LII III Pyramidal Tripolar,2277.297842357101
greedy_tree_simulated_annealing,CA1 Radiatum Giant,9,self_connection,MEC LII III Pyramidal Multiform,MEC LII III Pyramidal Multiform,307.79730677822744
greedy_tree_simulated_annealing,CA1 Radiatum Giant,10,self_connection,EC LIII Pyramidal Stellate,EC LIII Pyramidal Stellate,360.1830629372671
greedy_tree_simulated_annealing,CA1 Radiatum Giant,11,self_connection,MEC LIII Complex Pyramidal,MEC LIII Complex Pyramidal,1453.7180710081302
greedy_tree_simulated_annealing,CA1 Radiatum Giant,12,self_connection,EC LI II Multipolar Pyramidal,EC LI II Multipolar Pyramidal,18296.078460202098
greedy_tree_simulated_annealing,CA1 Radiatum Giant,13,self_connection,MEC LIII Bipolar Complex Pyramidal,MEC LIII Bipolar Complex Pyramidal,176.61548774480949
greedy_tree_simulated_annealing,CA1 Radiatum Giant,16,self_connection,CA3c Pyramidal,CA3c Pyramidal,639.8640695461409
greedy_tree_simulated_annealing,CA1 Radiatum Giant,18,self_connection,DG Mossy,DG Mossy,1751.260654032912
greedy_tree_simulated_annealing,CA1 Radiatum Giant,19,self_connection,DG Hilar Ectopic Granule,DG Hilar Ectopic Granule,0.9213810801264162
greedy_tree_simulated_annealing,CA1 Radiatum Giant,20,self_connection,CA3 Pyramidal,CA3 Pyramidal,3278.450765697168
greedy_tree_simulated_annealing,CA1 Radiatum Giant,21,self_connection,CA2 Pyramidal,CA2 Pyramidal,2163.138288508038
greedy_tree_simulated_annealing,CA1 Radiatum Giant,1,transition,CA1 Radiatum Giant,CA1 Pyramidal,52.52606827667822
greedy_tree_simulated_annealing,CA1 Radiatum Giant,2,transition,CA1 Pyramidal,MEC LV VI Pyramidal Polymorphic,13564.64480225756
greedy_tree_simulated_annealing,CA1 Radiatum Giant,3,transition,MEC LV VI Pyramidal Polymorphic,EC LIV VI Deep Multipolar Principal,86.77596588341953
greedy_tree_simulated_annealing,CA1 Radiatum Giant,4,transition,EC LIV VI Deep Multipolar Principal,LEC LVI Multipolar Pyramidal,2246.3636143897743
greedy_tree_simulated_annealing,CA1 Radiatum Giant,5,transition,LEC LVI Multipolar Pyramidal,LEC LIII Multipolar Principal,304.0317537911717
greedy_tree_simulated_annealing,CA1 Radiatum Giant,6,transition,LEC LIII Multipolar Principal,LEC LIII Complex Pyramidal,556.0635991085179
greedy_tree_simulated_annealing,CA1 Radiatum Giant,7,transition,LEC LIII Complex Pyramidal,EC LII III Pyramidal Tripolar,366.36278097895246
greedy_tree_simulated_annealing,CA1 Radiatum Giant,8,transition,EC LII III Pyramidal Tripolar,MEC LII III Pyramidal Multiform,1991.8124765410728
greedy_tree_simulated_annealing,CA1 Radiatum Giant,9,transition,MEC LII III Pyramidal Multiform,EC LIII Pyramidal Stellate,175.15826890796524
greedy_tree_simulated_annealing,CA1 Radiatum Giant,10,transition,EC LIII Pyramidal Stellate,MEC LIII Complex Pyramidal,647.4324185181202
greedy_tree_simulated_annealing,CA1 Radiatum Giant,11,transition,MEC LIII Complex Pyramidal,EC LI II Multipolar Pyramidal,552.0532459996851
greedy_tree_simulated_annealing,CA1 Radiatum Giant,12,transition,EC LI II Multipolar Pyramidal,MEC LIII Bipolar Complex Pyramidal,30698.001365671505
greedy_tree_simulated_annealing,CA1 Radiatum Giant,13,transition,MEC LIII Bipolar Complex Pyramidal,MEC LII Stellate,268.5769974548232
greedy_tree_simulated_annealing,CA1 Radiatum Giant,14,transition,MEC LII Stellate,CA3 Granule,19640.6765649223
greedy_tree_simulated_annealing,CA1 Radiatum Giant,15,transition,CA3 Granule,CA3c Pyramidal,2.280811281935155
greedy_tree_simulated_annealing,CA1 Radiatum Giant,16,transition,CA3c Pyramidal,DG Granule,7159.489110348726
greedy_tree_simulated_annealing,CA1 Radiatum Giant,17,transition,DG Granule,DG Mossy,44908.709978571016
greedy_tree_simulated_annealing,CA1 Radiatum Giant,18,transition,DG Mossy,DG Hilar Ectopic Granule,2119.754290320353
greedy_tree_simulated_annealing,CA1 Radiatum Giant,19,transition,DG Hilar Ectopic Granule,CA3 Pyramidal,0.0133035385226386
greedy_tree_simulated_annealing,CA1 Radiatum Giant,20,transition,CA3 Pyramidal,CA2 Pyramidal,12467.302061608583
greedy_tree_simulated_annealing,CA2 Pyramidal,1,self_connection,CA2 Pyramidal,CA2 Pyramidal,2163.138288508038
greedy_tree_simulated_annealing,CA2 Pyramidal,2,self_connection,CA1 Pyramidal,CA1 Pyramidal,2793.7555172355333
greedy_tree_simulated_annealing,CA2 Pyramidal,3,self_connection,MEC LV VI Pyramidal Polymorphic,MEC LV VI Pyramidal Polymorphic,1336.06008642144
greedy_tree_simulated_annealing,CA2 Pyramidal,4,self_connection,EC LIV VI Deep Multipolar Principal,EC LIV VI Deep Multipolar Principal,1969.34413375272
greedy_tree_simulated_annealing,CA2 Pyramidal,5,self_connection,LEC LVI Multipolar Pyramidal,LEC LVI Multipolar Pyramidal,212.6675576452901
greedy_tree_simulated_annealing,CA2 Pyramidal,6,self_connection,EC LIII Stellate,EC LIII Stellate,60.68453664121218
greedy_tree_simulated_annealing,CA2 Pyramidal,7,self_connection,MEC LIII Complex Pyramidal,MEC LIII Complex Pyramidal,1453.7180710081302
greedy_tree_simulated_annealing,CA2 Pyramidal,8,self_connection,MEC LII III Pyramidal Multiform,MEC LII III Pyramidal Multiform,307.79730677822744
greedy_tree_simulated_annealing,CA2 Pyramidal,9,self_connection,MEC LV Pyramidal,MEC LV Pyramidal,565.2447275074132
greedy_tree_simulated_annealing,CA2 Pyramidal,10,self_connection,MEC LIII Bipolar Complex Pyramidal,MEC LIII Bipolar Complex Pyramidal,176.61548774480949
greedy_tree_simulated_annealing,CA2 Pyramidal,11,self_connection,MEC LV Multipolar Pyramidal,MEC LV Multipolar Pyramidal,201.78698075346315
greedy_tree_simulated_annealing,CA2 Pyramidal,12,self_connection,EC LIII Pyramidal,EC LIII Pyramidal,17.545063132735347
greedy_tree_simulated_annealing,CA2 Pyramidal,13,self_connection,EC LIII V Bipolar Pyramidal,EC LIII V Bipolar Pyramidal,471.82519386819655
greedy_tree_simulated_annealing,CA2 Pyramidal,14,self_connection,LEC LIII Complex Pyramidal,LEC LIII Complex Pyramidal,744.1845437655309
greedy_tree_simulated_annealing,CA2 Pyramidal,15,self_connection,LEC LIII Multipolar Principal,LEC LIII Multipolar Principal,496.4095848183002
greedy_tree_simulated_annealing,CA2 Pyramidal,16,self_connection,EC LI II Multipolar Pyramidal,EC LI II Multipolar Pyramidal,18296.078460202098
greedy_tree_simulated_annealing,CA2 Pyramidal,17,self_connection,EC LII III Pyramidal Tripolar,EC LII III Pyramidal Tripolar,2277.297842357101
greedy_tree_simulated_annealing,CA2 Pyramidal,20,self_connection,CA3 Pyramidal,CA3 Pyramidal,3278.450765697168
greedy_tree_simulated_annealing,CA2 Pyramidal,21,self_connection,CA3c Pyramidal,CA3c Pyramidal,639.8640695461409
greedy_tree_simulated_annealing,CA2 Pyramidal,23,self_connection,DG Mossy,DG Mossy,1751.260654032912
greedy_tree_simulated_annealing,CA2 Pyramidal,24,self_connection,DG Hilar Ectopic Granule,DG Hilar Ectopic Granule,0.9213810801264162
greedy_tree_simulated_annealing,CA2 Pyramidal,1,transition,CA2 Pyramidal,CA1 Pyramidal,5532.563189259333
greedy_tree_simulated_annealing,CA2 Pyramidal,2,transition,CA1 Pyramidal,MEC LV VI Pyramidal Polymorphic,13564.64480225756
greedy_tree_simulated_annealing,CA2 Pyramidal,3,transition,MEC LV VI Pyramidal Polymorphic,EC LIV VI Deep Multipolar Principal,86.77596588341953
greedy_tree_simulated_annealing,CA2 Pyramidal,4,transition,EC LIV VI Deep Multipolar Principal,LEC LVI Multipolar Pyramidal,2246.3636143897743
greedy_tree_simulated_annealing,CA2 Pyramidal,5,transition,LEC LVI Multipolar Pyramidal,EC LIII Stellate,43.43981399803702
greedy_tree_simulated_annealing,CA2 Pyramidal,6,transition,EC LIII Stellate,MEC LIII Complex Pyramidal,165.81222907217855
greedy_tree_simulated_annealing,CA2 Pyramidal,7,transition,MEC LIII Complex Pyramidal,MEC LII III Pyramidal Multiform,496.8518298322453
greedy_tree_simulated_annealing,CA2 Pyramidal,8,transition,MEC LII III Pyramidal Multiform,MEC LV Pyramidal,548.8069668104904
greedy_tree_simulated_annealing,CA2 Pyramidal,9,transition,MEC LV Pyramidal,MEC LIII Bipolar Complex Pyramidal,388.0471277671555
greedy_tree_simulated_annealing,CA2 Pyramidal,10,transition,MEC LIII Bipolar Complex Pyramidal,MEC LV Multipolar Pyramidal,88.14001657842442
greedy_tree_simulated_annealing,CA2 Pyramidal,11,transition,MEC LV Multipolar Pyramidal,EC LIII Pyramidal,26.53458883572656
greedy_tree_simulated_annealing,CA2 Pyramidal,12,transition,EC LIII Pyramidal,EC LIII V Bipolar Pyramidal,34.402964559753684
greedy_tree_simulated_annealing,CA2 Pyramidal,13,transition,EC LIII V Bipolar Pyramidal,LEC LIII Complex Pyramidal,578.5387259197909
greedy_tree_simulated_annealing,CA2 Pyramidal,14,transition,LEC LIII Complex Pyramidal,LEC LIII Multipolar Principal,814.9191961799069
greedy_tree_simulated_annealing,CA2 Pyramidal,15,transition,LEC LIII Multipolar Principal,EC LI II Multipolar Pyramidal,539.4518276519966
greedy_tree_simulated_annealing,CA2 Pyramidal,16,transition,EC LI II Multipolar Pyramidal,EC LII III Pyramidal Tripolar,28854.49238765121
greedy_tree_simulated_annealing,CA2 Pyramidal,17,transition,EC LII III Pyramidal Tripolar,MEC LII Stellate,3189.046054691212
greedy_tree_simulated_annealing,CA2 Pyramidal,18,transition,MEC LII Stellate,CA3 Granule,19640.6765649223
greedy_tree_simulated_annealing,CA2 Pyramidal,19,transition,CA3 Granule,CA3 Pyramidal,0.942018883295193
greedy_tree_simulated_annealing,CA2 Pyramidal,20,transition,CA3 Pyramidal,CA3c Pyramidal,6774.278639391325
greedy_tree_simulated_annealing,CA2 Pyramidal,21,transition,CA3c Pyramidal,DG Granule,7159.489110348726
greedy_tree_simulated_annealing,CA2 Pyramidal,22,transition,DG Granule,DG Mossy,44908.709978571016
greedy_tree_simulated_annealing,CA2 Pyramidal,23,transition,DG Mossy,DG Hilar Ectopic Granule,2119.754290320353
greedy_tree_simulated_annealing,CA3 Granule,2,self_connection,CA3c Pyramidal,CA3c Pyramidal,639.8640695461409
greedy_tree_simulated_annealing,CA3 Granule,3,self_connection,CA1 Pyramidal,CA1 Pyramidal,2793.7555172355333
greedy_tree_simulated_annealing,CA3 Granule,4,self_connection,LEC LVI Multipolar Pyramidal,LEC LVI Multipolar Pyramidal,212.6675576452901
greedy_tree_simulated_annealing,CA3 Granule,5,self_connection,LEC LIII Complex Pyramidal,LEC LIII Complex Pyramidal,744.1845437655309
greedy_tree_simulated_annealing,CA3 Granule,6,self_connection,LEC LIII Multipolar Principal,LEC LIII Multipolar Principal,496.4095848183002
greedy_tree_simulated_annealing,CA3 Granule,7,self_connection,EC LIII Stellate,EC LIII Stellate,60.68453664121218
greedy_tree_simulated_annealing,CA3 Granule,8,self_connection,EC LII III Pyramidal Tripolar,EC LII III Pyramidal Tripolar,2277.297842357101
greedy_tree_simulated_annealing,CA3 Granule,9,self_connection,EC LI II Multipolar Pyramidal,EC LI II Multipolar Pyramidal,18296.078460202098
greedy_tree_simulated_annealing,CA3 Granule,10,self_connection,MEC LIII Bipolar Complex Pyramidal,MEC LIII Bipolar Complex Pyramidal,176.61548774480949
greedy_tree_simulated_annealing,CA3 Granule,12,self_connection,MEC LV Superficial Pyramidal,MEC LV Superficial Pyramidal,104.14348764746217
greedy_tree_simulated_annealing,CA3 Granule,13,self_connection,MEC LIII Complex Pyramidal,MEC LIII Complex Pyramidal,1453.7180710081302
greedy_tree_simulated_annealing,CA3 Granule,15,self_connection,MEC LV Pyramidal,MEC LV Pyramidal,565.2447275074132
greedy_tree_simulated_annealing,CA3 Granule,17,self_connection,DG Mossy,DG Mossy,1751.260654032912
greedy_tree_simulated_annealing,CA3 Granule,18,self_connection,DG Hilar Ectopic Granule,DG Hilar Ectopic Granule,0.9213810801264162
greedy_tree_simulated_annealing,CA3 Granule,19,self_connection,CA3 Pyramidal,CA3 Pyramidal,3278.450765697168
greedy_tree_simulated_annealing,CA3 Granule,20,self_connection,CA2 Pyramidal,CA2 Pyramidal,2163.138288508038
greedy_tree_simulated_annealing,CA3 Granule,1,transition,CA3 Granule,CA3c Pyramidal,2.280811281935155
greedy_tree_simulated_annealing,CA3 Granule,2,transition,CA3c Pyramidal,CA1 Pyramidal,85609.60976338176
greedy_tree_simulated_annealing,CA3 Granule,3,transition,CA1 Pyramidal,LEC LVI Multipolar Pyramidal,10569.009270094895
greedy_tree_simulated_annealing,CA3 Granule,4,transition,LEC LVI Multipolar Pyramidal,LEC LIII Complex Pyramidal,175.93242994355498
greedy_tree_simulated_annealing,CA3 Granule,5,transition,LEC LIII Complex Pyramidal,LEC LIII Multipolar Principal,814.9191961799069
greedy_tree_simulated_annealing,CA3 Granule,6,transition,LEC LIII Multipolar Principal,EC LIII Stellate,407.20715251546153
greedy_tree_simulated_annealing,CA3 Granule,7,transition,EC LIII Stellate,EC LII III Pyramidal Tripolar,69.81600034271409
greedy_tree_simulated_annealing,CA3 Granule,8,transition,EC LII III Pyramidal Tripolar,EC LI II Multipolar Pyramidal,4216.395703649579
greedy_tree_simulated_annealing,CA3 Granule,9,transition,EC LI II Multipolar Pyramidal,MEC LIII Bipolar Complex Pyramidal,30698.001365671505
greedy_tree_simulated_annealing,CA3 Granule,10,transition,MEC LIII Bipolar Complex Pyramidal,MEC LII Oblique Pyramidal,129.39404235709722
greedy_tree_simulated_annealing,CA3 Granule,11,transition,MEC LII Oblique Pyramidal,MEC LV Superficial Pyramidal,73.63513359542591
greedy_tree_simulated_annealing,CA3 Granule,12,transition,MEC LV Superficial Pyramidal,MEC LIII Complex Pyramidal,495.9622533998108
greedy_tree_simulated_annealing,CA3 Granule,13,transition,MEC LIII Complex Pyramidal,MEC LII Stellate,1193.0847203135872
greedy_tree_simulated_annealing,CA3 Granule,14,transition,MEC LII Stellate,MEC LV Pyramidal,1511.061780907998
greedy_tree_simulated_annealing,CA3 Granule,15,transition,MEC LV Pyramidal,DG Granule,9568.736896643586
greedy_tree_simulated_annealing,CA3 Granule,16,transition,DG Granule,DG Mossy,44908.709978571016
greedy_tree_simulated_annealing,CA3 Granule,17,transition,DG Mossy,DG Hilar Ectopic Granule,2119.754290320353
greedy_tree_simulated_annealing,CA3 Granule,18,transition,DG Hilar Ectopic Granule,CA3 Pyramidal,0.0133035385226386
greedy_tree_simulated_annealing,CA3 Granule,19,transition,CA3 Pyramidal,CA2 Pyramidal,12467.302061608583
greedy_tree_simulated_annealing,CA3 Granule,20,transition,CA2 Pyramidal,CA1 Radiatum Giant,263.0645063940111
greedy_tree_simulated_annealing,CA3 Pyramidal,1,self_connection,CA3 Pyramidal,CA3 Pyramidal,3278.450765697168
greedy_tree_simulated_annealing,CA3 Pyramidal,2,self_connection,CA2 Pyramidal,CA2 Pyramidal,2163.138288508038
greedy_tree_simulated_annealing,CA3 Pyramidal,3,self_connection,DG Mossy,DG Mossy,1751.260654032912
greedy_tree_simulated_annealing,CA3 Pyramidal,4,self_connection,DG Hilar Ectopic Granule,DG Hilar Ectopic Granule,0.9213810801264162
greedy_tree_simulated_annealing,CA3 Pyramidal,5,self_connection,CA3c Pyramidal,CA3c Pyramidal,639.8640695461409
greedy_tree_simulated_annealing,CA3 Pyramidal,6,self_connection,CA1 Pyramidal,CA1 Pyramidal,2793.7555172355333
greedy_tree_simulated_annealing,CA3 Pyramidal,7,self_connection,MEC LV VI Pyramidal Polymorphic,MEC LV VI Pyramidal Polymorphic,1336.06008642144
greedy_tree_simulated_annealing,CA3 Pyramidal,8,self_connection,EC LIV VI Deep Multipolar Principal,EC LIV VI Deep Multipolar Principal,1969.34413375272
greedy_tree_simulated_annealing,CA3 Pyramidal,9,self_connection,LEC LVI Multipolar Pyramidal,LEC LVI Multipolar Pyramidal,212.6675576452901
greedy_tree_simulated_annealing,CA3 Pyramidal,10,self_connection,LEC LIII Multipolar Principal,LEC LIII Multipolar Principal,496.4095848183002
greedy_tree_simulated_annealing,CA3 Pyramidal,11,self_connection,EC LI II Multipolar Pyramidal,EC LI II Multipolar Pyramidal,18296.078460202098
greedy_tree_simulated_annealing,CA3 Pyramidal,12,self_connection,EC LII III Pyramidal Tripolar,EC LII III Pyramidal Tripolar,2277.297842357101
greedy_tree_simulated_annealing,CA3 Pyramidal,13,self_connection,MEC LIII Complex Pyramidal,MEC LIII Complex Pyramidal,1453.7180710081302
greedy_tree_simulated_annealing,CA3 Pyramidal,1,transition,CA3 Pyramidal,CA2 Pyramidal,12467.302061608583
greedy_tree_simulated_annealing,CA3 Pyramidal,2,transition,CA2 Pyramidal,DG Mossy,4836.413875657298
greedy_tree_simulated_annealing,CA3 Pyramidal,3,transition,DG Mossy,DG Hilar Ectopic Granule,2119.754290320353
greedy_tree_simulated_annealing,CA3 Pyramidal,4,transition,DG Hilar Ectopic Granule,CA3c Pyramidal,0.0550567880071112
greedy_tree_simulated_annealing,CA3 Pyramidal,5,transition,CA3c Pyramidal,CA1 Pyramidal,85609.60976338176
greedy_tree_simulated_annealing,CA3 Pyramidal,6,transition,CA1 Pyramidal,MEC LV VI Pyramidal Polymorphic,13564.64480225756
greedy_tree_simulated_annealing,CA3 Pyramidal,7,transition,MEC LV VI Pyramidal Polymorphic,EC LIV VI Deep Multipolar Principal,86.77596588341953
greedy_tree_simulated_annealing,CA3 Pyramidal,8,transition,EC LIV VI Deep Multipolar Principal,LEC LVI Multipolar Pyramidal,2246.3636143897743
greedy_tree_simulated_annealing,CA3 Pyramidal,9,transition,LEC LVI Multipolar Pyramidal,LEC LIII Multipolar Principal,304.0317537911717
greedy_tree_simulated_annealing,CA3 Pyramidal,10,transition,LEC LIII Multipolar Principal,EC LI II Multipolar Pyramidal,539.4518276519966
greedy_tree_simulated_annealing,CA3 Pyramidal,11,transition,EC LI II Multipolar Pyramidal,EC LII III Pyramidal Tripolar,28854.49238765121
greedy_tree_simulated_annealing,CA3 Pyramidal,12,transition,EC LII III Pyramidal Tripolar,MEC LIII Complex Pyramidal,2488.1460458320303
greedy_tree_simulated_annealing,CA3 Pyramidal,13,transition,MEC LIII Complex Pyramidal,MEC LII Stellate,1193.0847203135872
greedy_tree_simulated_annealing,CA3 Pyramidal,14,transition,MEC LII Stellate,CA3 Granule,19640.6765649223
greedy_tree_simulated_annealing,CA3c Pyramidal,1,self_connection,CA3c Pyramidal,CA3c Pyramidal,639.8640695461409
greedy_tree_simulated_annealing,CA3c Pyramidal,2,self_connection,CA1 Pyramidal,CA1 Pyramidal,2793.7555172355333
greedy_tree_simulated_annealing,CA3c Pyramidal,3,self_connection,MEC LV VI Pyramidal Polymorphic,MEC LV VI Pyramidal Polymorphic,1336.06008642144
greedy_tree_simulated_annealing,CA3c Pyramidal,4,self_connection,EC LIV VI Deep Multipolar Principal,EC LIV VI Deep Multipolar Principal,1969.34413375272
greedy_tree_simulated_annealing,CA3c Pyramidal,5,self_connection,LEC LVI Multipolar Pyramidal,LEC LVI Multipolar Pyramidal,212.6675576452901
greedy_tree_simulated_annealing,CA3c Pyramidal,6,self_connection,LEC LIII Multipolar Principal,LEC LIII Multipolar Principal,496.4095848183002
greedy_tree_simulated_annealing,CA3c Pyramidal,7,self_connection,LEC LIII Complex Pyramidal,LEC LIII Complex Pyramidal,744.1845437655309
greedy_tree_simulated_annealing,CA3c Pyramidal,8,self_connection,EC LIII Pyramidal Stellate,EC LIII Pyramidal Stellate,360.1830629372671
greedy_tree_simulated_annealing,CA3c Pyramidal,9,self_connection,MEC LIII Complex Pyramidal,MEC LIII Complex Pyramidal,1453.7180710081302
greedy_tree_simulated_annealing,CA3c Pyramidal,10,self_connection,EC LI II Multipolar Pyramidal,EC LI II Multipolar Pyramidal,18296.078460202098
greedy_tree_simulated_annealing,CA3c Pyramidal,11,self_connection,EC LII III Pyramidal Tripolar,EC LII III Pyramidal Tripolar,2277.297842357101
greedy_tree_simulated_annealing,CA3c Pyramidal,12,self_connection,MEC LII III Pyramidal Multiform,MEC LII III Pyramidal Multiform,307.79730677822744
greedy_tree_simulated_annealing,CA3c Pyramidal,13,self_connection,MEC LV Superficial Pyramidal,MEC LV Superficial Pyramidal,104.14348764746217
greedy_tree_simulated_annealing,CA3c Pyramidal,14,self_connection,MEC LV Multipolar Pyramidal,MEC LV Multipolar Pyramidal,201.78698075346315
greedy_tree_simulated_annealing,CA3c Pyramidal,15,self_connection,MEC LV Pyramidal,MEC LV Pyramidal,565.2447275074132
greedy_tree_simulated_annealing,CA3c Pyramidal,17,self_connection,DG Mossy,DG Mossy,1751.260654032912
greedy_tree_simulated_annealing,CA3c Pyramidal,18,self_connection,DG Hilar Ectopic Granule,DG Hilar Ectopic Granule,0.9213810801264162
greedy_tree_simulated_annealing,CA3c Pyramidal,19,self_connection,CA3 Pyramidal,CA3 Pyramidal,3278.450765697168
greedy_tree_simulated_annealing,CA3c Pyramidal,20,self_connection,CA2 Pyramidal,CA2 Pyramidal,2163.138288508038
greedy_tree_simulated_annealing,CA3c Pyramidal,1,transition,CA3c Pyramidal,CA1 Pyramidal,85609.60976338176
greedy_tree_simulated_annealing,CA3c Pyramidal,2,transition,CA1 Pyramidal,MEC LV VI Pyramidal Polymorphic,13564.64480225756
greedy_tree_simulated_annealing,CA3c Pyramidal,3,transition,MEC LV VI Pyramidal Polymorphic,EC LIV VI Deep Multipolar Principal,86.77596588341953
greedy_tree_simulated_annealing,CA3c Pyramidal,4,transition,EC LIV VI Deep Multipolar Principal,LEC LVI Multipolar Pyramidal,2246.3636143897743
greedy_tree_simulated_annealing,CA3c Pyramidal,5,transition,LEC LVI Multipolar Pyramidal,LEC LIII Multipolar Principal,304.0317537911717
greedy_tree_simulated_annealing,CA3c Pyramidal,6,transition,LEC LIII Multipolar Principal,LEC LIII Complex Pyramidal,556.0635991085179
greedy_tree_simulated_annealing,CA3c Pyramidal,7,transition,LEC LIII Complex Pyramidal,EC LIII Pyramidal Stellate,538.1000722266449
greedy_tree_simulated_annealing,CA3c Pyramidal,8,transition,EC LIII Pyramidal Stellate,MEC LIII Complex Pyramidal,647.4324185181202
greedy_tree_simulated_annealing,CA3c Pyramidal,9,transition,MEC LIII Complex Pyramidal,EC LI II Multipolar Pyramidal,552.0532459996851
greedy_tree_simulated_annealing,CA3c Pyramidal,10,transition,EC LI II Multipolar Pyramidal,EC LII III Pyramidal Tripolar,28854.49238765121
greedy_tree_simulated_annealing,CA3c Pyramidal,11,transition,EC LII III Pyramidal Tripolar,MEC LII III Pyramidal Multiform,1991.8124765410728
greedy_tree_simulated_annealing,CA3c Pyramidal,12,transition,MEC LII III Pyramidal Multiform,MEC LV Superficial Pyramidal,589.7870748828476
greedy_tree_simulated_annealing,CA3c Pyramidal,13,transition,MEC LV Superficial Pyramidal,MEC LV Multipolar Pyramidal,218.5111462490885
greedy_tree_simulated_annealing,CA3c Pyramidal,14,transition,MEC LV Multipolar Pyramidal,MEC LV Pyramidal,115.70855122819788
greedy_tree_simulated_annealing,CA3c Pyramidal,15,transition,MEC LV Pyramidal,DG Granule,9568.736896643586
greedy_tree_simulated_annealing,CA3c Pyramidal,16,transition,DG Granule,DG Mossy,44908.709978571016
greedy_tree_simulated_annealing,CA3c Pyramidal,17,transition,DG Mossy,DG Hilar Ectopic Granule,2119.754290320353
greedy_tree_simulated_annealing,CA3c Pyramidal,18,transition,DG Hilar Ectopic Granule,CA3 Pyramidal,0.0133035385226386
greedy_tree_simulated_annealing,CA3c Pyramidal,19,transition,CA3 Pyramidal,CA2 Pyramidal,12467.302061608583
greedy_tree_simulated_annealing,CA3c Pyramidal,20,transition,CA2 Pyramidal,CA3 Granule,592.9863345985209
greedy_tree_simulated_annealing,DG Granule,2,self_connection,DG Mossy,DG Mossy,1751.260654032912
greedy_tree_simulated_annealing,DG Granule,3,self_connection,DG Hilar Ectopic Granule,DG Hilar Ectopic Granule,0.9213810801264162
greedy_tree_simulated_annealing,DG Granule,4,self_connection,CA3c Pyramidal,CA3c Pyramidal,639.8640695461409
greedy_tree_simulated_annealing,DG Granule,5,self_connection,CA1 Pyramidal,CA1 Pyramidal,2793.7555172355333
greedy_tree_simulated_annealing,DG Granule,6,self_connection,MEC LV VI Pyramidal Polymorphic,MEC LV VI Pyramidal Polymorphic,1336.06008642144
greedy_tree_simulated_annealing,DG Granule,7,self_connection,EC LIV VI Deep Multipolar Principal,EC LIV VI Deep Multipolar Principal,1969.34413375272
greedy_tree_simulated_annealing,DG Granule,8,self_connection,MEC LIII Complex Pyramidal,MEC LIII Complex Pyramidal,1453.7180710081302
greedy_tree_simulated_annealing,DG Granule,9,self_connection,EC LI II Multipolar Pyramidal,EC LI II Multipolar Pyramidal,18296.078460202098
greedy_tree_simulated_annealing,DG Granule,10,self_connection,EC LII III Pyramidal Tripolar,EC LII III Pyramidal Tripolar,2277.297842357101
greedy_tree_simulated_annealing,DG Granule,11,self_connection,EC LIII Stellate,EC LIII Stellate,60.68453664121218
greedy_tree_simulated_annealing,DG Granule,12,self_connection,EC LIII Pyramidal,EC LIII Pyramidal,17.545063132735347
greedy_tree_simulated_annealing,DG Granule,13,self_connection,LEC LIII Multipolar Principal,LEC LIII Multipolar Principal,496.4095848183002
greedy_tree_simulated_annealing,DG Granule,14,self_connection,EC LIII Pyramidal Stellate,EC LIII Pyramidal Stellate,360.1830629372671
greedy_tree_simulated_annealing,DG Granule,15,self_connection,MEC LIII Bipolar Complex Pyramidal,MEC LIII Bipolar Complex Pyramidal,176.61548774480949
greedy_tree_simulated_annealing,DG Granule,16,self_connection,MEC LII III Pyramidal Multiform,MEC LII III Pyramidal Multiform,307.79730677822744
greedy_tree_simulated_annealing,DG Granule,17,self_connection,MEC LV Multipolar Pyramidal,MEC LV Multipolar Pyramidal,201.78698075346315
greedy_tree_simulated_annealing,DG Granule,18,self_connection,MEC LV Superficial Pyramidal,MEC LV Superficial Pyramidal,104.14348764746217
greedy_tree_simulated_annealing,DG Granule,19,self_connection,MEC LV Pyramidal,MEC LV Pyramidal,565.2447275074132
greedy_tree_simulated_annealing,DG Granule,22,self_connection,CA3 Pyramidal,CA3 Pyramidal,3278.450765697168
greedy_tree_simulated_annealing,DG Granule,23,self_connection,CA2 Pyramidal,CA2 Pyramidal,2163.138288508038
greedy_tree_simulated_annealing,DG Granule,1,transition,DG Granule,DG Mossy,44908.709978571016
greedy_tree_simulated_annealing,DG Granule,2,transition,DG Mossy,DG Hilar Ectopic Granule,2119.754290320353
greedy_tree_simulated_annealing,DG Granule,3,transition,DG Hilar Ectopic Granule,CA3c Pyramidal,0.0550567880071112
greedy_tree_simulated_annealing,DG Granule,4,transition,CA3c Pyramidal,CA1 Pyramidal,85609.60976338176
greedy_tree_simulated_annealing,DG Granule,5,transition,CA1 Pyramidal,MEC LV VI Pyramidal Polymorphic,13564.64480225756
greedy_tree_simulated_annealing,DG Granule,6,transition,MEC LV VI Pyramidal Polymorphic,EC LIV VI Deep Multipolar Principal,86.77596588341953
greedy_tree_simulated_annealing,DG Granule,7,transition,EC LIV VI Deep Multipolar Principal,MEC LIII Complex Pyramidal,1427.516326568439
greedy_tree_simulated_annealing,DG Granule,8,transition,MEC LIII Complex Pyramidal,EC LI II Multipolar Pyramidal,552.0532459996851
greedy_tree_simulated_annealing,DG Granule,9,transition,EC LI II Multipolar Pyramidal,EC LII III Pyramidal Tripolar,28854.49238765121
greedy_tree_simulated_annealing,DG Granule,10,transition,EC LII III Pyramidal Tripolar,EC LIII Stellate,2760.010200610732
greedy_tree_simulated_annealing,DG Granule,11,transition,EC LIII Stellate,EC LIII Pyramidal,65.42000887199006
greedy_tree_simulated_annealing,DG Granule,12,transition,EC LIII Pyramidal,LEC LIII Multipolar Principal,83.48941938449421
greedy_tree_simulated_annealing,DG Granule,13,transition,LEC LIII Multipolar Principal,EC LIII Pyramidal Stellate,406.0536249631236
greedy_tree_simulated_annealing,DG Granule,14,transition,EC LIII Pyramidal Stellate,MEC LIII Bipolar Complex Pyramidal,418.9168875087689
greedy_tree_simulated_annealing,DG Granule,15,transition,MEC LIII Bipolar Complex Pyramidal,MEC LII III Pyramidal Multiform,156.10322882603091
greedy_tree_simulated_annealing,DG Granule,16,transition,MEC LII III Pyramidal Multiform,MEC LV Multipolar Pyramidal,750.744376370936
greedy_tree_simulated_annealing,DG Granule,17,transition,MEC LV Multipolar Pyramidal,MEC LV Superficial Pyramidal,138.44761428854213
greedy_tree_simulated_annealing,DG Granule,18,transition,MEC LV Superficial Pyramidal,MEC LV Pyramidal,138.477786593687
greedy_tree_simulated_annealing,DG Granule,19,transition,MEC LV Pyramidal,MEC LII Stellate,900.6001307658568
greedy_tree_simulated_annealing,DG Granule,20,transition,MEC LII Stellate,CA3 Granule,19640.6765649223
greedy_tree_simulated_annealing,DG Granule,21,transition,CA3 Granule,CA3 Pyramidal,0.942018883295193
greedy_tree_simulated_annealing,DG Granule,22,transition,CA3 Pyramidal,CA2 Pyramidal,12467.302061608583
greedy_tree_simulated_annealing,DG Granule,23,transition,CA2 Pyramidal,CA1 Radiatum Giant,263.0645063940111
greedy_tree_simulated_annealing,DG Hilar Ectopic Granule,1,self_connection,DG Hilar Ectopic Granule,DG Hilar Ectopic Granule,0.9213810801264162
greedy_tree_simulated_annealing,DG Hilar Ectopic Granule,2,self_connection,CA3c Pyramidal,CA3c Pyramidal,639.8640695461409
greedy_tree_simulated_annealing,DG Hilar Ectopic Granule,3,self_connection,CA1 Pyramidal,CA1 Pyramidal,2793.7555172355333
greedy_tree_simulated_annealing,DG Hilar Ectopic Granule,4,self_connection,LEC LVI Multipolar Pyramidal,LEC LVI Multipolar Pyramidal,212.6675576452901
greedy_tree_simulated_annealing,DG Hilar Ectopic Granule,5,self_connection,LEC LIII Complex Pyramidal,LEC LIII Complex Pyramidal,744.1845437655309
greedy_tree_simulated_annealing,DG Hilar Ectopic Granule,6,self_connection,EC LII III Pyramidal Tripolar,EC LII III Pyramidal Tripolar,2277.297842357101
greedy_tree_simulated_annealing,DG Hilar Ectopic Granule,8,self_connection,MEC LIII Complex Pyramidal,MEC LIII Complex Pyramidal,1453.7180710081302
greedy_tree_simulated_annealing,DG Hilar Ectopic Granule,9,self_connection,EC LI II Multipolar Pyramidal,EC LI II Multipolar Pyramidal,18296.078460202098
greedy_tree_simulated_annealing,DG Hilar Ectopic Granule,10,self_connection,EC LIII Stellate,EC LIII Stellate,60.68453664121218
greedy_tree_simulated_annealing,DG Hilar Ectopic Granule,11,self_connection,EC LIII Pyramidal,EC LIII Pyramidal,17.545063132735347
greedy_tree_simulated_annealing,DG Hilar Ectopic Granule,12,self_connection,EC LIV VI Deep Multipolar Principal,EC LIV VI Deep Multipolar Principal,1969.34413375272
greedy_tree_simulated_annealing,DG Hilar Ectopic Granule,13,self_connection,MEC LV Multipolar Pyramidal,MEC LV Multipolar Pyramidal,201.78698075346315
greedy_tree_simulated_annealing,DG Hilar Ectopic Granule,14,self_connection,MEC LV Superficial Pyramidal,MEC LV Superficial Pyramidal,104.14348764746217
greedy_tree_simulated_annealing,DG Hilar Ectopic Granule,16,self_connection,MEC LV VI Pyramidal Polymorphic,MEC LV VI Pyramidal Polymorphic,1336.06008642144
greedy_tree_simulated_annealing,DG Hilar Ectopic Granule,17,self_connection,EC LV Deep Pyramidal,EC LV Deep Pyramidal,398.1782023002817
greedy_tree_simulated_annealing,DG Hilar Ectopic Granule,18,self_connection,EC LIII V Bipolar Pyramidal,EC LIII V Bipolar Pyramidal,471.82519386819655
greedy_tree_simulated_annealing,DG Hilar Ectopic Granule,19,self_connection,LEC LIII Multipolar Principal,LEC LIII Multipolar Principal,496.4095848183002
greedy_tree_simulated_annealing,DG Hilar Ectopic Granule,20,self_connection,EC LIII Pyramidal Stellate,EC LIII Pyramidal Stellate,360.1830629372671
greedy_tree_simulated_annealing,DG Hilar Ectopic Granule,21,self_connection,MEC LIII Bipolar Complex Pyramidal,MEC LIII Bipolar Complex Pyramidal,176.61548774480949
greedy_tree_simulated_annealing,DG Hilar Ectopic Granule,22,self_connection,MEC LII III Pyramidal Multiform,MEC LII III Pyramidal Multiform,307.79730677822744
greedy_tree_simulated_annealing,DG Hilar Ectopic Granule,23,self_connection,MEC LV Pyramidal,MEC LV Pyramidal,565.2447275074132
greedy_tree_simulated_annealing,DG Hilar Ectopic Granule,25,self_connection,DG Mossy,DG Mossy,1751.260654032912
greedy_tree_simulated_annealing,DG Hilar Ectopic Granule,26,self_connection,DG Semilunar Granule,DG Semilunar Granule,40.60469398082807
greedy_tree_simulated_annealing,DG Hilar Ectopic Granule,27,self_connection,CA3 Pyramidal,CA3 Pyramidal,3278.450765697168
greedy_tree_simulated_annealing,DG Hilar Ectopic Granule,28,self_connection,CA2 Pyramidal,CA2 Pyramidal,2163.138288508038
greedy_tree_simulated_annealing,DG Hilar Ectopic Granule,1,transition,DG Hilar Ectopic Granule,CA3c Pyramidal,0.0550567880071112
greedy_tree_simulated_annealing,DG Hilar Ectopic Granule,2,transition,CA3c Pyramidal,CA1 Pyramidal,85609.60976338176
greedy_tree_simulated_annealing,DG Hilar Ectopic Granule,3,transition,CA1 Pyramidal,LEC LVI Multipolar Pyramidal,10569.009270094895
greedy_tree_simulated_annealing,DG Hilar Ectopic Granule,4,transition,LEC LVI Multipolar Pyramidal,LEC LIII Complex Pyramidal,175.93242994355498
greedy_tree_simulated_annealing,DG Hilar Ectopic Granule,5,transition,LEC LIII Complex Pyramidal,EC LII III Pyramidal Tripolar,366.36278097895246
greedy_tree_simulated_annealing,DG Hilar Ectopic Granule,6,transition,EC LII III Pyramidal Tripolar,MEC LII Oblique Pyramidal,1831.767241236225
greedy_tree_simulated_annealing,DG Hilar Ectopic Granule,7,transition,MEC LII Oblique Pyramidal,MEC LIII Complex Pyramidal,455.4398944649327
greedy_tree_simulated_annealing,DG Hilar Ectopic Granule,8,transition,MEC LIII Complex Pyramidal,EC LI II Multipolar Pyramidal,552.0532459996851
greedy_tree_simulated_annealing,DG Hilar Ectopic Granule,9,transition,EC LI II Multipolar Pyramidal,EC LIII Stellate,29349.85984134182
greedy_tree_simulated_annealing,DG Hilar Ectopic Granule,10,transition,EC LIII Stellate,EC LIII Pyramidal,65.42000887199006
greedy_tree_simulated_annealing,DG Hilar Ectopic Granule,11,transition,EC LIII Pyramidal,EC LIV VI Deep Multipolar Principal,43.40492582775664
greedy_tree_simulated_annealing,DG Hilar Ectopic Granule,12,transition,EC LIV VI Deep Multipolar Principal,MEC LV Multipolar Pyramidal,1174.282004366153
greedy_tree_simulated_annealing,DG Hilar Ectopic Granule,13,transition,MEC LV Multipolar Pyramidal,MEC LV Superficial Pyramidal,138.44761428854213
greedy_tree_simulated_annealing,DG Hilar Ectopic Granule,14,transition,MEC LV Superficial Pyramidal,MEC LII Stellate,135.01248410172684
greedy_tree_simulated_annealing,DG Hilar Ectopic Granule,15,transition,MEC LII Stellate,MEC LV VI Pyramidal Polymorphic,3148.534652356986
greedy_tree_simulated_annealing,DG Hilar Ectopic Granule,16,transition,MEC LV VI Pyramidal Polymorphic,EC LV Deep Pyramidal,78.22850736136446
greedy_tree_simulated_annealing,DG Hilar Ectopic Granule,17,transition,EC LV Deep Pyramidal,EC LIII V Bipolar Pyramidal,180.4005489546849
greedy_tree_simulated_annealing,DG Hilar Ectopic Granule,18,transition,EC LIII V Bipolar Pyramidal,LEC LIII Multipolar Principal,1092.637693563088
greedy_tree_simulated_annealing,DG Hilar Ectopic Granule,19,transition,LEC LIII Multipolar Principal,EC LIII Pyramidal Stellate,406.0536249631236
greedy_tree_simulated_annealing,DG Hilar Ectopic Granule,20,transition,EC LIII Pyramidal Stellate,MEC LIII Bipolar Complex Pyramidal,418.9168875087689
greedy_tree_simulated_annealing,DG Hilar Ectopic Granule,21,transition,MEC LIII Bipolar Complex Pyramidal,MEC LII III Pyramidal Multiform,156.10322882603091
greedy_tree_simulated_annealing,DG Hilar Ectopic Granule,22,transition,MEC LII III Pyramidal Multiform,MEC LV Pyramidal,548.8069668104904
greedy_tree_simulated_annealing,DG Hilar Ectopic Granule,23,transition,MEC LV Pyramidal,DG Granule,9568.736896643586
greedy_tree_simulated_annealing,DG Hilar Ectopic Granule,24,transition,DG Granule,DG Mossy,44908.709978571016
greedy_tree_simulated_annealing,DG Hilar Ectopic Granule,25,transition,DG Mossy,DG Semilunar Granule,50.6486718617241
greedy_tree_simulated_annealing,DG Hilar Ectopic Granule,26,transition,DG Semilunar Granule,CA3 Pyramidal,64.21877861632397
greedy_tree_simulated_annealing,DG Hilar Ectopic Granule,27,transition,CA3 Pyramidal,CA2 Pyramidal,12467.302061608583
greedy_tree_simulated_annealing,DG Hilar Ectopic Granule,28,transition,CA2 Pyramidal,CA3 Granule,592.9863345985209
greedy_tree_simulated_annealing,DG Mossy,1,self_connection,DG Mossy,DG Mossy,1751.260654032912
greedy_tree_simulated_annealing,DG Mossy,3,self_connection,DG Hilar Ectopic Granule,DG Hilar Ectopic Granule,0.9213810801264162
greedy_tree_simulated_annealing,DG Mossy,4,self_connection,CA3c Pyramidal,CA3c Pyramidal,639.8640695461409
greedy_tree_simulated_annealing,DG Mossy,5,self_connection,CA1 Pyramidal,CA1 Pyramidal,2793.7555172355333
greedy_tree_simulated_annealing,DG Mossy,6,self_connection,MEC LV VI Pyramidal Polymorphic,MEC LV VI Pyramidal Polymorphic,1336.06008642144
greedy_tree_simulated_annealing,DG Mossy,7,self_connection,EC LIV VI Deep Multipolar Principal,EC LIV VI Deep Multipolar Principal,1969.34413375272
greedy_tree_simulated_annealing,DG Mossy,8,self_connection,LEC LVI Multipolar Pyramidal,LEC LVI Multipolar Pyramidal,212.6675576452901
greedy_tree_simulated_annealing,DG Mossy,9,self_connection,LEC LIII Multipolar Principal,LEC LIII Multipolar Principal,496.4095848183002
greedy_tree_simulated_annealing,DG Mossy,10,self_connection,EC LI II Multipolar Pyramidal,EC LI II Multipolar Pyramidal,18296.078460202098
greedy_tree_simulated_annealing,DG Mossy,11,self_connection,EC LII III Pyramidal Tripolar,EC LII III Pyramidal Tripolar,2277.297842357101
greedy_tree_simulated_annealing,DG Mossy,12,self_connection,EC LIII Stellate,EC LIII Stellate,60.68453664121218
greedy_tree_simulated_annealing,DG Mossy,13,self_connection,MEC LIII Complex Pyramidal,MEC LIII Complex Pyramidal,1453.7180710081302
greedy_tree_simulated_annealing,DG Mossy,16,self_connection,CA3 Pyramidal,CA3 Pyramidal,3278.450765697168
greedy_tree_simulated_annealing,DG Mossy,17,self_connection,CA2 Pyramidal,CA2 Pyramidal,2163.138288508038
greedy_tree_simulated_annealing,DG Mossy,1,transition,DG Mossy,DG Granule,968.2502990077752
greedy_tree_simulated_annealing,DG Mossy,2,transition,DG Granule,DG Hilar Ectopic Granule,25114.71428869603
greedy_tree_simulated_annealing,DG Mossy,3,transition,DG Hilar Ectopic Granule,CA3c Pyramidal,0.0550567880071112
greedy_tree_simulated_annealing,DG Mossy,4,transition,CA3c Pyramidal,CA1 Pyramidal,85609.60976338176
greedy_tree_simulated_annealing,DG Mossy,5,transition,CA1 Pyramidal,MEC LV VI Pyramidal Polymorphic,13564.64480225756
greedy_tree_simulated_annealing,DG Mossy,6,transition,MEC LV VI Pyramidal Polymorphic,EC LIV VI Deep Multipolar Principal,86.77596588341953
greedy_tree_simulated_annealing,DG Mossy,7,transition,EC LIV VI Deep Multipolar Principal,LEC LVI Multipolar Pyramidal,2246.3636143897743
greedy_tree_simulated_annealing,DG Mossy,8,transition,LEC LVI Multipolar Pyramidal,LEC LIII Multipolar Principal,304.0317537911717
greedy_tree_simulated_annealing,DG Mossy,9,transition,LEC LIII Multipolar Principal,EC LI II Multipolar Pyramidal,539.4518276519966
greedy_tree_simulated_annealing,DG Mossy,10,transition,EC LI II Multipolar Pyramidal,EC LII III Pyramidal Tripolar,28854.49238765121
greedy_tree_simulated_annealing,DG Mossy,11,transition,EC LII III Pyramidal Tripolar,EC LIII Stellate,2760.010200610732
greedy_tree_simulated_annealing,DG Mossy,12,transition,EC LIII Stellate,MEC LIII Complex Pyramidal,165.81222907217855
greedy_tree_simulated_annealing,DG Mossy,13,transition,MEC LIII Complex Pyramidal,MEC LII Stellate,1193.0847203135872
greedy_tree_simulated_annealing,DG Mossy,14,transition,MEC LII Stellate,CA3 Granule,19640.6765649223
greedy_tree_simulated_annealing,DG Mossy,15,transition,CA3 Granule,CA3 Pyramidal,0.942018883295193
greedy_tree_simulated_annealing,DG Mossy,16,transition,CA3 Pyramidal,CA2 Pyramidal,12467.302061608583
greedy_tree_simulated_annealing,DG Mossy,17,transition,CA2 Pyramidal,CA1 Radiatum Giant,263.0645063940111
greedy_tree_simulated_annealing,DG Semilunar Granule,1,self_connection,DG Semilunar Granule,DG Semilunar Granule,40.60469398082807
greedy_tree_simulated_annealing,DG Semilunar Granule,2,self_connection,DG Mossy,DG Mossy,1751.260654032912
greedy_tree_simulated_annealing,DG Semilunar Granule,3,self_connection,DG Hilar Ectopic Granule,DG Hilar Ectopic Granule,0.9213810801264162
greedy_tree_simulated_annealing,DG Semilunar Granule,4,self_connection,CA3c Pyramidal,CA3c Pyramidal,639.8640695461409
greedy_tree_simulated_annealing,DG Semilunar Granule,5,self_connection,CA1 Pyramidal,CA1 Pyramidal,2793.7555172355333
greedy_tree_simulated_annealing,DG Semilunar Granule,6,self_connection,MEC LV VI Pyramidal Polymorphic,MEC LV VI Pyramidal Polymorphic,1336.06008642144
greedy_tree_simulated_annealing,DG Semilunar Granule,7,self_connection,EC LIV VI Deep Multipolar Principal,EC LIV VI Deep Multipolar Principal,1969.34413375272
greedy_tree_simulated_annealing,DG Semilunar Granule,8,self_connection,LEC LVI Multipolar Pyramidal,LEC LVI Multipolar Pyramidal,212.6675576452901
greedy_tree_simulated_annealing,DG Semilunar Granule,9,self_connection,LEC LIII Multipolar Principal,LEC LIII Multipolar Principal,496.4095848183002
greedy_tree_simulated_annealing,DG Semilunar Granule,10,self_connection,LEC LIII Complex Pyramidal,LEC LIII Complex Pyramidal,744.1845437655309
greedy_tree_simulated_annealing,DG Semilunar Granule,11,self_connection,EC LII III Pyramidal Tripolar,EC LII III Pyramidal Tripolar,2277.297842357101
greedy_tree_simulated_annealing,DG Semilunar Granule,12,self_connection,EC LI II Multipolar Pyramidal,EC LI II Multipolar Pyramidal,18296.078460202098
greedy_tree_simulated_annealing,DG Semilunar Granule,13,self_connection,MEC LIII Bipolar Complex Pyramidal,MEC LIII Bipolar Complex Pyramidal,176.61548774480949
greedy_tree_simulated_annealing,DG Semilunar Granule,14,self_connection,MEC LIII Complex Pyramidal,MEC LIII Complex Pyramidal,1453.7180710081302
greedy_tree_simulated_annealing,DG Semilunar Granule,17,self_connection,CA3 Pyramidal,CA3 Pyramidal,3278.450765697168
greedy_tree_simulated_annealing,DG Semilunar Granule,18,self_connection,CA2 Pyramidal,CA2 Pyramidal,2163.138288508038
greedy_tree_simulated_annealing,DG Semilunar Granule,1,transition,DG Semilunar Granule,DG Mossy,5155.105798787127
greedy_tree_simulated_annealing,DG Semilunar Granule,2,transition,DG Mossy,DG Hilar Ectopic Granule,2119.754290320353
greedy_tree_simulated_annealing,DG Semilunar Granule,3,transition,DG Hilar Ectopic Granule,CA3c Pyramidal,0.0550567880071112
greedy_tree_simulated_annealing,DG Semilunar Granule,4,transition,CA3c Pyramidal,CA1 Pyramidal,85609.60976338176
greedy_tree_simulated_annealing,DG Semilunar Granule,5,transition,CA1 Pyramidal,MEC LV VI Pyramidal Polymorphic,13564.64480225756
greedy_tree_simulated_annealing,DG Semilunar Granule,6,transition,MEC LV VI Pyramidal Polymorphic,EC LIV VI Deep Multipolar Principal,86.77596588341953
greedy_tree_simulated_annealing,DG Semilunar Granule,7,transition,EC LIV VI Deep Multipolar Principal,LEC LVI Multipolar Pyramidal,2246.3636143897743
greedy_tree_simulated_annealing,DG Semilunar Granule,8,transition,LEC LVI Multipolar Pyramidal,LEC LIII Multipolar Principal,304.0317537911717
greedy_tree_simulated_annealing,DG Semilunar Granule,9,transition,LEC LIII Multipolar Principal,LEC LIII Complex Pyramidal,556.0635991085179
greedy_tree_simulated_annealing,DG Semilunar Granule,10,transition,LEC LIII Complex Pyramidal,EC LII III Pyramidal Tripolar,366.36278097895246
greedy_tree_simulated_annealing,DG Semilunar Granule,11,transition,EC LII III Pyramidal Tripolar,EC LI II Multipolar Pyramidal,4216.395703649579
greedy_tree_simulated_annealing,DG Semilunar Granule,12,transition,EC LI II Multipolar Pyramidal,MEC LIII Bipolar Complex Pyramidal,30698.001365671505
greedy_tree_simulated_annealing,DG Semilunar Granule,13,transition,MEC LIII Bipolar Complex Pyramidal,MEC LIII Complex Pyramidal,861.1914192115519
greedy_tree_simulated_annealing,DG Semilunar Granule,14,transition,MEC LIII Complex Pyramidal,MEC LII Stellate,1193.0847203135872
greedy_tree_simulated_annealing,DG Semilunar Granule,15,transition,MEC LII Stellate,CA3 Granule,19640.6765649223
greedy_tree_simulated_annealing,DG Semilunar Granule,16,transition,CA3 Granule,CA3 Pyramidal,0.942018883295193
greedy_tree_simulated_annealing,DG Semilunar Granule,17,transition,CA3 Pyramidal,CA2 Pyramidal,12467.302061608583
greedy_tree_simulated_annealing,DG Semilunar Granule,18,transition,CA2 Pyramidal,CA1 Radiatum Giant,263.0645063940111
greedy_tree_simulated_annealing,EC LI II Multipolar Pyramidal,1,self_connection,EC LI II Multipolar Pyramidal,EC LI II Multipolar Pyramidal,18296.078460202098
greedy_tree_simulated_annealing,EC LI II Multipolar Pyramidal,2,self_connection,MEC LIII Bipolar Complex Pyramidal,MEC LIII Bipolar Complex Pyramidal,176.61548774480949
greedy_tree_simulated_annealing,EC LI II Multipolar Pyramidal,3,self_connection,MEC LII III Pyramidal Multiform,MEC LII III Pyramidal Multiform,307.79730677822744
greedy_tree_simulated_annealing,EC LI II Multipolar Pyramidal,4,self_connection,MEC LV VI Pyramidal Polymorphic,MEC LV VI Pyramidal Polymorphic,1336.06008642144
greedy_tree_simulated_annealing,EC LI II Multipolar Pyramidal,5,self_connection,EC LV Deep Pyramidal,EC LV Deep Pyramidal,398.1782023002817
greedy_tree_simulated_annealing,EC LI II Multipolar Pyramidal,6,self_connection,LEC LIII Multipolar Principal,LEC LIII Multipolar Principal,496.4095848183002
greedy_tree_simulated_annealing,EC LI II Multipolar Pyramidal,7,self_connection,LEC LIII Complex Pyramidal,LEC LIII Complex Pyramidal,744.1845437655309
greedy_tree_simulated_annealing,EC LI II Multipolar Pyramidal,8,self_connection,EC LII III Pyramidal Tripolar,EC LII III Pyramidal Tripolar,2277.297842357101
greedy_tree_simulated_annealing,EC LI II Multipolar Pyramidal,10,self_connection,MEC LIII Complex Pyramidal,MEC LIII Complex Pyramidal,1453.7180710081302
greedy_tree_simulated_annealing,EC LI II Multipolar Pyramidal,13,self_connection,CA3c Pyramidal,CA3c Pyramidal,639.8640695461409
greedy_tree_simulated_annealing,EC LI II Multipolar Pyramidal,14,self_connection,CA1 Pyramidal,CA1 Pyramidal,2793.7555172355333
greedy_tree_simulated_annealing,EC LI II Multipolar Pyramidal,15,self_connection,LEC LVI Multipolar Pyramidal,LEC LVI Multipolar Pyramidal,212.6675576452901
greedy_tree_simulated_annealing,EC LI II Multipolar Pyramidal,16,self_connection,EC LIII Pyramidal Stellate,EC LIII Pyramidal Stellate,360.1830629372671
greedy_tree_simulated_annealing,EC LI II Multipolar Pyramidal,17,self_connection,EC LIII Pyramidal,EC LIII Pyramidal,17.545063132735347
greedy_tree_simulated_annealing,EC LI II Multipolar Pyramidal,18,self_connection,EC LIV VI Deep Multipolar Principal,EC LIV VI Deep Multipolar Principal,1969.34413375272
greedy_tree_simulated_annealing,EC LI II Multipolar Pyramidal,19,self_connection,EC LIII V Bipolar Pyramidal,EC LIII V Bipolar Pyramidal,471.82519386819655
greedy_tree_simulated_annealing,EC LI II Multipolar Pyramidal,20,self_connection,EC LIII Stellate,EC LIII Stellate,60.68453664121218
greedy_tree_simulated_annealing,EC LI II Multipolar Pyramidal,21,self_connection,MEC LV Superficial Pyramidal,MEC LV Superficial Pyramidal,104.14348764746217
greedy_tree_simulated_annealing,EC LI II Multipolar Pyramidal,22,self_connection,MEC LV Multipolar Pyramidal,MEC LV Multipolar Pyramidal,201.78698075346315
greedy_tree_simulated_annealing,EC LI II Multipolar Pyramidal,23,self_connection,MEC LV Pyramidal,MEC LV Pyramidal,565.2447275074132
greedy_tree_simulated_annealing,EC LI II Multipolar Pyramidal,25,self_connection,DG Mossy,DG Mossy,1751.260654032912
greedy_tree_simulated_annealing,EC LI II Multipolar Pyramidal,26,self_connection,DG Hilar Ectopic Granule,DG Hilar Ectopic Granule,0.9213810801264162
greedy_tree_simulated_annealing,EC LI II Multipolar Pyramidal,27,self_connection,CA3 Pyramidal,CA3 Pyramidal,3278.450765697168
greedy_tree_simulated_annealing,EC LI II Multipolar Pyramidal,28,self_connection,CA2 Pyramidal,CA2 Pyramidal,2163.138288508038
greedy_tree_simulated_annealing,EC LI II Multipolar Pyramidal,1,transition,EC LI II Multipolar Pyramidal,MEC LIII Bipolar Complex Pyramidal,30698.001365671505
greedy_tree_simulated_annealing,EC LI II Multipolar Pyramidal,2,transition,MEC LIII Bipolar Complex Pyramidal,MEC LII III Pyramidal Multiform,156.10322882603091
greedy_tree_simulated_annealing,EC LI II Multipolar Pyramidal,3,transition,MEC LII III Pyramidal Multiform,MEC LV VI Pyramidal Polymorphic,1304.0113874450217
greedy_tree_simulated_annealing,EC LI II Multipolar Pyramidal,4,transition,MEC LV VI Pyramidal Polymorphic,EC LV Deep Pyramidal,78.22850736136446
greedy_tree_simulated_annealing,EC LI II Multipolar Pyramidal,5,transition,EC LV Deep Pyramidal,LEC LIII Multipolar Principal,197.50243107708988
greedy_tree_simulated_annealing,EC LI II Multipolar Pyramidal,6,transition,LEC LIII Multipolar Principal,LEC LIII Complex Pyramidal,556.0635991085179
greedy_tree_simulated_annealing,EC LI II Multipolar Pyramidal,7,transition,LEC LIII Complex Pyramidal,EC LII III Pyramidal Tripolar,366.36278097895246
greedy_tree_simulated_annealing,EC LI II Multipolar Pyramidal,8,transition,EC LII III Pyramidal Tripolar,MEC LII Oblique Pyramidal,1831.767241236225
greedy_tree_simulated_annealing,EC LI II Multipolar Pyramidal,9,transition,MEC LII Oblique Pyramidal,MEC LIII Complex Pyramidal,455.4398944649327
greedy_tree_simulated_annealing,EC LI II Multipolar Pyramidal,10,transition,MEC LIII Complex Pyramidal,MEC LII Stellate,1193.0847203135872
greedy_tree_simulated_annealing,EC LI II Multipolar Pyramidal,11,transition,MEC LII Stellate,CA3 Granule,19640.6765649223
greedy_tree_simulated_annealing,EC LI II Multipolar Pyramidal,12,transition,CA3 Granule,CA3c Pyramidal,2.280811281935155
greedy_tree_simulated_annealing,EC LI II Multipolar Pyramidal,13,transition,CA3c Pyramidal,CA1 Pyramidal,85609.60976338176
greedy_tree_simulated_annealing,EC LI II Multipolar Pyramidal,14,transition,CA1 Pyramidal,LEC LVI Multipolar Pyramidal,10569.009270094895
greedy_tree_simulated_annealing,EC LI II Multipolar Pyramidal,15,transition,LEC LVI Multipolar Pyramidal,EC LIII Pyramidal Stellate,138.9942025493572
greedy_tree_simulated_annealing,EC LI II Multipolar Pyramidal,16,transition,EC LIII Pyramidal Stellate,EC LIII Pyramidal,241.99019548048847
greedy_tree_simulated_annealing,EC LI II Multipolar Pyramidal,17,transition,EC LIII Pyramidal,EC LIV VI Deep Multipolar Principal,43.40492582775664
greedy_tree_simulated_annealing,EC LI II Multipolar Pyramidal,18,transition,EC LIV VI Deep Multipolar Principal,EC LIII V Bipolar Pyramidal,1041.5860657419018
greedy_tree_simulated_annealing,EC LI II Multipolar Pyramidal,19,transition,EC LIII V Bipolar Pyramidal,EC LIII Stellate,338.62065230287004
greedy_tree_simulated_annealing,EC LI II Multipolar Pyramidal,20,transition,EC LIII Stellate,MEC LV Superficial Pyramidal,12.798715312294323
greedy_tree_simulated_annealing,EC LI II Multipolar Pyramidal,21,transition,MEC LV Superficial Pyramidal,MEC LV Multipolar Pyramidal,218.5111462490885
greedy_tree_simulated_annealing,EC LI II Multipolar Pyramidal,22,transition,MEC LV Multipolar Pyramidal,MEC LV Pyramidal,115.70855122819788
greedy_tree_simulated_annealing,EC LI II Multipolar Pyramidal,23,transition,MEC LV Pyramidal,DG Granule,9568.736896643586
greedy_tree_simulated_annealing,EC LI II Multipolar Pyramidal,24,transition,DG Granule,DG Mossy,44908.709978571016
greedy_tree_simulated_annealing,EC LI II Multipolar Pyramidal,25,transition,DG Mossy,DG Hilar Ectopic Granule,2119.754290320353
greedy_tree_simulated_annealing,EC LI II Multipolar Pyramidal,26,transition,DG Hilar Ectopic Granule,CA3 Pyramidal,0.0133035385226386
greedy_tree_simulated_annealing,EC LI II Multipolar Pyramidal,27,transition,CA3 Pyramidal,CA2 Pyramidal,12467.302061608583
greedy_tree_simulated_annealing,EC LI II Multipolar Pyramidal,28,transition,CA2 Pyramidal,CA1 Radiatum Giant,263.0645063940111
greedy_tree_simulated_annealing,EC LI II Pyramidal Fan,1,self_connection,EC LI II Pyramidal Fan,EC LI II Pyramidal Fan,370.7544610085407
greedy_tree_simulated_annealing,EC LI II Pyramidal Fan,2,self_connection,EC LI II Multipolar Pyramidal,EC LI II Multipolar Pyramidal,18296.078460202098
greedy_tree_simulated_annealing,EC LI II Pyramidal Fan,3,self_connection,MEC LIII Bipolar Complex Pyramidal,MEC LIII Bipolar Complex Pyramidal,176.61548774480949
greedy_tree_simulated_annealing,EC LI II Pyramidal Fan,4,self_connection,MEC LIII Complex Pyramidal,MEC LIII Complex Pyramidal,1453.7180710081302
greedy_tree_simulated_annealing,EC LI II Pyramidal Fan,7,self_connection,CA3c Pyramidal,CA3c Pyramidal,639.8640695461409
greedy_tree_simulated_annealing,EC LI II Pyramidal Fan,8,self_connection,CA1 Pyramidal,CA1 Pyramidal,2793.7555172355333
greedy_tree_simulated_annealing,EC LI II Pyramidal Fan,9,self_connection,MEC LV VI Pyramidal Polymorphic,MEC LV VI Pyramidal Polymorphic,1336.06008642144
greedy_tree_simulated_annealing,EC LI II Pyramidal Fan,10,self_connection,EC LIV VI Deep Multipolar Principal,EC LIV VI Deep Multipolar Principal,1969.34413375272
greedy_tree_simulated_annealing,EC LI II Pyramidal Fan,11,self_connection,LEC LVI Multipolar Pyramidal,LEC LVI Multipolar Pyramidal,212.6675576452901
greedy_tree_simulated_annealing,EC LI II Pyramidal Fan,12,self_connection,LEC LIII Complex Pyramidal,LEC LIII Complex Pyramidal,744.1845437655309
greedy_tree_simulated_annealing,EC LI II Pyramidal Fan,13,self_connection,LEC LIII Multipolar Principal,LEC LIII Multipolar Principal,496.4095848183002
greedy_tree_simulated_annealing,EC LI II Pyramidal Fan,14,self_connection,EC LII III Pyramidal Tripolar,EC LII III Pyramidal Tripolar,2277.297842357101
greedy_tree_simulated_annealing,EC LI II Pyramidal Fan,16,self_connection,MEC LV Superficial Pyramidal,MEC LV Superficial Pyramidal,104.14348764746217
greedy_tree_simulated_annealing,EC LI II Pyramidal Fan,17,self_connection,MEC LV Multipolar Pyramidal,MEC LV Multipolar Pyramidal,201.78698075346315
greedy_tree_simulated_annealing,EC LI II Pyramidal Fan,18,self_connection,EC LIII V Bipolar Pyramidal,EC LIII V Bipolar Pyramidal,471.82519386819655
greedy_tree_simulated_annealing,EC LI II Pyramidal Fan,19,self_connection,EC LIII Pyramidal Stellate,EC LIII Pyramidal Stellate,360.1830629372671
greedy_tree_simulated_annealing,EC LI II Pyramidal Fan,20,self_connection,MEC LII III Pyramidal Multiform,MEC LII III Pyramidal Multiform,307.79730677822744
greedy_tree_simulated_annealing,EC LI II Pyramidal Fan,21,self_connection,MEC LV Pyramidal,MEC LV Pyramidal,565.2447275074132
greedy_tree_simulated_annealing,EC LI II Pyramidal Fan,23,self_connection,DG Mossy,DG Mossy,1751.260654032912
greedy_tree_simulated_annealing,EC LI II Pyramidal Fan,24,self_connection,DG Hilar Ectopic Granule,DG Hilar Ectopic Granule,0.9213810801264162
greedy_tree_simulated_annealing,EC LI II Pyramidal Fan,25,self_connection,CA3 Pyramidal,CA3 Pyramidal,3278.450765697168
greedy_tree_simulated_annealing,EC LI II Pyramidal Fan,26,self_connection,CA2 Pyramidal,CA2 Pyramidal,2163.138288508038
greedy_tree_simulated_annealing,EC LI II Pyramidal Fan,1,transition,EC LI II Pyramidal Fan,EC LI II Multipolar Pyramidal,7472.437106847604
greedy_tree_simulated_annealing,EC LI II Pyramidal Fan,2,transition,EC LI II Multipolar Pyramidal,MEC LIII Bipolar Complex Pyramidal,30698.001365671505
greedy_tree_simulated_annealing,EC LI II Pyramidal Fan,3,transition,MEC LIII Bipolar Complex Pyramidal,MEC LIII Complex Pyramidal,861.1914192115519
greedy_tree_simulated_annealing,EC LI II Pyramidal Fan,4,transition,MEC LIII Complex Pyramidal,MEC LII Stellate,1193.0847203135872
greedy_tree_simulated_annealing,EC LI II Pyramidal Fan,5,transition,MEC LII Stellate,CA3 Granule,19640.6765649223
greedy_tree_simulated_annealing,EC LI II Pyramidal Fan,6,transition,CA3 Granule,CA3c Pyramidal,2.280811281935155
greedy_tree_simulated_annealing,EC LI II Pyramidal Fan,7,transition,CA3c Pyramidal,CA1 Pyramidal,85609.60976338176
greedy_tree_simulated_annealing,EC LI II Pyramidal Fan,8,transition,CA1 Pyramidal,MEC LV VI Pyramidal Polymorphic,13564.64480225756
greedy_tree_simulated_annealing,EC LI II Pyramidal Fan,9,transition,MEC LV VI Pyramidal Polymorphic,EC LIV VI Deep Multipolar Principal,86.77596588341953
greedy_tree_simulated_annealing,EC LI II Pyramidal Fan,10,transition,EC LIV VI Deep Multipolar Principal,LEC LVI Multipolar Pyramidal,2246.3636143897743
greedy_tree_simulated_annealing,EC LI II Pyramidal Fan,11,transition,LEC LVI Multipolar Pyramidal,LEC LIII Complex Pyramidal,175.93242994355498
greedy_tree_simulated_annealing,EC LI II Pyramidal Fan,12,transition,LEC LIII Complex Pyramidal,LEC LIII Multipolar Principal,814.9191961799069
greedy_tree_simulated_annealing,EC LI II Pyramidal Fan,13,transition,LEC LIII Multipolar Principal,EC LII III Pyramidal Tripolar,312.6527957360244
greedy_tree_simulated_annealing,EC LI II Pyramidal Fan,14,transition,EC LII III Pyramidal Tripolar,MEC LII Oblique Pyramidal,1831.767241236225
greedy_tree_simulated_annealing,EC LI II Pyramidal Fan,15,transition,MEC LII Oblique Pyramidal,MEC LV Superficial Pyramidal,73.63513359542591
greedy_tree_simulated_annealing,EC LI II Pyramidal Fan,16,transition,MEC LV Superficial Pyramidal,MEC LV Multipolar Pyramidal,218.5111462490885
greedy_tree_simulated_annealing,EC LI II Pyramidal Fan,17,transition,MEC LV Multipolar Pyramidal,EC LIII V Bipolar Pyramidal,31.88776158532124
greedy_tree_simulated_annealing,EC LI II Pyramidal Fan,18,transition,EC LIII V Bipolar Pyramidal,EC LIII Pyramidal Stellate,601.3553812101552
greedy_tree_simulated_annealing,EC LI II Pyramidal Fan,19,transition,EC LIII Pyramidal Stellate,MEC LII III Pyramidal Multiform,241.6045148791969
greedy_tree_simulated_annealing,EC LI II Pyramidal Fan,20,transition,MEC LII III Pyramidal Multiform,MEC LV Pyramidal,548.8069668104904
greedy_tree_simulated_annealing,EC LI II Pyramidal Fan,21,transition,MEC LV Pyramidal,DG Granule,9568.736896643586
greedy_tree_simulated_annealing,EC LI II Pyramidal Fan,22,transition,DG Granule,DG Mossy,44908.709978571016
greedy_tree_simulated_annealing,EC LI II Pyramidal Fan,23,transition,DG Mossy,DG Hilar Ectopic Granule,2119.754290320353
greedy_tree_simulated_annealing,EC LI II Pyramidal Fan,24,transition,DG Hilar Ectopic Granule,CA3 Pyramidal,0.0133035385226386
greedy_tree_simulated_annealing,EC LI II Pyramidal Fan,25,transition,CA3 Pyramidal,CA2 Pyramidal,12467.302061608583
greedy_tree_simulated_annealing,EC LI II Pyramidal Fan,26,transition,CA2 Pyramidal,CA1 Radiatum Giant,263.0645063940111
greedy_tree_simulated_annealing,EC LII III Pyramidal Tripolar,1,self_connection,EC LII III Pyramidal Tripolar,EC LII III Pyramidal Tripolar,2277.297842357101
greedy_tree_simulated_annealing,EC LII III Pyramidal Tripolar,2,self_connection,EC LI II Multipolar Pyramidal,EC LI II Multipolar Pyramidal,18296.078460202098
greedy_tree_simulated_annealing,EC LII III Pyramidal Tripolar,3,self_connection,MEC LIII Bipolar Complex Pyramidal,MEC LIII Bipolar Complex Pyramidal,176.61548774480949
greedy_tree_simulated_annealing,EC LII III Pyramidal Tripolar,4,self_connection,MEC LIII Complex Pyramidal,MEC LIII Complex Pyramidal,1453.7180710081302
greedy_tree_simulated_annealing,EC LII III Pyramidal Tripolar,7,self_connection,CA3c Pyramidal,CA3c Pyramidal,639.8640695461409
greedy_tree_simulated_annealing,EC LII III Pyramidal Tripolar,8,self_connection,CA1 Pyramidal,CA1 Pyramidal,2793.7555172355333
greedy_tree_simulated_annealing,EC LII III Pyramidal Tripolar,9,self_connection,MEC LV VI Pyramidal Polymorphic,MEC LV VI Pyramidal Polymorphic,1336.06008642144
greedy_tree_simulated_annealing,EC LII III Pyramidal Tripolar,10,self_connection,EC LIV VI Deep Multipolar Principal,EC LIV VI Deep Multipolar Principal,1969.34413375272
greedy_tree_simulated_annealing,EC LII III Pyramidal Tripolar,11,self_connection,EC LV Deep Pyramidal,EC LV Deep Pyramidal,398.1782023002817
greedy_tree_simulated_annealing,EC LII III Pyramidal Tripolar,12,self_connection,LEC LVI Multipolar Pyramidal,LEC LVI Multipolar Pyramidal,212.6675576452901
greedy_tree_simulated_annealing,EC LII III Pyramidal Tripolar,13,self_connection,LEC LIII Multipolar Principal,LEC LIII Multipolar Principal,496.4095848183002
greedy_tree_simulated_annealing,EC LII III Pyramidal Tripolar,14,self_connection,LEC LIII Complex Pyramidal,LEC LIII Complex Pyramidal,744.1845437655309
greedy_tree_simulated_annealing,EC LII III Pyramidal Tripolar,15,self_connection,EC LIII V Bipolar Pyramidal,EC LIII V Bipolar Pyramidal,471.82519386819655
greedy_tree_simulated_annealing,EC LII III Pyramidal Tripolar,16,self_connection,EC LIII Pyramidal Stellate,EC LIII Pyramidal Stellate,360.1830629372671
greedy_tree_simulated_annealing,EC LII III Pyramidal Tripolar,17,self_connection,MEC LII III Pyramidal Multiform,MEC LII III Pyramidal Multiform,307.79730677822744
greedy_tree_simulated_annealing,EC LII III Pyramidal Tripolar,18,self_connection,MEC LV Multipolar Pyramidal,MEC LV Multipolar Pyramidal,201.78698075346315
greedy_tree_simulated_annealing,EC LII III Pyramidal Tripolar,19,self_connection,MEC LV Superficial Pyramidal,MEC LV Superficial Pyramidal,104.14348764746217
greedy_tree_simulated_annealing,EC LII III Pyramidal Tripolar,20,self_connection,MEC LV Pyramidal,MEC LV Pyramidal,565.2447275074132
greedy_tree_simulated_annealing,EC LII III Pyramidal Tripolar,22,self_connection,DG Mossy,DG Mossy,1751.260654032912
greedy_tree_simulated_annealing,EC LII III Pyramidal Tripolar,23,self_connection,DG Hilar Ectopic Granule,DG Hilar Ectopic Granule,0.9213810801264162
greedy_tree_simulated_annealing,EC LII III Pyramidal Tripolar,24,self_connection,CA3 Pyramidal,CA3 Pyramidal,3278.450765697168
greedy_tree_simulated_annealing,EC LII III Pyramidal Tripolar,25,self_connection,CA2 Pyramidal,CA2 Pyramidal,2163.138288508038
greedy_tree_simulated_annealing,EC LII III Pyramidal Tripolar,1,transition,EC LII III Pyramidal Tripolar,EC LI II Multipolar Pyramidal,4216.395703649579
greedy_tree_simulated_annealing,EC LII III Pyramidal Tripolar,2,transition,EC LI II Multipolar Pyramidal,MEC LIII Bipolar Complex Pyramidal,30698.001365671505
greedy_tree_simulated_annealing,EC LII III Pyramidal Tripolar,3,transition,MEC LIII Bipolar Complex Pyramidal,MEC LIII Complex Pyramidal,861.1914192115519
greedy_tree_simulated_annealing,EC LII III Pyramidal Tripolar,4,transition,MEC LIII Complex Pyramidal,MEC LII Stellate,1193.0847203135872
greedy_tree_simulated_annealing,EC LII III Pyramidal Tripolar,5,transition,MEC LII Stellate,CA3 Granule,19640.6765649223
greedy_tree_simulated_annealing,EC LII III Pyramidal Tripolar,6,transition,CA3 Granule,CA3c Pyramidal,2.280811281935155
greedy_tree_simulated_annealing,EC LII III Pyramidal Tripolar,7,transition,CA3c Pyramidal,CA1 Pyramidal,85609.60976338176
greedy_tree_simulated_annealing,EC LII III Pyramidal Tripolar,8,transition,CA1 Pyramidal,MEC LV VI Pyramidal Polymorphic,13564.64480225756
greedy_tree_simulated_annealing,EC LII III Pyramidal Tripolar,9,transition,MEC LV VI Pyramidal Polymorphic,EC LIV VI Deep Multipolar Principal,86.77596588341953
greedy_tree_simulated_annealing,EC LII III Pyramidal Tripolar,10,transition,EC LIV VI Deep Multipolar Principal,EC LV Deep Pyramidal,1320.4568545606207
greedy_tree_simulated_annealing,EC LII III Pyramidal Tripolar,11,transition,EC LV Deep Pyramidal,LEC LVI Multipolar Pyramidal,608.8907703194651
greedy_tree_simulated_annealing,EC LII III Pyramidal Tripolar,12,transition,LEC LVI Multipolar Pyramidal,LEC LIII Multipolar Principal,304.0317537911717
greedy_tree_simulated_annealing,EC LII III Pyramidal Tripolar,13,transition,LEC LIII Multipolar Principal,LEC LIII Complex Pyramidal,556.0635991085179
greedy_tree_simulated_annealing,EC LII III Pyramidal Tripolar,14,transition,LEC LIII Complex Pyramidal,EC LIII V Bipolar Pyramidal,324.0973058650725
greedy_tree_simulated_annealing,EC LII III Pyramidal Tripolar,15,transition,EC LIII V Bipolar Pyramidal,EC LIII Pyramidal Stellate,601.3553812101552
greedy_tree_simulated_annealing,EC LII III Pyramidal Tripolar,16,transition,EC LIII Pyramidal Stellate,MEC LII III Pyramidal Multiform,241.6045148791969
greedy_tree_simulated_annealing,EC LII III Pyramidal Tripolar,17,transition,MEC LII III Pyramidal Multiform,MEC LV Multipolar Pyramidal,750.744376370936
greedy_tree_simulated_annealing,EC LII III Pyramidal Tripolar,18,transition,MEC LV Multipolar Pyramidal,MEC LV Superficial Pyramidal,138.44761428854213
greedy_tree_simulated_annealing,EC LII III Pyramidal Tripolar,19,transition,MEC LV Superficial Pyramidal,MEC LV Pyramidal,138.477786593687
greedy_tree_simulated_annealing,EC LII III Pyramidal Tripolar,20,transition,MEC LV Pyramidal,DG Granule,9568.736896643586
greedy_tree_simulated_annealing,EC LII III Pyramidal Tripolar,21,transition,DG Granule,DG Mossy,44908.709978571016
greedy_tree_simulated_annealing,EC LII III Pyramidal Tripolar,22,transition,DG Mossy,DG Hilar Ectopic Granule,2119.754290320353
greedy_tree_simulated_annealing,EC LII III Pyramidal Tripolar,23,transition,DG Hilar Ectopic Granule,CA3 Pyramidal,0.0133035385226386
greedy_tree_simulated_annealing,EC LII III Pyramidal Tripolar,24,transition,CA3 Pyramidal,CA2 Pyramidal,12467.302061608583
greedy_tree_simulated_annealing,EC LII III Pyramidal Tripolar,25,transition,CA2 Pyramidal,CA1 Radiatum Giant,263.0645063940111
greedy_tree_simulated_annealing,EC LIII Pyramidal,1,self_connection,EC LIII Pyramidal,EC LIII Pyramidal,17.545063132735347
greedy_tree_simulated_annealing,EC LIII Pyramidal,2,self_connection,CA1 Pyramidal,CA1 Pyramidal,2793.7555172355333
greedy_tree_simulated_annealing,EC LIII Pyramidal,3,self_connection,MEC LV VI Pyramidal Polymorphic,MEC LV VI Pyramidal Polymorphic,1336.06008642144
greedy_tree_simulated_annealing,EC LIII Pyramidal,4,self_connection,EC LIV VI Deep Multipolar Principal,EC LIV VI Deep Multipolar Principal,1969.34413375272
greedy_tree_simulated_annealing,EC LIII Pyramidal,5,self_connection,MEC LV Multipolar Pyramidal,MEC LV Multipolar Pyramidal,201.78698075346315
greedy_tree_simulated_annealing,EC LIII Pyramidal,6,self_connection,MEC LV Pyramidal,MEC LV Pyramidal,565.2447275074132
greedy_tree_simulated_annealing,EC LIII Pyramidal,8,self_connection,MEC LIII Complex Pyramidal,MEC LIII Complex Pyramidal,1453.7180710081302
greedy_tree_simulated_annealing,EC LIII Pyramidal,9,self_connection,EC LI II Multipolar Pyramidal,EC LI II Multipolar Pyramidal,18296.078460202098
greedy_tree_simulated_annealing,EC LIII Pyramidal,10,self_connection,MEC LII III Pyramidal Multiform,MEC LII III Pyramidal Multiform,307.79730677822744
greedy_tree_simulated_annealing,EC LIII Pyramidal,11,self_connection,EC LIII Stellate,EC LIII Stellate,60.68453664121218
greedy_tree_simulated_annealing,EC LIII Pyramidal,12,self_connection,LEC LIII Multipolar Principal,LEC LIII Multipolar Principal,496.4095848183002
greedy_tree_simulated_annealing,EC LIII Pyramidal,13,self_connection,EC LIII Pyramidal Stellate,EC LIII Pyramidal Stellate,360.1830629372671
greedy_tree_simulated_annealing,EC LIII Pyramidal,14,self_connection,MEC LIII Bipolar Complex Pyramidal,MEC LIII Bipolar Complex Pyramidal,176.61548774480949
greedy_tree_simulated_annealing,EC LIII Pyramidal,17,self_connection,CA3c Pyramidal,CA3c Pyramidal,639.8640695461409
greedy_tree_simulated_annealing,EC LIII Pyramidal,19,self_connection,DG Mossy,DG Mossy,1751.260654032912
greedy_tree_simulated_annealing,EC LIII Pyramidal,20,self_connection,DG Hilar Ectopic Granule,DG Hilar Ectopic Granule,0.9213810801264162
greedy_tree_simulated_annealing,EC LIII Pyramidal,21,self_connection,CA3 Pyramidal,CA3 Pyramidal,3278.450765697168
greedy_tree_simulated_annealing,EC LIII Pyramidal,22,self_connection,CA2 Pyramidal,CA2 Pyramidal,2163.138288508038
greedy_tree_simulated_annealing,EC LIII Pyramidal,1,transition,EC LIII Pyramidal,CA1 Pyramidal,399.8181948870682
greedy_tree_simulated_annealing,EC LIII Pyramidal,2,transition,CA1 Pyramidal,MEC LV VI Pyramidal Polymorphic,13564.64480225756
greedy_tree_simulated_annealing,EC LIII Pyramidal,3,transition,MEC LV VI Pyramidal Polymorphic,EC LIV VI Deep Multipolar Principal,86.77596588341953
greedy_tree_simulated_annealing,EC LIII Pyramidal,4,transition,EC LIV VI Deep Multipolar Principal,MEC LV Multipolar Pyramidal,1174.282004366153
greedy_tree_simulated_annealing,EC LIII Pyramidal,5,transition,MEC LV Multipolar Pyramidal,MEC LV Pyramidal,115.70855122819788
greedy_tree_simulated_annealing,EC LIII Pyramidal,6,transition,MEC LV Pyramidal,MEC LII Oblique Pyramidal,388.1786160658594
greedy_tree_simulated_annealing,EC LIII Pyramidal,7,transition,MEC LII Oblique Pyramidal,MEC LIII Complex Pyramidal,455.4398944649327
greedy_tree_simulated_annealing,EC LIII Pyramidal,8,transition,MEC LIII Complex Pyramidal,EC LI II Multipolar Pyramidal,552.0532459996851
greedy_tree_simulated_annealing,EC LIII Pyramidal,9,transition,EC LI II Multipolar Pyramidal,MEC LII III Pyramidal Multiform,21388.04746977641
greedy_tree_simulated_annealing,EC LIII Pyramidal,10,transition,MEC LII III Pyramidal Multiform,EC LIII Stellate,129.02263388267292
greedy_tree_simulated_annealing,EC LIII Pyramidal,11,transition,EC LIII Stellate,LEC LIII Multipolar Principal,102.75543273270038
greedy_tree_simulated_annealing,EC LIII Pyramidal,12,transition,LEC LIII Multipolar Principal,EC LIII Pyramidal Stellate,406.0536249631236
greedy_tree_simulated_annealing,EC LIII Pyramidal,13,transition,EC LIII Pyramidal Stellate,MEC LIII Bipolar Complex Pyramidal,418.9168875087689
greedy_tree_simulated_annealing,EC LIII Pyramidal,14,transition,MEC LIII Bipolar Complex Pyramidal,MEC LII Stellate,268.5769974548232
greedy_tree_simulated_annealing,EC LIII Pyramidal,15,transition,MEC LII Stellate,CA3 Granule,19640.6765649223
greedy_tree_simulated_annealing,EC LIII Pyramidal,16,transition,CA3 Granule,CA3c Pyramidal,2.280811281935155
greedy_tree_simulated_annealing,EC LIII Pyramidal,17,transition,CA3c Pyramidal,DG Granule,7159.489110348726
greedy_tree_simulated_annealing,EC LIII Pyramidal,18,transition,DG Granule,DG Mossy,44908.709978571016
greedy_tree_simulated_annealing,EC LIII Pyramidal,19,transition,DG Mossy,DG Hilar Ectopic Granule,2119.754290320353
greedy_tree_simulated_annealing,EC LIII Pyramidal,20,transition,DG Hilar Ectopic Granule,CA3 Pyramidal,0.0133035385226386
greedy_tree_simulated_annealing,EC LIII Pyramidal,21,transition,CA3 Pyramidal,CA2 Pyramidal,12467.302061608583
greedy_tree_simulated_annealing,EC LIII Pyramidal,22,transition,CA2 Pyramidal,CA1 Radiatum Giant,263.0645063940111
greedy_tree_simulated_annealing,EC LIII Pyramidal Stellate,1,self_connection,EC LIII Pyramidal Stellate,EC LIII Pyramidal Stellate,360.1830629372671
greedy_tree_simulated_annealing,EC LIII Pyramidal Stellate,2,self_connection,CA1 Pyramidal,CA1 Pyramidal,2793.7555172355333
greedy_tree_simulated_annealing,EC LIII Pyramidal Stellate,3,self_connection,MEC LV VI Pyramidal Polymorphic,MEC LV VI Pyramidal Polymorphic,1336.06008642144
greedy_tree_simulated_annealing,EC LIII Pyramidal Stellate,4,self_connection,EC LIV VI Deep Multipolar Principal,EC LIV VI Deep Multipolar Principal,1969.34413375272
greedy_tree_simulated_annealing,EC LIII Pyramidal Stellate,5,self_connection,EC LV Deep Pyramidal,EC LV Deep Pyramidal,398.1782023002817
greedy_tree_simulated_annealing,EC LIII Pyramidal Stellate,6,self_connection,LEC LVI Multipolar Pyramidal,LEC LVI Multipolar Pyramidal,212.6675576452901
greedy_tree_simulated_annealing,EC LIII Pyramidal Stellate,7,self_connection,LEC LIII Multipolar Principal,LEC LIII Multipolar Principal,496.4095848183002
greedy_tree_simulated_annealing,EC LIII Pyramidal Stellate,8,self_connection,EC LII III Pyramidal Tripolar,EC LII III Pyramidal Tripolar,2277.297842357101
greedy_tree_simulated_annealing,EC LIII Pyramidal Stellate,9,self_connection,EC LI II Multipolar Pyramidal,EC LI II Multipolar Pyramidal,18296.078460202098
greedy_tree_simulated_annealing,EC LIII Pyramidal Stellate,10,self_connection,MEC LIII Bipolar Complex Pyramidal,MEC LIII Bipolar Complex Pyramidal,176.61548774480949
greedy_tree_simulated_annealing,EC LIII Pyramidal Stellate,11,self_connection,MEC LIII Complex Pyramidal,MEC LIII Complex Pyramidal,1453.7180710081302
greedy_tree_simulated_annealing,EC LIII Pyramidal Stellate,13,self_connection,MEC LV Superficial Pyramidal,MEC LV Superficial Pyramidal,104.14348764746217
greedy_tree_simulated_annealing,EC LIII Pyramidal Stellate,14,self_connection,MEC LV Multipolar Pyramidal,MEC LV Multipolar Pyramidal,201.78698075346315
greedy_tree_simulated_annealing,EC LIII Pyramidal Stellate,15,self_connection,MEC LII III Pyramidal Multiform,MEC LII III Pyramidal Multiform,307.79730677822744
greedy_tree_simulated_annealing,EC LIII Pyramidal Stellate,16,self_connection,MEC LV Pyramidal,MEC LV Pyramidal,565.2447275074132
greedy_tree_simulated_annealing,EC LIII Pyramidal Stellate,18,self_connection,DG Mossy,DG Mossy,1751.260654032912
greedy_tree_simulated_annealing,EC LIII Pyramidal Stellate,19,self_connection,DG Hilar Ectopic Granule,DG Hilar Ectopic Granule,0.9213810801264162
greedy_tree_simulated_annealing,EC LIII Pyramidal Stellate,20,self_connection,CA3c Pyramidal,CA3c Pyramidal,639.8640695461409
greedy_tree_simulated_annealing,EC LIII Pyramidal Stellate,21,self_connection,CA2 Pyramidal,CA2 Pyramidal,2163.138288508038
greedy_tree_simulated_annealing,EC LIII Pyramidal Stellate,22,self_connection,CA3 Pyramidal,CA3 Pyramidal,3278.450765697168
greedy_tree_simulated_annealing,EC LIII Pyramidal Stellate,1,transition,EC LIII Pyramidal Stellate,CA1 Pyramidal,5351.494110639728
greedy_tree_simulated_annealing,EC LIII Pyramidal Stellate,2,transition,CA1 Pyramidal,MEC LV VI Pyramidal Polymorphic,13564.64480225756
greedy_tree_simulated_annealing,EC LIII Pyramidal Stellate,3,transition,MEC LV VI Pyramidal Polymorphic,EC LIV VI Deep Multipolar Principal,86.77596588341953
greedy_tree_simulated_annealing,EC LIII Pyramidal Stellate,4,transition,EC LIV VI Deep Multipolar Principal,EC LV Deep Pyramidal,1320.4568545606207
greedy_tree_simulated_annealing,EC LIII Pyramidal Stellate,5,transition,EC LV Deep Pyramidal,LEC LVI Multipolar Pyramidal,608.8907703194651
greedy_tree_simulated_annealing,EC LIII Pyramidal Stellate,6,transition,LEC LVI Multipolar Pyramidal,LEC LIII Multipolar Principal,304.0317537911717
greedy_tree_simulated_annealing,EC LIII Pyramidal Stellate,7,transition,LEC LIII Multipolar Principal,EC LII III Pyramidal Tripolar,312.6527957360244
greedy_tree_simulated_annealing,EC LIII Pyramidal Stellate,8,transition,EC LII III Pyramidal Tripolar,EC LI II Multipolar Pyramidal,4216.395703649579
greedy_tree_simulated_annealing,EC LIII Pyramidal Stellate,9,transition,EC LI II Multipolar Pyramidal,MEC LIII Bipolar Complex Pyramidal,30698.001365671505
greedy_tree_simulated_annealing,EC LIII Pyramidal Stellate,10,transition,MEC LIII Bipolar Complex Pyramidal,MEC LIII Complex Pyramidal,861.1914192115519
greedy_tree_simulated_annealing,EC LIII Pyramidal Stellate,11,transition,MEC LIII Complex Pyramidal,MEC LII Oblique Pyramidal,569.2148212010752
greedy_tree_simulated_annealing,EC LIII Pyramidal Stellate,12,transition,MEC LII Oblique Pyramidal,MEC LV Superficial Pyramidal,73.63513359542591
greedy_tree_simulated_annealing,EC LIII Pyramidal Stellate,13,transition,MEC LV Superficial Pyramidal,MEC LV Multipolar Pyramidal,218.5111462490885
greedy_tree_simulated_annealing,EC LIII Pyramidal Stellate,14,transition,MEC LV Multipolar Pyramidal,MEC LII III Pyramidal Multiform,86.53322359735522
greedy_tree_simulated_annealing,EC LIII Pyramidal Stellate,15,transition,MEC LII III Pyramidal Multiform,MEC LV Pyramidal,548.8069668104904
greedy_tree_simulated_annealing,EC LIII Pyramidal Stellate,16,transition,MEC LV Pyramidal,DG Granule,9568.736896643586
greedy_tree_simulated_annealing,EC LIII Pyramidal Stellate,17,transition,DG Granule,DG Mossy,44908.709978571016
greedy_tree_simulated_annealing,EC LIII Pyramidal Stellate,18,transition,DG Mossy,DG Hilar Ectopic Granule,2119.754290320353
greedy_tree_simulated_annealing,EC LIII Pyramidal Stellate,19,transition,DG Hilar Ectopic Granule,CA3c Pyramidal,0.0550567880071112
greedy_tree_simulated_annealing,EC LIII Pyramidal Stellate,20,transition,CA3c Pyramidal,CA2 Pyramidal,24424.53581944845
greedy_tree_simulated_annealing,EC LIII Pyramidal Stellate,21,transition,CA2 Pyramidal,CA3 Pyramidal,1188.4585744965177
greedy_tree_simulated_annealing,EC LIII Pyramidal Stellate,22,transition,CA3 Pyramidal,CA3 Granule,3063.7033025481774
greedy_tree_simulated_annealing,EC LIII Stellate,1,self_connection,EC LIII Stellate,EC LIII Stellate,60.68453664121218
greedy_tree_simulated_annealing,EC LIII Stellate,2,self_connection,MEC LIII Complex Pyramidal,MEC LIII Complex Pyramidal,1453.7180710081302
greedy_tree_simulated_annealing,EC LIII Stellate,5,self_connection,CA3c Pyramidal,CA3c Pyramidal,639.8640695461409
greedy_tree_simulated_annealing,EC LIII Stellate,6,self_connection,CA1 Pyramidal,CA1 Pyramidal,2793.7555172355333
greedy_tree_simulated_annealing,EC LIII Stellate,7,self_connection,MEC LV VI Pyramidal Polymorphic,MEC LV VI Pyramidal Polymorphic,1336.06008642144
greedy_tree_simulated_annealing,EC LIII Stellate,8,self_connection,EC LIV VI Deep Multipolar Principal,EC LIV VI Deep Multipolar Principal,1969.34413375272
greedy_tree_simulated_annealing,EC LIII Stellate,9,self_connection,LEC LVI Multipolar Pyramidal,LEC LVI Multipolar Pyramidal,212.6675576452901
greedy_tree_simulated_annealing,EC LIII Stellate,10,self_connection,LEC LIII Multipolar Principal,LEC LIII Multipolar Principal,496.4095848183002
greedy_tree_simulated_annealing,EC LIII Stellate,11,self_connection,EC LII III Pyramidal Tripolar,EC LII III Pyramidal Tripolar,2277.297842357101
greedy_tree_simulated_annealing,EC LIII Stellate,12,self_connection,EC LI II Multipolar Pyramidal,EC LI II Multipolar Pyramidal,18296.078460202098
greedy_tree_simulated_annealing,EC LIII Stellate,13,self_connection,MEC LIII Bipolar Complex Pyramidal,MEC LIII Bipolar Complex Pyramidal,176.61548774480949
greedy_tree_simulated_annealing,EC LIII Stellate,14,self_connection,MEC LII III Pyramidal Multiform,MEC LII III Pyramidal Multiform,307.79730677822744
greedy_tree_simulated_annealing,EC LIII Stellate,15,self_connection,MEC LV Multipolar Pyramidal,MEC LV Multipolar Pyramidal,201.78698075346315
greedy_tree_simulated_annealing,EC LIII Stellate,16,self_connection,MEC LV Superficial Pyramidal,MEC LV Superficial Pyramidal,104.14348764746217
greedy_tree_simulated_annealing,EC LIII Stellate,17,self_connection,MEC LV Pyramidal,MEC LV Pyramidal,565.2447275074132
greedy_tree_simulated_annealing,EC LIII Stellate,19,self_connection,DG Mossy,DG Mossy,1751.260654032912
greedy_tree_simulated_annealing,EC LIII Stellate,20,self_connection,DG Hilar Ectopic Granule,DG Hilar Ectopic Granule,0.9213810801264162
greedy_tree_simulated_annealing,EC LIII Stellate,21,self_connection,CA3 Pyramidal,CA3 Pyramidal,3278.450765697168
greedy_tree_simulated_annealing,EC LIII Stellate,22,self_connection,CA2 Pyramidal,CA2 Pyramidal,2163.138288508038
greedy_tree_simulated_annealing,EC LIII Stellate,1,transition,EC LIII Stellate,MEC LIII Complex Pyramidal,165.81222907217855
greedy_tree_simulated_annealing,EC LIII Stellate,2,transition,MEC LIII Complex Pyramidal,MEC LII Stellate,1193.0847203135872
greedy_tree_simulated_annealing,EC LIII Stellate,3,transition,MEC LII Stellate,CA3 Granule,19640.6765649223
greedy_tree_simulated_annealing,EC LIII Stellate,4,transition,CA3 Granule,CA3c Pyramidal,2.280811281935155
greedy_tree_simulated_annealing,EC LIII Stellate,5,transition,CA3c Pyramidal,CA1 Pyramidal,85609.60976338176
greedy_tree_simulated_annealing,EC LIII Stellate,6,transition,CA1 Pyramidal,MEC LV VI Pyramidal Polymorphic,13564.64480225756
greedy_tree_simulated_annealing,EC LIII Stellate,7,transition,MEC LV VI Pyramidal Polymorphic,EC LIV VI Deep Multipolar Principal,86.77596588341953
greedy_tree_simulated_annealing,EC LIII Stellate,8,transition,EC LIV VI Deep Multipolar Principal,LEC LVI Multipolar Pyramidal,2246.3636143897743
greedy_tree_simulated_annealing,EC LIII Stellate,9,transition,LEC LVI Multipolar Pyramidal,LEC LIII Multipolar Principal,304.0317537911717
greedy_tree_simulated_annealing,EC LIII Stellate,10,transition,LEC LIII Multipolar Principal,EC LII III Pyramidal Tripolar,312.6527957360244
greedy_tree_simulated_annealing,EC LIII Stellate,11,transition,EC LII III Pyramidal Tripolar,EC LI II Multipolar Pyramidal,4216.395703649579
greedy_tree_simulated_annealing,EC LIII Stellate,12,transition,EC LI II Multipolar Pyramidal,MEC LIII Bipolar Complex Pyramidal,30698.001365671505
greedy_tree_simulated_annealing,EC LIII Stellate,13,transition,MEC LIII Bipolar Complex Pyramidal,MEC LII III Pyramidal Multiform,156.10322882603091
greedy_tree_simulated_annealing,EC LIII Stellate,14,transition,MEC LII III Pyramidal Multiform,MEC LV Multipolar Pyramidal,750.744376370936
greedy_tree_simulated_annealing,EC LIII Stellate,15,transition,MEC LV Multipolar Pyramidal,MEC LV Superficial Pyramidal,138.44761428854213
greedy_tree_simulated_annealing,EC LIII Stellate,16,transition,MEC LV Superficial Pyramidal,MEC LV Pyramidal,138.477786593687
greedy_tree_simulated_annealing,EC LIII Stellate,17,transition,MEC LV Pyramidal,DG Granule,9568.736896643586
greedy_tree_simulated_annealing,EC LIII Stellate,18,transition,DG Granule,DG Mossy,44908.709978571016
greedy_tree_simulated_annealing,EC LIII Stellate,19,transition,DG Mossy,DG Hilar Ectopic Granule,2119.754290320353
greedy_tree_simulated_annealing,EC LIII Stellate,20,transition,DG Hilar Ectopic Granule,CA3 Pyramidal,0.0133035385226386
greedy_tree_simulated_annealing,EC LIII Stellate,21,transition,CA3 Pyramidal,CA2 Pyramidal,12467.302061608583
greedy_tree_simulated_annealing,EC LIII Stellate,22,transition,CA2 Pyramidal,CA1 Radiatum Giant,263.0645063940111
greedy_tree_simulated_annealing,EC LIII V Bipolar Pyramidal,1,self_connection,EC LIII V Bipolar Pyramidal,EC LIII V Bipolar Pyramidal,471.82519386819655
greedy_tree_simulated_annealing,EC LIII V Bipolar Pyramidal,2,self_connection,LEC LIII Multipolar Principal,LEC LIII Multipolar Principal,496.4095848183002
greedy_tree_simulated_annealing,EC LIII V Bipolar Pyramidal,3,self_connection,EC LIII Stellate,EC LIII Stellate,60.68453664121218
greedy_tree_simulated_annealing,EC LIII V Bipolar Pyramidal,4,self_connection,MEC LIII Complex Pyramidal,MEC LIII Complex Pyramidal,1453.7180710081302
greedy_tree_simulated_annealing,EC LIII V Bipolar Pyramidal,7,self_connection,CA3c Pyramidal,CA3c Pyramidal,639.8640695461409
greedy_tree_simulated_annealing,EC LIII V Bipolar Pyramidal,8,self_connection,CA1 Pyramidal,CA1 Pyramidal,2793.7555172355333
greedy_tree_simulated_annealing,EC LIII V Bipolar Pyramidal,9,self_connection,MEC LV VI Pyramidal Polymorphic,MEC LV VI Pyramidal Polymorphic,1336.06008642144
greedy_tree_simulated_annealing,EC LIII V Bipolar Pyramidal,10,self_connection,EC LV Deep Pyramidal,EC LV Deep Pyramidal,398.1782023002817
greedy_tree_simulated_annealing,EC LIII V Bipolar Pyramidal,11,self_connection,LEC LVI Multipolar Pyramidal,LEC LVI Multipolar Pyramidal,212.6675576452901
greedy_tree_simulated_annealing,EC LIII V Bipolar Pyramidal,12,self_connection,LEC LIII Complex Pyramidal,LEC LIII Complex Pyramidal,744.1845437655309
greedy_tree_simulated_annealing,EC LIII V Bipolar Pyramidal,13,self_connection,EC LII III Pyramidal Tripolar,EC LII III Pyramidal Tripolar,2277.297842357101
greedy_tree_simulated_annealing,EC LIII V Bipolar Pyramidal,14,self_connection,EC LI II Multipolar Pyramidal,EC LI II Multipolar Pyramidal,18296.078460202098
greedy_tree_simulated_annealing,EC LIII V Bipolar Pyramidal,15,self_connection,MEC LIII Bipolar Complex Pyramidal,MEC LIII Bipolar Complex Pyramidal,176.61548774480949
greedy_tree_simulated_annealing,EC LIII V Bipolar Pyramidal,16,self_connection,MEC LII III Pyramidal Multiform,MEC LII III Pyramidal Multiform,307.79730677822744
greedy_tree_simulated_annealing,EC LIII V Bipolar Pyramidal,17,self_connection,MEC LV Multipolar Pyramidal,MEC LV Multipolar Pyramidal,201.78698075346315
greedy_tree_simulated_annealing,EC LIII V Bipolar Pyramidal,18,self_connection,MEC LV Superficial Pyramidal,MEC LV Superficial Pyramidal,104.14348764746217
greedy_tree_simulated_annealing,EC LIII V Bipolar Pyramidal,19,self_connection,MEC LV Pyramidal,MEC LV Pyramidal,565.2447275074132
greedy_tree_simulated_annealing,EC LIII V Bipolar Pyramidal,21,self_connection,DG Mossy,DG Mossy,1751.260654032912
greedy_tree_simulated_annealing,EC LIII V Bipolar Pyramidal,22,self_connection,DG Hilar Ectopic Granule,DG Hilar Ectopic Granule,0.9213810801264162
greedy_tree_simulated_annealing,EC LIII V Bipolar Pyramidal,23,self_connection,CA3 Pyramidal,CA3 Pyramidal,3278.450765697168
greedy_tree_simulated_annealing,EC LIII V Bipolar Pyramidal,24,self_connection,CA2 Pyramidal,CA2 Pyramidal,2163.138288508038
greedy_tree_simulated_annealing,EC LIII V Bipolar Pyramidal,1,transition,EC LIII V Bipolar Pyramidal,LEC LIII Multipolar Principal,1092.637693563088
greedy_tree_simulated_annealing,EC LIII V Bipolar Pyramidal,2,transition,LEC LIII Multipolar Principal,EC LIII Stellate,407.20715251546153
greedy_tree_simulated_annealing,EC LIII V Bipolar Pyramidal,3,transition,EC LIII Stellate,MEC LIII Complex Pyramidal,165.81222907217855
greedy_tree_simulated_annealing,EC LIII V Bipolar Pyramidal,4,transition,MEC LIII Complex Pyramidal,MEC LII Stellate,1193.0847203135872
greedy_tree_simulated_annealing,EC LIII V Bipolar Pyramidal,5,transition,MEC LII Stellate,CA3 Granule,19640.6765649223
greedy_tree_simulated_annealing,EC LIII V Bipolar Pyramidal,6,transition,CA3 Granule,CA3c Pyramidal,2.280811281935155
greedy_tree_simulated_annealing,EC LIII V Bipolar Pyramidal,7,transition,CA3c Pyramidal,CA1 Pyramidal,85609.60976338176
greedy_tree_simulated_annealing,EC LIII V Bipolar Pyramidal,8,transition,CA1 Pyramidal,MEC LV VI Pyramidal Polymorphic,13564.64480225756
greedy_tree_simulated_annealing,EC LIII V Bipolar Pyramidal,9,transition,MEC LV VI Pyramidal Polymorphic,EC LV Deep Pyramidal,78.22850736136446
greedy_tree_simulated_annealing,EC LIII V Bipolar Pyramidal,10,transition,EC LV Deep Pyramidal,LEC LVI Multipolar Pyramidal,608.8907703194651
greedy_tree_simulated_annealing,EC LIII V Bipolar Pyramidal,11,transition,LEC LVI Multipolar Pyramidal,LEC LIII Complex Pyramidal,175.93242994355498
greedy_tree_simulated_annealing,EC LIII V Bipolar Pyramidal,12,transition,LEC LIII Complex Pyramidal,EC LII III Pyramidal Tripolar,366.36278097895246
greedy_tree_simulated_annealing,EC LIII V Bipolar Pyramidal,13,transition,EC LII III Pyramidal Tripolar,EC LI II Multipolar Pyramidal,4216.395703649579
greedy_tree_simulated_annealing,EC LIII V Bipolar Pyramidal,14,transition,EC LI II Multipolar Pyramidal,MEC LIII Bipolar Complex Pyramidal,30698.001365671505
greedy_tree_simulated_annealing,EC LIII V Bipolar Pyramidal,15,transition,MEC LIII Bipolar Complex Pyramidal,MEC LII III Pyramidal Multiform,156.10322882603091
greedy_tree_simulated_annealing,EC LIII V Bipolar Pyramidal,16,transition,MEC LII III Pyramidal Multiform,MEC LV Multipolar Pyramidal,750.744376370936
greedy_tree_simulated_annealing,EC LIII V Bipolar Pyramidal,17,transition,MEC LV Multipolar Pyramidal,MEC LV Superficial Pyramidal,138.44761428854213
greedy_tree_simulated_annealing,EC LIII V Bipolar Pyramidal,18,transition,MEC LV Superficial Pyramidal,MEC LV Pyramidal,138.477786593687
greedy_tree_simulated_annealing,EC LIII V Bipolar Pyramidal,19,transition,MEC LV Pyramidal,DG Granule,9568.736896643586
greedy_tree_simulated_annealing,EC LIII V Bipolar Pyramidal,20,transition,DG Granule,DG Mossy,44908.709978571016
greedy_tree_simulated_annealing,EC LIII V Bipolar Pyramidal,21,transition,DG Mossy,DG Hilar Ectopic Granule,2119.754290320353
greedy_tree_simulated_annealing,EC LIII V Bipolar Pyramidal,22,transition,DG Hilar Ectopic Granule,CA3 Pyramidal,0.0133035385226386
greedy_tree_simulated_annealing,EC LIII V Bipolar Pyramidal,23,transition,CA3 Pyramidal,CA2 Pyramidal,12467.302061608583
greedy_tree_simulated_annealing,EC LIII V Bipolar Pyramidal,24,transition,CA2 Pyramidal,CA1 Radiatum Giant,263.0645063940111
greedy_tree_simulated_annealing,EC LIV VI Deep Multipolar Principal,1,self_connection,EC LIV VI Deep Multipolar Principal,EC LIV VI Deep Multipolar Principal,1969.34413375272
greedy_tree_simulated_annealing,EC LIV VI Deep Multipolar Principal,2,self_connection,MEC LV VI Pyramidal Polymorphic,MEC LV VI Pyramidal Polymorphic,1336.06008642144
greedy_tree_simulated_annealing,EC LIV VI Deep Multipolar Principal,3,self_connection,EC LV Deep Pyramidal,EC LV Deep Pyramidal,398.1782023002817
greedy_tree_simulated_annealing,EC LIV VI Deep Multipolar Principal,4,self_connection,LEC LVI Multipolar Pyramidal,LEC LVI Multipolar Pyramidal,212.6675576452901
greedy_tree_simulated_annealing,EC LIV VI Deep Multipolar Principal,5,self_connection,LEC LIII Multipolar Principal,LEC LIII Multipolar Principal,496.4095848183002
greedy_tree_simulated_annealing,EC LIV VI Deep Multipolar Principal,6,self_connection,EC LI II Multipolar Pyramidal,EC LI II Multipolar Pyramidal,18296.078460202098
greedy_tree_simulated_annealing,EC LIV VI Deep Multipolar Principal,7,self_connection,EC LII III Pyramidal Tripolar,EC LII III Pyramidal Tripolar,2277.297842357101
greedy_tree_simulated_annealing,EC LIV VI Deep Multipolar Principal,10,self_connection,CA3c Pyramidal,CA3c Pyramidal,639.8640695461409
greedy_tree_simulated_annealing,EC LIV VI Deep Multipolar Principal,11,self_connection,CA1 Pyramidal,CA1 Pyramidal,2793.7555172355333
greedy_tree_simulated_annealing,EC LIV VI Deep Multipolar Principal,12,self_connection,EC LIII V Bipolar Pyramidal,EC LIII V Bipolar Pyramidal,471.82519386819655
greedy_tree_simulated_annealing,EC LIV VI Deep Multipolar Principal,13,self_connection,MEC LIII Complex Pyramidal,MEC LIII Complex Pyramidal,1453.7180710081302
greedy_tree_simulated_annealing,EC LIV VI Deep Multipolar Principal,15,self_connection,MEC LV Superficial Pyramidal,MEC LV Superficial Pyramidal,104.14348764746217
greedy_tree_simulated_annealing,EC LIV VI Deep Multipolar Principal,16,self_connection,MEC LIII Bipolar Complex Pyramidal,MEC LIII Bipolar Complex Pyramidal,176.61548774480949
greedy_tree_simulated_annealing,EC LIV VI Deep Multipolar Principal,17,self_connection,MEC LII III Pyramidal Multiform,MEC LII III Pyramidal Multiform,307.79730677822744
greedy_tree_simulated_annealing,EC LIV VI Deep Multipolar Principal,18,self_connection,MEC LV Multipolar Pyramidal,MEC LV Multipolar Pyramidal,201.78698075346315
greedy_tree_simulated_annealing,EC LIV VI Deep Multipolar Principal,19,self_connection,MEC LV Pyramidal,MEC LV Pyramidal,565.2447275074132
greedy_tree_simulated_annealing,EC LIV VI Deep Multipolar Principal,21,self_connection,DG Mossy,DG Mossy,1751.260654032912
greedy_tree_simulated_annealing,EC LIV VI Deep Multipolar Principal,22,self_connection,DG Hilar Ectopic Granule,DG Hilar Ectopic Granule,0.9213810801264162
greedy_tree_simulated_annealing,EC LIV VI Deep Multipolar Principal,23,self_connection,CA3 Pyramidal,CA3 Pyramidal,3278.450765697168
greedy_tree_simulated_annealing,EC LIV VI Deep Multipolar Principal,24,self_connection,CA2 Pyramidal,CA2 Pyramidal,2163.138288508038
greedy_tree_simulated_annealing,EC LIV VI Deep Multipolar Principal,1,transition,EC LIV VI Deep Multipolar Principal,MEC LV VI Pyramidal Polymorphic,2582.023382309931
greedy_tree_simulated_annealing,EC LIV VI Deep Multipolar Principal,2,transition,MEC LV VI Pyramidal Polymorphic,EC LV Deep Pyramidal,78.22850736136446
greedy_tree_simulated_annealing,EC LIV VI Deep Multipolar Principal,3,transition,EC LV Deep Pyramidal,LEC LVI Multipolar Pyramidal,608.8907703194651
greedy_tree_simulated_annealing,EC LIV VI Deep Multipolar Principal,4,transition,LEC LVI Multipolar Pyramidal,LEC LIII Multipolar Principal,304.0317537911717
greedy_tree_simulated_annealing,EC LIV VI Deep Multipolar Principal,5,transition,LEC LIII Multipolar Principal,EC LI II Multipolar Pyramidal,539.4518276519966
greedy_tree_simulated_annealing,EC LIV VI Deep Multipolar Principal,6,transition,EC LI II Multipolar Pyramidal,EC LII III Pyramidal Tripolar,28854.49238765121
greedy_tree_simulated_annealing,EC LIV VI Deep Multipolar Principal,7,transition,EC LII III Pyramidal Tripolar,MEC LII Stellate,3189.046054691212
greedy_tree_simulated_annealing,EC LIV VI Deep Multipolar Principal,8,transition,MEC LII Stellate,CA3 Granule,19640.6765649223
greedy_tree_simulated_annealing,EC LIV VI Deep Multipolar Principal,9,transition,CA3 Granule,CA3c Pyramidal,2.280811281935155
greedy_tree_simulated_annealing,EC LIV VI Deep Multipolar Principal,10,transition,CA3c Pyramidal,CA1 Pyramidal,85609.60976338176
greedy_tree_simulated_annealing,EC LIV VI Deep Multipolar Principal,11,transition,CA1 Pyramidal,EC LIII V Bipolar Pyramidal,5659.759259805604
greedy_tree_simulated_annealing,EC LIV VI Deep Multipolar Principal,12,transition,EC LIII V Bipolar Pyramidal,MEC LIII Complex Pyramidal,1055.6037252397975
greedy_tree_simulated_annealing,EC LIV VI Deep Multipolar Principal,13,transition,MEC LIII Complex Pyramidal,MEC LII Oblique Pyramidal,569.2148212010752
greedy_tree_simulated_annealing,EC LIV VI Deep Multipolar Principal,14,transition,MEC LII Oblique Pyramidal,MEC LV Superficial Pyramidal,73.63513359542591
greedy_tree_simulated_annealing,EC LIV VI Deep Multipolar Principal,15,transition,MEC LV Superficial Pyramidal,MEC LIII Bipolar Complex Pyramidal,188.7882684418888
greedy_tree_simulated_annealing,EC LIV VI Deep Multipolar Principal,16,transition,MEC LIII Bipolar Complex Pyramidal,MEC LII III Pyramidal Multiform,156.10322882603091
greedy_tree_simulated_annealing,EC LIV VI Deep Multipolar Principal,17,transition,MEC LII III Pyramidal Multiform,MEC LV Multipolar Pyramidal,750.744376370936
greedy_tree_simulated_annealing,EC LIV VI Deep Multipolar Principal,18,transition,MEC LV Multipolar Pyramidal,MEC LV Pyramidal,115.70855122819788
greedy_tree_simulated_annealing,EC LIV VI Deep Multipolar Principal,19,transition,MEC LV Pyramidal,DG Granule,9568.736896643586
greedy_tree_simulated_annealing,EC LIV VI Deep Multipolar Principal,20,transition,DG Granule,DG Mossy,44908.709978571016
greedy_tree_simulated_annealing,EC LIV VI Deep Multipolar Principal,21,transition,DG Mossy,DG Hilar Ectopic Granule,2119.754290320353
greedy_tree_simulated_annealing,EC LIV VI Deep Multipolar Principal,22,transition,DG Hilar Ectopic Granule,CA3 Pyramidal,0.0133035385226386
greedy_tree_simulated_annealing,EC LIV VI Deep Multipolar Principal,23,transition,CA3 Pyramidal,CA2 Pyramidal,12467.302061608583
greedy_tree_simulated_annealing,EC LIV VI Deep Multipolar Principal,24,transition,CA2 Pyramidal,CA1 Radiatum Giant,263.0645063940111
greedy_tree_simulated_annealing,EC LV Deep Pyramidal,1,self_connection,EC LV Deep Pyramidal,EC LV Deep Pyramidal,398.1782023002817
greedy_tree_simulated_annealing,EC LV Deep Pyramidal,2,self_connection,MEC LV VI Pyramidal Polymorphic,MEC LV VI Pyramidal Polymorphic,1336.06008642144
greedy_tree_simulated_annealing,EC LV Deep Pyramidal,3,self_connection,EC LIV VI Deep Multipolar Principal,EC LIV VI Deep Multipolar Principal,1969.34413375272
greedy_tree_simulated_annealing,EC LV Deep Pyramidal,4,self_connection,MEC LIII Complex Pyramidal,MEC LIII Complex Pyramidal,1453.7180710081302
greedy_tree_simulated_annealing,EC LV Deep Pyramidal,5,self_connection,MEC LII III Pyramidal Multiform,MEC LII III Pyramidal Multiform,307.79730677822744
greedy_tree_simulated_annealing,EC LV Deep Pyramidal,6,self_connection,MEC LV Multipolar Pyramidal,MEC LV Multipolar Pyramidal,201.78698075346315
greedy_tree_simulated_annealing,EC LV Deep Pyramidal,7,self_connection,EC LIII V Bipolar Pyramidal,EC LIII V Bipolar Pyramidal,471.82519386819655
greedy_tree_simulated_annealing,EC LV Deep Pyramidal,8,self_connection,EC LII III Pyramidal Tripolar,EC LII III Pyramidal Tripolar,2277.297842357101
greedy_tree_simulated_annealing,EC LV Deep Pyramidal,11,self_connection,CA3c Pyramidal,CA3c Pyramidal,639.8640695461409
greedy_tree_simulated_annealing,EC LV Deep Pyramidal,12,self_connection,CA1 Pyramidal,CA1 Pyramidal,2793.7555172355333
greedy_tree_simulated_annealing,EC LV Deep Pyramidal,13,self_connection,LEC LVI Multipolar Pyramidal,LEC LVI Multipolar Pyramidal,212.6675576452901
greedy_tree_simulated_annealing,EC LV Deep Pyramidal,14,self_connection,LEC LIII Complex Pyramidal,LEC LIII Complex Pyramidal,744.1845437655309
greedy_tree_simulated_annealing,EC LV Deep Pyramidal,15,self_connection,LEC LIII Multipolar Principal,LEC LIII Multipolar Principal,496.4095848183002
greedy_tree_simulated_annealing,EC LV Deep Pyramidal,16,self_connection,EC LI II Multipolar Pyramidal,EC LI II Multipolar Pyramidal,18296.078460202098
greedy_tree_simulated_annealing,EC LV Deep Pyramidal,17,self_connection,MEC LIII Bipolar Complex Pyramidal,MEC LIII Bipolar Complex Pyramidal,176.61548774480949
greedy_tree_simulated_annealing,EC LV Deep Pyramidal,19,self_connection,MEC LV Superficial Pyramidal,MEC LV Superficial Pyramidal,104.14348764746217
greedy_tree_simulated_annealing,EC LV Deep Pyramidal,20,self_connection,MEC LV Pyramidal,MEC LV Pyramidal,565.2447275074132
greedy_tree_simulated_annealing,EC LV Deep Pyramidal,22,self_connection,DG Mossy,DG Mossy,1751.260654032912
greedy_tree_simulated_annealing,EC LV Deep Pyramidal,23,self_connection,DG Hilar Ectopic Granule,DG Hilar Ectopic Granule,0.9213810801264162
greedy_tree_simulated_annealing,EC LV Deep Pyramidal,24,self_connection,CA3 Pyramidal,CA3 Pyramidal,3278.450765697168
greedy_tree_simulated_annealing,EC LV Deep Pyramidal,25,self_connection,CA2 Pyramidal,CA2 Pyramidal,2163.138288508038
greedy_tree_simulated_annealing,EC LV Deep Pyramidal,1,transition,EC LV Deep Pyramidal,MEC LV VI Pyramidal Polymorphic,633.5577406795122
greedy_tree_simulated_annealing,EC LV Deep Pyramidal,2,transition,MEC LV VI Pyramidal Polymorphic,EC LIV VI Deep Multipolar Principal,86.77596588341953
greedy_tree_simulated_annealing,EC LV Deep Pyramidal,3,transition,EC LIV VI Deep Multipolar Principal,MEC LIII Complex Pyramidal,1427.516326568439
greedy_tree_simulated_annealing,EC LV Deep Pyramidal,4,transition,MEC LIII Complex Pyramidal,MEC LII III Pyramidal Multiform,496.8518298322453
greedy_tree_simulated_annealing,EC LV Deep Pyramidal,5,transition,MEC LII III Pyramidal Multiform,MEC LV Multipolar Pyramidal,750.744376370936
greedy_tree_simulated_annealing,EC LV Deep Pyramidal,6,transition,MEC LV Multipolar Pyramidal,EC LIII V Bipolar Pyramidal,31.88776158532124
greedy_tree_simulated_annealing,EC LV Deep Pyramidal,7,transition,EC LIII V Bipolar Pyramidal,EC LII III Pyramidal Tripolar,340.43569682470206
greedy_tree_simulated_annealing,EC LV Deep Pyramidal,8,transition,EC LII III Pyramidal Tripolar,MEC LII Stellate,3189.046054691212
greedy_tree_simulated_annealing,EC LV Deep Pyramidal,9,transition,MEC LII Stellate,CA3 Granule,19640.6765649223
greedy_tree_simulated_annealing,EC LV Deep Pyramidal,10,transition,CA3 Granule,CA3c Pyramidal,2.280811281935155
greedy_tree_simulated_annealing,EC LV Deep Pyramidal,11,transition,CA3c Pyramidal,CA1 Pyramidal,85609.60976338176
greedy_tree_simulated_annealing,EC LV Deep Pyramidal,12,transition,CA1 Pyramidal,LEC LVI Multipolar Pyramidal,10569.009270094895
greedy_tree_simulated_annealing,EC LV Deep Pyramidal,13,transition,LEC LVI Multipolar Pyramidal,LEC LIII Complex Pyramidal,175.93242994355498
greedy_tree_simulated_annealing,EC LV Deep Pyramidal,14,transition,LEC LIII Complex Pyramidal,LEC LIII Multipolar Principal,814.9191961799069
greedy_tree_simulated_annealing,EC LV Deep Pyramidal,15,transition,LEC LIII Multipolar Principal,EC LI II Multipolar Pyramidal,539.4518276519966
greedy_tree_simulated_annealing,EC LV Deep Pyramidal,16,transition,EC LI II Multipolar Pyramidal,MEC LIII Bipolar Complex Pyramidal,30698.001365671505
greedy_tree_simulated_annealing,EC LV Deep Pyramidal,17,transition,MEC LIII Bipolar Complex Pyramidal,MEC LII Oblique Pyramidal,129.39404235709722
greedy_tree_simulated_annealing,EC LV Deep Pyramidal,18,transition,MEC LII Oblique Pyramidal,MEC LV Superficial Pyramidal,73.63513359542591
greedy_tree_simulated_annealing,EC LV Deep Pyramidal,19,transition,MEC LV Superficial Pyramidal,MEC LV Pyramidal,138.477786593687
greedy_tree_simulated_annealing,EC LV Deep Pyramidal,20,transition,MEC LV Pyramidal,DG Granule,9568.736896643586
greedy_tree_simulated_annealing,EC LV Deep Pyramidal,21,transition,DG Granule,DG Mossy,44908.709978571016
greedy_tree_simulated_annealing,EC LV Deep Pyramidal,22,transition,DG Mossy,DG Hilar Ectopic Granule,2119.754290320353
greedy_tree_simulated_annealing,EC LV Deep Pyramidal,23,transition,DG Hilar Ectopic Granule,CA3 Pyramidal,0.0133035385226386
greedy_tree_simulated_annealing,EC LV Deep Pyramidal,24,transition,CA3 Pyramidal,CA2 Pyramidal,12467.302061608583
greedy_tree_simulated_annealing,EC LV Deep Pyramidal,25,transition,CA2 Pyramidal,CA1 Radiatum Giant,263.0645063940111
greedy_tree_simulated_annealing,LEC LIII Complex Pyramidal,1,self_connection,LEC LIII Complex Pyramidal,LEC LIII Complex Pyramidal,744.1845437655309
greedy_tree_simulated_annealing,LEC LIII Complex Pyramidal,2,self_connection,LEC LIII Multipolar Principal,LEC LIII Multipolar Principal,496.4095848183002
greedy_tree_simulated_annealing,LEC LIII Complex Pyramidal,3,self_connection,EC LI II Multipolar Pyramidal,EC LI II Multipolar Pyramidal,18296.078460202098
greedy_tree_simulated_annealing,LEC LIII Complex Pyramidal,4,self_connection,EC LII III Pyramidal Tripolar,EC LII III Pyramidal Tripolar,2277.297842357101
greedy_tree_simulated_annealing,LEC LIII Complex Pyramidal,7,self_connection,CA3c Pyramidal,CA3c Pyramidal,639.8640695461409
greedy_tree_simulated_annealing,LEC LIII Complex Pyramidal,8,self_connection,CA1 Pyramidal,CA1 Pyramidal,2793.7555172355333
greedy_tree_simulated_annealing,LEC LIII Complex Pyramidal,9,self_connection,MEC LV VI Pyramidal Polymorphic,MEC LV VI Pyramidal Polymorphic,1336.06008642144
greedy_tree_simulated_annealing,LEC LIII Complex Pyramidal,10,self_connection,EC LIV VI Deep Multipolar Principal,EC LIV VI Deep Multipolar Principal,1969.34413375272
greedy_tree_simulated_annealing,LEC LIII Complex Pyramidal,11,self_connection,LEC LVI Multipolar Pyramidal,LEC LVI Multipolar Pyramidal,212.6675576452901
greedy_tree_simulated_annealing,LEC LIII Complex Pyramidal,12,self_connection,EC LIII Pyramidal Stellate,EC LIII Pyramidal Stellate,360.1830629372671
greedy_tree_simulated_annealing,LEC LIII Complex Pyramidal,13,self_connection,MEC LIII Complex Pyramidal,MEC LIII Complex Pyramidal,1453.7180710081302
greedy_tree_simulated_annealing,LEC LIII Complex Pyramidal,15,self_connection,MEC LV Superficial Pyramidal,MEC LV Superficial Pyramidal,104.14348764746217
greedy_tree_simulated_annealing,LEC LIII Complex Pyramidal,16,self_connection,MEC LIII Bipolar Complex Pyramidal,MEC LIII Bipolar Complex Pyramidal,176.61548774480949
greedy_tree_simulated_annealing,LEC LIII Complex Pyramidal,17,self_connection,MEC LII III Pyramidal Multiform,MEC LII III Pyramidal Multiform,307.79730677822744
greedy_tree_simulated_annealing,LEC LIII Complex Pyramidal,18,self_connection,MEC LV Multipolar Pyramidal,MEC LV Multipolar Pyramidal,201.78698075346315
greedy_tree_simulated_annealing,LEC LIII Complex Pyramidal,19,self_connection,MEC LV Pyramidal,MEC LV Pyramidal,565.2447275074132
greedy_tree_simulated_annealing,LEC LIII Complex Pyramidal,21,self_connection,DG Mossy,DG Mossy,1751.260654032912
greedy_tree_simulated_annealing,LEC LIII Complex Pyramidal,22,self_connection,DG Hilar Ectopic Granule,DG Hilar Ectopic Granule,0.9213810801264162
greedy_tree_simulated_annealing,LEC LIII Complex Pyramidal,23,self_connection,CA3 Pyramidal,CA3 Pyramidal,3278.450765697168
greedy_tree_simulated_annealing,LEC LIII Complex Pyramidal,24,self_connection,CA2 Pyramidal,CA2 Pyramidal,2163.138288508038
greedy_tree_simulated_annealing,LEC LIII Complex Pyramidal,1,transition,LEC LIII Complex Pyramidal,LEC LIII Multipolar Principal,814.9191961799069
greedy_tree_simulated_annealing,LEC LIII Complex Pyramidal,2,transition,LEC LIII Multipolar Principal,EC LI II Multipolar Pyramidal,539.4518276519966
greedy_tree_simulated_annealing,LEC LIII Complex Pyramidal,3,transition,EC LI II Multipolar Pyramidal,EC LII III Pyramidal Tripolar,28854.49238765121
greedy_tree_simulated_annealing,LEC LIII Complex Pyramidal,4,transition,EC LII III Pyramidal Tripolar,MEC LII Stellate,3189.046054691212
greedy_tree_simulated_annealing,LEC LIII Complex Pyramidal,5,transition,MEC LII Stellate,CA3 Granule,19640.6765649223
greedy_tree_simulated_annealing,LEC LIII Complex Pyramidal,6,transition,CA3 Granule,CA3c Pyramidal,2.280811281935155
greedy_tree_simulated_annealing,LEC LIII Complex Pyramidal,7,transition,CA3c Pyramidal,CA1 Pyramidal,85609.60976338176
greedy_tree_simulated_annealing,LEC LIII Complex Pyramidal,8,transition,CA1 Pyramidal,MEC LV VI Pyramidal Polymorphic,13564.64480225756
greedy_tree_simulated_annealing,LEC LIII Complex Pyramidal,9,transition,MEC LV VI Pyramidal Polymorphic,EC LIV VI Deep Multipolar Principal,86.77596588341953
greedy_tree_simulated_annealing,LEC LIII Complex Pyramidal,10,transition,EC LIV VI Deep Multipolar Principal,LEC LVI Multipolar Pyramidal,2246.3636143897743
greedy_tree_simulated_annealing,LEC LIII Complex Pyramidal,11,transition,LEC LVI Multipolar Pyramidal,EC LIII Pyramidal Stellate,138.9942025493572
greedy_tree_simulated_annealing,LEC LIII Complex Pyramidal,12,transition,EC LIII Pyramidal Stellate,MEC LIII Complex Pyramidal,647.4324185181202
greedy_tree_simulated_annealing,LEC LIII Complex Pyramidal,13,transition,MEC LIII Complex Pyramidal,MEC LII Oblique Pyramidal,569.2148212010752
greedy_tree_simulated_annealing,LEC LIII Complex Pyramidal,14,transition,MEC LII Oblique Pyramidal,MEC LV Superficial Pyramidal,73.63513359542591
greedy_tree_simulated_annealing,LEC LIII Complex Pyramidal,15,transition,MEC LV Superficial Pyramidal,MEC LIII Bipolar Complex Pyramidal,188.7882684418888
greedy_tree_simulated_annealing,LEC LIII Complex Pyramidal,16,transition,MEC LIII Bipolar Complex Pyramidal,MEC LII III Pyramidal Multiform,156.10322882603091
greedy_tree_simulated_annealing,LEC LIII Complex Pyramidal,17,transition,MEC LII III Pyramidal Multiform,MEC LV Multipolar Pyramidal,750.744376370936
greedy_tree_simulated_annealing,LEC LIII Complex Pyramidal,18,transition,MEC LV Multipolar Pyramidal,MEC LV Pyramidal,115.70855122819788
greedy_tree_simulated_annealing,LEC LIII Complex Pyramidal,19,transition,MEC LV Pyramidal,DG Granule,9568.736896643586
greedy_tree_simulated_annealing,LEC LIII Complex Pyramidal,20,transition,DG Granule,DG Mossy,44908.709978571016
greedy_tree_simulated_annealing,LEC LIII Complex Pyramidal,21,transition,DG Mossy,DG Hilar Ectopic Granule,2119.754290320353
greedy_tree_simulated_annealing,LEC LIII Complex Pyramidal,22,transition,DG Hilar Ectopic Granule,CA3 Pyramidal,0.0133035385226386
greedy_tree_simulated_annealing,LEC LIII Complex Pyramidal,23,transition,CA3 Pyramidal,CA2 Pyramidal,12467.302061608583
greedy_tree_simulated_annealing,LEC LIII Complex Pyramidal,24,transition,CA2 Pyramidal,CA1 Radiatum Giant,263.0645063940111
greedy_tree_simulated_annealing,LEC LIII Multipolar Principal,1,self_connection,LEC LIII Multipolar Principal,LEC LIII Multipolar Principal,496.4095848183002
greedy_tree_simulated_annealing,LEC LIII Multipolar Principal,2,self_connection,EC LI II Multipolar Pyramidal,EC LI II Multipolar Pyramidal,18296.078460202098
greedy_tree_simulated_annealing,LEC LIII Multipolar Principal,3,self_connection,EC LII III Pyramidal Tripolar,EC LII III Pyramidal Tripolar,2277.297842357101
greedy_tree_simulated_annealing,LEC LIII Multipolar Principal,4,self_connection,EC LIII Stellate,EC LIII Stellate,60.68453664121218
greedy_tree_simulated_annealing,LEC LIII Multipolar Principal,5,self_connection,MEC LIII Complex Pyramidal,MEC LIII Complex Pyramidal,1453.7180710081302
greedy_tree_simulated_annealing,LEC LIII Multipolar Principal,8,self_connection,CA3c Pyramidal,CA3c Pyramidal,639.8640695461409
greedy_tree_simulated_annealing,LEC LIII Multipolar Principal,9,self_connection,CA1 Pyramidal,CA1 Pyramidal,2793.7555172355333
greedy_tree_simulated_annealing,LEC LIII Multipolar Principal,10,self_connection,MEC LV VI Pyramidal Polymorphic,MEC LV VI Pyramidal Polymorphic,1336.06008642144
greedy_tree_simulated_annealing,LEC LIII Multipolar Principal,11,self_connection,EC LIV VI Deep Multipolar Principal,EC LIV VI Deep Multipolar Principal,1969.34413375272
greedy_tree_simulated_annealing,LEC LIII Multipolar Principal,12,self_connection,LEC LVI Multipolar Pyramidal,LEC LVI Multipolar Pyramidal,212.6675576452901
greedy_tree_simulated_annealing,LEC LIII Multipolar Principal,13,self_connection,LEC LIII Complex Pyramidal,LEC LIII Complex Pyramidal,744.1845437655309
greedy_tree_simulated_annealing,LEC LIII Multipolar Principal,14,self_connection,EC LIII Pyramidal Stellate,EC LIII Pyramidal Stellate,360.1830629372671
greedy_tree_simulated_annealing,LEC LIII Multipolar Principal,15,self_connection,MEC LIII Bipolar Complex Pyramidal,MEC LIII Bipolar Complex Pyramidal,176.61548774480949
greedy_tree_simulated_annealing,LEC LIII Multipolar Principal,16,self_connection,MEC LII III Pyramidal Multiform,MEC LII III Pyramidal Multiform,307.79730677822744
greedy_tree_simulated_annealing,LEC LIII Multipolar Principal,17,self_connection,MEC LV Multipolar Pyramidal,MEC LV Multipolar Pyramidal,201.78698075346315
greedy_tree_simulated_annealing,LEC LIII Multipolar Principal,18,self_connection,MEC LV Superficial Pyramidal,MEC LV Superficial Pyramidal,104.14348764746217
greedy_tree_simulated_annealing,LEC LIII Multipolar Principal,19,self_connection,MEC LV Pyramidal,MEC LV Pyramidal,565.2447275074132
greedy_tree_simulated_annealing,LEC LIII Multipolar Principal,21,self_connection,DG Mossy,DG Mossy,1751.260654032912
greedy_tree_simulated_annealing,LEC LIII Multipolar Principal,22,self_connection,DG Hilar Ectopic Granule,DG Hilar Ectopic Granule,0.9213810801264162
greedy_tree_simulated_annealing,LEC LIII Multipolar Principal,23,self_connection,CA3 Pyramidal,CA3 Pyramidal,3278.450765697168
greedy_tree_simulated_annealing,LEC LIII Multipolar Principal,24,self_connection,CA2 Pyramidal,CA2 Pyramidal,2163.138288508038
greedy_tree_simulated_annealing,LEC LIII Multipolar Principal,1,transition,LEC LIII Multipolar Principal,EC LI II Multipolar Pyramidal,539.4518276519966
greedy_tree_simulated_annealing,LEC LIII Multipolar Principal,2,transition,EC LI II Multipolar Pyramidal,EC LII III Pyramidal Tripolar,28854.49238765121
greedy_tree_simulated_annealing,LEC LIII Multipolar Principal,3,transition,EC LII III Pyramidal Tripolar,EC LIII Stellate,2760.010200610732
greedy_tree_simulated_annealing,LEC LIII Multipolar Principal,4,transition,EC LIII Stellate,MEC LIII Complex Pyramidal,165.81222907217855
greedy_tree_simulated_annealing,LEC LIII Multipolar Principal,5,transition,MEC LIII Complex Pyramidal,MEC LII Stellate,1193.0847203135872
greedy_tree_simulated_annealing,LEC LIII Multipolar Principal,6,transition,MEC LII Stellate,CA3 Granule,19640.6765649223
greedy_tree_simulated_annealing,LEC LIII Multipolar Principal,7,transition,CA3 Granule,CA3c Pyramidal,2.280811281935155
greedy_tree_simulated_annealing,LEC LIII Multipolar Principal,8,transition,CA3c Pyramidal,CA1 Pyramidal,85609.60976338176
greedy_tree_simulated_annealing,LEC LIII Multipolar Principal,9,transition,CA1 Pyramidal,MEC LV VI Pyramidal Polymorphic,13564.64480225756
greedy_tree_simulated_annealing,LEC LIII Multipolar Principal,10,transition,MEC LV VI Pyramidal Polymorphic,EC LIV VI Deep Multipolar Principal,86.77596588341953
greedy_tree_simulated_annealing,LEC LIII Multipolar Principal,11,transition,EC LIV VI Deep Multipolar Principal,LEC LVI Multipolar Pyramidal,2246.3636143897743
greedy_tree_simulated_annealing,LEC LIII Multipolar Principal,12,transition,LEC LVI Multipolar Pyramidal,LEC LIII Complex Pyramidal,175.93242994355498
greedy_tree_simulated_annealing,LEC LIII Multipolar Principal,13,transition,LEC LIII Complex Pyramidal,EC LIII Pyramidal Stellate,538.1000722266449
greedy_tree_simulated_annealing,LEC LIII Multipolar Principal,14,transition,EC LIII Pyramidal Stellate,MEC LIII Bipolar Complex Pyramidal,418.9168875087689
greedy_tree_simulated_annealing,LEC LIII Multipolar Principal,15,transition,MEC LIII Bipolar Complex Pyramidal,MEC LII III Pyramidal Multiform,156.10322882603091
greedy_tree_simulated_annealing,LEC LIII Multipolar Principal,16,transition,MEC LII III Pyramidal Multiform,MEC LV Multipolar Pyramidal,750.744376370936
greedy_tree_simulated_annealing,LEC LIII Multipolar Principal,17,transition,MEC LV Multipolar Pyramidal,MEC LV Superficial Pyramidal,138.44761428854213
greedy_tree_simulated_annealing,LEC LIII Multipolar Principal,18,transition,MEC LV Superficial Pyramidal,MEC LV Pyramidal,138.477786593687
greedy_tree_simulated_annealing,LEC LIII Multipolar Principal,19,transition,MEC LV Pyramidal,DG Granule,9568.736896643586
greedy_tree_simulated_annealing,LEC LIII Multipolar Principal,20,transition,DG Granule,DG Mossy,44908.709978571016
greedy_tree_simulated_annealing,LEC LIII Multipolar Principal,21,transition,DG Mossy,DG Hilar Ectopic Granule,2119.754290320353
greedy_tree_simulated_annealing,LEC LIII Multipolar Principal,22,transition,DG Hilar Ectopic Granule,CA3 Pyramidal,0.0133035385226386
greedy_tree_simulated_annealing,LEC LIII Multipolar Principal,23,transition,CA3 Pyramidal,CA2 Pyramidal,12467.302061608583
greedy_tree_simulated_annealing,LEC LIII Multipolar Principal,24,transition,CA2 Pyramidal,CA1 Radiatum Giant,263.0645063940111
greedy_tree_simulated_annealing,LEC LVI Multipolar Pyramidal,1,self_connection,LEC LVI Multipolar Pyramidal,LEC LVI Multipolar Pyramidal,212.6675576452901
greedy_tree_simulated_annealing,LEC LVI Multipolar Pyramidal,2,self_connection,LEC LIII Multipolar Principal,LEC LIII Multipolar Principal,496.4095848183002
greedy_tree_simulated_annealing,LEC LVI Multipolar Pyramidal,3,self_connection,EC LI II Multipolar Pyramidal,EC LI II Multipolar Pyramidal,18296.078460202098
greedy_tree_simulated_annealing,LEC LVI Multipolar Pyramidal,4,self_connection,EC LIII Stellate,EC LIII Stellate,60.68453664121218
greedy_tree_simulated_annealing,LEC LVI Multipolar Pyramidal,5,self_connection,MEC LIII Bipolar Complex Pyramidal,MEC LIII Bipolar Complex Pyramidal,176.61548774480949
greedy_tree_simulated_annealing,LEC LVI Multipolar Pyramidal,6,self_connection,MEC LIII Complex Pyramidal,MEC LIII Complex Pyramidal,1453.7180710081302
greedy_tree_simulated_annealing,LEC LVI Multipolar Pyramidal,9,self_connection,CA3c Pyramidal,CA3c Pyramidal,639.8640695461409
greedy_tree_simulated_annealing,LEC LVI Multipolar Pyramidal,10,self_connection,CA1 Pyramidal,CA1 Pyramidal,2793.7555172355333
greedy_tree_simulated_annealing,LEC LVI Multipolar Pyramidal,11,self_connection,MEC LV VI Pyramidal Polymorphic,MEC LV VI Pyramidal Polymorphic,1336.06008642144
greedy_tree_simulated_annealing,LEC LVI Multipolar Pyramidal,12,self_connection,EC LIV VI Deep Multipolar Principal,EC LIV VI Deep Multipolar Principal,1969.34413375272
greedy_tree_simulated_annealing,LEC LVI Multipolar Pyramidal,13,self_connection,LEC LIII Complex Pyramidal,LEC LIII Complex Pyramidal,744.1845437655309
greedy_tree_simulated_annealing,LEC LVI Multipolar Pyramidal,14,self_connection,EC LII III Pyramidal Tripolar,EC LII III Pyramidal Tripolar,2277.297842357101
greedy_tree_simulated_annealing,LEC LVI Multipolar Pyramidal,15,self_connection,MEC LII III Pyramidal Multiform,MEC LII III Pyramidal Multiform,307.79730677822744
greedy_tree_simulated_annealing,LEC LVI Multipolar Pyramidal,16,self_connection,MEC LV Multipolar Pyramidal,MEC LV Multipolar Pyramidal,201.78698075346315
greedy_tree_simulated_annealing,LEC LVI Multipolar Pyramidal,17,self_connection,MEC LV Superficial Pyramidal,MEC LV Superficial Pyramidal,104.14348764746217
greedy_tree_simulated_annealing,LEC LVI Multipolar Pyramidal,18,self_connection,MEC LV Pyramidal,MEC LV Pyramidal,565.2447275074132
greedy_tree_simulated_annealing,LEC LVI Multipolar Pyramidal,20,self_connection,DG Mossy,DG Mossy,1751.260654032912
greedy_tree_simulated_annealing,LEC LVI Multipolar Pyramidal,21,self_connection,DG Hilar Ectopic Granule,DG Hilar Ectopic Granule,0.9213810801264162
greedy_tree_simulated_annealing,LEC LVI Multipolar Pyramidal,22,self_connection,CA3 Pyramidal,CA3 Pyramidal,3278.450765697168
greedy_tree_simulated_annealing,LEC LVI Multipolar Pyramidal,23,self_connection,CA2 Pyramidal,CA2 Pyramidal,2163.138288508038
greedy_tree_simulated_annealing,LEC LVI Multipolar Pyramidal,1,transition,LEC LVI Multipolar Pyramidal,LEC LIII Multipolar Principal,304.0317537911717
greedy_tree_simulated_annealing,LEC LVI Multipolar Pyramidal,2,transition,LEC LIII Multipolar Principal,EC LI II Multipolar Pyramidal,539.4518276519966
greedy_tree_simulated_annealing,LEC LVI Multipolar Pyramidal,3,transition,EC LI II Multipolar Pyramidal,EC LIII Stellate,29349.85984134182
greedy_tree_simulated_annealing,LEC LVI Multipolar Pyramidal,4,transition,EC LIII Stellate,MEC LIII Bipolar Complex Pyramidal,110.49107949247347
greedy_tree_simulated_annealing,LEC LVI Multipolar Pyramidal,5,transition,MEC LIII Bipolar Complex Pyramidal,MEC LIII Complex Pyramidal,861.1914192115519
greedy_tree_simulated_annealing,LEC LVI Multipolar Pyramidal,6,transition,MEC LIII Complex Pyramidal,MEC LII Stellate,1193.0847203135872
greedy_tree_simulated_annealing,LEC LVI Multipolar Pyramidal,7,transition,MEC LII Stellate,CA3 Granule,19640.6765649223
greedy_tree_simulated_annealing,LEC LVI Multipolar Pyramidal,8,transition,CA3 Granule,CA3c Pyramidal,2.280811281935155
greedy_tree_simulated_annealing,LEC LVI Multipolar Pyramidal,9,transition,CA3c Pyramidal,CA1 Pyramidal,85609.60976338176
greedy_tree_simulated_annealing,LEC LVI Multipolar Pyramidal,10,transition,CA1 Pyramidal,MEC LV VI Pyramidal Polymorphic,13564.64480225756
greedy_tree_simulated_annealing,LEC LVI Multipolar Pyramidal,11,transition,MEC LV VI Pyramidal Polymorphic,EC LIV VI Deep Multipolar Principal,86.77596588341953
greedy_tree_simulated_annealing,LEC LVI Multipolar Pyramidal,12,transition,EC LIV VI Deep Multipolar Principal,LEC LIII Complex Pyramidal,1319.060493589653
greedy_tree_simulated_annealing,LEC LVI Multipolar Pyramidal,13,transition,LEC LIII Complex Pyramidal,EC LII III Pyramidal Tripolar,366.36278097895246
greedy_tree_simulated_annealing,LEC LVI Multipolar Pyramidal,14,transition,EC LII III Pyramidal Tripolar,MEC LII III Pyramidal Multiform,1991.8124765410728
greedy_tree_simulated_annealing,LEC LVI Multipolar Pyramidal,15,transition,MEC LII III Pyramidal Multiform,MEC LV Multipolar Pyramidal,750.744376370936
greedy_tree_simulated_annealing,LEC LVI Multipolar Pyramidal,16,transition,MEC LV Multipolar Pyramidal,MEC LV Superficial Pyramidal,138.44761428854213
greedy_tree_simulated_annealing,LEC LVI Multipolar Pyramidal,17,transition,MEC LV Superficial Pyramidal,MEC LV Pyramidal,138.477786593687
greedy_tree_simulated_annealing,LEC LVI Multipolar Pyramidal,18,transition,MEC LV Pyramidal,DG Granule,9568.736896643586
greedy_tree_simulated_annealing,LEC LVI Multipolar Pyramidal,19,transition,DG Granule,DG Mossy,44908.709978571016
greedy_tree_simulated_annealing,LEC LVI Multipolar Pyramidal,20,transition,DG Mossy,DG Hilar Ectopic Granule,2119.754290320353
greedy_tree_simulated_annealing,LEC LVI Multipolar Pyramidal,21,transition,DG Hilar Ectopic Granule,CA3 Pyramidal,0.0133035385226386
greedy_tree_simulated_annealing,LEC LVI Multipolar Pyramidal,22,transition,CA3 Pyramidal,CA2 Pyramidal,12467.302061608583
greedy_tree_simulated_annealing,LEC LVI Multipolar Pyramidal,23,transition,CA2 Pyramidal,CA1 Radiatum Giant,263.0645063940111
greedy_tree_simulated_annealing,MEC LII III Pyramidal Multiform,1,self_connection,MEC LII III Pyramidal Multiform,MEC LII III Pyramidal Multiform,307.79730677822744
greedy_tree_simulated_annealing,MEC LII III Pyramidal Multiform,2,self_connection,MEC LV VI Pyramidal Polymorphic,MEC LV VI Pyramidal Polymorphic,1336.06008642144
greedy_tree_simulated_annealing,MEC LII III Pyramidal Multiform,3,self_connection,EC LIV VI Deep Multipolar Principal,EC LIV VI Deep Multipolar Principal,1969.34413375272
greedy_tree_simulated_annealing,MEC LII III Pyramidal Multiform,4,self_connection,LEC LVI Multipolar Pyramidal,LEC LVI Multipolar Pyramidal,212.6675576452901
greedy_tree_simulated_annealing,MEC LII III Pyramidal Multiform,5,self_connection,LEC LIII Multipolar Principal,LEC LIII Multipolar Principal,496.4095848183002
greedy_tree_simulated_annealing,MEC LII III Pyramidal Multiform,6,self_connection,EC LI II Multipolar Pyramidal,EC LI II Multipolar Pyramidal,18296.078460202098
greedy_tree_simulated_annealing,MEC LII III Pyramidal Multiform,7,self_connection,EC LII III Pyramidal Tripolar,EC LII III Pyramidal Tripolar,2277.297842357101
greedy_tree_simulated_annealing,MEC LII III Pyramidal Multiform,10,self_connection,CA3c Pyramidal,CA3c Pyramidal,639.8640695461409
greedy_tree_simulated_annealing,MEC LII III Pyramidal Multiform,11,self_connection,CA1 Pyramidal,CA1 Pyramidal,2793.7555172355333
greedy_tree_simulated_annealing,MEC LII III Pyramidal Multiform,12,self_connection,EC LV Deep Pyramidal,EC LV Deep Pyramidal,398.1782023002817
greedy_tree_simulated_annealing,MEC LII III Pyramidal Multiform,13,self_connection,EC LIII V Bipolar Pyramidal,EC LIII V Bipolar Pyramidal,471.82519386819655
greedy_tree_simulated_annealing,MEC LII III Pyramidal Multiform,14,self_connection,MEC LIII Complex Pyramidal,MEC LIII Complex Pyramidal,1453.7180710081302
greedy_tree_simulated_annealing,MEC LII III Pyramidal Multiform,16,self_connection,MEC LIII Bipolar Complex Pyramidal,MEC LIII Bipolar Complex Pyramidal,176.61548774480949
greedy_tree_simulated_annealing,MEC LII III Pyramidal Multiform,17,self_connection,MEC LV Superficial Pyramidal,MEC LV Superficial Pyramidal,104.14348764746217
greedy_tree_simulated_annealing,MEC LII III Pyramidal Multiform,18,self_connection,MEC LV Multipolar Pyramidal,MEC LV Multipolar Pyramidal,201.78698075346315
greedy_tree_simulated_annealing,MEC LII III Pyramidal Multiform,19,self_connection,MEC LV Pyramidal,MEC LV Pyramidal,565.2447275074132
greedy_tree_simulated_annealing,MEC LII III Pyramidal Multiform,21,self_connection,DG Mossy,DG Mossy,1751.260654032912
greedy_tree_simulated_annealing,MEC LII III Pyramidal Multiform,22,self_connection,DG Hilar Ectopic Granule,DG Hilar Ectopic Granule,0.9213810801264162
greedy_tree_simulated_annealing,MEC LII III Pyramidal Multiform,23,self_connection,CA3 Pyramidal,CA3 Pyramidal,3278.450765697168
greedy_tree_simulated_annealing,MEC LII III Pyramidal Multiform,24,self_connection,CA2 Pyramidal,CA2 Pyramidal,2163.138288508038
greedy_tree_simulated_annealing,MEC LII III Pyramidal Multiform,1,transition,MEC LII III Pyramidal Multiform,MEC LV VI Pyramidal Polymorphic,1304.0113874450217
greedy_tree_simulated_annealing,MEC LII III Pyramidal Multiform,2,transition,MEC LV VI Pyramidal Polymorphic,EC LIV VI Deep Multipolar Principal,86.77596588341953
greedy_tree_simulated_annealing,MEC LII III Pyramidal Multiform,3,transition,EC LIV VI Deep Multipolar Principal,LEC LVI Multipolar Pyramidal,2246.3636143897743
greedy_tree_simulated_annealing,MEC LII III Pyramidal Multiform,4,transition,LEC LVI Multipolar Pyramidal,LEC LIII Multipolar Principal,304.0317537911717
greedy_tree_simulated_annealing,MEC LII III Pyramidal Multiform,5,transition,LEC LIII Multipolar Principal,EC LI II Multipolar Pyramidal,539.4518276519966
greedy_tree_simulated_annealing,MEC LII III Pyramidal Multiform,6,transition,EC LI II Multipolar Pyramidal,EC LII III Pyramidal Tripolar,28854.49238765121
greedy_tree_simulated_annealing,MEC LII III Pyramidal Multiform,7,transition,EC LII III Pyramidal Tripolar,MEC LII Stellate,3189.046054691212
greedy_tree_simulated_annealing,MEC LII III Pyramidal Multiform,8,transition,MEC LII Stellate,CA3 Granule,19640.6765649223
greedy_tree_simulated_annealing,MEC LII III Pyramidal Multiform,9,transition,CA3 Granule,CA3c Pyramidal,2.280811281935155
greedy_tree_simulated_annealing,MEC LII III Pyramidal Multiform,10,transition,CA3c Pyramidal,CA1 Pyramidal,85609.60976338176
greedy_tree_simulated_annealing,MEC LII III Pyramidal Multiform,11,transition,CA1 Pyramidal,EC LV Deep Pyramidal,6927.87660371489
greedy_tree_simulated_annealing,MEC LII III Pyramidal Multiform,12,transition,EC LV Deep Pyramidal,EC LIII V Bipolar Pyramidal,180.4005489546849
greedy_tree_simulated_annealing,MEC LII III Pyramidal Multiform,13,transition,EC LIII V Bipolar Pyramidal,MEC LIII Complex Pyramidal,1055.6037252397975
greedy_tree_simulated_annealing,MEC LII III Pyramidal Multiform,14,transition,MEC LIII Complex Pyramidal,MEC LII Oblique Pyramidal,569.2148212010752
greedy_tree_simulated_annealing,MEC LII III Pyramidal Multiform,15,transition,MEC LII Oblique Pyramidal,MEC LIII Bipolar Complex Pyramidal,57.5389943157286
greedy_tree_simulated_annealing,MEC LII III Pyramidal Multiform,16,transition,MEC LIII Bipolar Complex Pyramidal,MEC LV Superficial Pyramidal,146.3802679317498
greedy_tree_simulated_annealing,MEC LII III Pyramidal Multiform,17,transition,MEC LV Superficial Pyramidal,MEC LV Multipolar Pyramidal,218.5111462490885
greedy_tree_simulated_annealing,MEC LII III Pyramidal Multiform,18,transition,MEC LV Multipolar Pyramidal,MEC LV Pyramidal,115.70855122819788
greedy_tree_simulated_annealing,MEC LII III Pyramidal Multiform,19,transition,MEC LV Pyramidal,DG Granule,9568.736896643586
greedy_tree_simulated_annealing,MEC LII III Pyramidal Multiform,20,transition,DG Granule,DG Mossy,44908.709978571016
greedy_tree_simulated_annealing,MEC LII III Pyramidal Multiform,21,transition,DG Mossy,DG Hilar Ectopic Granule,2119.754290320353
greedy_tree_simulated_annealing,MEC LII III Pyramidal Multiform,22,transition,DG Hilar Ectopic Granule,CA3 Pyramidal,0.0133035385226386
greedy_tree_simulated_annealing,MEC LII III Pyramidal Multiform,23,transition,CA3 Pyramidal,CA2 Pyramidal,12467.302061608583
greedy_tree_simulated_annealing,MEC LII III Pyramidal Multiform,24,transition,CA2 Pyramidal,CA1 Radiatum Giant,263.0645063940111
greedy_tree_simulated_annealing,MEC LII Oblique Pyramidal,2,self_connection,MEC LIII Complex Pyramidal,MEC LIII Complex Pyramidal,1453.7180710081302
greedy_tree_simulated_annealing,MEC LII Oblique Pyramidal,5,self_connection,CA3c Pyramidal,CA3c Pyramidal,639.8640695461409
greedy_tree_simulated_annealing,MEC LII Oblique Pyramidal,6,self_connection,CA1 Pyramidal,CA1 Pyramidal,2793.7555172355333
greedy_tree_simulated_annealing,MEC LII Oblique Pyramidal,7,self_connection,MEC LV VI Pyramidal Polymorphic,MEC LV VI Pyramidal Polymorphic,1336.06008642144
greedy_tree_simulated_annealing,MEC LII Oblique Pyramidal,8,self_connection,EC LIV VI Deep Multipolar Principal,EC LIV VI Deep Multipolar Principal,1969.34413375272
greedy_tree_simulated_annealing,MEC LII Oblique Pyramidal,9,self_connection,LEC LVI Multipolar Pyramidal,LEC LVI Multipolar Pyramidal,212.6675576452901
greedy_tree_simulated_annealing,MEC LII Oblique Pyramidal,10,self_connection,LEC LIII Multipolar Principal,LEC LIII Multipolar Principal,496.4095848183002
greedy_tree_simulated_annealing,MEC LII Oblique Pyramidal,11,self_connection,EC LIII Pyramidal,EC LIII Pyramidal,17.545063132735347
greedy_tree_simulated_annealing,MEC LII Oblique Pyramidal,12,self_connection,LEC LIII Complex Pyramidal,LEC LIII Complex Pyramidal,744.1845437655309
greedy_tree_simulated_annealing,MEC LII Oblique Pyramidal,13,self_connection,EC LI II Multipolar Pyramidal,EC LI II Multipolar Pyramidal,18296.078460202098
greedy_tree_simulated_annealing,MEC LII Oblique Pyramidal,14,self_connection,MEC LIII Bipolar Complex Pyramidal,MEC LIII Bipolar Complex Pyramidal,176.61548774480949
greedy_tree_simulated_annealing,MEC LII Oblique Pyramidal,15,self_connection,MEC LV Multipolar Pyramidal,MEC LV Multipolar Pyramidal,201.78698075346315
greedy_tree_simulated_annealing,MEC LII Oblique Pyramidal,16,self_connection,MEC LV Superficial Pyramidal,MEC LV Superficial Pyramidal,104.14348764746217
greedy_tree_simulated_annealing,MEC LII Oblique Pyramidal,17,self_connection,EC LV Deep Pyramidal,EC LV Deep Pyramidal,398.1782023002817
greedy_tree_simulated_annealing,MEC LII Oblique Pyramidal,18,self_connection,EC LIII V Bipolar Pyramidal,EC LIII V Bipolar Pyramidal,471.82519386819655
greedy_tree_simulated_annealing,MEC LII Oblique Pyramidal,19,self_connection,EC LII III Pyramidal Tripolar,EC LII III Pyramidal Tripolar,2277.297842357101
greedy_tree_simulated_annealing,MEC LII Oblique Pyramidal,20,self_connection,MEC LII III Pyramidal Multiform,MEC LII III Pyramidal Multiform,307.79730677822744
greedy_tree_simulated_annealing,MEC LII Oblique Pyramidal,21,self_connection,MEC LV Pyramidal,MEC LV Pyramidal,565.2447275074132
greedy_tree_simulated_annealing,MEC LII Oblique Pyramidal,23,self_connection,DG Mossy,DG Mossy,1751.260654032912
greedy_tree_simulated_annealing,MEC LII Oblique Pyramidal,24,self_connection,DG Hilar Ectopic Granule,DG Hilar Ectopic Granule,0.9213810801264162
greedy_tree_simulated_annealing,MEC LII Oblique Pyramidal,25,self_connection,CA3 Pyramidal,CA3 Pyramidal,3278.450765697168
greedy_tree_simulated_annealing,MEC LII Oblique Pyramidal,26,self_connection,CA2 Pyramidal,CA2 Pyramidal,2163.138288508038
greedy_tree_simulated_annealing,MEC LII Oblique Pyramidal,1,transition,MEC LII Oblique Pyramidal,MEC LIII Complex Pyramidal,455.4398944649327
greedy_tree_simulated_annealing,MEC LII Oblique Pyramidal,2,transition,MEC LIII Complex Pyramidal,MEC LII Stellate,1193.0847203135872
greedy_tree_simulated_annealing,MEC LII Oblique Pyramidal,3,transition,MEC LII Stellate,CA3 Granule,19640.6765649223
greedy_tree_simulated_annealing,MEC LII Oblique Pyramidal,4,transition,CA3 Granule,CA3c Pyramidal,2.280811281935155
greedy_tree_simulated_annealing,MEC LII Oblique Pyramidal,5,transition,CA3c Pyramidal,CA1 Pyramidal,85609.60976338176
greedy_tree_simulated_annealing,MEC LII Oblique Pyramidal,6,transition,CA1 Pyramidal,MEC LV VI Pyramidal Polymorphic,13564.64480225756
greedy_tree_simulated_annealing,MEC LII Oblique Pyramidal,7,transition,MEC LV VI Pyramidal Polymorphic,EC LIV VI Deep Multipolar Principal,86.77596588341953
greedy_tree_simulated_annealing,MEC LII Oblique Pyramidal,8,transition,EC LIV VI Deep Multipolar Principal,LEC LVI Multipolar Pyramidal,2246.3636143897743
greedy_tree_simulated_annealing,MEC LII Oblique Pyramidal,9,transition,LEC LVI Multipolar Pyramidal,LEC LIII Multipolar Principal,304.0317537911717
greedy_tree_simulated_annealing,MEC LII Oblique Pyramidal,10,transition,LEC LIII Multipolar Principal,EC LIII Pyramidal,254.50402850154305
greedy_tree_simulated_annealing,MEC LII Oblique Pyramidal,11,transition,EC LIII Pyramidal,LEC LIII Complex Pyramidal,57.24674772751966
greedy_tree_simulated_annealing,MEC LII Oblique Pyramidal,12,transition,LEC LIII Complex Pyramidal,EC LI II Multipolar Pyramidal,244.61587010227
greedy_tree_simulated_annealing,MEC LII Oblique Pyramidal,13,transition,EC LI II Multipolar Pyramidal,MEC LIII Bipolar Complex Pyramidal,30698.001365671505
greedy_tree_simulated_annealing,MEC LII Oblique Pyramidal,14,transition,MEC LIII Bipolar Complex Pyramidal,MEC LV Multipolar Pyramidal,88.14001657842442
greedy_tree_simulated_annealing,MEC LII Oblique Pyramidal,15,transition,MEC LV Multipolar Pyramidal,MEC LV Superficial Pyramidal,138.44761428854213
greedy_tree_simulated_annealing,MEC LII Oblique Pyramidal,16,transition,MEC LV Superficial Pyramidal,EC LV Deep Pyramidal,27.333796694124377
greedy_tree_simulated_annealing,MEC LII Oblique Pyramidal,17,transition,EC LV Deep Pyramidal,EC LIII V Bipolar Pyramidal,180.4005489546849
greedy_tree_simulated_annealing,MEC LII Oblique Pyramidal,18,transition,EC LIII V Bipolar Pyramidal,EC LII III Pyramidal Tripolar,340.43569682470206
greedy_tree_simulated_annealing,MEC LII Oblique Pyramidal,19,transition,EC LII III Pyramidal Tripolar,MEC LII III Pyramidal Multiform,1991.8124765410728
greedy_tree_simulated_annealing,MEC LII Oblique Pyramidal,20,transition,MEC LII III Pyramidal Multiform,MEC LV Pyramidal,548.8069668104904
greedy_tree_simulated_annealing,MEC LII Oblique Pyramidal,21,transition,MEC LV Pyramidal,DG Granule,9568.736896643586
greedy_tree_simulated_annealing,MEC LII Oblique Pyramidal,22,transition,DG Granule,DG Mossy,44908.709978571016
greedy_tree_simulated_annealing,MEC LII Oblique Pyramidal,23,transition,DG Mossy,DG Hilar Ectopic Granule,2119.754290320353
greedy_tree_simulated_annealing,MEC LII Oblique Pyramidal,24,transition,DG Hilar Ectopic Granule,CA3 Pyramidal,0.0133035385226386
greedy_tree_simulated_annealing,MEC LII Oblique Pyramidal,25,transition,CA3 Pyramidal,CA2 Pyramidal,12467.302061608583
greedy_tree_simulated_annealing,MEC LII Oblique Pyramidal,26,transition,CA2 Pyramidal,CA1 Radiatum Giant,263.0645063940111
greedy_tree_simulated_annealing,MEC LII Stellate,3,self_connection,CA3c Pyramidal,CA3c Pyramidal,639.8640695461409
greedy_tree_simulated_annealing,MEC LII Stellate,4,self_connection,CA1 Pyramidal,CA1 Pyramidal,2793.7555172355333
greedy_tree_simulated_annealing,MEC LII Stellate,5,self_connection,MEC LV VI Pyramidal Polymorphic,MEC LV VI Pyramidal Polymorphic,1336.06008642144
greedy_tree_simulated_annealing,MEC LII Stellate,6,self_connection,EC LIV VI Deep Multipolar Principal,EC LIV VI Deep Multipolar Principal,1969.34413375272
greedy_tree_simulated_annealing,MEC LII Stellate,7,self_connection,LEC LVI Multipolar Pyramidal,LEC LVI Multipolar Pyramidal,212.6675576452901
greedy_tree_simulated_annealing,MEC LII Stellate,8,self_connection,LEC LIII Multipolar Principal,LEC LIII Multipolar Principal,496.4095848183002
greedy_tree_simulated_annealing,MEC LII Stellate,9,self_connection,LEC LIII Complex Pyramidal,LEC LIII Complex Pyramidal,744.1845437655309
greedy_tree_simulated_annealing,MEC LII Stellate,10,self_connection,EC LIII Pyramidal Stellate,EC LIII Pyramidal Stellate,360.1830629372671
greedy_tree_simulated_annealing,MEC LII Stellate,11,self_connection,MEC LIII Complex Pyramidal,MEC LIII Complex Pyramidal,1453.7180710081302
greedy_tree_simulated_annealing,MEC LII Stellate,13,self_connection,MEC LV Superficial Pyramidal,MEC LV Superficial Pyramidal,104.14348764746217
greedy_tree_simulated_annealing,MEC LII Stellate,14,self_connection,MEC LV Multipolar Pyramidal,MEC LV Multipolar Pyramidal,201.78698075346315
greedy_tree_simulated_annealing,MEC LII Stellate,15,self_connection,MEC LIII Bipolar Complex Pyramidal,MEC LIII Bipolar Complex Pyramidal,176.61548774480949
greedy_tree_simulated_annealing,MEC LII Stellate,16,self_connection,EC LI II Multipolar Pyramidal,EC LI II Multipolar Pyramidal,18296.078460202098
greedy_tree_simulated_annealing,MEC LII Stellate,17,self_connection,EC LII III Pyramidal Tripolar,EC LII III Pyramidal Tripolar,2277.297842357101
greedy_tree_simulated_annealing,MEC LII Stellate,18,self_connection,EC LIII Stellate,EC LIII Stellate,60.68453664121218
greedy_tree_simulated_annealing,MEC LII Stellate,19,self_connection,EC LIII Pyramidal,EC LIII Pyramidal,17.545063132735347
greedy_tree_simulated_annealing,MEC LII Stellate,20,self_connection,EC LV Deep Pyramidal,EC LV Deep Pyramidal,398.1782023002817
greedy_tree_simulated_annealing,MEC LII Stellate,21,self_connection,EC LIII V Bipolar Pyramidal,EC LIII V Bipolar Pyramidal,471.82519386819655
greedy_tree_simulated_annealing,MEC LII Stellate,22,self_connection,MEC LII III Pyramidal Multiform,MEC LII III Pyramidal Multiform,307.79730677822744
greedy_tree_simulated_annealing,MEC LII Stellate,23,self_connection,MEC LV Pyramidal,MEC LV Pyramidal,565.2447275074132
greedy_tree_simulated_annealing,MEC LII Stellate,25,self_connection,DG Mossy,DG Mossy,1751.260654032912
greedy_tree_simulated_annealing,MEC LII Stellate,26,self_connection,DG Hilar Ectopic Granule,DG Hilar Ectopic Granule,0.9213810801264162
greedy_tree_simulated_annealing,MEC LII Stellate,27,self_connection,CA3 Pyramidal,CA3 Pyramidal,3278.450765697168
greedy_tree_simulated_annealing,MEC LII Stellate,28,self_connection,CA2 Pyramidal,CA2 Pyramidal,2163.138288508038
greedy_tree_simulated_annealing,MEC LII Stellate,1,transition,MEC LII Stellate,CA3 Granule,19640.6765649223
greedy_tree_simulated_annealing,MEC LII Stellate,2,transition,CA3 Granule,CA3c Pyramidal,2.280811281935155
greedy_tree_simulated_annealing,MEC LII Stellate,3,transition,CA3c Pyramidal,CA1 Pyramidal,85609.60976338176
greedy_tree_simulated_annealing,MEC LII Stellate,4,transition,CA1 Pyramidal,MEC LV VI Pyramidal Polymorphic,13564.64480225756
greedy_tree_simulated_annealing,MEC LII Stellate,5,transition,MEC LV VI Pyramidal Polymorphic,EC LIV VI Deep Multipolar Principal,86.77596588341953
greedy_tree_simulated_annealing,MEC LII Stellate,6,transition,EC LIV VI Deep Multipolar Principal,LEC LVI Multipolar Pyramidal,2246.3636143897743
greedy_tree_simulated_annealing,MEC LII Stellate,7,transition,LEC LVI Multipolar Pyramidal,LEC LIII Multipolar Principal,304.0317537911717
greedy_tree_simulated_annealing,MEC LII Stellate,8,transition,LEC LIII Multipolar Principal,LEC LIII Complex Pyramidal,556.0635991085179
greedy_tree_simulated_annealing,MEC LII Stellate,9,transition,LEC LIII Complex Pyramidal,EC LIII Pyramidal Stellate,538.1000722266449
greedy_tree_simulated_annealing,MEC LII Stellate,10,transition,EC LIII Pyramidal Stellate,MEC LIII Complex Pyramidal,647.4324185181202
greedy_tree_simulated_annealing,MEC LII Stellate,11,transition,MEC LIII Complex Pyramidal,MEC LII Oblique Pyramidal,569.2148212010752
greedy_tree_simulated_annealing,MEC LII Stellate,12,transition,MEC LII Oblique Pyramidal,MEC LV Superficial Pyramidal,73.63513359542591
greedy_tree_simulated_annealing,MEC LII Stellate,13,transition,MEC LV Superficial Pyramidal,MEC LV Multipolar Pyramidal,218.5111462490885
greedy_tree_simulated_annealing,MEC LII Stellate,14,transition,MEC LV Multipolar Pyramidal,MEC LIII Bipolar Complex Pyramidal,149.07265177363325
greedy_tree_simulated_annealing,MEC LII Stellate,15,transition,MEC LIII Bipolar Complex Pyramidal,EC LI II Multipolar Pyramidal,110.84041939754674
greedy_tree_simulated_annealing,MEC LII Stellate,16,transition,EC LI II Multipolar Pyramidal,EC LII III Pyramidal Tripolar,28854.49238765121
greedy_tree_simulated_annealing,MEC LII Stellate,17,transition,EC LII III Pyramidal Tripolar,EC LIII Stellate,2760.010200610732
greedy_tree_simulated_annealing,MEC LII Stellate,18,transition,EC LIII Stellate,EC LIII Pyramidal,65.42000887199006
greedy_tree_simulated_annealing,MEC LII Stellate,19,transition,EC LIII Pyramidal,EC LV Deep Pyramidal,31.48238204973288
greedy_tree_simulated_annealing,MEC LII Stellate,20,transition,EC LV Deep Pyramidal,EC LIII V Bipolar Pyramidal,180.4005489546849
greedy_tree_simulated_annealing,MEC LII Stellate,21,transition,EC LIII V Bipolar Pyramidal,MEC LII III Pyramidal Multiform,296.4189780032186
greedy_tree_simulated_annealing,MEC LII Stellate,22,transition,MEC LII III Pyramidal Multiform,MEC LV Pyramidal,548.8069668104904
greedy_tree_simulated_annealing,MEC LII Stellate,23,transition,MEC LV Pyramidal,DG Granule,9568.736896643586
greedy_tree_simulated_annealing,MEC LII Stellate,24,transition,DG Granule,DG Mossy,44908.709978571016
greedy_tree_simulated_annealing,MEC LII Stellate,25,transition,DG Mossy,DG Hilar Ectopic Granule,2119.754290320353
greedy_tree_simulated_annealing,MEC LII Stellate,26,transition,DG Hilar Ectopic Granule,CA3 Pyramidal,0.0133035385226386
greedy_tree_simulated_annealing,MEC LII Stellate,27,transition,CA3 Pyramidal,CA2 Pyramidal,12467.302061608583
greedy_tree_simulated_annealing,MEC LII Stellate,28,transition,CA2 Pyramidal,CA1 Radiatum Giant,263.0645063940111
greedy_tree_simulated_annealing,MEC LIII Bipolar Complex Pyramidal,1,self_connection,MEC LIII Bipolar Complex Pyramidal,MEC LIII Bipolar Complex Pyramidal,176.61548774480949
greedy_tree_simulated_annealing,MEC LIII Bipolar Complex Pyramidal,2,self_connection,MEC LIII Complex Pyramidal,MEC LIII Complex Pyramidal,1453.7180710081302
greedy_tree_simulated_annealing,MEC LIII Bipolar Complex Pyramidal,5,self_connection,CA3c Pyramidal,CA3c Pyramidal,639.8640695461409
greedy_tree_simulated_annealing,MEC LIII Bipolar Complex Pyramidal,6,self_connection,CA1 Pyramidal,CA1 Pyramidal,2793.7555172355333
greedy_tree_simulated_annealing,MEC LIII Bipolar Complex Pyramidal,7,self_connection,MEC LV VI Pyramidal Polymorphic,MEC LV VI Pyramidal Polymorphic,1336.06008642144
greedy_tree_simulated_annealing,MEC LIII Bipolar Complex Pyramidal,8,self_connection,EC LIV VI Deep Multipolar Principal,EC LIV VI Deep Multipolar Principal,1969.34413375272
greedy_tree_simulated_annealing,MEC LIII Bipolar Complex Pyramidal,9,self_connection,LEC LVI Multipolar Pyramidal,LEC LVI Multipolar Pyramidal,212.6675576452901
greedy_tree_simulated_annealing,MEC LIII Bipolar Complex Pyramidal,10,self_connection,LEC LIII Multipolar Principal,LEC LIII Multipolar Principal,496.4095848183002
greedy_tree_simulated_annealing,MEC LIII Bipolar Complex Pyramidal,11,self_connection,EC LI II Multipolar Pyramidal,EC LI II Multipolar Pyramidal,18296.078460202098
greedy_tree_simulated_annealing,MEC LIII Bipolar Complex Pyramidal,12,self_connection,EC LIII Stellate,EC LIII Stellate,60.68453664121218
greedy_tree_simulated_annealing,MEC LIII Bipolar Complex Pyramidal,13,self_connection,MEC LII III Pyramidal Multiform,MEC LII III Pyramidal Multiform,307.79730677822744
greedy_tree_simulated_annealing,MEC LIII Bipolar Complex Pyramidal,14,self_connection,MEC LV Multipolar Pyramidal,MEC LV Multipolar Pyramidal,201.78698075346315
greedy_tree_simulated_annealing,MEC LIII Bipolar Complex Pyramidal,15,self_connection,MEC LV Superficial Pyramidal,MEC LV Superficial Pyramidal,104.14348764746217
greedy_tree_simulated_annealing,MEC LIII Bipolar Complex Pyramidal,16,self_connection,MEC LV Pyramidal,MEC LV Pyramidal,565.2447275074132
greedy_tree_simulated_annealing,MEC LIII Bipolar Complex Pyramidal,18,self_connection,DG Mossy,DG Mossy,1751.260654032912
greedy_tree_simulated_annealing,MEC LIII Bipolar Complex Pyramidal,19,self_connection,DG Hilar Ectopic Granule,DG Hilar Ectopic Granule,0.9213810801264162
greedy_tree_simulated_annealing,MEC LIII Bipolar Complex Pyramidal,20,self_connection,CA3 Pyramidal,CA3 Pyramidal,3278.450765697168
greedy_tree_simulated_annealing,MEC LIII Bipolar Complex Pyramidal,21,self_connection,CA2 Pyramidal,CA2 Pyramidal,2163.138288508038
greedy_tree_simulated_annealing,MEC LIII Bipolar Complex Pyramidal,1,transition,MEC LIII Bipolar Complex Pyramidal,MEC LIII Complex Pyramidal,861.1914192115519
greedy_tree_simulated_annealing,MEC LIII Bipolar Complex Pyramidal,2,transition,MEC LIII Complex Pyramidal,MEC LII Stellate,1193.0847203135872
greedy_tree_simulated_annealing,MEC LIII Bipolar Complex Pyramidal,3,transition,MEC LII Stellate,CA3 Granule,19640.6765649223
greedy_tree_simulated_annealing,MEC LIII Bipolar Complex Pyramidal,4,transition,CA3 Granule,CA3c Pyramidal,2.280811281935155
greedy_tree_simulated_annealing,MEC LIII Bipolar Complex Pyramidal,5,transition,CA3c Pyramidal,CA1 Pyramidal,85609.60976338176
greedy_tree_simulated_annealing,MEC LIII Bipolar Complex Pyramidal,6,transition,CA1 Pyramidal,MEC LV VI Pyramidal Polymorphic,13564.64480225756
greedy_tree_simulated_annealing,MEC LIII Bipolar Complex Pyramidal,7,transition,MEC LV VI Pyramidal Polymorphic,EC LIV VI Deep Multipolar Principal,86.77596588341953
greedy_tree_simulated_annealing,MEC LIII Bipolar Complex Pyramidal,8,transition,EC LIV VI Deep Multipolar Principal,LEC LVI Multipolar Pyramidal,2246.3636143897743
greedy_tree_simulated_annealing,MEC LIII Bipolar Complex Pyramidal,9,transition,LEC LVI Multipolar Pyramidal,LEC LIII Multipolar Principal,304.0317537911717
greedy_tree_simulated_annealing,MEC LIII Bipolar Complex Pyramidal,10,transition,LEC LIII Multipolar Principal,EC LI II Multipolar Pyramidal,539.4518276519966
greedy_tree_simulated_annealing,MEC LIII Bipolar Complex Pyramidal,11,transition,EC LI II Multipolar Pyramidal,EC LIII Stellate,29349.85984134182
greedy_tree_simulated_annealing,MEC LIII Bipolar Complex Pyramidal,12,transition,EC LIII Stellate,MEC LII III Pyramidal Multiform,64.21168926195364
greedy_tree_simulated_annealing,MEC LIII Bipolar Complex Pyramidal,13,transition,MEC LII III Pyramidal Multiform,MEC LV Multipolar Pyramidal,750.744376370936
greedy_tree_simulated_annealing,MEC LIII Bipolar Complex Pyramidal,14,transition,MEC LV Multipolar Pyramidal,MEC LV Superficial Pyramidal,138.44761428854213
greedy_tree_simulated_annealing,MEC LIII Bipolar Complex Pyramidal,15,transition,MEC LV Superficial Pyramidal,MEC LV Pyramidal,138.477786593687
greedy_tree_simulated_annealing,MEC LIII Bipolar Complex Pyramidal,16,transition,MEC LV Pyramidal,DG Granule,9568.736896643586
greedy_tree_simulated_annealing,MEC LIII Bipolar Complex Pyramidal,17,transition,DG Granule,DG Mossy,44908.709978571016
greedy_tree_simulated_annealing,MEC LIII Bipolar Complex Pyramidal,18,transition,DG Mossy,DG Hilar Ectopic Granule,2119.754290320353
greedy_tree_simulated_annealing,MEC LIII Bipolar Complex Pyramidal,19,transition,DG Hilar Ectopic Granule,CA3 Pyramidal,0.0133035385226386
greedy_tree_simulated_annealing,MEC LIII Bipolar Complex Pyramidal,20,transition,CA3 Pyramidal,CA2 Pyramidal,12467.302061608583
greedy_tree_simulated_annealing,MEC LIII Bipolar Complex Pyramidal,21,transition,CA2 Pyramidal,CA1 Radiatum Giant,263.0645063940111
greedy_tree_simulated_annealing,MEC LIII Complex Pyramidal,1,self_connection,MEC LIII Complex Pyramidal,MEC LIII Complex Pyramidal,1453.7180710081302
greedy_tree_simulated_annealing,MEC LIII Complex Pyramidal,4,self_connection,CA3c Pyramidal,CA3c Pyramidal,639.8640695461409
greedy_tree_simulated_annealing,MEC LIII Complex Pyramidal,5,self_connection,CA1 Pyramidal,CA1 Pyramidal,2793.7555172355333
greedy_tree_simulated_annealing,MEC LIII Complex Pyramidal,6,self_connection,MEC LV VI Pyramidal Polymorphic,MEC LV VI Pyramidal Polymorphic,1336.06008642144
greedy_tree_simulated_annealing,MEC LIII Complex Pyramidal,7,self_connection,EC LIV VI Deep Multipolar Principal,EC LIV VI Deep Multipolar Principal,1969.34413375272
greedy_tree_simulated_annealing,MEC LIII Complex Pyramidal,8,self_connection,LEC LVI Multipolar Pyramidal,LEC LVI Multipolar Pyramidal,212.6675576452901
greedy_tree_simulated_annealing,MEC LIII Complex Pyramidal,9,self_connection,LEC LIII Multipolar Principal,LEC LIII Multipolar Principal,496.4095848183002
greedy_tree_simulated_annealing,MEC LIII Complex Pyramidal,10,self_connection,EC LI II Multipolar Pyramidal,EC LI II Multipolar Pyramidal,18296.078460202098
greedy_tree_simulated_annealing,MEC LIII Complex Pyramidal,11,self_connection,EC LII III Pyramidal Tripolar,EC LII III Pyramidal Tripolar,2277.297842357101
greedy_tree_simulated_annealing,MEC LIII Complex Pyramidal,12,self_connection,EC LIII Stellate,EC LIII Stellate,60.68453664121218
greedy_tree_simulated_annealing,MEC LIII Complex Pyramidal,13,self_connection,LEC LIII Complex Pyramidal,LEC LIII Complex Pyramidal,744.1845437655309
greedy_tree_simulated_annealing,MEC LIII Complex Pyramidal,14,self_connection,EC LIII Pyramidal Stellate,EC LIII Pyramidal Stellate,360.1830629372671
greedy_tree_simulated_annealing,MEC LIII Complex Pyramidal,15,self_connection,MEC LIII Bipolar Complex Pyramidal,MEC LIII Bipolar Complex Pyramidal,176.61548774480949
greedy_tree_simulated_annealing,MEC LIII Complex Pyramidal,16,self_connection,MEC LII III Pyramidal Multiform,MEC LII III Pyramidal Multiform,307.79730677822744
greedy_tree_simulated_annealing,MEC LIII Complex Pyramidal,17,self_connection,MEC LV Multipolar Pyramidal,MEC LV Multipolar Pyramidal,201.78698075346315
greedy_tree_simulated_annealing,MEC LIII Complex Pyramidal,18,self_connection,MEC LV Superficial Pyramidal,MEC LV Superficial Pyramidal,104.14348764746217
greedy_tree_simulated_annealing,MEC LIII Complex Pyramidal,19,self_connection,MEC LV Pyramidal,MEC LV Pyramidal,565.2447275074132
greedy_tree_simulated_annealing,MEC LIII Complex Pyramidal,21,self_connection,DG Mossy,DG Mossy,1751.260654032912
greedy_tree_simulated_annealing,MEC LIII Complex Pyramidal,22,self_connection,DG Hilar Ectopic Granule,DG Hilar Ectopic Granule,0.9213810801264162
greedy_tree_simulated_annealing,MEC LIII Complex Pyramidal,23,self_connection,CA3 Pyramidal,CA3 Pyramidal,3278.450765697168
greedy_tree_simulated_annealing,MEC LIII Complex Pyramidal,24,self_connection,CA2 Pyramidal,CA2 Pyramidal,2163.138288508038
greedy_tree_simulated_annealing,MEC LIII Complex Pyramidal,1,transition,MEC LIII Complex Pyramidal,MEC LII Stellate,1193.0847203135872
greedy_tree_simulated_annealing,MEC LIII Complex Pyramidal,2,transition,MEC LII Stellate,CA3 Granule,19640.6765649223
greedy_tree_simulated_annealing,MEC LIII Complex Pyramidal,3,transition,CA3 Granule,CA3c Pyramidal,2.280811281935155
greedy_tree_simulated_annealing,MEC LIII Complex Pyramidal,4,transition,CA3c Pyramidal,CA1 Pyramidal,85609.60976338176
greedy_tree_simulated_annealing,MEC LIII Complex Pyramidal,5,transition,CA1 Pyramidal,MEC LV VI Pyramidal Polymorphic,13564.64480225756
greedy_tree_simulated_annealing,MEC LIII Complex Pyramidal,6,transition,MEC LV VI Pyramidal Polymorphic,EC LIV VI Deep Multipolar Principal,86.77596588341953
greedy_tree_simulated_annealing,MEC LIII Complex Pyramidal,7,transition,EC LIV VI Deep Multipolar Principal,LEC LVI Multipolar Pyramidal,2246.3636143897743
greedy_tree_simulated_annealing,MEC LIII Complex Pyramidal,8,transition,LEC LVI Multipolar Pyramidal,LEC LIII Multipolar Principal,304.0317537911717
greedy_tree_simulated_annealing,MEC LIII Complex Pyramidal,9,transition,LEC LIII Multipolar Principal,EC LI II Multipolar Pyramidal,539.4518276519966
greedy_tree_simulated_annealing,MEC LIII Complex Pyramidal,10,transition,EC LI II Multipolar Pyramidal,EC LII III Pyramidal Tripolar,28854.49238765121
greedy_tree_simulated_annealing,MEC LIII Complex Pyramidal,11,transition,EC LII III Pyramidal Tripolar,EC LIII Stellate,2760.010200610732
greedy_tree_simulated_annealing,MEC LIII Complex Pyramidal,12,transition,EC LIII Stellate,LEC LIII Complex Pyramidal,54.00019845163271
greedy_tree_simulated_annealing,MEC LIII Complex Pyramidal,13,transition,LEC LIII Complex Pyramidal,EC LIII Pyramidal Stellate,538.1000722266449
greedy_tree_simulated_annealing,MEC LIII Complex Pyramidal,14,transition,EC LIII Pyramidal Stellate,MEC LIII Bipolar Complex Pyramidal,418.9168875087689
greedy_tree_simulated_annealing,MEC LIII Complex Pyramidal,15,transition,MEC LIII Bipolar Complex Pyramidal,MEC LII III Pyramidal Multiform,156.10322882603091
greedy_tree_simulated_annealing,MEC LIII Complex Pyramidal,16,transition,MEC LII III Pyramidal Multiform,MEC LV Multipolar Pyramidal,750.744376370936
greedy_tree_simulated_annealing,MEC LIII Complex Pyramidal,17,transition,MEC LV Multipolar Pyramidal,MEC LV Superficial Pyramidal,138.44761428854213
greedy_tree_simulated_annealing,MEC LIII Complex Pyramidal,18,transition,MEC LV Superficial Pyramidal,MEC LV Pyramidal,138.477786593687
greedy_tree_simulated_annealing,MEC LIII Complex Pyramidal,19,transition,MEC LV Pyramidal,DG Granule,9568.736896643586
greedy_tree_simulated_annealing,MEC LIII Complex Pyramidal,20,transition,DG Granule,DG Mossy,44908.709978571016
greedy_tree_simulated_annealing,MEC LIII Complex Pyramidal,21,transition,DG Mossy,DG Hilar Ectopic Granule,2119.754290320353
greedy_tree_simulated_annealing,MEC LIII Complex Pyramidal,22,transition,DG Hilar Ectopic Granule,CA3 Pyramidal,0.0133035385226386
greedy_tree_simulated_annealing,MEC LIII Complex Pyramidal,23,transition,CA3 Pyramidal,CA2 Pyramidal,12467.302061608583
greedy_tree_simulated_annealing,MEC LIII Complex Pyramidal,24,transition,CA2 Pyramidal,CA1 Radiatum Giant,263.0645063940111
greedy_tree_simulated_annealing,MEC LV Multipolar Pyramidal,1,self_connection,MEC LV Multipolar Pyramidal,MEC LV Multipolar Pyramidal,201.78698075346315
greedy_tree_simulated_annealing,MEC LV Multipolar Pyramidal,2,self_connection,MEC LIII Complex Pyramidal,MEC LIII Complex Pyramidal,1453.7180710081302
greedy_tree_simulated_annealing,MEC LV Multipolar Pyramidal,5,self_connection,CA3c Pyramidal,CA3c Pyramidal,639.8640695461409
greedy_tree_simulated_annealing,MEC LV Multipolar Pyramidal,6,self_connection,CA1 Pyramidal,CA1 Pyramidal,2793.7555172355333
greedy_tree_simulated_annealing,MEC LV Multipolar Pyramidal,7,self_connection,MEC LV VI Pyramidal Polymorphic,MEC LV VI Pyramidal Polymorphic,1336.06008642144
greedy_tree_simulated_annealing,MEC LV Multipolar Pyramidal,8,self_connection,EC LIV VI Deep Multipolar Principal,EC LIV VI Deep Multipolar Principal,1969.34413375272
greedy_tree_simulated_annealing,MEC LV Multipolar Pyramidal,9,self_connection,LEC LVI Multipolar Pyramidal,LEC LVI Multipolar Pyramidal,212.6675576452901
greedy_tree_simulated_annealing,MEC LV Multipolar Pyramidal,10,self_connection,LEC LIII Multipolar Principal,LEC LIII Multipolar Principal,496.4095848183002
greedy_tree_simulated_annealing,MEC LV Multipolar Pyramidal,11,self_connection,LEC LIII Complex Pyramidal,LEC LIII Complex Pyramidal,744.1845437655309
greedy_tree_simulated_annealing,MEC LV Multipolar Pyramidal,12,self_connection,EC LIII Pyramidal Stellate,EC LIII Pyramidal Stellate,360.1830629372671
greedy_tree_simulated_annealing,MEC LV Multipolar Pyramidal,13,self_connection,MEC LIII Bipolar Complex Pyramidal,MEC LIII Bipolar Complex Pyramidal,176.61548774480949
greedy_tree_simulated_annealing,MEC LV Multipolar Pyramidal,14,self_connection,MEC LII III Pyramidal Multiform,MEC LII III Pyramidal Multiform,307.79730677822744
greedy_tree_simulated_annealing,MEC LV Multipolar Pyramidal,15,self_connection,EC LI II Multipolar Pyramidal,EC LI II Multipolar Pyramidal,18296.078460202098
greedy_tree_simulated_annealing,MEC LV Multipolar Pyramidal,16,self_connection,EC LII III Pyramidal Tripolar,EC LII III Pyramidal Tripolar,2277.297842357101
greedy_tree_simulated_annealing,MEC LV Multipolar Pyramidal,17,self_connection,EC LIII Stellate,EC LIII Stellate,60.68453664121218
greedy_tree_simulated_annealing,MEC LV Multipolar Pyramidal,18,self_connection,EC LIII Pyramidal,EC LIII Pyramidal,17.545063132735347
greedy_tree_simulated_annealing,MEC LV Multipolar Pyramidal,19,self_connection,EC LV Deep Pyramidal,EC LV Deep Pyramidal,398.1782023002817
greedy_tree_simulated_annealing,MEC LV Multipolar Pyramidal,20,self_connection,EC LIII V Bipolar Pyramidal,EC LIII V Bipolar Pyramidal,471.82519386819655
greedy_tree_simulated_annealing,MEC LV Multipolar Pyramidal,21,self_connection,MEC LV Superficial Pyramidal,MEC LV Superficial Pyramidal,104.14348764746217
greedy_tree_simulated_annealing,MEC LV Multipolar Pyramidal,22,self_connection,MEC LV Pyramidal,MEC LV Pyramidal,565.2447275074132
greedy_tree_simulated_annealing,MEC LV Multipolar Pyramidal,24,self_connection,DG Mossy,DG Mossy,1751.260654032912
greedy_tree_simulated_annealing,MEC LV Multipolar Pyramidal,25,self_connection,DG Hilar Ectopic Granule,DG Hilar Ectopic Granule,0.9213810801264162
greedy_tree_simulated_annealing,MEC LV Multipolar Pyramidal,26,self_connection,CA3 Pyramidal,CA3 Pyramidal,3278.450765697168
greedy_tree_simulated_annealing,MEC LV Multipolar Pyramidal,27,self_connection,CA2 Pyramidal,CA2 Pyramidal,2163.138288508038
greedy_tree_simulated_annealing,MEC LV Multipolar Pyramidal,1,transition,MEC LV Multipolar Pyramidal,MEC LIII Complex Pyramidal,457.2402797600769
greedy_tree_simulated_annealing,MEC LV Multipolar Pyramidal,2,transition,MEC LIII Complex Pyramidal,MEC LII Stellate,1193.0847203135872
greedy_tree_simulated_annealing,MEC LV Multipolar Pyramidal,3,transition,MEC LII Stellate,CA3 Granule,19640.6765649223
greedy_tree_simulated_annealing,MEC LV Multipolar Pyramidal,4,transition,CA3 Granule,CA3c Pyramidal,2.280811281935155
greedy_tree_simulated_annealing,MEC LV Multipolar Pyramidal,5,transition,CA3c Pyramidal,CA1 Pyramidal,85609.60976338176
greedy_tree_simulated_annealing,MEC LV Multipolar Pyramidal,6,transition,CA1 Pyramidal,MEC LV VI Pyramidal Polymorphic,13564.64480225756
greedy_tree_simulated_annealing,MEC LV Multipolar Pyramidal,7,transition,MEC LV VI Pyramidal Polymorphic,EC LIV VI Deep Multipolar Principal,86.77596588341953
greedy_tree_simulated_annealing,MEC LV Multipolar Pyramidal,8,transition,EC LIV VI Deep Multipolar Principal,LEC LVI Multipolar Pyramidal,2246.3636143897743
greedy_tree_simulated_annealing,MEC LV Multipolar Pyramidal,9,transition,LEC LVI Multipolar Pyramidal,LEC LIII Multipolar Principal,304.0317537911717
greedy_tree_simulated_annealing,MEC LV Multipolar Pyramidal,10,transition,LEC LIII Multipolar Principal,LEC LIII Complex Pyramidal,556.0635991085179
greedy_tree_simulated_annealing,MEC LV Multipolar Pyramidal,11,transition,LEC LIII Complex Pyramidal,EC LIII Pyramidal Stellate,538.1000722266449
greedy_tree_simulated_annealing,MEC LV Multipolar Pyramidal,12,transition,EC LIII Pyramidal Stellate,MEC LIII Bipolar Complex Pyramidal,418.9168875087689
greedy_tree_simulated_annealing,MEC LV Multipolar Pyramidal,13,transition,MEC LIII Bipolar Complex Pyramidal,MEC LII III Pyramidal Multiform,156.10322882603091
greedy_tree_simulated_annealing,MEC LV Multipolar Pyramidal,14,transition,MEC LII III Pyramidal Multiform,EC LI II Multipolar Pyramidal,103.82452256660702
greedy_tree_simulated_annealing,MEC LV Multipolar Pyramidal,15,transition,EC LI II Multipolar Pyramidal,EC LII III Pyramidal Tripolar,28854.49238765121
greedy_tree_simulated_annealing,MEC LV Multipolar Pyramidal,16,transition,EC LII III Pyramidal Tripolar,EC LIII Stellate,2760.010200610732
greedy_tree_simulated_annealing,MEC LV Multipolar Pyramidal,17,transition,EC LIII Stellate,EC LIII Pyramidal,65.42000887199006
greedy_tree_simulated_annealing,MEC LV Multipolar Pyramidal,18,transition,EC LIII Pyramidal,EC LV Deep Pyramidal,31.48238204973288
greedy_tree_simulated_annealing,MEC LV Multipolar Pyramidal,19,transition,EC LV Deep Pyramidal,EC LIII V Bipolar Pyramidal,180.4005489546849
greedy_tree_simulated_annealing,MEC LV Multipolar Pyramidal,20,transition,EC LIII V Bipolar Pyramidal,MEC LV Superficial Pyramidal,384.0111387577682
greedy_tree_simulated_annealing,MEC LV Multipolar Pyramidal,21,transition,MEC LV Superficial Pyramidal,MEC LV Pyramidal,138.477786593687
greedy_tree_simulated_annealing,MEC LV Multipolar Pyramidal,22,transition,MEC LV Pyramidal,DG Granule,9568.736896643586
greedy_tree_simulated_annealing,MEC LV Multipolar Pyramidal,23,transition,DG Granule,DG Mossy,44908.709978571016
greedy_tree_simulated_annealing,MEC LV Multipolar Pyramidal,24,transition,DG Mossy,DG Hilar Ectopic Granule,2119.754290320353
greedy_tree_simulated_annealing,MEC LV Multipolar Pyramidal,25,transition,DG Hilar Ectopic Granule,CA3 Pyramidal,0.0133035385226386
greedy_tree_simulated_annealing,MEC LV Multipolar Pyramidal,26,transition,CA3 Pyramidal,CA2 Pyramidal,12467.302061608583
greedy_tree_simulated_annealing,MEC LV Multipolar Pyramidal,27,transition,CA2 Pyramidal,CA1 Radiatum Giant,263.0645063940111
greedy_tree_simulated_annealing,MEC LV Pyramidal,1,self_connection,MEC LV Pyramidal,MEC LV Pyramidal,565.2447275074132
greedy_tree_simulated_annealing,MEC LV Pyramidal,3,self_connection,DG Mossy,DG Mossy,1751.260654032912
greedy_tree_simulated_annealing,MEC LV Pyramidal,4,self_connection,DG Hilar Ectopic Granule,DG Hilar Ectopic Granule,0.9213810801264162
greedy_tree_simulated_annealing,MEC LV Pyramidal,5,self_connection,CA3c Pyramidal,CA3c Pyramidal,639.8640695461409
greedy_tree_simulated_annealing,MEC LV Pyramidal,6,self_connection,CA1 Pyramidal,CA1 Pyramidal,2793.7555172355333
greedy_tree_simulated_annealing,MEC LV Pyramidal,7,self_connection,MEC LV VI Pyramidal Polymorphic,MEC LV VI Pyramidal Polymorphic,1336.06008642144
greedy_tree_simulated_annealing,MEC LV Pyramidal,8,self_connection,EC LV Deep Pyramidal,EC LV Deep Pyramidal,398.1782023002817
greedy_tree_simulated_annealing,MEC LV Pyramidal,9,self_connection,EC LIV VI Deep Multipolar Principal,EC LIV VI Deep Multipolar Principal,1969.34413375272
greedy_tree_simulated_annealing,MEC LV Pyramidal,10,self_connection,LEC LVI Multipolar Pyramidal,LEC LVI Multipolar Pyramidal,212.6675576452901
greedy_tree_simulated_annealing,MEC LV Pyramidal,11,self_connection,LEC LIII Multipolar Principal,LEC LIII Multipolar Principal,496.4095848183002
greedy_tree_simulated_annealing,MEC LV Pyramidal,12,self_connection,LEC LIII Complex Pyramidal,LEC LIII Complex Pyramidal,744.1845437655309
greedy_tree_simulated_annealing,MEC LV Pyramidal,13,self_connection,EC LII III Pyramidal Tripolar,EC LII III Pyramidal Tripolar,2277.297842357101
greedy_tree_simulated_annealing,MEC LV Pyramidal,14,self_connection,EC LI II Multipolar Pyramidal,EC LI II Multipolar Pyramidal,18296.078460202098
greedy_tree_simulated_annealing,MEC LV Pyramidal,15,self_connection,MEC LIII Bipolar Complex Pyramidal,MEC LIII Bipolar Complex Pyramidal,176.61548774480949
greedy_tree_simulated_annealing,MEC LV Pyramidal,16,self_connection,MEC LIII Complex Pyramidal,MEC LIII Complex Pyramidal,1453.7180710081302
greedy_tree_simulated_annealing,MEC LV Pyramidal,19,self_connection,CA3 Pyramidal,CA3 Pyramidal,3278.450765697168
greedy_tree_simulated_annealing,MEC LV Pyramidal,20,self_connection,CA2 Pyramidal,CA2 Pyramidal,2163.138288508038
greedy_tree_simulated_annealing,MEC LV Pyramidal,1,transition,MEC LV Pyramidal,DG Granule,9568.736896643586
greedy_tree_simulated_annealing,MEC LV Pyramidal,2,transition,DG Granule,DG Mossy,44908.709978571016
greedy_tree_simulated_annealing,MEC LV Pyramidal,3,transition,DG Mossy,DG Hilar Ectopic Granule,2119.754290320353
greedy_tree_simulated_annealing,MEC LV Pyramidal,4,transition,DG Hilar Ectopic Granule,CA3c Pyramidal,0.0550567880071112
greedy_tree_simulated_annealing,MEC LV Pyramidal,5,transition,CA3c Pyramidal,CA1 Pyramidal,85609.60976338176
greedy_tree_simulated_annealing,MEC LV Pyramidal,6,transition,CA1 Pyramidal,MEC LV VI Pyramidal Polymorphic,13564.64480225756
greedy_tree_simulated_annealing,MEC LV Pyramidal,7,transition,MEC LV VI Pyramidal Polymorphic,EC LV Deep Pyramidal,78.22850736136446
greedy_tree_simulated_annealing,MEC LV Pyramidal,8,transition,EC LV Deep Pyramidal,EC LIV VI Deep Multipolar Principal,326.6081416722669
greedy_tree_simulated_annealing,MEC LV Pyramidal,9,transition,EC LIV VI Deep Multipolar Principal,LEC LVI Multipolar Pyramidal,2246.3636143897743
greedy_tree_simulated_annealing,MEC LV Pyramidal,10,transition,LEC LVI Multipolar Pyramidal,LEC LIII Multipolar Principal,304.0317537911717
greedy_tree_simulated_annealing,MEC LV Pyramidal,11,transition,LEC LIII Multipolar Principal,LEC LIII Complex Pyramidal,556.0635991085179
greedy_tree_simulated_annealing,MEC LV Pyramidal,12,transition,LEC LIII Complex Pyramidal,EC LII III Pyramidal Tripolar,366.36278097895246
greedy_tree_simulated_annealing,MEC LV Pyramidal,13,transition,EC LII III Pyramidal Tripolar,EC LI II Multipolar Pyramidal,4216.395703649579
greedy_tree_simulated_annealing,MEC LV Pyramidal,14,transition,EC LI II Multipolar Pyramidal,MEC LIII Bipolar Complex Pyramidal,30698.001365671505
greedy_tree_simulated_annealing,MEC LV Pyramidal,15,transition,MEC LIII Bipolar Complex Pyramidal,MEC LIII Complex Pyramidal,861.1914192115519
greedy_tree_simulated_annealing,MEC LV Pyramidal,16,transition,MEC LIII Complex Pyramidal,MEC LII Stellate,1193.0847203135872
greedy_tree_simulated_annealing,MEC LV Pyramidal,17,transition,MEC LII Stellate,CA3 Granule,19640.6765649223
greedy_tree_simulated_annealing,MEC LV Pyramidal,18,transition,CA3 Granule,CA3 Pyramidal,0.942018883295193
greedy_tree_simulated_annealing,MEC LV Pyramidal,19,transition,CA3 Pyramidal,CA2 Pyramidal,12467.302061608583
greedy_tree_simulated_annealing,MEC LV Pyramidal,20,transition,CA2 Pyramidal,CA1 Radiatum Giant,263.0645063940111
greedy_tree_simulated_annealing,MEC LV Superficial Pyramidal,1,self_connection,MEC LV Superficial Pyramidal,MEC LV Superficial Pyramidal,104.14348764746217
greedy_tree_simulated_annealing,MEC LV Superficial Pyramidal,2,self_connection,MEC LIII Complex Pyramidal,MEC LIII Complex Pyramidal,1453.7180710081302
greedy_tree_simulated_annealing,MEC LV Superficial Pyramidal,5,self_connection,CA3c Pyramidal,CA3c Pyramidal,639.8640695461409
greedy_tree_simulated_annealing,MEC LV Superficial Pyramidal,6,self_connection,CA1 Pyramidal,CA1 Pyramidal,2793.7555172355333
greedy_tree_simulated_annealing,MEC LV Superficial Pyramidal,7,self_connection,MEC LV VI Pyramidal Polymorphic,MEC LV VI Pyramidal Polymorphic,1336.06008642144
greedy_tree_simulated_annealing,MEC LV Superficial Pyramidal,8,self_connection,EC LIV VI Deep Multipolar Principal,EC LIV VI Deep Multipolar Principal,1969.34413375272
greedy_tree_simulated_annealing,MEC LV Superficial Pyramidal,9,self_connection,LEC LVI Multipolar Pyramidal,LEC LVI Multipolar Pyramidal,212.6675576452901
greedy_tree_simulated_annealing,MEC LV Superficial Pyramidal,10,self_connection,LEC LIII Multipolar Principal,LEC LIII Multipolar Principal,496.4095848183002
greedy_tree_simulated_annealing,MEC LV Superficial Pyramidal,11,self_connection,LEC LIII Complex Pyramidal,LEC LIII Complex Pyramidal,744.1845437655309
greedy_tree_simulated_annealing,MEC LV Superficial Pyramidal,12,self_connection,EC LIII Pyramidal Stellate,EC LIII Pyramidal Stellate,360.1830629372671
greedy_tree_simulated_annealing,MEC LV Superficial Pyramidal,13,self_connection,MEC LIII Bipolar Complex Pyramidal,MEC LIII Bipolar Complex Pyramidal,176.61548774480949
greedy_tree_simulated_annealing,MEC LV Superficial Pyramidal,14,self_connection,EC LI II Pyramidal Fan,EC LI II Pyramidal Fan,370.7544610085407
greedy_tree_simulated_annealing,MEC LV Superficial Pyramidal,15,self_connection,EC LI II Multipolar Pyramidal,EC LI II Multipolar Pyramidal,18296.078460202098
greedy_tree_simulated_annealing,MEC LV Superficial Pyramidal,16,self_connection,EC LII III Pyramidal Tripolar,EC LII III Pyramidal Tripolar,2277.297842357101
greedy_tree_simulated_annealing,MEC LV Superficial Pyramidal,17,self_connection,MEC LII III Pyramidal Multiform,MEC LII III Pyramidal Multiform,307.79730677822744
greedy_tree_simulated_annealing,MEC LV Superficial Pyramidal,18,self_connection,MEC LV Multipolar Pyramidal,MEC LV Multipolar Pyramidal,201.78698075346315
greedy_tree_simulated_annealing,MEC LV Superficial Pyramidal,19,self_connection,EC LIII Stellate,EC LIII Stellate,60.68453664121218
greedy_tree_simulated_annealing,MEC LV Superficial Pyramidal,20,self_connection,EC LIII Pyramidal,EC LIII Pyramidal,17.545063132735347
greedy_tree_simulated_annealing,MEC LV Superficial Pyramidal,21,self_connection,EC LIII V Bipolar Pyramidal,EC LIII V Bipolar Pyramidal,471.82519386819655
greedy_tree_simulated_annealing,MEC LV Superficial Pyramidal,22,self_connection,EC LV Deep Pyramidal,EC LV Deep Pyramidal,398.1782023002817
greedy_tree_simulated_annealing,MEC LV Superficial Pyramidal,23,self_connection,MEC LV Pyramidal,MEC LV Pyramidal,565.2447275074132
greedy_tree_simulated_annealing,MEC LV Superficial Pyramidal,25,self_connection,DG Mossy,DG Mossy,1751.260654032912
greedy_tree_simulated_annealing,MEC LV Superficial Pyramidal,26,self_connection,DG Hilar Ectopic Granule,DG Hilar Ectopic Granule,0.9213810801264162
greedy_tree_simulated_annealing,MEC LV Superficial Pyramidal,27,self_connection,CA3 Pyramidal,CA3 Pyramidal,3278.450765697168
greedy_tree_simulated_annealing,MEC LV Superficial Pyramidal,28,self_connection,CA2 Pyramidal,CA2 Pyramidal,2163.138288508038
greedy_tree_simulated_annealing,MEC LV Superficial Pyramidal,1,transition,MEC LV Superficial Pyramidal,MEC LIII Complex Pyramidal,495.9622533998108
greedy_tree_simulated_annealing,MEC LV Superficial Pyramidal,2,transition,MEC LIII Complex Pyramidal,MEC LII Stellate,1193.0847203135872
greedy_tree_simulated_annealing,MEC LV Superficial Pyramidal,3,transition,MEC LII Stellate,CA3 Granule,19640.6765649223
greedy_tree_simulated_annealing,MEC LV Superficial Pyramidal,4,transition,CA3 Granule,CA3c Pyramidal,2.280811281935155
greedy_tree_simulated_annealing,MEC LV Superficial Pyramidal,5,transition,CA3c Pyramidal,CA1 Pyramidal,85609.60976338176
greedy_tree_simulated_annealing,MEC LV Superficial Pyramidal,6,transition,CA1 Pyramidal,MEC LV VI Pyramidal Polymorphic,13564.64480225756
greedy_tree_simulated_annealing,MEC LV Superficial Pyramidal,7,transition,MEC LV VI Pyramidal Polymorphic,EC LIV VI Deep Multipolar Principal,86.77596588341953
greedy_tree_simulated_annealing,MEC LV Superficial Pyramidal,8,transition,EC LIV VI Deep Multipolar Principal,LEC LVI Multipolar Pyramidal,2246.3636143897743
greedy_tree_simulated_annealing,MEC LV Superficial Pyramidal,9,transition,LEC LVI Multipolar Pyramidal,LEC LIII Multipolar Principal,304.0317537911717
greedy_tree_simulated_annealing,MEC LV Superficial Pyramidal,10,transition,LEC LIII Multipolar Principal,LEC LIII Complex Pyramidal,556.0635991085179
greedy_tree_simulated_annealing,MEC LV Superficial Pyramidal,11,transition,LEC LIII Complex Pyramidal,EC LIII Pyramidal Stellate,538.1000722266449
greedy_tree_simulated_annealing,MEC LV Superficial Pyramidal,12,transition,EC LIII Pyramidal Stellate,MEC LIII Bipolar Complex Pyramidal,418.9168875087689
greedy_tree_simulated_annealing,MEC LV Superficial Pyramidal,13,transition,MEC LIII Bipolar Complex Pyramidal,EC LI II Pyramidal Fan,6.439268930923632
greedy_tree_simulated_annealing,MEC LV Superficial Pyramidal,14,transition,EC LI II Pyramidal Fan,EC LI II Multipolar Pyramidal,7472.437106847604
greedy_tree_simulated_annealing,MEC LV Superficial Pyramidal,15,transition,EC LI II Multipolar Pyramidal,EC LII III Pyramidal Tripolar,28854.49238765121
greedy_tree_simulated_annealing,MEC LV Superficial Pyramidal,16,transition,EC LII III Pyramidal Tripolar,MEC LII III Pyramidal Multiform,1991.8124765410728
greedy_tree_simulated_annealing,MEC LV Superficial Pyramidal,17,transition,MEC LII III Pyramidal Multiform,MEC LV Multipolar Pyramidal,750.744376370936
greedy_tree_simulated_annealing,MEC LV Superficial Pyramidal,18,transition,MEC LV Multipolar Pyramidal,EC LIII Stellate,32.21117840203443
greedy_tree_simulated_annealing,MEC LV Superficial Pyramidal,19,transition,EC LIII Stellate,EC LIII Pyramidal,65.42000887199006
greedy_tree_simulated_annealing,MEC LV Superficial Pyramidal,20,transition,EC LIII Pyramidal,EC LIII V Bipolar Pyramidal,34.402964559753684
greedy_tree_simulated_annealing,MEC LV Superficial Pyramidal,21,transition,EC LIII V Bipolar Pyramidal,EC LV Deep Pyramidal,430.7344261554038
greedy_tree_simulated_annealing,MEC LV Superficial Pyramidal,22,transition,EC LV Deep Pyramidal,MEC LV Pyramidal,172.39609835538727
greedy_tree_simulated_annealing,MEC LV Superficial Pyramidal,23,transition,MEC LV Pyramidal,DG Granule,9568.736896643586
greedy_tree_simulated_annealing,MEC LV Superficial Pyramidal,24,transition,DG Granule,DG Mossy,44908.709978571016
greedy_tree_simulated_annealing,MEC LV Superficial Pyramidal,25,transition,DG Mossy,DG Hilar Ectopic Granule,2119.754290320353
greedy_tree_simulated_annealing,MEC LV Superficial Pyramidal,26,transition,DG Hilar Ectopic Granule,CA3 Pyramidal,0.0133035385226386
greedy_tree_simulated_annealing,MEC LV Superficial Pyramidal,27,transition,CA3 Pyramidal,CA2 Pyramidal,12467.302061608583
greedy_tree_simulated_annealing,MEC LV Superficial Pyramidal,28,transition,CA2 Pyramidal,CA1 Radiatum Giant,263.0645063940111
greedy_tree_simulated_annealing,MEC LV VI Pyramidal Polymorphic,1,self_connection,MEC LV VI Pyramidal Polymorphic,MEC LV VI Pyramidal Polymorphic,1336.06008642144
greedy_tree_simulated_annealing,MEC LV VI Pyramidal Polymorphic,2,self_connection,EC LIV VI Deep Multipolar Principal,EC LIV VI Deep Multipolar Principal,1969.34413375272
greedy_tree_simulated_annealing,MEC LV VI Pyramidal Polymorphic,3,self_connection,LEC LIII Multipolar Principal,LEC LIII Multipolar Principal,496.4095848183002
greedy_tree_simulated_annealing,MEC LV VI Pyramidal Polymorphic,4,self_connection,EC LI II Multipolar Pyramidal,EC LI II Multipolar Pyramidal,18296.078460202098
greedy_tree_simulated_annealing,MEC LV VI Pyramidal Polymorphic,5,self_connection,EC LII III Pyramidal Tripolar,EC LII III Pyramidal Tripolar,2277.297842357101
greedy_tree_simulated_annealing,MEC LV VI Pyramidal Polymorphic,8,self_connection,CA3c Pyramidal,CA3c Pyramidal,639.8640695461409
greedy_tree_simulated_annealing,MEC LV VI Pyramidal Polymorphic,9,self_connection,CA1 Pyramidal,CA1 Pyramidal,2793.7555172355333
greedy_tree_simulated_annealing,MEC LV VI Pyramidal Polymorphic,10,self_connection,LEC LVI Multipolar Pyramidal,LEC LVI Multipolar Pyramidal,212.6675576452901
greedy_tree_simulated_annealing,MEC LV VI Pyramidal Polymorphic,11,self_connection,LEC LIII Complex Pyramidal,LEC LIII Complex Pyramidal,744.1845437655309
greedy_tree_simulated_annealing,MEC LV VI Pyramidal Polymorphic,12,self_connection,EC LIII Pyramidal Stellate,EC LIII Pyramidal Stellate,360.1830629372671
greedy_tree_simulated_annealing,MEC LV VI Pyramidal Polymorphic,13,self_connection,MEC LIII Complex Pyramidal,MEC LIII Complex Pyramidal,1453.7180710081302
greedy_tree_simulated_annealing,MEC LV VI Pyramidal Polymorphic,14,self_connection,MEC LII III Pyramidal Multiform,MEC LII III Pyramidal Multiform,307.79730677822744
greedy_tree_simulated_annealing,MEC LV VI Pyramidal Polymorphic,15,self_connection,MEC LV Multipolar Pyramidal,MEC LV Multipolar Pyramidal,201.78698075346315
greedy_tree_simulated_annealing,MEC LV VI Pyramidal Polymorphic,16,self_connection,MEC LV Superficial Pyramidal,MEC LV Superficial Pyramidal,104.14348764746217
greedy_tree_simulated_annealing,MEC LV VI Pyramidal Polymorphic,17,self_connection,MEC LIII Bipolar Complex Pyramidal,MEC LIII Bipolar Complex Pyramidal,176.61548774480949
greedy_tree_simulated_annealing,MEC LV VI Pyramidal Polymorphic,19,self_connection,EC LIII Pyramidal,EC LIII Pyramidal,17.545063132735347
greedy_tree_simulated_annealing,MEC LV VI Pyramidal Polymorphic,20,self_connection,EC LIII V Bipolar Pyramidal,EC LIII V Bipolar Pyramidal,471.82519386819655
greedy_tree_simulated_annealing,MEC LV VI Pyramidal Polymorphic,21,self_connection,EC LV Deep Pyramidal,EC LV Deep Pyramidal,398.1782023002817
greedy_tree_simulated_annealing,MEC LV VI Pyramidal Polymorphic,22,self_connection,MEC LV Pyramidal,MEC LV Pyramidal,565.2447275074132
greedy_tree_simulated_annealing,MEC LV VI Pyramidal Polymorphic,24,self_connection,DG Mossy,DG Mossy,1751.260654032912
greedy_tree_simulated_annealing,MEC LV VI Pyramidal Polymorphic,25,self_connection,DG Hilar Ectopic Granule,DG Hilar Ectopic Granule,0.9213810801264162
greedy_tree_simulated_annealing,MEC LV VI Pyramidal Polymorphic,26,self_connection,CA3 Pyramidal,CA3 Pyramidal,3278.450765697168
greedy_tree_simulated_annealing,MEC LV VI Pyramidal Polymorphic,27,self_connection,CA2 Pyramidal,CA2 Pyramidal,2163.138288508038
greedy_tree_simulated_annealing,MEC LV VI Pyramidal Polymorphic,1,transition,MEC LV VI Pyramidal Polymorphic,EC LIV VI Deep Multipolar Principal,86.77596588341953
greedy_tree_simulated_annealing,MEC LV VI Pyramidal Polymorphic,2,transition,EC LIV VI Deep Multipolar Principal,LEC LIII Multipolar Principal,1887.6870292903488
greedy_tree_simulated_annealing,MEC LV VI Pyramidal Polymorphic,3,transition,LEC LIII Multipolar Principal,EC LI II Multipolar Pyramidal,539.4518276519966
greedy_tree_simulated_annealing,MEC LV VI Pyramidal Polymorphic,4,transition,EC LI II Multipolar Pyramidal,EC LII III Pyramidal Tripolar,28854.49238765121
greedy_tree_simulated_annealing,MEC LV VI Pyramidal Polymorphic,5,transition,EC LII III Pyramidal Tripolar,MEC LII Stellate,3189.046054691212
greedy_tree_simulated_annealing,MEC LV VI Pyramidal Polymorphic,6,transition,MEC LII Stellate,CA3 Granule,19640.6765649223
greedy_tree_simulated_annealing,MEC LV VI Pyramidal Polymorphic,7,transition,CA3 Granule,CA3c Pyramidal,2.280811281935155
greedy_tree_simulated_annealing,MEC LV VI Pyramidal Polymorphic,8,transition,CA3c Pyramidal,CA1 Pyramidal,85609.60976338176
greedy_tree_simulated_annealing,MEC LV VI Pyramidal Polymorphic,9,transition,CA1 Pyramidal,LEC LVI Multipolar Pyramidal,10569.009270094895
greedy_tree_simulated_annealing,MEC LV VI Pyramidal Polymorphic,10,transition,LEC LVI Multipolar Pyramidal,LEC LIII Complex Pyramidal,175.93242994355498
greedy_tree_simulated_annealing,MEC LV VI Pyramidal Polymorphic,11,transition,LEC LIII Complex Pyramidal,EC LIII Pyramidal Stellate,538.1000722266449
greedy_tree_simulated_annealing,MEC LV VI Pyramidal Polymorphic,12,transition,EC LIII Pyramidal Stellate,MEC LIII Complex Pyramidal,647.4324185181202
greedy_tree_simulated_annealing,MEC LV VI Pyramidal Polymorphic,13,transition,MEC LIII Complex Pyramidal,MEC LII III Pyramidal Multiform,496.8518298322453
greedy_tree_simulated_annealing,MEC LV VI Pyramidal Polymorphic,14,transition,MEC LII III Pyramidal Multiform,MEC LV Multipolar Pyramidal,750.744376370936
greedy_tree_simulated_annealing,MEC LV VI Pyramidal Polymorphic,15,transition,MEC LV Multipolar Pyramidal,MEC LV Superficial Pyramidal,138.44761428854213
greedy_tree_simulated_annealing,MEC LV VI Pyramidal Polymorphic,16,transition,MEC LV Superficial Pyramidal,MEC LIII Bipolar Complex Pyramidal,188.7882684418888
greedy_tree_simulated_annealing,MEC LV VI Pyramidal Polymorphic,17,transition,MEC LIII Bipolar Complex Pyramidal,MEC LII Oblique Pyramidal,129.39404235709722
greedy_tree_simulated_annealing,MEC LV VI Pyramidal Polymorphic,18,transition,MEC LII Oblique Pyramidal,EC LIII Pyramidal,11.986703742041488
greedy_tree_simulated_annealing,MEC LV VI Pyramidal Polymorphic,19,transition,EC LIII Pyramidal,EC LIII V Bipolar Pyramidal,34.402964559753684
greedy_tree_simulated_annealing,MEC LV VI Pyramidal Polymorphic,20,transition,EC LIII V Bipolar Pyramidal,EC LV Deep Pyramidal,430.7344261554038
greedy_tree_simulated_annealing,MEC LV VI Pyramidal Polymorphic,21,transition,EC LV Deep Pyramidal,MEC LV Pyramidal,172.39609835538727
greedy_tree_simulated_annealing,MEC LV VI Pyramidal Polymorphic,22,transition,MEC LV Pyramidal,DG Granule,9568.736896643586
greedy_tree_simulated_annealing,MEC LV VI Pyramidal Polymorphic,23,transition,DG Granule,DG Mossy,44908.709978571016
greedy_tree_simulated_annealing,MEC LV VI Pyramidal Polymorphic,24,transition,DG Mossy,DG Hilar Ectopic Granule,2119.754290320353
greedy_tree_simulated_annealing,MEC LV VI Pyramidal Polymorphic,25,transition,DG Hilar Ectopic Granule,CA3 Pyramidal,0.0133035385226386
greedy_tree_simulated_annealing,MEC LV VI Pyramidal Polymorphic,26,transition,CA3 Pyramidal,CA2 Pyramidal,12467.302061608583
greedy_tree_simulated_annealing,MEC LV VI Pyramidal Polymorphic,27,transition,CA2 Pyramidal,CA1 Radiatum Giant,263.0645063940111
greedy_tree_simulated_annealing,SUB CA1 Projecting Pyramidal,1,self_connection,SUB CA1 Projecting Pyramidal,SUB CA1 Projecting Pyramidal,960.2428463623708
greedy_tree_simulated_annealing,SUB CA1 Projecting Pyramidal,2,self_connection,CA1 Pyramidal,CA1 Pyramidal,2793.7555172355333
greedy_tree_simulated_annealing,SUB CA1 Projecting Pyramidal,3,self_connection,MEC LV VI Pyramidal Polymorphic,MEC LV VI Pyramidal Polymorphic,1336.06008642144
greedy_tree_simulated_annealing,SUB CA1 Projecting Pyramidal,4,self_connection,EC LIV VI Deep Multipolar Principal,EC LIV VI Deep Multipolar Principal,1969.34413375272
greedy_tree_simulated_annealing,SUB CA1 Projecting Pyramidal,5,self_connection,LEC LVI Multipolar Pyramidal,LEC LVI Multipolar Pyramidal,212.6675576452901
greedy_tree_simulated_annealing,SUB CA1 Projecting Pyramidal,6,self_connection,LEC LIII Multipolar Principal,LEC LIII Multipolar Principal,496.4095848183002
greedy_tree_simulated_annealing,SUB CA1 Projecting Pyramidal,7,self_connection,LEC LIII Complex Pyramidal,LEC LIII Complex Pyramidal,744.1845437655309
greedy_tree_simulated_annealing,SUB CA1 Projecting Pyramidal,8,self_connection,EC LIII Pyramidal Stellate,EC LIII Pyramidal Stellate,360.1830629372671
greedy_tree_simulated_annealing,SUB CA1 Projecting Pyramidal,9,self_connection,MEC LIII Complex Pyramidal,MEC LIII Complex Pyramidal,1453.7180710081302
greedy_tree_simulated_annealing,SUB CA1 Projecting Pyramidal,10,self_connection,EC LI II Multipolar Pyramidal,EC LI II Multipolar Pyramidal,18296.078460202098
greedy_tree_simulated_annealing,SUB CA1 Projecting Pyramidal,11,self_connection,EC LIII Stellate,EC LIII Stellate,60.68453664121218
greedy_tree_simulated_annealing,SUB CA1 Projecting Pyramidal,12,self_connection,EC LIII Pyramidal,EC LIII Pyramidal,17.545063132735347
greedy_tree_simulated_annealing,SUB CA1 Projecting Pyramidal,13,self_connection,EC LV Deep Pyramidal,EC LV Deep Pyramidal,398.1782023002817
greedy_tree_simulated_annealing,SUB CA1 Projecting Pyramidal,14,self_connection,MEC LV Multipolar Pyramidal,MEC LV Multipolar Pyramidal,201.78698075346315
greedy_tree_simulated_annealing,SUB CA1 Projecting Pyramidal,15,self_connection,EC LIII V Bipolar Pyramidal,EC LIII V Bipolar Pyramidal,471.82519386819655
greedy_tree_simulated_annealing,SUB CA1 Projecting Pyramidal,16,self_connection,EC LII III Pyramidal Tripolar,EC LII III Pyramidal Tripolar,2277.297842357101
greedy_tree_simulated_annealing,SUB CA1 Projecting Pyramidal,19,self_connection,CA3c Pyramidal,CA3c Pyramidal,639.8640695461409
greedy_tree_simulated_annealing,SUB CA1 Projecting Pyramidal,21,self_connection,DG Mossy,DG Mossy,1751.260654032912
greedy_tree_simulated_annealing,SUB CA1 Projecting Pyramidal,22,self_connection,DG Hilar Ectopic Granule,DG Hilar Ectopic Granule,0.9213810801264162
greedy_tree_simulated_annealing,SUB CA1 Projecting Pyramidal,23,self_connection,CA3 Pyramidal,CA3 Pyramidal,3278.450765697168
greedy_tree_simulated_annealing,SUB CA1 Projecting Pyramidal,24,self_connection,CA2 Pyramidal,CA2 Pyramidal,2163.138288508038
greedy_tree_simulated_annealing,SUB CA1 Projecting Pyramidal,1,transition,SUB CA1 Projecting Pyramidal,CA1 Pyramidal,106.20856360032086
greedy_tree_simulated_annealing,SUB CA1 Projecting Pyramidal,2,transition,CA1 Pyramidal,MEC LV VI Pyramidal Polymorphic,13564.64480225756
greedy_tree_simulated_annealing,SUB CA1 Projecting Pyramidal,3,transition,MEC LV VI Pyramidal Polymorphic,EC LIV VI Deep Multipolar Principal,86.77596588341953
greedy_tree_simulated_annealing,SUB CA1 Projecting Pyramidal,4,transition,EC LIV VI Deep Multipolar Principal,LEC LVI Multipolar Pyramidal,2246.3636143897743
greedy_tree_simulated_annealing,SUB CA1 Projecting Pyramidal,5,transition,LEC LVI Multipolar Pyramidal,LEC LIII Multipolar Principal,304.0317537911717
greedy_tree_simulated_annealing,SUB CA1 Projecting Pyramidal,6,transition,LEC LIII Multipolar Principal,LEC LIII Complex Pyramidal,556.0635991085179
greedy_tree_simulated_annealing,SUB CA1 Projecting Pyramidal,7,transition,LEC LIII Complex Pyramidal,EC LIII Pyramidal Stellate,538.1000722266449
greedy_tree_simulated_annealing,SUB CA1 Projecting Pyramidal,8,transition,EC LIII Pyramidal Stellate,MEC LIII Complex Pyramidal,647.4324185181202
greedy_tree_simulated_annealing,SUB CA1 Projecting Pyramidal,9,transition,MEC LIII Complex Pyramidal,EC LI II Multipolar Pyramidal,552.0532459996851
greedy_tree_simulated_annealing,SUB CA1 Projecting Pyramidal,10,transition,EC LI II Multipolar Pyramidal,EC LIII Stellate,29349.85984134182
greedy_tree_simulated_annealing,SUB CA1 Projecting Pyramidal,11,transition,EC LIII Stellate,EC LIII Pyramidal,65.42000887199006
greedy_tree_simulated_annealing,SUB CA1 Projecting Pyramidal,12,transition,EC LIII Pyramidal,EC LV Deep Pyramidal,31.48238204973288
greedy_tree_simulated_annealing,SUB CA1 Projecting Pyramidal,13,transition,EC LV Deep Pyramidal,MEC LV Multipolar Pyramidal,169.029345615202
greedy_tree_simulated_annealing,SUB CA1 Projecting Pyramidal,14,transition,MEC LV Multipolar Pyramidal,EC LIII V Bipolar Pyramidal,31.88776158532124
greedy_tree_simulated_annealing,SUB CA1 Projecting Pyramidal,15,transition,EC LIII V Bipolar Pyramidal,EC LII III Pyramidal Tripolar,340.43569682470206
greedy_tree_simulated_annealing,SUB CA1 Projecting Pyramidal,16,transition,EC LII III Pyramidal Tripolar,MEC LII Stellate,3189.046054691212
greedy_tree_simulated_annealing,SUB CA1 Projecting Pyramidal,17,transition,MEC LII Stellate,CA3 Granule,19640.6765649223
greedy_tree_simulated_annealing,SUB CA1 Projecting Pyramidal,18,transition,CA3 Granule,CA3c Pyramidal,2.280811281935155
greedy_tree_simulated_annealing,SUB CA1 Projecting Pyramidal,19,transition,CA3c Pyramidal,DG Granule,7159.489110348726
greedy_tree_simulated_annealing,SUB CA1 Projecting Pyramidal,20,transition,DG Granule,DG Mossy,44908.709978571016
greedy_tree_simulated_annealing,SUB CA1 Projecting Pyramidal,21,transition,DG Mossy,DG Hilar Ectopic Granule,2119.754290320353
greedy_tree_simulated_annealing,SUB CA1 Projecting Pyramidal,22,transition,DG Hilar Ectopic Granule,CA3 Pyramidal,0.0133035385226386
greedy_tree_simulated_annealing,SUB CA1 Projecting Pyramidal,23,transition,CA3 Pyramidal,CA2 Pyramidal,12467.302061608583
greedy_tree_simulated_annealing,SUB CA1 Projecting Pyramidal,24,transition,CA2 Pyramidal,CA1 Radiatum Giant,263.0645063940111
maximum_spanning_tree,CA1 Pyramidal,1,self_connection,CA1 Pyramidal,CA1 Pyramidal,2793.7555172355333
maximum_spanning_tree,CA1 Pyramidal,2,self_connection,CA3c Pyramidal,CA3c Pyramidal,639.8640695461409
maximum_spanning_tree,CA1 Pyramidal,4,self_connection,EC LI II Pyramidal Fan,EC LI II Pyramidal Fan,370.7544610085407
maximum_spanning_tree,CA1 Pyramidal,5,self_connection,EC LI II Multipolar Pyramidal,EC LI II Multipolar Pyramidal,18296.078460202098
maximum_spanning_tree,CA1 Pyramidal,1,transition,CA1 Pyramidal,CA3c Pyramidal,0.0
maximum_spanning_tree,CA1 Pyramidal,2,transition,CA3c Pyramidal,DG Granule,7159.489110348726
maximum_spanning_tree,CA1 Pyramidal,3,transition,DG Granule,EC LI II Pyramidal Fan,0.0
maximum_spanning_tree,CA1 Pyramidal,4,transition,EC LI II Pyramidal Fan,EC LI II Multipolar Pyramidal,7472.437106847604
maximum_spanning_tree,CA1 Pyramidal,5,transition,EC LI II Multipolar Pyramidal,MEC LII Stellate,24134.5300159425
maximum_spanning_tree,CA1 Pyramidal,6,transition,MEC LII Stellate,CA3 Granule,19640.6765649223
maximum_spanning_tree,CA1 Radiatum Giant,2,self_connection,CA3c Pyramidal,CA3c Pyramidal,639.8640695461409
maximum_spanning_tree,CA1 Radiatum Giant,3,self_connection,CA1 Pyramidal,CA1 Pyramidal,2793.7555172355333
maximum_spanning_tree,CA1 Radiatum Giant,4,self_connection,MEC LV VI Pyramidal Polymorphic,MEC LV VI Pyramidal Polymorphic,1336.06008642144
maximum_spanning_tree,CA1 Radiatum Giant,1,transition,CA1 Radiatum Giant,CA3c Pyramidal,0.0
maximum_spanning_tree,CA1 Radiatum Giant,2,transition,CA3c Pyramidal,CA1 Pyramidal,85609.60976338176
maximum_spanning_tree,CA1 Radiatum Giant,3,transition,CA1 Pyramidal,MEC LV VI Pyramidal Polymorphic,13564.64480225756
maximum_spanning_tree,CA2 Pyramidal,1,self_connection,CA2 Pyramidal,CA2 Pyramidal,2163.138288508038
maximum_spanning_tree,CA2 Pyramidal,2,self_connection,CA3c Pyramidal,CA3c Pyramidal,639.8640695461409
maximum_spanning_tree,CA2 Pyramidal,3,self_connection,CA1 Pyramidal,CA1 Pyramidal,2793.7555172355333
maximum_spanning_tree,CA2 Pyramidal,4,self_connection,MEC LV VI Pyramidal Polymorphic,MEC LV VI Pyramidal Polymorphic,1336.06008642144
maximum_spanning_tree,CA2 Pyramidal,1,transition,CA2 Pyramidal,CA3c Pyramidal,2212.266414990227
maximum_spanning_tree,CA2 Pyramidal,2,transition,CA3c Pyramidal,CA1 Pyramidal,85609.60976338176
maximum_spanning_tree,CA2 Pyramidal,3,transition,CA1 Pyramidal,MEC LV VI Pyramidal Polymorphic,13564.64480225756
maximum_spanning_tree,CA3 Granule,3,self_connection,EC LI II Multipolar Pyramidal,EC LI II Multipolar Pyramidal,18296.078460202098
maximum_spanning_tree,CA3 Granule,4,self_connection,EC LI II Pyramidal Fan,EC LI II Pyramidal Fan,370.7544610085407
maximum_spanning_tree,CA3 Granule,6,self_connection,CA3c Pyramidal,CA3c Pyramidal,639.8640695461409
maximum_spanning_tree,CA3 Granule,7,self_connection,CA1 Pyramidal,CA1 Pyramidal,2793.7555172355333
maximum_spanning_tree,CA3 Granule,8,self_connection,MEC LV VI Pyramidal Polymorphic,MEC LV VI Pyramidal Polymorphic,1336.06008642144
maximum_spanning_tree,CA3 Granule,1,transition,CA3 Granule,MEC LII Stellate,0.0
maximum_spanning_tree,CA3 Granule,2,transition,MEC LII Stellate,EC LI II Multipolar Pyramidal,1179.869598894783
maximum_spanning_tree,CA3 Granule,3,transition,EC LI II Multipolar Pyramidal,EC LI II Pyramidal Fan,2685.199892837623
maximum_spanning_tree,CA3 Granule,4,transition,EC LI II Pyramidal Fan,DG Granule,6731.854220776941
maximum_spanning_tree,CA3 Granule,5,transition,DG Granule,CA3c Pyramidal,1802.511478373572
maximum_spanning_tree,CA3 Granule,6,transition,CA3c Pyramidal,CA1 Pyramidal,85609.60976338176
maximum_spanning_tree,CA3 Granule,7,transition,CA1 Pyramidal,MEC LV VI Pyramidal Polymorphic,13564.64480225756
maximum_spanning_tree,CA3 Pyramidal,1,self_connection,CA3 Pyramidal,CA3 Pyramidal,3278.450765697168
maximum_spanning_tree,CA3 Pyramidal,2,self_connection,CA2 Pyramidal,CA2 Pyramidal,2163.138288508038
maximum_spanning_tree,CA3 Pyramidal,3,self_connection,CA3c Pyramidal,CA3c Pyramidal,639.8640695461409
maximum_spanning_tree,CA3 Pyramidal,4,self_connection,CA1 Pyramidal,CA1 Pyramidal,2793.7555172355333
maximum_spanning_tree,CA3 Pyramidal,5,self_connection,MEC LV VI Pyramidal Polymorphic,MEC LV VI Pyramidal Polymorphic,1336.06008642144
maximum_spanning_tree,CA3 Pyramidal,1,transition,CA3 Pyramidal,CA2 Pyramidal,12467.302061608583
maximum_spanning_tree,CA3 Pyramidal,2,transition,CA2 Pyramidal,CA3c Pyramidal,2212.266414990227
maximum_spanning_tree,CA3 Pyramidal,3,transition,CA3c Pyramidal,CA1 Pyramidal,85609.60976338176
maximum_spanning_tree,CA3 Pyramidal,4,transition,CA1 Pyramidal,MEC LV VI Pyramidal Polymorphic,13564.64480225756
maximum_spanning_tree,CA3c Pyramidal,1,self_connection,CA3c Pyramidal,CA3c Pyramidal,639.8640695461409
maximum_spanning_tree,CA3c Pyramidal,2,self_connection,CA1 Pyramidal,CA1 Pyramidal,2793.7555172355333
maximum_spanning_tree,CA3c Pyramidal,3,self_connection,MEC LV VI Pyramidal Polymorphic,MEC LV VI Pyramidal Polymorphic,1336.06008642144
maximum_spanning_tree,CA3c Pyramidal,1,transition,CA3c Pyramidal,CA1 Pyramidal,85609.60976338176
maximum_spanning_tree,CA3c Pyramidal,2,transition,CA1 Pyramidal,MEC LV VI Pyramidal Polymorphic,13564.64480225756
maximum_spanning_tree,DG Granule,2,self_connection,CA3c Pyramidal,CA3c Pyramidal,639.8640695461409
maximum_spanning_tree,DG Granule,3,self_connection,CA1 Pyramidal,CA1 Pyramidal,2793.7555172355333
maximum_spanning_tree,DG Granule,4,self_connection,MEC LV VI Pyramidal Polymorphic,MEC LV VI Pyramidal Polymorphic,1336.06008642144
maximum_spanning_tree,DG Granule,1,transition,DG Granule,CA3c Pyramidal,1802.511478373572
maximum_spanning_tree,DG Granule,2,transition,CA3c Pyramidal,CA1 Pyramidal,85609.60976338176
maximum_spanning_tree,DG Granule,3,transition,CA1 Pyramidal,MEC LV VI Pyramidal Polymorphic,13564.64480225756
maximum_spanning_tree,DG Hilar Ectopic Granule,1,self_connection,DG Hilar Ectopic Granule,DG Hilar Ectopic Granule,0.9213810801264162
maximum_spanning_tree,DG Hilar Ectopic Granule,3,self_connection,CA3c Pyramidal,CA3c Pyramidal,639.8640695461409
maximum_spanning_tree,DG Hilar Ectopic Granule,4,self_connection,CA1 Pyramidal,CA1 Pyramidal,2793.7555172355333
maximum_spanning_tree,DG Hilar Ectopic Granule,5,self_connection,MEC LV VI Pyramidal Polymorphic,MEC LV VI Pyramidal Polymorphic,1336.06008642144
maximum_spanning_tree,DG Hilar Ectopic Granule,1,transition,DG Hilar Ectopic Granule,DG Granule,0.0
maximum_spanning_tree,DG Hilar Ectopic Granule,2,transition,DG Granule,CA3c Pyramidal,1802.511478373572
maximum_spanning_tree,DG Hilar Ectopic Granule,3,transition,CA3c Pyramidal,CA1 Pyramidal,85609.60976338176
maximum_spanning_tree,DG Hilar Ectopic Granule,4,transition,CA1 Pyramidal,MEC LV VI Pyramidal Polymorphic,13564.64480225756
maximum_spanning_tree,DG Mossy,1,self_connection,DG Mossy,DG Mossy,1751.260654032912
maximum_spanning_tree,DG Mossy,3,self_connection,CA3c Pyramidal,CA3c Pyramidal,639.8640695461409
maximum_spanning_tree,DG Mossy,4,self_connection,CA1 Pyramidal,CA1 Pyramidal,2793.7555172355333
maximum_spanning_tree,DG Mossy,5,self_connection,MEC LV VI Pyramidal Polymorphic,MEC LV VI Pyramidal Polymorphic,1336.06008642144
maximum_spanning_tree,DG Mossy,1,transition,DG Mossy,DG Granule,968.2502990077752
maximum_spanning_tree,DG Mossy,2,transition,DG Granule,CA3c Pyramidal,1802.511478373572
maximum_spanning_tree,DG Mossy,3,transition,CA3c Pyramidal,CA1 Pyramidal,85609.60976338176
maximum_spanning_tree,DG Mossy,4,transition,CA1 Pyramidal,MEC LV VI Pyramidal Polymorphic,13564.64480225756
maximum_spanning_tree,DG Semilunar Granule,1,self_connection,DG Semilunar Granule,DG Semilunar Granule,40.60469398082807
maximum_spanning_tree,DG Semilunar Granule,2,self_connection,DG Mossy,DG Mossy,1751.260654032912
maximum_spanning_tree,DG Semilunar Granule,4,self_connection,CA3c Pyramidal,CA3c Pyramidal,639.8640695461409
maximum_spanning_tree,DG Semilunar Granule,5,self_connection,CA1 Pyramidal,CA1 Pyramidal,2793.7555172355333
maximum_spanning_tree,DG Semilunar Granule,6,self_connection,MEC LV VI Pyramidal Polymorphic,MEC LV VI Pyramidal Polymorphic,1336.06008642144
maximum_spanning_tree,DG Semilunar Granule,1,transition,DG Semilunar Granule,DG Mossy,5155.105798787127
maximum_spanning_tree,DG Semilunar Granule,2,transition,DG Mossy,DG Granule,968.2502990077752
maximum_spanning_tree,DG Semilunar Granule,3,transition,DG Granule,CA3c Pyramidal,1802.511478373572
maximum_spanning_tree,DG Semilunar Granule,4,transition,CA3c Pyramidal,CA1 Pyramidal,85609.60976338176
maximum_spanning_tree,DG Semilunar Granule,5,transition,CA1 Pyramidal,MEC LV VI Pyramidal Polymorphic,13564.64480225756
maximum_spanning_tree,EC LI II Multipolar Pyramidal,1,self_connection,EC LI II Multipolar Pyramidal,EC LI II Multipolar Pyramidal,18296.078460202098
maximum_spanning_tree,EC LI II Multipolar Pyramidal,2,self_connection,EC LI II Pyramidal Fan,EC LI II Pyramidal Fan,370.7544610085407
maximum_spanning_tree,EC LI II Multipolar Pyramidal,4,self_connection,CA3c Pyramidal,CA3c Pyramidal,639.8640695461409
maximum_spanning_tree,EC LI II Multipolar Pyramidal,5,self_connection,CA1 Pyramidal,CA1 Pyramidal,2793.7555172355333
maximum_spanning_tree,EC LI II Multipolar Pyramidal,6,self_connection,MEC LV VI Pyramidal Polymorphic,MEC LV VI Pyramidal Polymorphic,1336.06008642144
maximum_spanning_tree,EC LI II Multipolar Pyramidal,1,transition,EC LI II Multipolar Pyramidal,EC LI II Pyramidal Fan,2685.199892837623
maximum_spanning_tree,EC LI II Multipolar Pyramidal,2,transition,EC LI II Pyramidal Fan,DG Granule,6731.854220776941
maximum_spanning_tree,EC LI II Multipolar Pyramidal,3,transition,DG Granule,CA3c Pyramidal,1802.511478373572
maximum_spanning_tree,EC LI II Multipolar Pyramidal,4,transition,CA3c Pyramidal,CA1 Pyramidal,85609.60976338176
maximum_spanning_tree,EC LI II Multipolar Pyramidal,5,transition,CA1 Pyramidal,MEC LV VI Pyramidal Polymorphic,13564.64480225756
maximum_spanning_tree,EC LI II Pyramidal Fan,1,self_connection,EC LI II Pyramidal Fan,EC LI II Pyramidal Fan,370.7544610085407
maximum_spanning_tree,EC LI II Pyramidal Fan,3,self_connection,CA3c Pyramidal,CA3c Pyramidal,639.8640695461409
maximum_spanning_tree,EC LI II Pyramidal Fan,4,self_connection,CA1 Pyramidal,CA1 Pyramidal,2793.7555172355333
maximum_spanning_tree,EC LI II Pyramidal Fan,5,self_connection,MEC LV VI Pyramidal Polymorphic,MEC LV VI Pyramidal Polymorphic,1336.06008642144
maximum_spanning_tree,EC LI II Pyramidal Fan,1,transition,EC LI II Pyramidal Fan,DG Granule,6731.854220776941
maximum_spanning_tree,EC LI II Pyramidal Fan,2,transition,DG Granule,CA3c Pyramidal,1802.511478373572
maximum_spanning_tree,EC LI II Pyramidal Fan,3,transition,CA3c Pyramidal,CA1 Pyramidal,85609.60976338176
maximum_spanning_tree,EC LI II Pyramidal Fan,4,transition,CA1 Pyramidal,MEC LV VI Pyramidal Polymorphic,13564.64480225756
maximum_spanning_tree,EC LII III Pyramidal Tripolar,1,self_connection,EC LII III Pyramidal Tripolar,EC LII III Pyramidal Tripolar,2277.297842357101
maximum_spanning_tree,EC LII III Pyramidal Tripolar,2,self_connection,EC LI II Multipolar Pyramidal,EC LI II Multipolar Pyramidal,18296.078460202098
maximum_spanning_tree,EC LII III Pyramidal Tripolar,3,self_connection,EC LI II Pyramidal Fan,EC LI II Pyramidal Fan,370.7544610085407
maximum_spanning_tree,EC LII III Pyramidal Tripolar,5,self_connection,CA3c Pyramidal,CA3c Pyramidal,639.8640695461409
maximum_spanning_tree,EC LII III Pyramidal Tripolar,6,self_connection,CA1 Pyramidal,CA1 Pyramidal,2793.7555172355333
maximum_spanning_tree,EC LII III Pyramidal Tripolar,7,self_connection,MEC LV VI Pyramidal Polymorphic,MEC LV VI Pyramidal Polymorphic,1336.06008642144
maximum_spanning_tree,EC LII III Pyramidal Tripolar,1,transition,EC LII III Pyramidal Tripolar,EC LI II Multipolar Pyramidal,4216.395703649579
maximum_spanning_tree,EC LII III Pyramidal Tripolar,2,transition,EC LI II Multipolar Pyramidal,EC LI II Pyramidal Fan,2685.199892837623
maximum_spanning_tree,EC LII III Pyramidal Tripolar,3,transition,EC LI II Pyramidal Fan,DG Granule,6731.854220776941
maximum_spanning_tree,EC LII III Pyramidal Tripolar,4,transition,DG Granule,CA3c Pyramidal,1802.511478373572
maximum_spanning_tree,EC LII III Pyramidal Tripolar,5,transition,CA3c Pyramidal,CA1 Pyramidal,85609.60976338176
maximum_spanning_tree,EC LII III Pyramidal Tripolar,6,transition,CA1 Pyramidal,MEC LV VI Pyramidal Polymorphic,13564.64480225756
maximum_spanning_tree,EC LIII Pyramidal,1,self_connection,EC LIII Pyramidal,EC LIII Pyramidal,17.545063132735347
maximum_spanning_tree,EC LIII Pyramidal,2,self_connection,EC LI II Multipolar Pyramidal,EC LI II Multipolar Pyramidal,18296.078460202098
maximum_spanning_tree,EC LIII Pyramidal,3,self_connection,EC LI II Pyramidal Fan,EC LI II Pyramidal Fan,370.7544610085407
maximum_spanning_tree,EC LIII Pyramidal,5,self_connection,CA3c Pyramidal,CA3c Pyramidal,639.8640695461409
maximum_spanning_tree,EC LIII Pyramidal,6,self_connection,CA1 Pyramidal,CA1 Pyramidal,2793.7555172355333
maximum_spanning_tree,EC LIII Pyramidal,7,self_connection,MEC LV VI Pyramidal Polymorphic,MEC LV VI Pyramidal Polymorphic,1336.06008642144
maximum_spanning_tree,EC LIII Pyramidal,1,transition,EC LIII Pyramidal,EC LI II Multipolar Pyramidal,0.0
maximum_spanning_tree,EC LIII Pyramidal,2,transition,EC LI II Multipolar Pyramidal,EC LI II Pyramidal Fan,2685.199892837623
maximum_spanning_tree,EC LIII Pyramidal,3,transition,EC LI II Pyramidal Fan,DG Granule,6731.854220776941
maximum_spanning_tree,EC LIII Pyramidal,4,transition,DG Granule,CA3c Pyramidal,1802.511478373572
maximum_spanning_tree,EC LIII Pyramidal,5,transition,CA3c Pyramidal,CA1 Pyramidal,85609.60976338176
maximum_spanning_tree,EC LIII Pyramidal,6,transition,CA1 Pyramidal,MEC LV VI Pyramidal Polymorphic,13564.64480225756
maximum_spanning_tree,EC LIII Pyramidal Stellate,1,self_connection,EC LIII Pyramidal Stellate,EC LIII Pyramidal Stellate,360.1830629372671
maximum_spanning_tree,EC LIII Pyramidal Stellate,2,self_connection,EC LI II Multipolar Pyramidal,EC LI II Multipolar Pyramidal,18296.078460202098
maximum_spanning_tree,EC LIII Pyramidal Stellate,3,self_connection,EC LI II Pyramidal Fan,EC LI II Pyramidal Fan,370.7544610085407
maximum_spanning_tree,EC LIII Pyramidal Stellate,5,self_connection,CA3c Pyramidal,CA3c Pyramidal,639.8640695461409
maximum_spanning_tree,EC LIII Pyramidal Stellate,6,self_connection,CA1 Pyramidal,CA1 Pyramidal,2793.7555172355333
maximum_spanning_tree,EC LIII Pyramidal Stellate,7,self_connection,MEC LV VI Pyramidal Polymorphic,MEC LV VI Pyramidal Polymorphic,1336.06008642144
maximum_spanning_tree,EC LIII Pyramidal Stellate,1,transition,EC LIII Pyramidal Stellate,EC LI II Multipolar Pyramidal,0.0
maximum_spanning_tree,EC LIII Pyramidal Stellate,2,transition,EC LI II Multipolar Pyramidal,EC LI II Pyramidal Fan,2685.199892837623
maximum_spanning_tree,EC LIII Pyramidal Stellate,3,transition,EC LI II Pyramidal Fan,DG Granule,6731.854220776941
maximum_spanning_tree,EC LIII Pyramidal Stellate,4,transition,DG Granule,CA3c Pyramidal,1802.511478373572
maximum_spanning_tree,EC LIII Pyramidal Stellate,5,transition,CA3c Pyramidal,CA1 Pyramidal,85609.60976338176
maximum_spanning_tree,EC LIII Pyramidal Stellate,6,transition,CA1 Pyramidal,MEC LV VI Pyramidal Polymorphic,13564.64480225756
maximum_spanning_tree,EC LIII Stellate,1,self_connection,EC LIII Stellate,EC LIII Stellate,60.68453664121218
maximum_spanning_tree,EC LIII Stellate,2,self_connection,EC LI II Multipolar Pyramidal,EC LI II Multipolar Pyramidal,18296.078460202098
maximum_spanning_tree,EC LIII Stellate,3,self_connection,EC LI II Pyramidal Fan,EC LI II Pyramidal Fan,370.7544610085407
maximum_spanning_tree,EC LIII Stellate,5,self_connection,CA3c Pyramidal,CA3c Pyramidal,639.8640695461409
maximum_spanning_tree,EC LIII Stellate,6,self_connection,CA1 Pyramidal,CA1 Pyramidal,2793.7555172355333
maximum_spanning_tree,EC LIII Stellate,7,self_connection,MEC LV VI Pyramidal Polymorphic,MEC LV VI Pyramidal Polymorphic,1336.06008642144
maximum_spanning_tree,EC LIII Stellate,1,transition,EC LIII Stellate,EC LI II Multipolar Pyramidal,0.0
maximum_spanning_tree,EC LIII Stellate,2,transition,EC LI II Multipolar Pyramidal,EC LI II Pyramidal Fan,2685.199892837623
maximum_spanning_tree,EC LIII Stellate,3,transition,EC LI II Pyramidal Fan,DG Granule,6731.854220776941
maximum_spanning_tree,EC LIII Stellate,4,transition,DG Granule,CA3c Pyramidal,1802.511478373572
maximum_spanning_tree,EC LIII Stellate,5,transition,CA3c Pyramidal,CA1 Pyramidal,85609.60976338176
maximum_spanning_tree,EC LIII Stellate,6,transition,CA1 Pyramidal,MEC LV VI Pyramidal Polymorphic,13564.64480225756
maximum_spanning_tree,EC LIII V Bipolar Pyramidal,1,self_connection,EC LIII V Bipolar Pyramidal,EC LIII V Bipolar Pyramidal,471.82519386819655
maximum_spanning_tree,EC LIII V Bipolar Pyramidal,2,self_connection,EC LI II Multipolar Pyramidal,EC LI II Multipolar Pyramidal,18296.078460202098
maximum_spanning_tree,EC LIII V Bipolar Pyramidal,3,self_connection,EC LI II Pyramidal Fan,EC LI II Pyramidal Fan,370.7544610085407
maximum_spanning_tree,EC LIII V Bipolar Pyramidal,5,self_connection,CA3c Pyramidal,CA3c Pyramidal,639.8640695461409
maximum_spanning_tree,EC LIII V Bipolar Pyramidal,6,self_connection,CA1 Pyramidal,CA1 Pyramidal,2793.7555172355333
maximum_spanning_tree,EC LIII V Bipolar Pyramidal,7,self_connection,MEC LV VI Pyramidal Polymorphic,MEC LV VI Pyramidal Polymorphic,1336.06008642144
maximum_spanning_tree,EC LIII V Bipolar Pyramidal,1,transition,EC LIII V Bipolar Pyramidal,EC LI II Multipolar Pyramidal,0.0
maximum_spanning_tree,EC LIII V Bipolar Pyramidal,2,transition,EC LI II Multipolar Pyramidal,EC LI II Pyramidal Fan,2685.199892837623
maximum_spanning_tree,EC LIII V Bipolar Pyramidal,3,transition,EC LI II Pyramidal Fan,DG Granule,6731.854220776941
maximum_spanning_tree,EC LIII V Bipolar Pyramidal,4,transition,DG Granule,CA3c Pyramidal,1802.511478373572
maximum_spanning_tree,EC LIII V Bipolar Pyramidal,5,transition,CA3c Pyramidal,CA1 Pyramidal,85609.60976338176
maximum_spanning_tree,EC LIII V Bipolar Pyramidal,6,transition,CA1 Pyramidal,MEC LV VI Pyramidal Polymorphic,13564.64480225756
maximum_spanning_tree,EC LIV VI Deep Multipolar Principal,1,self_connection,EC LIV VI Deep Multipolar Principal,EC LIV VI Deep Multipolar Principal,1969.34413375272
maximum_spanning_tree,EC LIV VI Deep Multipolar Principal,2,self_connection,CA1 Pyramidal,CA1 Pyramidal,2793.7555172355333
maximum_spanning_tree,EC LIV VI Deep Multipolar Principal,3,self_connection,CA3c Pyramidal,CA3c Pyramidal,639.8640695461409
maximum_spanning_tree,EC LIV VI Deep Multipolar Principal,5,self_connection,EC LI II Pyramidal Fan,EC LI II Pyramidal Fan,370.7544610085407
maximum_spanning_tree,EC LIV VI Deep Multipolar Principal,6,self_connection,EC LI II Multipolar Pyramidal,EC LI II Multipolar Pyramidal,18296.078460202098
maximum_spanning_tree,EC LIV VI Deep Multipolar Principal,1,transition,EC LIV VI Deep Multipolar Principal,CA1 Pyramidal,0.0
maximum_spanning_tree,EC LIV VI Deep Multipolar Principal,2,transition,CA1 Pyramidal,CA3c Pyramidal,0.0
maximum_spanning_tree,EC LIV VI Deep Multipolar Principal,3,transition,CA3c Pyramidal,DG Granule,7159.489110348726
maximum_spanning_tree,EC LIV VI Deep Multipolar Principal,4,transition,DG Granule,EC LI II Pyramidal Fan,0.0
maximum_spanning_tree,EC LIV VI Deep Multipolar Principal,5,transition,EC LI II Pyramidal Fan,EC LI II Multipolar Pyramidal,7472.437106847604
maximum_spanning_tree,EC LIV VI Deep Multipolar Principal,6,transition,EC LI II Multipolar Pyramidal,MEC LII Stellate,24134.5300159425
maximum_spanning_tree,EC LIV VI Deep Multipolar Principal,7,transition,MEC LII Stellate,CA3 Granule,19640.6765649223
maximum_spanning_tree,EC LV Deep Pyramidal,1,self_connection,EC LV Deep Pyramidal,EC LV Deep Pyramidal,398.1782023002817
maximum_spanning_tree,EC LV Deep Pyramidal,2,self_connection,CA1 Pyramidal,CA1 Pyramidal,2793.7555172355333
maximum_spanning_tree,EC LV Deep Pyramidal,3,self_connection,CA3c Pyramidal,CA3c Pyramidal,639.8640695461409
maximum_spanning_tree,EC LV Deep Pyramidal,5,self_connection,EC LI II Pyramidal Fan,EC LI II Pyramidal Fan,370.7544610085407
maximum_spanning_tree,EC LV Deep Pyramidal,6,self_connection,EC LI II Multipolar Pyramidal,EC LI II Multipolar Pyramidal,18296.078460202098
maximum_spanning_tree,EC LV Deep Pyramidal,1,transition,EC LV Deep Pyramidal,CA1 Pyramidal,0.0
maximum_spanning_tree,EC LV Deep Pyramidal,2,transition,CA1 Pyramidal,CA3c Pyramidal,0.0
maximum_spanning_tree,EC LV Deep Pyramidal,3,transition,CA3c Pyramidal,DG Granule,7159.489110348726
maximum_spanning_tree,EC LV Deep Pyramidal,4,transition,DG Granule,EC LI II Pyramidal Fan,0.0
maximum_spanning_tree,EC LV Deep Pyramidal,5,transition,EC LI II Pyramidal Fan,EC LI II Multipolar Pyramidal,7472.437106847604
maximum_spanning_tree,EC LV Deep Pyramidal,6,transition,EC LI II Multipolar Pyramidal,MEC LII Stellate,24134.5300159425
maximum_spanning_tree,EC LV Deep Pyramidal,7,transition,MEC LII Stellate,CA3 Granule,19640.6765649223
maximum_spanning_tree,LEC LIII Complex Pyramidal,1,self_connection,LEC LIII Complex Pyramidal,LEC LIII Complex Pyramidal,744.1845437655309
maximum_spanning_tree,LEC LIII Complex Pyramidal,2,self_connection,EC LI II Multipolar Pyramidal,EC LI II Multipolar Pyramidal,18296.078460202098
maximum_spanning_tree,LEC LIII Complex Pyramidal,3,self_connection,EC LI II Pyramidal Fan,EC LI II Pyramidal Fan,370.7544610085407
maximum_spanning_tree,LEC LIII Complex Pyramidal,5,self_connection,CA3c Pyramidal,CA3c Pyramidal,639.8640695461409
maximum_spanning_tree,LEC LIII Complex Pyramidal,6,self_connection,CA1 Pyramidal,CA1 Pyramidal,2793.7555172355333
maximum_spanning_tree,LEC LIII Complex Pyramidal,7,self_connection,MEC LV VI Pyramidal Polymorphic,MEC LV VI Pyramidal Polymorphic,1336.06008642144
maximum_spanning_tree,LEC LIII Complex Pyramidal,1,transition,LEC LIII Complex Pyramidal,EC LI II Multipolar Pyramidal,244.61587010227
maximum_spanning_tree,LEC LIII Complex Pyramidal,2,transition,EC LI II Multipolar Pyramidal,EC LI II Pyramidal Fan,2685.199892837623
maximum_spanning_tree,LEC LIII Complex Pyramidal,3,transition,EC LI II Pyramidal Fan,DG Granule,6731.854220776941
maximum_spanning_tree,LEC LIII Complex Pyramidal,4,transition,DG Granule,CA3c Pyramidal,1802.511478373572
maximum_spanning_tree,LEC LIII Complex Pyramidal,5,transition,CA3c Pyramidal,CA1 Pyramidal,85609.60976338176
maximum_spanning_tree,LEC LIII Complex Pyramidal,6,transition,CA1 Pyramidal,MEC LV VI Pyramidal Polymorphic,13564.64480225756
maximum_spanning_tree,LEC LIII Multipolar Principal,1,self_connection,LEC LIII Multipolar Principal,LEC LIII Multipolar Principal,496.4095848183002
maximum_spanning_tree,LEC LIII Multipolar Principal,2,self_connection,EC LI II Multipolar Pyramidal,EC LI II Multipolar Pyramidal,18296.078460202098
maximum_spanning_tree,LEC LIII Multipolar Principal,3,self_connection,EC LI II Pyramidal Fan,EC LI II Pyramidal Fan,370.7544610085407
maximum_spanning_tree,LEC LIII Multipolar Principal,5,self_connection,CA3c Pyramidal,CA3c Pyramidal,639.8640695461409
maximum_spanning_tree,LEC LIII Multipolar Principal,6,self_connection,CA1 Pyramidal,CA1 Pyramidal,2793.7555172355333
maximum_spanning_tree,LEC LIII Multipolar Principal,7,self_connection,MEC LV VI Pyramidal Polymorphic,MEC LV VI Pyramidal Polymorphic,1336.06008642144
maximum_spanning_tree,LEC LIII Multipolar Principal,1,transition,LEC LIII Multipolar Principal,EC LI II Multipolar Pyramidal,539.4518276519966
maximum_spanning_tree,LEC LIII Multipolar Principal,2,transition,EC LI II Multipolar Pyramidal,EC LI II Pyramidal Fan,2685.199892837623
maximum_spanning_tree,LEC LIII Multipolar Principal,3,transition,EC LI II Pyramidal Fan,DG Granule,6731.854220776941
maximum_spanning_tree,LEC LIII Multipolar Principal,4,transition,DG Granule,CA3c Pyramidal,1802.511478373572
maximum_spanning_tree,LEC LIII Multipolar Principal,5,transition,CA3c Pyramidal,CA1 Pyramidal,85609.60976338176
maximum_spanning_tree,LEC LIII Multipolar Principal,6,transition,CA1 Pyramidal,MEC LV VI Pyramidal Polymorphic,13564.64480225756
maximum_spanning_tree,LEC LVI Multipolar Pyramidal,1,self_connection,LEC LVI Multipolar Pyramidal,LEC LVI Multipolar Pyramidal,212.6675576452901
maximum_spanning_tree,LEC LVI Multipolar Pyramidal,2,self_connection,CA1 Pyramidal,CA1 Pyramidal,2793.7555172355333
maximum_spanning_tree,LEC LVI Multipolar Pyramidal,3,self_connection,CA3c Pyramidal,CA3c Pyramidal,639.8640695461409
maximum_spanning_tree,LEC LVI Multipolar Pyramidal,5,self_connection,EC LI II Pyramidal Fan,EC LI II Pyramidal Fan,370.7544610085407
maximum_spanning_tree,LEC LVI Multipolar Pyramidal,6,self_connection,EC LI II Multipolar Pyramidal,EC LI II Multipolar Pyramidal,18296.078460202098
maximum_spanning_tree,LEC LVI Multipolar Pyramidal,1,transition,LEC LVI Multipolar Pyramidal,CA1 Pyramidal,0.0
maximum_spanning_tree,LEC LVI Multipolar Pyramidal,2,transition,CA1 Pyramidal,CA3c Pyramidal,0.0
maximum_spanning_tree,LEC LVI Multipolar Pyramidal,3,transition,CA3c Pyramidal,DG Granule,7159.489110348726
maximum_spanning_tree,LEC LVI Multipolar Pyramidal,4,transition,DG Granule,EC LI II Pyramidal Fan,0.0
maximum_spanning_tree,LEC LVI Multipolar Pyramidal,5,transition,EC LI II Pyramidal Fan,EC LI II Multipolar Pyramidal,7472.437106847604
maximum_spanning_tree,LEC LVI Multipolar Pyramidal,6,transition,EC LI II Multipolar Pyramidal,MEC LII Stellate,24134.5300159425
maximum_spanning_tree,LEC LVI Multipolar Pyramidal,7,transition,MEC LII Stellate,CA3 Granule,19640.6765649223
maximum_spanning_tree,MEC LII III Pyramidal Multiform,1,self_connection,MEC LII III Pyramidal Multiform,MEC LII III Pyramidal Multiform,307.79730677822744
maximum_spanning_tree,MEC LII III Pyramidal Multiform,2,self_connection,EC LI II Multipolar Pyramidal,EC LI II Multipolar Pyramidal,18296.078460202098
maximum_spanning_tree,MEC LII III Pyramidal Multiform,3,self_connection,EC LI II Pyramidal Fan,EC LI II Pyramidal Fan,370.7544610085407
maximum_spanning_tree,MEC LII III Pyramidal Multiform,5,self_connection,CA3c Pyramidal,CA3c Pyramidal,639.8640695461409
maximum_spanning_tree,MEC LII III Pyramidal Multiform,6,self_connection,CA1 Pyramidal,CA1 Pyramidal,2793.7555172355333
maximum_spanning_tree,MEC LII III Pyramidal Multiform,7,self_connection,MEC LV VI Pyramidal Polymorphic,MEC LV VI Pyramidal Polymorphic,1336.06008642144
maximum_spanning_tree,MEC LII III Pyramidal Multiform,1,transition,MEC LII III Pyramidal Multiform,EC LI II Multipolar Pyramidal,103.82452256660702
maximum_spanning_tree,MEC LII III Pyramidal Multiform,2,transition,EC LI II Multipolar Pyramidal,EC LI II Pyramidal Fan,2685.199892837623
maximum_spanning_tree,MEC LII III Pyramidal Multiform,3,transition,EC LI II Pyramidal Fan,DG Granule,6731.854220776941
maximum_spanning_tree,MEC LII III Pyramidal Multiform,4,transition,DG Granule,CA3c Pyramidal,1802.511478373572
maximum_spanning_tree,MEC LII III Pyramidal Multiform,5,transition,CA3c Pyramidal,CA1 Pyramidal,85609.60976338176
maximum_spanning_tree,MEC LII III Pyramidal Multiform,6,transition,CA1 Pyramidal,MEC LV VI Pyramidal Polymorphic,13564.64480225756
maximum_spanning_tree,MEC LII Oblique Pyramidal,2,self_connection,EC LI II Multipolar Pyramidal,EC LI II Multipolar Pyramidal,18296.078460202098
maximum_spanning_tree,MEC LII Oblique Pyramidal,3,self_connection,EC LI II Pyramidal Fan,EC LI II Pyramidal Fan,370.7544610085407
maximum_spanning_tree,MEC LII Oblique Pyramidal,5,self_connection,CA3c Pyramidal,CA3c Pyramidal,639.8640695461409
maximum_spanning_tree,MEC LII Oblique Pyramidal,6,self_connection,CA1 Pyramidal,CA1 Pyramidal,2793.7555172355333
maximum_spanning_tree,MEC LII Oblique Pyramidal,7,self_connection,MEC LV VI Pyramidal Polymorphic,MEC LV VI Pyramidal Polymorphic,1336.06008642144
maximum_spanning_tree,MEC LII Oblique Pyramidal,1,transition,MEC LII Oblique Pyramidal,EC LI II Multipolar Pyramidal,0.0
maximum_spanning_tree,MEC LII Oblique Pyramidal,2,transition,EC LI II Multipolar Pyramidal,EC LI II Pyramidal Fan,2685.199892837623
maximum_spanning_tree,MEC LII Oblique Pyramidal,3,transition,EC LI II Pyramidal Fan,DG Granule,6731.854220776941
maximum_spanning_tree,MEC LII Oblique Pyramidal,4,transition,DG Granule,CA3c Pyramidal,1802.511478373572
maximum_spanning_tree,MEC LII Oblique Pyramidal,5,transition,CA3c Pyramidal,CA1 Pyramidal,85609.60976338176
maximum_spanning_tree,MEC LII Oblique Pyramidal,6,transition,CA1 Pyramidal,MEC LV VI Pyramidal Polymorphic,13564.64480225756
maximum_spanning_tree,MEC LII Stellate,2,self_connection,EC LI II Multipolar Pyramidal,EC LI II Multipolar Pyramidal,18296.078460202098
maximum_spanning_tree,MEC LII Stellate,3,self_connection,EC LI II Pyramidal Fan,EC LI II Pyramidal Fan,370.7544610085407
maximum_spanning_tree,MEC LII Stellate,5,self_connection,CA3c Pyramidal,CA3c Pyramidal,639.8640695461409
maximum_spanning_tree,MEC LII Stellate,6,self_connection,CA1 Pyramidal,CA1 Pyramidal,2793.7555172355333
maximum_spanning_tree,MEC LII Stellate,7,self_connection,MEC LV VI Pyramidal Polymorphic,MEC LV VI Pyramidal Polymorphic,1336.06008642144
maximum_spanning_tree,MEC LII Stellate,1,transition,MEC LII Stellate,EC LI II Multipolar Pyramidal,1179.869598894783
maximum_spanning_tree,MEC LII Stellate,2,transition,EC LI II Multipolar Pyramidal,EC LI II Pyramidal Fan,2685.199892837623
maximum_spanning_tree,MEC LII Stellate,3,transition,EC LI II Pyramidal Fan,DG Granule,6731.854220776941
maximum_spanning_tree,MEC LII Stellate,4,transition,DG Granule,CA3c Pyramidal,1802.511478373572
maximum_spanning_tree,MEC LII Stellate,5,transition,CA3c Pyramidal,CA1 Pyramidal,85609.60976338176
maximum_spanning_tree,MEC LII Stellate,6,transition,CA1 Pyramidal,MEC LV VI Pyramidal Polymorphic,13564.64480225756
maximum_spanning_tree,MEC LIII Bipolar Complex Pyramidal,1,self_connection,MEC LIII Bipolar Complex Pyramidal,MEC LIII Bipolar Complex Pyramidal,176.61548774480949
maximum_spanning_tree,MEC LIII Bipolar Complex Pyramidal,2,self_connection,EC LI II Multipolar Pyramidal,EC LI II Multipolar Pyramidal,18296.078460202098
maximum_spanning_tree,MEC LIII Bipolar Complex Pyramidal,3,self_connection,EC LI II Pyramidal Fan,EC LI II Pyramidal Fan,370.7544610085407
maximum_spanning_tree,MEC LIII Bipolar Complex Pyramidal,5,self_connection,CA3c Pyramidal,CA3c Pyramidal,639.8640695461409
maximum_spanning_tree,MEC LIII Bipolar Complex Pyramidal,6,self_connection,CA1 Pyramidal,CA1 Pyramidal,2793.7555172355333
maximum_spanning_tree,MEC LIII Bipolar Complex Pyramidal,7,self_connection,MEC LV VI Pyramidal Polymorphic,MEC LV VI Pyramidal Polymorphic,1336.06008642144
maximum_spanning_tree,MEC LIII Bipolar Complex Pyramidal,1,transition,MEC LIII Bipolar Complex Pyramidal,EC LI II Multipolar Pyramidal,110.84041939754674
maximum_spanning_tree,MEC LIII Bipolar Complex Pyramidal,2,transition,EC LI II Multipolar Pyramidal,EC LI II Pyramidal Fan,2685.199892837623
maximum_spanning_tree,MEC LIII Bipolar Complex Pyramidal,3,transition,EC LI II Pyramidal Fan,DG Granule,6731.854220776941
maximum_spanning_tree,MEC LIII Bipolar Complex Pyramidal,4,transition,DG Granule,CA3c Pyramidal,1802.511478373572
maximum_spanning_tree,MEC LIII Bipolar Complex Pyramidal,5,transition,CA3c Pyramidal,CA1 Pyramidal,85609.60976338176
maximum_spanning_tree,MEC LIII Bipolar Complex Pyramidal,6,transition,CA1 Pyramidal,MEC LV VI Pyramidal Polymorphic,13564.64480225756
maximum_spanning_tree,MEC LIII Complex Pyramidal,1,self_connection,MEC LIII Complex Pyramidal,MEC LIII Complex Pyramidal,1453.7180710081302
maximum_spanning_tree,MEC LIII Complex Pyramidal,2,self_connection,EC LI II Multipolar Pyramidal,EC LI II Multipolar Pyramidal,18296.078460202098
maximum_spanning_tree,MEC LIII Complex Pyramidal,3,self_connection,EC LI II Pyramidal Fan,EC LI II Pyramidal Fan,370.7544610085407
maximum_spanning_tree,MEC LIII Complex Pyramidal,5,self_connection,CA3c Pyramidal,CA3c Pyramidal,639.8640695461409
maximum_spanning_tree,MEC LIII Complex Pyramidal,6,self_connection,CA1 Pyramidal,CA1 Pyramidal,2793.7555172355333
maximum_spanning_tree,MEC LIII Complex Pyramidal,7,self_connection,MEC LV VI Pyramidal Polymorphic,MEC LV VI Pyramidal Polymorphic,1336.06008642144
maximum_spanning_tree,MEC LIII Complex Pyramidal,1,transition,MEC LIII Complex Pyramidal,EC LI II Multipolar Pyramidal,552.0532459996851
maximum_spanning_tree,MEC LIII Complex Pyramidal,2,transition,EC LI II Multipolar Pyramidal,EC LI II Pyramidal Fan,2685.199892837623
maximum_spanning_tree,MEC LIII Complex Pyramidal,3,transition,EC LI II Pyramidal Fan,DG Granule,6731.854220776941
maximum_spanning_tree,MEC LIII Complex Pyramidal,4,transition,DG Granule,CA3c Pyramidal,1802.511478373572
maximum_spanning_tree,MEC LIII Complex Pyramidal,5,transition,CA3c Pyramidal,CA1 Pyramidal,85609.60976338176
maximum_spanning_tree,MEC LIII Complex Pyramidal,6,transition,CA1 Pyramidal,MEC LV VI Pyramidal Polymorphic,13564.64480225756
maximum_spanning_tree,MEC LV Multipolar Pyramidal,1,self_connection,MEC LV Multipolar Pyramidal,MEC LV Multipolar Pyramidal,201.78698075346315
maximum_spanning_tree,MEC LV Multipolar Pyramidal,2,self_connection,CA1 Pyramidal,CA1 Pyramidal,2793.7555172355333
maximum_spanning_tree,MEC LV Multipolar Pyramidal,3,self_connection,CA3c Pyramidal,CA3c Pyramidal,639.8640695461409
maximum_spanning_tree,MEC LV Multipolar Pyramidal,5,self_connection,EC LI II Pyramidal Fan,EC LI II Pyramidal Fan,370.7544610085407
maximum_spanning_tree,MEC LV Multipolar Pyramidal,6,self_connection,EC LI II Multipolar Pyramidal,EC LI II Multipolar Pyramidal,18296.078460202098
maximum_spanning_tree,MEC LV Multipolar Pyramidal,1,transition,MEC LV Multipolar Pyramidal,CA1 Pyramidal,0.0
maximum_spanning_tree,MEC LV Multipolar Pyramidal,2,transition,CA1 Pyramidal,CA3c Pyramidal,0.0
maximum_spanning_tree,MEC LV Multipolar Pyramidal,3,transition,CA3c Pyramidal,DG Granule,7159.489110348726
maximum_spanning_tree,MEC LV Multipolar Pyramidal,4,transition,DG Granule,EC LI II Pyramidal Fan,0.0
maximum_spanning_tree,MEC LV Multipolar Pyramidal,5,transition,EC LI II Pyramidal Fan,EC LI II Multipolar Pyramidal,7472.437106847604
maximum_spanning_tree,MEC LV Multipolar Pyramidal,6,transition,EC LI II Multipolar Pyramidal,MEC LII Stellate,24134.5300159425
maximum_spanning_tree,MEC LV Multipolar Pyramidal,7,transition,MEC LII Stellate,CA3 Granule,19640.6765649223
maximum_spanning_tree,MEC LV Pyramidal,1,self_connection,MEC LV Pyramidal,MEC LV Pyramidal,565.2447275074132
maximum_spanning_tree,MEC LV Pyramidal,3,self_connection,CA3c Pyramidal,CA3c Pyramidal,639.8640695461409
maximum_spanning_tree,MEC LV Pyramidal,4,self_connection,CA1 Pyramidal,CA1 Pyramidal,2793.7555172355333
maximum_spanning_tree,MEC LV Pyramidal,5,self_connection,MEC LV VI Pyramidal Polymorphic,MEC LV VI Pyramidal Polymorphic,1336.06008642144
maximum_spanning_tree,MEC LV Pyramidal,1,transition,MEC LV Pyramidal,DG Granule,9568.736896643586
maximum_spanning_tree,MEC LV Pyramidal,2,transition,DG Granule,CA3c Pyramidal,1802.511478373572
maximum_spanning_tree,MEC LV Pyramidal,3,transition,CA3c Pyramidal,CA1 Pyramidal,85609.60976338176
maximum_spanning_tree,MEC LV Pyramidal,4,transition,CA1 Pyramidal,MEC LV VI Pyramidal Polymorphic,13564.64480225756
maximum_spanning_tree,MEC LV Superficial Pyramidal,1,self_connection,MEC LV Superficial Pyramidal,MEC LV Superficial Pyramidal,104.14348764746217
maximum_spanning_tree,MEC LV Superficial Pyramidal,2,self_connection,CA1 Pyramidal,CA1 Pyramidal,2793.7555172355333
maximum_spanning_tree,MEC LV Superficial Pyramidal,3,self_connection,CA3c Pyramidal,CA3c Pyramidal,639.8640695461409
maximum_spanning_tree,MEC LV Superficial Pyramidal,5,self_connection,EC LI II Pyramidal Fan,EC LI II Pyramidal Fan,370.7544610085407
maximum_spanning_tree,MEC LV Superficial Pyramidal,6,self_connection,EC LI II Multipolar Pyramidal,EC LI II Multipolar Pyramidal,18296.078460202098
maximum_spanning_tree,MEC LV Superficial Pyramidal,1,transition,MEC LV Superficial Pyramidal,CA1 Pyramidal,0.0
maximum_spanning_tree,MEC LV Superficial Pyramidal,2,transition,CA1 Pyramidal,CA3c Pyramidal,0.0
maximum_spanning_tree,MEC LV Superficial Pyramidal,3,transition,CA3c Pyramidal,DG Granule,7159.489110348726
maximum_spanning_tree,MEC LV Superficial Pyramidal,4,transition,DG Granule,EC LI II Pyramidal Fan,0.0
maximum_spanning_tree,MEC LV Superficial Pyramidal,5,transition,EC LI II Pyramidal Fan,EC LI II Multipolar Pyramidal,7472.437106847604
maximum_spanning_tree,MEC LV Superficial Pyramidal,6,transition,EC LI II Multipolar Pyramidal,MEC LII Stellate,24134.5300159425
maximum_spanning_tree,MEC LV Superficial Pyramidal,7,transition,MEC LII Stellate,CA3 Granule,19640.6765649223
maximum_spanning_tree,MEC LV VI Pyramidal Polymorphic,1,self_connection,MEC LV VI Pyramidal Polymorphic,MEC LV VI Pyramidal Polymorphic,1336.06008642144
maximum_spanning_tree,MEC LV VI Pyramidal Polymorphic,2,self_connection,CA1 Pyramidal,CA1 Pyramidal,2793.7555172355333
maximum_spanning_tree,MEC LV VI Pyramidal Polymorphic,3,self_connection,CA3c Pyramidal,CA3c Pyramidal,639.8640695461409
maximum_spanning_tree,MEC LV VI Pyramidal Polymorphic,5,self_connection,EC LI II Pyramidal Fan,EC LI II Pyramidal Fan,370.7544610085407
maximum_spanning_tree,MEC LV VI Pyramidal Polymorphic,6,self_connection,EC LI II Multipolar Pyramidal,EC LI II Multipolar Pyramidal,18296.078460202098
maximum_spanning_tree,MEC LV VI Pyramidal Polymorphic,1,transition,MEC LV VI Pyramidal Polymorphic,CA1 Pyramidal,0.0
maximum_spanning_tree,MEC LV VI Pyramidal Polymorphic,2,transition,CA1 Pyramidal,CA3c Pyramidal,0.0
maximum_spanning_tree,MEC LV VI Pyramidal Polymorphic,3,transition,CA3c Pyramidal,DG Granule,7159.489110348726
maximum_spanning_tree,MEC LV VI Pyramidal Polymorphic,4,transition,DG Granule,EC LI II Pyramidal Fan,0.0
maximum_spanning_tree,MEC LV VI Pyramidal Polymorphic,5,transition,EC LI II Pyramidal Fan,EC LI II Multipolar Pyramidal,7472.437106847604
maximum_spanning_tree,MEC LV VI Pyramidal Polymorphic,6,transition,EC LI II Multipolar Pyramidal,MEC LII Stellate,24134.5300159425
maximum_spanning_tree,MEC LV VI Pyramidal Polymorphic,7,transition,MEC LII Stellate,CA3 Granule,19640.6765649223
maximum_spanning_tree,SUB CA1 Projecting Pyramidal,1,self_connection,SUB CA1 Projecting Pyramidal,SUB CA1 Projecting Pyramidal,960.2428463623708
maximum_spanning_tree,SUB CA1 Projecting Pyramidal,2,self_connection,CA1 Pyramidal,CA1 Pyramidal,2793.7555172355333
maximum_spanning_tree,SUB CA1 Projecting Pyramidal,3,self_connection,CA3c Pyramidal,CA3c Pyramidal,639.8640695461409
maximum_spanning_tree,SUB CA1 Projecting Pyramidal,5,self_connection,EC LI II Pyramidal Fan,EC LI II Pyramidal Fan,370.7544610085407
maximum_spanning_tree,SUB CA1 Projecting Pyramidal,6,self_connection,EC LI II Multipolar Pyramidal,EC LI II Multipolar Pyramidal,18296.078460202098
maximum_spanning_tree,SUB CA1 Projecting Pyramidal,1,transition,SUB CA1 Projecting Pyramidal,CA1 Pyramidal,106.20856360032086
maximum_spanning_tree,SUB CA1 Projecting Pyramidal,2,transition,CA1 Pyramidal,CA3c Pyramidal,0.0
maximum_spanning_tree,SUB CA1 Projecting Pyramidal,3,transition,CA3c Pyramidal,DG Granule,7159.489110348726
maximum_spanning_tree,SUB CA1 Projecting Pyramidal,4,transition,DG Granule,EC LI II Pyramidal Fan,0.0
maximum_spanning_tree,SUB CA1 Projecting Pyramidal,5,transition,EC LI II Pyramidal Fan,EC LI II Multipolar Pyramidal,7472.437106847604
maximum_spanning_tree,SUB CA1 Projecting Pyramidal,6,transition,EC LI II Multipolar Pyramidal,MEC LII Stellate,24134.5300159425
maximum_spanning_tree,SUB CA1 Projecting Pyramidal,7,transition,MEC LII Stellate,CA3 Granule,19640.6765649223
branch_and_bound,CA1 Pyramidal,1,self_connection,CA1 Pyramidal,CA1 Pyramidal,2793.7555172355333
branch_and_bound,CA1 Pyramidal,2,self_connection,MEC LV VI Pyramidal Polymorphic,MEC LV VI Pyramidal Polymorphic,1336.06008642144
branch_and_bound,CA1 Pyramidal,3,self_connection,EC LIV VI Deep Multipolar Principal,EC LIV VI Deep Multipolar Principal,1969.34413375272
branch_and_bound,CA1 Pyramidal,4,self_connection,MEC LIII Complex Pyramidal,MEC LIII Complex Pyramidal,1453.7180710081302
branch_and_bound,CA1 Pyramidal,5,self_connection,EC LI II Multipolar Pyramidal,EC LI II Multipolar Pyramidal,18296.078460202098
branch_and_bound,CA1 Pyramidal,6,self_connection,EC LII III Pyramidal Tripolar,EC LII III Pyramidal Tripolar,2277.297842357101
branch_and_bound,CA1 Pyramidal,8,self_connection,MEC LII III Pyramidal Multiform,MEC LII III Pyramidal Multiform,307.79730677822744
branch_and_bound,CA1 Pyramidal,9,self_connection,MEC LV Pyramidal,MEC LV Pyramidal,565.2447275074132
branch_and_bound,CA1 Pyramidal,10,self_connection,MEC LV Multipolar Pyramidal,MEC LV Multipolar Pyramidal,201.78698075346315
branch_and_bound,CA1 Pyramidal,11,self_connection,EC LIII V Bipolar Pyramidal,EC LIII V Bipolar Pyramidal,471.82519386819655
branch_and_bound,CA1 Pyramidal,12,self_connection,LEC LIII Multipolar Principal,LEC LIII Multipolar Principal,496.4095848183002
branch_and_bound,CA1 Pyramidal,13,self_connection,LEC LIII Complex Pyramidal,LEC LIII Complex Pyramidal,744.1845437655309
branch_and_bound,CA1 Pyramidal,14,self_connection,EC LIII Pyramidal Stellate,EC LIII Pyramidal Stellate,360.1830629372671
branch_and_bound,CA1 Pyramidal,15,self_connection,EC LIII Pyramidal,EC LIII Pyramidal,17.545063132735347
branch_and_bound,CA1 Pyramidal,16,self_connection,EC LV Deep Pyramidal,EC LV Deep Pyramidal,398.1782023002817
branch_and_bound,CA1 Pyramidal,17,self_connection,LEC LVI Multipolar Pyramidal,LEC LVI Multipolar Pyramidal,212.6675576452901
branch_and_bound,CA1 Pyramidal,18,self_connection,EC LIII Stellate,EC LIII Stellate,60.68453664121218
branch_and_bound,CA1 Pyramidal,19,self_connection,MEC LIII Bipolar Complex Pyramidal,MEC LIII Bipolar Complex Pyramidal,176.61548774480949
branch_and_bound,CA1 Pyramidal,20,self_connection,EC LI II Pyramidal Fan,EC LI II Pyramidal Fan,370.7544610085407
branch_and_bound,CA1 Pyramidal,22,self_connection,DG Mossy,DG Mossy,1751.260654032912
branch_and_bound,CA1 Pyramidal,23,self_connection,DG Semilunar Granule,DG Semilunar Granule,40.60469398082807
branch_and_bound,CA1 Pyramidal,24,self_connection,DG Hilar Ectopic Granule,DG Hilar Ectopic Granule,0.9213810801264162
branch_and_bound,CA1 Pyramidal,25,self_connection,CA3 Pyramidal,CA3 Pyramidal,3278.450765697168
branch_and_bound,CA1 Pyramidal,26,self_connection,CA3c Pyramidal,CA3c Pyramidal,639.8640695461409
branch_and_bound,CA1 Pyramidal,27,self_connection,CA2 Pyramidal,CA2 Pyramidal,2163.138288508038
branch_and_bound,CA1 Pyramidal,1,transition,CA1 Pyramidal,MEC LV VI Pyramidal Polymorphic,13564.64480225756
branch_and_bound,CA1 Pyramidal,2,transition,MEC LV VI Pyramidal Polymorphic,EC LIV VI Deep Multipolar Principal,86.77596588341953
branch_and_bound,CA1 Pyramidal,3,transition,EC LIV VI Deep Multipolar Principal,MEC LIII Complex Pyramidal,1427.516326568439
branch_and_bound,CA1 Pyramidal,4,transition,MEC LIII Complex Pyramidal,EC LI II Multipolar Pyramidal,552.0532459996851
branch_and_bound,CA1 Pyramidal,5,transition,EC LI II Multipolar Pyramidal,EC LII III Pyramidal Tripolar,28854.49238765121
branch_and_bound,CA1 Pyramidal,6,transition,EC LII III Pyramidal Tripolar,MEC LII Stellate,3189.046054691212
branch_and_bound,CA1 Pyramidal,7,transition,MEC LII Stellate,MEC LII III Pyramidal Multiform,2172.4274626996407
branch_and_bound,CA1 Pyramidal,8,transition,MEC LII III Pyramidal Multiform,MEC LV Pyramidal,548.8069668104904
branch_and_bound,CA1 Pyramidal,9,transition,MEC LV Pyramidal,MEC LV Multipolar Pyramidal,662.4278400096001
branch_and_bound,CA1 Pyramidal,10,transition,MEC LV Multipolar Pyramidal,EC LIII V Bipolar Pyramidal,31.88776158532124
branch_and_bound,CA1 Pyramidal,11,transition,EC LIII V Bipolar Pyramidal,LEC LIII Multipolar Principal,1092.637693563088
branch_and_bound,CA1 Pyramidal,12,transition,LEC LIII Multipolar Principal,LEC LIII Complex Pyramidal,556.0635991085179
branch_and_bound,CA1 Pyramidal,13,transition,LEC LIII Complex Pyramidal,EC LIII Pyramidal Stellate,538.1000722266449
branch_and_bound,CA1 Pyramidal,14,transition,EC LIII Pyramidal Stellate,EC LIII Pyramidal,241.99019548048847
branch_and_bound,CA1 Pyramidal,15,transition,EC LIII Pyramidal,EC LV Deep Pyramidal,31.48238204973288
branch_and_bound,CA1 Pyramidal,16,transition,EC LV Deep Pyramidal,LEC LVI Multipolar Pyramidal,608.8907703194651
branch_and_bound,CA1 Pyramidal,17,transition,LEC LVI Multipolar Pyramidal,EC LIII Stellate,43.43981399803702
branch_and_bound,CA1 Pyramidal,18,transition,EC LIII Stellate,MEC LIII Bipolar Complex Pyramidal,110.49107949247347
branch_and_bound,CA1 Pyramidal,19,transition,MEC LIII Bipolar Complex Pyramidal,EC LI II Pyramidal Fan,6.439268930923632
branch_and_bound,CA1 Pyramidal,20,transition,EC LI II Pyramidal Fan,DG Granule,6731.854220776941
branch_and_bound,CA1 Pyramidal,21,transition,DG Granule,DG Mossy,44908.709978571016
branch_and_bound,CA1 Pyramidal,22,transition,DG Mossy,DG Semilunar Granule,50.6486718617241
branch_and_bound,CA1 Pyramidal,23,transition,DG Semilunar Granule,DG Hilar Ectopic Granule,4588.842439594102
branch_and_bound,CA1 Pyramidal,24,transition,DG Hilar Ectopic Granule,CA3 Pyramidal,0.0133035385226386
branch_and_bound,CA1 Pyramidal,25,transition,CA3 Pyramidal,CA3c Pyramidal,6774.278639391325
branch_and_bound,CA1 Pyramidal,26,transition,CA3c Pyramidal,CA2 Pyramidal,24424.53581944845
branch_and_bound,CA1 Pyramidal,27,transition,CA2 Pyramidal,CA3 Granule,592.9863345985209
branch_and_bound,CA1 Radiatum Giant,2,self_connection,CA1 Pyramidal,CA1 Pyramidal,2793.7555172355333
branch_and_bound,CA1 Radiatum Giant,3,self_connection,MEC LV VI Pyramidal Polymorphic,MEC LV VI Pyramidal Polymorphic,1336.06008642144
branch_and_bound,CA1 Radiatum Giant,4,self_connection,EC LIV VI Deep Multipolar Principal,EC LIV VI Deep Multipolar Principal,1969.34413375272
branch_and_bound,CA1 Radiatum Giant,5,self_connection,MEC LIII Complex Pyramidal,MEC LIII Complex Pyramidal,1453.7180710081302
branch_and_bound,CA1 Radiatum Giant,6,self_connection,EC LI II Multipolar Pyramidal,EC LI II Multipolar Pyramidal,18296.078460202098
branch_and_bound,CA1 Radiatum Giant,7,self_connection,EC LII III Pyramidal Tripolar,EC LII III Pyramidal Tripolar,2277.297842357101
branch_and_bound,CA1 Radiatum Giant,9,self_connection,MEC LII III Pyramidal Multiform,MEC LII III Pyramidal Multiform,307.79730677822744
branch_and_bound,CA1 Radiatum Giant,10,self_connection,MEC LV Pyramidal,MEC LV Pyramidal,565.2447275074132
branch_and_bound,CA1 Radiatum Giant,11,self_connection,MEC LV Multipolar Pyramidal,MEC LV Multipolar Pyramidal,201.78698075346315
branch_and_bound,CA1 Radiatum Giant,12,self_connection,EC LIII V Bipolar Pyramidal,EC LIII V Bipolar Pyramidal,471.82519386819655
branch_and_bound,CA1 Radiatum Giant,13,self_connection,LEC LIII Multipolar Principal,LEC LIII Multipolar Principal,496.4095848183002
branch_and_bound,CA1 Radiatum Giant,14,self_connection,LEC LIII Complex Pyramidal,LEC LIII Complex Pyramidal,744.1845437655309
branch_and_bound,CA1 Radiatum Giant,15,self_connection,EC LIII Pyramidal Stellate,EC LIII Pyramidal Stellate,360.1830629372671
branch_and_bound,CA1 Radiatum Giant,16,self_connection,EC LIII Pyramidal,EC LIII Pyramidal,17.545063132735347
branch_and_bound,CA1 Radiatum Giant,17,self_connection,EC LV Deep Pyramidal,EC LV Deep Pyramidal,398.1782023002817
branch_and_bound,CA1 Radiatum Giant,18,self_connection,LEC LVI Multipolar Pyramidal,LEC LVI Multipolar Pyramidal,212.6675576452901
branch_and_bound,CA1 Radiatum Giant,19,self_connection,EC LIII Stellate,EC LIII Stellate,60.68453664121218
branch_and_bound,CA1 Radiatum Giant,20,self_connection,MEC LIII Bipolar Complex Pyramidal,MEC LIII Bipolar Complex Pyramidal,176.61548774480949
branch_and_bound,CA1 Radiatum Giant,21,self_connection,EC LI II Pyramidal Fan,EC LI II Pyramidal Fan,370.7544610085407
branch_and_bound,CA1 Radiatum Giant,23,self_connection,DG Mossy,DG Mossy,1751.260654032912
branch_and_bound,CA1 Radiatum Giant,24,self_connection,DG Semilunar Granule,DG Semilunar Granule,40.60469398082807
branch_and_bound,CA1 Radiatum Giant,25,self_connection,DG Hilar Ectopic Granule,DG Hilar Ectopic Granule,0.9213810801264162
branch_and_bound,CA1 Radiatum Giant,26,self_connection,CA3 Pyramidal,CA3 Pyramidal,3278.450765697168
branch_and_bound,CA1 Radiatum Giant,27,self_connection,CA3c Pyramidal,CA3c Pyramidal,639.8640695461409
branch_and_bound,CA1 Radiatum Giant,28,self_connection,CA2 Pyramidal,CA2 Pyramidal,2163.138288508038
branch_and_bound,CA1 Radiatum Giant,1,transition,CA1 Radiatum Giant,CA1 Pyramidal,52.52606827667822
branch_and_bound,CA1 Radiatum Giant,2,transition,CA1 Pyramidal,MEC LV VI Pyramidal Polymorphic,13564.64480225756
branch_and_bound,CA1 Radiatum Giant,3,transition,MEC LV VI Pyramidal Polymorphic,EC LIV VI Deep Multipolar Principal,86.77596588341953
branch_and_bound,CA1 Radiatum Giant,4,transition,EC LIV VI Deep Multipolar Principal,MEC LIII Complex Pyramidal,1427.516326568439
branch_and_bound,CA1 Radiatum Giant,5,transition,MEC LIII Complex Pyramidal,EC LI II Multipolar Pyramidal,552.0532459996851
branch_and_bound,CA1 Radiatum Giant,6,transition,EC LI II Multipolar Pyramidal,EC LII III Pyramidal Tripolar,28854.49238765121
branch_and_bound,CA1 Radiatum Giant,7,transition,EC LII III Pyramidal Tripolar,MEC LII Stellate,3189.046054691212
branch_and_bound,CA1 Radiatum Giant,8,transition,MEC LII Stellate,MEC LII III Pyramidal Multiform,2172.4274626996407
branch_and_bound,CA1 Radiatum Giant,9,transition,MEC LII III Pyramidal Multiform,MEC LV Pyramidal,548.8069668104904
branch_and_bound,CA1 Radiatum Giant,10,transition,MEC LV Pyramidal,MEC LV Multipolar Pyramidal,662.4278400096001
branch_and_bound,CA1 Radiatum Giant,11,transition,MEC LV Multipolar Pyramidal,EC LIII V Bipolar Pyramidal,31.88776158532124
branch_and_bound,CA1 Radiatum Giant,12,transition,EC LIII V Bipolar Pyramidal,LEC LIII Multipolar Principal,1092.637693563088
branch_and_bound,CA1 Radiatum Giant,13,transition,LEC LIII Multipolar Principal,LEC LIII Complex Pyramidal,556.0635991085179
branch_and_bound,CA1 Radiatum Giant,14,transition,LEC LIII Complex Pyramidal,EC LIII Pyramidal Stellate,538.1000722266449
branch_and_bound,CA1 Radiatum Giant,15,transition,EC LIII Pyramidal Stellate,EC LIII Pyramidal,241.99019548048847
branch_and_bound,CA1 Radiatum Giant,16,transition,EC LIII Pyramidal,EC LV Deep Pyramidal,31.48238204973288
branch_and_bound,CA1 Radiatum Giant,17,transition,EC LV Deep Pyramidal,LEC LVI Multipolar Pyramidal,608.8907703194651
branch_and_bound,CA1 Radiatum Giant,18,transition,LEC LVI Multipolar Pyramidal,EC LIII Stellate,43.43981399803702
branch_and_bound,CA1 Radiatum Giant,19,transition,EC LIII Stellate,MEC LIII Bipolar Complex Pyramidal,110.49107949247347
branch_and_bound,CA1 Radiatum Giant,20,transition,MEC LIII Bipolar Complex Pyramidal,EC LI II Pyramidal Fan,6.439268930923632
branch_and_bound,CA1 Radiatum Giant,21,transition,EC LI II Pyramidal Fan,DG Granule,6731.854220776941
branch_and_bound,CA1 Radiatum Giant,22,transition,DG Granule,DG Mossy,44908.709978571016
branch_and_bound,CA1 Radiatum Giant,23,transition,DG Mossy,DG Semilunar Granule,50.6486718617241
branch_and_bound,CA1 Radiatum Giant,24,transition,DG Semilunar Granule,DG Hilar Ectopic Granule,4588.842439594102
branch_and_bound,CA1 Radiatum Giant,25,transition,DG Hilar Ectopic Granule,CA3 Pyramidal,0.0133035385226386
branch_and_bound,CA1 Radiatum Giant,26,transition,CA3 Pyramidal,CA3c Pyramidal,6774.278639391325
branch_and_bound,CA1 Radiatum Giant,27,transition,CA3c Pyramidal,CA2 Pyramidal,24424.53581944845
branch_and_bound,CA1 Radiatum Giant,28,transition,CA2 Pyramidal,CA3 Granule,592.9863345985209
branch_and_bound,CA2 Pyramidal,1,self_connection,CA2 Pyramidal,CA2 Pyramidal,2163.138288508038
branch_and_bound,CA2 Pyramidal,2,self_connection,CA1 Pyramidal,CA1 Pyramidal,2793.7555172355333
branch_and_bound,CA2 Pyramidal,3,self_connection,MEC LV VI Pyramidal Polymorphic,MEC LV VI Pyramidal Polymorphic,1336.06008642144
branch_and_bound,CA2 Pyramidal,4,self_connection,EC LIV VI Deep Multipolar Principal,EC LIV VI Deep Multipolar Principal,1969.34413375272
branch_and_bound,CA2 Pyramidal,5,self_connection,MEC LIII Complex Pyramidal,MEC LIII Complex Pyramidal,1453.7180710081302
branch_and_bound,CA2 Pyramidal,6,self_connection,EC LI II Multipolar Pyramidal,EC LI II Multipolar Pyramidal,18296.078460202098
branch_and_bound,CA2 Pyramidal,7,self_connection,EC LII III Pyramidal Tripolar,EC LII III Pyramidal Tripolar,2277.297842357101
branch_and_bound,CA2 Pyramidal,10,self_connection,CA3 Pyramidal,CA3 Pyramidal,3278.450765697168
branch_and_bound,CA2 Pyramidal,11,self_connection,CA3c Pyramidal,CA3c Pyramidal,639.8640695461409
branch_and_bound,CA2 Pyramidal,13,self_connection,DG Mossy,DG Mossy,1751.260654032912
branch_and_bound,CA2 Pyramidal,14,self_connection,DG Semilunar Granule,DG Semilunar Granule,40.60469398082807
branch_and_bound,CA2 Pyramidal,15,self_connection,DG Hilar Ectopic Granule,DG Hilar Ectopic Granule,0.9213810801264162
branch_and_bound,CA2 Pyramidal,1,transition,CA2 Pyramidal,CA1 Pyramidal,5532.563189259333
branch_and_bound,CA2 Pyramidal,2,transition,CA1 Pyramidal,MEC LV VI Pyramidal Polymorphic,13564.64480225756
branch_and_bound,CA2 Pyramidal,3,transition,MEC LV VI Pyramidal Polymorphic,EC LIV VI Deep Multipolar Principal,86.77596588341953
branch_and_bound,CA2 Pyramidal,4,transition,EC LIV VI Deep Multipolar Principal,MEC LIII Complex Pyramidal,1427.516326568439
branch_and_bound,CA2 Pyramidal,5,transition,MEC LIII Complex Pyramidal,EC LI II Multipolar Pyramidal,552.0532459996851
branch_and_bound,CA2 Pyramidal,6,transition,EC LI II Multipolar Pyramidal,EC LII III Pyramidal Tripolar,28854.49238765121
branch_and_bound,CA2 Pyramidal,7,transition,EC LII III Pyramidal Tripolar,MEC LII Stellate,3189.046054691212
branch_and_bound,CA2 Pyramidal,8,transition,MEC LII Stellate,CA3 Granule,19640.6765649223
branch_and_bound,CA2 Pyramidal,9,transition,CA3 Granule,CA3 Pyramidal,0.942018883295193
branch_and_bound,CA2 Pyramidal,10,transition,CA3 Pyramidal,CA3c Pyramidal,6774.278639391325
branch_and_bound,CA2 Pyramidal,11,transition,CA3c Pyramidal,DG Granule,7159.489110348726
branch_and_bound,CA2 Pyramidal,12,transition,DG Granule,DG Mossy,44908.709978571016
branch_and_bound,CA2 Pyramidal,13,transition,DG Mossy,DG Semilunar Granule,50.6486718617241
branch_and_bound,CA2 Pyramidal,14,transition,DG Semilunar Granule,DG Hilar Ectopic Granule,4588.842439594102
branch_and_bound,CA3 Granule,2,self_connection,CA3 Pyramidal,CA3 Pyramidal,3278.450765697168
branch_and_bound,CA3 Granule,3,self_connection,CA2 Pyramidal,CA2 Pyramidal,2163.138288508038
branch_and_bound,CA3 Granule,4,self_connection,CA1 Pyramidal,CA1 Pyramidal,2793.7555172355333
branch_and_bound,CA3 Granule,5,self_connection,MEC LV VI Pyramidal Polymorphic,MEC LV VI Pyramidal Polymorphic,1336.06008642144
branch_and_bound,CA3 Granule,6,self_connection,EC LIV VI Deep Multipolar Principal,EC LIV VI Deep Multipolar Principal,1969.34413375272
branch_and_bound,CA3 Granule,7,self_connection,MEC LIII Complex Pyramidal,MEC LIII Complex Pyramidal,1453.7180710081302
branch_and_bound,CA3 Granule,8,self_connection,EC LI II Multipolar Pyramidal,EC LI II Multipolar Pyramidal,18296.078460202098
branch_and_bound,CA3 Granule,9,self_connection,EC LII III Pyramidal Tripolar,EC LII III Pyramidal Tripolar,2277.297842357101
branch_and_bound,CA3 Granule,11,self_connection,MEC LII III Pyramidal Multiform,MEC LII III Pyramidal Multiform,307.79730677822744
branch_and_bound,CA3 Granule,12,self_connection,MEC LV Pyramidal,MEC LV Pyramidal,565.2447275074132
branch_and_bound,CA3 Granule,13,self_connection,MEC LV Multipolar Pyramidal,MEC LV Multipolar Pyramidal,201.78698075346315
branch_and_bound,CA3 Granule,14,self_connection,EC LIII V Bipolar Pyramidal,EC LIII V Bipolar Pyramidal,471.82519386819655
branch_and_bound,CA3 Granule,15,self_connection,LEC LIII Multipolar Principal,LEC LIII Multipolar Principal,496.4095848183002
branch_and_bound,CA3 Granule,16,self_connection,LEC LIII Complex Pyramidal,LEC LIII Complex Pyramidal,744.1845437655309
branch_and_bound,CA3 Granule,17,self_connection,EC LIII Stellate,EC LIII Stellate,60.68453664121218
branch_and_bound,CA3 Granule,18,self_connection,EC LIII Pyramidal,EC LIII Pyramidal,17.545063132735347
branch_and_bound,CA3 Granule,19,self_connection,EC LV Deep Pyramidal,EC LV Deep Pyramidal,398.1782023002817
branch_and_bound,CA3 Granule,20,self_connection,LEC LVI Multipolar Pyramidal,LEC LVI Multipolar Pyramidal,212.6675576452901
branch_and_bound,CA3 Granule,21,self_connection,EC LIII Pyramidal Stellate,EC LIII Pyramidal Stellate,360.1830629372671
branch_and_bound,CA3 Granule,22,self_connection,MEC LIII Bipolar Complex Pyramidal,MEC LIII Bipolar Complex Pyramidal,176.61548774480949
branch_and_bound,CA3 Granule,24,self_connection,MEC LV Superficial Pyramidal,MEC LV Superficial Pyramidal,104.14348764746217
branch_and_bound,CA3 Granule,25,self_connection,EC LI II Pyramidal Fan,EC LI II Pyramidal Fan,370.7544610085407
branch_and_bound,CA3 Granule,27,self_connection,DG Mossy,DG Mossy,1751.260654032912
branch_and_bound,CA3 Granule,28,self_connection,DG Semilunar Granule,DG Semilunar Granule,40.60469398082807
branch_and_bound,CA3 Granule,29,self_connection,DG Hilar Ectopic Granule,DG Hilar Ectopic Granule,0.9213810801264162
branch_and_bound,CA3 Granule,30,self_connection,CA3c Pyramidal,CA3c Pyramidal,639.8640695461409
branch_and_bound,CA3 Granule,1,transition,CA3 Granule,CA3 Pyramidal,0.942018883295193
branch_and_bound,CA3 Granule,2,transition,CA3 Pyramidal,CA2 Pyramidal,12467.302061608583
branch_and_bound,CA3 Granule,3,transition,CA2 Pyramidal,CA1 Pyramidal,5532.563189259333
branch_and_bound,CA3 Granule,4,transition,CA1 Pyramidal,MEC LV VI Pyramidal Polymorphic,13564.64480225756
branch_and_bound,CA3 Granule,5,transition,MEC LV VI Pyramidal Polymorphic,EC LIV VI Deep Multipolar Principal,86.77596588341953
branch_and_bound,CA3 Granule,6,transition,EC LIV VI Deep Multipolar Principal,MEC LIII Complex Pyramidal,1427.516326568439
branch_and_bound,CA3 Granule,7,transition,MEC LIII Complex Pyramidal,EC LI II Multipolar Pyramidal,552.0532459996851
branch_and_bound,CA3 Granule,8,transition,EC LI II Multipolar Pyramidal,EC LII III Pyramidal Tripolar,28854.49238765121
branch_and_bound,CA3 Granule,9,transition,EC LII III Pyramidal Tripolar,MEC LII Stellate,3189.046054691212
branch_and_bound,CA3 Granule,10,transition,MEC LII Stellate,MEC LII III Pyramidal Multiform,2172.4274626996407
branch_and_bound,CA3 Granule,11,transition,MEC LII III Pyramidal Multiform,MEC LV Pyramidal,548.8069668104904
branch_and_bound,CA3 Granule,12,transition,MEC LV Pyramidal,MEC LV Multipolar Pyramidal,662.4278400096001
branch_and_bound,CA3 Granule,13,transition,MEC LV Multipolar Pyramidal,EC LIII V Bipolar Pyramidal,31.88776158532124
branch_and_bound,CA3 Granule,14,transition,EC LIII V Bipolar Pyramidal,LEC LIII Multipolar Principal,1092.637693563088
branch_and_bound,CA3 Granule,15,transition,LEC LIII Multipolar Principal,LEC LIII Complex Pyramidal,556.0635991085179
branch_and_bound,CA3 Granule,16,transition,LEC LIII Complex Pyramidal,EC LIII Stellate,422.07977447495017
branch_and_bound,CA3 Granule,17,transition,EC LIII Stellate,EC LIII Pyramidal,65.42000887199006
branch_and_bound,CA3 Granule,18,transition,EC LIII Pyramidal,EC LV Deep Pyramidal,31.48238204973288
branch_and_bound,CA3 Granule,19,transition,EC LV Deep Pyramidal,LEC LVI Multipolar Pyramidal,608.8907703194651
branch_and_bound,CA3 Granule,20,transition,LEC LVI Multipolar Pyramidal,EC LIII Pyramidal Stellate,138.9942025493572
branch_and_bound,CA3 Granule,21,transition,EC LIII Pyramidal Stellate,MEC LIII Bipolar Complex Pyramidal,418.9168875087689
branch_and_bound,CA3 Granule,22,transition,MEC LIII Bipolar Complex Pyramidal,MEC LII Oblique Pyramidal,129.39404235709722
branch_and_bound,CA3 Granule,23,transition,MEC LII Oblique Pyramidal,MEC LV Superficial Pyramidal,73.63513359542591
branch_and_bound,CA3 Granule,24,transition,MEC LV Superficial Pyramidal,EC LI II Pyramidal Fan,3.037796001788656
branch_and_bound,CA3 Granule,25,transition,EC LI II Pyramidal Fan,DG Granule,6731.854220776941
branch_and_bound,CA3 Granule,26,transition,DG Granule,DG Mossy,44908.709978571016
branch_and_bound,CA3 Granule,27,transition,DG Mossy,DG Semilunar Granule,50.6486718617241
branch_and_bound,CA3 Granule,28,transition,DG Semilunar Granule,DG Hilar Ectopic Granule,4588.842439594102
branch_and_bound,CA3 Granule,29,transition,DG Hilar Ectopic Granule,CA3c Pyramidal,0.0550567880071112
branch_and_bound,CA3 Granule,30,transition,CA3c Pyramidal,CA1 Radiatum Giant,4064.510468839344
branch_and_bound,CA3 Pyramidal,1,self_connection,CA3 Pyramidal,CA3 Pyramidal,3278.450765697168
branch_and_bound,CA3 Pyramidal,2,self_connection,CA2 Pyramidal,CA2 Pyramidal,2163.138288508038
branch_and_bound,CA3 Pyramidal,3,self_connection,CA1 Pyramidal,CA1 Pyramidal,2793.7555172355333
branch_and_bound,CA3 Pyramidal,4,self_connection,MEC LV VI Pyramidal Polymorphic,MEC LV VI Pyramidal Polymorphic,1336.06008642144
branch_and_bound,CA3 Pyramidal,5,self_connection,EC LIV VI Deep Multipolar Principal,EC LIV VI Deep Multipolar Principal,1969.34413375272
branch_and_bound,CA3 Pyramidal,6,self_connection,MEC LIII Complex Pyramidal,MEC LIII Complex Pyramidal,1453.7180710081302
branch_and_bound,CA3 Pyramidal,7,self_connection,EC LI II Multipolar Pyramidal,EC LI II Multipolar Pyramidal,18296.078460202098
branch_and_bound,CA3 Pyramidal,8,self_connection,EC LII III Pyramidal Tripolar,EC LII III Pyramidal Tripolar,2277.297842357101
branch_and_bound,CA3 Pyramidal,11,self_connection,CA3c Pyramidal,CA3c Pyramidal,639.8640695461409
branch_and_bound,CA3 Pyramidal,13,self_connection,DG Mossy,DG Mossy,1751.260654032912
branch_and_bound,CA3 Pyramidal,14,self_connection,DG Semilunar Granule,DG Semilunar Granule,40.60469398082807
branch_and_bound,CA3 Pyramidal,15,self_connection,DG Hilar Ectopic Granule,DG Hilar Ectopic Granule,0.9213810801264162
branch_and_bound,CA3 Pyramidal,1,transition,CA3 Pyramidal,CA2 Pyramidal,12467.302061608583
branch_and_bound,CA3 Pyramidal,2,transition,CA2 Pyramidal,CA1 Pyramidal,5532.563189259333
branch_and_bound,CA3 Pyramidal,3,transition,CA1 Pyramidal,MEC LV VI Pyramidal Polymorphic,13564.64480225756
branch_and_bound,CA3 Pyramidal,4,transition,MEC LV VI Pyramidal Polymorphic,EC LIV VI Deep Multipolar Principal,86.77596588341953
branch_and_bound,CA3 Pyramidal,5,transition,EC LIV VI Deep Multipolar Principal,MEC LIII Complex Pyramidal,1427.516326568439
branch_and_bound,CA3 Pyramidal,6,transition,MEC LIII Complex Pyramidal,EC LI II Multipolar Pyramidal,552.0532459996851
branch_and_bound,CA3 Pyramidal,7,transition,EC LI II Multipolar Pyramidal,EC LII III Pyramidal Tripolar,28854.49238765121
branch_and_bound,CA3 Pyramidal,8,transition,EC LII III Pyramidal Tripolar,MEC LII Stellate,3189.046054691212
branch_and_bound,CA3 Pyramidal,9,transition,MEC LII Stellate,CA3 Granule,19640.6765649223
branch_and_bound,CA3 Pyramidal,10,transition,CA3 Granule,CA3c Pyramidal,2.280811281935155
branch_and_bound,CA3 Pyramidal,11,transition,CA3c Pyramidal,DG Granule,7159.489110348726
branch_and_bound,CA3 Pyramidal,12,transition,DG Granule,DG Mossy,44908.709978571016
branch_and_bound,CA3 Pyramidal,13,transition,DG Mossy,DG Semilunar Granule,50.6486718617241
branch_and_bound,CA3 Pyramidal,14,transition,DG Semilunar Granule,DG Hilar Ectopic Granule,4588.842439594102
branch_and_bound,CA3c Pyramidal,1,self_connection,CA3c Pyramidal,CA3c Pyramidal,639.8640695461409
branch_and_bound,CA3c Pyramidal,2,self_connection,CA1 Pyramidal,CA1 Pyramidal,2793.7555172355333
branch_and_bound,CA3c Pyramidal,3,self_connection,MEC LV VI Pyramidal Polymorphic,MEC LV VI Pyramidal Polymorphic,1336.06008642144
branch_and_bound,CA3c Pyramidal,4,self_connection,EC LIV VI Deep Multipolar Principal,EC LIV VI Deep Multipolar Principal,1969.34413375272
branch_and_bound,CA3c Pyramidal,5,self_connection,MEC LIII Complex Pyramidal,MEC LIII Complex Pyramidal,1453.7180710081302
branch_and_bound,CA3c Pyramidal,6,self_connection,EC LI II Multipolar Pyramidal,EC LI II Multipolar Pyramidal,18296.078460202098
branch_and_bound,CA3c Pyramidal,7,self_connection,EC LII III Pyramidal Tripolar,EC LII III Pyramidal Tripolar,2277.297842357101
branch_and_bound,CA3c Pyramidal,9,self_connection,MEC LII III Pyramidal Multiform,MEC LII III Pyramidal Multiform,307.79730677822744
branch_and_bound,CA3c Pyramidal,10,self_connection,MEC LV Pyramidal,MEC LV Pyramidal,565.2447275074132
branch_and_bound,CA3c Pyramidal,11,self_connection,MEC LV Multipolar Pyramidal,MEC LV Multipolar Pyramidal,201.78698075346315
branch_and_bound,CA3c Pyramidal,12,self_connection,EC LIII V Bipolar Pyramidal,EC LIII V Bipolar Pyramidal,471.82519386819655
branch_and_bound,CA3c Pyramidal,13,self_connection,LEC LIII Multipolar Principal,LEC LIII Multipolar Principal,496.4095848183002
branch_and_bound,CA3c Pyramidal,14,self_connection,LEC LIII Complex Pyramidal,LEC LIII Complex Pyramidal,744.1845437655309
branch_and_bound,CA3c Pyramidal,15,self_connection,EC LV Deep Pyramidal,EC LV Deep Pyramidal,398.1782023002817
branch_and_bound,CA3c Pyramidal,16,self_connection,LEC LVI Multipolar Pyramidal,LEC LVI Multipolar Pyramidal,212.6675576452901
branch_and_bound,CA3c Pyramidal,17,self_connection,EC LIII Pyramidal Stellate,EC LIII Pyramidal Stellate,360.1830629372671
branch_and_bound,CA3c Pyramidal,18,self_connection,MEC LIII Bipolar Complex Pyramidal,MEC LIII Bipolar Complex Pyramidal,176.61548774480949
branch_and_bound,CA3c Pyramidal,19,self_connection,EC LI II Pyramidal Fan,EC LI II Pyramidal Fan,370.7544610085407
branch_and_bound,CA3c Pyramidal,21,self_connection,DG Mossy,DG Mossy,1751.260654032912
branch_and_bound,CA3c Pyramidal,22,self_connection,DG Semilunar Granule,DG Semilunar Granule,40.60469398082807
branch_and_bound,CA3c Pyramidal,23,self_connection,DG Hilar Ectopic Granule,DG Hilar Ectopic Granule,0.9213810801264162
branch_and_bound,CA3c Pyramidal,24,self_connection,CA3 Pyramidal,CA3 Pyramidal,3278.450765697168
branch_and_bound,CA3c Pyramidal,25,self_connection,CA2 Pyramidal,CA2 Pyramidal,2163.138288508038
branch_and_bound,CA3c Pyramidal,1,transition,CA3c Pyramidal,CA1 Pyramidal,85609.60976338176
branch_and_bound,CA3c Pyramidal,2,transition,CA1 Pyramidal,MEC LV VI Pyramidal Polymorphic,13564.64480225756
branch_and_bound,CA3c Pyramidal,3,transition,MEC LV VI Pyramidal Polymorphic,EC LIV VI Deep Multipolar Principal,86.77596588341953
branch_and_bound,CA3c Pyramidal,4,transition,EC LIV VI Deep Multipolar Principal,MEC LIII Complex Pyramidal,1427.516326568439
branch_and_bound,CA3c Pyramidal,5,transition,MEC LIII Complex Pyramidal,EC LI II Multipolar Pyramidal,552.0532459996851
branch_and_bound,CA3c Pyramidal,6,transition,EC LI II Multipolar Pyramidal,EC LII III Pyramidal Tripolar,28854.49238765121
branch_and_bound,CA3c Pyramidal,7,transition,EC LII III Pyramidal Tripolar,MEC LII Stellate,3189.046054691212
branch_and_bound,CA3c Pyramidal,8,transition,MEC LII Stellate,MEC LII III Pyramidal Multiform,2172.4274626996407
branch_and_bound,CA3c Pyramidal,9,transition,MEC LII III Pyramidal Multiform,MEC LV Pyramidal,548.8069668104904
branch_and_bound,CA3c Pyramidal,10,transition,MEC LV Pyramidal,MEC LV Multipolar Pyramidal,662.4278400096001
branch_and_bound,CA3c Pyramidal,11,transition,MEC LV Multipolar Pyramidal,EC LIII V Bipolar Pyramidal,31.88776158532124
branch_and_bound,CA3c Pyramidal,12,transition,EC LIII V Bipolar Pyramidal,LEC LIII Multipolar Principal,1092.637693563088
branch_and_bound,CA3c Pyramidal,13,transition,LEC LIII Multipolar Principal,LEC LIII Complex Pyramidal,556.0635991085179
branch_and_bound,CA3c Pyramidal,14,transition,LEC LIII Complex Pyramidal,EC LV Deep Pyramidal,185.8316194118165
branch_and_bound,CA3c Pyramidal,15,transition,EC LV Deep Pyramidal,LEC LVI Multipolar Pyramidal,608.8907703194651
branch_and_bound,CA3c Pyramidal,16,transition,LEC LVI Multipolar Pyramidal,EC LIII Pyramidal Stellate,138.9942025493572
branch_and_bound,CA3c Pyramidal,17,transition,EC LIII Pyramidal Stellate,MEC LIII Bipolar Complex Pyramidal,418.9168875087689
branch_and_bound,CA3c Pyramidal,18,transition,MEC LIII Bipolar Complex Pyramidal,EC LI II Pyramidal Fan,6.439268930923632
branch_and_bound,CA3c Pyramidal,19,transition,EC LI II Pyramidal Fan,DG Granule,6731.854220776941
branch_and_bound,CA3c Pyramidal,20,transition,DG Granule,DG Mossy,44908.709978571016
branch_and_bound,CA3c Pyramidal,21,transition,DG Mossy,DG Semilunar Granule,50.6486718617241
branch_and_bound,CA3c Pyramidal,22,transition,DG Semilunar Granule,DG Hilar Ectopic Granule,4588.842439594102
branch_and_bound,CA3c Pyramidal,23,transition,DG Hilar Ectopic Granule,CA3 Pyramidal,0.0133035385226386
branch_and_bound,CA3c Pyramidal,24,transition,CA3 Pyramidal,CA2 Pyramidal,12467.302061608583
branch_and_bound,CA3c Pyramidal,25,transition,CA2 Pyramidal,CA3 Granule,592.9863345985209
branch_and_bound,DG Granule,2,self_connection,DG Mossy,DG Mossy,1751.260654032912
branch_and_bound,DG Granule,3,self_connection,DG Hilar Ectopic Granule,DG Hilar Ectopic Granule,0.9213810801264162
branch_and_bound,DG Granule,4,self_connection,CA3 Pyramidal,CA3 Pyramidal,3278.450765697168
branch_and_bound,DG Granule,5,self_connection,CA2 Pyramidal,CA2 Pyramidal,2163.138288508038
branch_and_bound,DG Granule,6,self_connection,CA1 Pyramidal,CA1 Pyramidal,2793.7555172355333
branch_and_bound,DG Granule,7,self_connection,MEC LV VI Pyramidal Polymorphic,MEC LV VI Pyramidal Polymorphic,1336.06008642144
branch_and_bound,DG Granule,8,self_connection,EC LIV VI Deep Multipolar Principal,EC LIV VI Deep Multipolar Principal,1969.34413375272
branch_and_bound,DG Granule,9,self_connection,MEC LIII Complex Pyramidal,MEC LIII Complex Pyramidal,1453.7180710081302
branch_and_bound,DG Granule,10,self_connection,EC LI II Multipolar Pyramidal,EC LI II Multipolar Pyramidal,18296.078460202098
branch_and_bound,DG Granule,11,self_connection,EC LII III Pyramidal Tripolar,EC LII III Pyramidal Tripolar,2277.297842357101
branch_and_bound,DG Granule,14,self_connection,CA3c Pyramidal,CA3c Pyramidal,639.8640695461409
branch_and_bound,DG Granule,1,transition,DG Granule,DG Mossy,44908.709978571016
branch_and_bound,DG Granule,2,transition,DG Mossy,DG Hilar Ectopic Granule,2119.754290320353
branch_and_bound,DG Granule,3,transition,DG Hilar Ectopic Granule,CA3 Pyramidal,0.0133035385226386
branch_and_bound,DG Granule,4,transition,CA3 Pyramidal,CA2 Pyramidal,12467.302061608583
branch_and_bound,DG Granule,5,transition,CA2 Pyramidal,CA1 Pyramidal,5532.563189259333
branch_and_bound,DG Granule,6,transition,CA1 Pyramidal,MEC LV VI Pyramidal Polymorphic,13564.64480225756
branch_and_bound,DG Granule,7,transition,MEC LV VI Pyramidal Polymorphic,EC LIV VI Deep Multipolar Principal,86.77596588341953
branch_and_bound,DG Granule,8,transition,EC LIV VI Deep Multipolar Principal,MEC LIII Complex Pyramidal,1427.516326568439
branch_and_bound,DG Granule,9,transition,MEC LIII Complex Pyramidal,EC LI II Multipolar Pyramidal,552.0532459996851
branch_and_bound,DG Granule,10,transition,EC LI II Multipolar Pyramidal,EC LII III Pyramidal Tripolar,28854.49238765121
branch_and_bound,DG Granule,11,transition,EC LII III Pyramidal Tripolar,MEC LII Stellate,3189.046054691212
branch_and_bound,DG Granule,12,transition,MEC LII Stellate,CA3 Granule,19640.6765649223
branch_and_bound,DG Granule,13,transition,CA3 Granule,CA3c Pyramidal,2.280811281935155
branch_and_bound,DG Granule,14,transition,CA3c Pyramidal,CA1 Radiatum Giant,4064.510468839344
branch_and_bound,DG Hilar Ectopic Granule,1,self_connection,DG Hilar Ectopic Granule,DG Hilar Ectopic Granule,0.9213810801264162
branch_and_bound,DG Hilar Ectopic Granule,2,self_connection,CA3 Pyramidal,CA3 Pyramidal,3278.450765697168
branch_and_bound,DG Hilar Ectopic Granule,3,self_connection,CA2 Pyramidal,CA2 Pyramidal,2163.138288508038
branch_and_bound,DG Hilar Ectopic Granule,4,self_connection,CA1 Pyramidal,CA1 Pyramidal,2793.7555172355333
branch_and_bound,DG Hilar Ectopic Granule,5,self_connection,MEC LV VI Pyramidal Polymorphic,MEC LV VI Pyramidal Polymorphic,1336.06008642144
branch_and_bound,DG Hilar Ectopic Granule,6,self_connection,EC LIV VI Deep Multipolar Principal,EC LIV VI Deep Multipolar Principal,1969.34413375272
branch_and_bound,DG Hilar Ectopic Granule,7,self_connection,MEC LIII Complex Pyramidal,MEC LIII Complex Pyramidal,1453.7180710081302
branch_and_bound,DG Hilar Ectopic Granule,8,self_connection,EC LI II Multipolar Pyramidal,EC LI II Multipolar Pyramidal,18296.078460202098
branch_and_bound,DG Hilar Ectopic Granule,9,self_connection,EC LII III Pyramidal Tripolar,EC LII III Pyramidal Tripolar,2277.297842357101
branch_and_bound,DG Hilar Ectopic Granule,12,self_connection,CA3c Pyramidal,CA3c Pyramidal,639.8640695461409
branch_and_bound,DG Hilar Ectopic Granule,14,self_connection,DG Mossy,DG Mossy,1751.260654032912
branch_and_bound,DG Hilar Ectopic Granule,15,self_connection,DG Semilunar Granule,DG Semilunar Granule,40.60469398082807
branch_and_bound,DG Hilar Ectopic Granule,1,transition,DG Hilar Ectopic Granule,CA3 Pyramidal,0.0133035385226386
branch_and_bound,DG Hilar Ectopic Granule,2,transition,CA3 Pyramidal,CA2 Pyramidal,12467.302061608583
branch_and_bound,DG Hilar Ectopic Granule,3,transition,CA2 Pyramidal,CA1 Pyramidal,5532.563189259333
branch_and_bound,DG Hilar Ectopic Granule,4,transition,CA1 Pyramidal,MEC LV VI Pyramidal Polymorphic,13564.64480225756
branch_and_bound,DG Hilar Ectopic Granule,5,transition,MEC LV VI Pyramidal Polymorphic,EC LIV VI Deep Multipolar Principal,86.77596588341953
branch_and_bound,DG Hilar Ectopic Granule,6,transition,EC LIV VI Deep Multipolar Principal,MEC LIII Complex Pyramidal,1427.516326568439
branch_and_bound,DG Hilar Ectopic Granule,7,transition,MEC LIII Complex Pyramidal,EC LI II Multipolar Pyramidal,552.0532459996851
branch_and_bound,DG Hilar Ectopic Granule,8,transition,EC LI II Multipolar Pyramidal,EC LII III Pyramidal Tripolar,28854.49238765121
branch_and_bound,DG Hilar Ectopic Granule,9,transition,EC LII III Pyramidal Tripolar,MEC LII Stellate,3189.046054691212
branch_and_bound,DG Hilar Ectopic Granule,10,transition,MEC LII Stellate,CA3 Granule,19640.6765649223
branch_and_bound,DG Hilar Ectopic Granule,11,transition,CA3 Granule,CA3c Pyramidal,2.280811281935155
branch_and_bound,DG Hilar Ectopic Granule,12,transition,CA3c Pyramidal,DG Granule,7159.489110348726
branch_and_bound,DG Hilar Ectopic Granule,13,transition,DG Granule,DG Mossy,44908.709978571016
branch_and_bound,DG Hilar Ectopic Granule,14,transition,DG Mossy,DG Semilunar Granule,50.6486718617241
branch_and_bound,DG Mossy,1,self_connection,DG Mossy,DG Mossy,1751.260654032912
branch_and_bound,DG Mossy,2,self_connection,DG Hilar Ectopic Granule,DG Hilar Ectopic Granule,0.9213810801264162
branch_and_bound,DG Mossy,3,self_connection,CA3 Pyramidal,CA3 Pyramidal,3278.450765697168
branch_and_bound,DG Mossy,4,self_connection,CA2 Pyramidal,CA2 Pyramidal,2163.138288508038
branch_and_bound,DG Mossy,5,self_connection,CA1 Pyramidal,CA1 Pyramidal,2793.7555172355333
branch_and_bound,DG Mossy,6,self_connection,MEC LV VI Pyramidal Polymorphic,MEC LV VI Pyramidal Polymorphic,1336.06008642144
branch_and_bound,DG Mossy,7,self_connection,EC LIV VI Deep Multipolar Principal,EC LIV VI Deep Multipolar Principal,1969.34413375272
branch_and_bound,DG Mossy,8,self_connection,MEC LIII Complex Pyramidal,MEC LIII Complex Pyramidal,1453.7180710081302
branch_and_bound,DG Mossy,9,self_connection,EC LI II Multipolar Pyramidal,EC LI II Multipolar Pyramidal,18296.078460202098
branch_and_bound,DG Mossy,10,self_connection,EC LII III Pyramidal Tripolar,EC LII III Pyramidal Tripolar,2277.297842357101
branch_and_bound,DG Mossy,13,self_connection,CA3c Pyramidal,CA3c Pyramidal,639.8640695461409
branch_and_bound,DG Mossy,1,transition,DG Mossy,DG Hilar Ectopic Granule,2119.754290320353
branch_and_bound,DG Mossy,2,transition,DG Hilar Ectopic Granule,CA3 Pyramidal,0.0133035385226386
branch_and_bound,DG Mossy,3,transition,CA3 Pyramidal,CA2 Pyramidal,12467.302061608583
branch_and_bound,DG Mossy,4,transition,CA2 Pyramidal,CA1 Pyramidal,5532.563189259333
branch_and_bound,DG Mossy,5,transition,CA1 Pyramidal,MEC LV VI Pyramidal Polymorphic,13564.64480225756
branch_and_bound,DG Mossy,6,transition,MEC LV VI Pyramidal Polymorphic,EC LIV VI Deep Multipolar Principal,86.77596588341953
branch_and_bound,DG Mossy,7,transition,EC LIV VI Deep Multipolar Principal,MEC LIII Complex Pyramidal,1427.516326568439
branch_and_bound,DG Mossy,8,transition,MEC LIII Complex Pyramidal,EC LI II Multipolar Pyramidal,552.0532459996851
branch_and_bound,DG Mossy,9,transition,EC LI II Multipolar Pyramidal,EC LII III Pyramidal Tripolar,28854.49238765121
branch_and_bound,DG Mossy,10,transition,EC LII III Pyramidal Tripolar,MEC LII Stellate,3189.046054691212
branch_and_bound,DG Mossy,11,transition,MEC LII Stellate,CA3 Granule,19640.6765649223
branch_and_bound,DG Mossy,12,transition,CA3 Granule,CA3c Pyramidal,2.280811281935155
branch_and_bound,DG Mossy,13,transition,CA3c Pyramidal,DG Granule,7159.489110348726
branch_and_bound,DG Semilunar Granule,1,self_connection,DG Semilunar Granule,DG Semilunar Granule,40.60469398082807
branch_and_bound,DG Semilunar Granule,2,self_connection,DG Mossy,DG Mossy,1751.260654032912
branch_and_bound,DG Semilunar Granule,3,self_connection,DG Hilar Ectopic Granule,DG Hilar Ectopic Granule,0.9213810801264162
branch_and_bound,DG Semilunar Granule,4,self_connection,CA3 Pyramidal,CA3 Pyramidal,3278.450765697168
branch_and_bound,DG Semilunar Granule,5,self_connection,CA2 Pyramidal,CA2 Pyramidal,2163.138288508038
branch_and_bound,DG Semilunar Granule,6,self_connection,CA1 Pyramidal,CA1 Pyramidal,2793.7555172355333
branch_and_bound,DG Semilunar Granule,7,self_connection,MEC LV VI Pyramidal Polymorphic,MEC LV VI Pyramidal Polymorphic,1336.06008642144
branch_and_bound,DG Semilunar Granule,8,self_connection,EC LIV VI Deep Multipolar Principal,EC LIV VI Deep Multipolar Principal,1969.34413375272
branch_and_bound,DG Semilunar Granule,9,self_connection,MEC LIII Complex Pyramidal,MEC LIII Complex Pyramidal,1453.7180710081302
branch_and_bound,DG Semilunar Granule,10,self_connection,EC LI II Multipolar Pyramidal,EC LI II Multipolar Pyramidal,18296.078460202098
branch_and_bound,DG Semilunar Granule,11,self_connection,EC LII III Pyramidal Tripolar,EC LII III Pyramidal Tripolar,2277.297842357101
branch_and_bound,DG Semilunar Granule,14,self_connection,CA3c Pyramidal,CA3c Pyramidal,639.8640695461409
branch_and_bound,DG Semilunar Granule,1,transition,DG Semilunar Granule,DG Mossy,5155.105798787127
branch_and_bound,DG Semilunar Granule,2,transition,DG Mossy,DG Hilar Ectopic Granule,2119.754290320353
branch_and_bound,DG Semilunar Granule,3,transition,DG Hilar Ectopic Granule,CA3 Pyramidal,0.0133035385226386
branch_and_bound,DG Semilunar Granule,4,transition,CA3 Pyramidal,CA2 Pyramidal,12467.302061608583
branch_and_bound,DG Semilunar Granule,5,transition,CA2 Pyramidal,CA1 Pyramidal,5532.563189259333
branch_and_bound,DG Semilunar Granule,6,transition,CA1 Pyramidal,MEC LV VI Pyramidal Polymorphic,13564.64480225756
branch_and_bound,DG Semilunar Granule,7,transition,MEC LV VI Pyramidal Polymorphic,EC LIV VI Deep Multipolar Principal,86.77596588341953
branch_and_bound,DG Semilunar Granule,8,transition,EC LIV VI Deep Multipolar Principal,MEC LIII Complex Pyramidal,1427.516326568439
branch_and_bound,DG Semilunar Granule,9,transition,MEC LIII Complex Pyramidal,EC LI II Multipolar Pyramidal,552.0532459996851
branch_and_bound,DG Semilunar Granule,10,transition,EC LI II Multipolar Pyramidal,EC LII III Pyramidal Tripolar,28854.49238765121
branch_and_bound,DG Semilunar Granule,11,transition,EC LII III Pyramidal Tripolar,MEC LII Stellate,3189.046054691212
branch_and_bound,DG Semilunar Granule,12,transition,MEC LII Stellate,CA3 Granule,19640.6765649223
branch_and_bound,DG Semilunar Granule,13,transition,CA3 Granule,CA3c Pyramidal,2.280811281935155
branch_and_bound,DG Semilunar Granule,14,transition,CA3c Pyramidal,DG Granule,7159.489110348726
branch_and_bound,EC LI II Multipolar Pyramidal,1,self_connection,EC LI II Multipolar Pyramidal,EC LI II Multipolar Pyramidal,18296.078460202098
branch_and_bound,EC LI II Multipolar Pyramidal,2,self_connection,EC LII III Pyramidal Tripolar,EC LII III Pyramidal Tripolar,2277.297842357101
branch_and_bound,EC LI II Multipolar Pyramidal,3,self_connection,MEC LIII Complex Pyramidal,MEC LIII Complex Pyramidal,1453.7180710081302
branch_and_bound,EC LI II Multipolar Pyramidal,4,self_connection,EC LIV VI Deep Multipolar Principal,EC LIV VI Deep Multipolar Principal,1969.34413375272
branch_and_bound,EC LI II Multipolar Pyramidal,5,self_connection,MEC LV VI Pyramidal Polymorphic,MEC LV VI Pyramidal Polymorphic,1336.06008642144
branch_and_bound,EC LI II Multipolar Pyramidal,6,self_connection,EC LV Deep Pyramidal,EC LV Deep Pyramidal,398.1782023002817
branch_and_bound,EC LI II Multipolar Pyramidal,7,self_connection,LEC LVI Multipolar Pyramidal,LEC LVI Multipolar Pyramidal,212.6675576452901
branch_and_bound,EC LI II Multipolar Pyramidal,8,self_connection,LEC LIII Complex Pyramidal,LEC LIII Complex Pyramidal,744.1845437655309
branch_and_bound,EC LI II Multipolar Pyramidal,9,self_connection,LEC LIII Multipolar Principal,LEC LIII Multipolar Principal,496.4095848183002
branch_and_bound,EC LI II Multipolar Pyramidal,10,self_connection,EC LIII Pyramidal Stellate,EC LIII Pyramidal Stellate,360.1830629372671
branch_and_bound,EC LI II Multipolar Pyramidal,11,self_connection,CA1 Pyramidal,CA1 Pyramidal,2793.7555172355333
branch_and_bound,EC LI II Multipolar Pyramidal,12,self_connection,EC LIII V Bipolar Pyramidal,EC LIII V Bipolar Pyramidal,471.82519386819655
branch_and_bound,EC LI II Multipolar Pyramidal,13,self_connection,MEC LV Pyramidal,MEC LV Pyramidal,565.2447275074132
branch_and_bound,EC LI II Multipolar Pyramidal,15,self_connection,MEC LII III Pyramidal Multiform,MEC LII III Pyramidal Multiform,307.79730677822744
branch_and_bound,EC LI II Multipolar Pyramidal,16,self_connection,MEC LV Multipolar Pyramidal,MEC LV Multipolar Pyramidal,201.78698075346315
branch_and_bound,EC LI II Multipolar Pyramidal,17,self_connection,EC LIII Pyramidal,EC LIII Pyramidal,17.545063132735347
branch_and_bound,EC LI II Multipolar Pyramidal,18,self_connection,EC LIII Stellate,EC LIII Stellate,60.68453664121218
branch_and_bound,EC LI II Multipolar Pyramidal,19,self_connection,MEC LIII Bipolar Complex Pyramidal,MEC LIII Bipolar Complex Pyramidal,176.61548774480949
branch_and_bound,EC LI II Multipolar Pyramidal,20,self_connection,EC LI II Pyramidal Fan,EC LI II Pyramidal Fan,370.7544610085407
branch_and_bound,EC LI II Multipolar Pyramidal,22,self_connection,DG Mossy,DG Mossy,1751.260654032912
branch_and_bound,EC LI II Multipolar Pyramidal,23,self_connection,DG Semilunar Granule,DG Semilunar Granule,40.60469398082807
branch_and_bound,EC LI II Multipolar Pyramidal,24,self_connection,DG Hilar Ectopic Granule,DG Hilar Ectopic Granule,0.9213810801264162
branch_and_bound,EC LI II Multipolar Pyramidal,25,self_connection,CA3 Pyramidal,CA3 Pyramidal,3278.450765697168
branch_and_bound,EC LI II Multipolar Pyramidal,26,self_connection,CA3c Pyramidal,CA3c Pyramidal,639.8640695461409
branch_and_bound,EC LI II Multipolar Pyramidal,27,self_connection,CA2 Pyramidal,CA2 Pyramidal,2163.138288508038
branch_and_bound,EC LI II Multipolar Pyramidal,1,transition,EC LI II Multipolar Pyramidal,EC LII III Pyramidal Tripolar,28854.49238765121
branch_and_bound,EC LI II Multipolar Pyramidal,2,transition,EC LII III Pyramidal Tripolar,MEC LIII Complex Pyramidal,2488.1460458320303
branch_and_bound,EC LI II Multipolar Pyramidal,3,transition,MEC LIII Complex Pyramidal,EC LIV VI Deep Multipolar Principal,19.766329709718363
branch_and_bound,EC LI II Multipolar Pyramidal,4,transition,EC LIV VI Deep Multipolar Principal,MEC LV VI Pyramidal Polymorphic,2582.023382309931
branch_and_bound,EC LI II Multipolar Pyramidal,5,transition,MEC LV VI Pyramidal Polymorphic,EC LV Deep Pyramidal,78.22850736136446
branch_and_bound,EC LI II Multipolar Pyramidal,6,transition,EC LV Deep Pyramidal,LEC LVI Multipolar Pyramidal,608.8907703194651
branch_and_bound,EC LI II Multipolar Pyramidal,7,transition,LEC LVI Multipolar Pyramidal,LEC LIII Complex Pyramidal,175.93242994355498
branch_and_bound,EC LI II Multipolar Pyramidal,8,transition,LEC LIII Complex Pyramidal,LEC LIII Multipolar Principal,814.9191961799069
branch_and_bound,EC LI II Multipolar Pyramidal,9,transition,LEC LIII Multipolar Principal,EC LIII Pyramidal Stellate,406.0536249631236
branch_and_bound,EC LI II Multipolar Pyramidal,10,transition,EC LIII Pyramidal Stellate,CA1 Pyramidal,5351.494110639728
branch_and_bound,EC LI II Multipolar Pyramidal,11,transition,CA1 Pyramidal,EC LIII V Bipolar Pyramidal,5659.759259805604
branch_and_bound,EC LI II Multipolar Pyramidal,12,transition,EC LIII V Bipolar Pyramidal,MEC LV Pyramidal,226.0217597456127
branch_and_bound,EC LI II Multipolar Pyramidal,13,transition,MEC LV Pyramidal,MEC LII Stellate,900.6001307658568
branch_and_bound,EC LI II Multipolar Pyramidal,14,transition,MEC LII Stellate,MEC LII III Pyramidal Multiform,2172.4274626996407
branch_and_bound,EC LI II Multipolar Pyramidal,15,transition,MEC LII III Pyramidal Multiform,MEC LV Multipolar Pyramidal,750.744376370936
branch_and_bound,EC LI II Multipolar Pyramidal,16,transition,MEC LV Multipolar Pyramidal,EC LIII Pyramidal,26.53458883572656
branch_and_bound,EC LI II Multipolar Pyramidal,17,transition,EC LIII Pyramidal,EC LIII Stellate,16.121135143574193
branch_and_bound,EC LI II Multipolar Pyramidal,18,transition,EC LIII Stellate,MEC LIII Bipolar Complex Pyramidal,110.49107949247347
branch_and_bound,EC LI II Multipolar Pyramidal,19,transition,MEC LIII Bipolar Complex Pyramidal,EC LI II Pyramidal Fan,6.439268930923632
branch_and_bound,EC LI II Multipolar Pyramidal,20,transition,EC LI II Pyramidal Fan,DG Granule,6731.854220776941
branch_and_bound,EC LI II Multipolar Pyramidal,21,transition,DG Granule,DG Mossy,44908.709978571016
branch_and_bound,EC LI II Multipolar Pyramidal,22,transition,DG Mossy,DG Semilunar Granule,50.6486718617241
branch_and_bound,EC LI II Multipolar Pyramidal,23,transition,DG Semilunar Granule,DG Hilar Ectopic Granule,4588.842439594102
branch_and_bound,EC LI II Multipolar Pyramidal,24,transition,DG Hilar Ectopic Granule,CA3 Pyramidal,0.0133035385226386
branch_and_bound,EC LI II Multipolar Pyramidal,25,transition,CA3 Pyramidal,CA3c Pyramidal,6774.278639391325
branch_and_bound,EC LI II Multipolar Pyramidal,26,transition,CA3c Pyramidal,CA2 Pyramidal,24424.53581944845
branch_and_bound,EC LI II Multipolar Pyramidal,27,transition,CA2 Pyramidal,CA3 Granule,592.9863345985209
branch_and_bound,EC LI II Pyramidal Fan,1,self_connection,EC LI II Pyramidal Fan,EC LI II Pyramidal Fan,370.7544610085407
branch_and_bound,EC LI II Pyramidal Fan,2,self_connection,EC LI II Multipolar Pyramidal,EC LI II Multipolar Pyramidal,18296.078460202098
branch_and_bound,EC LI II Pyramidal Fan,3,self_connection,EC LII III Pyramidal Tripolar,EC LII III Pyramidal Tripolar,2277.297842357101
branch_and_bound,EC LI II Pyramidal Fan,4,self_connection,MEC LIII Complex Pyramidal,MEC LIII Complex Pyramidal,1453.7180710081302
branch_and_bound,EC LI II Pyramidal Fan,5,self_connection,EC LIV VI Deep Multipolar Principal,EC LIV VI Deep Multipolar Principal,1969.34413375272
branch_and_bound,EC LI II Pyramidal Fan,6,self_connection,MEC LV VI Pyramidal Polymorphic,MEC LV VI Pyramidal Polymorphic,1336.06008642144
branch_and_bound,EC LI II Pyramidal Fan,7,self_connection,EC LV Deep Pyramidal,EC LV Deep Pyramidal,398.1782023002817
branch_and_bound,EC LI II Pyramidal Fan,8,self_connection,LEC LVI Multipolar Pyramidal,LEC LVI Multipolar Pyramidal,212.6675576452901
branch_and_bound,EC LI II Pyramidal Fan,9,self_connection,LEC LIII Complex Pyramidal,LEC LIII Complex Pyramidal,744.1845437655309
branch_and_bound,EC LI II Pyramidal Fan,10,self_connection,LEC LIII Multipolar Principal,LEC LIII Multipolar Principal,496.4095848183002
branch_and_bound,EC LI II Pyramidal Fan,11,self_connection,EC LIII Pyramidal Stellate,EC LIII Pyramidal Stellate,360.1830629372671
branch_and_bound,EC LI II Pyramidal Fan,12,self_connection,CA1 Pyramidal,CA1 Pyramidal,2793.7555172355333
branch_and_bound,EC LI II Pyramidal Fan,13,self_connection,EC LIII V Bipolar Pyramidal,EC LIII V Bipolar Pyramidal,471.82519386819655
branch_and_bound,EC LI II Pyramidal Fan,14,self_connection,MEC LV Pyramidal,MEC LV Pyramidal,565.2447275074132
branch_and_bound,EC LI II Pyramidal Fan,15,self_connection,MEC LV Multipolar Pyramidal,MEC LV Multipolar Pyramidal,201.78698075346315
branch_and_bound,EC LI II Pyramidal Fan,16,self_connection,MEC LII III Pyramidal Multiform,MEC LII III Pyramidal Multiform,307.79730677822744
branch_and_bound,EC LI II Pyramidal Fan,19,self_connection,CA3 Pyramidal,CA3 Pyramidal,3278.450765697168
branch_and_bound,EC LI II Pyramidal Fan,20,self_connection,CA2 Pyramidal,CA2 Pyramidal,2163.138288508038
branch_and_bound,EC LI II Pyramidal Fan,21,self_connection,CA3c Pyramidal,CA3c Pyramidal,639.8640695461409
branch_and_bound,EC LI II Pyramidal Fan,23,self_connection,DG Mossy,DG Mossy,1751.260654032912
branch_and_bound,EC LI II Pyramidal Fan,24,self_connection,DG Semilunar Granule,DG Semilunar Granule,40.60469398082807
branch_and_bound,EC LI II Pyramidal Fan,25,self_connection,DG Hilar Ectopic Granule,DG Hilar Ectopic Granule,0.9213810801264162
branch_and_bound,EC LI II Pyramidal Fan,1,transition,EC LI II Pyramidal Fan,EC LI II Multipolar Pyramidal,7472.437106847604
branch_and_bound,EC LI II Pyramidal Fan,2,transition,EC LI II Multipolar Pyramidal,EC LII III Pyramidal Tripolar,28854.49238765121
branch_and_bound,EC LI II Pyramidal Fan,3,transition,EC LII III Pyramidal Tripolar,MEC LIII Complex Pyramidal,2488.1460458320303
branch_and_bound,EC LI II Pyramidal Fan,4,transition,MEC LIII Complex Pyramidal,EC LIV VI Deep Multipolar Principal,19.766329709718363
branch_and_bound,EC LI II Pyramidal Fan,5,transition,EC LIV VI Deep Multipolar Principal,MEC LV VI Pyramidal Polymorphic,2582.023382309931
branch_and_bound,EC LI II Pyramidal Fan,6,transition,MEC LV VI Pyramidal Polymorphic,EC LV Deep Pyramidal,78.22850736136446
branch_and_bound,EC LI II Pyramidal Fan,7,transition,EC LV Deep Pyramidal,LEC LVI Multipolar Pyramidal,608.8907703194651
branch_and_bound,EC LI II Pyramidal Fan,8,transition,LEC LVI Multipolar Pyramidal,LEC LIII Complex Pyramidal,175.93242994355498
branch_and_bound,EC LI II Pyramidal Fan,9,transition,LEC LIII Complex Pyramidal,LEC LIII Multipolar Principal,814.9191961799069
branch_and_bound,EC LI II Pyramidal Fan,10,transition,LEC LIII Multipolar Principal,EC LIII Pyramidal Stellate,406.0536249631236
branch_and_bound,EC LI II Pyramidal Fan,11,transition,EC LIII Pyramidal Stellate,CA1 Pyramidal,5351.494110639728
branch_and_bound,EC LI II Pyramidal Fan,12,transition,CA1 Pyramidal,EC LIII V Bipolar Pyramidal,5659.759259805604
branch_and_bound,EC LI II Pyramidal Fan,13,transition,EC LIII V Bipolar Pyramidal,MEC LV Pyramidal,226.0217597456127
branch_and_bound,EC LI II Pyramidal Fan,14,transition,MEC LV Pyramidal,MEC LV Multipolar Pyramidal,662.4278400096001
branch_and_bound,EC LI II Pyramidal Fan,15,transition,MEC LV Multipolar Pyramidal,MEC LII III Pyramidal Multiform,86.53322359735522
branch_and_bound,EC LI II Pyramidal Fan,16,transition,MEC LII III Pyramidal Multiform,MEC LII Stellate,308.0929075038045
branch_and_bound,EC LI II Pyramidal Fan,17,transition,MEC LII Stellate,CA3 Granule,19640.6765649223
branch_and_bound,EC LI II Pyramidal Fan,18,transition,CA3 Granule,CA3 Pyramidal,0.942018883295193
branch_and_bound,EC LI II Pyramidal Fan,19,transition,CA3 Pyramidal,CA2 Pyramidal,12467.302061608583
branch_and_bound,EC LI II Pyramidal Fan,20,transition,CA2 Pyramidal,CA3c Pyramidal,2212.266414990227
branch_and_bound,EC LI II Pyramidal Fan,21,transition,CA3c Pyramidal,DG Granule,7159.489110348726
branch_and_bound,EC LI II Pyramidal Fan,22,transition,DG Granule,DG Mossy,44908.709978571016
branch_and_bound,EC LI II Pyramidal Fan,23,transition,DG Mossy,DG Semilunar Granule,50.6486718617241
branch_and_bound,EC LI II Pyramidal Fan,24,transition,DG Semilunar Granule,DG Hilar Ectopic Granule,4588.842439594102
branch_and_bound,EC LII III Pyramidal Tripolar,1,self_connection,EC LII III Pyramidal Tripolar,EC LII III Pyramidal Tripolar,2277.297842357101
branch_and_bound,EC LII III Pyramidal Tripolar,2,self_connection,EC LI II Multipolar Pyramidal,EC LI II Multipolar Pyramidal,18296.078460202098
branch_and_bound,EC LII III Pyramidal Tripolar,3,self_connection,MEC LIII Bipolar Complex Pyramidal,MEC LIII Bipolar Complex Pyramidal,176.61548774480949
branch_and_bound,EC LII III Pyramidal Tripolar,4,self_connection,MEC LIII Complex Pyramidal,MEC LIII Complex Pyramidal,1453.7180710081302
branch_and_bound,EC LII III Pyramidal Tripolar,5,self_connection,EC LIV VI Deep Multipolar Principal,EC LIV VI Deep Multipolar Principal,1969.34413375272
branch_and_bound,EC LII III Pyramidal Tripolar,6,self_connection,MEC LV VI Pyramidal Polymorphic,MEC LV VI Pyramidal Polymorphic,1336.06008642144
branch_and_bound,EC LII III Pyramidal Tripolar,7,self_connection,EC LV Deep Pyramidal,EC LV Deep Pyramidal,398.1782023002817
branch_and_bound,EC LII III Pyramidal Tripolar,8,self_connection,LEC LVI Multipolar Pyramidal,LEC LVI Multipolar Pyramidal,212.6675576452901
branch_and_bound,EC LII III Pyramidal Tripolar,9,self_connection,LEC LIII Complex Pyramidal,LEC LIII Complex Pyramidal,744.1845437655309
branch_and_bound,EC LII III Pyramidal Tripolar,10,self_connection,LEC LIII Multipolar Principal,LEC LIII Multipolar Principal,496.4095848183002
branch_and_bound,EC LII III Pyramidal Tripolar,11,self_connection,EC LIII Pyramidal Stellate,EC LIII Pyramidal Stellate,360.1830629372671
branch_and_bound,EC LII III Pyramidal Tripolar,12,self_connection,CA1 Pyramidal,CA1 Pyramidal,2793.7555172355333
branch_and_bound,EC LII III Pyramidal Tripolar,13,self_connection,EC LIII V Bipolar Pyramidal,EC LIII V Bipolar Pyramidal,471.82519386819655
branch_and_bound,EC LII III Pyramidal Tripolar,14,self_connection,MEC LV Pyramidal,MEC LV Pyramidal,565.2447275074132
branch_and_bound,EC LII III Pyramidal Tripolar,16,self_connection,MEC LII III Pyramidal Multiform,MEC LII III Pyramidal Multiform,307.79730677822744
branch_and_bound,EC LII III Pyramidal Tripolar,17,self_connection,MEC LV Superficial Pyramidal,MEC LV Superficial Pyramidal,104.14348764746217
branch_and_bound,EC LII III Pyramidal Tripolar,18,self_connection,EC LI II Pyramidal Fan,EC LI II Pyramidal Fan,370.7544610085407
branch_and_bound,EC LII III Pyramidal Tripolar,20,self_connection,DG Mossy,DG Mossy,1751.260654032912
branch_and_bound,EC LII III Pyramidal Tripolar,21,self_connection,DG Semilunar Granule,DG Semilunar Granule,40.60469398082807
branch_and_bound,EC LII III Pyramidal Tripolar,22,self_connection,DG Hilar Ectopic Granule,DG Hilar Ectopic Granule,0.9213810801264162
branch_and_bound,EC LII III Pyramidal Tripolar,23,self_connection,CA3 Pyramidal,CA3 Pyramidal,3278.450765697168
branch_and_bound,EC LII III Pyramidal Tripolar,24,self_connection,CA3c Pyramidal,CA3c Pyramidal,639.8640695461409
branch_and_bound,EC LII III Pyramidal Tripolar,25,self_connection,CA2 Pyramidal,CA2 Pyramidal,2163.138288508038
branch_and_bound,EC LII III Pyramidal Tripolar,1,transition,EC LII III Pyramidal Tripolar,EC LI II Multipolar Pyramidal,4216.395703649579
branch_and_bound,EC LII III Pyramidal Tripolar,2,transition,EC LI II Multipolar Pyramidal,MEC LIII Bipolar Complex Pyramidal,30698.001365671505
branch_and_bound,EC LII III Pyramidal Tripolar,3,transition,MEC LIII Bipolar Complex Pyramidal,MEC LIII Complex Pyramidal,861.1914192115519
branch_and_bound,EC LII III Pyramidal Tripolar,4,transition,MEC LIII Complex Pyramidal,EC LIV VI Deep Multipolar Principal,19.766329709718363
branch_and_bound,EC LII III Pyramidal Tripolar,5,transition,EC LIV VI Deep Multipolar Principal,MEC LV VI Pyramidal Polymorphic,2582.023382309931
branch_and_bound,EC LII III Pyramidal Tripolar,6,transition,MEC LV VI Pyramidal Polymorphic,EC LV Deep Pyramidal,78.22850736136446
branch_and_bound,EC LII III Pyramidal Tripolar,7,transition,EC LV Deep Pyramidal,LEC LVI Multipolar Pyramidal,608.8907703194651
branch_and_bound,EC LII III Pyramidal Tripolar,8,transition,LEC LVI Multipolar Pyramidal,LEC LIII Complex Pyramidal,175.93242994355498
branch_and_bound,EC LII III Pyramidal Tripolar,9,transition,LEC LIII Complex Pyramidal,LEC LIII Multipolar Principal,814.9191961799069
branch_and_bound,EC LII III Pyramidal Tripolar,10,transition,LEC LIII Multipolar Principal,EC LIII Pyramidal Stellate,406.0536249631236
branch_and_bound,EC LII III Pyramidal Tripolar,11,transition,EC LIII Pyramidal Stellate,CA1 Pyramidal,5351.494110639728
branch_and_bound,EC LII III Pyramidal Tripolar,12,transition,CA1 Pyramidal,EC LIII V Bipolar Pyramidal,5659.759259805604
branch_and_bound,EC LII III Pyramidal Tripolar,13,transition,EC LIII V Bipolar Pyramidal,MEC LV Pyramidal,226.0217597456127
branch_and_bound,EC LII III Pyramidal Tripolar,14,transition,MEC LV Pyramidal,MEC LII Stellate,900.6001307658568
branch_and_bound,EC LII III Pyramidal Tripolar,15,transition,MEC LII Stellate,MEC LII III Pyramidal Multiform,2172.4274626996407
branch_and_bound,EC LII III Pyramidal Tripolar,16,transition,MEC LII III Pyramidal Multiform,MEC LV Superficial Pyramidal,589.7870748828476
branch_and_bound,EC LII III Pyramidal Tripolar,17,transition,MEC LV Superficial Pyramidal,EC LI II Pyramidal Fan,3.037796001788656
branch_and_bound,EC LII III Pyramidal Tripolar,18,transition,EC LI II Pyramidal Fan,DG Granule,6731.854220776941
branch_and_bound,EC LII III Pyramidal Tripolar,19,transition,DG Granule,DG Mossy,44908.709978571016
branch_and_bound,EC LII III Pyramidal Tripolar,20,transition,DG Mossy,DG Semilunar Granule,50.6486718617241
branch_and_bound,EC LII III Pyramidal Tripolar,21,transition,DG Semilunar Granule,DG Hilar Ectopic Granule,4588.842439594102
branch_and_bound,EC LII III Pyramidal Tripolar,22,transition,DG Hilar Ectopic Granule,CA3 Pyramidal,0.0133035385226386
branch_and_bound,EC LII III Pyramidal Tripolar,23,transition,CA3 Pyramidal,CA3c Pyramidal,6774.278639391325
branch_and_bound,EC LII III Pyramidal Tripolar,24,transition,CA3c Pyramidal,CA2 Pyramidal,24424.53581944845
branch_and_bound,EC LII III Pyramidal Tripolar,25,transition,CA2 Pyramidal,CA3 Granule,592.9863345985209
branch_and_bound,EC LIII Pyramidal,1,self_connection,EC LIII Pyramidal,EC LIII Pyramidal,17.545063132735347
branch_and_bound,EC LIII Pyramidal,2,self_connection,CA1 Pyramidal,CA1 Pyramidal,2793.7555172355333
branch_and_bound,EC LIII Pyramidal,3,self_connection,MEC LV VI Pyramidal Polymorphic,MEC LV VI Pyramidal Polymorphic,1336.06008642144
branch_and_bound,EC LIII Pyramidal,4,self_connection,EC LIV VI Deep Multipolar Principal,EC LIV VI Deep Multipolar Principal,1969.34413375272
branch_and_bound,EC LIII Pyramidal,5,self_connection,MEC LIII Complex Pyramidal,MEC LIII Complex Pyramidal,1453.7180710081302
branch_and_bound,EC LIII Pyramidal,6,self_connection,EC LI II Multipolar Pyramidal,EC LI II Multipolar Pyramidal,18296.078460202098
branch_and_bound,EC LIII Pyramidal,7,self_connection,EC LII III Pyramidal Tripolar,EC LII III Pyramidal Tripolar,2277.297842357101
branch_and_bound,EC LIII Pyramidal,9,self_connection,MEC LII III Pyramidal Multiform,MEC LII III Pyramidal Multiform,307.79730677822744
branch_and_bound,EC LIII Pyramidal,10,self_connection,MEC LV Pyramidal,MEC LV Pyramidal,565.2447275074132
branch_and_bound,EC LIII Pyramidal,11,self_connection,MEC LV Multipolar Pyramidal,MEC LV Multipolar Pyramidal,201.78698075346315
branch_and_bound,EC LIII Pyramidal,12,self_connection,EC LIII V Bipolar Pyramidal,EC LIII V Bipolar Pyramidal,471.82519386819655
branch_and_bound,EC LIII Pyramidal,13,self_connection,LEC LIII Multipolar Principal,LEC LIII Multipolar Principal,496.4095848183002
branch_and_bound,EC LIII Pyramidal,14,self_connection,LEC LIII Complex Pyramidal,LEC LIII Complex Pyramidal,744.1845437655309
branch_and_bound,EC LIII Pyramidal,15,self_connection,EC LV Deep Pyramidal,EC LV Deep Pyramidal,398.1782023002817
branch_and_bound,EC LIII Pyramidal,16,self_connection,LEC LVI Multipolar Pyramidal,LEC LVI Multipolar Pyramidal,212.6675576452901
branch_and_bound,EC LIII Pyramidal,17,self_connection,EC LIII Stellate,EC LIII Stellate,60.68453664121218
branch_and_bound,EC LIII Pyramidal,18,self_connection,EC LIII Pyramidal Stellate,EC LIII Pyramidal Stellate,360.1830629372671
branch_and_bound,EC LIII Pyramidal,19,self_connection,MEC LIII Bipolar Complex Pyramidal,MEC LIII Bipolar Complex Pyramidal,176.61548774480949
branch_and_bound,EC LIII Pyramidal,20,self_connection,EC LI II Pyramidal Fan,EC LI II Pyramidal Fan,370.7544610085407
branch_and_bound,EC LIII Pyramidal,22,self_connection,DG Mossy,DG Mossy,1751.260654032912
branch_and_bound,EC LIII Pyramidal,23,self_connection,DG Semilunar Granule,DG Semilunar Granule,40.60469398082807
branch_and_bound,EC LIII Pyramidal,24,self_connection,DG Hilar Ectopic Granule,DG Hilar Ectopic Granule,0.9213810801264162
branch_and_bound,EC LIII Pyramidal,25,self_connection,CA3 Pyramidal,CA3 Pyramidal,3278.450765697168
branch_and_bound,EC LIII Pyramidal,26,self_connection,CA3c Pyramidal,CA3c Pyramidal,639.8640695461409
branch_and_bound,EC LIII Pyramidal,27,self_connection,CA2 Pyramidal,CA2 Pyramidal,2163.138288508038
branch_and_bound,EC LIII Pyramidal,1,transition,EC LIII Pyramidal,CA1 Pyramidal,399.8181948870682
branch_and_bound,EC LIII Pyramidal,2,transition,CA1 Pyramidal,MEC LV VI Pyramidal Polymorphic,13564.64480225756
branch_and_bound,EC LIII Pyramidal,3,transition,MEC LV VI Pyramidal Polymorphic,EC LIV VI Deep Multipolar Principal,86.77596588341953
branch_and_bound,EC LIII Pyramidal,4,transition,EC LIV VI Deep Multipolar Principal,MEC LIII Complex Pyramidal,1427.516326568439
branch_and_bound,EC LIII Pyramidal,5,transition,MEC LIII Complex Pyramidal,EC LI II Multipolar Pyramidal,552.0532459996851
branch_and_bound,EC LIII Pyramidal,6,transition,EC LI II Multipolar Pyramidal,EC LII III Pyramidal Tripolar,28854.49238765121
branch_and_bound,EC LIII Pyramidal,7,transition,EC LII III Pyramidal Tripolar,MEC LII Stellate,3189.046054691212
branch_and_bound,EC LIII Pyramidal,8,transition,MEC LII Stellate,MEC LII III Pyramidal Multiform,2172.4274626996407
branch_and_bound,EC LIII Pyramidal,9,transition,MEC LII III Pyramidal Multiform,MEC LV Pyramidal,548.8069668104904
branch_and_bound,EC LIII Pyramidal,10,transition,MEC LV Pyramidal,MEC LV Multipolar Pyramidal,662.4278400096001
branch_and_bound,EC LIII Pyramidal,11,transition,MEC LV Multipolar Pyramidal,EC LIII V Bipolar Pyramidal,31.88776158532124
branch_and_bound,EC LIII Pyramidal,12,transition,EC LIII V Bipolar Pyramidal,LEC LIII Multipolar Principal,1092.637693563088
branch_and_bound,EC LIII Pyramidal,13,transition,LEC LIII Multipolar Principal,LEC LIII Complex Pyramidal,556.0635991085179
branch_and_bound,EC LIII Pyramidal,14,transition,LEC LIII Complex Pyramidal,EC LV Deep Pyramidal,185.8316194118165
branch_and_bound,EC LIII Pyramidal,15,transition,EC LV Deep Pyramidal,LEC LVI Multipolar Pyramidal,608.8907703194651
branch_and_bound,EC LIII Pyramidal,16,transition,LEC LVI Multipolar Pyramidal,EC LIII Stellate,43.43981399803702
branch_and_bound,EC LIII Pyramidal,17,transition,EC LIII Stellate,EC LIII Pyramidal Stellate,91.4501088515022
branch_and_bound,EC LIII Pyramidal,18,transition,EC LIII Pyramidal Stellate,MEC LIII Bipolar Complex Pyramidal,418.9168875087689
branch_and_bound,EC LIII Pyramidal,19,transition,MEC LIII Bipolar Complex Pyramidal,EC LI II Pyramidal Fan,6.439268930923632
branch_and_bound,EC LIII Pyramidal,20,transition,EC LI II Pyramidal Fan,DG Granule,6731.854220776941
branch_and_bound,EC LIII Pyramidal,21,transition,DG Granule,DG Mossy,44908.709978571016
branch_and_bound,EC LIII Pyramidal,22,transition,DG Mossy,DG Semilunar Granule,50.6486718617241
branch_and_bound,EC LIII Pyramidal,23,transition,DG Semilunar Granule,DG Hilar Ectopic Granule,4588.842439594102
branch_and_bound,EC LIII Pyramidal,24,transition,DG Hilar Ectopic Granule,CA3 Pyramidal,0.0133035385226386
branch_and_bound,EC LIII Pyramidal,25,transition,CA3 Pyramidal,CA3c Pyramidal,6774.278639391325
branch_and_bound,EC LIII Pyramidal,26,transition,CA3c Pyramidal,CA2 Pyramidal,24424.53581944845
branch_and_bound,EC LIII Pyramidal,27,transition,CA2 Pyramidal,CA3 Granule,592.9863345985209
branch_and_bound,EC LIII Pyramidal Stellate,1,self_connection,EC LIII Pyramidal Stellate,EC LIII Pyramidal Stellate,360.1830629372671
branch_and_bound,EC LIII Pyramidal Stellate,2,self_connection,CA1 Pyramidal,CA1 Pyramidal,2793.7555172355333
branch_and_bound,EC LIII Pyramidal Stellate,3,self_connection,MEC LV VI Pyramidal Polymorphic,MEC LV VI Pyramidal Polymorphic,1336.06008642144
branch_and_bound,EC LIII Pyramidal Stellate,4,self_connection,EC LIV VI Deep Multipolar Principal,EC LIV VI Deep Multipolar Principal,1969.34413375272
branch_and_bound,EC LIII Pyramidal Stellate,5,self_connection,MEC LIII Complex Pyramidal,MEC LIII Complex Pyramidal,1453.7180710081302
branch_and_bound,EC LIII Pyramidal Stellate,6,self_connection,EC LI II Multipolar Pyramidal,EC LI II Multipolar Pyramidal,18296.078460202098
branch_and_bound,EC LIII Pyramidal Stellate,7,self_connection,EC LII III Pyramidal Tripolar,EC LII III Pyramidal Tripolar,2277.297842357101
branch_and_bound,EC LIII Pyramidal Stellate,9,self_connection,MEC LII III Pyramidal Multiform,MEC LII III Pyramidal Multiform,307.79730677822744
branch_and_bound,EC LIII Pyramidal Stellate,10,self_connection,MEC LV Pyramidal,MEC LV Pyramidal,565.2447275074132
branch_and_bound,EC LIII Pyramidal Stellate,11,self_connection,MEC LV Multipolar Pyramidal,MEC LV Multipolar Pyramidal,201.78698075346315
branch_and_bound,EC LIII Pyramidal Stellate,12,self_connection,EC LIII V Bipolar Pyramidal,EC LIII V Bipolar Pyramidal,471.82519386819655
branch_and_bound,EC LIII Pyramidal Stellate,13,self_connection,LEC LIII Multipolar Principal,LEC LIII Multipolar Principal,496.4095848183002
branch_and_bound,EC LIII Pyramidal Stellate,14,self_connection,LEC LIII Complex Pyramidal,LEC LIII Complex Pyramidal,744.1845437655309
branch_and_bound,EC LIII Pyramidal Stellate,15,self_connection,EC LIII Pyramidal,EC LIII Pyramidal,17.545063132735347
branch_and_bound,EC LIII Pyramidal Stellate,16,self_connection,EC LV Deep Pyramidal,EC LV Deep Pyramidal,398.1782023002817
branch_and_bound,EC LIII Pyramidal Stellate,17,self_connection,LEC LVI Multipolar Pyramidal,LEC LVI Multipolar Pyramidal,212.6675576452901
branch_and_bound,EC LIII Pyramidal Stellate,18,self_connection,EC LIII Stellate,EC LIII Stellate,60.68453664121218
branch_and_bound,EC LIII Pyramidal Stellate,19,self_connection,MEC LIII Bipolar Complex Pyramidal,MEC LIII Bipolar Complex Pyramidal,176.61548774480949
branch_and_bound,EC LIII Pyramidal Stellate,20,self_connection,EC LI II Pyramidal Fan,EC LI II Pyramidal Fan,370.7544610085407
branch_and_bound,EC LIII Pyramidal Stellate,22,self_connection,DG Mossy,DG Mossy,1751.260654032912
branch_and_bound,EC LIII Pyramidal Stellate,23,self_connection,DG Semilunar Granule,DG Semilunar Granule,40.60469398082807
branch_and_bound,EC LIII Pyramidal Stellate,24,self_connection,DG Hilar Ectopic Granule,DG Hilar Ectopic Granule,0.9213810801264162
branch_and_bound,EC LIII Pyramidal Stellate,25,self_connection,CA3 Pyramidal,CA3 Pyramidal,3278.450765697168
branch_and_bound,EC LIII Pyramidal Stellate,26,self_connection,CA3c Pyramidal,CA3c Pyramidal,639.8640695461409
branch_and_bound,EC LIII Pyramidal Stellate,27,self_connection,CA2 Pyramidal,CA2 Pyramidal,2163.138288508038
branch_and_bound,EC LIII Pyramidal Stellate,1,transition,EC LIII Pyramidal Stellate,CA1 Pyramidal,5351.494110639728
branch_and_bound,EC LIII Pyramidal Stellate,2,transition,CA1 Pyramidal,MEC LV VI Pyramidal Polymorphic,13564.64480225756
branch_and_bound,EC LIII Pyramidal Stellate,3,transition,MEC LV VI Pyramidal Polymorphic,EC LIV VI Deep Multipolar Principal,86.77596588341953
branch_and_bound,EC LIII Pyramidal Stellate,4,transition,EC LIV VI Deep Multipolar Principal,MEC LIII Complex Pyramidal,1427.516326568439
branch_and_bound,EC LIII Pyramidal Stellate,5,transition,MEC LIII Complex Pyramidal,EC LI II Multipolar Pyramidal,552.0532459996851
branch_and_bound,EC LIII Pyramidal Stellate,6,transition,EC LI II Multipolar Pyramidal,EC LII III Pyramidal Tripolar,28854.49238765121
branch_and_bound,EC LIII Pyramidal Stellate,7,transition,EC LII III Pyramidal Tripolar,MEC LII Stellate,3189.046054691212
branch_and_bound,EC LIII Pyramidal Stellate,8,transition,MEC LII Stellate,MEC LII III Pyramidal Multiform,2172.4274626996407
branch_and_bound,EC LIII Pyramidal Stellate,9,transition,MEC LII III Pyramidal Multiform,MEC LV Pyramidal,548.8069668104904
branch_and_bound,EC LIII Pyramidal Stellate,10,transition,MEC LV Pyramidal,MEC LV Multipolar Pyramidal,662.4278400096001
branch_and_bound,EC LIII Pyramidal Stellate,11,transition,MEC LV Multipolar Pyramidal,EC LIII V Bipolar Pyramidal,31.88776158532124
branch_and_bound,EC LIII Pyramidal Stellate,12,transition,EC LIII V Bipolar Pyramidal,LEC LIII Multipolar Principal,1092.637693563088
branch_and_bound,EC LIII Pyramidal Stellate,13,transition,LEC LIII Multipolar Principal,LEC LIII Complex Pyramidal,556.0635991085179
branch_and_bound,EC LIII Pyramidal Stellate,14,transition,LEC LIII Complex Pyramidal,EC LIII Pyramidal,304.8668842320541
branch_and_bound,EC LIII Pyramidal Stellate,15,transition,EC LIII Pyramidal,EC LV Deep Pyramidal,31.48238204973288
branch_and_bound,EC LIII Pyramidal Stellate,16,transition,EC LV Deep Pyramidal,LEC LVI Multipolar Pyramidal,608.8907703194651
branch_and_bound,EC LIII Pyramidal Stellate,17,transition,LEC LVI Multipolar Pyramidal,EC LIII Stellate,43.43981399803702
branch_and_bound,EC LIII Pyramidal Stellate,18,transition,EC LIII Stellate,MEC LIII Bipolar Complex Pyramidal,110.49107949247347
branch_and_bound,EC LIII Pyramidal Stellate,19,transition,MEC LIII Bipolar Complex Pyramidal,EC LI II Pyramidal Fan,6.439268930923632
branch_and_bound,EC LIII Pyramidal Stellate,20,transition,EC LI II Pyramidal Fan,DG Granule,6731.854220776941
branch_and_bound,EC LIII Pyramidal Stellate,21,transition,DG Granule,DG Mossy,44908.709978571016
branch_and_bound,EC LIII Pyramidal Stellate,22,transition,DG Mossy,DG Semilunar Granule,50.6486718617241
branch_and_bound,EC LIII Pyramidal Stellate,23,transition,DG Semilunar Granule,DG Hilar Ectopic Granule,4588.842439594102
branch_and_bound,EC LIII Pyramidal Stellate,24,transition,DG Hilar Ectopic Granule,CA3 Pyramidal,0.0133035385226386
branch_and_bound,EC LIII Pyramidal Stellate,25,transition,CA3 Pyramidal,CA3c Pyramidal,6774.278639391325
branch_and_bound,EC LIII Pyramidal Stellate,26,transition,CA3c Pyramidal,CA2 Pyramidal,24424.53581944845
branch_and_bound,EC LIII Pyramidal Stellate,27,transition,CA2 Pyramidal,CA3 Granule,592.9863345985209
branch_and_bound,EC LIII Stellate,1,self_connection,EC LIII Stellate,EC LIII Stellate,60.68453664121218
branch_and_bound,EC LIII Stellate,2,self_connection,EC LII III Pyramidal Tripolar,EC LII III Pyramidal Tripolar,2277.297842357101
branch_and_bound,EC LIII Stellate,3,self_connection,EC LI II Multipolar Pyramidal,EC LI II Multipolar Pyramidal,18296.078460202098
branch_and_bound,EC LIII Stellate,4,self_connection,MEC LIII Bipolar Complex Pyramidal,MEC LIII Bipolar Complex Pyramidal,176.61548774480949
branch_and_bound,EC LIII Stellate,5,self_connection,MEC LIII Complex Pyramidal,MEC LIII Complex Pyramidal,1453.7180710081302
branch_and_bound,EC LIII Stellate,6,self_connection,EC LIV VI Deep Multipolar Principal,EC LIV VI Deep Multipolar Principal,1969.34413375272
branch_and_bound,EC LIII Stellate,7,self_connection,MEC LV VI Pyramidal Polymorphic,MEC LV VI Pyramidal Polymorphic,1336.06008642144
branch_and_bound,EC LIII Stellate,8,self_connection,EC LV Deep Pyramidal,EC LV Deep Pyramidal,398.1782023002817
branch_and_bound,EC LIII Stellate,9,self_connection,LEC LVI Multipolar Pyramidal,LEC LVI Multipolar Pyramidal,212.6675576452901
branch_and_bound,EC LIII Stellate,10,self_connection,LEC LIII Complex Pyramidal,LEC LIII Complex Pyramidal,744.1845437655309
branch_and_bound,EC LIII Stellate,11,self_connection,LEC LIII Multipolar Principal,LEC LIII Multipolar Principal,496.4095848183002
branch_and_bound,EC LIII Stellate,12,self_connection,EC LIII Pyramidal Stellate,EC LIII Pyramidal Stellate,360.1830629372671
branch_and_bound,EC LIII Stellate,13,self_connection,CA1 Pyramidal,CA1 Pyramidal,2793.7555172355333
branch_and_bound,EC LIII Stellate,14,self_connection,EC LIII V Bipolar Pyramidal,EC LIII V Bipolar Pyramidal,471.82519386819655
branch_and_bound,EC LIII Stellate,15,self_connection,MEC LV Pyramidal,MEC LV Pyramidal,565.2447275074132
branch_and_bound,EC LIII Stellate,18,self_connection,MEC LV Multipolar Pyramidal,MEC LV Multipolar Pyramidal,201.78698075346315
branch_and_bound,EC LIII Stellate,19,self_connection,MEC LII III Pyramidal Multiform,MEC LII III Pyramidal Multiform,307.79730677822744
branch_and_bound,EC LIII Stellate,20,self_connection,EC LI II Pyramidal Fan,EC LI II Pyramidal Fan,370.7544610085407
branch_and_bound,EC LIII Stellate,22,self_connection,DG Mossy,DG Mossy,1751.260654032912
branch_and_bound,EC LIII Stellate,23,self_connection,DG Semilunar Granule,DG Semilunar Granule,40.60469398082807
branch_and_bound,EC LIII Stellate,24,self_connection,DG Hilar Ectopic Granule,DG Hilar Ectopic Granule,0.9213810801264162
branch_and_bound,EC LIII Stellate,25,self_connection,CA3 Pyramidal,CA3 Pyramidal,3278.450765697168
branch_and_bound,EC LIII Stellate,26,self_connection,CA3c Pyramidal,CA3c Pyramidal,639.8640695461409
branch_and_bound,EC LIII Stellate,27,self_connection,CA2 Pyramidal,CA2 Pyramidal,2163.138288508038
branch_and_bound,EC LIII Stellate,1,transition,EC LIII Stellate,EC LII III Pyramidal Tripolar,69.81600034271409
branch_and_bound,EC LIII Stellate,2,transition,EC LII III Pyramidal Tripolar,EC LI II Multipolar Pyramidal,4216.395703649579
branch_and_bound,EC LIII Stellate,3,transition,EC LI II Multipolar Pyramidal,MEC LIII Bipolar Complex Pyramidal,30698.001365671505
branch_and_bound,EC LIII Stellate,4,transition,MEC LIII Bipolar Complex Pyramidal,MEC LIII Complex Pyramidal,861.1914192115519
branch_and_bound,EC LIII Stellate,5,transition,MEC LIII Complex Pyramidal,EC LIV VI Deep Multipolar Principal,19.766329709718363
branch_and_bound,EC LIII Stellate,6,transition,EC LIV VI Deep Multipolar Principal,MEC LV VI Pyramidal Polymorphic,2582.023382309931
branch_and_bound,EC LIII Stellate,7,transition,MEC LV VI Pyramidal Polymorphic,EC LV Deep Pyramidal,78.22850736136446
branch_and_bound,EC LIII Stellate,8,transition,EC LV Deep Pyramidal,LEC LVI Multipolar Pyramidal,608.8907703194651
branch_and_bound,EC LIII Stellate,9,transition,LEC LVI Multipolar Pyramidal,LEC LIII Complex Pyramidal,175.93242994355498
branch_and_bound,EC LIII Stellate,10,transition,LEC LIII Complex Pyramidal,LEC LIII Multipolar Principal,814.9191961799069
branch_and_bound,EC LIII Stellate,11,transition,LEC LIII Multipolar Principal,EC LIII Pyramidal Stellate,406.0536249631236
branch_and_bound,EC LIII Stellate,12,transition,EC LIII Pyramidal Stellate,CA1 Pyramidal,5351.494110639728
branch_and_bound,EC LIII Stellate,13,transition,CA1 Pyramidal,EC LIII V Bipolar Pyramidal,5659.759259805604
branch_and_bound,EC LIII Stellate,14,transition,EC LIII V Bipolar Pyramidal,MEC LV Pyramidal,226.0217597456127
branch_and_bound,EC LIII Stellate,15,transition,MEC LV Pyramidal,MEC LII Stellate,900.6001307658568
branch_and_bound,EC LIII Stellate,16,transition,MEC LII Stellate,MEC LII Oblique Pyramidal,2144.806717184772
branch_and_bound,EC LIII Stellate,17,transition,MEC LII Oblique Pyramidal,MEC LV Multipolar Pyramidal,64.19606531679433
branch_and_bound,EC LIII Stellate,18,transition,MEC LV Multipolar Pyramidal,MEC LII III Pyramidal Multiform,86.53322359735522
branch_and_bound,EC LIII Stellate,19,transition,MEC LII III Pyramidal Multiform,EC LI II Pyramidal Fan,8.912193003488317
branch_and_bound,EC LIII Stellate,20,transition,EC LI II Pyramidal Fan,DG Granule,6731.854220776941
branch_and_bound,EC LIII Stellate,21,transition,DG Granule,DG Mossy,44908.709978571016
branch_and_bound,EC LIII Stellate,22,transition,DG Mossy,DG Semilunar Granule,50.6486718617241
branch_and_bound,EC LIII Stellate,23,transition,DG Semilunar Granule,DG Hilar Ectopic Granule,4588.842439594102
branch_and_bound,EC LIII Stellate,24,transition,DG Hilar Ectopic Granule,CA3 Pyramidal,0.0133035385226386
branch_and_bound,EC LIII Stellate,25,transition,CA3 Pyramidal,CA3c Pyramidal,6774.278639391325
branch_and_bound,EC LIII Stellate,26,transition,CA3c Pyramidal,CA2 Pyramidal,24424.53581944845
branch_and_bound,EC LIII Stellate,27,transition,CA2 Pyramidal,CA3 Granule,592.9863345985209
branch_and_bound,EC LIII V Bipolar Pyramidal,1,self_connection,EC LIII V Bipolar Pyramidal,EC LIII V Bipolar Pyramidal,471.82519386819655
branch_and_bound,EC LIII V Bipolar Pyramidal,2,self_connection,EC LII III Pyramidal Tripolar,EC LII III Pyramidal Tripolar,2277.297842357101
branch_and_bound,EC LIII V Bipolar Pyramidal,3,self_connection,EC LI II Multipolar Pyramidal,EC LI II Multipolar Pyramidal,18296.078460202098
branch_and_bound,EC LIII V Bipolar Pyramidal,4,self_connection,MEC LIII Bipolar Complex Pyramidal,MEC LIII Bipolar Complex Pyramidal,176.61548774480949
branch_and_bound,EC LIII V Bipolar Pyramidal,5,self_connection,MEC LIII Complex Pyramidal,MEC LIII Complex Pyramidal,1453.7180710081302
branch_and_bound,EC LIII V Bipolar Pyramidal,6,self_connection,EC LIV VI Deep Multipolar Principal,EC LIV VI Deep Multipolar Principal,1969.34413375272
branch_and_bound,EC LIII V Bipolar Pyramidal,7,self_connection,MEC LV VI Pyramidal Polymorphic,MEC LV VI Pyramidal Polymorphic,1336.06008642144
branch_and_bound,EC LIII V Bipolar Pyramidal,8,self_connection,EC LV Deep Pyramidal,EC LV Deep Pyramidal,398.1782023002817
branch_and_bound,EC LIII V Bipolar Pyramidal,9,self_connection,LEC LVI Multipolar Pyramidal,LEC LVI Multipolar Pyramidal,212.6675576452901
branch_and_bound,EC LIII V Bipolar Pyramidal,10,self_connection,LEC LIII Complex Pyramidal,LEC LIII Complex Pyramidal,744.1845437655309
branch_and_bound,EC LIII V Bipolar Pyramidal,11,self_connection,LEC LIII Multipolar Principal,LEC LIII Multipolar Principal,496.4095848183002
branch_and_bound,EC LIII V Bipolar Pyramidal,12,self_connection,EC LIII Pyramidal Stellate,EC LIII Pyramidal Stellate,360.1830629372671
branch_and_bound,EC LIII V Bipolar Pyramidal,13,self_connection,CA1 Pyramidal,CA1 Pyramidal,2793.7555172355333
branch_and_bound,EC LIII V Bipolar Pyramidal,14,self_connection,MEC LV Multipolar Pyramidal,MEC LV Multipolar Pyramidal,201.78698075346315
branch_and_bound,EC LIII V Bipolar Pyramidal,15,self_connection,MEC LV Pyramidal,MEC LV Pyramidal,565.2447275074132
branch_and_bound,EC LIII V Bipolar Pyramidal,18,self_connection,EC LIII Stellate,EC LIII Stellate,60.68453664121218
branch_and_bound,EC LIII V Bipolar Pyramidal,19,self_connection,EC LIII Pyramidal,EC LIII Pyramidal,17.545063132735347
branch_and_bound,EC LIII V Bipolar Pyramidal,20,self_connection,MEC LII III Pyramidal Multiform,MEC LII III Pyramidal Multiform,307.79730677822744
branch_and_bound,EC LIII V Bipolar Pyramidal,21,self_connection,EC LI II Pyramidal Fan,EC LI II Pyramidal Fan,370.7544610085407
branch_and_bound,EC LIII V Bipolar Pyramidal,23,self_connection,DG Mossy,DG Mossy,1751.260654032912
branch_and_bound,EC LIII V Bipolar Pyramidal,24,self_connection,DG Semilunar Granule,DG Semilunar Granule,40.60469398082807
branch_and_bound,EC LIII V Bipolar Pyramidal,25,self_connection,DG Hilar Ectopic Granule,DG Hilar Ectopic Granule,0.9213810801264162
branch_and_bound,EC LIII V Bipolar Pyramidal,26,self_connection,CA3 Pyramidal,CA3 Pyramidal,3278.450765697168
branch_and_bound,EC LIII V Bipolar Pyramidal,27,self_connection,CA3c Pyramidal,CA3c Pyramidal,639.8640695461409
branch_and_bound,EC LIII V Bipolar Pyramidal,28,self_connection,CA2 Pyramidal,CA2 Pyramidal,2163.138288508038
branch_and_bound,EC LIII V Bipolar Pyramidal,1,transition,EC LIII V Bipolar Pyramidal,EC LII III Pyramidal Tripolar,340.43569682470206
branch_and_bound,EC LIII V Bipolar Pyramidal,2,transition,EC LII III Pyramidal Tripolar,EC LI II Multipolar Pyramidal,4216.395703649579
branch_and_bound,EC LIII V Bipolar Pyramidal,3,transition,EC LI II Multipolar Pyramidal,MEC LIII Bipolar Complex Pyramidal,30698.001365671505
branch_and_bound,EC LIII V Bipolar Pyramidal,4,transition,MEC LIII Bipolar Complex Pyramidal,MEC LIII Complex Pyramidal,861.1914192115519
branch_and_bound,EC LIII V Bipolar Pyramidal,5,transition,MEC LIII Complex Pyramidal,EC LIV VI Deep Multipolar Principal,19.766329709718363
branch_and_bound,EC LIII V Bipolar Pyramidal,6,transition,EC LIV VI Deep Multipolar Principal,MEC LV VI Pyramidal Polymorphic,2582.023382309931
branch_and_bound,EC LIII V Bipolar Pyramidal,7,transition,MEC LV VI Pyramidal Polymorphic,EC LV Deep Pyramidal,78.22850736136446
branch_and_bound,EC LIII V Bipolar Pyramidal,8,transition,EC LV Deep Pyramidal,LEC LVI Multipolar Pyramidal,608.8907703194651
branch_and_bound,EC LIII V Bipolar Pyramidal,9,transition,LEC LVI Multipolar Pyramidal,LEC LIII Complex Pyramidal,175.93242994355498
branch_and_bound,EC LIII V Bipolar Pyramidal,10,transition,LEC LIII Complex Pyramidal,LEC LIII Multipolar Principal,814.9191961799069
branch_and_bound,EC LIII V Bipolar Pyramidal,11,transition,LEC LIII Multipolar Principal,EC LIII Pyramidal Stellate,406.0536249631236
branch_and_bound,EC LIII V Bipolar Pyramidal,12,transition,EC LIII Pyramidal Stellate,CA1 Pyramidal,5351.494110639728
branch_and_bound,EC LIII V Bipolar Pyramidal,13,transition,CA1 Pyramidal,MEC LV Multipolar Pyramidal,3851.18781666244
branch_and_bound,EC LIII V Bipolar Pyramidal,14,transition,MEC LV Multipolar Pyramidal,MEC LV Pyramidal,115.70855122819788
branch_and_bound,EC LIII V Bipolar Pyramidal,15,transition,MEC LV Pyramidal,MEC LII Stellate,900.6001307658568
branch_and_bound,EC LIII V Bipolar Pyramidal,16,transition,MEC LII Stellate,MEC LII Oblique Pyramidal,2144.806717184772
branch_and_bound,EC LIII V Bipolar Pyramidal,17,transition,MEC LII Oblique Pyramidal,EC LIII Stellate,10.32561677726892
branch_and_bound,EC LIII V Bipolar Pyramidal,18,transition,EC LIII Stellate,EC LIII Pyramidal,65.42000887199006
branch_and_bound,EC LIII V Bipolar Pyramidal,19,transition,EC LIII Pyramidal,MEC LII III Pyramidal Multiform,17.53379191328466
branch_and_bound,EC LIII V Bipolar Pyramidal,20,transition,MEC LII III Pyramidal Multiform,EC LI II Pyramidal Fan,8.912193003488317
branch_and_bound,EC LIII V Bipolar Pyramidal,21,transition,EC LI II Pyramidal Fan,DG Granule,6731.854220776941
branch_and_bound,EC LIII V Bipolar Pyramidal,22,transition,DG Granule,DG Mossy,44908.709978571016
branch_and_bound,EC LIII V Bipolar Pyramidal,23,transition,DG Mossy,DG Semilunar Granule,50.6486718617241
branch_and_bound,EC LIII V Bipolar Pyramidal,24,transition,DG Semilunar Granule,DG Hilar Ectopic Granule,4588.842439594102
branch_and_bound,EC LIII V Bipolar Pyramidal,25,transition,DG Hilar Ectopic Granule,CA3 Pyramidal,0.0133035385226386
branch_and_bound,EC LIII V Bipolar Pyramidal,26,transition,CA3 Pyramidal,CA3c Pyramidal,6774.278639391325
branch_and_bound,EC LIII V Bipolar Pyramidal,27,transition,CA3c Pyramidal,CA2 Pyramidal,24424.53581944845
branch_and_bound,EC LIII V Bipolar Pyramidal,28,transition,CA2 Pyramidal,CA3 Granule,592.9863345985209
branch_and_bound,EC LIV VI Deep Multipolar Principal,1,self_connection,EC LIV VI Deep Multipolar Principal,EC LIV VI Deep Multipolar Principal,1969.34413375272
branch_and_bound,EC LIV VI Deep Multipolar Principal,2,self_connection,MEC LV VI Pyramidal Polymorphic,MEC LV VI Pyramidal Polymorphic,1336.06008642144
branch_and_bound,EC LIV VI Deep Multipolar Principal,3,self_connection,EC LV Deep Pyramidal,EC LV Deep Pyramidal,398.1782023002817
branch_and_bound,EC LIV VI Deep Multipolar Principal,4,self_connection,LEC LVI Multipolar Pyramidal,LEC LVI Multipolar Pyramidal,212.6675576452901
branch_and_bound,EC LIV VI Deep Multipolar Principal,5,self_connection,EC LII III Pyramidal Tripolar,EC LII III Pyramidal Tripolar,2277.297842357101
branch_and_bound,EC LIV VI Deep Multipolar Principal,6,self_connection,EC LI II Multipolar Pyramidal,EC LI II Multipolar Pyramidal,18296.078460202098
branch_and_bound,EC LIV VI Deep Multipolar Principal,7,self_connection,MEC LIII Bipolar Complex Pyramidal,MEC LIII Bipolar Complex Pyramidal,176.61548774480949
branch_and_bound,EC LIV VI Deep Multipolar Principal,8,self_connection,MEC LIII Complex Pyramidal,MEC LIII Complex Pyramidal,1453.7180710081302
branch_and_bound,EC LIV VI Deep Multipolar Principal,11,self_connection,CA3 Pyramidal,CA3 Pyramidal,3278.450765697168
branch_and_bound,EC LIV VI Deep Multipolar Principal,12,self_connection,CA2 Pyramidal,CA2 Pyramidal,2163.138288508038
branch_and_bound,EC LIV VI Deep Multipolar Principal,13,self_connection,CA1 Pyramidal,CA1 Pyramidal,2793.7555172355333
branch_and_bound,EC LIV VI Deep Multipolar Principal,14,self_connection,EC LIII V Bipolar Pyramidal,EC LIII V Bipolar Pyramidal,471.82519386819655
branch_and_bound,EC LIV VI Deep Multipolar Principal,15,self_connection,LEC LIII Multipolar Principal,LEC LIII Multipolar Principal,496.4095848183002
branch_and_bound,EC LIV VI Deep Multipolar Principal,16,self_connection,LEC LIII Complex Pyramidal,LEC LIII Complex Pyramidal,744.1845437655309
branch_and_bound,EC LIV VI Deep Multipolar Principal,17,self_connection,EC LIII Pyramidal Stellate,EC LIII Pyramidal Stellate,360.1830629372671
branch_and_bound,EC LIV VI Deep Multipolar Principal,18,self_connection,MEC LII III Pyramidal Multiform,MEC LII III Pyramidal Multiform,307.79730677822744
branch_and_bound,EC LIV VI Deep Multipolar Principal,19,self_connection,MEC LV Multipolar Pyramidal,MEC LV Multipolar Pyramidal,201.78698075346315
branch_and_bound,EC LIV VI Deep Multipolar Principal,20,self_connection,MEC LV Superficial Pyramidal,MEC LV Superficial Pyramidal,104.14348764746217
branch_and_bound,EC LIV VI Deep Multipolar Principal,21,self_connection,EC LI II Pyramidal Fan,EC LI II Pyramidal Fan,370.7544610085407
branch_and_bound,EC LIV VI Deep Multipolar Principal,22,self_connection,EC LIII Stellate,EC LIII Stellate,60.68453664121218
branch_and_bound,EC LIV VI Deep Multipolar Principal,23,self_connection,EC LIII Pyramidal,EC LIII Pyramidal,17.545063132735347
branch_and_bound,EC LIV VI Deep Multipolar Principal,24,self_connection,MEC LV Pyramidal,MEC LV Pyramidal,565.2447275074132
branch_and_bound,EC LIV VI Deep Multipolar Principal,26,self_connection,DG Mossy,DG Mossy,1751.260654032912
branch_and_bound,EC LIV VI Deep Multipolar Principal,27,self_connection,DG Semilunar Granule,DG Semilunar Granule,40.60469398082807
branch_and_bound,EC LIV VI Deep Multipolar Principal,28,self_connection,DG Hilar Ectopic Granule,DG Hilar Ectopic Granule,0.9213810801264162
branch_and_bound,EC LIV VI Deep Multipolar Principal,29,self_connection,CA3c Pyramidal,CA3c Pyramidal,639.8640695461409
branch_and_bound,EC LIV VI Deep Multipolar Principal,1,transition,EC LIV VI Deep Multipolar Principal,MEC LV VI Pyramidal Polymorphic,2582.023382309931
branch_and_bound,EC LIV VI Deep Multipolar Principal,2,transition,MEC LV VI Pyramidal Polymorphic,EC LV Deep Pyramidal,78.22850736136446
branch_and_bound,EC LIV VI Deep Multipolar Principal,3,transition,EC LV Deep Pyramidal,LEC LVI Multipolar Pyramidal,608.8907703194651
branch_and_bound,EC LIV VI Deep Multipolar Principal,4,transition,LEC LVI Multipolar Pyramidal,EC LII III Pyramidal Tripolar,48.98798814646632
branch_and_bound,EC LIV VI Deep Multipolar Principal,5,transition,EC LII III Pyramidal Tripolar,EC LI II Multipolar Pyramidal,4216.395703649579
branch_and_bound,EC LIV VI Deep Multipolar Principal,6,transition,EC LI II Multipolar Pyramidal,MEC LIII Bipolar Complex Pyramidal,30698.001365671505
branch_and_bound,EC LIV VI Deep Multipolar Principal,7,transition,MEC LIII Bipolar Complex Pyramidal,MEC LIII Complex Pyramidal,861.1914192115519
branch_and_bound,EC LIV VI Deep Multipolar Principal,8,transition,MEC LIII Complex Pyramidal,MEC LII Stellate,1193.0847203135872
branch_and_bound,EC LIV VI Deep Multipolar Principal,9,transition,MEC LII Stellate,CA3 Granule,19640.6765649223
branch_and_bound,EC LIV VI Deep Multipolar Principal,10,transition,CA3 Granule,CA3 Pyramidal,0.942018883295193
branch_and_bound,EC LIV VI Deep Multipolar Principal,11,transition,CA3 Pyramidal,CA2 Pyramidal,12467.302061608583
branch_and_bound,EC LIV VI Deep Multipolar Principal,12,transition,CA2 Pyramidal,CA1 Pyramidal,5532.563189259333
branch_and_bound,EC LIV VI Deep Multipolar Principal,13,transition,CA1 Pyramidal,EC LIII V Bipolar Pyramidal,5659.759259805604
branch_and_bound,EC LIV VI Deep Multipolar Principal,14,transition,EC LIII V Bipolar Pyramidal,LEC LIII Multipolar Principal,1092.637693563088
branch_and_bound,EC LIV VI Deep Multipolar Principal,15,transition,LEC LIII Multipolar Principal,LEC LIII Complex Pyramidal,556.0635991085179
branch_and_bound,EC LIV VI Deep Multipolar Principal,16,transition,LEC LIII Complex Pyramidal,EC LIII Pyramidal Stellate,538.1000722266449
branch_and_bound,EC LIV VI Deep Multipolar Principal,17,transition,EC LIII Pyramidal Stellate,MEC LII III Pyramidal Multiform,241.6045148791969
branch_and_bound,EC LIV VI Deep Multipolar Principal,18,transition,MEC LII III Pyramidal Multiform,MEC LV Multipolar Pyramidal,750.744376370936
branch_and_bound,EC LIV VI Deep Multipolar Principal,19,transition,MEC LV Multipolar Pyramidal,MEC LV Superficial Pyramidal,138.44761428854213
branch_and_bound,EC LIV VI Deep Multipolar Principal,20,transition,MEC LV Superficial Pyramidal,EC LI II Pyramidal Fan,3.037796001788656
branch_and_bound,EC LIV VI Deep Multipolar Principal,21,transition,EC LI II Pyramidal Fan,EC LIII Stellate,2959.488332103365
branch_and_bound,EC LIV VI Deep Multipolar Principal,22,transition,EC LIII Stellate,EC LIII Pyramidal,65.42000887199006
branch_and_bound,EC LIV VI Deep Multipolar Principal,23,transition,EC LIII Pyramidal,MEC LV Pyramidal,12.760099858249111
branch_and_bound,EC LIV VI Deep Multipolar Principal,24,transition,MEC LV Pyramidal,DG Granule,9568.736896643586
branch_and_bound,EC LIV VI Deep Multipolar Principal,25,transition,DG Granule,DG Mossy,44908.709978571016
branch_and_bound,EC LIV VI Deep Multipolar Principal,26,transition,DG Mossy,DG Semilunar Granule,50.6486718617241
branch_and_bound,EC LIV VI Deep Multipolar Principal,27,transition,DG Semilunar Granule,DG Hilar Ectopic Granule,4588.842439594102
branch_and_bound,EC LIV VI Deep Multipolar Principal,28,transition,DG Hilar Ectopic Granule,CA3c Pyramidal,0.0550567880071112
branch_and_bound,EC LIV VI Deep Multipolar Principal,29,transition,CA3c Pyramidal,CA1 Radiatum Giant,4064.510468839344
branch_and_bound,EC LV Deep Pyramidal,1,self_connection,EC LV Deep Pyramidal,EC LV Deep Pyramidal,398.1782023002817
branch_and_bound,EC LV Deep Pyramidal,2,self_connection,EC LIV VI Deep Multipolar Principal,EC LIV VI Deep Multipolar Principal,1969.34413375272
branch_and_bound,EC LV Deep Pyramidal,3,self_connection,MEC LIII Complex Pyramidal,MEC LIII Complex Pyramidal,1453.7180710081302
branch_and_bound,EC LV Deep Pyramidal,4,self_connection,EC LI II Multipolar Pyramidal,EC LI II Multipolar Pyramidal,18296.078460202098
branch_and_bound,EC LV Deep Pyramidal,5,self_connection,EC LII III Pyramidal Tripolar,EC LII III Pyramidal Tripolar,2277.297842357101
branch_and_bound,EC LV Deep Pyramidal,8,self_connection,CA3 Pyramidal,CA3 Pyramidal,3278.450765697168
branch_and_bound,EC LV Deep Pyramidal,9,self_connection,CA2 Pyramidal,CA2 Pyramidal,2163.138288508038
branch_and_bound,EC LV Deep Pyramidal,10,self_connection,CA1 Pyramidal,CA1 Pyramidal,2793.7555172355333
branch_and_bound,EC LV Deep Pyramidal,11,self_connection,LEC LVI Multipolar Pyramidal,LEC LVI Multipolar Pyramidal,212.6675576452901
branch_and_bound,EC LV Deep Pyramidal,12,self_connection,LEC LIII Complex Pyramidal,LEC LIII Complex Pyramidal,744.1845437655309
branch_and_bound,EC LV Deep Pyramidal,13,self_connection,LEC LIII Multipolar Principal,LEC LIII Multipolar Principal,496.4095848183002
branch_and_bound,EC LV Deep Pyramidal,14,self_connection,EC LIII Pyramidal Stellate,EC LIII Pyramidal Stellate,360.1830629372671
branch_and_bound,EC LV Deep Pyramidal,15,self_connection,MEC LIII Bipolar Complex Pyramidal,MEC LIII Bipolar Complex Pyramidal,176.61548774480949
branch_and_bound,EC LV Deep Pyramidal,16,self_connection,MEC LV Pyramidal,MEC LV Pyramidal,565.2447275074132
branch_and_bound,EC LV Deep Pyramidal,17,self_connection,MEC LV Multipolar Pyramidal,MEC LV Multipolar Pyramidal,201.78698075346315
branch_and_bound,EC LV Deep Pyramidal,18,self_connection,EC LIII Pyramidal,EC LIII Pyramidal,17.545063132735347
branch_and_bound,EC LV Deep Pyramidal,19,self_connection,EC LIII V Bipolar Pyramidal,EC LIII V Bipolar Pyramidal,471.82519386819655
branch_and_bound,EC LV Deep Pyramidal,20,self_connection,EC LIII Stellate,EC LIII Stellate,60.68453664121218
branch_and_bound,EC LV Deep Pyramidal,21,self_connection,MEC LII III Pyramidal Multiform,MEC LII III Pyramidal Multiform,307.79730677822744
branch_and_bound,EC LV Deep Pyramidal,22,self_connection,MEC LV Superficial Pyramidal,MEC LV Superficial Pyramidal,104.14348764746217
branch_and_bound,EC LV Deep Pyramidal,23,self_connection,EC LI II Pyramidal Fan,EC LI II Pyramidal Fan,370.7544610085407
branch_and_bound,EC LV Deep Pyramidal,25,self_connection,DG Mossy,DG Mossy,1751.260654032912
branch_and_bound,EC LV Deep Pyramidal,26,self_connection,DG Semilunar Granule,DG Semilunar Granule,40.60469398082807
branch_and_bound,EC LV Deep Pyramidal,27,self_connection,DG Hilar Ectopic Granule,DG Hilar Ectopic Granule,0.9213810801264162
branch_and_bound,EC LV Deep Pyramidal,28,self_connection,CA3c Pyramidal,CA3c Pyramidal,639.8640695461409
branch_and_bound,EC LV Deep Pyramidal,1,transition,EC LV Deep Pyramidal,EC LIV VI Deep Multipolar Principal,326.6081416722669
branch_and_bound,EC LV Deep Pyramidal,2,transition,EC LIV VI Deep Multipolar Principal,MEC LIII Complex Pyramidal,1427.516326568439
branch_and_bound,EC LV Deep Pyramidal,3,transition,MEC LIII Complex Pyramidal,EC LI II Multipolar Pyramidal,552.0532459996851
branch_and_bound,EC LV Deep Pyramidal,4,transition,EC LI II Multipolar Pyramidal,EC LII III Pyramidal Tripolar,28854.49238765121
branch_and_bound,EC LV Deep Pyramidal,5,transition,EC LII III Pyramidal Tripolar,MEC LII Stellate,3189.046054691212
branch_and_bound,EC LV Deep Pyramidal,6,transition,MEC LII Stellate,CA3 Granule,19640.6765649223
branch_and_bound,EC LV Deep Pyramidal,7,transition,CA3 Granule,CA3 Pyramidal,0.942018883295193
branch_and_bound,EC LV Deep Pyramidal,8,transition,CA3 Pyramidal,CA2 Pyramidal,12467.302061608583
branch_and_bound,EC LV Deep Pyramidal,9,transition,CA2 Pyramidal,CA1 Pyramidal,5532.563189259333
branch_and_bound,EC LV Deep Pyramidal,10,transition,CA1 Pyramidal,LEC LVI Multipolar Pyramidal,10569.009270094895
branch_and_bound,EC LV Deep Pyramidal,11,transition,LEC LVI Multipolar Pyramidal,LEC LIII Complex Pyramidal,175.93242994355498
branch_and_bound,EC LV Deep Pyramidal,12,transition,LEC LIII Complex Pyramidal,LEC LIII Multipolar Principal,814.9191961799069
branch_and_bound,EC LV Deep Pyramidal,13,transition,LEC LIII Multipolar Principal,EC LIII Pyramidal Stellate,406.0536249631236
branch_and_bound,EC LV Deep Pyramidal,14,transition,EC LIII Pyramidal Stellate,MEC LIII Bipolar Complex Pyramidal,418.9168875087689
branch_and_bound,EC LV Deep Pyramidal,15,transition,MEC LIII Bipolar Complex Pyramidal,MEC LV Pyramidal,22.884394947232725
branch_and_bound,EC LV Deep Pyramidal,16,transition,MEC LV Pyramidal,MEC LV Multipolar Pyramidal,662.4278400096001
branch_and_bound,EC LV Deep Pyramidal,17,transition,MEC LV Multipolar Pyramidal,EC LIII Pyramidal,26.53458883572656
branch_and_bound,EC LV Deep Pyramidal,18,transition,EC LIII Pyramidal,EC LIII V Bipolar Pyramidal,34.402964559753684
branch_and_bound,EC LV Deep Pyramidal,19,transition,EC LIII V Bipolar Pyramidal,EC LIII Stellate,338.62065230287004
branch_and_bound,EC LV Deep Pyramidal,20,transition,EC LIII Stellate,MEC LII III Pyramidal Multiform,64.21168926195364
branch_and_bound,EC LV Deep Pyramidal,21,transition,MEC LII III Pyramidal Multiform,MEC LV Superficial Pyramidal,589.7870748828476
branch_and_bound,EC LV Deep Pyramidal,22,transition,MEC LV Superficial Pyramidal,EC LI II Pyramidal Fan,3.037796001788656
branch_and_bound,EC LV Deep Pyramidal,23,transition,EC LI II Pyramidal Fan,DG Granule,6731.854220776941
branch_and_bound,EC LV Deep Pyramidal,24,transition,DG Granule,DG Mossy,44908.709978571016
branch_and_bound,EC LV Deep Pyramidal,25,transition,DG Mossy,DG Semilunar Granule,50.6486718617241
branch_and_bound,EC LV Deep Pyramidal,26,transition,DG Semilunar Granule,DG Hilar Ectopic Granule,4588.842439594102
branch_and_bound,EC LV Deep Pyramidal,27,transition,DG Hilar Ectopic Granule,CA3c Pyramidal,0.0550567880071112
branch_and_bound,EC LV Deep Pyramidal,28,transition,CA3c Pyramidal,CA1 Radiatum Giant,4064.510468839344
branch_and_bound,LEC LIII Complex Pyramidal,1,self_connection,LEC LIII Complex Pyramidal,LEC LIII Complex Pyramidal,744.1845437655309
branch_and_bound,LEC LIII Complex Pyramidal,2,self_connection,EC LI II Multipolar Pyramidal,EC LI II Multipolar Pyramidal,18296.078460202098
branch_and_bound,LEC LIII Complex Pyramidal,3,self_connection,EC LII III Pyramidal Tripolar,EC LII III Pyramidal Tripolar,2277.297842357101
branch_and_bound,LEC LIII Complex Pyramidal,4,self_connection,MEC LIII Complex Pyramidal,MEC LIII Complex Pyramidal,1453.7180710081302
branch_and_bound,LEC LIII Complex Pyramidal,5,self_connection,EC LIV VI Deep Multipolar Principal,EC LIV VI Deep Multipolar Principal,1969.34413375272
branch_and_bound,LEC LIII Complex Pyramidal,6,self_connection,MEC LV VI Pyramidal Polymorphic,MEC LV VI Pyramidal Polymorphic,1336.06008642144
branch_and_bound,LEC LIII Complex Pyramidal,7,self_connection,EC LV Deep Pyramidal,EC LV Deep Pyramidal,398.1782023002817
branch_and_bound,LEC LIII Complex Pyramidal,8,self_connection,LEC LVI Multipolar Pyramidal,LEC LVI Multipolar Pyramidal,212.6675576452901
branch_and_bound,LEC LIII Complex Pyramidal,9,self_connection,LEC LIII Multipolar Principal,LEC LIII Multipolar Principal,496.4095848183002
branch_and_bound,LEC LIII Complex Pyramidal,10,self_connection,EC LIII Pyramidal Stellate,EC LIII Pyramidal Stellate,360.1830629372671
branch_and_bound,LEC LIII Complex Pyramidal,11,self_connection,CA1 Pyramidal,CA1 Pyramidal,2793.7555172355333
branch_and_bound,LEC LIII Complex Pyramidal,12,self_connection,EC LIII V Bipolar Pyramidal,EC LIII V Bipolar Pyramidal,471.82519386819655
branch_and_bound,LEC LIII Complex Pyramidal,13,self_connection,MEC LV Pyramidal,MEC LV Pyramidal,565.2447275074132
branch_and_bound,LEC LIII Complex Pyramidal,15,self_connection,MEC LII III Pyramidal Multiform,MEC LII III Pyramidal Multiform,307.79730677822744
branch_and_bound,LEC LIII Complex Pyramidal,16,self_connection,MEC LV Multipolar Pyramidal,MEC LV Multipolar Pyramidal,201.78698075346315
branch_and_bound,LEC LIII Complex Pyramidal,17,self_connection,EC LIII Pyramidal,EC LIII Pyramidal,17.545063132735347
branch_and_bound,LEC LIII Complex Pyramidal,18,self_connection,EC LIII Stellate,EC LIII Stellate,60.68453664121218
branch_and_bound,LEC LIII Complex Pyramidal,19,self_connection,MEC LIII Bipolar Complex Pyramidal,MEC LIII Bipolar Complex Pyramidal,176.61548774480949
branch_and_bound,LEC LIII Complex Pyramidal,20,self_connection,EC LI II Pyramidal Fan,EC LI II Pyramidal Fan,370.7544610085407
branch_and_bound,LEC LIII Complex Pyramidal,22,self_connection,DG Mossy,DG Mossy,1751.260654032912
branch_and_bound,LEC LIII Complex Pyramidal,23,self_connection,DG Semilunar Granule,DG Semilunar Granule,40.60469398082807
branch_and_bound,LEC LIII Complex Pyramidal,24,self_connection,DG Hilar Ectopic Granule,DG Hilar Ectopic Granule,0.9213810801264162
branch_and_bound,LEC LIII Complex Pyramidal,25,self_connection,CA3 Pyramidal,CA3 Pyramidal,3278.450765697168
branch_and_bound,LEC LIII Complex Pyramidal,26,self_connection,CA3c Pyramidal,CA3c Pyramidal,639.8640695461409
branch_and_bound,LEC LIII Complex Pyramidal,27,self_connection,CA2 Pyramidal,CA2 Pyramidal,2163.138288508038
branch_and_bound,LEC LIII Complex Pyramidal,1,transition,LEC LIII Complex Pyramidal,EC LI II Multipolar Pyramidal,244.61587010227
branch_and_bound,LEC LIII Complex Pyramidal,2,transition,EC LI II Multipolar Pyramidal,EC LII III Pyramidal Tripolar,28854.49238765121
branch_and_bound,LEC LIII Complex Pyramidal,3,transition,EC LII III Pyramidal Tripolar,MEC LIII Complex Pyramidal,2488.1460458320303
branch_and_bound,LEC LIII Complex Pyramidal,4,transition,MEC LIII Complex Pyramidal,EC LIV VI Deep Multipolar Principal,19.766329709718363
branch_and_bound,LEC LIII Complex Pyramidal,5,transition,EC LIV VI Deep Multipolar Principal,MEC LV VI Pyramidal Polymorphic,2582.023382309931
branch_and_bound,LEC LIII Complex Pyramidal,6,transition,MEC LV VI Pyramidal Polymorphic,EC LV Deep Pyramidal,78.22850736136446
branch_and_bound,LEC LIII Complex Pyramidal,7,transition,EC LV Deep Pyramidal,LEC LVI Multipolar Pyramidal,608.8907703194651
branch_and_bound,LEC LIII Complex Pyramidal,8,transition,LEC LVI Multipolar Pyramidal,LEC LIII Multipolar Principal,304.0317537911717
branch_and_bound,LEC LIII Complex Pyramidal,9,transition,LEC LIII Multipolar Principal,EC LIII Pyramidal Stellate,406.0536249631236
branch_and_bound,LEC LIII Complex Pyramidal,10,transition,EC LIII Pyramidal Stellate,CA1 Pyramidal,5351.494110639728
branch_and_bound,LEC LIII Complex Pyramidal,11,transition,CA1 Pyramidal,EC LIII V Bipolar Pyramidal,5659.759259805604
branch_and_bound,LEC LIII Complex Pyramidal,12,transition,EC LIII V Bipolar Pyramidal,MEC LV Pyramidal,226.0217597456127
branch_and_bound,LEC LIII Complex Pyramidal,13,transition,MEC LV Pyramidal,MEC LII Stellate,900.6001307658568
branch_and_bound,LEC LIII Complex Pyramidal,14,transition,MEC LII Stellate,MEC LII III Pyramidal Multiform,2172.4274626996407
branch_and_bound,LEC LIII Complex Pyramidal,15,transition,MEC LII III Pyramidal Multiform,MEC LV Multipolar Pyramidal,750.744376370936
branch_and_bound,LEC LIII Complex Pyramidal,16,transition,MEC LV Multipolar Pyramidal,EC LIII Pyramidal,26.53458883572656
branch_and_bound,LEC LIII Complex Pyramidal,17,transition,EC LIII Pyramidal,EC LIII Stellate,16.121135143574193
branch_and_bound,LEC LIII Complex Pyramidal,18,transition,EC LIII Stellate,MEC LIII Bipolar Complex Pyramidal,110.49107949247347
branch_and_bound,LEC LIII Complex Pyramidal,19,transition,MEC LIII Bipolar Complex Pyramidal,EC LI II Pyramidal Fan,6.439268930923632
branch_and_bound,LEC LIII Complex Pyramidal,20,transition,EC LI II Pyramidal Fan,DG Granule,6731.854220776941
branch_and_bound,LEC LIII Complex Pyramidal,21,transition,DG Granule,DG Mossy,44908.709978571016
branch_and_bound,LEC LIII Complex Pyramidal,22,transition,DG Mossy,DG Semilunar Granule,50.6486718617241
branch_and_bound,LEC LIII Complex Pyramidal,23,transition,DG Semilunar Granule,DG Hilar Ectopic Granule,4588.842439594102
branch_and_bound,LEC LIII Complex Pyramidal,24,transition,DG Hilar Ectopic Granule,CA3 Pyramidal,0.0133035385226386
branch_and_bound,LEC LIII Complex Pyramidal,25,transition,CA3 Pyramidal,CA3c Pyramidal,6774.278639391325
branch_and_bound,LEC LIII Complex Pyramidal,26,transition,CA3c Pyramidal,CA2 Pyramidal,24424.53581944845
branch_and_bound,LEC LIII Complex Pyramidal,27,transition,CA2 Pyramidal,CA3 Granule,592.9863345985209
branch_and_bound,LEC LIII Multipolar Principal,1,self_connection,LEC LIII Multipolar Principal,LEC LIII Multipolar Principal,496.4095848183002
branch_and_bound,LEC LIII Multipolar Principal,2,self_connection,EC LI II Multipolar Pyramidal,EC LI II Multipolar Pyramidal,18296.078460202098
branch_and_bound,LEC LIII Multipolar Principal,3,self_connection,EC LII III Pyramidal Tripolar,EC LII III Pyramidal Tripolar,2277.297842357101
branch_and_bound,LEC LIII Multipolar Principal,4,self_connection,MEC LIII Complex Pyramidal,MEC LIII Complex Pyramidal,1453.7180710081302
branch_and_bound,LEC LIII Multipolar Principal,5,self_connection,EC LIV VI Deep Multipolar Principal,EC LIV VI Deep Multipolar Principal,1969.34413375272
branch_and_bound,LEC LIII Multipolar Principal,6,self_connection,MEC LV VI Pyramidal Polymorphic,MEC LV VI Pyramidal Polymorphic,1336.06008642144
branch_and_bound,LEC LIII Multipolar Principal,7,self_connection,EC LV Deep Pyramidal,EC LV Deep Pyramidal,398.1782023002817
branch_and_bound,LEC LIII Multipolar Principal,8,self_connection,LEC LVI Multipolar Pyramidal,LEC LVI Multipolar Pyramidal,212.6675576452901
branch_and_bound,LEC LIII Multipolar Principal,9,self_connection,LEC LIII Complex Pyramidal,LEC LIII Complex Pyramidal,744.1845437655309
branch_and_bound,LEC LIII Multipolar Principal,10,self_connection,EC LIII Pyramidal Stellate,EC LIII Pyramidal Stellate,360.1830629372671
branch_and_bound,LEC LIII Multipolar Principal,11,self_connection,CA1 Pyramidal,CA1 Pyramidal,2793.7555172355333
branch_and_bound,LEC LIII Multipolar Principal,12,self_connection,EC LIII V Bipolar Pyramidal,EC LIII V Bipolar Pyramidal,471.82519386819655
branch_and_bound,LEC LIII Multipolar Principal,13,self_connection,MEC LV Pyramidal,MEC LV Pyramidal,565.2447275074132
branch_and_bound,LEC LIII Multipolar Principal,15,self_connection,MEC LII III Pyramidal Multiform,MEC LII III Pyramidal Multiform,307.79730677822744
branch_and_bound,LEC LIII Multipolar Principal,16,self_connection,MEC LV Multipolar Pyramidal,MEC LV Multipolar Pyramidal,201.78698075346315
branch_and_bound,LEC LIII Multipolar Principal,17,self_connection,EC LIII Pyramidal,EC LIII Pyramidal,17.545063132735347
branch_and_bound,LEC LIII Multipolar Principal,18,self_connection,EC LIII Stellate,EC LIII Stellate,60.68453664121218
branch_and_bound,LEC LIII Multipolar Principal,19,self_connection,MEC LIII Bipolar Complex Pyramidal,MEC LIII Bipolar Complex Pyramidal,176.61548774480949
branch_and_bound,LEC LIII Multipolar Principal,20,self_connection,EC LI II Pyramidal Fan,EC LI II Pyramidal Fan,370.7544610085407
branch_and_bound,LEC LIII Multipolar Principal,22,self_connection,DG Mossy,DG Mossy,1751.260654032912
branch_and_bound,LEC LIII Multipolar Principal,23,self_connection,DG Semilunar Granule,DG Semilunar Granule,40.60469398082807
branch_and_bound,LEC LIII Multipolar Principal,24,self_connection,DG Hilar Ectopic Granule,DG Hilar Ectopic Granule,0.9213810801264162
branch_and_bound,LEC LIII Multipolar Principal,25,self_connection,CA3 Pyramidal,CA3 Pyramidal,3278.450765697168
branch_and_bound,LEC LIII Multipolar Principal,26,self_connection,CA3c Pyramidal,CA3c Pyramidal,639.8640695461409
branch_and_bound,LEC LIII Multipolar Principal,27,self_connection,CA2 Pyramidal,CA2 Pyramidal,2163.138288508038
branch_and_bound,LEC LIII Multipolar Principal,1,transition,LEC LIII Multipolar Principal,EC LI II Multipolar Pyramidal,539.4518276519966
branch_and_bound,LEC LIII Multipolar Principal,2,transition,EC LI II Multipolar Pyramidal,EC LII III Pyramidal Tripolar,28854.49238765121
branch_and_bound,LEC LIII Multipolar Principal,3,transition,EC LII III Pyramidal Tripolar,MEC LIII Complex Pyramidal,2488.1460458320303
branch_and_bound,LEC LIII Multipolar Principal,4,transition,MEC LIII Complex Pyramidal,EC LIV VI Deep Multipolar Principal,19.766329709718363
branch_and_bound,LEC LIII Multipolar Principal,5,transition,EC LIV VI Deep Multipolar Principal,MEC LV VI Pyramidal Polymorphic,2582.023382309931
branch_and_bound,LEC LIII Multipolar Principal,6,transition,MEC LV VI Pyramidal Polymorphic,EC LV Deep Pyramidal,78.22850736136446
branch_and_bound,LEC LIII Multipolar Principal,7,transition,EC LV Deep Pyramidal,LEC LVI Multipolar Pyramidal,608.8907703194651
branch_and_bound,LEC LIII Multipolar Principal,8,transition,LEC LVI Multipolar Pyramidal,LEC LIII Complex Pyramidal,175.93242994355498
branch_and_bound,LEC LIII Multipolar Principal,9,transition,LEC LIII Complex Pyramidal,EC LIII Pyramidal Stellate,538.1000722266449
branch_and_bound,LEC LIII Multipolar Principal,10,transition,EC LIII Pyramidal Stellate,CA1 Pyramidal,5351.494110639728
branch_and_bound,LEC LIII Multipolar Principal,11,transition,CA1 Pyramidal,EC LIII V Bipolar Pyramidal,5659.759259805604
branch_and_bound,LEC LIII Multipolar Principal,12,transition,EC LIII V Bipolar Pyramidal,MEC LV Pyramidal,226.0217597456127
branch_and_bound,LEC LIII Multipolar Principal,13,transition,MEC LV Pyramidal,MEC LII Stellate,900.6001307658568
branch_and_bound,LEC LIII Multipolar Principal,14,transition,MEC LII Stellate,MEC LII III Pyramidal Multiform,2172.4274626996407
branch_and_bound,LEC LIII Multipolar Principal,15,transition,MEC LII III Pyramidal Multiform,MEC LV Multipolar Pyramidal,750.744376370936
branch_and_bound,LEC LIII Multipolar Principal,16,transition,MEC LV Multipolar Pyramidal,EC LIII Pyramidal,26.53458883572656
branch_and_bound,LEC LIII Multipolar Principal,17,transition,EC LIII Pyramidal,EC LIII Stellate,16.121135143574193
branch_and_bound,LEC LIII Multipolar Principal,18,transition,EC LIII Stellate,MEC LIII Bipolar Complex Pyramidal,110.49107949247347
branch_and_bound,LEC LIII Multipolar Principal,19,transition,MEC LIII Bipolar Complex Pyramidal,EC LI II Pyramidal Fan,6.439268930923632
branch_and_bound,LEC LIII Multipolar Principal,20,transition,EC LI II Pyramidal Fan,DG Granule,6731.854220776941
branch_and_bound,LEC LIII Multipolar Principal,21,transition,DG Granule,DG Mossy,44908.709978571016
branch_and_bound,LEC LIII Multipolar Principal,22,transition,DG Mossy,DG Semilunar Granule,50.6486718617241
branch_and_bound,LEC LIII Multipolar Principal,23,transition,DG Semilunar Granule,DG Hilar Ectopic Granule,4588.842439594102
branch_and_bound,LEC LIII Multipolar Principal,24,transition,DG Hilar Ectopic Granule,CA3 Pyramidal,0.0133035385226386
branch_and_bound,LEC LIII Multipolar Principal,25,transition,CA3 Pyramidal,CA3c Pyramidal,6774.278639391325
branch_and_bound,LEC LIII Multipolar Principal,26,transition,CA3c Pyramidal,CA2 Pyramidal,24424.53581944845
branch_and_bound,LEC LIII Multipolar Principal,27,transition,CA2 Pyramidal,CA3 Granule,592.9863345985209
branch_and_bound,LEC LVI Multipolar Pyramidal,1,self_connection,LEC LVI Multipolar Pyramidal,LEC LVI Multipolar Pyramidal,212.6675576452901
branch_and_bound,LEC LVI Multipolar Pyramidal,2,self_connection,EC LII III Pyramidal Tripolar,EC LII III Pyramidal Tripolar,2277.297842357101
branch_and_bound,LEC LVI Multipolar Pyramidal,3,self_connection,EC LI II Multipolar Pyramidal,EC LI II Multipolar Pyramidal,18296.078460202098
branch_and_bound,LEC LVI Multipolar Pyramidal,4,self_connection,MEC LIII Bipolar Complex Pyramidal,MEC LIII Bipolar Complex Pyramidal,176.61548774480949
branch_and_bound,LEC LVI Multipolar Pyramidal,5,self_connection,MEC LIII Complex Pyramidal,MEC LIII Complex Pyramidal,1453.7180710081302
branch_and_bound,LEC LVI Multipolar Pyramidal,6,self_connection,EC LIV VI Deep Multipolar Principal,EC LIV VI Deep Multipolar Principal,1969.34413375272
branch_and_bound,LEC LVI Multipolar Pyramidal,7,self_connection,MEC LV VI Pyramidal Polymorphic,MEC LV VI Pyramidal Polymorphic,1336.06008642144
branch_and_bound,LEC LVI Multipolar Pyramidal,8,self_connection,EC LV Deep Pyramidal,EC LV Deep Pyramidal,398.1782023002817
branch_and_bound,LEC LVI Multipolar Pyramidal,9,self_connection,MEC LV Pyramidal,MEC LV Pyramidal,565.2447275074132
branch_and_bound,LEC LVI Multipolar Pyramidal,11,self_connection,DG Mossy,DG Mossy,1751.260654032912
branch_and_bound,LEC LVI Multipolar Pyramidal,12,self_connection,DG Hilar Ectopic Granule,DG Hilar Ectopic Granule,0.9213810801264162
branch_and_bound,LEC LVI Multipolar Pyramidal,13,self_connection,CA3 Pyramidal,CA3 Pyramidal,3278.450765697168
branch_and_bound,LEC LVI Multipolar Pyramidal,14,self_connection,CA2 Pyramidal,CA2 Pyramidal,2163.138288508038
branch_and_bound,LEC LVI Multipolar Pyramidal,15,self_connection,CA1 Pyramidal,CA1 Pyramidal,2793.7555172355333
branch_and_bound,LEC LVI Multipolar Pyramidal,16,self_connection,EC LIII V Bipolar Pyramidal,EC LIII V Bipolar Pyramidal,471.82519386819655
branch_and_bound,LEC LVI Multipolar Pyramidal,17,self_connection,LEC LIII Multipolar Principal,LEC LIII Multipolar Principal,496.4095848183002
branch_and_bound,LEC LVI Multipolar Pyramidal,18,self_connection,LEC LIII Complex Pyramidal,LEC LIII Complex Pyramidal,744.1845437655309
branch_and_bound,LEC LVI Multipolar Pyramidal,19,self_connection,EC LIII Pyramidal Stellate,EC LIII Pyramidal Stellate,360.1830629372671
branch_and_bound,LEC LVI Multipolar Pyramidal,20,self_connection,EC LIII Pyramidal,EC LIII Pyramidal,17.545063132735347
branch_and_bound,LEC LVI Multipolar Pyramidal,21,self_connection,EC LIII Stellate,EC LIII Stellate,60.68453664121218
branch_and_bound,LEC LVI Multipolar Pyramidal,22,self_connection,MEC LII III Pyramidal Multiform,MEC LII III Pyramidal Multiform,307.79730677822744
branch_and_bound,LEC LVI Multipolar Pyramidal,23,self_connection,MEC LV Multipolar Pyramidal,MEC LV Multipolar Pyramidal,201.78698075346315
branch_and_bound,LEC LVI Multipolar Pyramidal,24,self_connection,MEC LV Superficial Pyramidal,MEC LV Superficial Pyramidal,104.14348764746217
branch_and_bound,LEC LVI Multipolar Pyramidal,25,self_connection,EC LI II Pyramidal Fan,EC LI II Pyramidal Fan,370.7544610085407
branch_and_bound,LEC LVI Multipolar Pyramidal,28,self_connection,CA3c Pyramidal,CA3c Pyramidal,639.8640695461409
branch_and_bound,LEC LVI Multipolar Pyramidal,1,transition,LEC LVI Multipolar Pyramidal,EC LII III Pyramidal Tripolar,48.98798814646632
branch_and_bound,LEC LVI Multipolar Pyramidal,2,transition,EC LII III Pyramidal Tripolar,EC LI II Multipolar Pyramidal,4216.395703649579
branch_and_bound,LEC LVI Multipolar Pyramidal,3,transition,EC LI II Multipolar Pyramidal,MEC LIII Bipolar Complex Pyramidal,30698.001365671505
branch_and_bound,LEC LVI Multipolar Pyramidal,4,transition,MEC LIII Bipolar Complex Pyramidal,MEC LIII Complex Pyramidal,861.1914192115519
branch_and_bound,LEC LVI Multipolar Pyramidal,5,transition,MEC LIII Complex Pyramidal,EC LIV VI Deep Multipolar Principal,19.766329709718363
branch_and_bound,LEC LVI Multipolar Pyramidal,6,transition,EC LIV VI Deep Multipolar Principal,MEC LV VI Pyramidal Polymorphic,2582.023382309931
branch_and_bound,LEC LVI Multipolar Pyramidal,7,transition,MEC LV VI Pyramidal Polymorphic,EC LV Deep Pyramidal,78.22850736136446
branch_and_bound,LEC LVI Multipolar Pyramidal,8,transition,EC LV Deep Pyramidal,MEC LV Pyramidal,172.39609835538727
branch_and_bound,LEC LVI Multipolar Pyramidal,9,transition,MEC LV Pyramidal,DG Granule,9568.736896643586
branch_and_bound,LEC LVI Multipolar Pyramidal,10,transition,DG Granule,DG Mossy,44908.709978571016
branch_and_bound,LEC LVI Multipolar Pyramidal,11,transition,DG Mossy,DG Hilar Ectopic Granule,2119.754290320353
branch_and_bound,LEC LVI Multipolar Pyramidal,12,transition,DG Hilar Ectopic Granule,CA3 Pyramidal,0.0133035385226386
branch_and_bound,LEC LVI Multipolar Pyramidal,13,transition,CA3 Pyramidal,CA2 Pyramidal,12467.302061608583
branch_and_bound,LEC LVI Multipolar Pyramidal,14,transition,CA2 Pyramidal,CA1 Pyramidal,5532.563189259333
branch_and_bound,LEC LVI Multipolar Pyramidal,15,transition,CA1 Pyramidal,EC LIII V Bipolar Pyramidal,5659.759259805604
branch_and_bound,LEC LVI Multipolar Pyramidal,16,transition,EC LIII V Bipolar Pyramidal,LEC LIII Multipolar Principal,1092.637693563088
branch_and_bound,LEC LVI Multipolar Pyramidal,17,transition,LEC LIII Multipolar Principal,LEC LIII Complex Pyramidal,556.0635991085179
branch_and_bound,LEC LVI Multipolar Pyramidal,18,transition,LEC LIII Complex Pyramidal,EC LIII Pyramidal Stellate,538.1000722266449
branch_and_bound,LEC LVI Multipolar Pyramidal,19,transition,EC LIII Pyramidal Stellate,EC LIII Pyramidal,241.99019548048847
branch_and_bound,LEC LVI Multipolar Pyramidal,20,transition,EC LIII Pyramidal,EC LIII Stellate,16.121135143574193
branch_and_bound,LEC LVI Multipolar Pyramidal,21,transition,EC LIII Stellate,MEC LII III Pyramidal Multiform,64.21168926195364
branch_and_bound,LEC LVI Multipolar Pyramidal,22,transition,MEC LII III Pyramidal Multiform,MEC LV Multipolar Pyramidal,750.744376370936
branch_and_bound,LEC LVI Multipolar Pyramidal,23,transition,MEC LV Multipolar Pyramidal,MEC LV Superficial Pyramidal,138.44761428854213
branch_and_bound,LEC LVI Multipolar Pyramidal,24,transition,MEC LV Superficial Pyramidal,EC LI II Pyramidal Fan,3.037796001788656
branch_and_bound,LEC LVI Multipolar Pyramidal,25,transition,EC LI II Pyramidal Fan,MEC LII Stellate,4889.474401375084
branch_and_bound,LEC LVI Multipolar Pyramidal,26,transition,MEC LII Stellate,CA3 Granule,19640.6765649223
branch_and_bound,LEC LVI Multipolar Pyramidal,27,transition,CA3 Granule,CA3c Pyramidal,2.280811281935155
branch_and_bound,LEC LVI Multipolar Pyramidal,28,transition,CA3c Pyramidal,CA1 Radiatum Giant,4064.510468839344
branch_and_bound,MEC LII III Pyramidal Multiform,1,self_connection,MEC LII III Pyramidal Multiform,MEC LII III Pyramidal Multiform,307.79730677822744
branch_and_bound,MEC LII III Pyramidal Multiform,2,self_connection,EC LI II Multipolar Pyramidal,EC LI II Multipolar Pyramidal,18296.078460202098
branch_and_bound,MEC LII III Pyramidal Multiform,3,self_connection,EC LII III Pyramidal Tripolar,EC LII III Pyramidal Tripolar,2277.297842357101
branch_and_bound,MEC LII III Pyramidal Multiform,4,self_connection,MEC LIII Complex Pyramidal,MEC LIII Complex Pyramidal,1453.7180710081302
branch_and_bound,MEC LII III Pyramidal Multiform,5,self_connection,EC LIV VI Deep Multipolar Principal,EC LIV VI Deep Multipolar Principal,1969.34413375272
branch_and_bound,MEC LII III Pyramidal Multiform,6,self_connection,MEC LV VI Pyramidal Polymorphic,MEC LV VI Pyramidal Polymorphic,1336.06008642144
branch_and_bound,MEC LII III Pyramidal Multiform,7,self_connection,EC LV Deep Pyramidal,EC LV Deep Pyramidal,398.1782023002817
branch_and_bound,MEC LII III Pyramidal Multiform,8,self_connection,LEC LVI Multipolar Pyramidal,LEC LVI Multipolar Pyramidal,212.6675576452901
branch_and_bound,MEC LII III Pyramidal Multiform,9,self_connection,LEC LIII Complex Pyramidal,LEC LIII Complex Pyramidal,744.1845437655309
branch_and_bound,MEC LII III Pyramidal Multiform,10,self_connection,LEC LIII Multipolar Principal,LEC LIII Multipolar Principal,496.4095848183002
branch_and_bound,MEC LII III Pyramidal Multiform,11,self_connection,EC LIII Pyramidal Stellate,EC LIII Pyramidal Stellate,360.1830629372671
branch_and_bound,MEC LII III Pyramidal Multiform,12,self_connection,CA1 Pyramidal,CA1 Pyramidal,2793.7555172355333
branch_and_bound,MEC LII III Pyramidal Multiform,13,self_connection,EC LIII V Bipolar Pyramidal,EC LIII V Bipolar Pyramidal,471.82519386819655
branch_and_bound,MEC LII III Pyramidal Multiform,14,self_connection,MEC LV Pyramidal,MEC LV Pyramidal,565.2447275074132
branch_and_bound,MEC LII III Pyramidal Multiform,17,self_connection,MEC LV Multipolar Pyramidal,MEC LV Multipolar Pyramidal,201.78698075346315
branch_and_bound,MEC LII III Pyramidal Multiform,18,self_connection,EC LIII Pyramidal,EC LIII Pyramidal,17.545063132735347
branch_and_bound,MEC LII III Pyramidal Multiform,19,self_connection,EC LIII Stellate,EC LIII Stellate,60.68453664121218
branch_and_bound,MEC LII III Pyramidal Multiform,20,self_connection,MEC LIII Bipolar Complex Pyramidal,MEC LIII Bipolar Complex Pyramidal,176.61548774480949
branch_and_bound,MEC LII III Pyramidal Multiform,21,self_connection,EC LI II Pyramidal Fan,EC LI II Pyramidal Fan,370.7544610085407
branch_and_bound,MEC LII III Pyramidal Multiform,23,self_connection,DG Mossy,DG Mossy,1751.260654032912
branch_and_bound,MEC LII III Pyramidal Multiform,24,self_connection,DG Semilunar Granule,DG Semilunar Granule,40.60469398082807
branch_and_bound,MEC LII III Pyramidal Multiform,25,self_connection,DG Hilar Ectopic Granule,DG Hilar Ectopic Granule,0.9213810801264162
branch_and_bound,MEC LII III Pyramidal Multiform,26,self_connection,CA3 Pyramidal,CA3 Pyramidal,3278.450765697168
branch_and_bound,MEC LII III Pyramidal Multiform,27,self_connection,CA3c Pyramidal,CA3c Pyramidal,639.8640695461409
branch_and_bound,MEC LII III Pyramidal Multiform,28,self_connection,CA2 Pyramidal,CA2 Pyramidal,2163.138288508038
branch_and_bound,MEC LII III Pyramidal Multiform,1,transition,MEC LII III Pyramidal Multiform,EC LI II Multipolar Pyramidal,103.82452256660702
branch_and_bound,MEC LII III Pyramidal Multiform,2,transition,EC LI II Multipolar Pyramidal,EC LII III Pyramidal Tripolar,28854.49238765121
branch_and_bound,MEC LII III Pyramidal Multiform,3,transition,EC LII III Pyramidal Tripolar,MEC LIII Complex Pyramidal,2488.1460458320303
branch_and_bound,MEC LII III Pyramidal Multiform,4,transition,MEC LIII Complex Pyramidal,EC LIV VI Deep Multipolar Principal,19.766329709718363
branch_and_bound,MEC LII III Pyramidal Multiform,5,transition,EC LIV VI Deep Multipolar Principal,MEC LV VI Pyramidal Polymorphic,2582.023382309931
branch_and_bound,MEC LII III Pyramidal Multiform,6,transition,MEC LV VI Pyramidal Polymorphic,EC LV Deep Pyramidal,78.22850736136446
branch_and_bound,MEC LII III Pyramidal Multiform,7,transition,EC LV Deep Pyramidal,LEC LVI Multipolar Pyramidal,608.8907703194651
branch_and_bound,MEC LII III Pyramidal Multiform,8,transition,LEC LVI Multipolar Pyramidal,LEC LIII Complex Pyramidal,175.93242994355498
branch_and_bound,MEC LII III Pyramidal Multiform,9,transition,LEC LIII Complex Pyramidal,LEC LIII Multipolar Principal,814.9191961799069
branch_and_bound,MEC LII III Pyramidal Multiform,10,transition,LEC LIII Multipolar Principal,EC LIII Pyramidal Stellate,406.0536249631236
branch_and_bound,MEC LII III Pyramidal Multiform,11,transition,EC LIII Pyramidal Stellate,CA1 Pyramidal,5351.494110639728
branch_and_bound,MEC LII III Pyramidal Multiform,12,transition,CA1 Pyramidal,EC LIII V Bipolar Pyramidal,5659.759259805604
branch_and_bound,MEC LII III Pyramidal Multiform,13,transition,EC LIII V Bipolar Pyramidal,MEC LV Pyramidal,226.0217597456127
branch_and_bound,MEC LII III Pyramidal Multiform,14,transition,MEC LV Pyramidal,MEC LII Stellate,900.6001307658568
branch_and_bound,MEC LII III Pyramidal Multiform,15,transition,MEC LII Stellate,MEC LII Oblique Pyramidal,2144.806717184772
branch_and_bound,MEC LII III Pyramidal Multiform,16,transition,MEC LII Oblique Pyramidal,MEC LV Multipolar Pyramidal,64.19606531679433
branch_and_bound,MEC LII III Pyramidal Multiform,17,transition,MEC LV Multipolar Pyramidal,EC LIII Pyramidal,26.53458883572656
branch_and_bound,MEC LII III Pyramidal Multiform,18,transition,EC LIII Pyramidal,EC LIII Stellate,16.121135143574193
branch_and_bound,MEC LII III Pyramidal Multiform,19,transition,EC LIII Stellate,MEC LIII Bipolar Complex Pyramidal,110.49107949247347
branch_and_bound,MEC LII III Pyramidal Multiform,20,transition,MEC LIII Bipolar Complex Pyramidal,EC LI II Pyramidal Fan,6.439268930923632
branch_and_bound,MEC LII III Pyramidal Multiform,21,transition,EC LI II Pyramidal Fan,DG Granule,6731.854220776941
branch_and_bound,MEC LII III Pyramidal Multiform,22,transition,DG Granule,DG Mossy,44908.709978571016
branch_and_bound,MEC LII III Pyramidal Multiform,23,transition,DG Mossy,DG Semilunar Granule,50.6486718617241
branch_and_bound,MEC LII III Pyramidal Multiform,24,transition,DG Semilunar Granule,DG Hilar Ectopic Granule,4588.842439594102
branch_and_bound,MEC LII III Pyramidal Multiform,25,transition,DG Hilar Ectopic Granule,CA3 Pyramidal,0.0133035385226386
branch_and_bound,MEC LII III Pyramidal Multiform,26,transition,CA3 Pyramidal,CA3c Pyramidal,6774.278639391325
branch_and_bound,MEC LII III Pyramidal Multiform,27,transition,CA3c Pyramidal,CA2 Pyramidal,24424.53581944845
branch_and_bound,MEC LII III Pyramidal Multiform,28,transition,CA2 Pyramidal,CA3 Granule,592.9863345985209
branch_and_bound,MEC LII Oblique Pyramidal,2,self_connection,EC LII III Pyramidal Tripolar,EC LII III Pyramidal Tripolar,2277.297842357101
branch_and_bound,MEC LII Oblique Pyramidal,3,self_connection,EC LI II Multipolar Pyramidal,EC LI II Multipolar Pyramidal,18296.078460202098
branch_and_bound,MEC LII Oblique Pyramidal,4,self_connection,MEC LIII Bipolar Complex Pyramidal,MEC LIII Bipolar Complex Pyramidal,176.61548774480949
branch_and_bound,MEC LII Oblique Pyramidal,5,self_connection,MEC LIII Complex Pyramidal,MEC LIII Complex Pyramidal,1453.7180710081302
branch_and_bound,MEC LII Oblique Pyramidal,6,self_connection,EC LIV VI Deep Multipolar Principal,EC LIV VI Deep Multipolar Principal,1969.34413375272
branch_and_bound,MEC LII Oblique Pyramidal,7,self_connection,MEC LV VI Pyramidal Polymorphic,MEC LV VI Pyramidal Polymorphic,1336.06008642144
branch_and_bound,MEC LII Oblique Pyramidal,8,self_connection,EC LV Deep Pyramidal,EC LV Deep Pyramidal,398.1782023002817
branch_and_bound,MEC LII Oblique Pyramidal,9,self_connection,LEC LVI Multipolar Pyramidal,LEC LVI Multipolar Pyramidal,212.6675576452901
branch_and_bound,MEC LII Oblique Pyramidal,10,self_connection,LEC LIII Complex Pyramidal,LEC LIII Complex Pyramidal,744.1845437655309
branch_and_bound,MEC LII Oblique Pyramidal,11,self_connection,LEC LIII Multipolar Principal,LEC LIII Multipolar Principal,496.4095848183002
branch_and_bound,MEC LII Oblique Pyramidal,12,self_connection,EC LIII Pyramidal Stellate,EC LIII Pyramidal Stellate,360.1830629372671
branch_and_bound,MEC LII Oblique Pyramidal,13,self_connection,CA1 Pyramidal,CA1 Pyramidal,2793.7555172355333
branch_and_bound,MEC LII Oblique Pyramidal,14,self_connection,EC LIII V Bipolar Pyramidal,EC LIII V Bipolar Pyramidal,471.82519386819655
branch_and_bound,MEC LII Oblique Pyramidal,15,self_connection,MEC LV Pyramidal,MEC LV Pyramidal,565.2447275074132
branch_and_bound,MEC LII Oblique Pyramidal,18,self_connection,CA3 Pyramidal,CA3 Pyramidal,3278.450765697168
branch_and_bound,MEC LII Oblique Pyramidal,19,self_connection,CA2 Pyramidal,CA2 Pyramidal,2163.138288508038
branch_and_bound,MEC LII Oblique Pyramidal,20,self_connection,CA3c Pyramidal,CA3c Pyramidal,639.8640695461409
branch_and_bound,MEC LII Oblique Pyramidal,22,self_connection,DG Mossy,DG Mossy,1751.260654032912
branch_and_bound,MEC LII Oblique Pyramidal,23,self_connection,DG Semilunar Granule,DG Semilunar Granule,40.60469398082807
branch_and_bound,MEC LII Oblique Pyramidal,24,self_connection,DG Hilar Ectopic Granule,DG Hilar Ectopic Granule,0.9213810801264162
branch_and_bound,MEC LII Oblique Pyramidal,1,transition,MEC LII Oblique Pyramidal,EC LII III Pyramidal Tripolar,11.97337518907701
branch_and_bound,MEC LII Oblique Pyramidal,2,transition,EC LII III Pyramidal Tripolar,EC LI II Multipolar Pyramidal,4216.395703649579
branch_and_bound,MEC LII Oblique Pyramidal,3,transition,EC LI II Multipolar Pyramidal,MEC LIII Bipolar Complex Pyramidal,30698.001365671505
branch_and_bound,MEC LII Oblique Pyramidal,4,transition,MEC LIII Bipolar Complex Pyramidal,MEC LIII Complex Pyramidal,861.1914192115519
branch_and_bound,MEC LII Oblique Pyramidal,5,transition,MEC LIII Complex Pyramidal,EC LIV VI Deep Multipolar Principal,19.766329709718363
branch_and_bound,MEC LII Oblique Pyramidal,6,transition,EC LIV VI Deep Multipolar Principal,MEC LV VI Pyramidal Polymorphic,2582.023382309931
branch_and_bound,MEC LII Oblique Pyramidal,7,transition,MEC LV VI Pyramidal Polymorphic,EC LV Deep Pyramidal,78.22850736136446
branch_and_bound,MEC LII Oblique Pyramidal,8,transition,EC LV Deep Pyramidal,LEC LVI Multipolar Pyramidal,608.8907703194651
branch_and_bound,MEC LII Oblique Pyramidal,9,transition,LEC LVI Multipolar Pyramidal,LEC LIII Complex Pyramidal,175.93242994355498
branch_and_bound,MEC LII Oblique Pyramidal,10,transition,LEC LIII Complex Pyramidal,LEC LIII Multipolar Principal,814.9191961799069
branch_and_bound,MEC LII Oblique Pyramidal,11,transition,LEC LIII Multipolar Principal,EC LIII Pyramidal Stellate,406.0536249631236
branch_and_bound,MEC LII Oblique Pyramidal,12,transition,EC LIII Pyramidal Stellate,CA1 Pyramidal,5351.494110639728
branch_and_bound,MEC LII Oblique Pyramidal,13,transition,CA1 Pyramidal,EC LIII V Bipolar Pyramidal,5659.759259805604
branch_and_bound,MEC LII Oblique Pyramidal,14,transition,EC LIII V Bipolar Pyramidal,MEC LV Pyramidal,226.0217597456127
branch_and_bound,MEC LII Oblique Pyramidal,15,transition,MEC LV Pyramidal,MEC LII Stellate,900.6001307658568
branch_and_bound,MEC LII Oblique Pyramidal,16,transition,MEC LII Stellate,CA3 Granule,19640.6765649223
branch_and_bound,MEC LII Oblique Pyramidal,17,transition,CA3 Granule,CA3 Pyramidal,0.942018883295193
branch_and_bound,MEC LII Oblique Pyramidal,18,transition,CA3 Pyramidal,CA2 Pyramidal,12467.302061608583
branch_and_bound,MEC LII Oblique Pyramidal,19,transition,CA2 Pyramidal,CA3c Pyramidal,2212.266414990227
branch_and_bound,MEC LII Oblique Pyramidal,20,transition,CA3c Pyramidal,DG Granule,7159.489110348726
branch_and_bound,MEC LII Oblique Pyramidal,21,transition,DG Granule,DG Mossy,44908.709978571016
branch_and_bound,MEC LII Oblique Pyramidal,22,transition,DG Mossy,DG Semilunar Granule,50.6486718617241
branch_and_bound,MEC LII Oblique Pyramidal,23,transition,DG Semilunar Granule,DG Hilar Ectopic Granule,4588.842439594102
branch_and_bound,MEC LII Stellate,3,self_connection,CA3 Pyramidal,CA3 Pyramidal,3278.450765697168
branch_and_bound,MEC LII Stellate,4,self_connection,CA2 Pyramidal,CA2 Pyramidal,2163.138288508038
branch_and_bound,MEC LII Stellate,5,self_connection,CA1 Pyramidal,CA1 Pyramidal,2793.7555172355333
branch_and_bound,MEC LII Stellate,6,self_connection,MEC LV VI Pyramidal Polymorphic,MEC LV VI Pyramidal Polymorphic,1336.06008642144
branch_and_bound,MEC LII Stellate,7,self_connection,EC LIV VI Deep Multipolar Principal,EC LIV VI Deep Multipolar Principal,1969.34413375272
branch_and_bound,MEC LII Stellate,8,self_connection,MEC LIII Complex Pyramidal,MEC LIII Complex Pyramidal,1453.7180710081302
branch_and_bound,MEC LII Stellate,9,self_connection,EC LI II Multipolar Pyramidal,EC LI II Multipolar Pyramidal,18296.078460202098
branch_and_bound,MEC LII Stellate,10,self_connection,EC LII III Pyramidal Tripolar,EC LII III Pyramidal Tripolar,2277.297842357101
branch_and_bound,MEC LII Stellate,11,self_connection,EC LIII Stellate,EC LIII Stellate,60.68453664121218
branch_and_bound,MEC LII Stellate,12,self_connection,LEC LIII Complex Pyramidal,LEC LIII Complex Pyramidal,744.1845437655309
branch_and_bound,MEC LII Stellate,13,self_connection,LEC LIII Multipolar Principal,LEC LIII Multipolar Principal,496.4095848183002
branch_and_bound,MEC LII Stellate,14,self_connection,EC LIII Pyramidal Stellate,EC LIII Pyramidal Stellate,360.1830629372671
branch_and_bound,MEC LII Stellate,15,self_connection,MEC LIII Bipolar Complex Pyramidal,MEC LIII Bipolar Complex Pyramidal,176.61548774480949
branch_and_bound,MEC LII Stellate,16,self_connection,MEC LV Pyramidal,MEC LV Pyramidal,565.2447275074132
branch_and_bound,MEC LII Stellate,17,self_connection,MEC LV Multipolar Pyramidal,MEC LV Multipolar Pyramidal,201.78698075346315
branch_and_bound,MEC LII Stellate,18,self_connection,EC LIII V Bipolar Pyramidal,EC LIII V Bipolar Pyramidal,471.82519386819655
branch_and_bound,MEC LII Stellate,19,self_connection,EC LV Deep Pyramidal,EC LV Deep Pyramidal,398.1782023002817
branch_and_bound,MEC LII Stellate,20,self_connection,LEC LVI Multipolar Pyramidal,LEC LVI Multipolar Pyramidal,212.6675576452901
branch_and_bound,MEC LII Stellate,21,self_connection,EC LIII Pyramidal,EC LIII Pyramidal,17.545063132735347
branch_and_bound,MEC LII Stellate,22,self_connection,MEC LII III Pyramidal Multiform,MEC LII III Pyramidal Multiform,307.79730677822744
branch_and_bound,MEC LII Stellate,23,self_connection,MEC LV Superficial Pyramidal,MEC LV Superficial Pyramidal,104.14348764746217
branch_and_bound,MEC LII Stellate,24,self_connection,EC LI II Pyramidal Fan,EC LI II Pyramidal Fan,370.7544610085407
branch_and_bound,MEC LII Stellate,26,self_connection,DG Mossy,DG Mossy,1751.260654032912
branch_and_bound,MEC LII Stellate,27,self_connection,DG Semilunar Granule,DG Semilunar Granule,40.60469398082807
branch_and_bound,MEC LII Stellate,28,self_connection,DG Hilar Ectopic Granule,DG Hilar Ectopic Granule,0.9213810801264162
branch_and_bound,MEC LII Stellate,29,self_connection,CA3c Pyramidal,CA3c Pyramidal,639.8640695461409
branch_and_bound,MEC LII Stellate,1,transition,MEC LII Stellate,CA3 Granule,19640.6765649223
branch_and_bound,MEC LII Stellate,2,transition,CA3 Granule,CA3 Pyramidal,0.942018883295193
branch_and_bound,MEC LII Stellate,3,transition,CA3 Pyramidal,CA2 Pyramidal,12467.302061608583
branch_and_bound,MEC LII Stellate,4,transition,CA2 Pyramidal,CA1 Pyramidal,5532.563189259333
branch_and_bound,MEC LII Stellate,5,transition,CA1 Pyramidal,MEC LV VI Pyramidal Polymorphic,13564.64480225756
branch_and_bound,MEC LII Stellate,6,transition,MEC LV VI Pyramidal Polymorphic,EC LIV VI Deep Multipolar Principal,86.77596588341953
branch_and_bound,MEC LII Stellate,7,transition,EC LIV VI Deep Multipolar Principal,MEC LIII Complex Pyramidal,1427.516326568439
branch_and_bound,MEC LII Stellate,8,transition,MEC LIII Complex Pyramidal,EC LI II Multipolar Pyramidal,552.0532459996851
branch_and_bound,MEC LII Stellate,9,transition,EC LI II Multipolar Pyramidal,EC LII III Pyramidal Tripolar,28854.49238765121
branch_and_bound,MEC LII Stellate,10,transition,EC LII III Pyramidal Tripolar,EC LIII Stellate,2760.010200610732
branch_and_bound,MEC LII Stellate,11,transition,EC LIII Stellate,LEC LIII Complex Pyramidal,54.00019845163271
branch_and_bound,MEC LII Stellate,12,transition,LEC LIII Complex Pyramidal,LEC LIII Multipolar Principal,814.9191961799069
branch_and_bound,MEC LII Stellate,13,transition,LEC LIII Multipolar Principal,EC LIII Pyramidal Stellate,406.0536249631236
branch_and_bound,MEC LII Stellate,14,transition,EC LIII Pyramidal Stellate,MEC LIII Bipolar Complex Pyramidal,418.9168875087689
branch_and_bound,MEC LII Stellate,15,transition,MEC LIII Bipolar Complex Pyramidal,MEC LV Pyramidal,22.884394947232725
branch_and_bound,MEC LII Stellate,16,transition,MEC LV Pyramidal,MEC LV Multipolar Pyramidal,662.4278400096001
branch_and_bound,MEC LII Stellate,17,transition,MEC LV Multipolar Pyramidal,EC LIII V Bipolar Pyramidal,31.88776158532124
branch_and_bound,MEC LII Stellate,18,transition,EC LIII V Bipolar Pyramidal,EC LV Deep Pyramidal,430.7344261554038
branch_and_bound,MEC LII Stellate,19,transition,EC LV Deep Pyramidal,LEC LVI Multipolar Pyramidal,608.8907703194651
branch_and_bound,MEC LII Stellate,20,transition,LEC LVI Multipolar Pyramidal,EC LIII Pyramidal,46.10204179653461
branch_and_bound,MEC LII Stellate,21,transition,EC LIII Pyramidal,MEC LII III Pyramidal Multiform,17.53379191328466
branch_and_bound,MEC LII Stellate,22,transition,MEC LII III Pyramidal Multiform,MEC LV Superficial Pyramidal,589.7870748828476
branch_and_bound,MEC LII Stellate,23,transition,MEC LV Superficial Pyramidal,EC LI II Pyramidal Fan,3.037796001788656
branch_and_bound,MEC LII Stellate,24,transition,EC LI II Pyramidal Fan,DG Granule,6731.854220776941
branch_and_bound,MEC LII Stellate,25,transition,DG Granule,DG Mossy,44908.709978571016
branch_and_bound,MEC LII Stellate,26,transition,DG Mossy,DG Semilunar Granule,50.6486718617241
branch_and_bound,MEC LII Stellate,27,transition,DG Semilunar Granule,DG Hilar Ectopic Granule,4588.842439594102
branch_and_bound,MEC LII Stellate,28,transition,DG Hilar Ectopic Granule,CA3c Pyramidal,0.0550567880071112
branch_and_bound,MEC LII Stellate,29,transition,CA3c Pyramidal,CA1 Radiatum Giant,4064.510468839344
branch_and_bound,MEC LIII Bipolar Complex Pyramidal,1,self_connection,MEC LIII Bipolar Complex Pyramidal,MEC LIII Bipolar Complex Pyramidal,176.61548774480949
branch_and_bound,MEC LIII Bipolar Complex Pyramidal,2,self_connection,EC LI II Multipolar Pyramidal,EC LI II Multipolar Pyramidal,18296.078460202098
branch_and_bound,MEC LIII Bipolar Complex Pyramidal,3,self_connection,EC LII III Pyramidal Tripolar,EC LII III Pyramidal Tripolar,2277.297842357101
branch_and_bound,MEC LIII Bipolar Complex Pyramidal,4,self_connection,MEC LIII Complex Pyramidal,MEC LIII Complex Pyramidal,1453.7180710081302
branch_and_bound,MEC LIII Bipolar Complex Pyramidal,5,self_connection,EC LIV VI Deep Multipolar Principal,EC LIV VI Deep Multipolar Principal,1969.34413375272
branch_and_bound,MEC LIII Bipolar Complex Pyramidal,6,self_connection,MEC LV VI Pyramidal Polymorphic,MEC LV VI Pyramidal Polymorphic,1336.06008642144
branch_and_bound,MEC LIII Bipolar Complex Pyramidal,7,self_connection,EC LV Deep Pyramidal,EC LV Deep Pyramidal,398.1782023002817
branch_and_bound,MEC LIII Bipolar Complex Pyramidal,8,self_connection,LEC LVI Multipolar Pyramidal,LEC LVI Multipolar Pyramidal,212.6675576452901
branch_and_bound,MEC LIII Bipolar Complex Pyramidal,9,self_connection,LEC LIII Complex Pyramidal,LEC LIII Complex Pyramidal,744.1845437655309
branch_and_bound,MEC LIII Bipolar Complex Pyramidal,10,self_connection,LEC LIII Multipolar Principal,LEC LIII Multipolar Principal,496.4095848183002
branch_and_bound,MEC LIII Bipolar Complex Pyramidal,11,self_connection,EC LIII Pyramidal Stellate,EC LIII Pyramidal Stellate,360.1830629372671
branch_and_bound,MEC LIII Bipolar Complex Pyramidal,12,self_connection,CA1 Pyramidal,CA1 Pyramidal,2793.7555172355333
branch_and_bound,MEC LIII Bipolar Complex Pyramidal,13,self_connection,EC LIII V Bipolar Pyramidal,EC LIII V Bipolar Pyramidal,471.82519386819655
branch_and_bound,MEC LIII Bipolar Complex Pyramidal,14,self_connection,MEC LV Pyramidal,MEC LV Pyramidal,565.2447275074132
branch_and_bound,MEC LIII Bipolar Complex Pyramidal,16,self_connection,MEC LII III Pyramidal Multiform,MEC LII III Pyramidal Multiform,307.79730677822744
branch_and_bound,MEC LIII Bipolar Complex Pyramidal,17,self_connection,MEC LV Superficial Pyramidal,MEC LV Superficial Pyramidal,104.14348764746217
branch_and_bound,MEC LIII Bipolar Complex Pyramidal,18,self_connection,EC LI II Pyramidal Fan,EC LI II Pyramidal Fan,370.7544610085407
branch_and_bound,MEC LIII Bipolar Complex Pyramidal,20,self_connection,DG Mossy,DG Mossy,1751.260654032912
branch_and_bound,MEC LIII Bipolar Complex Pyramidal,21,self_connection,DG Semilunar Granule,DG Semilunar Granule,40.60469398082807
branch_and_bound,MEC LIII Bipolar Complex Pyramidal,22,self_connection,DG Hilar Ectopic Granule,DG Hilar Ectopic Granule,0.9213810801264162
branch_and_bound,MEC LIII Bipolar Complex Pyramidal,23,self_connection,CA3 Pyramidal,CA3 Pyramidal,3278.450765697168
branch_and_bound,MEC LIII Bipolar Complex Pyramidal,24,self_connection,CA3c Pyramidal,CA3c Pyramidal,639.8640695461409
branch_and_bound,MEC LIII Bipolar Complex Pyramidal,25,self_connection,CA2 Pyramidal,CA2 Pyramidal,2163.138288508038
branch_and_bound,MEC LIII Bipolar Complex Pyramidal,1,transition,MEC LIII Bipolar Complex Pyramidal,EC LI II Multipolar Pyramidal,110.84041939754674
branch_and_bound,MEC LIII Bipolar Complex Pyramidal,2,transition,EC LI II Multipolar Pyramidal,EC LII III Pyramidal Tripolar,28854.49238765121
branch_and_bound,MEC LIII Bipolar Complex Pyramidal,3,transition,EC LII III Pyramidal Tripolar,MEC LIII Complex Pyramidal,2488.1460458320303
branch_and_bound,MEC LIII Bipolar Complex Pyramidal,4,transition,MEC LIII Complex Pyramidal,EC LIV VI Deep Multipolar Principal,19.766329709718363
branch_and_bound,MEC LIII Bipolar Complex Pyramidal,5,transition,EC LIV VI Deep Multipolar Principal,MEC LV VI Pyramidal Polymorphic,2582.023382309931
branch_and_bound,MEC LIII Bipolar Complex Pyramidal,6,transition,MEC LV VI Pyramidal Polymorphic,EC LV Deep Pyramidal,78.22850736136446
branch_and_bound,MEC LIII Bipolar Complex Pyramidal,7,transition,EC LV Deep Pyramidal,LEC LVI Multipolar Pyramidal,608.8907703194651
branch_and_bound,MEC LIII Bipolar Complex Pyramidal,8,transition,LEC LVI Multipolar Pyramidal,LEC LIII Complex Pyramidal,175.93242994355498
branch_and_bound,MEC LIII Bipolar Complex Pyramidal,9,transition,LEC LIII Complex Pyramidal,LEC LIII Multipolar Principal,814.9191961799069
branch_and_bound,MEC LIII Bipolar Complex Pyramidal,10,transition,LEC LIII Multipolar Principal,EC LIII Pyramidal Stellate,406.0536249631236
branch_and_bound,MEC LIII Bipolar Complex Pyramidal,11,transition,EC LIII Pyramidal Stellate,CA1 Pyramidal,5351.494110639728
branch_and_bound,MEC LIII Bipolar Complex Pyramidal,12,transition,CA1 Pyramidal,EC LIII V Bipolar Pyramidal,5659.759259805604
branch_and_bound,MEC LIII Bipolar Complex Pyramidal,13,transition,EC LIII V Bipolar Pyramidal,MEC LV Pyramidal,226.0217597456127
branch_and_bound,MEC LIII Bipolar Complex Pyramidal,14,transition,MEC LV Pyramidal,MEC LII Stellate,900.6001307658568
branch_and_bound,MEC LIII Bipolar Complex Pyramidal,15,transition,MEC LII Stellate,MEC LII III Pyramidal Multiform,2172.4274626996407
branch_and_bound,MEC LIII Bipolar Complex Pyramidal,16,transition,MEC LII III Pyramidal Multiform,MEC LV Superficial Pyramidal,589.7870748828476
branch_and_bound,MEC LIII Bipolar Complex Pyramidal,17,transition,MEC LV Superficial Pyramidal,EC LI II Pyramidal Fan,3.037796001788656
branch_and_bound,MEC LIII Bipolar Complex Pyramidal,18,transition,EC LI II Pyramidal Fan,DG Granule,6731.854220776941
branch_and_bound,MEC LIII Bipolar Complex Pyramidal,19,transition,DG Granule,DG Mossy,44908.709978571016
branch_and_bound,MEC LIII Bipolar Complex Pyramidal,20,transition,DG Mossy,DG Semilunar Granule,50.6486718617241
branch_and_bound,MEC LIII Bipolar Complex Pyramidal,21,transition,DG Semilunar Granule,DG Hilar Ectopic Granule,4588.842439594102
branch_and_bound,MEC LIII Bipolar Complex Pyramidal,22,transition,DG Hilar Ectopic Granule,CA3 Pyramidal,0.0133035385226386
branch_and_bound,MEC LIII Bipolar Complex Pyramidal,23,transition,CA3 Pyramidal,CA3c Pyramidal,6774.278639391325
branch_and_bound,MEC LIII Bipolar Complex Pyramidal,24,transition,CA3c Pyramidal,CA2 Pyramidal,24424.53581944845
branch_and_bound,MEC LIII Bipolar Complex Pyramidal,25,transition,CA2 Pyramidal,CA3 Granule,592.9863345985209
branch_and_bound,MEC LIII Complex Pyramidal,1,self_connection,MEC LIII Complex Pyramidal,MEC LIII Complex Pyramidal,1453.7180710081302
branch_and_bound,MEC LIII Complex Pyramidal,2,self_connection,EC LI II Multipolar Pyramidal,EC LI II Multipolar Pyramidal,18296.078460202098
branch_and_bound,MEC LIII Complex Pyramidal,3,self_connection,EC LII III Pyramidal Tripolar,EC LII III Pyramidal Tripolar,2277.297842357101
branch_and_bound,MEC LIII Complex Pyramidal,6,self_connection,CA3 Pyramidal,CA3 Pyramidal,3278.450765697168
branch_and_bound,MEC LIII Complex Pyramidal,7,self_connection,CA2 Pyramidal,CA2 Pyramidal,2163.138288508038
branch_and_bound,MEC LIII Complex Pyramidal,8,self_connection,CA1 Pyramidal,CA1 Pyramidal,2793.7555172355333
branch_and_bound,MEC LIII Complex Pyramidal,9,self_connection,MEC LV VI Pyramidal Polymorphic,MEC LV VI Pyramidal Polymorphic,1336.06008642144
branch_and_bound,MEC LIII Complex Pyramidal,10,self_connection,EC LIV VI Deep Multipolar Principal,EC LIV VI Deep Multipolar Principal,1969.34413375272
branch_and_bound,MEC LIII Complex Pyramidal,11,self_connection,LEC LVI Multipolar Pyramidal,LEC LVI Multipolar Pyramidal,212.6675576452901
branch_and_bound,MEC LIII Complex Pyramidal,12,self_connection,LEC LIII Complex Pyramidal,LEC LIII Complex Pyramidal,744.1845437655309
branch_and_bound,MEC LIII Complex Pyramidal,13,self_connection,LEC LIII Multipolar Principal,LEC LIII Multipolar Principal,496.4095848183002
branch_and_bound,MEC LIII Complex Pyramidal,14,self_connection,EC LIII Pyramidal Stellate,EC LIII Pyramidal Stellate,360.1830629372671
branch_and_bound,MEC LIII Complex Pyramidal,15,self_connection,MEC LIII Bipolar Complex Pyramidal,MEC LIII Bipolar Complex Pyramidal,176.61548774480949
branch_and_bound,MEC LIII Complex Pyramidal,16,self_connection,MEC LV Pyramidal,MEC LV Pyramidal,565.2447275074132
branch_and_bound,MEC LIII Complex Pyramidal,17,self_connection,MEC LV Multipolar Pyramidal,MEC LV Multipolar Pyramidal,201.78698075346315
branch_and_bound,MEC LIII Complex Pyramidal,18,self_connection,EC LIII Pyramidal,EC LIII Pyramidal,17.545063132735347
branch_and_bound,MEC LIII Complex Pyramidal,19,self_connection,EC LV Deep Pyramidal,EC LV Deep Pyramidal,398.1782023002817
branch_and_bound,MEC LIII Complex Pyramidal,20,self_connection,EC LIII V Bipolar Pyramidal,EC LIII V Bipolar Pyramidal,471.82519386819655
branch_and_bound,MEC LIII Complex Pyramidal,21,self_connection,EC LIII Stellate,EC LIII Stellate,60.68453664121218
branch_and_bound,MEC LIII Complex Pyramidal,22,self_connection,MEC LII III Pyramidal Multiform,MEC LII III Pyramidal Multiform,307.79730677822744
branch_and_bound,MEC LIII Complex Pyramidal,23,self_connection,MEC LV Superficial Pyramidal,MEC LV Superficial Pyramidal,104.14348764746217
branch_and_bound,MEC LIII Complex Pyramidal,24,self_connection,EC LI II Pyramidal Fan,EC LI II Pyramidal Fan,370.7544610085407
branch_and_bound,MEC LIII Complex Pyramidal,26,self_connection,DG Mossy,DG Mossy,1751.260654032912
branch_and_bound,MEC LIII Complex Pyramidal,27,self_connection,DG Semilunar Granule,DG Semilunar Granule,40.60469398082807
branch_and_bound,MEC LIII Complex Pyramidal,28,self_connection,DG Hilar Ectopic Granule,DG Hilar Ectopic Granule,0.9213810801264162
branch_and_bound,MEC LIII Complex Pyramidal,29,self_connection,CA3c Pyramidal,CA3c Pyramidal,639.8640695461409
branch_and_bound,MEC LIII Complex Pyramidal,1,transition,MEC LIII Complex Pyramidal,EC LI II Multipolar Pyramidal,552.0532459996851
branch_and_bound,MEC LIII Complex Pyramidal,2,transition,EC LI II Multipolar Pyramidal,EC LII III Pyramidal Tripolar,28854.49238765121
branch_and_bound,MEC LIII Complex Pyramidal,3,transition,EC LII III Pyramidal Tripolar,MEC LII Stellate,3189.046054691212
branch_and_bound,MEC LIII Complex Pyramidal,4,transition,MEC LII Stellate,CA3 Granule,19640.6765649223
branch_and_bound,MEC LIII Complex Pyramidal,5,transition,CA3 Granule,CA3 Pyramidal,0.942018883295193
branch_and_bound,MEC LIII Complex Pyramidal,6,transition,CA3 Pyramidal,CA2 Pyramidal,12467.302061608583
branch_and_bound,MEC LIII Complex Pyramidal,7,transition,CA2 Pyramidal,CA1 Pyramidal,5532.563189259333
branch_and_bound,MEC LIII Complex Pyramidal,8,transition,CA1 Pyramidal,MEC LV VI Pyramidal Polymorphic,13564.64480225756
branch_and_bound,MEC LIII Complex Pyramidal,9,transition,MEC LV VI Pyramidal Polymorphic,EC LIV VI Deep Multipolar Principal,86.77596588341953
branch_and_bound,MEC LIII Complex Pyramidal,10,transition,EC LIV VI Deep Multipolar Principal,LEC LVI Multipolar Pyramidal,2246.3636143897743
branch_and_bound,MEC LIII Complex Pyramidal,11,transition,LEC LVI Multipolar Pyramidal,LEC LIII Complex Pyramidal,175.93242994355498
branch_and_bound,MEC LIII Complex Pyramidal,12,transition,LEC LIII Complex Pyramidal,LEC LIII Multipolar Principal,814.9191961799069
branch_and_bound,MEC LIII Complex Pyramidal,13,transition,LEC LIII Multipolar Principal,EC LIII Pyramidal Stellate,406.0536249631236
branch_and_bound,MEC LIII Complex Pyramidal,14,transition,EC LIII Pyramidal Stellate,MEC LIII Bipolar Complex Pyramidal,418.9168875087689
branch_and_bound,MEC LIII Complex Pyramidal,15,transition,MEC LIII Bipolar Complex Pyramidal,MEC LV Pyramidal,22.884394947232725
branch_and_bound,MEC LIII Complex Pyramidal,16,transition,MEC LV Pyramidal,MEC LV Multipolar Pyramidal,662.4278400096001
branch_and_bound,MEC LIII Complex Pyramidal,17,transition,MEC LV Multipolar Pyramidal,EC LIII Pyramidal,26.53458883572656
branch_and_bound,MEC LIII Complex Pyramidal,18,transition,EC LIII Pyramidal,EC LV Deep Pyramidal,31.48238204973288
branch_and_bound,MEC LIII Complex Pyramidal,19,transition,EC LV Deep Pyramidal,EC LIII V Bipolar Pyramidal,180.4005489546849
branch_and_bound,MEC LIII Complex Pyramidal,20,transition,EC LIII V Bipolar Pyramidal,EC LIII Stellate,338.62065230287004
branch_and_bound,MEC LIII Complex Pyramidal,21,transition,EC LIII Stellate,MEC LII III Pyramidal Multiform,64.21168926195364
branch_and_bound,MEC LIII Complex Pyramidal,22,transition,MEC LII III Pyramidal Multiform,MEC LV Superficial Pyramidal,589.7870748828476
branch_and_bound,MEC LIII Complex Pyramidal,23,transition,MEC LV Superficial Pyramidal,EC LI II Pyramidal Fan,3.037796001788656
branch_and_bound,MEC LIII Complex Pyramidal,24,transition,EC LI II Pyramidal Fan,DG Granule,6731.854220776941
branch_and_bound,MEC LIII Complex Pyramidal,25,transition,DG Granule,DG Mossy,44908.709978571016
branch_and_bound,MEC LIII Complex Pyramidal,26,transition,DG Mossy,DG Semilunar Granule,50.6486718617241
branch_and_bound,MEC LIII Complex Pyramidal,27,transition,DG Semilunar Granule,DG Hilar Ectopic Granule,4588.842439594102
branch_and_bound,MEC LIII Complex Pyramidal,28,transition,DG Hilar Ectopic Granule,CA3c Pyramidal,0.0550567880071112
branch_and_bound,MEC LIII Complex Pyramidal,29,transition,CA3c Pyramidal,CA1 Radiatum Giant,4064.510468839344
branch_and_bound,MEC LV Multipolar Pyramidal,1,self_connection,MEC LV Multipolar Pyramidal,MEC LV Multipolar Pyramidal,201.78698075346315
branch_and_bound,MEC LV Multipolar Pyramidal,2,self_connection,EC LII III Pyramidal Tripolar,EC LII III Pyramidal Tripolar,2277.297842357101
branch_and_bound,MEC LV Multipolar Pyramidal,3,self_connection,EC LI II Multipolar Pyramidal,EC LI II Multipolar Pyramidal,18296.078460202098
branch_and_bound,MEC LV Multipolar Pyramidal,4,self_connection,MEC LIII Bipolar Complex Pyramidal,MEC LIII Bipolar Complex Pyramidal,176.61548774480949
branch_and_bound,MEC LV Multipolar Pyramidal,5,self_connection,MEC LIII Complex Pyramidal,MEC LIII Complex Pyramidal,1453.7180710081302
branch_and_bound,MEC LV Multipolar Pyramidal,6,self_connection,EC LIV VI Deep Multipolar Principal,EC LIV VI Deep Multipolar Principal,1969.34413375272
branch_and_bound,MEC LV Multipolar Pyramidal,7,self_connection,MEC LV VI Pyramidal Polymorphic,MEC LV VI Pyramidal Polymorphic,1336.06008642144
branch_and_bound,MEC LV Multipolar Pyramidal,8,self_connection,EC LV Deep Pyramidal,EC LV Deep Pyramidal,398.1782023002817
branch_and_bound,MEC LV Multipolar Pyramidal,9,self_connection,LEC LVI Multipolar Pyramidal,LEC LVI Multipolar Pyramidal,212.6675576452901
branch_and_bound,MEC LV Multipolar Pyramidal,10,self_connection,LEC LIII Complex Pyramidal,LEC LIII Complex Pyramidal,744.1845437655309
branch_and_bound,MEC LV Multipolar Pyramidal,11,self_connection,LEC LIII Multipolar Principal,LEC LIII Multipolar Principal,496.4095848183002
branch_and_bound,MEC LV Multipolar Pyramidal,12,self_connection,EC LIII Pyramidal Stellate,EC LIII Pyramidal Stellate,360.1830629372671
branch_and_bound,MEC LV Multipolar Pyramidal,13,self_connection,CA1 Pyramidal,CA1 Pyramidal,2793.7555172355333
branch_and_bound,MEC LV Multipolar Pyramidal,14,self_connection,EC LIII V Bipolar Pyramidal,EC LIII V Bipolar Pyramidal,471.82519386819655
branch_and_bound,MEC LV Multipolar Pyramidal,15,self_connection,MEC LV Pyramidal,MEC LV Pyramidal,565.2447275074132
branch_and_bound,MEC LV Multipolar Pyramidal,18,self_connection,EC LIII Stellate,EC LIII Stellate,60.68453664121218
branch_and_bound,MEC LV Multipolar Pyramidal,19,self_connection,EC LIII Pyramidal,EC LIII Pyramidal,17.545063132735347
branch_and_bound,MEC LV Multipolar Pyramidal,20,self_connection,MEC LII III Pyramidal Multiform,MEC LII III Pyramidal Multiform,307.79730677822744
branch_and_bound,MEC LV Multipolar Pyramidal,21,self_connection,EC LI II Pyramidal Fan,EC LI II Pyramidal Fan,370.7544610085407
branch_and_bound,MEC LV Multipolar Pyramidal,23,self_connection,DG Mossy,DG Mossy,1751.260654032912
branch_and_bound,MEC LV Multipolar Pyramidal,24,self_connection,DG Semilunar Granule,DG Semilunar Granule,40.60469398082807
branch_and_bound,MEC LV Multipolar Pyramidal,25,self_connection,DG Hilar Ectopic Granule,DG Hilar Ectopic Granule,0.9213810801264162
branch_and_bound,MEC LV Multipolar Pyramidal,26,self_connection,CA3 Pyramidal,CA3 Pyramidal,3278.450765697168
branch_and_bound,MEC LV Multipolar Pyramidal,27,self_connection,CA3c Pyramidal,CA3c Pyramidal,639.8640695461409
branch_and_bound,MEC LV Multipolar Pyramidal,28,self_connection,CA2 Pyramidal,CA2 Pyramidal,2163.138288508038
branch_and_bound,MEC LV Multipolar Pyramidal,1,transition,MEC LV Multipolar Pyramidal,EC LII III Pyramidal Tripolar,29.68862157194694
branch_and_bound,MEC LV Multipolar Pyramidal,2,transition,EC LII III Pyramidal Tripolar,EC LI II Multipolar Pyramidal,4216.395703649579
branch_and_bound,MEC LV Multipolar Pyramidal,3,transition,EC LI II Multipolar Pyramidal,MEC LIII Bipolar Complex Pyramidal,30698.001365671505
branch_and_bound,MEC LV Multipolar Pyramidal,4,transition,MEC LIII Bipolar Complex Pyramidal,MEC LIII Complex Pyramidal,861.1914192115519
branch_and_bound,MEC LV Multipolar Pyramidal,5,transition,MEC LIII Complex Pyramidal,EC LIV VI Deep Multipolar Principal,19.766329709718363
branch_and_bound,MEC LV Multipolar Pyramidal,6,transition,EC LIV VI Deep Multipolar Principal,MEC LV VI Pyramidal Polymorphic,2582.023382309931
branch_and_bound,MEC LV Multipolar Pyramidal,7,transition,MEC LV VI Pyramidal Polymorphic,EC LV Deep Pyramidal,78.22850736136446
branch_and_bound,MEC LV Multipolar Pyramidal,8,transition,EC LV Deep Pyramidal,LEC LVI Multipolar Pyramidal,608.8907703194651
branch_and_bound,MEC LV Multipolar Pyramidal,9,transition,LEC LVI Multipolar Pyramidal,LEC LIII Complex Pyramidal,175.93242994355498
branch_and_bound,MEC LV Multipolar Pyramidal,10,transition,LEC LIII Complex Pyramidal,LEC LIII Multipolar Principal,814.9191961799069
branch_and_bound,MEC LV Multipolar Pyramidal,11,transition,LEC LIII Multipolar Principal,EC LIII Pyramidal Stellate,406.0536249631236
branch_and_bound,MEC LV Multipolar Pyramidal,12,transition,EC LIII Pyramidal Stellate,CA1 Pyramidal,5351.494110639728
branch_and_bound,MEC LV Multipolar Pyramidal,13,transition,CA1 Pyramidal,EC LIII V Bipolar Pyramidal,5659.759259805604
branch_and_bound,MEC LV Multipolar Pyramidal,14,transition,EC LIII V Bipolar Pyramidal,MEC LV Pyramidal,226.0217597456127
branch_and_bound,MEC LV Multipolar Pyramidal,15,transition,MEC LV Pyramidal,MEC LII Stellate,900.6001307658568
branch_and_bound,MEC LV Multipolar Pyramidal,16,transition,MEC LII Stellate,MEC LII Oblique Pyramidal,2144.806717184772
branch_and_bound,MEC LV Multipolar Pyramidal,17,transition,MEC LII Oblique Pyramidal,EC LIII Stellate,10.32561677726892
branch_and_bound,MEC LV Multipolar Pyramidal,18,transition,EC LIII Stellate,EC LIII Pyramidal,65.42000887199006
branch_and_bound,MEC LV Multipolar Pyramidal,19,transition,EC LIII Pyramidal,MEC LII III Pyramidal Multiform,17.53379191328466
branch_and_bound,MEC LV Multipolar Pyramidal,20,transition,MEC LII III Pyramidal Multiform,EC LI II Pyramidal Fan,8.912193003488317
branch_and_bound,MEC LV Multipolar Pyramidal,21,transition,EC LI II Pyramidal Fan,DG Granule,6731.854220776941
branch_and_bound,MEC LV Multipolar Pyramidal,22,transition,DG Granule,DG Mossy,44908.709978571016
branch_and_bound,MEC LV Multipolar Pyramidal,23,transition,DG Mossy,DG Semilunar Granule,50.6486718617241
branch_and_bound,MEC LV Multipolar Pyramidal,24,transition,DG Semilunar Granule,DG Hilar Ectopic Granule,4588.842439594102
branch_and_bound,MEC LV Multipolar Pyramidal,25,transition,DG Hilar Ectopic Granule,CA3 Pyramidal,0.0133035385226386
branch_and_bound,MEC LV Multipolar Pyramidal,26,transition,CA3 Pyramidal,CA3c Pyramidal,6774.278639391325
branch_and_bound,MEC LV Multipolar Pyramidal,27,transition,CA3c Pyramidal,CA2 Pyramidal,24424.53581944845
branch_and_bound,MEC LV Multipolar Pyramidal,28,transition,CA2 Pyramidal,CA3 Granule,592.9863345985209
branch_and_bound,MEC LV Pyramidal,1,self_connection,MEC LV Pyramidal,MEC LV Pyramidal,565.2447275074132
branch_and_bound,MEC LV Pyramidal,2,self_connection,EC LI II Multipolar Pyramidal,EC LI II Multipolar Pyramidal,18296.078460202098
branch_and_bound,MEC LV Pyramidal,3,self_connection,EC LII III Pyramidal Tripolar,EC LII III Pyramidal Tripolar,2277.297842357101
branch_and_bound,MEC LV Pyramidal,4,self_connection,MEC LIII Complex Pyramidal,MEC LIII Complex Pyramidal,1453.7180710081302
branch_and_bound,MEC LV Pyramidal,5,self_connection,EC LIV VI Deep Multipolar Principal,EC LIV VI Deep Multipolar Principal,1969.34413375272
branch_and_bound,MEC LV Pyramidal,6,self_connection,MEC LV VI Pyramidal Polymorphic,MEC LV VI Pyramidal Polymorphic,1336.06008642144
branch_and_bound,MEC LV Pyramidal,7,self_connection,EC LV Deep Pyramidal,EC LV Deep Pyramidal,398.1782023002817
branch_and_bound,MEC LV Pyramidal,8,self_connection,LEC LVI Multipolar Pyramidal,LEC LVI Multipolar Pyramidal,212.6675576452901
branch_and_bound,MEC LV Pyramidal,9,self_connection,LEC LIII Complex Pyramidal,LEC LIII Complex Pyramidal,744.1845437655309
branch_and_bound,MEC LV Pyramidal,10,self_connection,LEC LIII Multipolar Principal,LEC LIII Multipolar Principal,496.4095848183002
branch_and_bound,MEC LV Pyramidal,11,self_connection,EC LIII Pyramidal Stellate,EC LIII Pyramidal Stellate,360.1830629372671
branch_and_bound,MEC LV Pyramidal,12,self_connection,CA1 Pyramidal,CA1 Pyramidal,2793.7555172355333
branch_and_bound,MEC LV Pyramidal,13,self_connection,EC LIII V Bipolar Pyramidal,EC LIII V Bipolar Pyramidal,471.82519386819655
branch_and_bound,MEC LV Pyramidal,14,self_connection,MEC LIII Bipolar Complex Pyramidal,MEC LIII Bipolar Complex Pyramidal,176.61548774480949
branch_and_bound,MEC LV Pyramidal,15,self_connection,MEC LII III Pyramidal Multiform,MEC LII III Pyramidal Multiform,307.79730677822744
branch_and_bound,MEC LV Pyramidal,16,self_connection,EC LI II Pyramidal Fan,EC LI II Pyramidal Fan,370.7544610085407
branch_and_bound,MEC LV Pyramidal,19,self_connection,CA3c Pyramidal,CA3c Pyramidal,639.8640695461409
branch_and_bound,MEC LV Pyramidal,21,self_connection,DG Mossy,DG Mossy,1751.260654032912
branch_and_bound,MEC LV Pyramidal,22,self_connection,DG Semilunar Granule,DG Semilunar Granule,40.60469398082807
branch_and_bound,MEC LV Pyramidal,23,self_connection,DG Hilar Ectopic Granule,DG Hilar Ectopic Granule,0.9213810801264162
branch_and_bound,MEC LV Pyramidal,24,self_connection,CA3 Pyramidal,CA3 Pyramidal,3278.450765697168
branch_and_bound,MEC LV Pyramidal,25,self_connection,CA2 Pyramidal,CA2 Pyramidal,2163.138288508038
branch_and_bound,MEC LV Pyramidal,1,transition,MEC LV Pyramidal,EC LI II Multipolar Pyramidal,397.3319836201498
branch_and_bound,MEC LV Pyramidal,2,transition,EC LI II Multipolar Pyramidal,EC LII III Pyramidal Tripolar,28854.49238765121
branch_and_bound,MEC LV Pyramidal,3,transition,EC LII III Pyramidal Tripolar,MEC LIII Complex Pyramidal,2488.1460458320303
branch_and_bound,MEC LV Pyramidal,4,transition,MEC LIII Complex Pyramidal,EC LIV VI Deep Multipolar Principal,19.766329709718363
branch_and_bound,MEC LV Pyramidal,5,transition,EC LIV VI Deep Multipolar Principal,MEC LV VI Pyramidal Polymorphic,2582.023382309931
branch_and_bound,MEC LV Pyramidal,6,transition,MEC LV VI Pyramidal Polymorphic,EC LV Deep Pyramidal,78.22850736136446
branch_and_bound,MEC LV Pyramidal,7,transition,EC LV Deep Pyramidal,LEC LVI Multipolar Pyramidal,608.8907703194651
branch_and_bound,MEC LV Pyramidal,8,transition,LEC LVI Multipolar Pyramidal,LEC LIII Complex Pyramidal,175.93242994355498
branch_and_bound,MEC LV Pyramidal,9,transition,LEC LIII Complex Pyramidal,LEC LIII Multipolar Principal,814.9191961799069
branch_and_bound,MEC LV Pyramidal,10,transition,LEC LIII Multipolar Principal,EC LIII Pyramidal Stellate,406.0536249631236
branch_and_bound,MEC LV Pyramidal,11,transition,EC LIII Pyramidal Stellate,CA1 Pyramidal,5351.494110639728
branch_and_bound,MEC LV Pyramidal,12,transition,CA1 Pyramidal,EC LIII V Bipolar Pyramidal,5659.759259805604
branch_and_bound,MEC LV Pyramidal,13,transition,EC LIII V Bipolar Pyramidal,MEC LIII Bipolar Complex Pyramidal,498.6740977178184
branch_and_bound,MEC LV Pyramidal,14,transition,MEC LIII Bipolar Complex Pyramidal,MEC LII III Pyramidal Multiform,156.10322882603091
branch_and_bound,MEC LV Pyramidal,15,transition,MEC LII III Pyramidal Multiform,EC LI II Pyramidal Fan,8.912193003488317
branch_and_bound,MEC LV Pyramidal,16,transition,EC LI II Pyramidal Fan,MEC LII Stellate,4889.474401375084
branch_and_bound,MEC LV Pyramidal,17,transition,MEC LII Stellate,CA3 Granule,19640.6765649223
branch_and_bound,MEC LV Pyramidal,18,transition,CA3 Granule,CA3c Pyramidal,2.280811281935155
branch_and_bound,MEC LV Pyramidal,19,transition,CA3c Pyramidal,DG Granule,7159.489110348726
branch_and_bound,MEC LV Pyramidal,20,transition,DG Granule,DG Mossy,44908.709978571016
branch_and_bound,MEC LV Pyramidal,21,transition,DG Mossy,DG Semilunar Granule,50.6486718617241
branch_and_bound,MEC LV Pyramidal,22,transition,DG Semilunar Granule,DG Hilar Ectopic Granule,4588.842439594102
branch_and_bound,MEC LV Pyramidal,23,transition,DG Hilar Ectopic Granule,CA3 Pyramidal,0.0133035385226386
branch_and_bound,MEC LV Pyramidal,24,transition,CA3 Pyramidal,CA2 Pyramidal,12467.302061608583
branch_and_bound,MEC LV Pyramidal,25,transition,CA2 Pyramidal,CA1 Radiatum Giant,263.0645063940111
branch_and_bound,MEC LV Superficial Pyramidal,1,self_connection,MEC LV Superficial Pyramidal,MEC LV Superficial Pyramidal,104.14348764746217
branch_and_bound,MEC LV Superficial Pyramidal,2,self_connection,EC LI II Multipolar Pyramidal,EC LI II Multipolar Pyramidal,18296.078460202098
branch_and_bound,MEC LV Superficial Pyramidal,3,self_connection,EC LII III Pyramidal Tripolar,EC LII III Pyramidal Tripolar,2277.297842357101
branch_and_bound,MEC LV Superficial Pyramidal,4,self_connection,MEC LIII Complex Pyramidal,MEC LIII Complex Pyramidal,1453.7180710081302
branch_and_bound,MEC LV Superficial Pyramidal,5,self_connection,EC LIV VI Deep Multipolar Principal,EC LIV VI Deep Multipolar Principal,1969.34413375272
branch_and_bound,MEC LV Superficial Pyramidal,6,self_connection,MEC LV VI Pyramidal Polymorphic,MEC LV VI Pyramidal Polymorphic,1336.06008642144
branch_and_bound,MEC LV Superficial Pyramidal,7,self_connection,EC LV Deep Pyramidal,EC LV Deep Pyramidal,398.1782023002817
branch_and_bound,MEC LV Superficial Pyramidal,8,self_connection,LEC LVI Multipolar Pyramidal,LEC LVI Multipolar Pyramidal,212.6675576452901
branch_and_bound,MEC LV Superficial Pyramidal,9,self_connection,LEC LIII Complex Pyramidal,LEC LIII Complex Pyramidal,744.1845437655309
branch_and_bound,MEC LV Superficial Pyramidal,10,self_connection,LEC LIII Multipolar Principal,LEC LIII Multipolar Principal,496.4095848183002
branch_and_bound,MEC LV Superficial Pyramidal,11,self_connection,EC LIII Pyramidal Stellate,EC LIII Pyramidal Stellate,360.1830629372671
branch_and_bound,MEC LV Superficial Pyramidal,12,self_connection,CA1 Pyramidal,CA1 Pyramidal,2793.7555172355333
branch_and_bound,MEC LV Superficial Pyramidal,13,self_connection,EC LIII V Bipolar Pyramidal,EC LIII V Bipolar Pyramidal,471.82519386819655
branch_and_bound,MEC LV Superficial Pyramidal,14,self_connection,MEC LV Pyramidal,MEC LV Pyramidal,565.2447275074132
branch_and_bound,MEC LV Superficial Pyramidal,16,self_connection,MEC LII III Pyramidal Multiform,MEC LII III Pyramidal Multiform,307.79730677822744
branch_and_bound,MEC LV Superficial Pyramidal,17,self_connection,MEC LIII Bipolar Complex Pyramidal,MEC LIII Bipolar Complex Pyramidal,176.61548774480949
branch_and_bound,MEC LV Superficial Pyramidal,18,self_connection,EC LI II Pyramidal Fan,EC LI II Pyramidal Fan,370.7544610085407
branch_and_bound,MEC LV Superficial Pyramidal,20,self_connection,DG Mossy,DG Mossy,1751.260654032912
branch_and_bound,MEC LV Superficial Pyramidal,21,self_connection,DG Semilunar Granule,DG Semilunar Granule,40.60469398082807
branch_and_bound,MEC LV Superficial Pyramidal,22,self_connection,DG Hilar Ectopic Granule,DG Hilar Ectopic Granule,0.9213810801264162
branch_and_bound,MEC LV Superficial Pyramidal,23,self_connection,CA3 Pyramidal,CA3 Pyramidal,3278.450765697168
branch_and_bound,MEC LV Superficial Pyramidal,24,self_connection,CA3c Pyramidal,CA3c Pyramidal,639.8640695461409
branch_and_bound,MEC LV Superficial Pyramidal,25,self_connection,CA2 Pyramidal,CA2 Pyramidal,2163.138288508038
branch_and_bound,MEC LV Superficial Pyramidal,1,transition,MEC LV Superficial Pyramidal,EC LI II Multipolar Pyramidal,40.87273797797678
branch_and_bound,MEC LV Superficial Pyramidal,2,transition,EC LI II Multipolar Pyramidal,EC LII III Pyramidal Tripolar,28854.49238765121
branch_and_bound,MEC LV Superficial Pyramidal,3,transition,EC LII III Pyramidal Tripolar,MEC LIII Complex Pyramidal,2488.1460458320303
branch_and_bound,MEC LV Superficial Pyramidal,4,transition,MEC LIII Complex Pyramidal,EC LIV VI Deep Multipolar Principal,19.766329709718363
branch_and_bound,MEC LV Superficial Pyramidal,5,transition,EC LIV VI Deep Multipolar Principal,MEC LV VI Pyramidal Polymorphic,2582.023382309931
branch_and_bound,MEC LV Superficial Pyramidal,6,transition,MEC LV VI Pyramidal Polymorphic,EC LV Deep Pyramidal,78.22850736136446
branch_and_bound,MEC LV Superficial Pyramidal,7,transition,EC LV Deep Pyramidal,LEC LVI Multipolar Pyramidal,608.8907703194651
branch_and_bound,MEC LV Superficial Pyramidal,8,transition,LEC LVI Multipolar Pyramidal,LEC LIII Complex Pyramidal,175.93242994355498
branch_and_bound,MEC LV Superficial Pyramidal,9,transition,LEC LIII Complex Pyramidal,LEC LIII Multipolar Principal,814.9191961799069
branch_and_bound,MEC LV Superficial Pyramidal,10,transition,LEC LIII Multipolar Principal,EC LIII Pyramidal Stellate,406.0536249631236
branch_and_bound,MEC LV Superficial Pyramidal,11,transition,EC LIII Pyramidal Stellate,CA1 Pyramidal,5351.494110639728
branch_and_bound,MEC LV Superficial Pyramidal,12,transition,CA1 Pyramidal,EC LIII V Bipolar Pyramidal,5659.759259805604
branch_and_bound,MEC LV Superficial Pyramidal,13,transition,EC LIII V Bipolar Pyramidal,MEC LV Pyramidal,226.0217597456127
branch_and_bound,MEC LV Superficial Pyramidal,14,transition,MEC LV Pyramidal,MEC LII Stellate,900.6001307658568
branch_and_bound,MEC LV Superficial Pyramidal,15,transition,MEC LII Stellate,MEC LII III Pyramidal Multiform,2172.4274626996407
branch_and_bound,MEC LV Superficial Pyramidal,16,transition,MEC LII III Pyramidal Multiform,MEC LIII Bipolar Complex Pyramidal,482.7749536321309
branch_and_bound,MEC LV Superficial Pyramidal,17,transition,MEC LIII Bipolar Complex Pyramidal,EC LI II Pyramidal Fan,6.439268930923632
branch_and_bound,MEC LV Superficial Pyramidal,18,transition,EC LI II Pyramidal Fan,DG Granule,6731.854220776941
branch_and_bound,MEC LV Superficial Pyramidal,19,transition,DG Granule,DG Mossy,44908.709978571016
branch_and_bound,MEC LV Superficial Pyramidal,20,transition,DG Mossy,DG Semilunar Granule,50.6486718617241
branch_and_bound,MEC LV Superficial Pyramidal,21,transition,DG Semilunar Granule,DG Hilar Ectopic Granule,4588.842439594102
branch_and_bound,MEC LV Superficial Pyramidal,22,transition,DG Hilar Ectopic Granule,CA3 Pyramidal,0.0133035385226386
branch_and_bound,MEC LV Superficial Pyramidal,23,transition,CA3 Pyramidal,CA3c Pyramidal,6774.278639391325
branch_and_bound,MEC LV Superficial Pyramidal,24,transition,CA3c Pyramidal,CA2 Pyramidal,24424.53581944845
branch_and_bound,MEC LV Superficial Pyramidal,25,transition,CA2 Pyramidal,CA3 Granule,592.9863345985209
branch_and_bound,MEC LV VI Pyramidal Polymorphic,1,self_connection,MEC LV VI Pyramidal Polymorphic,MEC LV VI Pyramidal Polymorphic,1336.06008642144
branch_and_bound,MEC LV VI Pyramidal Polymorphic,2,self_connection,EC LIV VI Deep Multipolar Principal,EC LIV VI Deep Multipolar Principal,1969.34413375272
branch_and_bound,MEC LV VI Pyramidal Polymorphic,3,self_connection,MEC LIII Complex Pyramidal,MEC LIII Complex Pyramidal,1453.7180710081302
branch_and_bound,MEC LV VI Pyramidal Polymorphic,4,self_connection,EC LI II Multipolar Pyramidal,EC LI II Multipolar Pyramidal,18296.078460202098
branch_and_bound,MEC LV VI Pyramidal Polymorphic,5,self_connection,EC LII III Pyramidal Tripolar,EC LII III Pyramidal Tripolar,2277.297842357101
branch_and_bound,MEC LV VI Pyramidal Polymorphic,8,self_connection,CA3 Pyramidal,CA3 Pyramidal,3278.450765697168
branch_and_bound,MEC LV VI Pyramidal Polymorphic,9,self_connection,CA2 Pyramidal,CA2 Pyramidal,2163.138288508038
branch_and_bound,MEC LV VI Pyramidal Polymorphic,10,self_connection,CA1 Pyramidal,CA1 Pyramidal,2793.7555172355333
branch_and_bound,MEC LV VI Pyramidal Polymorphic,11,self_connection,LEC LVI Multipolar Pyramidal,LEC LVI Multipolar Pyramidal,212.6675576452901
branch_and_bound,MEC LV VI Pyramidal Polymorphic,12,self_connection,LEC LIII Complex Pyramidal,LEC LIII Complex Pyramidal,744.1845437655309
branch_and_bound,MEC LV VI Pyramidal Polymorphic,13,self_connection,LEC LIII Multipolar Principal,LEC LIII Multipolar Principal,496.4095848183002
branch_and_bound,MEC LV VI Pyramidal Polymorphic,14,self_connection,EC LIII Pyramidal Stellate,EC LIII Pyramidal Stellate,360.1830629372671
branch_and_bound,MEC LV VI Pyramidal Polymorphic,15,self_connection,MEC LIII Bipolar Complex Pyramidal,MEC LIII Bipolar Complex Pyramidal,176.61548774480949
branch_and_bound,MEC LV VI Pyramidal Polymorphic,16,self_connection,MEC LV Pyramidal,MEC LV Pyramidal,565.2447275074132
branch_and_bound,MEC LV VI Pyramidal Polymorphic,17,self_connection,MEC LV Multipolar Pyramidal,MEC LV Multipolar Pyramidal,201.78698075346315
branch_and_bound,MEC LV VI Pyramidal Polymorphic,18,self_connection,EC LIII Pyramidal,EC LIII Pyramidal,17.545063132735347
branch_and_bound,MEC LV VI Pyramidal Polymorphic,19,self_connection,EC LV Deep Pyramidal,EC LV Deep Pyramidal,398.1782023002817
branch_and_bound,MEC LV VI Pyramidal Polymorphic,20,self_connection,EC LIII V Bipolar Pyramidal,EC LIII V Bipolar Pyramidal,471.82519386819655
branch_and_bound,MEC LV VI Pyramidal Polymorphic,21,self_connection,EC LIII Stellate,EC LIII Stellate,60.68453664121218
branch_and_bound,MEC LV VI Pyramidal Polymorphic,22,self_connection,MEC LII III Pyramidal Multiform,MEC LII III Pyramidal Multiform,307.79730677822744
branch_and_bound,MEC LV VI Pyramidal Polymorphic,23,self_connection,MEC LV Superficial Pyramidal,MEC LV Superficial Pyramidal,104.14348764746217
branch_and_bound,MEC LV VI Pyramidal Polymorphic,24,self_connection,EC LI II Pyramidal Fan,EC LI II Pyramidal Fan,370.7544610085407
branch_and_bound,MEC LV VI Pyramidal Polymorphic,26,self_connection,DG Mossy,DG Mossy,1751.260654032912
branch_and_bound,MEC LV VI Pyramidal Polymorphic,27,self_connection,DG Semilunar Granule,DG Semilunar Granule,40.60469398082807
branch_and_bound,MEC LV VI Pyramidal Polymorphic,28,self_connection,DG Hilar Ectopic Granule,DG Hilar Ectopic Granule,0.9213810801264162
branch_and_bound,MEC LV VI Pyramidal Polymorphic,29,self_connection,CA3c Pyramidal,CA3c Pyramidal,639.8640695461409
branch_and_bound,MEC LV VI Pyramidal Polymorphic,1,transition,MEC LV VI Pyramidal Polymorphic,EC LIV VI Deep Multipolar Principal,86.77596588341953
branch_and_bound,MEC LV VI Pyramidal Polymorphic,2,transition,EC LIV VI Deep Multipolar Principal,MEC LIII Complex Pyramidal,1427.516326568439
branch_and_bound,MEC LV VI Pyramidal Polymorphic,3,transition,MEC LIII Complex Pyramidal,EC LI II Multipolar Pyramidal,552.0532459996851
branch_and_bound,MEC LV VI Pyramidal Polymorphic,4,transition,EC LI II Multipolar Pyramidal,EC LII III Pyramidal Tripolar,28854.49238765121
branch_and_bound,MEC LV VI Pyramidal Polymorphic,5,transition,EC LII III Pyramidal Tripolar,MEC LII Stellate,3189.046054691212
branch_and_bound,MEC LV VI Pyramidal Polymorphic,6,transition,MEC LII Stellate,CA3 Granule,19640.6765649223
branch_and_bound,MEC LV VI Pyramidal Polymorphic,7,transition,CA3 Granule,CA3 Pyramidal,0.942018883295193
branch_and_bound,MEC LV VI Pyramidal Polymorphic,8,transition,CA3 Pyramidal,CA2 Pyramidal,12467.302061608583
branch_and_bound,MEC LV VI Pyramidal Polymorphic,9,transition,CA2 Pyramidal,CA1 Pyramidal,5532.563189259333
branch_and_bound,MEC LV VI Pyramidal Polymorphic,10,transition,CA1 Pyramidal,LEC LVI Multipolar Pyramidal,10569.009270094895
branch_and_bound,MEC LV VI Pyramidal Polymorphic,11,transition,LEC LVI Multipolar Pyramidal,LEC LIII Complex Pyramidal,175.93242994355498
branch_and_bound,MEC LV VI Pyramidal Polymorphic,12,transition,LEC LIII Complex Pyramidal,LEC LIII Multipolar Principal,814.9191961799069
branch_and_bound,MEC LV VI Pyramidal Polymorphic,13,transition,LEC LIII Multipolar Principal,EC LIII Pyramidal Stellate,406.0536249631236
branch_and_bound,MEC LV VI Pyramidal Polymorphic,14,transition,EC LIII Pyramidal Stellate,MEC LIII Bipolar Complex Pyramidal,418.9168875087689
branch_and_bound,MEC LV VI Pyramidal Polymorphic,15,transition,MEC LIII Bipolar Complex Pyramidal,MEC LV Pyramidal,22.884394947232725
branch_and_bound,MEC LV VI Pyramidal Polymorphic,16,transition,MEC LV Pyramidal,MEC LV Multipolar Pyramidal,662.4278400096001
branch_and_bound,MEC LV VI Pyramidal Polymorphic,17,transition,MEC LV Multipolar Pyramidal,EC LIII Pyramidal,26.53458883572656
branch_and_bound,MEC LV VI Pyramidal Polymorphic,18,transition,EC LIII Pyramidal,EC LV Deep Pyramidal,31.48238204973288
branch_and_bound,MEC LV VI Pyramidal Polymorphic,19,transition,EC LV Deep Pyramidal,EC LIII V Bipolar Pyramidal,180.4005489546849
branch_and_bound,MEC LV VI Pyramidal Polymorphic,20,transition,EC LIII V Bipolar Pyramidal,EC LIII Stellate,338.62065230287004
branch_and_bound,MEC LV VI Pyramidal Polymorphic,21,transition,EC LIII Stellate,MEC LII III Pyramidal Multiform,64.21168926195364
branch_and_bound,MEC LV VI Pyramidal Polymorphic,22,transition,MEC LII III Pyramidal Multiform,MEC LV Superficial Pyramidal,589.7870748828476
branch_and_bound,MEC LV VI Pyramidal Polymorphic,23,transition,MEC LV Superficial Pyramidal,EC LI II Pyramidal Fan,3.037796001788656
branch_and_bound,MEC LV VI Pyramidal Polymorphic,24,transition,EC LI II Pyramidal Fan,DG Granule,6731.854220776941
branch_and_bound,MEC LV VI Pyramidal Polymorphic,25,transition,DG Granule,DG Mossy,44908.709978571016
branch_and_bound,MEC LV VI Pyramidal Polymorphic,26,transition,DG Mossy,DG Semilunar Granule,50.6486718617241
branch_and_bound,MEC LV VI Pyramidal Polymorphic,27,transition,DG Semilunar Granule,DG Hilar Ectopic Granule,4588.842439594102
branch_and_bound,MEC LV VI Pyramidal Polymorphic,28,transition,DG Hilar Ectopic Granule,CA3c Pyramidal,0.0550567880071112
branch_and_bound,MEC LV VI Pyramidal Polymorphic,29,transition,CA3c Pyramidal,CA1 Radiatum Giant,4064.510468839344
branch_and_bound,SUB CA1 Projecting Pyramidal,1,self_connection,SUB CA1 Projecting Pyramidal,SUB CA1 Projecting Pyramidal,960.2428463623708
branch_and_bound,SUB CA1 Projecting Pyramidal,2,self_connection,CA1 Pyramidal,CA1 Pyramidal,2793.7555172355333
branch_and_bound,SUB CA1 Projecting Pyramidal,3,self_connection,MEC LV VI Pyramidal Polymorphic,MEC LV VI Pyramidal Polymorphic,1336.06008642144
branch_and_bound,SUB CA1 Projecting Pyramidal,4,self_connection,EC LIV VI Deep Multipolar Principal,EC LIV VI Deep Multipolar Principal,1969.34413375272
branch_and_bound,SUB CA1 Projecting Pyramidal,5,self_connection,MEC LIII Complex Pyramidal,MEC LIII Complex Pyramidal,1453.7180710081302
branch_and_bound,SUB CA1 Projecting Pyramidal,6,self_connection,EC LI II Multipolar Pyramidal,EC LI II Multipolar Pyramidal,18296.078460202098
branch_and_bound,SUB CA1 Projecting Pyramidal,7,self_connection,EC LII III Pyramidal Tripolar,EC LII III Pyramidal Tripolar,2277.297842357101
branch_and_bound,SUB CA1 Projecting Pyramidal,9,self_connection,MEC LII III Pyramidal Multiform,MEC LII III Pyramidal Multiform,307.79730677822744
branch_and_bound,SUB CA1 Projecting Pyramidal,10,self_connection,MEC LV Pyramidal,MEC LV Pyramidal,565.2447275074132
branch_and_bound,SUB CA1 Projecting Pyramidal,11,self_connection,MEC LV Multipolar Pyramidal,MEC LV Multipolar Pyramidal,201.78698075346315
branch_and_bound,SUB CA1 Projecting Pyramidal,12,self_connection,EC LIII V Bipolar Pyramidal,EC LIII V Bipolar Pyramidal,471.82519386819655
branch_and_bound,SUB CA1 Projecting Pyramidal,13,self_connection,LEC LIII Multipolar Principal,LEC LIII Multipolar Principal,496.4095848183002
branch_and_bound,SUB CA1 Projecting Pyramidal,14,self_connection,LEC LIII Complex Pyramidal,LEC LIII Complex Pyramidal,744.1845437655309
branch_and_bound,SUB CA1 Projecting Pyramidal,15,self_connection,EC LIII Pyramidal Stellate,EC LIII Pyramidal Stellate,360.1830629372671
branch_and_bound,SUB CA1 Projecting Pyramidal,16,self_connection,EC LIII Pyramidal,EC LIII Pyramidal,17.545063132735347
branch_and_bound,SUB CA1 Projecting Pyramidal,17,self_connection,EC LV Deep Pyramidal,EC LV Deep Pyramidal,398.1782023002817
branch_and_bound,SUB CA1 Projecting Pyramidal,18,self_connection,LEC LVI Multipolar Pyramidal,LEC LVI Multipolar Pyramidal,212.6675576452901
branch_and_bound,SUB CA1 Projecting Pyramidal,19,self_connection,EC LIII Stellate,EC LIII Stellate,60.68453664121218
branch_and_bound,SUB CA1 Projecting Pyramidal,20,self_connection,MEC LIII Bipolar Complex Pyramidal,MEC LIII Bipolar Complex Pyramidal,176.61548774480949
branch_and_bound,SUB CA1 Projecting Pyramidal,21,self_connection,EC LI II Pyramidal Fan,EC LI II Pyramidal Fan,370.7544610085407
branch_and_bound,SUB CA1 Projecting Pyramidal,23,self_connection,DG Mossy,DG Mossy,1751.260654032912
branch_and_bound,SUB CA1 Projecting Pyramidal,24,self_connection,DG Semilunar Granule,DG Semilunar Granule,40.60469398082807
branch_and_bound,SUB CA1 Projecting Pyramidal,25,self_connection,DG Hilar Ectopic Granule,DG Hilar Ectopic Granule,0.9213810801264162
branch_and_bound,SUB CA1 Projecting Pyramidal,26,self_connection,CA3 Pyramidal,CA3 Pyramidal,3278.450765697168
branch_and_bound,SUB CA1 Projecting Pyramidal,27,self_connection,CA3c Pyramidal,CA3c Pyramidal,639.8640695461409
branch_and_bound,SUB CA1 Projecting Pyramidal,28,self_connection,CA2 Pyramidal,CA2 Pyramidal,2163.138288508038
branch_and_bound,SUB CA1 Projecting Pyramidal,1,transition,SUB CA1 Projecting Pyramidal,CA1 Pyramidal,106.20856360032086
branch_and_bound,SUB CA1 Projecting Pyramidal,2,transition,CA1 Pyramidal,MEC LV VI Pyramidal Polymorphic,13564.64480225756
branch_and_bound,SUB CA1 Projecting Pyramidal,3,transition,MEC LV VI Pyramidal Polymorphic,EC LIV VI Deep Multipolar Principal,86.77596588341953
branch_and_bound,SUB CA1 Projecting Pyramidal,4,transition,EC LIV VI Deep Multipolar Principal,MEC LIII Complex Pyramidal,1427.516326568439
branch_and_bound,SUB CA1 Projecting Pyramidal,5,transition,MEC LIII Complex Pyramidal,EC LI II Multipolar Pyramidal,552.0532459996851
branch_and_bound,SUB CA1 Projecting Pyramidal,6,transition,EC LI II Multipolar Pyramidal,EC LII III Pyramidal Tripolar,28854.49238765121
branch_and_bound,SUB CA1 Projecting Pyramidal,7,transition,EC LII III Pyramidal Tripolar,MEC LII Stellate,3189.046054691212
branch_and_bound,SUB CA1 Projecting Pyramidal,8,transition,MEC LII Stellate,MEC LII III Pyramidal Multiform,2172.4274626996407
branch_and_bound,SUB CA1 Projecting Pyramidal,9,transition,MEC LII III Pyramidal Multiform,MEC LV Pyramidal,548.8069668104904
branch_and_bound,SUB CA1 Projecting Pyramidal,10,transition,MEC LV Pyramidal,MEC LV Multipolar Pyramidal,662.4278400096001
branch_and_bound,SUB CA1 Projecting Pyramidal,11,transition,MEC LV Multipolar Pyramidal,EC LIII V Bipolar Pyramidal,31.88776158532124
branch_and_bound,SUB CA1 Projecting Pyramidal,12,transition,EC LIII V Bipolar Pyramidal,LEC LIII Multipolar Principal,1092.637693563088
branch_and_bound,SUB CA1 Projecting Pyramidal,13,transition,LEC LIII Multipolar Principal,LEC LIII Complex Pyramidal,556.0635991085179
branch_and_bound,SUB CA1 Projecting Pyramidal,14,transition,LEC LIII Complex Pyramidal,EC LIII Pyramidal Stellate,538.1000722266449
branch_and_bound,SUB CA1 Projecting Pyramidal,15,transition,EC LIII Pyramidal Stellate,EC LIII Pyramidal,241.99019548048847
branch_and_bound,SUB CA1 Projecting Pyramidal,16,transition,EC LIII Pyramidal,EC LV Deep Pyramidal,31.48238204973288
branch_and_bound,SUB CA1 Projecting Pyramidal,17,transition,EC LV Deep Pyramidal,LEC LVI Multipolar Pyramidal,608.8907703194651
branch_and_bound,SUB CA1 Projecting Pyramidal,18,transition,LEC LVI Multipolar Pyramidal,EC LIII Stellate,43.43981399803702
branch_and_bound,SUB CA1 Projecting Pyramidal,19,transition,EC LIII Stellate,MEC LIII Bipolar Complex Pyramidal,110.49107949247347
branch_and_bound,SUB CA1 Projecting Pyramidal,20,transition,MEC LIII Bipolar Complex Pyramidal,EC LI II Pyramidal Fan,6.439268930923632
branch_and_bound,SUB CA1 Projecting Pyramidal,21,transition,EC LI II Pyramidal Fan,DG Granule,6731.854220776941
branch_and_bound,SUB CA1 Projecting Pyramidal,22,transition,DG Granule,DG Mossy,44908.709978571016
branch_and_bound,SUB CA1 Projecting Pyramidal,23,transition,DG Mossy,DG Semilunar Granule,50.6486718617241
branch_and_bound,SUB CA1 Projecting Pyramidal,24,transition,DG Semilunar Granule,DG Hilar Ectopic Granule,4588.842439594102
branch_and_bound,SUB CA1 Projecting Pyramidal,25,transition,DG Hilar Ectopic Granule,CA3 Pyramidal,0.0133035385226386
branch_and_bound,SUB CA1 Projecting Pyramidal,26,transition,CA3 Pyramidal,CA3c Pyramidal,6774.278639391325
branch_and_bound,SUB CA1 Projecting Pyramidal,27,transition,CA3c Pyramidal,CA2 Pyramidal,24424.53581944845
branch_and_bound,SUB CA1 Projecting Pyramidal,28,transition,CA2 Pyramidal,CA3 Granule,592.9863345985209
dynamic_programming,CA1 Pyramidal,1,self_connection,CA1 Pyramidal,CA1 Pyramidal,2793.7555172355333
dynamic_programming,CA1 Pyramidal,2,self_connection,LEC LVI Multipolar Pyramidal,LEC LVI Multipolar Pyramidal,212.6675576452901
dynamic_programming,CA1 Pyramidal,3,self_connection,EC LII III Pyramidal Tripolar,EC LII III Pyramidal Tripolar,2277.297842357101
dynamic_programming,CA1 Pyramidal,4,self_connection,EC LI II Multipolar Pyramidal,EC LI II Multipolar Pyramidal,18296.078460202098
dynamic_programming,CA1 Pyramidal,5,self_connection,MEC LIII Bipolar Complex Pyramidal,MEC LIII Bipolar Complex Pyramidal,176.61548774480949
dynamic_programming,CA1 Pyramidal,1,transition,CA1 Pyramidal,LEC LVI Multipolar Pyramidal,10569.009270094895
dynamic_programming,CA1 Pyramidal,2,transition,LEC LVI Multipolar Pyramidal,EC LII III Pyramidal Tripolar,48.98798814646632
dynamic_programming,CA1 Pyramidal,3,transition,EC LII III Pyramidal Tripolar,EC LI II Multipolar Pyramidal,4216.395703649579
dynamic_programming,CA1 Pyramidal,4,transition,EC LI II Multipolar Pyramidal,MEC LIII Bipolar Complex Pyramidal,30698.001365671505
dynamic_programming,CA1 Radiatum Giant,2,self_connection,CA1 Pyramidal,CA1 Pyramidal,2793.7555172355333
dynamic_programming,CA1 Radiatum Giant,3,self_connection,LEC LVI Multipolar Pyramidal,LEC LVI Multipolar Pyramidal,212.6675576452901
dynamic_programming,CA1 Radiatum Giant,4,self_connection,EC LII III Pyramidal Tripolar,EC LII III Pyramidal Tripolar,2277.297842357101
dynamic_programming,CA1 Radiatum Giant,5,self_connection,EC LI II Multipolar Pyramidal,EC LI II Multipolar Pyramidal,18296.078460202098
dynamic_programming,CA1 Radiatum Giant,6,self_connection,MEC LIII Bipolar Complex Pyramidal,MEC LIII Bipolar Complex Pyramidal,176.61548774480949
dynamic_programming,CA1 Radiatum Giant,1,transition,CA1 Radiatum Giant,CA1 Pyramidal,52.52606827667822
dynamic_programming,CA1 Radiatum Giant,2,transition,CA1 Pyramidal,LEC LVI Multipolar Pyramidal,10569.009270094895
dynamic_programming,CA1 Radiatum Giant,3,transition,LEC LVI Multipolar Pyramidal,EC LII III Pyramidal Tripolar,48.98798814646632
dynamic_programming,CA1 Radiatum Giant,4,transition,EC LII III Pyramidal Tripolar,EC LI II Multipolar Pyramidal,4216.395703649579
dynamic_programming,CA1 Radiatum Giant,5,transition,EC LI II Multipolar Pyramidal,MEC LIII Bipolar Complex Pyramidal,30698.001365671505
dynamic_programming,CA2 Pyramidal,1,self_connection,CA2 Pyramidal,CA2 Pyramidal,2163.138288508038
dynamic_programming,CA2 Pyramidal,2,self_connection,CA3c Pyramidal,CA3c Pyramidal,639.8640695461409
dynamic_programming,CA2 Pyramidal,3,self_connection,CA1 Pyramidal,CA1 Pyramidal,2793.7555172355333
dynamic_programming,CA2 Pyramidal,4,self_connection,MEC LV Pyramidal,MEC LV Pyramidal,565.2447275074132
dynamic_programming,CA2 Pyramidal,6,self_connection,DG Mossy,DG Mossy,1751.260654032912
dynamic_programming,CA2 Pyramidal,1,transition,CA2 Pyramidal,CA3c Pyramidal,2212.266414990227
dynamic_programming,CA2 Pyramidal,2,transition,CA3c Pyramidal,CA1 Pyramidal,85609.60976338176
dynamic_programming,CA2 Pyramidal,3,transition,CA1 Pyramidal,MEC LV Pyramidal,3424.360693274852
dynamic_programming,CA2 Pyramidal,4,transition,MEC LV Pyramidal,DG Granule,9568.736896643586
dynamic_programming,CA2 Pyramidal,5,transition,DG Granule,DG Mossy,44908.709978571016
dynamic_programming,CA3 Granule,2,self_connection,CA3 Pyramidal,CA3 Pyramidal,3278.450765697168
dynamic_programming,CA3 Granule,3,self_connection,CA3c Pyramidal,CA3c Pyramidal,639.8640695461409
dynamic_programming,CA3 Granule,4,self_connection,CA1 Pyramidal,CA1 Pyramidal,2793.7555172355333
dynamic_programming,CA3 Granule,5,self_connection,MEC LV Pyramidal,MEC LV Pyramidal,565.2447275074132
dynamic_programming,CA3 Granule,7,self_connection,DG Mossy,DG Mossy,1751.260654032912
dynamic_programming,CA3 Granule,1,transition,CA3 Granule,CA3 Pyramidal,0.942018883295193
dynamic_programming,CA3 Granule,2,transition,CA3 Pyramidal,CA3c Pyramidal,6774.278639391325
dynamic_programming,CA3 Granule,3,transition,CA3c Pyramidal,CA1 Pyramidal,85609.60976338176
dynamic_programming,CA3 Granule,4,transition,CA1 Pyramidal,MEC LV Pyramidal,3424.360693274852
dynamic_programming,CA3 Granule,5,transition,MEC LV Pyramidal,DG Granule,9568.736896643586
dynamic_programming,CA3 Granule,6,transition,DG Granule,DG Mossy,44908.709978571016
dynamic_programming,CA3 Pyramidal,1,self_connection,CA3 Pyramidal,CA3 Pyramidal,3278.450765697168
dynamic_programming,CA3 Pyramidal,2,self_connection,CA3c Pyramidal,CA3c Pyramidal,639.8640695461409
dynamic_programming,CA3 Pyramidal,3,self_connection,CA1 Pyramidal,CA1 Pyramidal,2793.7555172355333
dynamic_programming,CA3 Pyramidal,4,self_connection,MEC LV Pyramidal,MEC LV Pyramidal,565.2447275074132
dynamic_programming,CA3 Pyramidal,6,self_connection,DG Mossy,DG Mossy,1751.260654032912
dynamic_programming,CA3 Pyramidal,1,transition,CA3 Pyramidal,CA3c Pyramidal,6774.278639391325
dynamic_programming,CA3 Pyramidal,2,transition,CA3c Pyramidal,CA1 Pyramidal,85609.60976338176
dynamic_programming,CA3 Pyramidal,3,transition,CA1 Pyramidal,MEC LV Pyramidal,3424.360693274852
dynamic_programming,CA3 Pyramidal,4,transition,MEC LV Pyramidal,DG Granule,9568.736896643586
dynamic_programming,CA3 Pyramidal,5,transition,DG Granule,DG Mossy,44908.709978571016
dynamic_programming,CA3c Pyramidal,1,self_connection,CA3c Pyramidal,CA3c Pyramidal,639.8640695461409
dynamic_programming,CA3c Pyramidal,2,self_connection,CA1 Pyramidal,CA1 Pyramidal,2793.7555172355333
dynamic_programming,CA3c Pyramidal,3,self_connection,LEC LVI Multipolar Pyramidal,LEC LVI Multipolar Pyramidal,212.6675576452901
dynamic_programming,CA3c Pyramidal,4,self_connection,EC LII III Pyramidal Tripolar,EC LII III Pyramidal Tripolar,2277.297842357101
dynamic_programming,CA3c Pyramidal,5,self_connection,EC LI II Multipolar Pyramidal,EC LI II Multipolar Pyramidal,18296.078460202098
dynamic_programming,CA3c Pyramidal,6,self_connection,MEC LIII Bipolar Complex Pyramidal,MEC LIII Bipolar Complex Pyramidal,176.61548774480949
dynamic_programming,CA3c Pyramidal,1,transition,CA3c Pyramidal,CA1 Pyramidal,85609.60976338176
dynamic_programming,CA3c Pyramidal,2,transition,CA1 Pyramidal,LEC LVI Multipolar Pyramidal,10569.009270094895
dynamic_programming,CA3c Pyramidal,3,transition,LEC LVI Multipolar Pyramidal,EC LII III Pyramidal Tripolar,48.98798814646632
dynamic_programming,CA3c Pyramidal,4,transition,EC LII III Pyramidal Tripolar,EC LI II Multipolar Pyramidal,4216.395703649579
dynamic_programming,CA3c Pyramidal,5,transition,EC LI II Multipolar Pyramidal,MEC LIII Bipolar Complex Pyramidal,30698.001365671505
dynamic_programming,DG Granule,2,self_connection,DG Mossy,DG Mossy,1751.260654032912
dynamic_programming,DG Granule,3,self_connection,DG Hilar Ectopic Granule,DG Hilar Ectopic Granule,0.9213810801264162
dynamic_programming,DG Granule,4,self_connection,CA3c Pyramidal,CA3c Pyramidal,639.8640695461409
dynamic_programming,DG Granule,5,self_connection,CA1 Pyramidal,CA1 Pyramidal,2793.7555172355333
dynamic_programming,DG Granule,6,self_connection,MEC LV VI Pyramidal Polymorphic,MEC LV VI Pyramidal Polymorphic,1336.06008642144
dynamic_programming,DG Granule,1,transition,DG Granule,DG Mossy,44908.709978571016
dynamic_programming,DG Granule,2,transition,DG Mossy,DG Hilar Ectopic Granule,2119.754290320353
dynamic_programming,DG Granule,3,transition,DG Hilar Ectopic Granule,CA3c Pyramidal,0.0550567880071112
dynamic_programming,DG Granule,4,transition,CA3c Pyramidal,CA1 Pyramidal,85609.60976338176
dynamic_programming,DG Granule,5,transition,CA1 Pyramidal,MEC LV VI Pyramidal Polymorphic,13564.64480225756
dynamic_programming,DG Hilar Ectopic Granule,1,self_connection,DG Hilar Ectopic Granule,DG Hilar Ectopic Granule,0.9213810801264162
dynamic_programming,DG Hilar Ectopic Granule,2,self_connection,CA3 Pyramidal,CA3 Pyramidal,3278.450765697168
dynamic_programming,DG Hilar Ectopic Granule,3,self_connection,CA3c Pyramidal,CA3c Pyramidal,639.8640695461409
dynamic_programming,DG Hilar Ectopic Granule,4,self_connection,CA1 Pyramidal,CA1 Pyramidal,2793.7555172355333
dynamic_programming,DG Hilar Ectopic Granule,5,self_connection,MEC LV Pyramidal,MEC LV Pyramidal,565.2447275074132
dynamic_programming,DG Hilar Ectopic Granule,7,self_connection,DG Mossy,DG Mossy,1751.260654032912
dynamic_programming,DG Hilar Ectopic Granule,1,transition,DG Hilar Ectopic Granule,CA3 Pyramidal,0.0133035385226386
dynamic_programming,DG Hilar Ectopic Granule,2,transition,CA3 Pyramidal,CA3c Pyramidal,6774.278639391325
dynamic_programming,DG Hilar Ectopic Granule,3,transition,CA3c Pyramidal,CA1 Pyramidal,85609.60976338176
dynamic_programming,DG Hilar Ectopic Granule,4,transition,CA1 Pyramidal,MEC LV Pyramidal,3424.360693274852
dynamic_programming,DG Hilar Ectopic Granule,5,transition,MEC LV Pyramidal,DG Granule,9568.736896643586
dynamic_programming,DG Hilar Ectopic Granule,6,transition,DG Granule,DG Mossy,44908.709978571016
dynamic_programming,DG Mossy,1,self_connection,DG Mossy,DG Mossy,1751.260654032912
dynamic_programming,DG Mossy,3,self_connection,CA3c Pyramidal,CA3c Pyramidal,639.8640695461409
dynamic_programming,DG Mossy,4,self_connection,CA1 Pyramidal,CA1 Pyramidal,2793.7555172355333
dynamic_programming,DG Mossy,5,self_connection,MEC LV Pyramidal,MEC LV Pyramidal,565.2447275074132
dynamic_programming,DG Mossy,6,self_connection,EC LI II Multipolar Pyramidal,EC LI II Multipolar Pyramidal,18296.078460202098
dynamic_programming,DG Mossy,7,self_connection,EC LII III Pyramidal Tripolar,EC LII III Pyramidal Tripolar,2277.297842357101
dynamic_programming,DG Mossy,1,transition,DG Mossy,DG Granule,968.2502990077752
dynamic_programming,DG Mossy,2,transition,DG Granule,CA3c Pyramidal,1802.511478373572
dynamic_programming,DG Mossy,3,transition,CA3c Pyramidal,CA1 Pyramidal,85609.60976338176
dynamic_programming,DG Mossy,4,transition,CA1 Pyramidal,MEC LV Pyramidal,3424.360693274852
dynamic_programming,DG Mossy,5,transition,MEC LV Pyramidal,EC LI II Multipolar Pyramidal,397.3319836201498
dynamic_programming,DG Mossy,6,transition,EC LI II Multipolar Pyramidal,EC LII III Pyramidal Tripolar,28854.49238765121
dynamic_programming,DG Semilunar Granule,1,self_connection,DG Semilunar Granule,DG Semilunar Granule,40.60469398082807
dynamic_programming,DG Semilunar Granule,2,self_connection,CA3 Pyramidal,CA3 Pyramidal,3278.450765697168
dynamic_programming,DG Semilunar Granule,3,self_connection,CA3c Pyramidal,CA3c Pyramidal,639.8640695461409
dynamic_programming,DG Semilunar Granule,4,self_connection,CA1 Pyramidal,CA1 Pyramidal,2793.7555172355333
dynamic_programming,DG Semilunar Granule,5,self_connection,MEC LV Pyramidal,MEC LV Pyramidal,565.2447275074132
dynamic_programming,DG Semilunar Granule,7,self_connection,DG Mossy,DG Mossy,1751.260654032912
dynamic_programming,DG Semilunar Granule,1,transition,DG Semilunar Granule,CA3 Pyramidal,64.21877861632397
dynamic_programming,DG Semilunar Granule,2,transition,CA3 Pyramidal,CA3c Pyramidal,6774.278639391325
dynamic_programming,DG Semilunar Granule,3,transition,CA3c Pyramidal,CA1 Pyramidal,85609.60976338176
dynamic_programming,DG Semilunar Granule,4,transition,CA1 Pyramidal,MEC LV Pyramidal,3424.360693274852
dynamic_programming,DG Semilunar Granule,5,transition,MEC LV Pyramidal,DG Granule,9568.736896643586
dynamic_programming,DG Semilunar Granule,6,transition,DG Granule,DG Mossy,44908.709978571016
dynamic_programming,EC LI II Multipolar Pyramidal,1,self_connection,EC LI II Multipolar Pyramidal,EC LI II Multipolar Pyramidal,18296.078460202098
dynamic_programming,EC LI II Multipolar Pyramidal,4,self_connection,CA3c Pyramidal,CA3c Pyramidal,639.8640695461409
dynamic_programming,EC LI II Multipolar Pyramidal,5,self_connection,CA1 Pyramidal,CA1 Pyramidal,2793.7555172355333
dynamic_programming,EC LI II Multipolar Pyramidal,1,transition,EC LI II Multipolar Pyramidal,MEC LII Stellate,24134.5300159425
dynamic_programming,EC LI II Multipolar Pyramidal,2,transition,MEC LII Stellate,CA3 Granule,19640.6765649223
dynamic_programming,EC LI II Multipolar Pyramidal,3,transition,CA3 Granule,CA3c Pyramidal,2.280811281935155
dynamic_programming,EC LI II Multipolar Pyramidal,4,transition,CA3c Pyramidal,CA1 Pyramidal,85609.60976338176
dynamic_programming,EC LI II Pyramidal Fan,1,self_connection,EC LI II Pyramidal Fan,EC LI II Pyramidal Fan,370.7544610085407
dynamic_programming,EC LI II Pyramidal Fan,3,self_connection,DG Hilar Ectopic Granule,DG Hilar Ectopic Granule,0.9213810801264162
dynamic_programming,EC LI II Pyramidal Fan,4,self_connection,CA3c Pyramidal,CA3c Pyramidal,639.8640695461409
dynamic_programming,EC LI II Pyramidal Fan,5,self_connection,CA1 Pyramidal,CA1 Pyramidal,2793.7555172355333
dynamic_programming,EC LI II Pyramidal Fan,1,transition,EC LI II Pyramidal Fan,DG Granule,6731.854220776941
dynamic_programming,EC LI II Pyramidal Fan,2,transition,DG Granule,DG Hilar Ectopic Granule,25114.71428869603
dynamic_programming,EC LI II Pyramidal Fan,3,transition,DG Hilar Ectopic Granule,CA3c Pyramidal,0.0550567880071112
dynamic_programming,EC LI II Pyramidal Fan,4,transition,CA3c Pyramidal,CA1 Pyramidal,85609.60976338176
dynamic_programming,EC LII III Pyramidal Tripolar,1,self_connection,EC LII III Pyramidal Tripolar,EC LII III Pyramidal Tripolar,2277.297842357101
dynamic_programming,EC LII III Pyramidal Tripolar,3,self_connection,DG Hilar Ectopic Granule,DG Hilar Ectopic Granule,0.9213810801264162
dynamic_programming,EC LII III Pyramidal Tripolar,4,self_connection,CA3c Pyramidal,CA3c Pyramidal,639.8640695461409
dynamic_programming,EC LII III Pyramidal Tripolar,5,self_connection,CA1 Pyramidal,CA1 Pyramidal,2793.7555172355333
dynamic_programming,EC LII III Pyramidal Tripolar,1,transition,EC LII III Pyramidal Tripolar,DG Granule,2807.534322760256
dynamic_programming,EC LII III Pyramidal Tripolar,2,transition,DG Granule,DG Hilar Ectopic Granule,25114.71428869603
dynamic_programming,EC LII III Pyramidal Tripolar,3,transition,DG Hilar Ectopic Granule,CA3c Pyramidal,0.0550567880071112
dynamic_programming,EC LII III Pyramidal Tripolar,4,transition,CA3c Pyramidal,CA1 Pyramidal,85609.60976338176
dynamic_programming,EC LIII Pyramidal,1,self_connection,EC LIII Pyramidal,EC LIII Pyramidal,17.545063132735347
dynamic_programming,EC LIII Pyramidal,2,self_connection,MEC LV Pyramidal,MEC LV Pyramidal,565.2447275074132
dynamic_programming,EC LIII Pyramidal,4,self_connection,CA3c Pyramidal,CA3c Pyramidal,639.8640695461409
dynamic_programming,EC LIII Pyramidal,5,self_connection,CA1 Pyramidal,CA1 Pyramidal,2793.7555172355333
dynamic_programming,EC LIII Pyramidal,1,transition,EC LIII Pyramidal,MEC LV Pyramidal,12.760099858249111
dynamic_programming,EC LIII Pyramidal,2,transition,MEC LV Pyramidal,DG Granule,9568.736896643586
dynamic_programming,EC LIII Pyramidal,3,transition,DG Granule,CA3c Pyramidal,1802.511478373572
dynamic_programming,EC LIII Pyramidal,4,transition,CA3c Pyramidal,CA1 Pyramidal,85609.60976338176
dynamic_programming,EC LIII Pyramidal Stellate,1,self_connection,EC LIII Pyramidal Stellate,EC LIII Pyramidal Stellate,360.1830629372671
dynamic_programming,EC LIII Pyramidal Stellate,2,self_connection,EC LII III Pyramidal Tripolar,EC LII III Pyramidal Tripolar,2277.297842357101
dynamic_programming,EC LIII Pyramidal Stellate,4,self_connection,CA3c Pyramidal,CA3c Pyramidal,639.8640695461409
dynamic_programming,EC LIII Pyramidal Stellate,5,self_connection,CA1 Pyramidal,CA1 Pyramidal,2793.7555172355333
dynamic_programming,EC LIII Pyramidal Stellate,1,transition,EC LIII Pyramidal Stellate,EC LII III Pyramidal Tripolar,254.6407583376596
dynamic_programming,EC LIII Pyramidal Stellate,2,transition,EC LII III Pyramidal Tripolar,DG Granule,2807.534322760256
dynamic_programming,EC LIII Pyramidal Stellate,3,transition,DG Granule,CA3c Pyramidal,1802.511478373572
dynamic_programming,EC LIII Pyramidal Stellate,4,transition,CA3c Pyramidal,CA1 Pyramidal,85609.60976338176
dynamic_programming,EC LIII Stellate,1,self_connection,EC LIII Stellate,EC LIII Stellate,60.68453664121218
dynamic_programming,EC LIII Stellate,2,self_connection,EC LII III Pyramidal Tripolar,EC LII III Pyramidal Tripolar,2277.297842357101
dynamic_programming,EC LIII Stellate,4,self_connection,CA3c Pyramidal,CA3c Pyramidal,639.8640695461409
dynamic_programming,EC LIII Stellate,5,self_connection,CA1 Pyramidal,CA1 Pyramidal,2793.7555172355333
dynamic_programming,EC LIII Stellate,1,transition,EC LIII Stellate,EC LII III Pyramidal Tripolar,69.81600034271409
dynamic_programming,EC LIII Stellate,2,transition,EC LII III Pyramidal Tripolar,DG Granule,2807.534322760256
dynamic_programming,EC LIII Stellate,3,transition,DG Granule,CA3c Pyramidal,1802.511478373572
dynamic_programming,EC LIII Stellate,4,transition,CA3c Pyramidal,CA1 Pyramidal,85609.60976338176
dynamic_programming,EC LIII V Bipolar Pyramidal,1,self_connection,EC LIII V Bipolar Pyramidal,EC LIII V Bipolar Pyramidal,471.82519386819655
dynamic_programming,EC LIII V Bipolar Pyramidal,2,self_connection,MEC LV Pyramidal,MEC LV Pyramidal,565.2447275074132
dynamic_programming,EC LIII V Bipolar Pyramidal,4,self_connection,CA3c Pyramidal,CA3c Pyramidal,639.8640695461409
dynamic_programming,EC LIII V Bipolar Pyramidal,5,self_connection,CA1 Pyramidal,CA1 Pyramidal,2793.7555172355333
dynamic_programming,EC LIII V Bipolar Pyramidal,1,transition,EC LIII V Bipolar Pyramidal,MEC LV Pyramidal,226.0217597456127
dynamic_programming,EC LIII V Bipolar Pyramidal,2,transition,MEC LV Pyramidal,DG Granule,9568.736896643586
dynamic_programming,EC LIII V Bipolar Pyramidal,3,transition,DG Granule,CA3c Pyramidal,1802.511478373572
dynamic_programming,EC LIII V Bipolar Pyramidal,4,transition,CA3c Pyramidal,CA1 Pyramidal,85609.60976338176
dynamic_programming,EC LIV VI Deep Multipolar Principal,1,self_connection,EC LIV VI Deep Multipolar Principal,EC LIV VI Deep Multipolar Principal,1969.34413375272
dynamic_programming,EC LIV VI Deep Multipolar Principal,2,self_connection,MEC LV Pyramidal,MEC LV Pyramidal,565.2447275074132
dynamic_programming,EC LIV VI Deep Multipolar Principal,4,self_connection,CA3c Pyramidal,CA3c Pyramidal,639.8640695461409
dynamic_programming,EC LIV VI Deep Multipolar Principal,5,self_connection,CA1 Pyramidal,CA1 Pyramidal,2793.7555172355333
dynamic_programming,EC LIV VI Deep Multipolar Principal,1,transition,EC LIV VI Deep Multipolar Principal,MEC LV Pyramidal,479.0772940932867
dynamic_programming,EC LIV VI Deep Multipolar Principal,2,transition,MEC LV Pyramidal,DG Granule,9568.736896643586
dynamic_programming,EC LIV VI Deep Multipolar Principal,3,transition,DG Granule,CA3c Pyramidal,1802.511478373572
dynamic_programming,EC LIV VI Deep Multipolar Principal,4,transition,CA3c Pyramidal,CA1 Pyramidal,85609.60976338176
dynamic_programming,EC LV Deep Pyramidal,1,self_connection,EC LV Deep Pyramidal,EC LV Deep Pyramidal,398.1782023002817
dynamic_programming,EC LV Deep Pyramidal,2,self_connection,MEC LV Pyramidal,MEC LV Pyramidal,565.2447275074132
dynamic_programming,EC LV Deep Pyramidal,4,self_connection,CA3c Pyramidal,CA3c Pyramidal,639.8640695461409
dynamic_programming,EC LV Deep Pyramidal,5,self_connection,CA1 Pyramidal,CA1 Pyramidal,2793.7555172355333
dynamic_programming,EC LV Deep Pyramidal,1,transition,EC LV Deep Pyramidal,MEC LV Pyramidal,172.39609835538727
dynamic_programming,EC LV Deep Pyramidal,2,transition,MEC LV Pyramidal,DG Granule,9568.736896643586
dynamic_programming,EC LV Deep Pyramidal,3,transition,DG Granule,CA3c Pyramidal,1802.511478373572
dynamic_programming,EC LV Deep Pyramidal,4,transition,CA3c Pyramidal,CA1 Pyramidal,85609.60976338176
dynamic_programming,LEC LIII Complex Pyramidal,1,self_connection,LEC LIII Complex Pyramidal,LEC LIII Complex Pyramidal,744.1845437655309
dynamic_programming,LEC LIII Complex Pyramidal,2,self_connection,EC LI II Multipolar Pyramidal,EC LI II Multipolar Pyramidal,18296.078460202098
dynamic_programming,LEC LIII Complex Pyramidal,3,self_connection,EC LII III Pyramidal Tripolar,EC LII III Pyramidal Tripolar,2277.297842357101
dynamic_programming,LEC LIII Complex Pyramidal,5,self_connection,DG Mossy,DG Mossy,1751.260654032912
dynamic_programming,LEC LIII Complex Pyramidal,1,transition,LEC LIII Complex Pyramidal,EC LI II Multipolar Pyramidal,244.61587010227
dynamic_programming,LEC LIII Complex Pyramidal,2,transition,EC LI II Multipolar Pyramidal,EC LII III Pyramidal Tripolar,28854.49238765121
dynamic_programming,LEC LIII Complex Pyramidal,3,transition,EC LII III Pyramidal Tripolar,DG Granule,2807.534322760256
dynamic_programming,LEC LIII Complex Pyramidal,4,transition,DG Granule,DG Mossy,44908.709978571016
dynamic_programming,LEC LIII Multipolar Principal,1,self_connection,LEC LIII Multipolar Principal,LEC LIII Multipolar Principal,496.4095848183002
dynamic_programming,LEC LIII Multipolar Principal,2,self_connection,EC LI II Multipolar Pyramidal,EC LI II Multipolar Pyramidal,18296.078460202098
dynamic_programming,LEC LIII Multipolar Principal,3,self_connection,EC LII III Pyramidal Tripolar,EC LII III Pyramidal Tripolar,2277.297842357101
dynamic_programming,LEC LIII Multipolar Principal,5,self_connection,DG Mossy,DG Mossy,1751.260654032912
dynamic_programming,LEC LIII Multipolar Principal,1,transition,LEC LIII Multipolar Principal,EC LI II Multipolar Pyramidal,539.4518276519966
dynamic_programming,LEC LIII Multipolar Principal,2,transition,EC LI II Multipolar Pyramidal,EC LII III Pyramidal Tripolar,28854.49238765121
dynamic_programming,LEC LIII Multipolar Principal,3,transition,EC LII III Pyramidal Tripolar,DG Granule,2807.534322760256
dynamic_programming,LEC LIII Multipolar Principal,4,transition,DG Granule,DG Mossy,44908.709978571016
dynamic_programming,LEC LVI Multipolar Pyramidal,1,self_connection,LEC LVI Multipolar Pyramidal,LEC LVI Multipolar Pyramidal,212.6675576452901
dynamic_programming,LEC LVI Multipolar Pyramidal,2,self_connection,EC LII III Pyramidal Tripolar,EC LII III Pyramidal Tripolar,2277.297842357101
dynamic_programming,LEC LVI Multipolar Pyramidal,4,self_connection,CA3c Pyramidal,CA3c Pyramidal,639.8640695461409
dynamic_programming,LEC LVI Multipolar Pyramidal,5,self_connection,CA1 Pyramidal,CA1 Pyramidal,2793.7555172355333
dynamic_programming,LEC LVI Multipolar Pyramidal,1,transition,LEC LVI Multipolar Pyramidal,EC LII III Pyramidal Tripolar,48.98798814646632
dynamic_programming,LEC LVI Multipolar Pyramidal,2,transition,EC LII III Pyramidal Tripolar,DG Granule,2807.534322760256
dynamic_programming,LEC LVI Multipolar Pyramidal,3,transition,DG Granule,CA3c Pyramidal,1802.511478373572
dynamic_programming,LEC LVI Multipolar Pyramidal,4,transition,CA3c Pyramidal,CA1 Pyramidal,85609.60976338176
dynamic_programming,MEC LII III Pyramidal Multiform,1,self_connection,MEC LII III Pyramidal Multiform,MEC LII III Pyramidal Multiform,307.79730677822744
dynamic_programming,MEC LII III Pyramidal Multiform,4,self_connection,CA3c Pyramidal,CA3c Pyramidal,639.8640695461409
dynamic_programming,MEC LII III Pyramidal Multiform,5,self_connection,CA1 Pyramidal,CA1 Pyramidal,2793.7555172355333
dynamic_programming,MEC LII III Pyramidal Multiform,1,transition,MEC LII III Pyramidal Multiform,MEC LII Stellate,308.0929075038045
dynamic_programming,MEC LII III Pyramidal Multiform,2,transition,MEC LII Stellate,CA3 Granule,19640.6765649223
dynamic_programming,MEC LII III Pyramidal Multiform,3,transition,CA3 Granule,CA3c Pyramidal,2.280811281935155
dynamic_programming,MEC LII III Pyramidal Multiform,4,transition,CA3c Pyramidal,CA1 Pyramidal,85609.60976338176
dynamic_programming,MEC LII Oblique Pyramidal,2,self_connection,EC LII III Pyramidal Tripolar,EC LII III Pyramidal Tripolar,2277.297842357101
dynamic_programming,MEC LII Oblique Pyramidal,4,self_connection,CA3c Pyramidal,CA3c Pyramidal,639.8640695461409
dynamic_programming,MEC LII Oblique Pyramidal,5,self_connection,CA1 Pyramidal,CA1 Pyramidal,2793.7555172355333
dynamic_programming,MEC LII Oblique Pyramidal,1,transition,MEC LII Oblique Pyramidal,EC LII III Pyramidal Tripolar,11.97337518907701
dynamic_programming,MEC LII Oblique Pyramidal,2,transition,EC LII III Pyramidal Tripolar,DG Granule,2807.534322760256
dynamic_programming,MEC LII Oblique Pyramidal,3,transition,DG Granule,CA3c Pyramidal,1802.511478373572
dynamic_programming,MEC LII Oblique Pyramidal,4,transition,CA3c Pyramidal,CA1 Pyramidal,85609.60976338176
dynamic_programming,MEC LII Stellate,3,self_connection,CA3c Pyramidal,CA3c Pyramidal,639.8640695461409
dynamic_programming,MEC LII Stellate,4,self_connection,CA1 Pyramidal,CA1 Pyramidal,2793.7555172355333
dynamic_programming,MEC LII Stellate,5,self_connection,MEC LV VI Pyramidal Polymorphic,MEC LV VI Pyramidal Polymorphic,1336.06008642144
dynamic_programming,MEC LII Stellate,1,transition,MEC LII Stellate,CA3 Granule,19640.6765649223
dynamic_programming,MEC LII Stellate,2,transition,CA3 Granule,CA3c Pyramidal,2.280811281935155
dynamic_programming,MEC LII Stellate,3,transition,CA3c Pyramidal,CA1 Pyramidal,85609.60976338176
dynamic_programming,MEC LII Stellate,4,transition,CA1 Pyramidal,MEC LV VI Pyramidal Polymorphic,13564.64480225756
dynamic_programming,MEC LIII Bipolar Complex Pyramidal,1,self_connection,MEC LIII Bipolar Complex Pyramidal,MEC LIII Bipolar Complex Pyramidal,176.61548774480949
dynamic_programming,MEC LIII Bipolar Complex Pyramidal,4,self_connection,CA3c Pyramidal,CA3c Pyramidal,639.8640695461409
dynamic_programming,MEC LIII Bipolar Complex Pyramidal,5,self_connection,CA1 Pyramidal,CA1 Pyramidal,2793.7555172355333
dynamic_programming,MEC LIII Bipolar Complex Pyramidal,1,transition,MEC LIII Bipolar Complex Pyramidal,MEC LII Stellate,268.5769974548232
dynamic_programming,MEC LIII Bipolar Complex Pyramidal,2,transition,MEC LII Stellate,CA3 Granule,19640.6765649223
dynamic_programming,MEC LIII Bipolar Complex Pyramidal,3,transition,CA3 Granule,CA3c Pyramidal,2.280811281935155
dynamic_programming,MEC LIII Bipolar Complex Pyramidal,4,transition,CA3c Pyramidal,CA1 Pyramidal,85609.60976338176
dynamic_programming,MEC LIII Complex Pyramidal,1,self_connection,MEC LIII Complex Pyramidal,MEC LIII Complex Pyramidal,1453.7180710081302
dynamic_programming,MEC LIII Complex Pyramidal,4,self_connection,CA3c Pyramidal,CA3c Pyramidal,639.8640695461409
dynamic_programming,MEC LIII Complex Pyramidal,5,self_connection,CA1 Pyramidal,CA1 Pyramidal,2793.7555172355333
dynamic_programming,MEC LIII Complex Pyramidal,1,transition,MEC LIII Complex Pyramidal,MEC LII Stellate,1193.0847203135872
dynamic_programming,MEC LIII Complex Pyramidal,2,transition,MEC LII Stellate,CA3 Granule,19640.6765649223
dynamic_programming,MEC LIII Complex Pyramidal,3,transition,CA3 Granule,CA3c Pyramidal,2.280811281935155
dynamic_programming,MEC LIII Complex Pyramidal,4,transition,CA3c Pyramidal,CA1 Pyramidal,85609.60976338176
dynamic_programming,MEC LV Multipolar Pyramidal,1,self_connection,MEC LV Multipolar Pyramidal,MEC LV Multipolar Pyramidal,201.78698075346315
dynamic_programming,MEC LV Multipolar Pyramidal,2,self_connection,MEC LV Pyramidal,MEC LV Pyramidal,565.2447275074132
dynamic_programming,MEC LV Multipolar Pyramidal,4,self_connection,CA3c Pyramidal,CA3c Pyramidal,639.8640695461409
dynamic_programming,MEC LV Multipolar Pyramidal,5,self_connection,CA1 Pyramidal,CA1 Pyramidal,2793.7555172355333
dynamic_programming,MEC LV Multipolar Pyramidal,1,transition,MEC LV Multipolar Pyramidal,MEC LV Pyramidal,115.70855122819788
dynamic_programming,MEC LV Multipolar Pyramidal,2,transition,MEC LV Pyramidal,DG Granule,9568.736896643586
dynamic_programming,MEC LV Multipolar Pyramidal,3,transition,DG Granule,CA3c Pyramidal,1802.511478373572
dynamic_programming,MEC LV Multipolar Pyramidal,4,transition,CA3c Pyramidal,CA1 Pyramidal,85609.60976338176
dynamic_programming,MEC LV Pyramidal,1,self_connection,MEC LV Pyramidal,MEC LV Pyramidal,565.2447275074132
dynamic_programming,MEC LV Pyramidal,3,self_connection,DG Hilar Ectopic Granule,DG Hilar Ectopic Granule,0.9213810801264162
dynamic_programming,MEC LV Pyramidal,4,self_connection,CA3c Pyramidal,CA3c Pyramidal,639.8640695461409
dynamic_programming,MEC LV Pyramidal,5,self_connection,CA1 Pyramidal,CA1 Pyramidal,2793.7555172355333
dynamic_programming,MEC LV Pyramidal,1,transition,MEC LV Pyramidal,DG Granule,9568.736896643586
dynamic_programming,MEC LV Pyramidal,2,transition,DG Granule,DG Hilar Ectopic Granule,25114.71428869603
dynamic_programming,MEC LV Pyramidal,3,transition,DG Hilar Ectopic Granule,CA3c Pyramidal,0.0550567880071112
dynamic_programming,MEC LV Pyramidal,4,transition,CA3c Pyramidal,CA1 Pyramidal,85609.60976338176
dynamic_programming,MEC LV Superficial Pyramidal,1,self_connection,MEC LV Superficial Pyramidal,MEC LV Superficial Pyramidal,104.14348764746217
dynamic_programming,MEC LV Superficial Pyramidal,4,self_connection,CA3c Pyramidal,CA3c Pyramidal,639.8640695461409
dynamic_programming,MEC LV Superficial Pyramidal,5,self_connection,CA1 Pyramidal,CA1 Pyramidal,2793.7555172355333
dynamic_programming,MEC LV Superficial Pyramidal,1,transition,MEC LV Superficial Pyramidal,MEC LII Stellate,135.01248410172684
dynamic_programming,MEC LV Superficial Pyramidal,2,transition,MEC LII Stellate,CA3 Granule,19640.6765649223
dynamic_programming,MEC LV Superficial Pyramidal,3,transition,CA3 Granule,CA3c Pyramidal,2.280811281935155
dynamic_programming,MEC LV Superficial Pyramidal,4,transition,CA3c Pyramidal,CA1 Pyramidal,85609.60976338176
dynamic_programming,MEC LV VI Pyramidal Polymorphic,1,self_connection,MEC LV VI Pyramidal Polymorphic,MEC LV VI Pyramidal Polymorphic,1336.06008642144
dynamic_programming,MEC LV VI Pyramidal Polymorphic,2,self_connection,EC LIV VI Deep Multipolar Principal,EC LIV VI Deep Multipolar Principal,1969.34413375272
dynamic_programming,MEC LV VI Pyramidal Polymorphic,3,self_connection,MEC LV Pyramidal,MEC LV Pyramidal,565.2447275074132
dynamic_programming,MEC LV VI Pyramidal Polymorphic,5,self_connection,CA3c Pyramidal,CA3c Pyramidal,639.8640695461409
dynamic_programming,MEC LV VI Pyramidal Polymorphic,6,self_connection,CA1 Pyramidal,CA1 Pyramidal,2793.7555172355333
dynamic_programming,MEC LV VI Pyramidal Polymorphic,1,transition,MEC LV VI Pyramidal Polymorphic,EC LIV VI Deep Multipolar Principal,86.77596588341953
dynamic_programming,MEC LV VI Pyramidal Polymorphic,2,transition,EC LIV VI Deep Multipolar Principal,MEC LV Pyramidal,479.0772940932867
dynamic_programming,MEC LV VI Pyramidal Polymorphic,3,transition,MEC LV Pyramidal,DG Granule,9568.736896643586
dynamic_programming,MEC LV VI Pyramidal Polymorphic,4,transition,DG Granule,CA3c Pyramidal,1802.511478373572
dynamic_programming,MEC LV VI Pyramidal Polymorphic,5,transition,CA3c Pyramidal,CA1 Pyramidal,85609.60976338176
dynamic_programming,SUB CA1 Projecting Pyramidal,1,self_connection,SUB CA1 Projecting Pyramidal,SUB CA1 Projecting Pyramidal,960.2428463623708
dynamic_programming,SUB CA1 Projecting Pyramidal,2,self_connection,CA1 Pyramidal,CA1 Pyramidal,2793.7555172355333
dynamic_programming,SUB CA1 Projecting Pyramidal,3,self_connection,LEC LVI Multipolar Pyramidal,LEC LVI Multipolar Pyramidal,212.6675576452901
dynamic_programming,SUB CA1 Projecting Pyramidal,4,self_connection,EC LII III Pyramidal Tripolar,EC LII III Pyramidal Tripolar,2277.297842357101
dynamic_programming,SUB CA1 Projecting Pyramidal,5,self_connection,EC LI II Multipolar Pyramidal,EC LI II Multipolar Pyramidal,18296.078460202098
dynamic_programming,SUB CA1 Projecting Pyramidal,6,self_connection,MEC LIII Bipolar Complex Pyramidal,MEC LIII Bipolar Complex Pyramidal,176.61548774480949
dynamic_programming,SUB CA1 Projecting Pyramidal,1,transition,SUB CA1 Projecting Pyramidal,CA1 Pyramidal,106.20856360032086
dynamic_programming,SUB CA1 Projecting Pyramidal,2,transition,CA1 Pyramidal,LEC LVI Multipolar Pyramidal,10569.009270094895
dynamic_programming,SUB CA1 Projecting Pyramidal,3,transition,LEC LVI Multipolar Pyramidal,EC LII III Pyramidal Tripolar,48.98798814646632
dynamic_programming,SUB CA1 Projecting Pyramidal,4,transition,EC LII III Pyramidal Tripolar,EC LI II Multipolar Pyramidal,4216.395703649579
dynamic_programming,SUB CA1 Projecting Pyramidal,5,transition,EC LI II Multipolar Pyramidal,MEC LIII Bipolar Complex Pyramidal,30698.001365671505
