pre_neuron,post_neuron,pre_ei,post_ei,w_ij,kappa_j,m_ij
DG Granule,DG Mossy,e,e,1548576.2061576212,0.029,44908.709978571016
DG Granule,DG Total Molecular Layer,e,i,601011.3620444787,0.0744,44715.245336109205
DG Granule,DG MOLAX,e,i,627179.024910298,0.0744,46662.119453326166
DG Granule,DG HICAP,e,i,418316.0675269433,0.21477,89841.7418227616
DG Granule,DG Axo Axonic,e,i,708529.9461439403,0.27069,191791.9711217032
DG Granule,DG HIPP,e,i,895441.2950256229,0.01581,14156.9268743551
DG Granule,DG HIPROM,e,i,1008478.4073152255,0.03192,32190.630761501994
DG Granule,DG AIPRIM,e,i,896639.1990388761,0.2501,224249.46367962292
DG Granule,DG Basket,e,i,381384.7396357308,0.09135,34839.49596572401
DG Granule,DG Hilar Ectopic Granule,e,e,989157.7112523052,0.02539,25114.71428869603
DG Granule,CA3 Pyramidal,e,e,19094.65915724406,0.0123,234.86430763410192
DG Granule,CA3c Pyramidal,e,e,105286.88541901702,0.01712,1802.5114783735714
DG Granule,CA3 LMR Targeting,e,i,31784.513863372915,0.06811,2164.8432392343293
DG Granule,CA3 Lucidum ORAX,e,i,30282.85444549081,0.31002,9388.290535191061
DG Granule,CA3 Spiny Lucidum,e,i,53212.60849785681,0.03588,1909.2683929031025
DG Granule,CA3 Axo Axonic,e,i,84424.96800175622,0.11589,9784.00954172353
DG Granule,CA3 Mossy Fiber Associated ORDEN,e,i,57172.640039631064,0.12381,7078.544563306722
DG Granule,CA3 Mossy Fiber Associated,e,i,154426.1818540976,0.10855,16762.962040262293
DG Granule,CA3 Basket,e,i,72274.03331240187,0.1496,10812.19538353532
DG Granule,CA3 Basket CCK+,e,i,17751.839032304833,0.08623,1530.7410797556458
DG Granule,CA2 Pyramidal,e,e,228776.9384270294,0.01469,3360.733225493062
DG Granule,CA2 Bistratified,e,i,234548.93684897735,0.09557,22415.841894656765
DG Granule,CA2 Basket,e,i,520440.6141559855,0.08812,45861.22691942544
DG Granule,CA2 Wide Arbor Basket,e,i,228861.13048572556,0.06561,15015.578771168455
DG Semilunar Granule,DG Granule,e,e,10939.477860675,0.04463,488.2288969219253
DG Semilunar Granule,DG Semilunar Granule,e,e,10125.8588480868,0.00401,40.60469398082807
DG Semilunar Granule,DG Mossy,e,e,177762.26892369404,0.029,5155.105798787127
DG Semilunar Granule,DG Total Molecular Layer,e,i,68942.98489200667,0.0744,5129.358075965296
DG Semilunar Granule,DG MOLAX,e,i,118054.76483116006,0.0744,8783.274503438308
DG Semilunar Granule,DG HICAP,e,i,98020.43648096238,0.21477,21051.84914301629
DG Semilunar Granule,DG Axo Axonic,e,i,128067.62295686032,0.27069,34666.62485819252
DG Semilunar Granule,DG HIPP,e,i,100437.40385577992,0.01581,1587.9153549598807
DG Semilunar Granule,DG HIPROM,e,i,245668.80320107125,0.03192,7841.748198178194
DG Semilunar Granule,DG AIPRIM,e,i,175502.85009078524,0.2501,43893.26280770539
DG Semilunar Granule,DG Basket,e,i,90708.45105852399,0.09135,8286.217004196167
DG Semilunar Granule,DG Hilar Ectopic Granule,e,e,180734.24338692802,0.02539,4588.842439594102
DG Semilunar Granule,CA3 Pyramidal,e,e,5221.038911896258,0.0123,64.21877861632397
DG Semilunar Granule,CA3c Pyramidal,e,e,11545.91769716424,0.01712,197.66611097545177
DG Semilunar Granule,CA3 LMR Targeting,e,i,3374.7560060192,0.06811,229.85463156996772
DG Semilunar Granule,CA3 Lucidum ORAX,e,i,11783.986569101344,0.31002,3653.271516152799
DG Semilunar Granule,CA3 Spiny Lucidum,e,i,12892.184705267493,0.03588,462.5715872249977
DG Semilunar Granule,CA3 Axo Axonic,e,i,10268.8263070212,0.11589,1190.0542807206868
DG Semilunar Granule,CA3 Mossy Fiber Associated ORDEN,e,i,5552.233677577349,0.12381,687.4220516208517
DG Semilunar Granule,CA3 Mossy Fiber Associated,e,i,5612.704099907561,0.10855,609.2590300449657
DG Semilunar Granule,CA3 Basket,e,i,6934.086015248449,0.1496,1037.339267881168
DG Semilunar Granule,CA3 Basket CCK+,e,i,1994.5523857895998,0.08623,171.9902522266372
DG Mossy,DG Granule,e,e,21695.054873577752,0.04463,968.2502990077751
DG Mossy,DG Semilunar Granule,e,e,12630.59148671424,0.00401,50.6486718617241
DG Mossy,DG Mossy,e,e,60388.298414928,0.029,1751.260654032912
DG Mossy,DG Total Molecular Layer,e,i,48730.418053606576,0.0744,3625.543103188329
DG Mossy,DG MOLAX,e,i,54425.65314522149,0.0744,4049.2685940044785
DG Mossy,DG HICAP,e,i,37769.105436227546,0.21477,8111.670774538589
DG Mossy,DG Axo Axonic,e,i,65354.973760062,0.27069,17690.93784711118
DG Mossy,DG HIPP,e,i,38774.4143439042,0.01581,613.0234907771255
DG Mossy,DG HIPROM,e,i,82589.59285223401,0.03192,2636.2598038433093
DG Mossy,DG AIPRIM,e,i,63309.34563408001,0.2501,15833.66734308341
DG Mossy,DG Basket,e,i,44703.7167300156,0.09135,4083.684523286925
DG Mossy,DG Hilar Ectopic Granule,e,e,83487.7625175405,0.02539,2119.754290320353
DG Total Molecular Layer,DG Granule,i,e,-4088.470679875126,0.04463,-182.4684464428269
DG Total Molecular Layer,DG Semilunar Granule,i,e,-3909.8704448121252,0.00401,-15.67858048369662
DG Total Molecular Layer,DG Mossy,i,e,-5027.841134178721,0.029,-145.80739289118293
DG Total Molecular Layer,DG Total Molecular Layer,i,i,-4903.586444535626,0.0744,-364.8268314734505
DG Total Molecular Layer,DG MOLAX,i,i,-7452.5186146612505,0.0744,-554.467384930797
DG Total Molecular Layer,DG Neurogliaform,i,i,-1405.9007232900003,0.01186,-16.673982578219405
DG Total Molecular Layer,DG MOPP,i,i,-1769.66012552,0.01389,-24.5805791434728
DG Total Molecular Layer,DG HICAP,i,i,-4280.481320425538,0.21477,-919.3189731877927
DG Total Molecular Layer,DG Axo Axonic,i,i,-3496.8655103965066,0.27069,-946.5665250092303
DG Total Molecular Layer,DG HIPP,i,i,-2067.3334440989997,0.01581,-32.68454175120519
DG Total Molecular Layer,DG HIPROM,i,i,-6450.741499644001,0.03192,-205.9076686686365
DG Total Molecular Layer,DG AIPRIM,i,i,-4666.19683674375,0.2501,-1167.0158288696118
DG Total Molecular Layer,DG Basket,i,i,-3556.4824762152066,0.09135,-324.88467420225913
DG Total Molecular Layer,DG Hilar Ectopic Granule,i,e,-8514.869900625,0.02539,-216.19254677686877
DG Total Molecular Layer,CA1 Neurogliaform Projecting,i,i,-2118.724266658365,0.02287,-48.455223978476816
DG MOLAX,DG Granule,i,e,-3449.792252552701,0.04463,-153.96422823142706
DG MOLAX,DG Semilunar Granule,i,e,-3165.3755039969014,0.00401,-12.693155771027573
DG MOLAX,DG Total Molecular Layer,i,i,-1995.5460354155348,0.0744,-148.4686250349158
DG MOLAX,DG MOLAX,i,i,-2898.418977834144,0.0744,-215.64237195086028
DG MOLAX,DG Neurogliaform,i,i,-1340.9534767075204,0.01186,-15.903708233751193
DG MOLAX,DG MOPP,i,i,-1795.9360443570004,0.01389,-24.945551656118734
DG MOLAX,DG HICAP,i,i,-2198.1558503677497,0.21477,-472.0979319834816
DG MOLAX,DG Axo Axonic,i,i,-2035.0466104196598,0.27069,-550.8667669744976
DG MOLAX,DG HIPROM,i,i,-1657.5868676203204,0.03192,-52.91017281444062
DG MOLAX,DG AIPRIM,i,i,-1899.0558770040002,0.2501,-474.9538748387004
DG MOLAX,DG Basket,i,i,-2118.6820999485644,0.09135,-193.54160983030135
DG MOLAX,DG Hilar Ectopic Granule,i,e,-3355.3768550094,0.02539,-85.19301834868867
DG MOLAX,CA1 Neurogliaform Projecting,i,i,-1904.106605960637,0.02287,-43.54691807831977
DG Neurogliaform,DG Granule,i,e,-48.70676802368521,0.04463,-2.173783056897071
DG Neurogliaform,DG Semilunar Granule,i,e,-52.294380089591996,0.00401,-0.20970046415926388
DG Neurogliaform,DG Total Molecular Layer,i,i,-15.685178136465602,0.0744,-1.1669772533530407
DG Neurogliaform,DG MOLAX,i,i,-42.370045961546886,0.0744,-3.152331419539088
DG Neurogliaform,DG Neurogliaform,i,i,-6.547511973475201,0.01186,-0.0776534920054159
DG Neurogliaform,DG MOPP,i,i,-12.598702910112003,0.01389,-0.17499598342145573
DG Neurogliaform,DG HICAP,i,i,-18.19643688513252,0.21477,-3.908048749819911
DG Neurogliaform,DG Axo Axonic,i,i,-39.49972998325202,0.27069,-10.692181909166488
DG Neurogliaform,DG AIPRIM,i,i,-16.4847001493328,0.2501,-4.122823507348133
DG Neurogliaform,DG Basket,i,i,-19.15346085054624,0.09135,-1.749668648697399
DG Neurogliaform,DG Hilar Ectopic Granule,i,e,-55.48440426480001,0.02539,-1.4087490242832723
DG Neurogliaform,CA1 Neurogliaform Projecting,i,i,-32.1361704991404,0.02287,-0.734954219315341
DG Neurogliaform,SUB CA1 Projecting Pyramidal,i,e,-285.546931192908,0.02145,-6.124981674087877
DG MOPP,DG Granule,i,e,-141.22529697224,0.04463,-6.302885003871071
DG MOPP,DG Semilunar Granule,i,e,-130.09502718,0.00401,-0.5216810589918
DG MOPP,DG Total Molecular Layer,i,i,-90.384323968575,0.0744,-6.72459370326198
DG MOPP,DG MOLAX,i,i,-119.167081191215,0.0744,-8.866030840626395
DG MOPP,DG Neurogliaform,i,i,-119.88691528800003,0.01186,-1.4218588153156804
DG MOPP,DG MOPP,i,i,-140.097609072,0.01389,-1.9459557900100801
DG MOPP,DG HICAP,i,i,-81.33840568853999,0.21477,-17.469049389727733
DG MOPP,DG Axo Axonic,i,i,-87.67444964396104,0.27069,-23.732596774123813
DG MOPP,DG AIPRIM,i,i,-76.56289324101002,0.2501,-19.148379599576604
DG MOPP,DG Basket,i,i,-89.79318890380797,0.09135,-8.202607806362858
DG MOPP,DG Hilar Ectopic Granule,i,e,-132.66519157125,0.02539,-3.3683692139940375
DG MOPP,CA1 Neurogliaform Projecting,i,i,-184.73964355255498,0.02287,-4.224995648046932
DG HICAP,DG Granule,i,e,-125.96014447200001,0.04463,-5.621601247785361
DG HICAP,DG Semilunar Granule,i,e,-103.01006218744799,0.00401,-0.41307034937166637
DG HICAP,DG Total Molecular Layer,i,i,-86.2667051610375,0.0744,-6.41824286398119
DG HICAP,DG MOLAX,i,i,-157.5078306872915,0.0744,-11.718582603134486
DG HICAP,DG HICAP,i,i,-69.4683689082201,0.21477,-14.91972159041843
DG HICAP,DG Axo Axonic,i,i,-67.32888292304713,0.27069,-18.225255318439626
DG HICAP,DG HIPROM,i,i,-198.4055371170163,0.03192,-6.33310474477516
DG HICAP,DG AIPRIM,i,i,-70.6828635016812,0.2501,-17.677784161770468
DG HICAP,DG Basket,i,i,-74.92934951603009,0.09135,-6.844796078289349
DG HICAP,DG Hilar Ectopic Granule,i,e,-122.781875814864,0.02539,-3.117431826939397
DG Axo Axonic,DG Granule,i,e,-290.3527656912882,0.04463,-12.958443932802194
DG Axo Axonic,DG Mossy,i,e,-307.6364004443646,0.029,-8.921455612886573
DG Axo Axonic,DG Hilar Ectopic Granule,i,e,-279.33669893877413,0.02539,-7.092358786055475
DG HIPP,DG Granule,i,e,-4519.965682348033,0.04463,-201.72606840319273
DG HIPP,DG Semilunar Granule,i,e,-4421.7588128857915,0.00401,-17.731252839672024
DG HIPP,DG Total Molecular Layer,i,i,-2415.9540026948066,0.0744,-179.7469778004936
DG HIPP,DG MOLAX,i,i,-3142.6274015190106,0.0744,-233.81147867301436
DG HIPP,DG Neurogliaform,i,i,-3892.431415672801,0.01186,-46.16423658987942
DG HIPP,DG MOPP,i,i,-5264.097257229121,0.01389,-73.1183109029125
DG HIPP,DG HICAP,i,i,-2581.4899657562396,0.21477,-554.4265999454675
DG HIPP,DG Axo Axonic,i,i,-3199.135215302203,0.27069,-865.9739114301533
DG HIPP,DG AIPRIM,i,i,-2244.4833874161595,0.2501,-561.3452951927815
DG HIPP,DG Basket,i,i,-3295.452961004138,0.09135,-301.039627987728
DG HIPP,DG Hilar Ectopic Granule,i,e,-4067.7105389628005,0.02539,-103.2791705842655
DG HIPP,CA1 Neurogliaform Projecting,i,i,-5463.381349298198,0.02287,-124.9475314584498
DG HIPROM,DG Granule,i,e,-7.1978899792696005,0.04463,-0.3212418297748023
DG HIPROM,DG Semilunar Granule,i,e,-7.083911847743999,0.00401,-0.028406486509453432
DG HIPROM,DG Mossy,i,e,-10.8700582906608,0.029,-0.3152316904291632
DG HIPROM,DG Total Molecular Layer,i,i,-12.994857704267998,0.0744,-0.966817413197539
DG HIPROM,DG MOLAX,i,i,-16.76995865136,0.0744,-1.2476849236611838
DG HIPROM,DG Neurogliaform,i,i,-2.5642720667200005,0.01186,-0.030412266711299207
DG HIPROM,DG MOPP,i,i,-3.530191984000001,0.01389,-0.04903436665776001
DG HIPROM,DG HICAP,i,i,-14.561764116480001,0.21477,-3.12743007929641
DG HIPROM,DG Axo Axonic,i,i,-12.128599230400003,0.27069,-3.2830905256769767
DG HIPROM,DG HIPP,i,i,-5.363385439104,0.01581,-0.08479512379223425
DG HIPROM,DG HIPROM,i,i,-24.633322354368,0.03192,-0.7862956495514265
DG HIPROM,DG AIPRIM,i,i,-16.4379653856,0.2501,-4.11113514293856
DG HIPROM,DG Basket,i,i,-13.702803714431997,0.09135,-1.251751119313363
DG HIPROM,DG Hilar Ectopic Granule,i,e,-17.330626404,0.02539,-0.44002460439755997
DG HIPROM,CA3 Pyramidal,i,e,-8.449511820749997,0.0123,-0.10392899539522496
DG HIPROM,CA3 Granule,i,e,-0.18209423899259997,0.07366,-0.013413061644194915
DG HIPROM,CA3c Pyramidal,i,e,-7.819844383472001,0.01712,-0.13387573584504064
DG HIPROM,CA3 LMR Targeting,i,i,-1.4055510994559999,0.06811,-0.09573208538394816
DG HIPROM,CA3 O LM,i,i,-3.0569612468720004,0.17804,-0.544261380393091
DG HIPROM,CA3 Lucidum ORAX,i,i,-2.6136706527360003,0.31002,-0.8102901757612149
DG HIPROM,CA3 Spiny Lucidum,i,i,-4.800530427901959,0.03588,-0.1722430317531223
DG HIPROM,CA3 Trilaminar,i,i,-3.5435817231359996,0.01016,-0.03600279030706176
DG HIPROM,CA3 Axo Axonic,i,i,-4.73223125925,0.11589,-0.5484182806344825
DG HIPROM,CA3 Mossy Fiber Associated ORDEN,i,i,-7.843745092919999,0.12381,-0.9711340799544251
DG HIPROM,CA3 Mossy Fiber Associated,i,i,-5.001931573316776,0.10855,-0.542959672283536
DG HIPROM,CA3 Basket,i,i,-7.307887427568001,0.1496,-1.093259959164173
DG HIPROM,CA3 Basket CCK+,i,i,-3.4995499721856005,0.08623,-0.30176619410156436
DG HIPROM,CA3 Horizontal Axo Axonic,i,i,-2.3841735359040004,0.07827,-0.18660926265520614
DG HIPROM,CA2 Wide Arbor Basket,i,i,-0.7107580985639679,0.06561,-0.04663283884678193
DG HIPROM,CA1 Neurogliaform Projecting,i,i,-3.5809123712831994,0.02287,-0.08189546593124677
DG AIPRIM,DG Granule,i,e,-5198.70757223961,0.04463,-232.01831894905382
DG AIPRIM,DG Semilunar Granule,i,e,-4221.690276727242,0.00401,-16.92897800967624
DG AIPRIM,DG Mossy,i,e,-8299.567272988299,0.029,-240.68745091666068
DG AIPRIM,DG Total Molecular Layer,i,i,-9047.047449782945,0.0744,-673.1003302638511
DG AIPRIM,DG MOLAX,i,i,-12163.428213615165,0.0744,-904.9590590929682
DG AIPRIM,DG HICAP,i,i,-9756.98468499447,0.21477,-2095.507600796262
DG AIPRIM,DG Axo Axonic,i,i,-7725.744949203603,0.27069,-2091.281900299923
DG AIPRIM,DG HIPP,i,i,-3846.2820257664,0.01581,-60.80971882736679
DG AIPRIM,DG HIPROM,i,i,-21429.717139184646,0.03192,-684.0365710827739
DG AIPRIM,DG AIPRIM,i,i,-10954.1344524612,0.2501,-2739.6290265605458
DG AIPRIM,DG Basket,i,i,-8921.306258922023,0.09135,-814.9613267525268
DG AIPRIM,DG Hilar Ectopic Granule,i,e,-12455.029083218698,0.02539,-316.23318842292275
DG Basket,DG Granule,i,e,-5317.503508323121,0.04463,-237.32018157646093
DG Basket,DG Total Molecular Layer,i,i,-5419.586277233849,0.0744,-403.21721902619834
DG Basket,DG MOLAX,i,i,-4992.880041672147,0.0744,-371.4702751004077
DG Basket,DG HICAP,i,i,-4100.037675563964,0.21477,-880.5650915808724
DG Basket,DG Axo Axonic,i,i,-2895.9885754967745,0.27069,-783.9151475012219
DG Basket,DG HIPP,i,i,-3307.448188474505,0.01581,-52.29075585978193
DG Basket,DG Basket,i,i,-3726.6449516264424,0.09135,-340.4290163310755
DG Hilar Ectopic Granule,DG Mossy,e,e,55.65027212412001,0.029,1.6138578915994803
DG Hilar Ectopic Granule,DG Total Molecular Layer,e,i,20.139190526124004,0.0744,1.4983557751436258
DG Hilar Ectopic Granule,DG MOLAX,e,i,21.070177923307504,0.0744,1.5676212374940781
DG Hilar Ectopic Granule,DG HICAP,e,i,13.051269097680002,0.21477,2.803021064108734
DG Hilar Ectopic Granule,DG Axo Axonic,e,i,20.703174296805003,0.27069,5.604142250402146
DG Hilar Ectopic Granule,DG HIPP,e,i,33.0826227615,0.01581,0.523036265859315
DG Hilar Ectopic Granule,DG HIPROM,e,i,36.74013136469001,0.03192,1.1727449931609049
DG Hilar Ectopic Granule,DG AIPRIM,e,i,32.258082690048,0.2501,8.067746480781004
DG Hilar Ectopic Granule,DG Basket,e,i,13.97108332568,0.09135,1.276258461800868
DG Hilar Ectopic Granule,DG Hilar Ectopic Granule,e,e,36.289132734400006,0.02539,0.9213810801264162
DG Hilar Ectopic Granule,CA3 Pyramidal,e,e,1.0815884977755004,0.0123,0.013303538522638655
DG Hilar Ectopic Granule,CA3c Pyramidal,e,e,3.215933878920049,0.01712,0.05505678800711124
DG Hilar Ectopic Granule,CA3 LMR Targeting,e,i,0.6936896282839999,0.06811,0.04724720058242324
DG Hilar Ectopic Granule,CA3 Lucidum ORAX,e,i,4.774658693042158,0.31002,1.48023968801693
DG Hilar Ectopic Granule,CA3 Spiny Lucidum,e,i,5.232342806847204,0.03588,0.1877364599096777
DG Hilar Ectopic Granule,CA3 Axo Axonic,e,i,5.947252494326641,0.11589,0.6892270915675144
DG Hilar Ectopic Granule,CA3 Mossy Fiber Associated ORDEN,e,i,3.1031150507166783,0.12381,0.38419667442923194
DG Hilar Ectopic Granule,CA3 Mossy Fiber Associated,e,i,1.7710538635066735,0.10855,0.1922478968836494
DG Hilar Ectopic Granule,CA3 Basket,e,i,5.892007634630496,0.1496,0.8814443421407223
DG Hilar Ectopic Granule,CA3 Basket CCK+,e,i,0.9864374864752801,0.08623,0.0850605044587634
CA3 Pyramidal,CA3 Pyramidal,e,e,266540.7126583063,0.0123,3278.4507656971673
CA3 Pyramidal,CA3 Granule,e,e,41592.496640621466,0.07366,3063.7033025481774
CA3 Pyramidal,CA3c Pyramidal,e,e,395693.84575883904,0.01712,6774.278639391325
CA3 Pyramidal,CA3 LMR Targeting,e,i,29902.143850072167,0.06811,2036.6350176284154
CA3 Pyramidal,CA3 O LM,e,i,86845.92434621646,0.17804,15462.048370600378
CA3 Pyramidal,CA3 Lucidum ORAX,e,i,96208.96061487973,0.31002,29826.701969825015
CA3 Pyramidal,CA3 Trilaminar,e,i,185716.6008594153,0.01016,1886.8806647316596
CA3 Pyramidal,CA3 Axo Axonic,e,i,175688.4680010275,0.11589,20360.53655663908
CA3 Pyramidal,CA3 Mossy Fiber Associated ORDEN,e,i,203028.41063409072,0.12381,25136.947520606773
CA3 Pyramidal,CA3 Mossy Fiber Associated,e,i,106324.98761268418,0.10855,11541.577405356868
CA3 Pyramidal,CA3 Basket,e,i,177868.63874469043,0.1496,26609.14835620569
CA3 Pyramidal,CA3 Basket CCK+,e,i,109382.14134671038,0.08623,9432.022048326837
CA3 Pyramidal,CA3 Horizontal Axo Axonic,e,i,101282.42803019041,0.07827,7927.375641923004
CA3 Pyramidal,CA2 Pyramidal,e,e,848693.1287684537,0.01469,12467.302061608585
CA3 Pyramidal,CA2 Bistratified,e,i,468952.73982715176,0.09557,44817.8133452809
CA3 Pyramidal,CA2 Basket,e,i,485909.8258273281,0.08812,42818.37385190415
CA3 Pyramidal,CA2 Wide Arbor Basket,e,i,196409.19270127884,0.06561,12886.407133130904
CA3 Pyramidal,CA2 SP SR,e,i,278151.1628942592,0.02724,7576.8376772396205
CA3 Pyramidal,CA1 Pyramidal,e,e,380827.98284731206,0.02905,11063.052901714414
CA3 Pyramidal,CA1 Quadrilaminar,e,i,135430.70471760212,0.07486,10138.342555159694
CA3 Pyramidal,CA1 LMR,e,i,32725.761933196078,0.41516,13586.427324185683
CA3 Pyramidal,CA1 Perforant Path Associated,e,i,78833.5618303563,0.57998,45721.88919037005
CA3 Pyramidal,CA1 Radial Trilaminar,e,i,48612.110393900584,0.12477,6065.333013846976
CA3 Pyramidal,CA1 Schaffer Collateral Associated,e,i,127083.09531676587,0.04399,5590.385362984531
CA3 Pyramidal,CA1 Back Projection,e,i,843714.0348847887,0.19378,163494.90567997436
CA3 Pyramidal,CA1 Radiatum,e,i,77702.49045034703,0.10737,8342.91639965376
CA3 Pyramidal,CA1 SO SO,e,i,1082066.7210632826,0.16655,180218.21239308972
CA3 Pyramidal,CA1 Trilaminar,e,i,2030611.1265128772,0.60445,1227402.8954207087
CA3 Pyramidal,CA1 Axo Axonic,e,i,159502.00832572696,0.07601,12123.747652838505
CA3 Pyramidal,CA1 Horizontal Axo Axonic,e,i,330795.00477235904,0.33807,111831.86726339141
CA3 Pyramidal,CA1 Horizontal Basket,e,i,755237.5847063188,0.15787,119229.35749758656
CA3 Pyramidal,CA1 Radiatum Giant,e,e,165936.03817408613,0.00183,303.66294985857763
CA3 Pyramidal,CA1 Oriens Alveus,e,i,124756.44190094133,0.1554,19387.151071406282
CA3 Pyramidal,CA1 R Receiving Apical Targeting,e,i,212463.56356371095,0.25936,55104.54984588407
CA3 Pyramidal,CA1 OR LM,e,i,530494.5777978556,0.11974,63521.42074551523
CA3 Pyramidal,CA1 O LM,e,i,1000047.2060714313,0.04818,48182.27438852156
CA3 Pyramidal,CA1 Perforant Path Associated QuadD,e,i,584453.5674132234,0.33842,197790.77628398308
CA3 Pyramidal,CA1 Basket,e,i,228141.63568381788,0.1666,38008.39650492406
CA3 Pyramidal,CA1 Basket CCK+,e,i,156057.75447742542,0.12483,19480.689491417015
CA3 Pyramidal,CA1 Bistratified,e,i,139888.41086861314,0.08922,12480.844017697664
CA3 Pyramidal,CA1 Ivy,e,i,69076.63514988721,0.0438,3025.55661956506
CA3 Pyramidal,CA1 Oriens Bistratified,e,i,476142.37045373034,0.01811,8622.938328917056
CA3 Pyramidal,CA1 O LMR,e,i,673425.8315303042,0.06706,45159.93626242219
CA3 Pyramidal,CA1 Recurrent O LM,e,i,2081164.3484694457,0.03251,67658.65296874168
CA3 Granule,CA3 Pyramidal,e,e,76.58690108091,0.0123,0.942018883295193
CA3 Granule,CA3c Pyramidal,e,e,133.22495805696,0.01712,2.280811281935155
CA3 Granule,CA3 LMR Targeting,e,i,53.255096133239995,0.06811,3.627204597634976
CA3 Granule,CA3 Lucidum ORAX,e,i,80.26403533702398,0.31002,24.883456235184177
CA3 Granule,CA3 Spiny Lucidum,e,i,72.92673555817505,0.03588,2.616611271827321
CA3 Granule,CA3 Axo Axonic,e,i,68.727183686112,0.11589,7.96479331738352
CA3 Granule,CA3 Mossy Fiber Associated ORDEN,e,i,57.562403784192014,0.12381,7.126801212520814
CA3 Granule,CA3 Mossy Fiber Associated,e,i,62.42631801930974,0.10855,6.776376820996072
CA3 Granule,CA3 Basket,e,i,58.49439487262401,0.1496,8.750761472944552
CA3 Granule,CA3 Basket CCK+,e,i,21.868798608480002,0.08623,1.8857465040092307
CA3c Pyramidal,DG Granule,e,e,160418.7566737335,0.04463,7159.489110348726
CA3c Pyramidal,DG Semilunar Granule,e,e,87352.46675373509,0.00401,350.2833916824777
CA3c Pyramidal,DG Mossy,e,e,33393.42821681123,0.029,968.4094182875258
CA3c Pyramidal,DG Total Molecular Layer,e,i,72103.63782101168,0.0744,5364.510653883269
CA3c Pyramidal,DG MOLAX,e,i,108931.58216187557,0.0744,8104.509712843542
CA3c Pyramidal,DG HICAP,e,i,82111.44264625497,0.21477,17635.07453713618
CA3c Pyramidal,DG Axo Axonic,e,i,143794.61716747435,0.27069,38923.76492106363
CA3c Pyramidal,DG HIPP,e,i,20095.79671391292,0.01581,317.71454604696333
CA3c Pyramidal,DG HIPROM,e,i,164558.27937797178,0.03192,5252.700277744859
CA3c Pyramidal,DG AIPRIM,e,i,108136.77620246162,0.2501,27045.00772823565
CA3c Pyramidal,DG Basket,e,i,96808.27901181996,0.09135,8843.436287729754
CA3c Pyramidal,DG Hilar Ectopic Granule,e,e,180998.38531761212,0.02539,4595.5490032141715
CA3c Pyramidal,CA3 Pyramidal,e,e,31089.11555366892,0.0123,382.3961213101277
CA3c Pyramidal,CA3 Granule,e,e,5108.88681916704,0.07366,376.32060309984416
CA3c Pyramidal,CA3c Pyramidal,e,e,37375.237707134394,0.01712,639.8640695461409
CA3c Pyramidal,CA3 LMR Targeting,e,i,4152.834730963475,0.06811,282.84957352592227
CA3c Pyramidal,CA3 O LM,e,i,15971.373086796002,0.17804,2843.54326437316
CA3c Pyramidal,CA3 Lucidum ORAX,e,i,12467.0614729374,0.31002,3865.0383978400528
CA3c Pyramidal,CA3 Trilaminar,e,i,40886.40713210424,0.01016,415.40589646217916
CA3c Pyramidal,CA3 Axo Axonic,e,i,19320.7649099472,0.11589,2239.083445413781
CA3c Pyramidal,CA3 Mossy Fiber Associated ORDEN,e,i,19935.286052407922,0.12381,2468.187766148625
CA3c Pyramidal,CA3 Mossy Fiber Associated,e,i,9490.240453686438,0.10855,1030.1656012476628
CA3c Pyramidal,CA3 Basket,e,i,19491.962611968,0.1496,2915.997606750413
CA3c Pyramidal,CA3 Basket CCK+,e,i,8301.174242138999,0.08623,715.8102548996459
CA3c Pyramidal,CA3 Horizontal Axo Axonic,e,i,16555.0318658361,0.07827,1295.7623441389917
CA3c Pyramidal,CA2 Pyramidal,e,e,1662664.1129644967,0.01469,24424.535819448458
CA3c Pyramidal,CA2 Bistratified,e,i,1005433.8114323212,0.09557,96089.30935858694
CA3c Pyramidal,CA2 Basket,e,i,1119782.6687443724,0.08812,98675.24876975411
CA3c Pyramidal,CA2 Wide Arbor Basket,e,i,541851.3914313504,0.06561,35550.869791810896
CA3c Pyramidal,CA2 SP SR,e,i,636442.6318356859,0.02724,17336.697291204084
CA3c Pyramidal,CA1 Pyramidal,e,e,2946974.5185329346,0.02905,85609.60976338176
CA3c Pyramidal,CA1 Quadrilaminar,e,i,1908198.67785086,0.07486,142847.75302391537
CA3c Pyramidal,CA1 LMR,e,i,826291.8395654251,0.41516,343043.32011398184
CA3c Pyramidal,CA1 Perforant Path Associated,e,i,1334059.6116201745,0.57998,773727.8935474688
CA3c Pyramidal,CA1 Radial Trilaminar,e,i,1107880.820651227,0.12477,138230.2899926536
CA3c Pyramidal,CA1 Schaffer Collateral Associated,e,i,2069167.2803931967,0.04399,91022.66866449673
CA3c Pyramidal,CA1 Back Projection,e,i,126018.48160114558,0.19378,24419.861364669992
CA3c Pyramidal,CA1 Radiatum,e,i,1362763.212436586,0.10737,146319.88611931622
CA3c Pyramidal,CA1 SO SO,e,i,154057.07098671794,0.16655,25658.205172837872
CA3c Pyramidal,CA1 Trilaminar,e,i,274426.1152931656,0.60445,165876.86538895397
CA3c Pyramidal,CA1 Axo Axonic,e,i,2006266.478154768,0.07601,152496.3150045439
CA3c Pyramidal,CA1 Horizontal Axo Axonic,e,i,52687.918220024934,0.33807,17812.204512643828
CA3c Pyramidal,CA1 Horizontal Basket,e,i,111868.5426625028,0.15787,17660.686830129318
CA3c Pyramidal,CA1 Radiatum Giant,e,e,2221043.9720433573,0.00183,4064.510468839344
CA3c Pyramidal,CA1 Oriens Alveus,e,i,1743888.3093962292,0.1554,271000.24328017404
CA3c Pyramidal,CA1 R Receiving Apical Targeting,e,i,2023667.388273065,0.25936,524858.3738225021
CA3c Pyramidal,CA1 OR LM,e,i,2982732.150530972,0.11974,357152.3477045786
CA3c Pyramidal,CA1 O LM,e,i,144040.2728645148,0.04818,6939.860346612322
CA3c Pyramidal,CA1 Perforant Path Associated QuadD,e,i,2795497.1552758655,0.33842,946052.1472884584
CA3c Pyramidal,CA1 Basket,e,i,2116029.980411057,0.1666,352530.5947364821
CA3c Pyramidal,CA1 Basket CCK+,e,i,2795834.074983893,0.12483,349003.96758023935
CA3c Pyramidal,CA1 Bistratified,e,i,2179251.9896411938,0.08922,194432.8625157873
CA3c Pyramidal,CA1 Ivy,e,i,1842331.581818685,0.0438,80694.1232836584
CA3c Pyramidal,CA1 Oriens Bistratified,e,i,81403.51344598243,0.01811,1474.217628506742
CA3c Pyramidal,CA1 O LMR,e,i,115467.08815002012,0.06706,7743.222931340349
CA3c Pyramidal,CA1 Recurrent O LM,e,i,274726.7904544783,0.03251,8931.36795767509
CA3c Pyramidal,SUB CA1 Projecting Pyramidal,e,e,52188.355374704035,0.02145,1119.4402227874016
CA3 LMR Targeting,CA3 Pyramidal,i,e,-6333.728912114999,0.0123,-77.90486561901449
CA3 LMR Targeting,CA3 Granule,i,e,-2862.1156771583996,0.07366,-210.82344077948773
CA3 LMR Targeting,CA3c Pyramidal,i,e,-440.6883700128,0.01712,-7.5445848946191365
CA3 LMR Targeting,CA3 LMR Targeting,i,i,-4841.434196881919,0.06811,-329.7500831496275
CA3 LMR Targeting,CA3 Lucidum ORAX,i,i,-466.11866121626895,0.31002,-144.5061073502677
CA3 LMR Targeting,CA3 Axo Axonic,i,i,-2438.5938726239997,0.11589,-282.6086438983953
CA3 LMR Targeting,CA3 Mossy Fiber Associated ORDEN,i,i,-377.58289502419194,0.12381,-46.74853823294521
CA3 LMR Targeting,CA3 Mossy Fiber Associated,i,i,-416.9114405781122,0.10855,-45.25573687475408
CA3 LMR Targeting,CA3 Basket,i,i,-4829.456375029759,0.1496,-722.4866737044521
CA3 LMR Targeting,CA3 Basket CCK+,i,i,-3248.4399480832,0.08623,-280.11297672321433
CA3 O LM,CA3 Pyramidal,i,e,-7956.640481999999,0.0123,-97.86667792859998
CA3 O LM,CA3 Granule,i,e,-2802.898052709888,0.07366,-206.46147056261034
CA3 O LM,CA3c Pyramidal,i,e,-1209.918388975296,0.01712,-20.71380281925707
CA3 O LM,CA3 LMR Targeting,i,i,-4414.5294707808,0.06811,-300.6736022548803
CA3 O LM,CA3 O LM,i,i,-916.640008409664,0.17804,-163.1985870972566
CA3 O LM,CA3 Lucidum ORAX,i,i,-415.6658528671153,0.31002,-128.8647277058631
CA3 O LM,CA3 Trilaminar,i,i,-1021.164472990771,0.01016,-10.375031045586233
CA3 O LM,CA3 Axo Axonic,i,i,-2874.037059621,0.11589,-333.0721548394777
CA3 O LM,CA3 Mossy Fiber Associated ORDEN,i,i,-904.0737054389043,0.12381,-111.93336547039074
CA3 O LM,CA3 Mossy Fiber Associated,i,i,-413.78973371814396,0.10855,-44.91687559510452
CA3 O LM,CA3 Basket,i,i,-5229.67281673984,0.1496,-782.3590533842801
CA3 O LM,CA3 Basket CCK+,i,i,-3516.2456296609603,0.08623,-303.2058606456646
CA3 O LM,CA3 Horizontal Axo Axonic,i,i,-779.1892652751199,0.07827,-60.98714379308363
CA3 Lucidum ORAX,CA3 Pyramidal,i,e,-9.745853616,0.0123,-0.1198739994768
CA3 Lucidum ORAX,CA3 Granule,i,e,-0.5047551916279198,0.07366,-0.03718026741531258
CA3 Lucidum ORAX,CA3c Pyramidal,i,e,-8.74190284704,0.01712,-0.1496613767413248
CA3 Lucidum ORAX,CA3 LMR Targeting,i,i,-1.5267116390399997,0.06811,-0.10398432973501438
CA3 Lucidum ORAX,CA3 O LM,i,i,-3.235891743096,0.17804,-0.5761181659408119
CA3 Lucidum ORAX,CA3 Lucidum ORAX,i,i,-3.854790117,0.31002,-1.19506203207234
CA3 Lucidum ORAX,CA3 Spiny Lucidum,i,i,-3.733716612306769,0.03588,-0.13396575204956687
CA3 Lucidum ORAX,CA3 Trilaminar,i,i,-3.7729219347455993,0.01016,-0.03833288685701529
CA3 Lucidum ORAX,CA3 Axo Axonic,i,i,-4.95162840942,0.11589,-0.5738442163676838
CA3 Lucidum ORAX,CA3 Mossy Fiber Associated ORDEN,i,i,-8.659663626239999,0.12381,-1.0721529535647742
CA3 Lucidum ORAX,CA3 Mossy Fiber Associated,i,i,-5.693170119883896,0.10855,-0.6179936165133969
CA3 Lucidum ORAX,CA3 Basket,i,i,-8.52475372736,0.1496,-1.2753031576130562
CA3 Lucidum ORAX,CA3 Basket CCK+,i,i,-4.0369942474336,0.08623,-0.34811001395619934
CA3 Lucidum ORAX,CA3 Horizontal Axo Axonic,i,i,-2.70318407744,0.07827,-0.2115782177412288
CA3 Lucidum ORAX,CA2 Wide Arbor Basket,i,i,-0.8005727042060797,0.06561,-0.05252557512296089
CA3 Spiny Lucidum,DG Granule,i,e,-375.7964667797133,0.04463,-16.771796312378605
CA3 Spiny Lucidum,DG Semilunar Granule,i,e,-397.88052527542504,0.00401,-1.5955009063544543
CA3 Spiny Lucidum,DG Total Molecular Layer,i,i,-138.6707865399021,0.0744,-10.317106518568716
CA3 Spiny Lucidum,DG MOLAX,i,i,-213.23379020683177,0.0744,-15.864593991388283
CA3 Spiny Lucidum,DG Neurogliaform,i,i,-139.73308553853784,0.01186,-1.657234394487059
CA3 Spiny Lucidum,DG MOPP,i,i,-268.50718916299644,0.01389,-3.7295648574740206
CA3 Spiny Lucidum,DG HICAP,i,i,-174.75144750117542,0.21477,-37.53136837982744
CA3 Spiny Lucidum,DG Axo Axonic,i,i,-313.0787505564543,0.27069,-84.7472869881266
CA3 Spiny Lucidum,DG HIPROM,i,i,-34.07591967584834,0.03192,-1.0877033560530789
CA3 Spiny Lucidum,DG AIPRIM,i,i,-157.25613901475907,0.2501,-39.32976036759124
CA3 Spiny Lucidum,DG Basket,i,i,-298.0205343531258,0.09135,-27.224175813158045
CA3 Spiny Lucidum,DG Hilar Ectopic Granule,i,e,-351.9288247314467,0.02539,-8.935472859931432
CA3 Spiny Lucidum,CA3 Pyramidal,i,e,-244.51697829333048,0.0123,-3.007558833007965
CA3 Spiny Lucidum,CA3 Granule,i,e,-45.29354319476758,0.07366,-3.33632239172658
CA3 Spiny Lucidum,CA3c Pyramidal,i,e,-207.723809960859,0.01712,-3.556231626529906
CA3 Spiny Lucidum,CA3 LMR Targeting,i,i,-72.18101807485812,0.06811,-4.916249141078587
CA3 Spiny Lucidum,CA3 Lucidum ORAX,i,i,-251.73987115465937,0.31002,-78.0443948553675
CA3 Spiny Lucidum,CA3 Spiny Lucidum,i,i,-41.299154762673076,0.03588,-1.48181367288471
CA3 Spiny Lucidum,CA3 Axo Axonic,i,i,-121.40744282969739,0.11589,-14.069908549533631
CA3 Spiny Lucidum,CA3 Mossy Fiber Associated ORDEN,i,i,-203.18359003273716,0.12381,-25.156160281953188
CA3 Spiny Lucidum,CA3 Mossy Fiber Associated,i,i,-185.92549313675687,0.10855,-20.182212279994957
CA3 Spiny Lucidum,CA3 Basket,i,i,-237.54514002495918,0.1496,-35.536752947733895
CA3 Spiny Lucidum,CA3 Basket CCK+,i,i,-151.35706178951867,0.08623,-13.051519438110194
CA3 Spiny Lucidum,CA1 Neurogliaform Projecting,i,i,-173.40685220571874,0.02287,-3.965814709944788
CA3 Trilaminar,CA3 Pyramidal,i,e,-2136.4730641337997,0.0123,-26.278618688845736
CA3 Trilaminar,CA3 Granule,i,e,-201.85078665615356,0.07366,-14.868328945092271
CA3 Trilaminar,CA3c Pyramidal,i,e,-1777.6954780199999,0.01712,-30.434146583702397
CA3 Trilaminar,CA3 LMR Targeting,i,i,-401.39896882176,0.06811,-27.339283766450073
CA3 Trilaminar,CA3 O LM,i,i,-864.7142663073599,0.17804,-153.95372797336236
CA3 Trilaminar,CA3 Lucidum ORAX,i,i,-941.3588400063122,0.31002,-291.84006757875693
CA3 Trilaminar,CA3 Spiny Lucidum,i,i,-687.3818302679434,0.03588,-24.663260070013813
CA3 Trilaminar,CA3 Trilaminar,i,i,-1080.898983370752,0.01016,-10.981933671046841
CA3 Trilaminar,CA3 Axo Axonic,i,i,-1040.6253247790396,0.11589,-120.59806888864291
CA3 Trilaminar,CA3 Mossy Fiber Associated ORDEN,i,i,-2236.1549409239037,0.12381,-276.85834323578854
CA3 Trilaminar,CA3 Mossy Fiber Associated,i,i,-1256.605933448546,0.10855,-136.40457407583966
CA3 Trilaminar,CA3 Basket,i,i,-1799.1837100281857,0.1496,-269.1578830202166
CA3 Trilaminar,CA3 Basket CCK+,i,i,-1099.010698050989,0.08623,-94.76769249293679
CA3 Trilaminar,CA3 Horizontal Axo Axonic,i,i,-785.3823811125601,0.07827,-61.471878969680084
CA3 Trilaminar,CA2 Wide Arbor Basket,i,i,-171.03619277471998,0.06561,-11.221684607949378
CA3 Trilaminar,CA1 Pyramidal,i,e,-969.113620583539,0.02905,-28.152750677951808
CA3 Trilaminar,CA1 Quadrilaminar,i,i,-1228.6242147664466,0.07486,-91.97480871741618
CA3 Trilaminar,CA1 LMR,i,i,-158.70251779459,0.41516,-65.88693728760198
CA3 Trilaminar,CA1 Perforant Path Associated,i,i,-122.69805776836613,0.57998,-71.162419544497
CA3 Trilaminar,CA1 Radial Trilaminar,i,i,-1162.1359459557118,0.12477,-144.99970197689416
CA3 Trilaminar,CA1 Schaffer Collateral Associated,i,i,-230.07581979430068,0.04399,-10.121035312751287
CA3 Trilaminar,CA1 Back Projection,i,i,-567.15671808432,0.19378,-109.90362883037953
CA3 Trilaminar,CA1 Radiatum,i,i,-233.895389112,0.10737,-25.113347928955438
CA3 Trilaminar,CA1 SO SO,i,i,-611.5928071991921,0.16655,-101.86078203902544
CA3 Trilaminar,CA1 Trilaminar,i,i,-709.75535915592,0.60445,-429.0116268417959
CA3 Trilaminar,CA1 Axo Axonic,i,i,-704.3595131944562,0.07601,-53.53836659791061
CA3 Trilaminar,CA1 Horizontal Axo Axonic,i,i,-317.05590493584,0.33807,-107.18708978165941
CA3 Trilaminar,CA1 Horizontal Basket,i,i,-1205.3811158849153,0.15787,-190.2935167647516
CA3 Trilaminar,CA1 Radiatum Giant,i,e,-313.61632727039995,0.00183,-0.5739178789048319
CA3 Trilaminar,CA1 Oriens Alveus,i,i,-833.3650758909057,0.1554,-129.50493279344676
CA3 Trilaminar,CA1 R Receiving Apical Targeting,i,i,-354.31826656844794,0.25936,-91.89598561719265
CA3 Trilaminar,CA1 OR LM,i,i,-528.7711221821953,0.11974,-63.31505417009607
CA3 Trilaminar,CA1 O LM,i,i,-419.9716123386839,0.04818,-20.23423228247779
CA3 Trilaminar,CA1 Perforant Path Associated QuadD,i,i,-1637.045385389568,0.33842,-554.0088993235377
CA3 Trilaminar,CA1 Basket,i,i,-801.2179108828161,0.1666,-133.48290395307717
CA3 Trilaminar,CA1 Basket CCK+,i,i,-999.3735315127874,0.12483,-124.75179793874125
CA3 Trilaminar,CA1 Bistratified,i,i,-912.4019572039679,0.08922,-81.404502621738
CA3 Trilaminar,CA1 Ivy,i,i,-1050.9643338963554,0.0438,-46.03223782466036
CA3 Trilaminar,CA1 Oriens Bistratified,i,i,-342.3900395412,0.01811,-6.2006836160911325
CA3 Trilaminar,CA1 O LMR,i,i,-497.6728460594099,0.06706,-33.37394105674402
CA3 Trilaminar,CA1 Recurrent O LM,i,i,-533.44122368768,0.03251,-17.342174182086474
CA3 Axo Axonic,CA3 Pyramidal,i,e,-50.17163437535287,0.0123,-0.6171111028168403
CA3 Axo Axonic,CA3c Pyramidal,i,e,-36.819662761444086,0.01712,-0.6303526264759227
CA3 Mossy Fiber Associated ORDEN,DG Mossy,i,e,-44.509869557916,0.029,-1.290786217179564
CA3 Mossy Fiber Associated ORDEN,DG Total Molecular Layer,i,i,-18.933122988256404,0.0744,-1.4086243503262763
CA3 Mossy Fiber Associated ORDEN,DG MOLAX,i,i,-22.970378251772004,0.0744,-1.708996141931837
CA3 Mossy Fiber Associated ORDEN,DG HICAP,i,i,-11.243805914376,0.21477,-2.4148321962305337
CA3 Mossy Fiber Associated ORDEN,DG Axo Axonic,i,i,-8.877043565208002,0.27069,-2.402926922666154
CA3 Mossy Fiber Associated ORDEN,DG HIPP,i,i,-20.100070601856,0.01581,-0.3177821162153434
CA3 Mossy Fiber Associated ORDEN,DG HIPROM,i,i,-26.718983279788805,0.03192,-0.8528699462908585
CA3 Mossy Fiber Associated ORDEN,DG AIPRIM,i,i,-18.019655992799997,0.2501,-4.506715963799279
CA3 Mossy Fiber Associated ORDEN,DG Basket,i,i,-9.7184450808424,0.09135,-0.8877799581349533
CA3 Mossy Fiber Associated ORDEN,DG Hilar Ectopic Granule,i,e,-30.204015382800005,0.02539,-0.7668799505692921
CA3 Mossy Fiber Associated ORDEN,CA3 Pyramidal,i,e,-144.96456240000003,0.0123,-1.7830641175200004
CA3 Mossy Fiber Associated ORDEN,CA3c Pyramidal,i,e,-149.23378355508004,0.01712,-2.55488237446297
CA3 Mossy Fiber Associated ORDEN,CA3 LMR Targeting,i,i,-32.58919175232,0.06811,-2.2196498502505153
CA3 Mossy Fiber Associated ORDEN,CA3 Lucidum ORAX,i,i,-56.55274498641601,0.31002,-17.53248200068869
CA3 Mossy Fiber Associated ORDEN,CA3 Spiny Lucidum,i,i,-133.27417596040732,0.03588,-4.781877433459415
CA3 Mossy Fiber Associated ORDEN,CA3 Axo Axonic,i,i,-87.086706525,0.11589,-10.09247841918225
CA3 Mossy Fiber Associated ORDEN,CA3 Mossy Fiber Associated ORDEN,i,i,-132.06107584824,0.12381,-16.350481800770595
CA3 Mossy Fiber Associated ORDEN,CA3 Mossy Fiber Associated,i,i,-139.04815458701268,0.10855,-15.093677180420226
CA3 Mossy Fiber Associated ORDEN,CA3 Basket,i,i,-148.42525497856002,0.1496,-22.20441814479258
CA3 Mossy Fiber Associated ORDEN,CA3 Basket CCK+,i,i,-69.59508659935999,0.08623,-6.001184317462812
CA3 Mossy Fiber Associated ORDEN,CA2 Wide Arbor Basket,i,i,-23.68286694737717,0.06561,-1.5538329004174163
CA3 Mossy Fiber Associated,DG Mossy,i,e,-813.6746196068501,0.029,-23.596563968598655
CA3 Mossy Fiber Associated,DG Total Molecular Layer,i,i,-499.03870437625113,0.0744,-37.12847960559308
CA3 Mossy Fiber Associated,DG MOLAX,i,i,-507.05741520563816,0.0744,-37.725071691299476
CA3 Mossy Fiber Associated,DG HICAP,i,i,-325.4927809983923,0.21477,-69.9060845750247
CA3 Mossy Fiber Associated,DG Axo Axonic,i,i,-263.03853267914235,0.27069,-71.20190041091703
CA3 Mossy Fiber Associated,DG HIPP,i,i,-435.8921505484552,0.01581,-6.891454900171078
CA3 Mossy Fiber Associated,DG HIPROM,i,i,-657.7612335451436,0.03192,-20.99573857476098
CA3 Mossy Fiber Associated,DG AIPRIM,i,i,-420.80768929751554,0.2501,-105.24400309330863
CA3 Mossy Fiber Associated,DG Basket,i,i,-294.8683168745125,0.09135,-26.93622074648672
CA3 Mossy Fiber Associated,DG Hilar Ectopic Granule,i,e,-591.3146043317713,0.02539,-15.013477803983672
CA3 Mossy Fiber Associated,CA3 Pyramidal,i,e,-501.80138988525,0.0123,-6.172157095588575
CA3 Mossy Fiber Associated,CA3 Granule,i,e,-22.82591603913712,0.07366,-1.6813569754428404
CA3 Mossy Fiber Associated,CA3c Pyramidal,i,e,-426.7273091783521,0.01712,-7.305571533133388
CA3 Mossy Fiber Associated,CA3 LMR Targeting,i,i,-113.66738982144001,0.06811,-7.741885920738279
CA3 Mossy Fiber Associated,CA3 Lucidum ORAX,i,i,-251.61763238211597,0.31002,-78.00649839110359
CA3 Mossy Fiber Associated,CA3 Spiny Lucidum,i,i,-297.9301048197955,0.03588,-10.689732160934263
CA3 Mossy Fiber Associated,CA3 Axo Axonic,i,i,-233.55247099275005,0.11589,-27.066395863349804
CA3 Mossy Fiber Associated,CA3 Mossy Fiber Associated ORDEN,i,i,-466.989275520768,0.12381,-57.817942202226284
CA3 Mossy Fiber Associated,CA3 Mossy Fiber Associated,i,i,-383.799406745221,0.10855,-41.66142560219374
CA3 Mossy Fiber Associated,CA3 Basket,i,i,-419.0911920310752,0.1496,-62.69604232784885
CA3 Mossy Fiber Associated,CA3 Basket CCK+,i,i,-244.80444084095998,0.08623,-21.10948693371598
CA3 Mossy Fiber Associated,CA2 Wide Arbor Basket,i,i,-75.73835545046059,0.06561,-4.969193501104719
CA3 Basket,CA3 Pyramidal,i,e,-13694.304060989987,0.0123,-168.43993995017684
CA3 Basket,CA3c Pyramidal,i,e,-12332.371448150581,0.01712,-211.13019919233795
CA3 Basket,CA3 Axo Axonic,i,i,-5265.150495764399,0.11589,-610.1782909541363
CA3 Basket,CA3 Mossy Fiber Associated ORDEN,i,i,-9496.353522032381,0.12381,-1175.743529562829
CA3 Basket,CA3 Basket,i,i,-11284.42661996594,0.1496,-1688.1502223469047
CA3 Basket,CA3 Basket CCK+,i,i,-8714.271657318712,0.08623,-751.4316450105925
CA3 Basket CCK+,CA3 Pyramidal,i,e,-34966.80758014469,0.0123,-430.0917332357797
CA3 Basket CCK+,CA3c Pyramidal,i,e,-25331.28423556513,0.01712,-433.67158611287505
CA3 Basket CCK+,CA3 Axo Axonic,i,i,-14340.514846752882,0.11589,-1661.9222655901915
CA3 Basket CCK+,CA3 Mossy Fiber Associated ORDEN,i,i,-22938.076513784763,0.12381,-2839.9632531716916
CA3 Basket CCK+,CA3 Basket,i,i,-24135.47962231189,0.1496,-3610.667751497859
CA3 Basket CCK+,CA3 Basket CCK+,i,i,-14955.928692639796,0.08623,-1289.6497311663297
CA3 Horizontal Axo Axonic,CA3 Pyramidal,i,e,-363.54470534162556,0.0123,-4.471599875701995
CA3 Horizontal Axo Axonic,CA3c Pyramidal,i,e,-301.2173642982967,0.01712,-5.156841276786839
CA2 Pyramidal,DG Mossy,e,e,166772.89226404476,0.029,4836.413875657298
CA2 Pyramidal,DG Total Molecular Layer,e,i,60043.32026271068,0.0744,4467.223027545674
CA2 Pyramidal,DG MOLAX,e,i,49646.03947226277,0.0744,3693.6653367363497
CA2 Pyramidal,DG HICAP,e,i,35161.503840972495,0.21477,7551.636179925662
CA2 Pyramidal,DG Axo Axonic,e,i,67449.33224344137,0.27069,18257.859744977144
CA2 Pyramidal,DG HIPP,e,i,107625.6998132426,0.01581,1701.5623140473656
CA2 Pyramidal,DG HIPROM,e,i,133938.29864952073,0.03192,4275.310492892701
CA2 Pyramidal,DG AIPRIM,e,i,107377.78544555353,0.2501,26855.184139932935
CA2 Pyramidal,DG Basket,e,i,41162.47019260612,0.09135,3760.191652094569
CA2 Pyramidal,DG Hilar Ectopic Granule,e,e,88629.65246917283,0.02539,2250.306876192298
CA2 Pyramidal,CA3 Pyramidal,e,e,96622.6483330502,0.0123,1188.4585744965175
CA2 Pyramidal,CA3 Granule,e,e,8050.31678792453,0.07366,592.9863345985209
CA2 Pyramidal,CA3c Pyramidal,e,e,129221.16909989643,0.01712,2212.266414990227
CA2 Pyramidal,CA3 LMR Targeting,e,i,5902.116751303301,0.06811,401.99317193126785
CA2 Pyramidal,CA3 O LM,e,i,19424.195603172528,0.17804,3458.283785188837
CA2 Pyramidal,CA3 Lucidum ORAX,e,i,23059.714589457966,0.31002,7148.972717023759
CA2 Pyramidal,CA3 Spiny Lucidum,e,i,4192.342639914439,0.03588,150.42125392013008
CA2 Pyramidal,CA3 Trilaminar,e,i,34566.71573536322,0.01016,351.19783187129036
CA2 Pyramidal,CA3 Axo Axonic,e,i,67833.28376638966,0.11589,7861.199255686899
CA2 Pyramidal,CA3 Mossy Fiber Associated ORDEN,e,i,67056.41054810608,0.12381,8302.254189961015
CA2 Pyramidal,CA3 Mossy Fiber Associated,e,i,38248.401687534526,0.10855,4151.864003181872
CA2 Pyramidal,CA3 Basket,e,i,92673.44196645782,0.1496,13863.94691818209
CA2 Pyramidal,CA3 Basket CCK+,e,i,34299.94608199589,0.08623,2957.6843506505056
CA2 Pyramidal,CA3 Horizontal Axo Axonic,e,i,15807.104667428173,0.07827,1237.2220823196033
CA2 Pyramidal,CA2 Pyramidal,e,e,147252.43624969624,0.01469,2163.138288508038
CA2 Pyramidal,CA2 Bistratified,e,i,143583.496707043,0.09557,13722.2747802921
CA2 Pyramidal,CA2 Basket,e,i,179764.61481418752,0.08812,15840.857857426205
CA2 Pyramidal,CA2 Wide Arbor Basket,e,i,94736.6674750576,0.06561,6215.67275303853
CA2 Pyramidal,CA2 SP SR,e,i,63637.56046373856,0.02724,1733.4871470322385
CA2 Pyramidal,CA1 Pyramidal,e,e,190449.679492576,0.02905,5532.563189259333
CA2 Pyramidal,CA1 Quadrilaminar,e,i,66410.44448576619,0.07486,4971.485874204456
CA2 Pyramidal,CA1 LMR,e,i,41673.63231484375,0.41516,17301.22519183053
CA2 Pyramidal,CA1 Perforant Path Associated,e,i,101553.92830126226,0.57998,58899.24733616609
CA2 Pyramidal,CA1 Radial Trilaminar,e,i,31583.439997483834,0.12477,3940.6658084860583
CA2 Pyramidal,CA1 Schaffer Collateral Associated,e,i,144883.15589626142,0.04399,6373.41002787654
CA2 Pyramidal,CA1 Back Projection,e,i,47830.79730897814,0.19378,9268.651902533784
CA2 Pyramidal,CA1 Radiatum,e,i,99332.67112739132,0.10737,10665.348898948007
CA2 Pyramidal,CA1 SO SO,e,i,81285.05246100693,0.16655,13538.025487380704
CA2 Pyramidal,CA1 Trilaminar,e,i,149389.29334053132,0.60445,90298.35835968416
CA2 Pyramidal,CA1 Axo Axonic,e,i,94187.19382724448,0.07601,7159.1686028088525
CA2 Pyramidal,CA1 Horizontal Axo Axonic,e,i,19443.58080619737,0.33807,6573.291363151145
CA2 Pyramidal,CA1 Horizontal Basket,e,i,49160.07375106088,0.15787,7760.900843079982
CA2 Pyramidal,CA1 Radiatum Giant,e,e,143751.09639017002,0.00183,263.0645063940111
CA2 Pyramidal,CA1 Oriens Alveus,e,i,60795.19462842028,0.1554,9447.573245256512
CA2 Pyramidal,CA1 R Receiving Apical Targeting,e,i,271292.6045769688,0.25936,70362.44992308263
CA2 Pyramidal,CA1 OR LM,e,i,271267.4894236993,0.11974,32481.569183593758
CA2 Pyramidal,CA1 O LM,e,i,70443.3946383042,0.04818,3393.9627536734965
CA2 Pyramidal,CA1 Perforant Path Associated QuadD,e,i,217306.00954947932,0.33842,73540.69975173479
CA2 Pyramidal,CA1 Basket,e,i,97607.05448525614,0.1666,16261.335277243674
CA2 Pyramidal,CA1 Basket CCK+,e,i,80091.9557527811,0.12483,9997.878836619664
CA2 Pyramidal,CA1 Bistratified,e,i,75855.14627028363,0.08922,6767.796150234705
CA2 Pyramidal,CA1 Ivy,e,i,69231.03908010862,0.0438,3032.3195117087575
CA2 Pyramidal,CA1 Oriens Bistratified,e,i,28221.857504341024,0.01811,511.097839403616
CA2 Pyramidal,CA1 O LMR,e,i,51643.53244749384,0.06706,3463.2152859289367
CA2 Pyramidal,CA1 Recurrent O LM,e,i,164199.62216817323,0.03251,5338.129716687311
CA2 Bistratified,CA2 Pyramidal,i,e,-606.6751808458241,0.01469,-8.912058406625157
CA2 Bistratified,CA2 Bistratified,i,i,-1392.306988893504,0.09557,-133.06277892855218
CA2 Bistratified,CA2 Basket,i,i,-701.2677084241919,0.08812,-61.7957104663398
CA2 Bistratified,CA2 Wide Arbor Basket,i,i,-544.7024079955198,0.06561,-35.73792498858606
CA2 Bistratified,CA2 SP SR,i,i,-317.2433699635199,0.02724,-8.641709397806283
CA2 Bistratified,CA1 Pyramidal,i,e,-11.396674469311998,0.02905,-0.33107339333351354
CA2 Bistratified,CA1 Quadrilaminar,i,i,-17.720184688615795,0.07486,-1.3265330257897783
CA2 Bistratified,CA1 LMR,i,i,-2.6348048018626553,0.41516,-1.0938655615413
CA2 Bistratified,CA1 Perforant Path Associated,i,i,-2.7001571437363205,0.57998,-1.5660371402241913
CA2 Bistratified,CA1 Radial Trilaminar,i,i,-12.433699485864961,0.12477,-1.5513526848513712
CA2 Bistratified,CA1 Schaffer Collateral Associated,i,i,-4.804407492272207,0.04399,-0.2113458855850544
CA2 Bistratified,CA1 Back Projection,i,i,-5.465473263417889,0.19378,-1.0590994089851185
CA2 Bistratified,CA1 Radiatum,i,i,-4.749411117696,0.10737,-0.5099442717070195
CA2 Bistratified,CA1 SO SO,i,i,-16.859526437644803,0.16655,-2.807954128189742
CA2 Bistratified,CA1 Trilaminar,i,i,-16.906057070031363,0.60445,-10.218866195980457
CA2 Bistratified,CA1 Axo Axonic,i,i,-6.865304195711694,0.07601,-0.5218317719160458
CA2 Bistratified,CA1 Horizontal Axo Axonic,i,i,-3.4514053563023994,0.33807,-1.1668166088051521
CA2 Bistratified,CA1 Horizontal Basket,i,i,-32.372136360598,0.15787,-5.110589167247606
CA2 Bistratified,CA1 Radiatum Giant,i,e,-7.34134338561792,0.00183,-0.013434658395680794
CA2 Bistratified,CA1 Oriens Alveus,i,i,-8.59939849849293,0.1554,-1.3363465266658012
CA2 Bistratified,CA1 R Receiving Apical Targeting,i,i,-9.506003523140736,0.25936,-2.465477073761781
CA2 Bistratified,CA1 OR LM,i,i,-12.465886354758146,0.11974,-1.4926652321187404
CA2 Bistratified,CA1 O LM,i,i,-6.447021570913996,0.04818,-0.31061749928663634
CA2 Bistratified,CA1 Perforant Path Associated QuadD,i,i,-29.96979308907091,0.33842,-10.142377377203378
CA2 Bistratified,CA1 Basket,i,i,-13.24449342160896,0.1666,-2.206532604040053
CA2 Bistratified,CA1 Basket CCK+,i,i,-14.454535016527872,0.12483,-1.8043596061131741
CA2 Bistratified,CA1 Bistratified,i,i,-10.4722955970192,0.08922,-0.9343382131660529
CA2 Bistratified,CA1 Ivy,i,i,-5.6698359102,0.0438,-0.24833881286676
CA2 Bistratified,CA1 Oriens Bistratified,i,i,-4.729814630217601,0.01811,-0.08565694295324076
CA2 Bistratified,CA1 O LMR,i,i,-5.183377197653491,0.06706,-0.3475972748746431
CA2 Bistratified,CA1 Recurrent O LM,i,i,-15.65555933436288,0.03251,-0.5089622339601372
CA2 Basket,CA2 Pyramidal,i,e,-4620.858338011908,0.01469,-67.88040898539492
CA2 Basket,CA2 Bistratified,i,i,-8982.065675607737,0.09557,-858.4160166178315
CA2 Basket,CA2 Basket,i,i,-5327.324146106914,0.08812,-469.44380375494126
CA2 Basket,CA2 Wide Arbor Basket,i,i,-4425.022201373292,0.06561,-290.3257066321017
CA2 Basket,CA2 SP SR,i,i,-2453.7603815894936,0.02724,-66.8404327944978
CA2 Wide Arbor Basket,CA3 Pyramidal,i,e,-10657.681816103595,0.0123,-131.08948633807424
CA2 Wide Arbor Basket,CA3c Pyramidal,i,e,-8422.618638958242,0.01712,-144.1952310989651
CA2 Wide Arbor Basket,CA3 Axo Axonic,i,i,-4497.171197412319,0.11589,-521.1771700681137
CA2 Wide Arbor Basket,CA3 Mossy Fiber Associated ORDEN,i,i,-7756.807153145767,0.12381,-960.3702936309775
CA2 Wide Arbor Basket,CA3 Basket,i,i,-7573.167658355239,0.1496,-1132.945881689944
CA2 Wide Arbor Basket,CA3 Basket CCK+,i,i,-6711.4482894629855,0.08623,-578.7281860003933
CA2 Wide Arbor Basket,CA2 Pyramidal,i,e,-4990.534861964166,0.01469,-73.3109571222536
CA2 Wide Arbor Basket,CA2 Bistratified,i,i,-9875.04578100517,0.09557,-943.7581252906641
CA2 Wide Arbor Basket,CA2 Basket,i,i,-5778.399772405079,0.08812,-509.19258794433557
CA2 Wide Arbor Basket,CA2 Wide Arbor Basket,i,i,-4827.875244048963,0.06561,-316.75689476205247
CA2 Wide Arbor Basket,CA2 SP SR,i,i,-2735.036449203952,0.02724,-74.50239287631565
CA2 Wide Arbor Basket,CA1 Pyramidal,i,e,-6788.104812510384,0.02905,-197.19444480342665
CA2 Wide Arbor Basket,CA1 Radial Trilaminar,i,i,-8595.631380358649,0.12477,-1072.4769273273487
CA2 Wide Arbor Basket,CA1 Axo Axonic,i,i,-5560.169291760153,0.07601,-422.6284678666892
CA2 Wide Arbor Basket,CA1 Horizontal Basket,i,i,-7146.016107589707,0.15787,-1128.1415629051871
CA2 Wide Arbor Basket,CA1 Radiatum Giant,i,e,-9646.297609975492,0.00183,-17.65272462625515
CA2 Wide Arbor Basket,CA1 OR LM,i,i,-4128.6102833959085,0.11974,-494.35979533382607
CA2 Wide Arbor Basket,CA1 Basket,i,i,-5832.53777003356,0.1666,-971.7007924875911
CA2 Wide Arbor Basket,CA1 Basket CCK+,i,i,-6731.2694816324665,0.12483,-840.2643693921808
CA2 Wide Arbor Basket,CA1 Bistratified,i,i,-5880.391759337851,0.08922,-524.6485527681231
CA2 Wide Arbor Basket,CA1 Ivy,i,i,-7998.132405850585,0.0438,-350.3181993762556
CA2 SP SR,CA2 Pyramidal,i,e,-130.07752401150006,0.01469,-1.9108388277289359
CA2 SP SR,CA2 Bistratified,i,i,-378.2645885241599,0.09557,-36.15074672525396
CA2 SP SR,CA2 Basket,i,i,-156.67222431744,0.08812,-13.805956406852813
CA2 SP SR,CA2 Wide Arbor Basket,i,i,-106.085202261714,0.06561,-6.960250120391056
CA2 SP SR,CA2 SP SR,i,i,-101.47024742400002,0.02724,-2.7640495398297604
CA1 Pyramidal,CA1 Pyramidal,e,e,96170.58579124039,0.02905,2793.7555172355333
CA1 Pyramidal,CA1 Quadrilaminar,e,i,54869.18212827653,0.07486,4107.506974122781
CA1 Pyramidal,CA1 Radial Trilaminar,e,i,35009.97556462689,0.12477,4368.194651198497
CA1 Pyramidal,CA1 Back Projection,e,i,70681.71990070409,0.19378,13696.703682358439
CA1 Pyramidal,CA1 SO SO,e,i,92632.40646962484,0.16655,15427.927297516017
CA1 Pyramidal,CA1 Trilaminar,e,i,133386.20012865638,0.60445,80625.28866776635
CA1 Pyramidal,CA1 Axo Axonic,e,i,50979.62872911275,0.07601,3874.96157969986
CA1 Pyramidal,CA1 Horizontal Axo Axonic,e,i,34139.20669267882,0.33807,11541.441606593928
CA1 Pyramidal,CA1 Horizontal Basket,e,i,111130.94343586842,0.15787,17544.24204022055
CA1 Pyramidal,CA1 Oriens Alveus,e,i,48773.83945202497,0.1554,7579.454650844681
CA1 Pyramidal,CA1 OR LM,e,i,76314.98468901217,0.11974,9137.956266662317
CA1 Pyramidal,CA1 O LM,e,i,57943.448955756,0.04818,2791.715370688324
CA1 Pyramidal,CA1 Perforant Path Associated QuadD,e,i,50774.80379330661,0.33842,17183.209099730822
CA1 Pyramidal,CA1 Basket,e,i,42387.40709254397,0.1666,7061.742021617824
CA1 Pyramidal,CA1 Basket CCK+,e,i,52663.470341011525,0.12483,6573.981002668468
CA1 Pyramidal,CA1 Bistratified,e,i,75625.76819063886,0.08922,6747.331037968798
CA1 Pyramidal,CA1 Ivy,e,i,78455.60288830579,0.0438,3436.3554065077933
CA1 Pyramidal,CA1 Oriens Bistratified,e,i,54313.144160106036,0.01811,983.6110407395204
CA1 Pyramidal,CA1 O LMR,e,i,45331.42551755646,0.06706,3039.925395207336
CA1 Pyramidal,CA1 Recurrent O LM,e,i,172923.81420279422,0.03251,5621.75319973284
CA1 Pyramidal,SUB CA1 Projecting Pyramidal,e,e,201320.5528006127,0.02145,4318.3258575731425
CA1 Pyramidal,MEC LV Pyramidal,e,e,154668.50466462746,0.02214,3424.360693274852
CA1 Pyramidal,EC LV Deep Pyramidal,e,e,312912.2223900131,0.02214,6927.87660371489
CA1 Pyramidal,MEC LV Superficial Pyramidal,e,e,59451.75528655248,0.02214,1316.2618620442718
CA1 Pyramidal,LEC LIII Multipolar Principal,e,e,66524.38652066834,0.04517,3004.906539138589
CA1 Pyramidal,MEC LV Multipolar Pyramidal,e,e,173947.05585647878,0.02214,3851.18781666244
CA1 Pyramidal,MEC LV VI Pyramidal Polymorphic,e,e,209589.69101139615,0.06472,13564.644802257559
CA1 Pyramidal,LEC LVI Multipolar Pyramidal,e,e,264688.4365162759,0.03993,10569.009270094897
CA1 Pyramidal,EC LIV VI Deep Multipolar Principal,e,e,239839.62870244664,0.02244,5382.001268082903
CA1 Pyramidal,EC LIII V Bipolar Pyramidal,e,e,287297.4243556144,0.0197,5659.7592598056035
CA1 Quadrilaminar,CA2 Wide Arbor Basket,i,i,-0.3246643554754499,0.06561,-0.02130122836274427
CA1 Quadrilaminar,CA1 Pyramidal,i,e,-13.142854294732798,0.02905,-0.38179991726198775
CA1 Quadrilaminar,CA1 Quadrilaminar,i,i,-16.285852687535996,0.07486,-1.2191589321889447
CA1 Quadrilaminar,CA1 LMR,i,i,-10.567310728291199,0.41516,-4.387124721957374
CA1 Quadrilaminar,CA1 Perforant Path Associated,i,i,-6.247483249203001,0.57998,-3.623415334872757
CA1 Quadrilaminar,CA1 Neurogliaform Projecting,i,i,-3.8072340878615996,0.02287,-0.08707144358939478
CA1 Quadrilaminar,CA1 Neurogliaform,i,i,-3.960290368889999,0.07081,-0.28042816102110085
CA1 Quadrilaminar,CA1 Radial Trilaminar,i,i,-15.13793484288,0.12477,-1.8887601303461377
CA1 Quadrilaminar,CA1 Schaffer Collateral Associated,i,i,-7.891610165200621,0.04399,-0.34715193116717535
CA1 Quadrilaminar,CA1 Back Projection,i,i,-2.6948812442580006,0.19378,-0.5222140875123154
CA1 Quadrilaminar,CA1 Radiatum,i,i,-6.075828665424001,0.10737,-0.652361723806575
CA1 Quadrilaminar,CA1 SO SO,i,i,-3.8218456808909997,0.16655,-0.636528398152396
CA1 Quadrilaminar,CA1 Trilaminar,i,i,-4.3279191648,0.60445,-2.61601073916336
CA1 Quadrilaminar,CA1 Axo Axonic,i,i,-9.5034092972544,0.07601,-0.7223541406843069
CA1 Quadrilaminar,CA1 Horizontal Axo Axonic,i,i,-1.20304130688,0.33807,-0.4067121746169216
CA1 Quadrilaminar,CA1 Horizontal Basket,i,i,-5.1435951928578,0.15787,-0.812019373096461
CA1 Quadrilaminar,CA1 Oriens Alveus,i,i,-10.841224796999999,0.1554,-1.6847263334537999
CA1 Quadrilaminar,CA1 R Receiving Apical Targeting,i,i,-8.859463012620001,0.25936,-2.2977903269531232
CA1 Quadrilaminar,CA1 OR LM,i,i,-6.7144945982562,0.11974,-0.8039935831951974
CA1 Quadrilaminar,CA1 O LM,i,i,-2.17037146688208,0.04818,-0.10456849727437861
CA1 Quadrilaminar,CA1 Perforant Path Associated QuadD,i,i,-22.776458379147,0.33842,-7.708009044670928
CA1 Quadrilaminar,CA1 Basket,i,i,-10.050359516063999,0.1666,-1.6743898953762621
CA1 Quadrilaminar,CA1 Basket CCK+,i,i,-12.6425378981088,0.12483,-1.5781680058209215
CA1 Quadrilaminar,CA1 Bistratified,i,i,-8.676854555148001,0.08922,-0.7741489634103046
CA1 Quadrilaminar,CA1 Ivy,i,i,-9.457347306771,0.0438,-0.4142318120365698
CA1 Quadrilaminar,CA1 Oriens Bistratified,i,i,-1.3207342491,0.01811,-0.023918497251201
CA1 Quadrilaminar,CA1 O LMR,i,i,-2.1424735378872,0.06706,-0.14367427545071562
CA1 Quadrilaminar,CA1 Recurrent O LM,i,i,-3.4147030409999997,0.03251,-0.11101199586290998
CA1 LMR,CA1 Pyramidal,i,e,-162.25474999552,0.02905,-4.713500487369856
CA1 LMR,CA1 Quadrilaminar,i,i,-197.37262909977602,0.07486,-14.775315014409232
CA1 LMR,CA1 LMR,i,i,-204.87386449016637,0.41516,-85.05543358173746
CA1 LMR,CA1 Perforant Path Associated,i,i,-113.44000012800004,0.57998,-65.79293127423746
CA1 LMR,CA1 Neurogliaform Projecting,i,i,-79.92915441184078,0.02287,-1.827979761398799
CA1 LMR,CA1 Neurogliaform,i,i,-78.7826655366576,0.07081,-5.5786005466507245
CA1 LMR,CA1 Radial Trilaminar,i,i,-179.98520503807995,0.12477,-22.456754032601236
CA1 LMR,CA1 Schaffer Collateral Associated,i,i,-136.1088971311808,0.04399,-5.9874303848006445
CA1 LMR,CA1 Radiatum,i,i,-112.44052054609924,0.10737,-12.072738691034674
CA1 LMR,CA1 Axo Axonic,i,i,-118.96955400903843,0.07601,-9.04287580022701
CA1 LMR,CA1 Radiatum Giant,i,e,-228.10518639360004,0.00183,-0.4174324911002881
CA1 LMR,CA1 Oriens Alveus,i,i,-134.26057765519357,0.1554,-20.86409376761708
CA1 LMR,CA1 R Receiving Apical Targeting,i,i,-155.514063224,0.25936,-40.33412743777664
CA1 LMR,CA1 OR LM,i,i,-90.2086449378048,0.11974,-10.801583144852748
CA1 LMR,CA1 Perforant Path Associated QuadD,i,i,-313.882761277008,0.33842,-106.22420407136505
CA1 LMR,CA1 Basket,i,i,-120.72038949427201,0.1666,-20.112016889745718
CA1 LMR,CA1 Basket CCK+,i,i,-147.6333370213984,0.12483,-18.42906946038116
CA1 LMR,CA1 Bistratified,i,i,-85.825820916864,0.08922,-7.657379742202606
CA1 LMR,CA1 Ivy,i,i,-78.1434658984176,0.0438,-3.422683806350691
CA1 Perforant Path Associated,DG Granule,i,e,-410.1623955455958,0.04463,-18.305547713199942
CA1 Perforant Path Associated,DG Semilunar Granule,i,e,-425.6154273912112,0.00401,-1.7067178638387568
CA1 Perforant Path Associated,DG Total Molecular Layer,i,i,-165.0215454428213,0.0744,-12.277602980945904
CA1 Perforant Path Associated,DG MOLAX,i,i,-235.48983759098596,0.0744,-17.520443916769352
CA1 Perforant Path Associated,DG Neurogliaform,i,i,-300.6638341159681,0.01186,-3.5658730726153816
CA1 Perforant Path Associated,DG MOPP,i,i,-476.08786664994676,0.01389,-6.61286046776776
CA1 Perforant Path Associated,DG HICAP,i,i,-203.48005832836057,0.21477,-43.701412127181996
CA1 Perforant Path Associated,DG Axo Axonic,i,i,-321.1879150621536,0.27069,-86.94235672817435
CA1 Perforant Path Associated,DG AIPRIM,i,i,-173.00326051548666,0.2501,-43.26811545492321
CA1 Perforant Path Associated,DG Basket,i,i,-302.91502392844865,0.09135,-27.671287435863785
CA1 Perforant Path Associated,DG Hilar Ectopic Granule,i,e,-380.5410889218456,0.02539,-9.66193824772566
CA1 Perforant Path Associated,CA1 Pyramidal,i,e,-685.5232627540223,0.02905,-19.914450783004348
CA1 Perforant Path Associated,CA1 Quadrilaminar,i,i,-696.0017666472768,0.07486,-52.10269225121514
CA1 Perforant Path Associated,CA1 LMR,i,i,-946.6298507560399,0.41516,-393.0028488398775
CA1 Perforant Path Associated,CA1 Perforant Path Associated,i,i,-469.1268061935742,0.57998,-272.08416505614923
CA1 Perforant Path Associated,CA1 Neurogliaform Projecting,i,i,-1228.2452297282375,0.02287,-28.089968403884793
CA1 Perforant Path Associated,CA1 Neurogliaform,i,i,-1230.7753726347285,0.07081,-87.15120413626512
CA1 Perforant Path Associated,CA1 Radial Trilaminar,i,i,-553.4112840278401,0.12477,-69.04912590815361
CA1 Perforant Path Associated,CA1 Schaffer Collateral Associated,i,i,-393.68499514680394,0.04399,-17.318202936507905
CA1 Perforant Path Associated,CA1 Axo Axonic,i,i,-603.813611268322,0.07601,-45.89587259250515
CA1 Perforant Path Associated,CA1 Radiatum Giant,i,e,-860.1806414215981,0.00183,-1.5741305738015245
CA1 Perforant Path Associated,CA1 Oriens Alveus,i,i,-608.026993246176,0.1554,-94.48739475045575
CA1 Perforant Path Associated,CA1 Perforant Path Associated QuadD,i,i,-801.9042632092801,0.33842,-271.38044075528455
CA1 Perforant Path Associated,CA1 Basket,i,i,-497.778578567424,0.1666,-82.92991118933284
CA1 Perforant Path Associated,CA1 Basket CCK+,i,i,-685.0015287678091,0.12483,-85.50874083608561
CA1 Perforant Path Associated,SUB CA1 Projecting Pyramidal,i,e,-88240.648965,0.02145,-1892.76192029925
CA1 Neurogliaform Projecting,DG Granule,i,e,-34.782278294016,0.04463,-1.5523330802619344
CA1 Neurogliaform Projecting,DG Semilunar Granule,i,e,-37.18527730176,0.00401,-0.1491129619800576
CA1 Neurogliaform Projecting,DG Total Molecular Layer,i,i,-19.6696727578368,0.0744,-1.4634236531830578
CA1 Neurogliaform Projecting,DG MOLAX,i,i,-36.0649063466496,0.0744,-2.68322903219073
CA1 Neurogliaform Projecting,DG Neurogliaform,i,i,-20.965446925824,0.01186,-0.24865020054027268
CA1 Neurogliaform Projecting,DG MOPP,i,i,-25.3960768512,0.01389,-0.35275150746316797
CA1 Neurogliaform Projecting,DG HICAP,i,i,-18.946092816504002,0.21477,-4.069052354200564
CA1 Neurogliaform Projecting,DG Axo Axonic,i,i,-25.946011003776007,0.27069,-7.023325718612127
CA1 Neurogliaform Projecting,DG AIPRIM,i,i,-17.24014423296,0.2501,-4.311760072663295
CA1 Neurogliaform Projecting,DG Basket,i,i,-19.070699519135996,0.09135,-1.7421084010730732
CA1 Neurogliaform Projecting,DG Hilar Ectopic Granule,i,e,-39.55498971840001,0.02539,-1.0043011889501763
CA1 Neurogliaform Projecting,CA1 Pyramidal,i,e,-37.258782879744,0.02905,-1.0823676426565632
CA1 Neurogliaform Projecting,CA1 Quadrilaminar,i,i,-40.961044988063996,0.07486,-3.0663438278064707
CA1 Neurogliaform Projecting,CA1 LMR,i,i,-46.10614966387199,0.41516,-19.141429094453095
CA1 Neurogliaform Projecting,CA1 Perforant Path Associated,i,i,-26.908247726899212,0.57998,-15.606245516647007
CA1 Neurogliaform Projecting,CA1 Neurogliaform Projecting,i,i,-69.36186630827518,0.02287,-1.5863058824702536
CA1 Neurogliaform Projecting,CA1 Neurogliaform,i,i,-63.80739579110401,0.07081,-4.518201695968075
CA1 Neurogliaform Projecting,CA1 Radial Trilaminar,i,i,-34.796833623552,0.12477,-4.341600931210583
CA1 Neurogliaform Projecting,CA1 Schaffer Collateral Associated,i,i,-22.825711873355512,0.04399,-1.004103065308909
CA1 Neurogliaform Projecting,CA1 Axo Axonic,i,i,-31.38250077331201,0.07601,-2.3853838837794457
CA1 Neurogliaform Projecting,CA1 Radiatum Giant,i,e,-48.361118747136,0.00183,-0.08850084730725888
CA1 Neurogliaform Projecting,CA1 Oriens Alveus,i,i,-30.710629407360003,0.1554,-4.772431809903745
CA1 Neurogliaform Projecting,CA1 Perforant Path Associated QuadD,i,i,-54.343067999616,0.33842,-18.390781072430045
CA1 Neurogliaform Projecting,CA1 Basket,i,i,-23.966066835456004,0.1666,-3.9927467347869703
CA1 Neurogliaform Projecting,CA1 Basket CCK+,i,i,-35.8642895176512,0.12483,-4.4769392604883995
CA1 Neurogliaform,CA1 Pyramidal,i,e,-498.7138342441787,0.02905,-14.48763688479339
CA1 Neurogliaform,CA1 Quadrilaminar,i,i,-577.477069946952,0.07486,-43.22993345622883
CA1 Neurogliaform,CA1 LMR,i,i,-661.6301293107439,0.41516,-274.6823644846484
CA1 Neurogliaform,CA1 Perforant Path Associated,i,i,-372.38870030150065,0.57998,-215.97799840086435
CA1 Neurogliaform,CA1 Neurogliaform Projecting,i,i,-967.0348573058878,0.02287,-22.116087186585656
CA1 Neurogliaform,CA1 Neurogliaform,i,i,-841.0328368815743,0.07081,-59.55353517958427
CA1 Neurogliaform,CA1 Radial Trilaminar,i,i,-539.1641100552,0.12477,-67.2715060115873
CA1 Neurogliaform,CA1 Schaffer Collateral Associated,i,i,-336.9988757910745,0.04399,-14.824580546049368
CA1 Neurogliaform,CA1 Axo Axonic,i,i,-416.79829476322806,0.07601,-31.680838384952963
CA1 Neurogliaform,CA1 Radiatum Giant,i,e,-678.0620351275761,0.00183,-1.2408535242834644
CA1 Neurogliaform,CA1 Oriens Alveus,i,i,-429.8353025026112,0.1554,-66.79640600890579
CA1 Neurogliaform,CA1 Perforant Path Associated QuadD,i,i,-759.6526148639999,0.33842,-257.08163792227487
CA1 Neurogliaform,CA1 Basket,i,i,-338.97546169087997,0.1666,-56.4733119177006
CA1 Neurogliaform,CA1 Basket CCK+,i,i,-486.2117791790688,0.12483,-60.693816394923154
CA1 Radial Trilaminar,CA2 Wide Arbor Basket,i,i,-10.851077946239997,0.06561,-0.7119392240528062
CA1 Radial Trilaminar,CA1 Pyramidal,i,e,-165.94514470726918,0.02905,-4.82070645374617
CA1 Radial Trilaminar,CA1 Quadrilaminar,i,i,-171.503146674608,0.07486,-12.838725560061153
CA1 Radial Trilaminar,CA1 LMR,i,i,-43.274669654820244,0.41516,-17.96591185389517
CA1 Radial Trilaminar,CA1 Perforant Path Associated,i,i,-29.255114009097902,0.57998,-16.9673810229966
CA1 Radial Trilaminar,CA1 Radial Trilaminar,i,i,-149.231695375224,0.12477,-18.6196386319667
CA1 Radial Trilaminar,CA1 Schaffer Collateral Associated,i,i,-40.60397249156092,0.04399,-1.7861687499037648
CA1 Radial Trilaminar,CA1 Back Projection,i,i,-68.82613286169601,0.19378,-13.337128025939453
CA1 Radial Trilaminar,CA1 Radiatum,i,i,-47.443997966736,0.10737,-5.094062061688444
CA1 Radial Trilaminar,CA1 SO SO,i,i,-76.2342334105275,0.16655,-12.696811574523354
CA1 Radial Trilaminar,CA1 Trilaminar,i,i,-94.47194714958002,0.60445,-57.10356845456364
CA1 Radial Trilaminar,CA1 Axo Axonic,i,i,-112.87490165427,0.07601,-8.579621274741063
CA1 Radial Trilaminar,CA1 Horizontal Axo Axonic,i,i,-35.4899563404414,0.33807,-11.998089540013025
CA1 Radial Trilaminar,CA1 Horizontal Basket,i,i,-109.69849255276799,0.15787,-17.318101019305484
CA1 Radial Trilaminar,CA1 Radiatum Giant,i,e,-67.97182818316801,0.00183,-0.12438844557519747
CA1 Radial Trilaminar,CA1 Oriens Alveus,i,i,-127.05505936730876,0.1554,-19.744356225679784
CA1 Radial Trilaminar,CA1 R Receiving Apical Targeting,i,i,-78.59515673038398,0.25936,-20.384439849592386
CA1 Radial Trilaminar,CA1 OR LM,i,i,-89.34415112597942,0.11974,-10.698068655824777
CA1 Radial Trilaminar,CA1 O LM,i,i,-61.64320682675231,0.04818,-2.9699697049129266
CA1 Radial Trilaminar,CA1 Perforant Path Associated QuadD,i,i,-230.44271043024003,0.33842,-77.98642206380183
CA1 Radial Trilaminar,CA1 Basket,i,i,-129.84255198275198,0.1666,-21.63176916032648
CA1 Radial Trilaminar,CA1 Basket CCK+,i,i,-151.4109638687184,0.12483,-18.900630619732116
CA1 Radial Trilaminar,CA1 Bistratified,i,i,-124.86040948054801,0.08922,-11.140045733854492
CA1 Radial Trilaminar,CA1 Ivy,i,i,-154.67523812181003,0.0438,-6.7747754297352785
CA1 Radial Trilaminar,CA1 Oriens Bistratified,i,i,-37.39440662685001,0.01811,-0.6772127040122536
CA1 Radial Trilaminar,CA1 O LMR,i,i,-71.7462053498736,0.06706,-4.811300530762524
CA1 Radial Trilaminar,CA1 Recurrent O LM,i,i,-65.58008432639998,0.03251,-2.1320085414512633
CA1 Schaffer Collateral Associated,CA2 Wide Arbor Basket,i,i,-198.1683332450986,0.06561,-13.00182434421092
CA1 Schaffer Collateral Associated,CA1 Pyramidal,i,e,-1695.9048277761597,0.02905,-49.26603524689744
CA1 Schaffer Collateral Associated,CA1 Quadrilaminar,i,i,-1724.3375396241554,0.07486,-129.08390821626426
CA1 Schaffer Collateral Associated,CA1 LMR,i,i,-679.197181137493,0.41516,-281.97550172104155
CA1 Schaffer Collateral Associated,CA1 Perforant Path Associated,i,i,-394.39165184226187,0.57998,-228.73927023547506
CA1 Schaffer Collateral Associated,CA1 Radial Trilaminar,i,i,-1692.4782870523368,0.12477,-211.17051587552007
CA1 Schaffer Collateral Associated,CA1 Schaffer Collateral Associated,i,i,-375.2287761364328,0.04399,-16.50631386224168
CA1 Schaffer Collateral Associated,CA1 Back Projection,i,i,-569.6104131673967,0.19378,-110.37910586357813
CA1 Schaffer Collateral Associated,CA1 Radiatum,i,i,-673.2428769202274,0.10737,-72.28608769492482
CA1 Schaffer Collateral Associated,CA1 SO SO,i,i,-405.87409137115856,0.16655,-67.59832991786647
CA1 Schaffer Collateral Associated,CA1 Trilaminar,i,i,-503.80223647419706,0.60445,-304.52326183682845
CA1 Schaffer Collateral Associated,CA1 Axo Axonic,i,i,-1203.580807272546,0.07601,-91.48417716078622
CA1 Schaffer Collateral Associated,CA1 Horizontal Axo Axonic,i,i,-160.18571757264016,0.33807,-54.153985539782454
CA1 Schaffer Collateral Associated,CA1 Horizontal Basket,i,i,-588.6357613274599,0.15787,-92.9279276407661
CA1 Schaffer Collateral Associated,CA1 Radiatum Giant,i,e,-929.0478187360617,0.00183,-1.7001575082869929
CA1 Schaffer Collateral Associated,CA1 Oriens Alveus,i,i,-1333.8261248573817,0.1554,-207.27657980283715
CA1 Schaffer Collateral Associated,CA1 R Receiving Apical Targeting,i,i,-934.1028809075583,0.25936,-242.2689231921843
CA1 Schaffer Collateral Associated,CA1 OR LM,i,i,-756.7131035841239,0.11974,-90.608827023163
CA1 Schaffer Collateral Associated,CA1 O LM,i,i,-307.7678655675784,0.04818,-14.828255763045927
CA1 Schaffer Collateral Associated,CA1 Perforant Path Associated QuadD,i,i,-2391.9986363669886,0.33842,-809.5001785193163
CA1 Schaffer Collateral Associated,CA1 Basket,i,i,-1346.1241772467708,0.1666,-224.26428792931202
CA1 Schaffer Collateral Associated,CA1 Basket CCK+,i,i,-1515.4467559925547,0.12483,-189.1732185505506
CA1 Schaffer Collateral Associated,CA1 Bistratified,i,i,-1320.6906301596794,0.08922,-117.83201802284658
CA1 Schaffer Collateral Associated,CA1 Ivy,i,i,-1655.6542214811004,0.0438,-72.5176549008722
CA1 Schaffer Collateral Associated,CA1 Oriens Bistratified,i,i,-163.7587754245372,0.01811,-2.9656714229383687
CA1 Schaffer Collateral Associated,CA1 O LMR,i,i,-313.7036508123294,0.06706,-21.036966823474806
CA1 Schaffer Collateral Associated,CA1 Recurrent O LM,i,i,-397.83275753487464,0.03251,-12.933542947458774
CA1 Back Projection,DG Mossy,i,e,-2390.6632042285205,0.029,-69.3292329226271
CA1 Back Projection,DG Total Molecular Layer,i,i,-1396.6737349435311,0.0744,-103.91252587979871
CA1 Back Projection,DG MOLAX,i,i,-1496.50108256298,0.0744,-111.3396805426857
CA1 Back Projection,DG HICAP,i,i,-873.1419572625749,0.21477,-187.5246981612832
CA1 Back Projection,DG Axo Axonic,i,i,-738.8721308051722,0.27069,-200.00529708765205
CA1 Back Projection,DG HIPP,i,i,-1262.3735508384002,0.01581,-19.95812583875511
CA1 Back Projection,DG HIPROM,i,i,-1840.9809325438443,0.03192,-58.764111366799504
CA1 Back Projection,DG AIPRIM,i,i,-1195.606136325744,0.2501,-299.0210946950686
CA1 Back Projection,DG Basket,i,i,-842.6493941943166,0.09135,-76.97602215965082
CA1 Back Projection,DG Hilar Ectopic Granule,i,e,-1788.7691255616,0.02539,-45.41684809800903
CA1 Back Projection,CA3 Pyramidal,i,e,-9551.4468621,0.0123,-117.48279640383
CA1 Back Projection,CA3 Granule,i,e,-1318.4752954673663,0.07366,-97.11889026412621
CA1 Back Projection,CA3c Pyramidal,i,e,-5258.993736087001,0.01712,-90.03397276180945
CA1 Back Projection,CA3 LMR Targeting,i,i,-2674.47409449792,0.06811,-182.15843057625332
CA1 Back Projection,CA3 O LM,i,i,-2280.92930434824,0.17804,-406.0966533461606
CA1 Back Projection,CA3 Lucidum ORAX,i,i,-1778.637586347508,0.31002,-551.4132245194545
CA1 Back Projection,CA3 Spiny Lucidum,i,i,-741.0652755645469,0.03588,-26.589422087255947
CA1 Back Projection,CA3 Trilaminar,i,i,-1812.04244178048,0.01016,-18.41035120848968
CA1 Back Projection,CA3 Axo Axonic,i,i,-3560.2277174100004,0.11589,-412.59479017064496
CA1 Back Projection,CA3 Mossy Fiber Associated ORDEN,i,i,-3849.1907083944593,0.12381,-476.568301606318
CA1 Back Projection,CA3 Mossy Fiber Associated,i,i,-2063.991995595526,0.10855,-224.04633112189435
CA1 Back Projection,CA3 Basket,i,i,-5943.780451808782,0.1496,-889.189555590594
CA1 Back Projection,CA3 Basket CCK+,i,i,-2744.569457272499,0.08623,-236.6642243006076
CA1 Back Projection,CA3 Horizontal Axo Axonic,i,i,-2038.3606500817561,0.07827,-159.54248808189908
CA1 Back Projection,CA2 Wide Arbor Basket,i,i,-340.05904038797587,0.06561,-22.3112736398551
CA1 Back Projection,CA1 Pyramidal,i,e,-2752.07743762848,0.02905,-79.94784956310734
CA1 Back Projection,CA1 Quadrilaminar,i,i,-3135.90470466273,0.07486,-234.75382619105196
CA1 Back Projection,CA1 LMR,i,i,-1463.1690085692965,0.41516,-607.4492455976291
CA1 Back Projection,CA1 Perforant Path Associated,i,i,-806.8093364377697,0.57998,-467.9332789471777
CA1 Back Projection,CA1 Neurogliaform Projecting,i,i,-859.520882899879,0.02287,-19.657242591920234
CA1 Back Projection,CA1 Neurogliaform,i,i,-964.6518575944535,0.07081,-68.30699803626325
CA1 Back Projection,CA1 Radial Trilaminar,i,i,-3082.4085094400007,0.12477,-384.5921097228289
CA1 Back Projection,CA1 Schaffer Collateral Associated,i,i,-902.1654360778017,0.04399,-39.686257533062495
CA1 Back Projection,CA1 Back Projection,i,i,-1013.2194899845979,0.19378,-196.3416727692154
CA1 Back Projection,CA1 Radiatum,i,i,-487.5228731646,0.10737,-52.3453308916831
CA1 Back Projection,CA1 SO SO,i,i,-799.1812457679961,0.16655,-133.10363648265974
CA1 Back Projection,CA1 Trilaminar,i,i,-922.959604961823,0.60445,-557.8829332191739
CA1 Back Projection,CA1 Axo Axonic,i,i,-2183.276690346115,0.07601,-165.9508612332082
CA1 Back Projection,CA1 Horizontal Axo Axonic,i,i,-479.01983748075605,0.33807,-161.94223645711918
CA1 Back Projection,CA1 Horizontal Basket,i,i,-1447.7441526730624,0.15787,-228.5553693824964
CA1 Back Projection,CA1 Radiatum Giant,i,e,-1603.9442042325002,0.00183,-2.935217893745475
CA1 Back Projection,CA1 Oriens Alveus,i,i,-2494.558289313792,0.1554,-387.6543581593633
CA1 Back Projection,CA1 R Receiving Apical Targeting,i,i,-751.96080813568,0.25936,-195.02855519806997
CA1 Back Projection,CA1 OR LM,i,i,-861.7617151116364,0.11974,-103.18734776746734
CA1 Back Projection,CA1 O LM,i,i,-622.311153734942,0.04818,-29.982951386949505
CA1 Back Projection,CA1 Perforant Path Associated QuadD,i,i,-3817.2207387600006,0.33842,-1291.8238424111594
CA1 Back Projection,CA1 Basket,i,i,-2223.0362502150397,0.1666,-370.3578392858256
CA1 Back Projection,CA1 Basket CCK+,i,i,-2763.5599751855684,0.12483,-344.9751917024145
CA1 Back Projection,CA1 Bistratified,i,i,-1744.7238414777598,0.08922,-155.66426113664573
CA1 Back Projection,CA1 Ivy,i,i,-2138.6762283980806,0.0438,-93.67401880383593
CA1 Back Projection,CA1 Oriens Bistratified,i,i,-486.67215066288003,0.01811,-8.813632648504758
CA1 Back Projection,CA1 O LMR,i,i,-778.1301243206399,0.06706,-52.18140613694211
CA1 Back Projection,CA1 Recurrent O LM,i,i,-657.4649611467601,0.03251,-21.37418588688117
CA1 Radiatum,CA1 Pyramidal,i,e,-53.54274287673791,0.02905,-1.5554166805692362
CA1 Radiatum,CA1 Quadrilaminar,i,i,-72.72673863334201,0.07486,-5.444323654091982
CA1 Radiatum,CA1 LMR,i,i,-79.28456652096335,0.41516,-32.915780636843145
CA1 Radiatum,CA1 Perforant Path Associated,i,i,-44.05437391041505,0.57998,-25.550655780562526
CA1 Radiatum,CA1 Radial Trilaminar,i,i,-65.74362196032001,0.12477,-8.202831711989129
CA1 Radiatum,CA1 Schaffer Collateral Associated,i,i,-55.73908998877218,0.04399,-2.4519625686060884
CA1 Radiatum,CA1 Radiatum,i,i,-69.40554761564928,0.10737,-7.452073647492263
CA1 Radiatum,CA1 Axo Axonic,i,i,-46.49493507120002,0.07601,-3.534080014761913
CA1 Radiatum,CA1 Radiatum Giant,i,e,-92.0461787200464,0.00183,-0.1684445070576849
CA1 Radiatum,CA1 Oriens Alveus,i,i,-55.27097397761147,0.1554,-8.589109356120822
CA1 Radiatum,CA1 R Receiving Apical Targeting,i,i,-95.8572664086996,0.25936,-24.861540615760326
CA1 Radiatum,CA1 OR LM,i,i,-52.519852806651365,0.11974,-6.288727175068434
CA1 Radiatum,CA1 Perforant Path Associated QuadD,i,i,-127.63488137657401,0.33842,-43.19419655546018
CA1 Radiatum,CA1 Basket,i,i,-55.4046601248,0.1666,-9.23041637679168
CA1 Radiatum,CA1 Basket CCK+,i,i,-60.220737926036996,0.12483,-7.5173547153071985
CA1 Radiatum,CA1 Bistratified,i,i,-53.877642485184005,0.08922,-4.806963262528116
CA1 Radiatum,CA1 Ivy,i,i,-49.41774055548,0.0438,-2.164497036330024
CA1 SO SO,CA1 Pyramidal,i,e,-346.56875880033596,0.02905,-10.06782244314976
CA1 SO SO,CA1 Quadrilaminar,i,i,-308.506210707856,0.07486,-23.0947749335901
CA1 SO SO,CA1 Radial Trilaminar,i,i,-300.16737617592,0.12477,-37.45188352546954
CA1 SO SO,CA1 Back Projection,i,i,-243.4875178629855,0.19378,-47.18301121148933
CA1 SO SO,CA1 SO SO,i,i,-395.17643747433596,0.16655,-65.81663566135066
CA1 SO SO,CA1 Trilaminar,i,i,-478.440272172753,0.60445,-289.19322251482055
CA1 SO SO,CA1 Axo Axonic,i,i,-243.04333448014722,0.07601,-18.47372385383599
CA1 SO SO,CA1 Horizontal Axo Axonic,i,i,-264.0743927478721,0.33807,-89.27562995627311
CA1 SO SO,CA1 Horizontal Basket,i,i,-672.6813269216541,0.15787,-106.19620108112154
CA1 SO SO,CA1 Oriens Alveus,i,i,-258.66974503532794,0.1554,-40.19727837848996
CA1 SO SO,CA1 OR LM,i,i,-189.26370370257843,0.11974,-22.66243588134674
CA1 SO SO,CA1 O LM,i,i,-346.98191250809697,0.04818,-16.717588544640112
CA1 SO SO,CA1 Perforant Path Associated QuadD,i,i,-285.20768746899,0.33842,-96.5199855932556
CA1 SO SO,CA1 Basket,i,i,-266.078244679296,0.1666,-44.328635563570714
CA1 SO SO,CA1 Basket CCK+,i,i,-281.13921814797,0.12483,-35.09460860141109
CA1 SO SO,CA1 Bistratified,i,i,-248.95184019254998,0.08922,-22.211483181979307
CA1 SO SO,CA1 Ivy,i,i,-319.1981692914,0.0438,-13.98087981496332
CA1 SO SO,CA1 Oriens Bistratified,i,i,-271.31387165315994,0.01811,-4.9134942156387265
CA1 SO SO,CA1 O LMR,i,i,-433.553327539605,0.06706,-29.074086144805907
CA1 SO SO,CA1 Recurrent O LM,i,i,-314.7203896012,0.03251,-10.231559865935012
CA1 Trilaminar,CA2 Wide Arbor Basket,i,i,-289.6362162280187,0.06561,-19.003032146720308
CA1 Trilaminar,CA1 Pyramidal,i,e,-1386.79553811582,0.02905,-40.28641038226457
CA1 Trilaminar,CA1 Quadrilaminar,i,i,-1509.9548613962163,0.07486,-113.03522092412075
CA1 Trilaminar,CA1 LMR,i,i,-386.5629212370179,0.41516,-160.48546238076034
CA1 Trilaminar,CA1 Perforant Path Associated,i,i,-208.14001531190164,0.57998,-120.71704608059672
CA1 Trilaminar,CA1 Radial Trilaminar,i,i,-1561.7802244968,0.12477,-194.86331861046574
CA1 Trilaminar,CA1 Schaffer Collateral Associated,i,i,-296.318830818937,0.04399,-13.03506536772504
CA1 Trilaminar,CA1 Back Projection,i,i,-673.9741875900879,0.19378,-130.60271807120725
CA1 Trilaminar,CA1 Radiatum,i,i,-333.300761219328,0.10737,-35.786502732119246
CA1 Trilaminar,CA1 SO SO,i,i,-419.209389289152,0.16655,-69.81932378610827
CA1 Trilaminar,CA1 Trilaminar,i,i,-454.40522413486195,0.60445,-274.6652377283173
CA1 Trilaminar,CA1 Axo Axonic,i,i,-1090.9432517695802,0.07601,-82.92259656700578
CA1 Trilaminar,CA1 Horizontal Axo Axonic,i,i,-287.4419314767,0.33807,-97.17549377432796
CA1 Trilaminar,CA1 Horizontal Basket,i,i,-938.1924892820482,0.15787,-148.11244828295696
CA1 Trilaminar,CA1 Radiatum Giant,i,e,-438.20874026397007,0.00183,-0.8019219946830652
CA1 Trilaminar,CA1 Oriens Alveus,i,i,-1232.649303118968,0.1554,-191.55370170468763
CA1 Trilaminar,CA1 R Receiving Apical Targeting,i,i,-449.82353525199994,0.25936,-116.6662321029587
CA1 Trilaminar,CA1 OR LM,i,i,-450.7104248342389,0.11974,-53.968066269651764
CA1 Trilaminar,CA1 O LM,i,i,-308.3731316306783,0.04818,-14.857417481966081
CA1 Trilaminar,CA1 Perforant Path Associated QuadD,i,i,-1795.4540159001604,0.33842,-607.6175480609322
CA1 Trilaminar,CA1 Basket,i,i,-1154.2308150048,0.1666,-192.29485377979967
CA1 Trilaminar,CA1 Basket CCK+,i,i,-1398.38351515016,0.12483,-174.56021419619447
CA1 Trilaminar,CA1 Bistratified,i,i,-1191.9307010431999,0.08922,-106.34405714707428
CA1 Trilaminar,CA1 Ivy,i,i,-1522.39875416937,0.0438,-66.68106543261841
CA1 Trilaminar,CA1 Oriens Bistratified,i,i,-292.22850205368,0.01811,-5.292258172192145
CA1 Trilaminar,CA1 O LMR,i,i,-387.89349710312246,0.06706,-26.01213791573539
CA1 Trilaminar,CA1 Recurrent O LM,i,i,-332.4078515808,0.03251,-10.806579254891808
CA1 Trilaminar,SUB CA1 Projecting Pyramidal,i,e,-838.78146697254,0.02145,-17.991862466560985
CA1 Axo Axonic,CA1 Pyramidal,i,e,-223.86477262732654,0.02905,-6.503271644823836
CA1 Axo Axonic,CA1 Radiatum Giant,i,e,-257.3165617746797,0.00183,-0.4708893080476639
CA1 Horizontal Axo Axonic,CA1 Pyramidal,i,e,-112.54813712407984,0.02905,-3.269523383454519
CA1 Horizontal Axo Axonic,CA1 Radiatum Giant,i,e,-133.8797986962677,0.00183,-0.2450000316141699
CA1 Horizontal Basket,CA1 Pyramidal,i,e,-2941.9887647126575,0.02905,-85.4647736149027
CA1 Horizontal Basket,CA1 Radial Trilaminar,i,i,-5525.324154429722,0.12477,-689.3946947481963
CA1 Horizontal Basket,CA1 Axo Axonic,i,i,-2745.978179093751,0.07601,-208.72180139291598
CA1 Horizontal Basket,CA1 Horizontal Basket,i,i,-3478.5619646602577,0.15787,-549.1605773609149
CA1 Horizontal Basket,CA1 Radiatum Giant,i,e,-4464.090320450762,0.00183,-8.169285286424895
CA1 Horizontal Basket,CA1 OR LM,i,i,-1981.9765241485034,0.11974,-237.32186900154178
CA1 Horizontal Basket,CA1 Basket,i,i,-2902.3295251213353,0.1666,-483.52809888521443
CA1 Horizontal Basket,CA1 Basket CCK+,i,i,-3348.933598973451,0.12483,-418.0473811598559
CA1 Horizontal Basket,CA1 Bistratified,i,i,-3748.9775908578717,0.08922,-334.4837806563393
CA1 Horizontal Basket,CA1 Ivy,i,i,-4893.405686188446,0.0438,-214.33116905505395
CA1 Radiatum Giant,CA1 Pyramidal,e,e,1808.126274584448,0.02905,52.52606827667822
CA1 Radiatum Giant,CA1 Quadrilaminar,e,i,637.0945491731185,0.07486,47.692897951099646
CA1 Radiatum Giant,CA1 Radial Trilaminar,e,i,392.77359470950273,0.12477,49.006361411904656
CA1 Radiatum Giant,CA1 Back Projection,e,i,1043.4261958778877,0.19378,202.1951282372171
CA1 Radiatum Giant,CA1 SO SO,e,i,1478.02807798512,0.16655,246.16557638842175
CA1 Radiatum Giant,CA1 Trilaminar,e,i,2390.54634602496,0.60445,1444.965738854787
CA1 Radiatum Giant,CA1 Axo Axonic,e,i,1022.7077085123761,0.07601,77.7360129240257
CA1 Radiatum Giant,CA1 Horizontal Axo Axonic,e,i,430.4094116038891,0.33807,145.50850978092677
CA1 Radiatum Giant,CA1 Horizontal Basket,e,i,1168.9013802282345,0.15787,184.5344608966314
CA1 Radiatum Giant,CA1 Oriens Alveus,e,i,549.5984967949057,0.1554,85.40760640192835
CA1 Radiatum Giant,CA1 OR LM,e,i,1217.9702732666112,0.11974,145.83976052094403
CA1 Radiatum Giant,CA1 O LM,e,i,990.0511658999997,0.04818,47.700665173061985
CA1 Radiatum Giant,CA1 Perforant Path Associated QuadD,e,i,596.7808386048,0.33842,201.96257140063642
CA1 Radiatum Giant,CA1 Basket,e,i,702.487195640568,0.1666,117.03436679371862
CA1 Radiatum Giant,CA1 Basket CCK+,e,i,842.7368119442688,0.12483,105.19883623500307
CA1 Radiatum Giant,CA1 Bistratified,e,i,895.2399478041601,0.08922,79.87330814308716
CA1 Radiatum Giant,CA1 Ivy,e,i,1110.7505226554883,0.0438,48.65087289231039
CA1 Radiatum Giant,CA1 Oriens Bistratified,e,i,666.6998045368321,0.01811,12.07393346016203
CA1 Radiatum Giant,CA1 O LMR,e,i,846.0242332026314,0.06706,56.73438507856846
CA1 Radiatum Giant,CA1 Recurrent O LM,e,i,2623.7016676713597,0.03251,85.2965412159959
CA1 Oriens Alveus,CA2 Wide Arbor Basket,i,i,-66.54118425724748,0.06561,-4.365767099118007
CA1 Oriens Alveus,CA1 Pyramidal,i,e,-377.00647036975,0.02905,-10.952037964241237
CA1 Oriens Alveus,CA1 Quadrilaminar,i,i,-442.3663805617729,0.07486,-33.11554724885432
CA1 Oriens Alveus,CA1 Radial Trilaminar,i,i,-440.77331649727995,0.12477,-54.99528669936562
CA1 Oriens Alveus,CA1 Back Projection,i,i,-316.981847842932,0.19378,-61.42474247500336
CA1 Oriens Alveus,CA1 SO SO,i,i,-401.628562772976,0.16655,-66.89123712983915
CA1 Oriens Alveus,CA1 Trilaminar,i,i,-422.9570484433801,0.60445,-255.6563879316011
CA1 Oriens Alveus,CA1 Axo Axonic,i,i,-297.6269223530311,0.07601,-22.622622368053893
CA1 Oriens Alveus,CA1 Horizontal Axo Axonic,i,i,-191.122956239886,0.33807,-64.61293781601826
CA1 Oriens Alveus,CA1 Horizontal Basket,i,i,-827.7800344077599,0.15787,-130.68163403195305
CA1 Oriens Alveus,CA1 Oriens Alveus,i,i,-338.1967984647808,0.1554,-52.55578248142694
CA1 Oriens Alveus,CA1 OR LM,i,i,-141.7302150082992,0.11974,-16.97077594509375
CA1 Oriens Alveus,CA1 O LM,i,i,-245.02733457272814,0.04818,-11.805416979714042
CA1 Oriens Alveus,CA1 Perforant Path Associated QuadD,i,i,-407.47607126424,0.33842,-137.8980520372441
CA1 Oriens Alveus,CA1 Basket,i,i,-346.219724889792,0.1666,-57.68020616663935
CA1 Oriens Alveus,CA1 Basket CCK+,i,i,-410.29888866249007,0.12483,-51.217610271738636
CA1 Oriens Alveus,CA1 Bistratified,i,i,-368.44385570899203,0.08922,-32.87256080635627
CA1 Oriens Alveus,CA1 Ivy,i,i,-482.04864271265126,0.0438,-21.113730550814125
CA1 Oriens Alveus,CA1 Oriens Bistratified,i,i,-204.9978543837,0.01811,-3.712511142888807
CA1 Oriens Alveus,CA1 O LMR,i,i,-289.35997437244794,0.06706,-19.404479881416357
CA1 Oriens Alveus,CA1 Recurrent O LM,i,i,-329.94030882384,0.03251,-10.726359439863037
CA1 R Receiving Apical Targeting,CA1 Pyramidal,i,e,-404.556774158848,0.02905,-11.752374289314535
CA1 R Receiving Apical Targeting,CA1 Quadrilaminar,i,i,-402.88791640832,0.07486,-30.160189422326834
CA1 R Receiving Apical Targeting,CA1 LMR,i,i,-514.5635425357824,0.41516,-213.6262003191554
CA1 R Receiving Apical Targeting,CA1 Perforant Path Associated,i,i,-258.7916192153601,0.57998,-150.09396331252455
CA1 R Receiving Apical Targeting,CA1 Neurogliaform Projecting,i,i,-182.15923442227196,0.02287,-4.16598169123736
CA1 R Receiving Apical Targeting,CA1 Neurogliaform,i,i,-196.0825120128,0.07081,-13.884602675626368
CA1 R Receiving Apical Targeting,CA1 Radial Trilaminar,i,i,-334.41966538752,0.12477,-41.72554165040087
CA1 R Receiving Apical Targeting,CA1 Schaffer Collateral Associated,i,i,-264.86357216814196,0.04399,-11.651348539676565
CA1 R Receiving Apical Targeting,CA1 Radiatum,i,i,-205.67189489172483,0.10737,-22.082991354524495
CA1 R Receiving Apical Targeting,CA1 Axo Axonic,i,i,-287.66137616640003,0.07601,-21.865141202408065
CA1 R Receiving Apical Targeting,CA1 Radiatum Giant,i,e,-501.16800419840007,0.00183,-0.9171374476830721
CA1 R Receiving Apical Targeting,CA1 Oriens Alveus,i,i,-335.30599842508803,0.1554,-52.10655215525868
CA1 R Receiving Apical Targeting,CA1 R Receiving Apical Targeting,i,i,-321.351459538944,0.25936,-83.34571454602052
CA1 R Receiving Apical Targeting,CA1 OR LM,i,i,-162.529135473024,0.11974,-19.461238681539896
CA1 R Receiving Apical Targeting,CA1 Perforant Path Associated QuadD,i,i,-533.85101662464,0.33842,-180.66586104611068
CA1 R Receiving Apical Targeting,CA1 Basket,i,i,-293.721611264,0.1666,-48.9340204365824
CA1 R Receiving Apical Targeting,CA1 Basket CCK+,i,i,-346.63266785792007,0.12483,-43.27015592870416
CA1 R Receiving Apical Targeting,CA1 Bistratified,i,i,-166.93229483519997,0.08922,-14.89369934519654
CA1 R Receiving Apical Targeting,CA1 Ivy,i,i,-158.83870516400643,0.0438,-6.957135286183481
CA1 OR LM,CA1 Pyramidal,i,e,-228.00957513062403,0.02905,-6.623678157544628
CA1 OR LM,CA1 Quadrilaminar,i,i,-289.13334112060204,0.07486,-21.644521916288266
CA1 OR LM,CA1 LMR,i,i,-304.46106343536235,0.41516,-126.40005509582502
CA1 OR LM,CA1 Perforant Path Associated,i,i,-188.81570103669003,0.57998,-109.50933028725949
CA1 OR LM,CA1 Neurogliaform Projecting,i,i,-390.15752515776893,0.02287,-8.922902600358176
CA1 OR LM,CA1 Neurogliaform,i,i,-354.92864844833275,0.07081,-25.13249759662644
CA1 OR LM,CA1 Radial Trilaminar,i,i,-242.85711631104002,0.12477,-30.301282402128464
CA1 OR LM,CA1 Schaffer Collateral Associated,i,i,-134.84868281670717,0.04399,-5.931993557106948
CA1 OR LM,CA1 Axo Axonic,i,i,-200.45041506986408,0.07601,-15.236236049460368
CA1 OR LM,CA1 Radiatum Giant,i,e,-325.74552032030397,0.00183,-0.5961143021861562
CA1 OR LM,CA1 Oriens Alveus,i,i,-197.31186822551038,0.1554,-30.662264322244315
CA1 OR LM,CA1 Perforant Path Associated QuadD,i,i,-382.39097615482507,0.33842,-129.4087541503159
CA1 OR LM,CA1 Basket,i,i,-146.4235324463808,0.1666,-24.39416050556704
CA1 OR LM,CA1 Basket CCK+,i,i,-226.15379685602377,0.12483,-28.230778461537447
CA1 O LM,CA1 Pyramidal,i,e,-274.8424173018012,0.02905,-7.9841722226173255
CA1 O LM,CA1 Quadrilaminar,i,i,-311.16953821220204,0.07486,-23.294151630565445
CA1 O LM,CA1 LMR,i,i,-367.9852080888324,0.41516,-152.77273899015964
CA1 O LM,CA1 Perforant Path Associated,i,i,-205.41408287217928,0.57998,-119.13605978420655
CA1 O LM,CA1 Neurogliaform Projecting,i,i,-446.27291849206443,0.02287,-10.206261645913514
CA1 O LM,CA1 Neurogliaform,i,i,-392.3943689955303,0.07081,-27.785445268573497
CA1 O LM,CA1 Radial Trilaminar,i,i,-276.7348443216,0.12477,-34.52820652600604
CA1 O LM,CA1 Schaffer Collateral Associated,i,i,-178.2874718077864,0.04399,-7.8428658848245245
CA1 O LM,CA1 Axo Axonic,i,i,-225.21169511480326,0.07601,-17.118340945676195
CA1 O LM,CA1 Radiatum Giant,i,e,-361.24886881422003,0.00183,-0.6610854299300226
CA1 O LM,CA1 Oriens Alveus,i,i,-236.203281920736,0.1554,-36.705990010482374
CA1 O LM,CA1 Perforant Path Associated QuadD,i,i,-393.239439764325,0.33842,-133.08009120504286
CA1 O LM,CA1 Basket,i,i,-186.24243259664004,0.1666,-31.02798927060023
CA1 O LM,CA1 Basket CCK+,i,i,-262.8342914026272,0.12483,-32.80960459578995
CA1 Perforant Path Associated QuadD,CA1 Quadrilaminar,i,i,-41.52939552505921,0.07486,-3.108890549005932
CA1 Perforant Path Associated QuadD,CA1 LMR,i,i,-57.32426433359999,0.41516,-23.79874158073737
CA1 Perforant Path Associated QuadD,CA1 Perforant Path Associated,i,i,-28.478401734076805,0.57998,-16.516903437729866
CA1 Perforant Path Associated QuadD,CA1 Neurogliaform Projecting,i,i,-71.909730464418,0.02287,-1.64457553572124
CA1 Perforant Path Associated QuadD,CA1 Neurogliaform,i,i,-69.66819600048,0.07081,-4.933204958793988
CA1 Perforant Path Associated QuadD,CA1 Radial Trilaminar,i,i,-35.02076963616,0.12477,-4.369541427503683
CA1 Perforant Path Associated QuadD,CA1 Schaffer Collateral Associated,i,i,-23.940307300713744,0.04399,-1.0531341181583977
CA1 Perforant Path Associated QuadD,CA1 Axo Axonic,i,i,-34.886486464117205,0.07601,-2.6517218361375487
CA1 Perforant Path Associated QuadD,CA1 Oriens Alveus,i,i,-36.7560000112272,0.1554,-5.711882401744707
CA1 Perforant Path Associated QuadD,CA1 Perforant Path Associated QuadD,i,i,-47.703724855644,0.33842,-16.14389456564704
CA1 Perforant Path Associated QuadD,CA1 Basket,i,i,-29.978863292928004,0.1666,-4.994478624601806
CA1 Perforant Path Associated QuadD,CA1 Basket CCK+,i,i,-39.870460421074796,0.12483,-4.977029574362767
CA1 Basket,CA1 Pyramidal,i,e,-6486.070905251756,0.02905,-188.4203597975635
CA1 Basket,CA1 Radial Trilaminar,i,i,-5058.244394227261,0.12477,-631.1171530677354
CA1 Basket,CA1 Axo Axonic,i,i,-3684.105878699405,0.07601,-280.0288878399418
CA1 Basket,CA1 Horizontal Basket,i,i,-4629.172014796329,0.15787,-730.8073859758965
CA1 Basket,CA1 Radiatum Giant,i,e,-5897.135275231496,0.00183,-10.791757553673637
CA1 Basket,CA1 OR LM,i,i,-2633.5779957736863,0.11974,-315.3446292139412
CA1 Basket,CA1 Basket,i,i,-3937.4169184850407,0.1666,-655.9736586196078
CA1 Basket,CA1 Basket CCK+,i,i,-4105.228870604433,0.12483,-512.4557199175513
CA1 Basket,CA1 Bistratified,i,i,-3377.598787123974,0.08922,-301.34936378720096
CA1 Basket,CA1 Ivy,i,i,-4705.464689871405,0.0438,-206.09935341636756
CA1 Basket CCK+,CA1 Pyramidal,i,e,-10764.811582513881,0.02905,-312.7177764720282
CA1 Basket CCK+,CA1 Radial Trilaminar,i,i,-12095.678105220019,0.12477,-1509.1777571883017
CA1 Basket CCK+,CA1 Axo Axonic,i,i,-7911.277379999589,0.07601,-601.3361936537688
CA1 Basket CCK+,CA1 Horizontal Basket,i,i,-9651.142763438538,0.15787,-1523.625908064042
CA1 Basket CCK+,CA1 Radiatum Giant,i,e,-12502.931175701699,0.00183,-22.88036405153411
CA1 Basket CCK+,CA1 OR LM,i,i,-5586.5795707610505,0.11974,-668.9370378029282
CA1 Basket CCK+,CA1 Basket,i,i,-8008.7869568620035,0.1666,-1334.2639070132097
CA1 Basket CCK+,CA1 Basket CCK+,i,i,-8908.811549156924,0.12483,-1112.0869456812588
CA1 Basket CCK+,CA1 Bistratified,i,i,-8342.406396585975,0.08922,-744.3094987034007
CA1 Basket CCK+,CA1 Ivy,i,i,-11018.065182059321,0.0438,-482.59125497419825
CA1 Bistratified,CA2 Wide Arbor Basket,i,i,-101.74836997979133,0.06561,-6.67571055437411
CA1 Bistratified,CA1 Pyramidal,i,e,-1992.0890333808572,0.02905,-57.8701864197139
CA1 Bistratified,CA1 Quadrilaminar,i,i,-2104.116245545348,0.07486,-157.51414214152476
CA1 Bistratified,CA1 LMR,i,i,-886.4325667671935,0.41516,-368.01134441906805
CA1 Bistratified,CA1 Perforant Path Associated,i,i,-531.5957651221993,0.57998,-308.31491185557314
CA1 Bistratified,CA1 Radial Trilaminar,i,i,-2197.3733461180796,0.12477,-274.1662723951528
CA1 Bistratified,CA1 Schaffer Collateral Associated,i,i,-738.4940233895467,0.04399,-32.48635208890616
CA1 Bistratified,CA1 Back Projection,i,i,-652.3295734031999,0.19378,-126.40842473407209
CA1 Bistratified,CA1 Radiatum,i,i,-840.2772502139903,0.10737,-90.22056835547613
CA1 Bistratified,CA1 SO SO,i,i,-800.3602600812,0.16655,-133.30000131652386
CA1 Bistratified,CA1 Trilaminar,i,i,-922.9641047094601,0.60445,-557.8856530916332
CA1 Bistratified,CA1 Axo Axonic,i,i,-1362.0617055252485,0.07601,-103.53031023697413
CA1 Bistratified,CA1 Horizontal Axo Axonic,i,i,-428.2009709291999,0.33807,-144.7619022420346
CA1 Bistratified,CA1 Horizontal Basket,i,i,-1452.32267736713,0.15787,-229.27818107594882
CA1 Bistratified,CA1 Radiatum Giant,i,e,-1179.062196136104,0.00183,-2.1576838189290704
CA1 Bistratified,CA1 Oriens Alveus,i,i,-1588.974931698739,0.1554,-246.92670438598407
CA1 Bistratified,CA1 R Receiving Apical Targeting,i,i,-1189.7743170636718,0.25936,-308.5798668736339
CA1 Bistratified,CA1 OR LM,i,i,-1115.3461404132001,0.11974,-133.5515468530766
CA1 Bistratified,CA1 O LM,i,i,-600.8522971724658,0.04818,-28.949063677769402
CA1 Bistratified,CA1 Perforant Path Associated QuadD,i,i,-2756.534500482048,0.33842,-932.8664056531346
CA1 Bistratified,CA1 Basket,i,i,-1572.0135945039362,0.1666,-261.8974648443558
CA1 Bistratified,CA1 Basket CCK+,i,i,-1932.4427412736516,0.12483,-241.22682739318992
CA1 Bistratified,CA1 Bistratified,i,i,-1628.674894961136,0.08922,-145.31037412843256
CA1 Bistratified,CA1 Ivy,i,i,-1938.1211922659331,0.0438,-84.88970822124787
CA1 Bistratified,CA1 Oriens Bistratified,i,i,-438.7577070042001,0.01811,-7.945902073846064
CA1 Bistratified,CA1 O LMR,i,i,-727.0325775072358,0.06706,-48.75480464763523
CA1 Bistratified,CA1 Recurrent O LM,i,i,-678.7481561783999,0.03251,-22.066102557359777
CA1 Ivy,CA2 Wide Arbor Basket,i,i,-198.30273016805094,0.06561,-13.010642126325823
CA1 Ivy,CA1 Pyramidal,i,e,-1319.0943716717757,0.02905,-38.31969149706508
CA1 Ivy,CA1 Quadrilaminar,i,i,-1593.6225808973184,0.07486,-119.29858640597324
CA1 Ivy,CA1 LMR,i,i,-227.81205306561057,0.41516,-94.57845195071887
CA1 Ivy,CA1 Perforant Path Associated,i,i,-165.183397187832,0.57998,-95.80306670099883
CA1 Ivy,CA1 Radial Trilaminar,i,i,-1679.646855372448,0.12477,-209.56953814482034
CA1 Ivy,CA1 Schaffer Collateral Associated,i,i,-266.4776559324284,0.04399,-11.722352084467525
CA1 Ivy,CA1 Back Projection,i,i,-741.4329953608201,0.19378,-143.67488584101972
CA1 Ivy,CA1 Radiatum,i,i,-273.01937584649284,0.10737,-29.314090384637932
CA1 Ivy,CA1 SO SO,i,i,-777.7708166619722,0.16655,-129.53772951505147
CA1 Ivy,CA1 Trilaminar,i,i,-844.7123803179602,0.60445,-510.5863982831911
CA1 Ivy,CA1 Axo Axonic,i,i,-988.8233424753321,0.07601,-75.16046226154998
CA1 Ivy,CA1 Horizontal Axo Axonic,i,i,-469.6637354347499,0.33807,-158.7792190384259
CA1 Ivy,CA1 Horizontal Basket,i,i,-1660.8417874561694,0.15787,-262.19709298570547
CA1 Ivy,CA1 Radiatum Giant,i,e,-410.039748942912,0.00183,-0.750372740565529
CA1 Ivy,CA1 Oriens Alveus,i,i,-1161.0757193639554,0.1554,-180.43116678915868
CA1 Ivy,CA1 R Receiving Apical Targeting,i,i,-448.9042363798081,0.25936,-116.42780274746701
CA1 Ivy,CA1 OR LM,i,i,-685.3316670086544,0.11974,-82.06161380761628
CA1 Ivy,CA1 O LM,i,i,-547.6707664724016,0.04818,-26.386777528640312
CA1 Ivy,CA1 Perforant Path Associated QuadD,i,i,-2052.3086014285795,0.33842,-694.5422768954598
CA1 Ivy,CA1 Basket,i,i,-1159.1158767621123,0.1666,-193.1087050685679
CA1 Ivy,CA1 Basket CCK+,i,i,-1365.5618006518803,0.12483,-170.46307957537422
CA1 Ivy,CA1 Bistratified,i,i,-1260.767320733778,0.08922,-112.48566035586767
CA1 Ivy,CA1 Ivy,i,i,-1533.389858211132,0.0438,-67.16247578964757
CA1 Ivy,CA1 Oriens Bistratified,i,i,-473.47506144899995,0.01811,-8.57463336284139
CA1 Ivy,CA1 O LMR,i,i,-687.9370462721065,0.06706,-46.13305832300746
CA1 Ivy,CA1 Recurrent O LM,i,i,-633.4016482079999,0.03251,-20.591887583242073
CA1 Oriens Bistratified,CA1 Pyramidal,i,e,-227.91123184999992,0.02905,-6.6208212852424975
CA1 Oriens Bistratified,CA1 Quadrilaminar,i,i,-258.66955384008,0.07486,-19.36400280046839
CA1 Oriens Bistratified,CA1 LMR,i,i,-114.56413327690241,0.41516,-47.562445571238804
CA1 Oriens Bistratified,CA1 Perforant Path Associated,i,i,-82.23968588563604,0.57998,-47.69737301995119
CA1 Oriens Bistratified,CA1 Radial Trilaminar,i,i,-195.31065456576,0.12477,-24.368910370169875
CA1 Oriens Bistratified,CA1 Schaffer Collateral Associated,i,i,-121.96235185956584,0.04399,-5.365123858302302
CA1 Oriens Bistratified,CA1 Back Projection,i,i,-47.05204834473,0.19378,-9.11774592824178
CA1 Oriens Bistratified,CA1 Radiatum,i,i,-128.3691443664,0.10737,-13.782995030620368
CA1 Oriens Bistratified,CA1 SO SO,i,i,-131.24962865090998,0.16655,-21.859625651809058
CA1 Oriens Bistratified,CA1 Trilaminar,i,i,-143.11365057528,0.60445,-86.50504609022799
CA1 Oriens Bistratified,CA1 Axo Axonic,i,i,-140.10645063340402,0.07601,-10.649491312645038
CA1 Oriens Bistratified,CA1 Horizontal Axo Axonic,i,i,-35.178616403424,0.33807,-11.89283484750555
CA1 Oriens Bistratified,CA1 Horizontal Basket,i,i,-187.398916904352,0.15787,-29.584667011690055
CA1 Oriens Bistratified,CA1 Oriens Alveus,i,i,-171.555363385824,0.1554,-26.65970347015705
CA1 Oriens Bistratified,CA1 R Receiving Apical Targeting,i,i,-220.511377772,0.25936,-57.19183093894592
CA1 Oriens Bistratified,CA1 OR LM,i,i,-190.61662631616002,0.11974,-22.824434835097
CA1 Oriens Bistratified,CA1 O LM,i,i,-67.33758303295198,0.04818,-3.2443247505276265
CA1 Oriens Bistratified,CA1 Perforant Path Associated QuadD,i,i,-447.000314805,0.33842,-151.2738465363081
CA1 Oriens Bistratified,CA1 Basket,i,i,-185.18207162559997,0.1666,-30.851333132824955
CA1 Oriens Bistratified,CA1 Basket CCK+,i,i,-189.088974677732,0.12483,-23.603976709021286
CA1 Oriens Bistratified,CA1 Bistratified,i,i,-173.16548568,0.08922,-15.449824632369598
CA1 Oriens Bistratified,CA1 Ivy,i,i,-138.13987365360003,0.0438,-6.050526466027681
CA1 Oriens Bistratified,CA1 Oriens Bistratified,i,i,-42.30684623868,0.01811,-0.7661769853824949
CA1 Oriens Bistratified,CA1 O LMR,i,i,-59.366465733770994,0.06706,-3.9811151921066825
CA1 Oriens Bistratified,CA1 Recurrent O LM,i,i,-118.9602083584,0.03251,-3.8673963737315837
CA1 O LMR,CA1 Pyramidal,i,e,-363.749794820412,0.02905,-10.566931539532968
CA1 O LMR,CA1 Quadrilaminar,i,i,-478.66074696296647,0.07486,-35.832543517647665
CA1 O LMR,CA1 LMR,i,i,-413.18504020955004,0.41516,-171.53790129339677
CA1 O LMR,CA1 Perforant Path Associated,i,i,-269.76363032819205,0.57998,-156.45751031774483
CA1 O LMR,CA1 Neurogliaform Projecting,i,i,-235.2231048920558,0.02287,-5.379552408881317
CA1 O LMR,CA1 Neurogliaform,i,i,-227.7021322465344,0.07081,-16.1235879843771
CA1 O LMR,CA1 Radial Trilaminar,i,i,-370.6145855104001,0.12477,-46.241581834132624
CA1 O LMR,CA1 Schaffer Collateral Associated,i,i,-325.59661660490843,0.04399,-14.322995164449923
CA1 O LMR,CA1 Radiatum,i,i,-199.187669576448,0.10737,-21.386780082423222
CA1 O LMR,CA1 Axo Axonic,i,i,-269.2380959750273,0.07601,-20.464787675061825
CA1 O LMR,CA1 Radiatum Giant,i,e,-550.7607959531999,0.00183,-1.007892256594356
CA1 O LMR,CA1 Oriens Alveus,i,i,-288.69021962922955,0.1554,-44.862460130382274
CA1 O LMR,CA1 R Receiving Apical Targeting,i,i,-316.129573761456,0.25936,-81.99136625077122
CA1 O LMR,CA1 OR LM,i,i,-197.0286903268992,0.11974,-23.59221537974291
CA1 O LMR,CA1 Perforant Path Associated QuadD,i,i,-886.6163945668259,0.33842,-300.04872024930523
CA1 O LMR,CA1 Basket,i,i,-254.44940136,0.1666,-42.391270266576
CA1 O LMR,CA1 Basket CCK+,i,i,-339.65571729488,0.12483,-42.399223189919866
CA1 O LMR,CA1 Bistratified,i,i,-131.9917899664,0.08922,-11.776307500802208
CA1 O LMR,CA1 Ivy,i,i,-90.9927726349824,0.0438,-3.985483441412229
CA1 Recurrent O LM,CA1 Pyramidal,i,e,-176.79635128848,0.02905,-5.135934004930344
CA1 Recurrent O LM,CA1 Quadrilaminar,i,i,-175.64728048140003,0.07486,-13.148955416837605
CA1 Recurrent O LM,CA1 LMR,i,i,-149.66859292862395,0.41516,-62.13641304024752
CA1 Recurrent O LM,CA1 Perforant Path Associated,i,i,-75.22675807852801,0.57998,-43.63001515038468
CA1 Recurrent O LM,CA1 Neurogliaform Projecting,i,i,-181.37312776428303,0.02287,-4.148003431969153
CA1 Recurrent O LM,CA1 Neurogliaform,i,i,-173.29304463113996,0.07081,-12.27088049033102
CA1 Recurrent O LM,CA1 Radial Trilaminar,i,i,-165.06175620480002,0.12477,-20.5947553216729
CA1 Recurrent O LM,CA1 Schaffer Collateral Associated,i,i,-66.60970519549802,0.04399,-2.930160931549958
CA1 Recurrent O LM,CA1 Back Projection,i,i,-30.915230908799998,0.19378,-5.990753445507264
CA1 Recurrent O LM,CA1 SO SO,i,i,-60.100227373725,0.16655,-10.009692869093898
CA1 Recurrent O LM,CA1 Trilaminar,i,i,-66.6476239968,0.60445,-40.28515632486576
CA1 Recurrent O LM,CA1 Axo Axonic,i,i,-133.13336516928,0.07601,-10.119467086516973
CA1 Recurrent O LM,CA1 Horizontal Axo Axonic,i,i,-32.3929094832,0.33807,-10.951070908985423
CA1 Recurrent O LM,CA1 Horizontal Basket,i,i,-112.31661396957404,0.15787,-17.731423847376654
CA1 Recurrent O LM,CA1 Radiatum Giant,i,e,-135.37205470516,0.00183,-0.2477308601104428
CA1 Recurrent O LM,CA1 Oriens Alveus,i,i,-148.93042332168,0.1554,-23.143787784189072
CA1 Recurrent O LM,CA1 OR LM,i,i,-24.012596853,0.11974,-2.87526834717822
CA1 Recurrent O LM,CA1 O LM,i,i,-43.914657074715,0.04818,-2.115808177859769
CA1 Recurrent O LM,CA1 Perforant Path Associated QuadD,i,i,-188.77435450104002,0.33842,-63.88501705024196
CA1 Recurrent O LM,CA1 Basket,i,i,-130.07679255648,0.1666,-21.67079363990957
CA1 Recurrent O LM,CA1 Basket CCK+,i,i,-158.93630813281194,0.12483,-19.840019344218913
CA1 Recurrent O LM,CA1 Bistratified,i,i,-32.3195855192,0.08922,-2.8835534200230235
CA1 Recurrent O LM,CA1 Ivy,i,i,-37.870761198186,0.0438,-1.6587393404805468
CA1 Recurrent O LM,CA1 Oriens Bistratified,i,i,-33.3172035,0.01811,-0.603374555385
CA1 Recurrent O LM,CA1 O LMR,i,i,-51.932885508504,0.06706,-3.482619302200278
CA1 Recurrent O LM,CA1 Recurrent O LM,i,i,-49.045345939799994,0.03251,-1.5944641965028976
SUB CA1 Projecting Pyramidal,CA2 Wide Arbor Basket,e,i,2949.2223694746385,0.06561,193.49847966123104
SUB CA1 Projecting Pyramidal,CA1 Pyramidal,e,e,3656.060709133248,0.02905,106.20856360032086
SUB CA1 Projecting Pyramidal,CA1 Quadrilaminar,e,i,3846.6406290873597,0.07486,287.9595174934797
SUB CA1 Projecting Pyramidal,CA1 LMR,e,i,1275.4235255785875,0.41516,529.5048308792063
SUB CA1 Projecting Pyramidal,CA1 Perforant Path Associated,e,i,2399.2622927973,0.57998,1391.524144576578
SUB CA1 Projecting Pyramidal,CA1 Neurogliaform Projecting,e,i,999.5926923867455,0.02287,22.86068487488487
SUB CA1 Projecting Pyramidal,CA1 Neurogliaform,e,i,1465.5112777608192,0.07081,103.7728535782436
SUB CA1 Projecting Pyramidal,CA1 Radial Trilaminar,e,i,2060.7218039736003,0.12477,257.11625948178613
SUB CA1 Projecting Pyramidal,CA1 Schaffer Collateral Associated,e,i,3699.815545176882,0.04399,162.75488583233104
SUB CA1 Projecting Pyramidal,CA1 Back Projection,e,i,2462.3075053780194,0.19378,477.1459483921526
SUB CA1 Projecting Pyramidal,CA1 Radiatum,e,i,1175.4709999408547,0.10737,126.21032126364956
SUB CA1 Projecting Pyramidal,CA1 Axo Axonic,e,i,2389.43693353365,0.07601,181.62110131789274
SUB CA1 Projecting Pyramidal,CA1 Radiatum Giant,e,e,4528.8120423031205,0.00183,8.28772603741471
SUB CA1 Projecting Pyramidal,CA1 Oriens Alveus,e,i,1875.1628695259703,0.1554,291.40030992433583
SUB CA1 Projecting Pyramidal,CA1 R Receiving Apical Targeting,e,i,1774.218080588688,0.25936,460.1612013814821
SUB CA1 Projecting Pyramidal,CA1 OR LM,e,i,3215.4097426559997,0.11974,385.0131625856294
SUB CA1 Projecting Pyramidal,CA1 Perforant Path Associated QuadD,e,i,8838.111819755519,0.33842,2990.9938020416625
SUB CA1 Projecting Pyramidal,CA1 Basket,e,i,1470.5731704259256,0.1666,244.9974901929592
SUB CA1 Projecting Pyramidal,CA1 Basket CCK+,e,i,2546.0112106206,0.12483,317.8185794217695
SUB CA1 Projecting Pyramidal,CA1 Bistratified,e,i,1596.3348121205759,0.08922,142.42499193739778
SUB CA1 Projecting Pyramidal,CA1 Ivy,e,i,651.5739051192,0.0438,28.538937044220962
SUB CA1 Projecting Pyramidal,SUB CA1 Projecting Pyramidal,e,e,44766.56626397999,0.02145,960.2428463623709
MEC LV Pyramidal,DG Granule,e,e,214401.45410359814,0.04463,9568.736896643586
MEC LV Pyramidal,DG Semilunar Granule,e,e,131030.96781092668,0.00401,525.4341809218159
MEC LV Pyramidal,DG Total Molecular Layer,e,i,41553.83457524197,0.0744,3091.6052923980023
MEC LV Pyramidal,DG MOLAX,e,i,79960.38580846952,0.0744,5949.052704150132
MEC LV Pyramidal,DG Neurogliaform,e,i,3673.097114845407,0.01186,43.56293178206653
MEC LV Pyramidal,DG MOPP,e,i,9379.302062826724,0.01389,130.2785056526632
MEC LV Pyramidal,DG HICAP,e,i,57901.13715854701,0.21477,12435.42722754114
MEC LV Pyramidal,DG Axo Axonic,e,i,133401.09477352846,0.27069,36110.34234424642
MEC LV Pyramidal,DG HIPROM,e,i,121967.71167382316,0.03192,3893.2093566284348
MEC LV Pyramidal,DG AIPRIM,e,i,64242.76075211425,0.2501,16067.114464103774
MEC LV Pyramidal,DG Basket,e,i,79119.6494328399,0.09135,7227.579975689925
MEC LV Pyramidal,DG Hilar Ectopic Granule,e,e,144531.22194816626,0.02539,3669.647725263941
MEC LV Pyramidal,CA1 Neurogliaform Projecting,e,i,2878.0806403569004,0.02287,65.82170424496232
MEC LV Pyramidal,SUB CA1 Projecting Pyramidal,e,e,2737.614739252829,0.02145,58.72183615697319
MEC LV Pyramidal,MEC LV Pyramidal,e,e,25530.475497173138,0.02214,565.2447275074132
MEC LV Pyramidal,MEC LII Stellate,e,e,9015.918818358761,0.09989,900.6001307658568
MEC LV Pyramidal,EC LI II Pyramidal Fan,e,e,883.8135547738068,0.01976,17.464155842330424
MEC LV Pyramidal,MEC LIII Complex Pyramidal,e,e,15063.141308384402,0.09565,1440.789466146968
MEC LV Pyramidal,MEC LII III Pyramidal Multiform,e,e,6811.548011212895,0.05452,371.36559757132704
MEC LV Pyramidal,EC LIII Pyramidal,e,e,1692.1461723588104,0.05263,89.0576530512442
MEC LV Pyramidal,EC LIII Stellate,e,e,1579.234100943952,0.09565,151.053741755289
MEC LV Pyramidal,MEC LII Oblique Pyramidal,e,e,3886.06082756892,0.09989,388.17861606585944
MEC LV Pyramidal,EC LV Deep Pyramidal,e,e,6085.033809146879,0.02214,134.7226485345119
MEC LV Pyramidal,MEC LV Superficial Pyramidal,e,e,20473.359149449712,0.02214,453.2801715688166
MEC LV Pyramidal,MEC LIII Bipolar Complex Pyramidal,e,e,4056.9485391234234,0.09565,388.0471277671555
MEC LV Pyramidal,MEC LV Multipolar Pyramidal,e,e,29919.956640000004,0.02214,662.4278400096001
MEC LV Pyramidal,MEC LIII Superficial Trilayered Interneuron,e,i,7168.654250334719,0.07016,502.9527822034839
MEC LV Pyramidal,MEC LIII Superficial Multipolar Interneuron,e,i,9106.0125032448,0.89896,8185.940999916945
MEC LV Pyramidal,MEC LV VI Pyramidal Polymorphic,e,e,16345.020192905247,0.06472,1057.8497068848276
MEC LV Pyramidal,EC LII III Pyramidal Tripolar,e,e,2034.4792677369599,0.05827,118.54910693103265
MEC LV Pyramidal,EC LIV VI Deep Multipolar Principal,e,e,5368.495239146259,0.02244,120.46903316644207
MEC LV Pyramidal,EC LIII Pyramidal Stellate,e,e,3948.0137289734403,0.04652,183.66159867184444
MEC LV Pyramidal,EC LI II Multipolar Pyramidal,e,e,7287.8206826880005,0.05452,397.3319836201498
MEC LV Pyramidal,EC LIII V Bipolar Pyramidal,e,e,6273.280217352288,0.0197,123.58362028184006
MEC LII Stellate,DG Granule,e,e,16736.462556296352,0.04463,746.9483238875063
MEC LII Stellate,DG Semilunar Granule,e,e,15834.575091116465,0.00401,63.49664611537702
MEC LII Stellate,DG Total Molecular Layer,e,i,1960.778023098145,0.0744,145.88188491850198
MEC LII Stellate,DG MOLAX,e,i,3115.5560994381726,0.0744,231.79737379820003
MEC LII Stellate,DG Neurogliaform,e,i,4737.104401760149,0.01186,56.18205820487537
MEC LII Stellate,DG MOPP,e,i,11842.389582095399,0.01389,164.4907912953051
MEC LII Stellate,DG HICAP,e,i,3767.2213314521214,0.21477,809.0861253559721
MEC LII Stellate,DG Axo Axonic,e,i,25977.370035379867,0.27069,7031.8142948769755
MEC LII Stellate,DG AIPRIM,e,i,4011.044507179968,0.2501,1003.16223124571
MEC LII Stellate,DG Basket,e,i,10939.031737534755,0.09135,999.2805492237999
MEC LII Stellate,DG Hilar Ectopic Granule,e,e,10128.52691199346,0.02539,257.1632982955139
MEC LII Stellate,CA3 Pyramidal,e,e,318996.667213036,0.0123,3923.6590067203424
MEC LII Stellate,CA3 Granule,e,e,266639.64926584717,0.07366,19640.6765649223
MEC LII Stellate,CA3 LMR Targeting,e,i,146487.2618284637,0.06811,9977.247403136664
MEC LII Stellate,CA3 Axo Axonic,e,i,129029.8455899854,0.11589,14953.26880542341
MEC LII Stellate,CA3 Basket,e,i,159021.02869810164,0.1496,23789.545893236005
MEC LII Stellate,CA3 Basket CCK+,e,i,63996.4984833928,0.08623,5518.418064222961
MEC LII Stellate,CA2 Pyramidal,e,e,411540.53663516726,0.01469,6045.530483170607
MEC LII Stellate,CA2 Basket,e,i,159516.23252329289,0.08812,14056.57040995257
MEC LII Stellate,CA2 Wide Arbor Basket,e,i,103327.4390926026,0.06561,6779.313278865657
MEC LII Stellate,CA1 Neurogliaform Projecting,e,i,3713.124589105612,0.02287,84.91915935284536
MEC LII Stellate,SUB CA1 Projecting Pyramidal,e,e,5429.742328105029,0.02145,116.46797293785286
MEC LII Stellate,MEC LV Pyramidal,e,e,68250.30627407398,0.02214,1511.061780907998
MEC LII Stellate,EC LI II Pyramidal Fan,e,e,6188.429776809499,0.01976,122.28337238975571
MEC LII Stellate,MEC LIII Complex Pyramidal,e,e,33420.1948157539,0.09565,3196.6416341268605
MEC LII Stellate,MEC LII III Pyramidal Multiform,e,e,39846.431817674995,0.05452,2172.4274626996407
MEC LII Stellate,EC LIII Pyramidal,e,e,12807.86800412007,0.05263,674.0780930568393
MEC LII Stellate,EC LIII Stellate,e,e,10627.74698789286,0.09565,1016.5439993919521
MEC LII Stellate,MEC LII Oblique Pyramidal,e,e,21471.686026476844,0.09989,2144.806717184772
MEC LII Stellate,EC LV Deep Pyramidal,e,e,21732.149511072,0.02214,481.14979017513406
MEC LII Stellate,MEC LV Superficial Pyramidal,e,e,51171.257153604,0.02214,1132.9316333807926
MEC LII Stellate,MEC LIII Bipolar Complex Pyramidal,e,e,23557.379549634003,0.09565,2253.263353922492
MEC LII Stellate,MEC LV Multipolar Pyramidal,e,e,50972.30139203125,0.02214,1128.5267528195718
MEC LII Stellate,MEC LIII Superficial Trilayered Interneuron,e,i,40392.24114294,0.07016,2833.9196385886708
MEC LII Stellate,MEC LIII Superficial Multipolar Interneuron,e,i,44585.8713862848,0.89896,40080.91494141459
MEC LII Stellate,MEC LV VI Pyramidal Polymorphic,e,e,48648.5576692983,0.06472,3148.534652356986
MEC LII Stellate,EC LII III Pyramidal Tripolar,e,e,13369.989240837898,0.05827,779.0692730636243
MEC LII Stellate,EC LIV VI Deep Multipolar Principal,e,e,11938.210516874304,0.02244,267.8934439986594
MEC LII Stellate,EC LIII Pyramidal Stellate,e,e,15542.065873942021,0.04652,723.0169044557828
MEC LII Stellate,EC LI II Multipolar Pyramidal,e,e,21641.041799244,0.05452,1179.869598894783
MEC LII Stellate,EC LIII V Bipolar Pyramidal,e,e,21451.925303595,0.0197,422.60292848082145
EC LI II Pyramidal Fan,DG Granule,e,e,150836.97559437464,0.04463,6731.854220776941
EC LI II Pyramidal Fan,DG Semilunar Granule,e,e,144865.26716751014,0.00401,580.9097213417157
EC LI II Pyramidal Fan,DG Total Molecular Layer,e,i,17658.946764467408,0.0744,1313.8256392763751
EC LI II Pyramidal Fan,DG MOLAX,e,i,27780.766393923463,0.0744,2066.8890197079054
EC LI II Pyramidal Fan,DG Neurogliaform,e,i,42935.29752295023,0.01186,509.2126286221898
EC LI II Pyramidal Fan,DG MOPP,e,i,108057.22502831795,0.01389,1500.9148556433363
EC LI II Pyramidal Fan,DG HICAP,e,i,33515.46298406432,0.21477,7198.115985087493
EC LI II Pyramidal Fan,DG Axo Axonic,e,i,236409.33442351577,0.27069,63993.64273510148
EC LI II Pyramidal Fan,DG AIPRIM,e,i,36591.91822255496,0.2501,9151.638747460995
EC LI II Pyramidal Fan,DG Basket,e,i,100283.00110150588,0.09135,9160.852150622562
EC LI II Pyramidal Fan,DG Hilar Ectopic Granule,e,e,92086.02558328352,0.02539,2338.0641895595686
EC LI II Pyramidal Fan,CA1 Neurogliaform Projecting,e,i,33430.43508511669,0.02287,764.5540503966188
EC LI II Pyramidal Fan,SUB CA1 Projecting Pyramidal,e,e,32044.34748656936,0.02145,687.3512535869128
EC LI II Pyramidal Fan,MEC LV Pyramidal,e,e,31115.863137146,0.02214,688.9052098564124
EC LI II Pyramidal Fan,MEC LII Stellate,e,e,48948.58745995679,0.09989,4889.474401375084
EC LI II Pyramidal Fan,EC LI II Pyramidal Fan,e,e,18762.87758140388,0.01976,370.7544610085407
EC LI II Pyramidal Fan,MEC LIII Complex Pyramidal,e,e,31668.932570626264,0.09565,3029.1334003804022
EC LI II Pyramidal Fan,LEC LIII Complex Pyramidal,e,e,36640.953440881014,0.04652,1704.5371540697847
EC LI II Pyramidal Fan,MEC LII III Pyramidal Multiform,e,e,39692.19529359,0.05452,2164.0184874065267
EC LI II Pyramidal Fan,EC LIII Pyramidal,e,e,31502.804783899686,0.05263,1657.9926157766406
EC LI II Pyramidal Fan,EC LIII Stellate,e,e,30940.808490364503,0.09565,2959.488332103365
EC LI II Pyramidal Fan,MEC LII Oblique Pyramidal,e,e,24009.682691374383,0.09989,2398.327204041387
EC LI II Pyramidal Fan,EC LV Deep Pyramidal,e,e,19250.900103626096,0.02214,426.2149282942818
EC LI II Pyramidal Fan,MEC LV Superficial Pyramidal,e,e,17570.49646924688,0.02214,389.0107918291259
EC LI II Pyramidal Fan,MEC LIII Bipolar Complex Pyramidal,e,e,21473.2463275512,0.09565,2053.916011230272
EC LI II Pyramidal Fan,LEC LIII Multipolar Principal,e,e,22434.36749428991,0.04517,1013.3603797170753
EC LI II Pyramidal Fan,MEC LIII Superficial Trilayered Interneuron,e,i,40543.0387878411,0.07016,2844.4996013549317
EC LI II Pyramidal Fan,MEC LIII Superficial Multipolar Interneuron,e,i,48957.02616309121,0.89896,44010.40823957247
EC LI II Pyramidal Fan,EC LII III Pyramidal Tripolar,e,e,36616.84395766204,0.05827,2133.663497412967
EC LI II Pyramidal Fan,EC LIII Pyramidal Stellate,e,e,40945.92304494509,0.04652,1904.8043400508457
EC LI II Pyramidal Fan,EC LI II Multipolar Pyramidal,e,e,137058.64099133536,0.05452,7472.437106847604
EC LI II Pyramidal Fan,EC LIII V Bipolar Pyramidal,e,e,34791.03195635339,0.0197,685.3833295401618
MEC LIII Complex Pyramidal,MEC LV Pyramidal,e,e,6217.956198509413,0.02214,137.66555023499842
MEC LIII Complex Pyramidal,MEC LII Stellate,e,e,11943.98558728188,0.09989,1193.0847203135872
MEC LIII Complex Pyramidal,EC LI II Pyramidal Fan,e,e,1348.85781543744,0.01976,26.653430433043813
MEC LIII Complex Pyramidal,MEC LIII Complex Pyramidal,e,e,15198.307067518352,0.09565,1453.7180710081302
MEC LIII Complex Pyramidal,MEC LII III Pyramidal Multiform,e,e,9113.20304167728,0.05452,496.85182983224524
MEC LIII Complex Pyramidal,EC LIII Pyramidal,e,e,2263.442345026245,0.05263,119.1249706187313
MEC LIII Complex Pyramidal,EC LIII Stellate,e,e,2270.0925091398744,0.09565,217.134348499229
MEC LIII Complex Pyramidal,MEC LII Oblique Pyramidal,e,e,5698.416470127892,0.09989,569.2148212010752
MEC LIII Complex Pyramidal,EC LV Deep Pyramidal,e,e,1382.953670691488,0.02214,30.618594269109543
MEC LIII Complex Pyramidal,MEC LV Superficial Pyramidal,e,e,7287.243514507879,0.02214,161.33957141120445
MEC LIII Complex Pyramidal,MEC LIII Bipolar Complex Pyramidal,e,e,5474.179993366561,0.09565,523.6053163655115
MEC LIII Complex Pyramidal,MEC LV Multipolar Pyramidal,e,e,7220.592400894739,0.02214,159.8639157558095
MEC LIII Complex Pyramidal,MEC LIII Superficial Trilayered Interneuron,e,i,9253.64853144576,0.07016,649.2359809662346
MEC LIII Complex Pyramidal,MEC LIII Superficial Multipolar Interneuron,e,i,11683.137802442496,0.89896,10502.673558883705
MEC LIII Complex Pyramidal,EC LII III Pyramidal Tripolar,e,e,2712.297989939126,0.05827,158.0456038737529
MEC LIII Complex Pyramidal,EC LIV VI Deep Multipolar Principal,e,e,880.8524826077702,0.02244,19.766329709718363
MEC LIII Complex Pyramidal,EC LIII Pyramidal Stellate,e,e,4354.383151505184,0.04652,202.56590420802118
MEC LIII Complex Pyramidal,EC LI II Multipolar Pyramidal,e,e,10125.701504029441,0.05452,552.0532459996851
MEC LIII Complex Pyramidal,EC LIII V Bipolar Pyramidal,e,e,3587.653486362625,0.0197,70.6767736813437
LEC LIII Complex Pyramidal,EC LI II Pyramidal Fan,e,e,1170.4289599679028,0.01976,23.12767624896576
LEC LIII Complex Pyramidal,LEC LIII Complex Pyramidal,e,e,15997.088215080199,0.04652,744.1845437655309
LEC LIII Complex Pyramidal,EC LIII Pyramidal,e,e,5792.644579746419,0.05263,304.8668842320541
LEC LIII Complex Pyramidal,EC LIII Stellate,e,e,4412.752477521695,0.09565,422.07977447495017
LEC LIII Complex Pyramidal,EC LV Deep Pyramidal,e,e,8393.478744887827,0.02214,185.8316194118165
LEC LIII Complex Pyramidal,LEC LIII Multipolar Principal,e,e,18041.159977416577,0.04517,814.9191961799069
LEC LIII Complex Pyramidal,LEC LVI Multipolar Pyramidal,e,e,1549.9705618606465,0.03993,61.890324535095615
LEC LIII Complex Pyramidal,EC LII III Pyramidal Tripolar,e,e,6287.3310619349995,0.05827,366.36278097895246
LEC LIII Complex Pyramidal,EC LIV VI Deep Multipolar Principal,e,e,8112.004762856905,0.02244,182.03338687850896
LEC LIII Complex Pyramidal,EC LIII Pyramidal Stellate,e,e,11567.0694803664,0.04652,538.1000722266449
LEC LIII Complex Pyramidal,EC LI II Multipolar Pyramidal,e,e,4486.718086982209,0.05452,244.61587010227
LEC LIII Complex Pyramidal,EC LIII V Bipolar Pyramidal,e,e,16451.639891628045,0.0197,324.0973058650725
MEC LII III Pyramidal Multiform,MEC LV Pyramidal,e,e,24788.029214565962,0.02214,548.8069668104904
MEC LII III Pyramidal Multiform,MEC LII Stellate,e,e,3084.3218290500004,0.09989,308.09290750380455
MEC LII III Pyramidal Multiform,EC LI II Pyramidal Fan,e,e,451.0219131319999,0.01976,8.912193003488317
MEC LII III Pyramidal Multiform,MEC LIII Complex Pyramidal,e,e,13433.54615288,0.09565,1284.918689522972
MEC LII III Pyramidal Multiform,MEC LII III Pyramidal Multiform,e,e,5645.585230708501,0.05452,307.79730677822744
MEC LII III Pyramidal Multiform,EC LIII Pyramidal,e,e,1619.8060070911602,0.05263,85.25039015320776
MEC LII III Pyramidal Multiform,EC LIII Stellate,e,e,1348.90364749266,0.09565,129.02263388267292
MEC LII III Pyramidal Multiform,MEC LII Oblique Pyramidal,e,e,1803.987626222628,0.09989,180.20032398337833
MEC LII III Pyramidal Multiform,EC LV Deep Pyramidal,e,e,5981.216396512841,0.02214,132.4241310187943
MEC LII III Pyramidal Multiform,MEC LV Superficial Pyramidal,e,e,26638.982605368004,0.02214,589.7870748828476
MEC LII III Pyramidal Multiform,MEC LIII Bipolar Complex Pyramidal,e,e,5047.3074085952,0.09565,482.7749536321309
MEC LII III Pyramidal Multiform,MEC LV Multipolar Pyramidal,e,e,33908.9600890215,0.02214,750.744376370936
MEC LII III Pyramidal Multiform,MEC LIII Superficial Trilayered Interneuron,e,i,4328.393772342641,0.07016,303.6801070675597
MEC LII III Pyramidal Multiform,MEC LIII Superficial Multipolar Interneuron,e,i,7526.870261971199,0.89896,6766.355290701629
MEC LII III Pyramidal Multiform,MEC LV VI Pyramidal Polymorphic,e,e,20148.5072225745,0.06472,1304.0113874450215
MEC LII III Pyramidal Multiform,EC LII III Pyramidal Tripolar,e,e,1734.3210782054848,0.05827,101.0588892270336
MEC LII III Pyramidal Multiform,EC LIV VI Deep Multipolar Principal,e,e,5838.751829278367,0.02244,131.02159104900656
MEC LII III Pyramidal Multiform,EC LIII Pyramidal Stellate,e,e,3765.2250410138704,0.04652,175.15826890796524
MEC LII III Pyramidal Multiform,EC LI II Multipolar Pyramidal,e,e,1904.3382715812,0.05452,103.82452256660702
MEC LII III Pyramidal Multiform,EC LIII V Bipolar Pyramidal,e,e,7262.665097184001,0.0197,143.0745024145248
EC LIII Pyramidal,CA1 Pyramidal,e,e,13763.104815389612,0.02905,399.8181948870682
EC LIII Pyramidal,CA1 Quadrilaminar,e,i,7249.75466983697,0.07486,542.7166345839955
EC LIII Pyramidal,CA1 LMR,e,i,4948.161886502374,0.41516,2054.2788888003256
EC LIII Pyramidal,CA1 Perforant Path Associated,e,i,7455.365568318294,0.57998,4323.962922313244
EC LIII Pyramidal,CA1 Neurogliaform Projecting,e,i,9618.06307942848,0.02287,219.96510262652936
EC LIII Pyramidal,CA1 Neurogliaform,e,i,31583.403699433846,0.07081,2236.4208159569107
EC LIII Pyramidal,CA1 Radial Trilaminar,e,i,2895.0779942492395,0.12477,361.21888134247763
EC LIII Pyramidal,CA1 Schaffer Collateral Associated,e,i,5169.363250206938,0.04399,227.40028937660318
EC LIII Pyramidal,CA1 Axo Axonic,e,i,14236.478168585169,0.07601,1082.1147055941585
EC LIII Pyramidal,CA1 Radiatum Giant,e,e,10343.563728771458,0.00183,18.928721623651768
EC LIII Pyramidal,CA1 Oriens Alveus,e,i,7619.904881046958,0.1554,1184.1332185146973
EC LIII Pyramidal,CA1 Perforant Path Associated QuadD,e,i,10203.234356284773,0.33842,3452.978570853893
EC LIII Pyramidal,CA1 Basket,e,i,4924.201788873578,0.1666,820.3720180263381
EC LIII Pyramidal,CA1 Basket CCK+,e,i,13598.96991540523,0.12483,1697.5594145400348
EC LIII Pyramidal,SUB CA1 Projecting Pyramidal,e,e,1350.1874581786028,0.02145,28.96152097793103
EC LIII Pyramidal,MEC LV Pyramidal,e,e,576.3369403003212,0.02214,12.760099858249111
EC LIII Pyramidal,MEC LIII Complex Pyramidal,e,e,997.2191858537999,0.09565,95.38401512691595
EC LIII Pyramidal,LEC LIII Complex Pyramidal,e,e,1230.583571098875,0.04652,57.24674772751966
EC LIII Pyramidal,MEC LII III Pyramidal Multiform,e,e,321.60293311233784,0.05452,17.53379191328466
EC LIII Pyramidal,EC LIII Pyramidal,e,e,333.36620050798683,0.05263,17.545063132735347
EC LIII Pyramidal,EC LIII Stellate,e,e,168.542970659427,0.09565,16.121135143574193
EC LIII Pyramidal,EC LV Deep Pyramidal,e,e,1421.968475597691,0.02214,31.482382049732877
EC LIII Pyramidal,MEC LV Superficial Pyramidal,e,e,793.259935812519,0.02214,17.56277497888917
EC LIII Pyramidal,MEC LIII Bipolar Complex Pyramidal,e,e,316.2119960242319,0.09565,30.24567741971778
EC LIII Pyramidal,LEC LIII Multipolar Principal,e,e,1848.3378212197078,0.04517,83.48941938449421
EC LIII Pyramidal,MEC LV Multipolar Pyramidal,e,e,1311.532103331975,0.02214,29.037320767769923
EC LIII Pyramidal,MEC LIII Superficial Trilayered Interneuron,e,i,153.559740831048,0.07016,10.773751416706327
EC LIII Pyramidal,MEC LIII Superficial Multipolar Interneuron,e,i,552.2581592735999,0.89896,496.4579948605953
EC LIII Pyramidal,MEC LV VI Pyramidal Polymorphic,e,e,740.1247902146702,0.06472,47.90087642269345
EC LIII Pyramidal,LEC LVI Multipolar Pyramidal,e,e,1141.109976434688,0.03993,45.56452135903709
EC LIII Pyramidal,EC LII III Pyramidal Tripolar,e,e,319.3110824536083,0.05827,18.606256774571758
EC LIII Pyramidal,EC LIV VI Deep Multipolar Principal,e,e,1934.2658568519,0.02244,43.40492582775664
EC LIII Pyramidal,EC LIII Pyramidal Stellate,e,e,1188.8664493736624,0.04652,55.30606722486277
EC LIII Pyramidal,EC LIII V Bipolar Pyramidal,e,e,1746.3433786676997,0.0197,34.402964559753684
EC LIII Stellate,MEC LIII Complex Pyramidal,e,e,1733.53088418378,0.09565,165.81222907217855
EC LIII Stellate,LEC LIII Complex Pyramidal,e,e,1160.795323551864,0.04652,54.000198451632706
EC LIII Stellate,MEC LII III Pyramidal Multiform,e,e,1177.7639263014241,0.05452,64.21168926195364
EC LIII Stellate,EC LIII Pyramidal,e,e,1243.017459091584,0.05263,65.42000887199006
EC LIII Stellate,EC LIII Stellate,e,e,634.4436658778064,0.09565,60.68453664121218
EC LIII Stellate,MEC LV Superficial Pyramidal,e,e,578.0810890828511,0.02214,12.798715312294323
EC LIII Stellate,MEC LIII Bipolar Complex Pyramidal,e,e,1155.16026651828,0.09565,110.49107949247347
EC LIII Stellate,LEC LIII Multipolar Principal,e,e,2274.8601446247594,0.04517,102.75543273270038
EC LIII Stellate,MEC LIII Superficial Trilayered Interneuron,e,i,617.5361356910593,0.07016,43.32633528008472
EC LIII Stellate,MEC LIII Superficial Multipolar Interneuron,e,i,1977.428928448512,0.89896,1777.6295095180742
EC LIII Stellate,EC LII III Pyramidal Tripolar,e,e,1198.146565002816,0.05827,69.81600034271409
EC LIII Stellate,EC LIII Pyramidal Stellate,e,e,1965.8234920787231,0.04652,91.4501088515022
EC LIII Stellate,EC LIII V Bipolar Pyramidal,e,e,873.258533082144,0.0197,17.203193101718238
MEC LII Oblique Pyramidal,MEC LIII Complex Pyramidal,e,e,4761.525294981,0.09565,455.43989446493265
MEC LII Oblique Pyramidal,MEC LII III Pyramidal Multiform,e,e,628.8219653032801,0.05452,34.28337354833483
MEC LII Oblique Pyramidal,EC LIII Pyramidal,e,e,227.7542037249,0.05263,11.986703742041488
MEC LII Oblique Pyramidal,EC LIII Stellate,e,e,107.952083400616,0.09565,10.325616777268921
MEC LII Oblique Pyramidal,MEC LV Superficial Pyramidal,e,e,3325.8867929279995,0.02214,73.63513359542591
MEC LII Oblique Pyramidal,MEC LIII Bipolar Complex Pyramidal,e,e,601.5577032486001,0.09565,57.5389943157286
MEC LII Oblique Pyramidal,MEC LV Multipolar Pyramidal,e,e,2899.5512789880004,0.02214,64.19606531679433
MEC LII Oblique Pyramidal,MEC LIII Superficial Trilayered Interneuron,e,i,413.98734304728,0.07016,29.04535198819716
MEC LII Oblique Pyramidal,MEC LIII Superficial Multipolar Interneuron,e,i,944.5217367168,0.89896,849.0872604389344
MEC LII Oblique Pyramidal,EC LII III Pyramidal Tripolar,e,e,205.48095399136795,0.05827,11.97337518907701
MEC LII Oblique Pyramidal,EC LIV VI Deep Multipolar Principal,e,e,384.7664450123,0.02244,8.634159026076013
MEC LII Oblique Pyramidal,EC LIII Pyramidal Stellate,e,e,942.9774644946601,0.04652,43.86731164829159
MEC LII Oblique Pyramidal,EC LIII V Bipolar Pyramidal,e,e,623.60285516672,0.0197,12.284976246784383
EC LV Deep Pyramidal,MEC LV Pyramidal,e,e,7786.634975401413,0.02214,172.39609835538727
EC LV Deep Pyramidal,EC LV Deep Pyramidal,e,e,17984.56198284922,0.02214,398.1782023002817
EC LV Deep Pyramidal,MEC LV Superficial Pyramidal,e,e,3228.585362122781,0.02214,71.48087991739837
EC LV Deep Pyramidal,LEC LIII Multipolar Principal,e,e,4372.424863340489,0.04517,197.50243107708988
EC LV Deep Pyramidal,MEC LV Multipolar Pyramidal,e,e,7634.5684559711835,0.02214,169.029345615202
EC LV Deep Pyramidal,MEC LV VI Pyramidal Polymorphic,e,e,9789.211073540053,0.06472,633.5577406795122
EC LV Deep Pyramidal,LEC LVI Multipolar Pyramidal,e,e,15248.954929112575,0.03993,608.8907703194651
EC LV Deep Pyramidal,EC LIV VI Deep Multipolar Principal,e,e,14554.730021045762,0.02244,326.6081416722669
EC LV Deep Pyramidal,EC LIII V Bipolar Pyramidal,e,e,9157.388271811416,0.0197,180.4005489546849
MEC LV Superficial Pyramidal,MEC LV Pyramidal,e,e,6254.642574240605,0.02214,138.477786593687
MEC LV Superficial Pyramidal,MEC LII Stellate,e,e,1351.61161379244,0.09989,135.01248410172684
MEC LV Superficial Pyramidal,EC LI II Pyramidal Fan,e,e,153.7346154751344,0.01976,3.0377960017886556
MEC LV Superficial Pyramidal,MEC LIII Complex Pyramidal,e,e,5185.17776685636,0.09565,495.96225339981083
MEC LV Superficial Pyramidal,MEC LII III Pyramidal Multiform,e,e,2188.245157191324,0.05452,119.30312597007098
MEC LV Superficial Pyramidal,EC LIII Pyramidal,e,e,635.664177902754,0.05263,33.455005683021945
MEC LV Superficial Pyramidal,EC LIII Stellate,e,e,455.8654892171771,0.09565,43.60353404362299
MEC LV Superficial Pyramidal,MEC LII Oblique Pyramidal,e,e,705.9759752707199,0.09989,70.51994016979222
MEC LV Superficial Pyramidal,EC LV Deep Pyramidal,e,e,1234.58882990625,0.02214,27.333796694124377
MEC LV Superficial Pyramidal,MEC LV Superficial Pyramidal,e,e,4703.861230689347,0.02214,104.14348764746215
MEC LV Superficial Pyramidal,MEC LIII Bipolar Complex Pyramidal,e,e,1973.7403914468243,0.09565,188.78826844188873
MEC LV Superficial Pyramidal,MEC LV Multipolar Pyramidal,e,e,9869.518800771839,0.02214,218.5111462490885
MEC LV Superficial Pyramidal,MEC LIII Superficial Trilayered Interneuron,e,i,1553.774689527858,0.07016,109.01283221727452
MEC LV Superficial Pyramidal,MEC LIII Superficial Multipolar Interneuron,e,i,3288.000011921856,0.89896,2955.7804907172717
MEC LV Superficial Pyramidal,MEC LV VI Pyramidal Polymorphic,e,e,1529.484520291875,0.06472,98.98823815329015
MEC LV Superficial Pyramidal,EC LII III Pyramidal Tripolar,e,e,723.2629238714879,0.05827,42.1445305739916
MEC LV Superficial Pyramidal,EC LIV VI Deep Multipolar Principal,e,e,1128.712474306053,0.02244,25.328307923427833
MEC LV Superficial Pyramidal,EC LIII Pyramidal Stellate,e,e,1527.6819196809452,0.04652,71.06776290355756
MEC LV Superficial Pyramidal,EC LI II Multipolar Pyramidal,e,e,749.6833818411002,0.05452,40.87273797797678
MEC LV Superficial Pyramidal,EC LIII V Bipolar Pyramidal,e,e,2027.89845025488,0.0197,39.949599470021134
MEC LIII Bipolar Complex Pyramidal,MEC LV Pyramidal,e,e,1033.622174671758,0.02214,22.884394947232725
MEC LIII Bipolar Complex Pyramidal,MEC LII Stellate,e,e,2688.7275748805996,0.09989,268.57699745482313
MEC LIII Bipolar Complex Pyramidal,EC LI II Pyramidal Fan,e,e,325.8739337511959,0.01976,6.439268930923632
MEC LIII Bipolar Complex Pyramidal,MEC LIII Complex Pyramidal,e,e,9003.569463790402,0.09565,861.1914192115519
MEC LIII Bipolar Complex Pyramidal,MEC LII III Pyramidal Multiform,e,e,2863.22870187144,0.05452,156.10322882603091
MEC LIII Bipolar Complex Pyramidal,EC LIII Pyramidal,e,e,791.619310075584,0.05263,41.66292428927799
MEC LIII Bipolar Complex Pyramidal,EC LIII Stellate,e,e,689.6506326838241,0.09565,65.96508301620779
MEC LIII Bipolar Complex Pyramidal,MEC LII Oblique Pyramidal,e,e,1295.3653254289438,0.09989,129.39404235709722
MEC LIII Bipolar Complex Pyramidal,EC LV Deep Pyramidal,e,e,326.3117044732651,0.02214,7.224541137038089
MEC LIII Bipolar Complex Pyramidal,MEC LV Superficial Pyramidal,e,e,6611.57488399954,0.02214,146.3802679317498
MEC LIII Bipolar Complex Pyramidal,MEC LIII Bipolar Complex Pyramidal,e,e,1846.476609982326,0.09565,176.61548774480949
MEC LIII Bipolar Complex Pyramidal,MEC LV Multipolar Pyramidal,e,e,3981.0305590977605,0.02214,88.14001657842442
MEC LIII Bipolar Complex Pyramidal,MEC LIII Superficial Trilayered Interneuron,e,i,2790.2404263322164,0.07016,195.7632683114683
MEC LIII Bipolar Complex Pyramidal,MEC LIII Superficial Multipolar Interneuron,e,i,3478.5484846848,0.89896,3127.0759457922477
MEC LIII Bipolar Complex Pyramidal,EC LII III Pyramidal Tripolar,e,e,897.8498190301857,0.05827,52.31770895488892
MEC LIII Bipolar Complex Pyramidal,EC LIV VI Deep Multipolar Principal,e,e,554.4914130826198,0.02244,12.44278730957399
MEC LIII Bipolar Complex Pyramidal,EC LIII Pyramidal Stellate,e,e,2096.4125172900003,0.04652,97.52511030433081
MEC LIII Bipolar Complex Pyramidal,EC LI II Multipolar Pyramidal,e,e,2033.0230997349,0.05452,110.84041939754674
MEC LIII Bipolar Complex Pyramidal,EC LIII V Bipolar Pyramidal,e,e,1699.4601532496001,0.0197,33.47936501901712
LEC LIII Multipolar Principal,EC LI II Pyramidal Fan,e,e,1613.42081052243,0.01976,31.881195215923217
LEC LIII Multipolar Principal,LEC LIII Complex Pyramidal,e,e,11953.215801988777,0.04652,556.0635991085179
LEC LIII Multipolar Principal,EC LIII Pyramidal,e,e,4835.721613177712,0.05263,254.50402850154302
LEC LIII Multipolar Principal,EC LIII Stellate,e,e,4257.262441353492,0.09565,407.20715251546153
LEC LIII Multipolar Principal,EC LV Deep Pyramidal,e,e,5510.1422033750405,0.02214,121.9945483827234
LEC LIII Multipolar Principal,LEC LIII Multipolar Principal,e,e,10989.807058186854,0.04517,496.40958481830023
LEC LIII Multipolar Principal,LEC LVI Multipolar Pyramidal,e,e,817.2360433315584,0.03993,32.632235210229126
LEC LIII Multipolar Principal,EC LII III Pyramidal Tripolar,e,e,5365.5877078432195,0.05827,312.6527957360244
LEC LIII Multipolar Principal,EC LIV VI Deep Multipolar Principal,e,e,4293.876969216016,0.02244,96.3545991892074
LEC LIII Multipolar Principal,EC LIII Pyramidal Stellate,e,e,8728.5817919846,0.04652,406.0536249631236
LEC LIII Multipolar Principal,EC LI II Multipolar Pyramidal,e,e,9894.567638517912,0.05452,539.4518276519966
LEC LIII Multipolar Principal,EC LIII V Bipolar Pyramidal,e,e,10633.01180912755,0.0197,209.47033263981274
MEC LV Multipolar Pyramidal,MEC LV Pyramidal,e,e,5226.221826025198,0.02214,115.70855122819789
MEC LV Multipolar Pyramidal,MEC LIII Complex Pyramidal,e,e,4780.347932672001,0.09565,457.2402797600769
MEC LV Multipolar Pyramidal,MEC LII III Pyramidal Multiform,e,e,1587.18311807328,0.05452,86.53322359735522
MEC LV Multipolar Pyramidal,EC LIII Pyramidal,e,e,504.17231304819603,0.05263,26.53458883572656
MEC LV Multipolar Pyramidal,EC LIII Stellate,e,e,336.76088240496006,0.09565,32.21117840203443
MEC LV Multipolar Pyramidal,EC LV Deep Pyramidal,e,e,1279.9790553164162,0.02214,28.338736284705455
MEC LV Multipolar Pyramidal,MEC LV Superficial Pyramidal,e,e,6253.279778163601,0.02214,138.44761428854213
MEC LV Multipolar Pyramidal,MEC LIII Bipolar Complex Pyramidal,e,e,1558.52223495696,0.09565,149.07265177363323
MEC LV Multipolar Pyramidal,MEC LV Multipolar Pyramidal,e,e,9114.13643872914,0.02214,201.78698075346315
MEC LV Multipolar Pyramidal,MEC LIII Superficial Trilayered Interneuron,e,i,1071.468316764456,0.07016,75.17421710419423
MEC LV Multipolar Pyramidal,MEC LIII Superficial Multipolar Interneuron,e,i,2257.481627401728,0.89896,2029.3856837690573
MEC LV Multipolar Pyramidal,MEC LV VI Pyramidal Polymorphic,e,e,4790.628658015199,0.06472,310.0494867467437
MEC LV Multipolar Pyramidal,EC LII III Pyramidal Tripolar,e,e,509.50097085888,0.05827,29.68862157194694
MEC LV Multipolar Pyramidal,EC LIV VI Deep Multipolar Principal,e,e,1534.7480454310476,0.02244,34.43974613947271
MEC LV Multipolar Pyramidal,EC LIII Pyramidal Stellate,e,e,1146.2730459152701,0.04652,53.32462209597836
MEC LV Multipolar Pyramidal,EC LIII V Bipolar Pyramidal,e,e,1618.6681007777277,0.0197,31.887761585321233
MEC LIII Superficial Trilayered Interneuron,MEC LV Pyramidal,i,e,-1975.057523452104,0.02214,-43.72777356922958
MEC LIII Superficial Trilayered Interneuron,MEC LII Stellate,i,e,-2324.9235135293998,0.09989,-232.23660976645175
MEC LIII Superficial Trilayered Interneuron,EC LI II Pyramidal Fan,i,e,-643.9387919240061,0.01976,-12.72423052841836
MEC LIII Superficial Trilayered Interneuron,MEC LIII Complex Pyramidal,i,e,-1952.434496304504,0.09565,-186.7503595715258
MEC LIII Superficial Trilayered Interneuron,MEC LII III Pyramidal Multiform,i,e,-1958.9893363888002,0.05452,-106.80409861991738
MEC LIII Superficial Trilayered Interneuron,EC LIII Pyramidal,i,e,-634.834540333368,0.05263,-33.41134185774516
MEC LIII Superficial Trilayered Interneuron,EC LIII Stellate,i,e,-664.3395879144961,0.09565,-63.54408158402155
MEC LIII Superficial Trilayered Interneuron,MEC LII Oblique Pyramidal,i,e,-1382.5080692325,0.09989,-138.09873103563444
MEC LIII Superficial Trilayered Interneuron,EC LV Deep Pyramidal,i,e,-632.1073700203417,0.02214,-13.994857172250365
MEC LIII Superficial Trilayered Interneuron,MEC LV Superficial Pyramidal,i,e,-1374.680935466849,0.02214,-30.435435911236034
MEC LIII Superficial Trilayered Interneuron,MEC LIII Bipolar Complex Pyramidal,i,e,-855.85793241677,0.09565,-81.86281123566405
MEC LIII Superficial Trilayered Interneuron,MEC LIII Superficial Trilayered Interneuron,i,i,-1330.89218843136,0.07016,-93.37539594034422
MEC LIII Superficial Trilayered Interneuron,MEC LIII Superficial Multipolar Interneuron,i,i,-2840.5728637809607,0.89896,-2553.5613816245323
MEC LIII Superficial Trilayered Interneuron,EC LII III Pyramidal Tripolar,i,e,-453.3228520128001,0.05827,-26.415122586785863
MEC LIII Superficial Trilayered Interneuron,EC LIII Pyramidal Stellate,i,e,-708.3808741301762,0.04652,-32.953878264535795
MEC LIII Superficial Trilayered Interneuron,EC LI II Multipolar Pyramidal,i,e,-2372.498740424376,0.05452,-129.34863132793697
MEC LIII Superficial Trilayered Interneuron,EC LIII V Bipolar Pyramidal,i,e,-520.0073196262559,0.0197,-10.244144196637242
MEC LIII Superficial Multipolar Interneuron,MEC LV Pyramidal,i,e,-507.13933294824807,0.02214,-11.228064831474212
MEC LIII Superficial Multipolar Interneuron,MEC LII Stellate,i,e,-1072.76215812255,0.09989,-107.15821197486153
MEC LIII Superficial Multipolar Interneuron,EC LI II Pyramidal Fan,i,e,-340.14305896786794,0.01976,-6.72122684520507
MEC LIII Superficial Multipolar Interneuron,MEC LIII Complex Pyramidal,i,e,-4032.6695741217595,0.09565,-385.7248447647463
MEC LIII Superficial Multipolar Interneuron,MEC LII III Pyramidal Multiform,i,e,-3829.7318267829123,0.05452,-208.79697919620438
MEC LIII Superficial Multipolar Interneuron,EC LIII Pyramidal,i,e,-1460.10647200833,0.05263,-76.84540362179841
MEC LIII Superficial Multipolar Interneuron,EC LIII Stellate,i,e,-1323.496993309848,0.09565,-126.59248741008696
MEC LIII Superficial Multipolar Interneuron,MEC LII Oblique Pyramidal,i,e,-734.8055678236001,0.09989,-73.39972816989942
MEC LIII Superficial Multipolar Interneuron,EC LV Deep Pyramidal,i,e,-331.988901090798,0.02214,-7.350234270150267
MEC LIII Superficial Multipolar Interneuron,MEC LV Superficial Pyramidal,i,e,-2896.120181094336,0.02214,-64.1201008094286
MEC LIII Superficial Multipolar Interneuron,MEC LIII Bipolar Complex Pyramidal,i,e,-4202.789849936128,0.09565,-401.9968491463907
MEC LIII Superficial Multipolar Interneuron,MEC LIII Superficial Trilayered Interneuron,i,i,-2200.5252160560003,0.07016,-154.388849158489
MEC LIII Superficial Multipolar Interneuron,MEC LIII Superficial Multipolar Interneuron,i,i,-5219.3534247232,0.89896,-4691.9899546891675
MEC LIII Superficial Multipolar Interneuron,EC LII III Pyramidal Tripolar,i,e,-957.1436894949301,0.05827,-55.77276278686958
MEC LIII Superficial Multipolar Interneuron,EC LIII Pyramidal Stellate,i,e,-1455.5126267613507,0.04652,-67.71044739693804
MEC LIII Superficial Multipolar Interneuron,EC LI II Multipolar Pyramidal,i,e,-771.8233421009201,0.05452,-42.07980861134216
MEC LIII Superficial Multipolar Interneuron,EC LIII V Bipolar Pyramidal,i,e,-1026.7845741790559,0.0197,-20.2276561113274
MEC LV VI Pyramidal Polymorphic,EC LV Deep Pyramidal,e,e,3533.356249384122,0.02214,78.22850736136446
MEC LV VI Pyramidal Polymorphic,MEC LV VI Pyramidal Polymorphic,e,e,20643.69725620272,0.06472,1336.06008642144
MEC LV VI Pyramidal Polymorphic,EC LIV VI Deep Multipolar Principal,e,e,3867.021652558802,0.02244,86.77596588341953
LEC LVI Multipolar Pyramidal,LEC LIII Complex Pyramidal,e,e,3781.8665078150257,0.04652,175.93242994355498
LEC LVI Multipolar Pyramidal,EC LIII Pyramidal,e,e,875.9650730863502,0.05263,46.102041796534614
LEC LVI Multipolar Pyramidal,EC LIII Stellate,e,e,454.1538316574701,0.09565,43.43981399803702
LEC LVI Multipolar Pyramidal,EC LV Deep Pyramidal,e,e,5030.030336213663,0.02214,111.3648716437705
LEC LVI Multipolar Pyramidal,LEC LIII Multipolar Principal,e,e,6730.83360175275,0.04517,304.03175379117175
LEC LVI Multipolar Pyramidal,LEC LVI Multipolar Pyramidal,e,e,5326.009457683199,0.03993,212.66755764529015
LEC LVI Multipolar Pyramidal,EC LII III Pyramidal Tripolar,e,e,840.7068499479375,0.05827,48.98798814646632
LEC LVI Multipolar Pyramidal,EC LIV VI Deep Multipolar Principal,e,e,6149.43014629632,0.02244,137.99321248288945
LEC LVI Multipolar Pyramidal,EC LIII Pyramidal Stellate,e,e,2987.83754405325,0.04652,138.9942025493572
LEC LVI Multipolar Pyramidal,EC LIII V Bipolar Pyramidal,e,e,5129.4303605531995,0.0197,101.04977810289803
EC LII III Pyramidal Tripolar,DG Granule,e,e,62906.88601300147,0.04463,2807.5343227602557
EC LII III Pyramidal Tripolar,DG Semilunar Granule,e,e,58949.3873572154,0.00401,236.3870433024337
EC LII III Pyramidal Tripolar,DG Total Molecular Layer,e,i,7347.7375864233145,0.0744,546.6716764298945
EC LII III Pyramidal Tripolar,DG MOLAX,e,i,11565.44761594319,0.0744,860.4693026261733
EC LII III Pyramidal Tripolar,DG Neurogliaform,e,i,17690.39374932756,0.01186,209.80806986702487
EC LII III Pyramidal Tripolar,DG MOPP,e,i,44677.86627047443,0.01389,620.5755624968898
EC LII III Pyramidal Tripolar,DG HICAP,e,i,13922.543433947549,0.21477,2990.1446533089147
EC LII III Pyramidal Tripolar,DG Axo Axonic,e,i,98332.22716273698,0.27069,26617.550570681273
EC LII III Pyramidal Tripolar,DG AIPRIM,e,i,15109.320266620372,0.2501,3778.840998681755
EC LII III Pyramidal Tripolar,DG Basket,e,i,41698.796237961695,0.09135,3809.1850363378007
EC LII III Pyramidal Tripolar,DG Hilar Ectopic Granule,e,e,37749.179804518,0.02539,958.4516752367119
EC LII III Pyramidal Tripolar,CA1 Neurogliaform Projecting,e,i,13907.09195259268,0.02287,318.0551929557946
EC LII III Pyramidal Tripolar,SUB CA1 Projecting Pyramidal,e,e,20349.77965783223,0.02145,436.50277366050136
EC LII III Pyramidal Tripolar,MEC LV Pyramidal,e,e,21246.86167602616,0.02214,470.4055175072192
EC LII III Pyramidal Tripolar,MEC LII Stellate,e,e,31925.578683463933,0.09989,3189.0460546912122
EC LII III Pyramidal Tripolar,EC LI II Pyramidal Fan,e,e,18827.748042067968,0.01976,372.03630131126306
EC LII III Pyramidal Tripolar,MEC LIII Complex Pyramidal,e,e,26013.027138860743,0.09565,2488.1460458320303
EC LII III Pyramidal Tripolar,LEC LIII Complex Pyramidal,e,e,31671.01226029642,0.04652,1473.3354903489894
EC LII III Pyramidal Tripolar,MEC LII III Pyramidal Multiform,e,e,36533.6110884276,0.05452,1991.8124765410726
EC LII III Pyramidal Tripolar,EC LIII Pyramidal,e,e,31577.569424004872,0.05263,1661.9274787853765
EC LII III Pyramidal Tripolar,EC LIII Stellate,e,e,28855.307899746276,0.09565,2760.0102006107313
EC LII III Pyramidal Tripolar,MEC LII Oblique Pyramidal,e,e,18337.84404080714,0.09989,1831.7672412362253
EC LII III Pyramidal Tripolar,EC LV Deep Pyramidal,e,e,18188.39824676406,0.02214,402.69113718335626
EC LII III Pyramidal Tripolar,MEC LV Superficial Pyramidal,e,e,19795.518419235217,0.02214,438.27277780186773
EC LII III Pyramidal Tripolar,MEC LIII Bipolar Complex Pyramidal,e,e,14242.06117503855,0.09565,1362.2531513924373
EC LII III Pyramidal Tripolar,LEC LIII Multipolar Principal,e,e,13694.270012902922,0.04517,618.570176482825
EC LII III Pyramidal Tripolar,MEC LIII Superficial Trilayered Interneuron,e,i,35152.7796781056,0.07016,2466.319022215889
EC LII III Pyramidal Tripolar,MEC LIII Superficial Multipolar Interneuron,e,i,38880.162261599995,0.89896,34951.71066668793
EC LII III Pyramidal Tripolar,EC LII III Pyramidal Tripolar,e,e,39081.823277108306,0.05827,2277.297842357101
EC LII III Pyramidal Tripolar,EC LIII Pyramidal Stellate,e,e,35373.501929636644,0.04652,1645.5753097666966
EC LII III Pyramidal Tripolar,EC LI II Multipolar Pyramidal,e,e,77336.67835013902,0.05452,4216.395703649579
EC LII III Pyramidal Tripolar,EC LIII V Bipolar Pyramidal,e,e,32238.57826455552,0.0197,635.0999918117437
EC LIV VI Deep Multipolar Principal,SUB CA1 Projecting Pyramidal,e,e,51311.64873376389,0.02145,1100.6348653392354
EC LIV VI Deep Multipolar Principal,MEC LV Pyramidal,e,e,21638.54083528847,0.02214,479.0772940932867
EC LIV VI Deep Multipolar Principal,MEC LIII Complex Pyramidal,e,e,14924.373513522622,0.09565,1427.5163265684387
EC LIV VI Deep Multipolar Principal,LEC LIII Complex Pyramidal,e,e,28354.696766759524,0.04652,1319.060493589653
EC LIV VI Deep Multipolar Principal,EC LV Deep Pyramidal,e,e,59641.2310099648,0.02214,1320.4568545606207
EC LIV VI Deep Multipolar Principal,MEC LV Superficial Pyramidal,e,e,29858.521317959265,0.02214,661.0676619796182
EC LIV VI Deep Multipolar Principal,LEC LIII Multipolar Principal,e,e,41790.7245802601,0.04517,1887.6870292903488
EC LIV VI Deep Multipolar Principal,MEC LV Multipolar Pyramidal,e,e,53038.934253213774,0.02214,1174.282004366153
EC LIV VI Deep Multipolar Principal,MEC LV VI Pyramidal Polymorphic,e,e,39895.29329897916,0.06472,2582.023382309931
EC LIV VI Deep Multipolar Principal,LEC LVI Multipolar Pyramidal,e,e,56257.5410565934,0.03993,2246.3636143897743
EC LIV VI Deep Multipolar Principal,EC LIV VI Deep Multipolar Principal,e,e,87760.43376794651,0.02244,1969.34413375272
EC LIV VI Deep Multipolar Principal,EC LIII Pyramidal Stellate,e,e,21744.318866860627,0.04652,1011.5457136863564
EC LIV VI Deep Multipolar Principal,EC LIII V Bipolar Pyramidal,e,e,52872.38912395442,0.0197,1041.5860657419018
EC LIII Pyramidal Stellate,CA1 Pyramidal,e,e,184216.6647380285,0.02905,5351.494110639728
EC LIII Pyramidal Stellate,CA1 Quadrilaminar,e,i,97390.96664391653,0.07486,7290.687762963591
EC LIII Pyramidal Stellate,CA1 LMR,e,i,66324.52941582358,0.41516,27535.291632273314
EC LIII Pyramidal Stellate,CA1 Perforant Path Associated,e,i,100124.72207829429,0.57998,58070.33631096913
EC LIII Pyramidal Stellate,CA1 Neurogliaform Projecting,e,i,128820.7189033971,0.02287,2946.129841320692
EC LIII Pyramidal Stellate,CA1 Neurogliaform,e,i,423904.0354914476,0.07081,30016.644753149405
EC LIII Pyramidal Stellate,CA1 Radial Trilaminar,e,i,38955.51052440688,0.12477,4860.479048130247
EC LIII Pyramidal Stellate,CA1 Schaffer Collateral Associated,e,i,70048.71399103873,0.04399,3081.442928465794
EC LIII Pyramidal Stellate,CA1 Axo Axonic,e,i,190946.22898888658,0.07601,14513.822865445267
EC LIII Pyramidal Stellate,CA1 Radiatum Giant,e,e,138467.35893446184,0.00183,253.39526685006516
EC LIII Pyramidal Stellate,CA1 Oriens Alveus,e,i,102657.25494013868,0.1554,15952.937417697553
EC LIII Pyramidal Stellate,CA1 Perforant Path Associated QuadD,e,i,137013.15820290684,0.33842,46367.99299902773
EC LIII Pyramidal Stellate,CA1 Basket,e,i,66529.69193039142,0.1666,11083.84667560321
EC LIII Pyramidal Stellate,CA1 Basket CCK+,e,i,183063.75041882004,0.12483,22851.847964781304
EC LIII Pyramidal Stellate,SUB CA1 Projecting Pyramidal,e,e,18172.24074160014,0.02145,389.79456390732304
EC LIII Pyramidal Stellate,MEC LIII Complex Pyramidal,e,e,6768.76548372316,0.09565,647.4324185181202
EC LIII Pyramidal Stellate,LEC LIII Complex Pyramidal,e,e,4414.658708886451,0.04652,205.36992313739768
EC LIII Pyramidal Stellate,MEC LII III Pyramidal Multiform,e,e,4431.484132046899,0.05452,241.6045148791969
EC LIII Pyramidal Stellate,EC LIII Pyramidal,e,e,4597.951652678861,0.05263,241.99019548048847
EC LIII Pyramidal Stellate,EC LIII Stellate,e,e,2349.2080355927037,0.09565,224.70174860444212
EC LIII Pyramidal Stellate,MEC LV Superficial Pyramidal,e,e,2137.5780859762563,0.02214,47.32597882351431
EC LIII Pyramidal Stellate,MEC LIII Bipolar Complex Pyramidal,e,e,4379.685180436685,0.09565,418.9168875087689
EC LIII Pyramidal Stellate,LEC LIII Multipolar Principal,e,e,8857.25795529523,0.04517,400.08234184068556
EC LIII Pyramidal Stellate,MEC LIII Superficial Trilayered Interneuron,e,i,2131.538321997005,0.07016,149.54872867130987
EC LIII Pyramidal Stellate,MEC LIII Superficial Multipolar Interneuron,e,i,7615.628030754817,0.89896,6846.14497452735
EC LIII Pyramidal Stellate,EC LII III Pyramidal Tripolar,e,e,4370.014730352833,0.05827,254.64075833765958
EC LIII Pyramidal Stellate,EC LIII Pyramidal Stellate,e,e,7742.542195556043,0.04652,360.1830629372671
EC LIII Pyramidal Stellate,EC LIII V Bipolar Pyramidal,e,e,3262.054661180621,0.0197,64.26247682525823
EC LI II Multipolar Pyramidal,MEC LV Pyramidal,e,e,105271.3598729232,0.02214,2330.70790758652
EC LI II Multipolar Pyramidal,MEC LII Stellate,e,e,241611.07233899788,0.09989,24134.5300159425
EC LI II Multipolar Pyramidal,EC LI II Pyramidal Fan,e,e,135890.6828359121,0.01976,2685.199892837623
EC LI II Multipolar Pyramidal,MEC LIII Complex Pyramidal,e,e,145068.77664229058,0.09565,13875.828485835094
EC LI II Multipolar Pyramidal,LEC LIII Complex Pyramidal,e,e,368742.2194593228,0.04652,17153.888049247696
EC LI II Multipolar Pyramidal,MEC LII III Pyramidal Multiform,e,e,392297.275674549,0.05452,21388.04746977641
EC LI II Multipolar Pyramidal,EC LIII Pyramidal,e,e,457228.61342064163,0.05263,24063.94192432837
EC LI II Multipolar Pyramidal,EC LIII Stellate,e,e,306846.41757806396,0.09565,29349.85984134182
EC LI II Multipolar Pyramidal,MEC LII Oblique Pyramidal,e,e,160408.4870247552,0.09989,16023.203768902797
EC LI II Multipolar Pyramidal,EC LV Deep Pyramidal,e,e,127246.0525840919,0.02214,2817.2276042117946
EC LI II Multipolar Pyramidal,MEC LV Superficial Pyramidal,e,e,55913.647163635804,0.02214,1237.9281482028966
EC LI II Multipolar Pyramidal,MEC LIII Bipolar Complex Pyramidal,e,e,320940.94475349196,0.09565,30698.001365671505
EC LI II Multipolar Pyramidal,LEC LIII Multipolar Principal,e,e,199992.31318151238,0.04517,9033.652786408915
EC LI II Multipolar Pyramidal,MEC LIII Superficial Trilayered Interneuron,e,i,397502.81949142436,0.07016,27888.797815518334
EC LI II Multipolar Pyramidal,MEC LIII Superficial Multipolar Interneuron,e,i,454021.4724656621,0.89896,408147.1428877316
EC LI II Multipolar Pyramidal,EC LII III Pyramidal Tripolar,e,e,495186.07152310305,0.05827,28854.492387651215
EC LI II Multipolar Pyramidal,EC LIII Pyramidal Stellate,e,e,400546.07263428235,0.04652,18633.403298946814
EC LI II Multipolar Pyramidal,EC LI II Multipolar Pyramidal,e,e,335584.71130231285,0.05452,18296.078460202098
EC LI II Multipolar Pyramidal,EC LIII V Bipolar Pyramidal,e,e,321940.9836875456,0.0197,6342.237378644648
EC LIII V Bipolar Pyramidal,MEC LV Pyramidal,e,e,10208.751569359201,0.02214,226.0217597456127
EC LIII V Bipolar Pyramidal,MEC LIII Complex Pyramidal,e,e,11036.10794814216,0.09565,1055.6037252397975
EC LIII V Bipolar Pyramidal,LEC LIII Complex Pyramidal,e,e,12436.344065343743,0.04652,578.5387259197909
EC LIII V Bipolar Pyramidal,MEC LII III Pyramidal Multiform,e,e,5436.8851431258,0.05452,296.4189780032186
EC LIII V Bipolar Pyramidal,EC LIII Pyramidal,e,e,5794.578726543361,0.05263,304.9686783779771
EC LIII V Bipolar Pyramidal,EC LIII Stellate,e,e,3540.2054605631997,0.09565,338.62065230287004
EC LIII V Bipolar Pyramidal,EC LV Deep Pyramidal,e,e,19455.032798347056,0.02214,430.7344261554038
EC LIII V Bipolar Pyramidal,MEC LV Superficial Pyramidal,e,e,17344.67654732467,0.02214,384.0111387577682
EC LIII V Bipolar Pyramidal,MEC LIII Bipolar Complex Pyramidal,e,e,5213.52951090244,0.09565,498.67409771781837
EC LIII V Bipolar Pyramidal,LEC LIII Multipolar Principal,e,e,24189.455248241924,0.04517,1092.6376935630879
EC LIII V Bipolar Pyramidal,MEC LV Multipolar Pyramidal,e,e,16129.218276029042,0.02214,357.100892631283
EC LIII V Bipolar Pyramidal,MEC LIII Superficial Trilayered Interneuron,e,i,3979.6959440394,0.07016,279.2154674338043
EC LIII V Bipolar Pyramidal,MEC LIII Superficial Multipolar Interneuron,e,i,7080.338450575103,0.89896,6364.941053528994
EC LIII V Bipolar Pyramidal,MEC LV VI Pyramidal Polymorphic,e,e,14337.238675434948,0.06472,927.9060870741498
EC LIII V Bipolar Pyramidal,LEC LVI Multipolar Pyramidal,e,e,17261.04368661504,0.03993,689.2334744065386
EC LIII V Bipolar Pyramidal,EC LII III Pyramidal Tripolar,e,e,5842.383676415,0.05827,340.43569682470206
EC LIII V Bipolar Pyramidal,EC LIV VI Deep Multipolar Principal,e,e,22795.43220985212,0.02244,511.5294987890816
EC LIII V Bipolar Pyramidal,EC LIII Pyramidal Stellate,e,e,12926.813869521824,0.04652,601.3553812101552
EC LIII V Bipolar Pyramidal,EC LIII V Bipolar Pyramidal,e,e,23950.517455238405,0.0197,471.82519386819655
