receiver,sender,receiver_group,sender_group,weight,dominant_lambda_sensitivity,weighted_sensitivity
EC LI II Multipolar Pyramidal,EC LI II Multipolar Pyramidal,E,E,0.697973816015506,0.7254101885721275,0.5063173174942156
EC LII III Pyramidal Tripolar,EC LI II Multipolar Pyramidal,E,E,1.1007648554201064,0.1384601221237986,0.15241203631105343
EC LI II Multipolar Pyramidal,EC LII III Pyramidal Tripolar,E,E,0.16085052354302015,0.9174347342166201,0.1475698573152949
MEC LII Stellate,EC LI II Multipolar Pyramidal,E,E,0.9207038573654043,0.04096783776276688,0.037719246256099535
EC LI II Multipolar Pyramidal,MEC LII Stellate,E,E,0.0450106337340324,0.7866879243662179,0.035409322026634014
MEC LIII Superficial Multipolar Interneuron,EC LI II Multipolar Pyramidal,I,E,15.570332158163978,-0.0017546898013816015,-0.027321103042054314
EC LI II Multipolar Pyramidal,EC LI II Pyramidal Fan,E,E,0.28506466310511647,0.0907837071045583,0.02587922688119448
EC LI II Pyramidal Fan,EC LI II Multipolar Pyramidal,E,E,0.10243720915632765,0.23110489121744857,0.023673740078692128
EC LI II Multipolar Pyramidal,MEC LIII Superficial Multipolar Interneuron,E,I,-0.0016052950722499368,12.476843405880885,-0.020029015236694703
EC LII III Pyramidal Tripolar,EC LII III Pyramidal Tripolar,E,E,0.0868762269844522,0.17511213288896002,0.015213081404592849
EC LI II Multipolar Pyramidal,MEC LIII Complex Pyramidal,E,E,0.021060180278101567,0.5497776733418788,0.011578416913455201
MEC LIII Complex Pyramidal,EC LI II Multipolar Pyramidal,E,E,0.5293464924574882,0.018767266157259755,0.009934386513361575
EC LI II Multipolar Pyramidal,LEC LIII Multipolar Principal,E,E,0.020579451029455416,0.39789492584616265,0.008188459141319899
LEC LIII Complex Pyramidal,EC LI II Multipolar Pyramidal,E,E,0.654400598864941,0.009881998952819342,0.006466786032707697
MEC LII Stellate,EC LII III Pyramidal Tripolar,E,E,0.12165834602665081,0.05181250269353853,0.006303423381197287
LEC LIII Multipolar Principal,EC LI II Multipolar Pyramidal,E,E,0.34462320008105674,0.01750533422942549,0.006032744300633072
EC LI II Multipolar Pyramidal,LEC LIII Complex Pyramidal,E,E,0.009331806959869628,0.5814649341538699,0.005426118519457218
MEC LIII Superficial Multipolar Interneuron,MEC LIII Superficial Multipolar Interneuron,I,I,-0.1789938833343113,-0.030180152171322392,0.005402062636765442
EC LII III Pyramidal Tripolar,MEC LIII Superficial Multipolar Interneuron,E,I,-0.002127665125439617,2.3814736667790943,-0.005066978467958686
MEC LIII Bipolar Complex Pyramidal,EC LI II Multipolar Pyramidal,E,E,1.1710925488133417,0.0043010063053351205,0.00503687643657716
MEC LIII Complex Pyramidal,MEC LIII Superficial Multipolar Interneuron,E,I,-0.014714947928216569,0.322791497403039,-0.004749860075956772
EC LI II Multipolar Pyramidal,MEC LIII Superficial Trilayered Interneuron,E,I,-0.004934497739541599,0.9185328631259952,-0.004532498336789897
MEC LIII Superficial Trilayered Interneuron,EC LI II Multipolar Pyramidal,I,E,1.0639247463725199,-0.004211434673149337,-0.004480649566494844
EC LII III Pyramidal Tripolar,MEC LII Stellate,E,E,0.029720573982203926,0.15015629473783407,0.004462731266649415
EC LI II Pyramidal Fan,EC LII III Pyramidal Tripolar,E,E,0.01419274613887115,0.2922810539338866,0.0041482707996853595
MEC LII III Pyramidal Multiform,EC LI II Multipolar Pyramidal,E,E,0.8159287872574925,0.0049556826631417875,0.004043484145370259
EC LI II Multipolar Pyramidal,MEC LIII Bipolar Complex Pyramidal,E,E,0.004228431281815254,0.834038800283837,0.0035266757533678416
EC LI II Multipolar Pyramidal,MEC LV Pyramidal,E,E,0.01515774658682258,0.21329047381609179,0.003233002951487636
MEC LIII Superficial Multipolar Interneuron,EC LII III Pyramidal Tripolar,I,E,1.3333665420906033,-0.002219176676759731,-0.0029589759317792392
MEC LIII Superficial Multipolar Interneuron,MEC LII Stellate,I,E,1.529039636111346,-0.0019029141022578993,-0.0029096310864675672
MEC LII Stellate,MEC LIII Superficial Multipolar Interneuron,E,I,-0.00408795941120305,0.7046348459065686,-0.002880518649785368
EC LI II Multipolar Pyramidal,MEC LII III Pyramidal Multiform,E,E,0.00396078309182121,0.6716116194883783,0.0026601079467402293
MEC LIII Complex Pyramidal,MEC LII Stellate,E,E,0.12194810842437338,0.02035259759494688,0.002481960778226223
MEC LIII Complex Pyramidal,EC LII III Pyramidal Tripolar,E,E,0.09491983728594544,0.023735180605677718,0.002252939481043457
EC LIII Pyramidal Stellate,EC LI II Multipolar Pyramidal,E,E,0.7108423607939733,0.0030755872315087742,0.002186257688473498
CA1 Pyramidal,CA3c Pyramidal,E,E,3.265905649897713,0.0005649834270698607,0.0018451825665660308
CA3 Pyramidal,MEC LII Stellate,E,E,0.14968296379037044,0.010603516760244977,0.001587165815274335
EC LII III Pyramidal Tripolar,LEC LIII Complex Pyramidal,E,E,0.01397630802918561,0.1109850772183444,0.0015511616258465318
MEC LII Stellate,MEC LIII Complex Pyramidal,E,E,0.04551477503107892,0.03104891946912882,0.0014131845845954845
EC LII III Pyramidal Tripolar,EC LI II Pyramidal Fan,E,E,0.08139674611812248,0.01732802126379078,0.0014104445475382058
MEC LV Pyramidal,EC LI II Multipolar Pyramidal,E,E,0.08891375798449158,0.014796639383217344,0.0013156248131031836
LEC LIII Multipolar Principal,CA1 Pyramidal,E,E,0.11463364067085123,0.011160828214538218,0.0012794063711344722
MEC LV Pyramidal,CA1 Pyramidal,E,E,0.13063532197337063,0.009433853026979843,0.0012323944276289688
EC LI II Pyramidal Fan,MEC LII Stellate,E,E,0.004664966443370848,0.2506270659647043,0.0011691668525258376
EC LII III Pyramidal Tripolar,EC LIII Pyramidal Stellate,E,E,0.009714244623328715,0.12002913214481213,0.0011659923515805531
CA1 Pyramidal,EC LIII Pyramidal Stellate,E,E,0.20415318910621127,0.00565930990436548,0.0011553661651165802
MEC LIII Bipolar Complex Pyramidal,MEC LIII Superficial Multipolar Interneuron,E,I,-0.015335705705200429,0.07397605245247656,-0.0011344749696436509
CA3c Pyramidal,CA3 Pyramidal,E,E,0.2584307409357308,0.004336068209872064,0.0011205733202251055
EC LI II Pyramidal Fan,MEC LIII Superficial Multipolar Interneuron,E,I,-0.00025640687755346586,3.974936640645957,-0.001019201092500893
CA3c Pyramidal,CA2 Pyramidal,E,E,0.08439535472437057,0.011453391654347044,0.0009666130514657642
MEC LII Stellate,EC LI II Pyramidal Fan,E,E,0.1865276820746757,0.005127047073164028,0.0009563362064450364
MEC LV Pyramidal,MEC LII Stellate,E,E,0.05764522489066172,0.016046559184523076,0.000925007512913146
CA2 Pyramidal,MEC LII Stellate,E,E,0.23062985821553175,0.003992837132196196,0.000920867461676119
EC LII III Pyramidal Tripolar,LEC LIII Multipolar Principal,E,E,0.011927335434337605,0.07594679657524775,0.0009058429179163824
EC LIII V Bipolar Pyramidal,EC LI II Multipolar Pyramidal,E,E,0.24194887636046392,0.003569645205969757,0.0008636716465898995
MEC LIII Complex Pyramidal,MEC LII III Pyramidal Multiform,E,E,0.04901813265322461,0.017375430088811625,0.0008517111370001985
EC LII III Pyramidal Tripolar,EC LIII V Bipolar Pyramidal,E,E,0.012987220345469074,0.06455199650676884,0.0008383510023733568
MEC LIII Complex Pyramidal,MEC LIII Complex Pyramidal,E,E,0.05545762998553719,0.014223433976348338,0.000788797938584044
MEC LIII Complex Pyramidal,MEC LIII Bipolar Complex Pyramidal,E,E,0.032853437008066734,0.021577623800981455,0.0007088991043293058
LEC LIII Complex Pyramidal,EC LII III Pyramidal Tripolar,E,E,0.056206011397843654,0.012497879442049348,0.0007024559543687015
MEC LII III Pyramidal Multiform,MEC LIII Superficial Multipolar Interneuron,E,I,-0.007965358514344458,0.08523629462520425,-0.0006789376451240435
CA1 Pyramidal,CA2 Pyramidal,E,E,0.2110607609140959,0.003198440999977723,0.00067506539119414
EC LII III Pyramidal Tripolar,MEC LIII Complex Pyramidal,E,E,0.006029253398764658,0.1049368825956124,0.0006326910560453639
EC LIII Stellate,EC LI II Multipolar Pyramidal,E,E,1.1196625395732656,0.0004967696513027829,0.0005562143693605995
MEC LIII Superficial Multipolar Interneuron,MEC LIII Complex Pyramidal,I,E,0.40066461008050575,-0.0013298534975627538,-0.0005328252330651775
LEC LIII Multipolar Principal,EC LII III Pyramidal Tripolar,E,E,0.02359772273016003,0.022139200564246328,0.0005224347163824874
CA1 Pyramidal,CA3 Pyramidal,E,E,0.4220424211334374,0.0012108778569438934,0.0005110418224414688
MEC LIII Superficial Trilayered Interneuron,EC LII III Pyramidal Tripolar,I,E,0.09408716207640491,-0.00532625059710924,-0.0005011318031897655
EC LII III Pyramidal Tripolar,MEC LII III Pyramidal Multiform,E,E,0.0038552774415300476,0.1281915091889792,0.0004942138335719634
MEC LIII Superficial Trilayered Interneuron,MEC LII Stellate,I,E,0.1081106920660401,-0.00456718812861608,-0.000493761869380487
EC LIII V Bipolar Pyramidal,CA1 Pyramidal,E,E,0.2159131409984114,0.0022758889609607795,0.0004913943341246528
EC LIV VI Deep Multipolar Principal,CA1 Pyramidal,E,E,0.20531700118445065,0.002377430321271865,0.00048812686408852433
MEC LII Stellate,MEC LIII Bipolar Complex Pyramidal,E,E,0.010245895710126896,0.04710268313867715,0.0004826091791060387
CA3c Pyramidal,DG Granule,E,E,0.0687636871315787,0.006938582688012126,0.00047712252909505414
MEC LII III Pyramidal Multiform,EC LII III Pyramidal Tripolar,E,E,0.07598529696200874,0.006267509718702191,0.00047623858718786184
EC LII III Pyramidal Tripolar,EC LIII Stellate,E,E,0.002663398076486264,0.17696554730036088,0.00047132969828412013
MEC LII Stellate,MEC LIII Superficial Trilayered Interneuron,E,I,-0.008859552777377176,0.05187451997384505,-0.0004595850475093867
MEC LII Stellate,MEC LII III Pyramidal Multiform,E,E,0.011753381075923055,0.03792954152042936,0.00044580035552465225
MEC LII III Pyramidal Multiform,MEC LII Stellate,E,E,0.08287554567803283,0.005374305144181234,0.0004453984714642787
CA1 Pyramidal,CA1 Pyramidal,E,E,0.10657847820344993,0.004162244013713885,0.00044360563289304523
LEC LIII Multipolar Principal,LEC LIII Complex Pyramidal,E,E,0.03108820626995144,0.014031699823640274,0.0004362203784353701
MEC LIII Superficial Trilayered Interneuron,MEC LIII Superficial Multipolar Interneuron,I,I,-0.00588975251892326,-0.07243544653599367,0.00042662685369469983
MEC LIII Superficial Multipolar Interneuron,MEC LII III Pyramidal Multiform,I,E,0.25812847452751675,-0.0016245568063019606,-0.0004193443701940196
MEC LII Stellate,MEC LV Pyramidal,E,E,0.03435683287771413,0.012045666941680268,0.00041385096601591483
EC LI II Pyramidal Fan,EC LI II Pyramidal Fan,E,E,0.014143845443043911,0.028922338127085133,0.0004090730803209482
MEC LIII Complex Pyramidal,EC LIII Pyramidal Stellate,E,E,0.024698783225498313,0.01626907903181324,0.00040182645628525517
MEC LIII Bipolar Complex Pyramidal,MEC LII Stellate,E,E,0.08595933959543194,0.00466432616515928,0.0004009423968147853
MEC LIII Superficial Multipolar Interneuron,EC LIII Pyramidal Stellate,I,E,0.26117235686654633,-0.00152111590552314,-0.00039727342611266925
MEC LIII Superficial Multipolar Interneuron,EC LI II Pyramidal Fan,I,E,1.6789451712394632,-0.00021959609541952828,-0.0003686898040276574
MEC LIII Complex Pyramidal,EC LIII V Bipolar Pyramidal,E,E,0.040270037205430015,0.008749555329308826,0.00035234491864223486
LEC LIII Multipolar Principal,EC LIII V Bipolar Pyramidal,E,E,0.041682839421436635,0.008161225461128418,0.000340183050378356
MEC LV Pyramidal,EC LII III Pyramidal Tripolar,E,E,0.017945415726296356,0.018713482569856988,0.00033582122440288433
CA2 Pyramidal,CA3 Pyramidal,E,E,0.4756128705004913,0.0006829070236541892,0.00032479936980511586
EC LII III Pyramidal Tripolar,MEC LIII Bipolar Complex Pyramidal,E,E,0.001995858896422172,0.159194226883683,0.0003177292139848484
EC LIII Pyramidal,EC LI II Multipolar Pyramidal,E,E,0.9180110049174692,0.0003373620061989131,0.0003097020343316377
MEC LIII Complex Pyramidal,MEC LV Pyramidal,E,E,0.05496441895726516,0.005518090528606674,0.000303298639658454
CA2 Pyramidal,CA3c Pyramidal,E,E,0.9317672367545992,0.0003186375474467859,0.0002968960271107542
MEC LV Pyramidal,MEC LII III Pyramidal Multiform,E,E,0.020936338555490756,0.013699276761895144,0.0002868126962524039
MEC LIII Bipolar Complex Pyramidal,EC LII III Pyramidal Tripolar,E,E,0.051968351170157016,0.005439532886029755,0.000282683555222812
MEC LIII Complex Pyramidal,EC LI II Pyramidal Fan,E,E,0.11555786685559398,0.002348687709125765,0.00027140934157652516
MEC LIII Complex Pyramidal,MEC LII Oblique Pyramidal,E,E,0.017374494856745224,0.01460624722253659,0.00025377616724431116
CA3c Pyramidal,CA3 Basket,E,I,-0.00805436810554442,0.031201484955758637,-0.0002513082452732864
DG Granule,EC LII III Pyramidal Tripolar,E,E,0.10710412338436374,0.002286327837260862,0.0002448751387790929
EC LIII Pyramidal Stellate,EC LII III Pyramidal Tripolar,E,E,0.06277675737984743,0.0038897310773278815,0.000244184704114265
MEC LIII Superficial Multipolar Interneuron,MEC LIII Bipolar Complex Pyramidal,I,E,0.119294259455794,-0.00201745081592424,-0.0002406703010741696
LEC LIII Multipolar Principal,EC LIV VI Deep Multipolar Principal,E,E,0.07201303394838007,0.003333548784041488,0.00024005896175376078
LEC LIII Multipolar Principal,EC LIII Pyramidal Stellate,E,E,0.015262669509336971,0.01517512799522274,0.00023161296335297198
CA3 Pyramidal,CA3 Pyramidal,E,E,0.12506903031324965,0.001813551575298864,0.00022681913694569527
LEC LIII Complex Pyramidal,LEC LIII Complex Pyramidal,E,E,0.0283897627003316,0.007921085147315082,0.00022487772766139634
MEC LII Oblique Pyramidal,EC LI II Multipolar Pyramidal,E,E,0.6112663270275235,0.0003586126420757158,0.00021920783254725872
CA3 Basket,MEC LII Stellate,I,E,0.9075431199366715,-0.00024134686823735634,-0.00021903268978707511
CA3 Pyramidal,CA2 Pyramidal,E,E,0.04533829302394237,0.004790357409499515,0.0002171866279213025
MEC LIII Superficial Multipolar Interneuron,MEC LIII Superficial Trilayered Interneuron,I,I,-0.09741535519970738,-0.002221832933355293,0.00021644064439721368
MEC LIII Superficial Multipolar Interneuron,EC LIII V Bipolar Pyramidal,I,E,0.24281499478201926,-0.0008180603064034086,-0.00019863730903072073
MEC LIII Complex Pyramidal,EC LIV VI Deep Multipolar Principal,E,E,0.05445806433584811,0.0035738590568098767,0.0001946254464430057
DG Granule,MEC LV Pyramidal,E,E,0.36503602784205164,0.0005315385711057543,0.00019403072864128447
EC LII III Pyramidal Tripolar,MEC LV Pyramidal,E,E,0.004522508620077766,0.0407110701195818,0.00018411616554839903
EC LI II Multipolar Pyramidal,MEC LV Superficial Pyramidal,E,E,0.001559246751130036,0.11749083479734217,0.00018319720244531156
LEC LIII Multipolar Principal,LEC LIII Multipolar Principal,E,E,0.018937440226656898,0.009601855301811757,0.00018183456084306879
EC LI II Pyramidal Fan,MEC LIII Complex Pyramidal,E,E,0.0010167969376455067,0.17515098546044708,0.00017809298564177526
EC LII III Pyramidal Tripolar,MEC LIII Superficial Trilayered Interneuron,E,I,-0.0010077057743560123,0.17532173438793955,-0.00017667272411283773
MEC LIII Complex Pyramidal,MEC LIII Superficial Trilayered Interneuron,E,I,-0.007124305976055917,0.023763590569918485,-0.0001692990903098163
CA1 Pyramidal,CA1 Basket CCK+,E,I,-0.011929814372781967,0.013877290938644957,-0.00016555350489512357
EC LI II Pyramidal Fan,LEC LIII Complex Pyramidal,E,E,0.0008822935735750832,0.1852460752155946,0.00016344142169272562
MEC LIII Superficial Multipolar Interneuron,MEC LV Pyramidal,I,E,0.3122839951642132,-0.000515926885275245,-0.00016111570894638218
EC LI II Pyramidal Fan,LEC LIII Multipolar Principal,E,E,0.0012162299988162286,0.1267634022823062,0.0001541734526077504
MEC LIII Superficial Multipolar Interneuron,EC LIII Stellate,I,E,0.0678144693639665,-0.002242664792439067,-0.0001520851228605054
MEC LIII Complex Pyramidal,EC LIII Stellate,E,E,0.006325540990616593,0.02398639749776857,0.00015172694058935836
LEC LVI Multipolar Pyramidal,CA1 Pyramidal,E,E,0.403195239231058,0.00037321489794569227,0.00015047847006180828
CA2 Pyramidal,CA2 Pyramidal,E,E,0.08252117463768946,0.001803846532581794,0.0001488555347347728
CA1 Back Projection,CA3 Pyramidal,I,E,6.237137836109084,-2.36418738178574e-05,-0.00014745762570587511
EC LI II Pyramidal Fan,MEC LIII Superficial Trilayered Interneuron,E,I,-0.00048541438850405216,0.29263090146310783,-0.00014204725009110404
CA2 Pyramidal,DG Granule,E,E,0.12820800911571856,0.0010927888175422985,0.0001401042786810183
EC LIII Pyramidal Stellate,MEC LIII Superficial Multipolar Interneuron,E,I,-0.0025830737147612775,0.05289920223507616,-0.00013664253882526625
CA3c Pyramidal,CA1 Back Projection,E,I,-0.003434689880473005,0.03851175629159748,-0.00013227593961399246
CA1 Pyramidal,CA1 Trilaminar,E,I,-0.0015368790448314082,0.08253820898153906,-0.0001268512437816429
LEC LIII Complex Pyramidal,LEC LIII Multipolar Principal,E,E,0.02121317051964597,0.005420377742809924,0.00011498339733912065
CA3 Basket CCK+,MEC LII Stellate,I,E,0.2105211410758268,-0.0005335500055793842,-0.00011232355599558573
EC LIII V Bipolar Pyramidal,EC LII III Pyramidal Tripolar,E,E,0.024228315690736434,0.004514571965459611,0.00010938047478770392
MEC LV Pyramidal,MEC LIII Superficial Multipolar Interneuron,E,I,-0.0004283374316491092,0.2544978764098741,-0.00010901096674155787
CA3c Pyramidal,CA3 Basket CCK+,E,I,-0.01654405956528441,0.006551242564712937,-0.00010838414721723742
CA1 Pyramidal,EC LIII Pyramidal,E,E,0.015252592614574728,0.0066882220113894005,0.0001020127256555541
LEC LIII Complex Pyramidal,EC LIII V Bipolar Pyramidal,E,E,0.02207057010174873,0.004607122629228451,0.00010168182295573945
EC LII III Pyramidal Tripolar,EC LIII Pyramidal,E,E,0.0007098067529039642,0.14185147962998984,0.00010068713815078592
LEC LIII Complex Pyramidal,EC LIV VI Deep Multipolar Principal,E,E,0.05032060221367773,0.001881833569204083,9.469499846826404e-05
MEC LV Pyramidal,MEC LV Pyramidal,E,E,0.021563419740419944,0.004350617450168985,9.381419020798937e-05
CA3c Pyramidal,CA2 Wide Arbor Basket,E,I,-0.005500878011662764,0.017051713464286005,-9.379939565686479e-05
EC LIII Pyramidal Stellate,MEC LII Stellate,E,E,0.027582242224443703,0.00333539199404601,9.199758989324733e-05
CA1 Pyramidal,CA1 Basket,E,I,-0.007188014515186297,0.012578736084463714,-9.041613755782282e-05
MEC LV Superficial Pyramidal,EC LI II Multipolar Pyramidal,E,E,0.04722549891954499,0.0018943709828476748,8.946261480369025e-05
MEC LV Superficial Pyramidal,MEC LII Stellate,E,E,0.04322000570535034,0.0020543946031547243,8.879094646938813e-05
LEC LIII Multipolar Principal,EC LIII Stellate,E,E,0.003919998575474807,0.022373525352059213,8.770418750842159e-05
LEC LIII Multipolar Principal,EC LI II Pyramidal Fan,E,E,0.03865850339287605,0.00219075932553372,8.469147681912015e-05
CA3 Pyramidal,CA3 Basket,E,I,-0.0064257850616557186,0.013049956655282743,-8.385621653077048e-05
CA1 Basket CCK+,CA3c Pyramidal,I,E,13.314089769914599,-6.14117714738425e-06,-8.176418383322196e-05
LEC LIII Complex Pyramidal,EC LI II Pyramidal Fan,E,E,0.06502608220412914,0.0012367133970177233,8.041862701742228e-05
MEC LV Superficial Pyramidal,MEC LIII Superficial Multipolar Interneuron,E,I,-0.0024461062266761544,0.03258262770220934,-7.970056850384524e-05
MEC LIII Superficial Trilayered Interneuron,MEC LIII Complex Pyramidal,I,E,0.024767587005886053,-0.0031917841691647855,-7.905279211379855e-05
EC LII III Pyramidal Tripolar,LEC LVI Multipolar Pyramidal,E,E,0.0018688339744436025,0.0416319952564277,7.780328715908698e-05
MEC LIII Bipolar Complex Pyramidal,MEC LII III Pyramidal Multiform,E,E,0.018417295126728774,0.0039820309332043976,7.333823890058858e-05
EC LI II Pyramidal Fan,MEC LII III Pyramidal Multiform,E,E,0.00033998965260464476,0.21396546768629143,7.274604502805257e-05
CA3 Pyramidal,CA1 Back Projection,E,I,-0.00448183013100438,0.01610746254663122,-7.219091097551635e-05
MEC LII III Pyramidal Multiform,MEC LIII Complex Pyramidal,E,E,0.01895431135238302,0.00375583873411764,7.118933675580586e-05
CA1 Trilaminar,CA3 Pyramidal,I,E,46.82397293872395,-1.5046171722841774e-06,-7.045215375817367e-05
MEC LIII Complex Pyramidal,EC LIII Pyramidal,E,E,0.0036387876871992212,0.01922694009064113,6.996275286434203e-05
MEC LIII Complex Pyramidal,MEC LV Multipolar Pyramidal,E,E,0.017443177432494086,0.003864921056845786,6.74165037571436e-05
LEC LIII Complex Pyramidal,EC LIII Pyramidal Stellate,E,E,0.00783462036735479,0.008566565881707943,6.711579153511569e-05
EC LIII Stellate,EC LII III Pyramidal Tripolar,E,E,0.10529113417131225,0.000628270377490757,6.615130061224028e-05
EC LI II Pyramidal Fan,MEC LIII Bipolar Complex Pyramidal,E,E,0.00024565051564701313,0.2657123504015443,6.527237588991919e-05
MEC LIII Bipolar Complex Pyramidal,MEC LIII Complex Pyramidal,E,E,0.019974925312252156,0.0032596691869330994,6.511164855163837e-05
EC LIII V Bipolar Pyramidal,MEC LII Stellate,E,E,0.016121803330298397,0.0038711846373921583,6.241047737930889e-05
LEC LIII Multipolar Principal,LEC LVI Multipolar Pyramidal,E,E,0.01159845285125471,0.005263479335588135,6.104821690737245e-05
MEC LV Superficial Pyramidal,CA1 Pyramidal,E,E,0.050213837720751,0.0012077889423344479,6.064771795129945e-05
MEC LIII Bipolar Complex Pyramidal,EC LIII Pyramidal Stellate,E,E,0.015981185214298876,0.003728481863660055,5.958555923130559e-05
MEC LV Pyramidal,EC LIII V Bipolar Pyramidal,E,E,0.00862246357848438,0.00689839499724948,5.948115961378249e-05
MEC LV Pyramidal,MEC LIII Complex Pyramidal,E,E,0.005251778387396291,0.011214154559086672,5.889425454633296e-05
CA2 Wide Arbor Basket,MEC LII Stellate,I,E,0.25862280649414027,-0.00022610167426391554,-5.8475049551157765e-05
DG Granule,EC LI II Pyramidal Fan,E,E,0.2568122993982761,0.00022624096187084193,5.810146163612863e-05
CA3 Basket,CA2 Pyramidal,I,E,0.5288932246638977,-0.00010903342585876314,-5.766704019859324e-05
MEC LIII Complex Pyramidal,MEC LV Superficial Pyramidal,E,E,0.018920375060595993,0.0030396344060462776,5.75110230094875e-05
MEC LIII Superficial Trilayered Interneuron,EC LI II Pyramidal Fan,I,E,0.10851430516823204,-0.0005270530492682149,-5.719279542813831e-05
LEC LIII Multipolar Principal,EC LIII Pyramidal,E,E,0.0031850228873619895,0.017934099174355036,5.712051633454055e-05
DG Granule,DG AIPRIM,E,I,-0.008851225240131873,0.006388431726486257,-5.65454481423344e-05
DG Granule,MEC LII Stellate,E,E,0.028495197652556967,0.001960495317687382,5.5864701574414414e-05
EC LV Deep Pyramidal,CA1 Pyramidal,E,E,0.2642903221309214,0.00020871374599115838,5.5161023161154556e-05
MEC LII III Pyramidal Multiform,MEC LII III Pyramidal Multiform,E,E,0.011742104256855145,0.004588154552411836,5.3874589100984336e-05
CA1 Basket CCK+,EC LIII Pyramidal Stellate,I,E,0.8717710498279312,-6.151476837984694e-05,-5.3626794210421195e-05
EC LIV VI Deep Multipolar Principal,EC LIV VI Deep Multipolar Principal,E,E,0.07512815618237974,0.00071009783541831,5.3348341084076576e-05
MEC LV Pyramidal,EC LIV VI Deep Multipolar Principal,E,E,0.018276233776108358,0.002817730788647923,5.149750661146761e-05
MEC LII III Pyramidal Multiform,EC LI II Pyramidal Fan,E,E,0.08255475318761574,0.0006201942714360821,5.1199985006778917e-05
CA1 Basket,CA3c Pyramidal,I,E,13.448626436843577,-3.779618299535004e-06,-5.083067458430422e-05
EC LIII Pyramidal Stellate,LEC LIII Complex Pyramidal,E,E,0.020527883154153357,0.0024652895082351296,5.060717496621093e-05
CA3c Pyramidal,CA3c Pyramidal,E,E,0.024410059637850822,0.002023165807495403,4.9385598018223404e-05
EC LII III Pyramidal Tripolar,MEC LII Oblique Pyramidal,E,E,0.0004567701428196187,0.10776118147716951,4.9222090253737566e-05
MEC LV Pyramidal,EC LI II Pyramidal Fan,E,E,0.026280921304659283,0.0018517713109900882,4.866625609835626e-05
EC LIII V Bipolar Pyramidal,MEC LIII Superficial Multipolar Interneuron,E,I,-0.0007716612254250578,0.06139685511876386,-4.7377572458190054e-05
LEC LIII Multipolar Principal,EC LV Deep Pyramidal,E,E,0.007534484823678068,0.006210856139981964,4.6795601328741855e-05
EC LI II Pyramidal Fan,MEC LV Pyramidal,E,E,0.000666236949260777,0.06795117097267625,4.5271580847533294e-05
MEC LIII Superficial Trilayered Interneuron,MEC LII III Pyramidal Multiform,I,E,0.011585037943458882,-0.003899102198675698,-4.517124691708191e-05
CA3 Pyramidal,CA3 Basket CCK+,E,I,-0.01640749239987596,0.002740043675131823,-4.4957245775053585e-05
MEC LV Multipolar Pyramidal,CA1 Pyramidal,E,E,0.14691827335761307,0.0003015727805101022,4.430655220419864e-05
MEC LIII Superficial Multipolar Interneuron,MEC LII Oblique Pyramidal,I,E,0.03239167762577296,-0.0013656455246641795,-4.423554958600168e-05
DG Granule,CA3c Pyramidal,E,E,0.2731260661098172,0.00015645201622967666,4.273112372776086e-05
CA1 Back Projection,CA1 Pyramidal,I,E,0.5225130924533516,-8.126603951592085e-05,-4.2462569618900084e-05
MEC LIII Bipolar Complex Pyramidal,EC LI II Pyramidal Fan,E,E,0.07835447356940907,0.0005382627688852463,4.217529589801598e-05
CA3 Basket,CA3 Pyramidal,I,E,1.0151076286376213,-4.127828558977e-05,-4.190190259925792e-05
EC LIV VI Deep Multipolar Principal,MEC LII Stellate,E,E,0.01021981895191409,0.004043901918788098,4.132794546931235e-05
EC LIII Stellate,MEC LIII Superficial Multipolar Interneuron,E,I,-0.004829354099497959,0.008544292933490547,-4.126341610566401e-05
DG Granule,DG Mossy,E,E,0.03693760701380085,0.0010924977060450451,4.0354250929370795e-05
MEC LV Superficial Pyramidal,EC LII III Pyramidal Tripolar,E,E,0.016719589601864145,0.002395833097654002,4.0057346147337816e-05
MEC LII III Pyramidal Multiform,EC LIII Pyramidal Stellate,E,E,0.009216927309511846,0.004296011588883043,3.9596026535555496e-05
MEC LV Superficial Pyramidal,MEC LII III Pyramidal Multiform,E,E,0.022499681349095888,0.001753878817454209,3.946171451764882e-05
MEC LIII Bipolar Complex Pyramidal,EC LIII V Bipolar Pyramidal,E,E,0.019023828723149803,0.0020051877734828514,3.814634876049187e-05
EC LIII Pyramidal Stellate,EC LIII Pyramidal Stellate,E,E,0.013740559073865085,0.0026661833065811822,3.663484922583168e-05
MEC LIII Superficial Trilayered Interneuron,MEC LIII Bipolar Complex Pyramidal,I,E,0.0074681378152285,-0.004842087935352977,-3.6161380014671255e-05
EC LII III Pyramidal Tripolar,MEC LV Superficial Pyramidal,E,E,0.0016077641387960116,0.022425650467479668,3.605515661078782e-05
CA1 Pyramidal,CA2 Wide Arbor Basket,E,I,-0.0075227355105574045,0.004761812143509885,-3.5821853306585284e-05
CA3 Pyramidal,CA2 Wide Arbor Basket,E,I,-0.005000909305123714,0.007131843946618438,-3.566570475533438e-05
CA2 Wide Arbor Basket,DG Granule,I,E,0.5728266216933409,-6.188115695249886e-05,-3.5447174083575315e-05
EC LIII V Bipolar Pyramidal,LEC LIII Complex Pyramidal,E,E,0.012363929998827222,0.002861310121281131,3.537703804445573e-05
DG AIPRIM,DG Granule,I,E,8.55485257370109,-4.127514971118942e-06,-3.531028207366666e-05
EC LV Deep Pyramidal,EC LI II Multipolar Pyramidal,E,E,0.10747391064009502,0.0003273595661199603,3.5182612756356895e-05
MEC LV Pyramidal,EC LV Deep Pyramidal,E,E,0.006576707839170745,0.005249816847819789,3.452651161726706e-05
MEC LII Stellate,MEC LV Superficial Pyramidal,E,E,0.005150567043270878,0.006635343057510653,3.417577927281059e-05
MEC LIII Superficial Multipolar Interneuron,EC LIII Pyramidal,I,E,0.018939287012678704,-0.0017976680996647136,-3.404655209308672e-05
MEC LII III Pyramidal Multiform,MEC LIII Bipolar Complex Pyramidal,E,E,0.005955154081408711,0.005697785457204424,3.3931190320462126e-05
EC LIV VI Deep Multipolar Principal,EC LIII V Bipolar Pyramidal,E,E,0.019514247113169115,0.0017384681940313738,3.392489793671306e-05
MEC LIII Bipolar Complex Pyramidal,MEC LIII Bipolar Complex Pyramidal,E,E,0.006737672568295427,0.004945072726336882,3.3318280856465894e-05
EC LIII Pyramidal Stellate,EC LIII V Bipolar Pyramidal,E,E,0.022940998592551675,0.0014338806956063841,3.289465501979307e-05
CA3 Basket CCK+,CA3 Pyramidal,I,E,0.35982051761163864,-9.125467285976682e-05,-3.283530362288205e-05
CA1 Pyramidal,CA1 Back Projection,E,I,-0.0030499161753801997,0.010754681584423453,-3.280087732539664e-05
EC LII III Pyramidal Tripolar,MEC LV Multipolar Pyramidal,E,E,0.001132585900081628,0.028514405723536914,3.229501387168478e-05
MEC LIII Superficial Multipolar Interneuron,MEC LV Superficial Pyramidal,I,E,0.11275953985974167,-0.00028419778605605903,-3.204601158483853e-05
MEC LII Oblique Pyramidal,MEC LII Stellate,E,E,0.08182184681080612,0.0003889058073492712,3.1820991392764944e-05
MEC LII Oblique Pyramidal,EC LII III Pyramidal Tripolar,E,E,0.06987975998238703,0.0004535415950209548,3.1693377802093303e-05
MEC LV Pyramidal,MEC LIII Superficial Trilayered Interneuron,E,I,-0.0016681629918873897,0.018735881783052893,-3.125450461086595e-05
EC LIII V Bipolar Pyramidal,EC LIII V Bipolar Pyramidal,E,E,0.01799957470519086,0.0016642172585990941,2.995520287182233e-05
CA1 Pyramidal,CA1 Perforant Path Associated,E,I,-0.0007597128115241472,0.038088199026863646,-2.8936092768589867e-05
DG Mossy,DG Granule,E,E,1.7132143231818326,1.6553526976942642e-05,2.8359739516075e-05
MEC LIII Superficial Multipolar Interneuron,MEC LV Multipolar Pyramidal,I,E,0.07741867050628506,-0.0003613599074454921,-2.7976003608704218e-05
EC LIII Pyramidal Stellate,EC LI II Pyramidal Fan,E,E,0.07266603916681612,0.00038490389961217064,2.7969441844678252e-05
CA3 Basket,DG Granule,I,E,0.41247250266044305,-6.605357294239822e-05,-2.724528254121512e-05
CA3 Basket CCK+,CA2 Pyramidal,I,E,0.11283216987090218,-0.00024104222027057566,-2.7197316743629013e-05
EC LIII Pyramidal,EC LII III Pyramidal Tripolar,E,E,0.06340057334319307,0.0004266656677391171,2.7050847960516342e-05
EC LIII V Bipolar Pyramidal,EC LIV VI Deep Multipolar Principal,E,E,0.03973528002712897,0.0006797691652077954,2.7010818133339444e-05
EC LIII Pyramidal Stellate,LEC LIII Multipolar Principal,E,E,0.015490466918303209,0.001686991129561327,2.61322802839407e-05
MEC LII III Pyramidal Multiform,EC LIII V Bipolar Pyramidal,E,E,0.01130803443297201,0.0023104068164388762,2.6126159834464054e-05
LEC LIII Complex Pyramidal,EC LIII Stellate,E,E,0.0020600438865009314,0.012630158967674983,2.601868176689376e-05
CA3 Pyramidal,DG Granule,E,E,0.008959796352086867,0.0029020478818890835,2.6001758025731232e-05
MEC LII III Pyramidal Multiform,MEC LIII Superficial Trilayered Interneuron,E,I,-0.004074450404330893,0.006275011651379476,-2.556722376014417e-05
CA2 Wide Arbor Basket,CA3c Pyramidal,I,E,1.3562237561035546,-1.804343141876143e-05,-2.4470930331749516e-05
CA2 Wide Arbor Basket,CA2 Pyramidal,I,E,0.23712058515592893,-0.00010214609502681355,-2.422094182415115e-05
CA1 Pyramidal,CA1 Horizontal Basket,E,I,-0.0032603803216438576,0.00734801491326062,-2.3957323226340524e-05
MEC LIII Superficial Trilayered Interneuron,MEC LV Pyramidal,I,E,0.019187055490267266,-0.0012382771996208679,-2.375889334145835e-05
MEC LIII Bipolar Complex Pyramidal,EC LIII Stellate,E,E,0.004215104376426164,0.005497105759342019,2.3170874543880016e-05
EC LIII Pyramidal Stellate,EC LIV VI Deep Multipolar Principal,E,E,0.03858927602390681,0.0005856854797194057,2.260117864008642e-05
LEC LIII Complex Pyramidal,EC LIII Pyramidal,E,E,0.0021838959126005263,0.01012404258827745,2.210985522753278e-05
MEC LV Multipolar Pyramidal,MEC LII Stellate,E,E,0.04305196470677813,0.0005129617195706691,2.2084009846884668e-05
CA1 Back Projection,CA2 Pyramidal,I,E,0.3535881392180817,-6.244819665476692e-05,-2.2080941652683866e-05
MEC LIII Superficial Trilayered Interneuron,EC LIII V Bipolar Pyramidal,I,E,0.010651740793484384,-0.0019634282574628346,-2.0913928865096836e-05
EC LIII Stellate,MEC LII Stellate,E,E,0.038779954728912304,0.0005387333842674014,2.0892056252843545e-05
MEC LIII Superficial Trilayered Interneuron,EC LIII Pyramidal Stellate,I,E,0.005705107630470266,-0.0036508334757260823,-2.0828397919941156e-05
EC LIV VI Deep Multipolar Principal,LEC LIII Complex Pyramidal,E,E,0.006944359030717471,0.0029889707088451697,2.0756485734518955e-05
MEC LII III Pyramidal Multiform,MEC LV Pyramidal,E,E,0.014167159582178285,0.001457106503265781,2.0643060359996104e-05
LEC LIII Complex Pyramidal,LEC LVI Multipolar Pyramidal,E,E,0.006711614718732866,0.002971305580389095,1.994225826719255e-05
CA3 Basket,CA3 Basket,I,I,-0.06440094008461521,-0.0002970303381981894,1.9129033013614587e-05
EC LIII Pyramidal Stellate,MEC LII III Pyramidal Multiform,E,E,0.006682081388221825,0.0028474925689936097,1.902717709837215e-05
CA2 Wide Arbor Basket,CA3 Pyramidal,I,E,0.4916012347129748,-3.8670853907299444e-05,-1.9010639528233474e-05
MEC LIII Superficial Trilayered Interneuron,MEC LIII Superficial Trilayered Interneuron,I,I,-0.003562161234070317,-0.005332625884136339,1.8995673200270418e-05
CA3 Basket CCK+,CA3 Basket,I,I,-0.02866623106605649,-0.0006566504871612015,1.8823694594601565e-05
CA2 Pyramidal,CA2 Basket,E,I,-0.002589557548918928,0.007266407379256523,-1.8816780082473932e-05
MEC LIII Bipolar Complex Pyramidal,MEC LV Pyramidal,E,E,0.014803540286004347,0.0012646137140100463,1.87207600615813e-05
CA1 Perforant Path Associated,CA3c Pyramidal,I,E,29.516806652948773,-6.2635440760797e-07,-1.8487981945586716e-05
EC LIII V Bipolar Pyramidal,MEC LII III Pyramidal Multiform,E,E,0.0054581235340681045,0.0033049097401006513,1.8038605630414267e-05
EC LIII Pyramidal Stellate,MEC LIII Complex Pyramidal,E,E,0.0077276503520821846,0.0023309421606376563,1.801270600833479e-05
MEC LII Oblique Pyramidal,MEC LIII Superficial Multipolar Interneuron,E,I,-0.002800113066670771,0.006168032720018838,-1.7271189014977604e-05
EC LIV VI Deep Multipolar Principal,MEC LII III Pyramidal Multiform,E,E,0.004998319179917205,0.0034523620264255107,1.725600733270046e-05
EC LIII Pyramidal,MEC LIII Superficial Multipolar Interneuron,E,I,-0.00293156152154837,0.005802527988644502,-1.701046777921768e-05
MEC LIII Bipolar Complex Pyramidal,MEC LIII Superficial Trilayered Interneuron,E,I,-0.0031229697048031973,0.00544604376695988,-1.700782969524799e-05
EC LIV VI Deep Multipolar Principal,EC LV Deep Pyramidal,E,E,0.012459715423750269,0.0013230091373520527,1.648431735442791e-05
CA1 Basket,EC LIII Pyramidal Stellate,I,E,0.42283567908442926,-3.785957295811894e-05,-1.6008378241592716e-05
CA1 Trilaminar,CA1 Pyramidal,I,E,3.0757596782939793,-5.171936857510072e-06,-1.5907634845011953e-05
CA1 Horizontal Basket,CA3 Pyramidal,I,E,4.548459376947176,-3.4671223831224227e-06,-1.5770065314536623e-05
EC LIII V Bipolar Pyramidal,LEC LIII Multipolar Principal,E,E,0.007991046154107527,0.0019579869939822634,1.564636443805452e-05
MEC LII III Pyramidal Multiform,EC LIII Stellate,E,E,0.002449600218126339,0.006333846029296977,1.551539061494452e-05
MEC LV Pyramidal,MEC LIII Bipolar Complex Pyramidal,E,E,0.0008730126788245941,0.017012404228430693,1.4852044588709132e-05
CA1 Perforant Path Associated,EC LIII Pyramidal Stellate,I,E,2.215314845770683,-6.27404899468042e-06,-1.3898993881008163e-05
EC LIII Pyramidal Stellate,EC LIII Stellate,E,E,0.003488713802193179,0.0039309006040548775,1.3713787192415757e-05
CA1 Trilaminar,CA2 Pyramidal,I,E,3.4447758792322234,-3.974330875328943e-06,-1.3690679135421032e-05
MEC LV Pyramidal,MEC LV Multipolar Pyramidal,E,E,0.004414144769986893,0.00304721223877503,1.3450835966828848e-05
CA1 Basket,CA2 Pyramidal,I,E,0.6203507632334433,-2.1396886270088836e-05,-1.3273574728468792e-05
CA1 Basket CCK+,CA2 Pyramidal,I,E,0.3814072867491963,-3.4765962743702295e-05,-1.3259991521299135e-05
EC LIII Pyramidal Stellate,MEC LIII Bipolar Complex Pyramidal,E,E,0.0037204679431449604,0.0035361497882805274,1.3156131929456542e-05
DG Granule,DG Basket,E,I,-0.009053485046685,0.001441846544295769,-1.3053736128396185e-05
MEC LV Superficial Pyramidal,EC LIII V Bipolar Pyramidal,E,E,0.014649572065087154,0.0008831815774217699,1.2938232164997568e-05
CA3 Pyramidal,CA3 LMR Targeting,E,I,-0.0029719787472794927,0.004316762593422972,-1.2829326684704179e-05
MEC LV Pyramidal,MEC LV Superficial Pyramidal,E,E,0.005282764246579918,0.002396533079789491,1.266031926965798e-05
MEC LV Multipolar Pyramidal,MEC LII III Pyramidal Multiform,E,E,0.02864001257797489,0.00043792594311645253,1.2542204519076717e-05
CA3 Basket,CA1 Back Projection,I,I,-0.03392153289169068,-0.0003666222941670667,1.2436390210415248e-05
CA3 Pyramidal,CA3c Pyramidal,E,E,0.014587961054109404,0.0008461849213811936,1.234411267768348e-05
MEC LV Superficial Pyramidal,MEC LIII Bipolar Complex Pyramidal,E,E,0.0055842345899388465,0.0021780489531540276,1.2162736302782815e-05
CA1 Pyramidal,CA1 Bistratified,E,I,-0.0022076793634634565,0.00542659155377059,-1.1980174187204425e-05
CA1 Basket,CA3 Pyramidal,I,E,1.4499755019567855,-8.100513904173265e-06,-1.174554671431155e-05
EC LIII V Bipolar Pyramidal,EC LI II Pyramidal Fan,E,E,0.02614656572407788,0.0004467343165993144,1.168056817016499e-05
CA1 Basket CCK+,CA1 Pyramidal,I,E,0.250789622313156,-4.524217276854026e-05,-1.1346267421248763e-05
CA1 Back Projection,CA3c Pyramidal,I,E,0.9315889118175581,-1.1031060494968818e-05,-1.0276413642701656e-05
CA3 LMR Targeting,MEC LII Stellate,I,E,0.38062022189323147,-2.611814213834235e-05,-9.941093056134825e-06
CA1 Basket CCK+,CA3 Pyramidal,I,E,0.7431653298008051,-1.3161829298079496e-05,-9.781415211089147e-06
CA1 Pyramidal,CA1 R Receiving Apical Targeting,E,I,-0.0004483392191282054,0.02174721956692121,-9.750131438843084e-06
MEC LV Superficial Pyramidal,MEC LV Pyramidal,E,E,0.01729210397529939,0.0005569969803020782,9.63164969731132e-06
LEC LVI Multipolar Pyramidal,EC LIV VI Deep Multipolar Principal,E,E,0.08569612266937646,0.00011147291628522809,9.552796708292039e-06
EC LIII Pyramidal,MEC LII Stellate,E,E,0.02571528428492214,0.000365860061793518,9.408195497519496e-06
MEC LV Superficial Pyramidal,EC LIV VI Deep Multipolar Principal,E,E,0.025218951683008143,0.00036074593056213797,9.097634192688368e-06
SUB CA1 Projecting Pyramidal,CA1 Perforant Path Associated,E,I,-0.07220663505536322,0.00012512150106038346,-9.03460256464635e-06
MEC LIII Superficial Trilayered Interneuron,EC LIII Stellate,I,E,0.001652848594587517,-0.005382624472822777,-8.896663295097501e-06
MEC LV Superficial Pyramidal,MEC LIII Complex Pyramidal,E,E,0.006154914375620835,0.0014357158030084774,8.836707835242888e-06
EC LIII V Bipolar Pyramidal,EC LV Deep Pyramidal,E,E,0.006882068189589665,0.0012665026873801121,8.716157856848494e-06
CA3 Basket,CA3 Basket CCK+,I,I,-0.1377427165257822,-6.23661917813919e-05,8.590488675336834e-06
CA3 Basket CCK+,DG Granule,I,E,0.058395966933175385,-0.00014602586090860177,-8.527321345007176e-06
DG Granule,DG Total Molecular Layer,E,I,-0.006960956040014384,0.001159471125063582,-8.071027531233615e-06
CA1 Back Projection,CA1 Trilaminar,I,I,-0.004982339669806537,-0.0016115233346643881,8.029156639117298e-06
CA1 Horizontal Basket,CA1 Pyramidal,I,E,0.6692921432616736,-1.1917807647739809e-05,-7.976495023536142e-06
CA1 Perforant Path Associated,CA2 Pyramidal,I,E,2.2469368238165544,-3.545869704886712e-06,-7.96734521236549e-06
CA3 Basket CCK+,CA2 Wide Arbor Basket,I,I,-0.022077797780386443,-0.00035886163652573433,7.922874642353704e-06
CA1 Bistratified,CA3c Pyramidal,I,E,7.417384403119971,-1.0402649454809275e-06,-7.716044981722679e-06
EC LIII V Bipolar Pyramidal,EC LIII Pyramidal Stellate,E,E,0.0024515377037707597,0.003094475214707289,7.586222662239036e-06
EC LIV VI Deep Multipolar Principal,LEC LIII Multipolar Principal,E,E,0.003675814324530001,0.002045344798449332,7.518307708742982e-06
CA2 Pyramidal,CA2 Wide Arbor Basket,E,I,-0.0027967265558940585,0.0026855515933969123,-7.510753458476747e-06
CA1 Basket,CA1 Pyramidal,I,E,0.2693971299514859,-2.7844522312718714e-05,-7.501234395916532e-06
CA1 Pyramidal,SUB CA1 Projecting Pyramidal,E,E,0.004051731445669734,-0.001825544414131494,-7.396615708203306e-06
MEC LV Pyramidal,EC LIII Pyramidal,E,E,0.0004867827611350696,0.015159059214060857,7.379168700430561e-06
EC LIV VI Deep Multipolar Principal,MEC LV VI Pyramidal Polymorphic,E,E,0.0033104007603502955,0.002227304532511114,7.373270617956452e-06
DG Granule,CA1 Perforant Path Associated,E,I,-0.000698335056849934,0.010547168725310582,-7.3654576713956105e-06
MEC LIII Bipolar Complex Pyramidal,MEC LII Oblique Pyramidal,E,E,0.0021950447752835003,0.003347400781499129,7.347694596209569e-06
CA3 Basket CCK+,CA1 Back Projection,I,I,-0.009028461050205843,-0.0008104987171658184,7.317556099173393e-06
EC LIII V Bipolar Pyramidal,MEC LIII Complex Pyramidal,E,E,0.0026962355642131874,0.0027053814061489606,7.294345562019909e-06
DG Granule,DG MOLAX,E,I,-0.005873553731326992,0.0012402796556210992,-7.284849199162264e-06
LEC LVI Multipolar Pyramidal,EC LIII V Bipolar Pyramidal,E,E,0.026293444210112087,0.00027290904125011227,7.175718650545005e-06
EC LIII Stellate,EC LI II Pyramidal Fan,E,E,0.11290098963582679,6.216977819277107e-05,7.019029483403696e-06
CA3 Basket,CA2 Wide Arbor Basket,I,I,-0.043220549261540904,-0.0001623280502302088,7.015907491504625e-06
DG AIPRIM,CA2 Pyramidal,I,E,1.024493603627727,-6.813213540725273e-06,-6.98009369262286e-06
CA3 Basket CCK+,CA3 Basket CCK+,I,I,-0.04919861631242652,-0.00013787409886836116,6.783214889646061e-06
CA1 Pyramidal,CA1 Schaffer Collateral Associated,E,I,-0.0018794411434138328,0.0035910259980127244,-6.749122007733835e-06
EC LIII Pyramidal Stellate,EC LIII Pyramidal,E,E,0.0021098612401403735,0.0031509187831753062,6.648001411451848e-06
EC LV Deep Pyramidal,MEC LII Stellate,E,E,0.018355297057459644,0.0003550126833746988,6.516363262508462e-06
EC LIII Stellate,LEC LIII Complex Pyramidal,E,E,0.016101845621949253,0.0003981942039620151,6.411661599751341e-06
CA1 Basket CCK+,CA1 Basket CCK+,I,I,-0.04242480545252335,-0.00015084141922887067,6.399417864967353e-06
EC LV Deep Pyramidal,EC LII III Pyramidal Tripolar,E,E,0.015362191975011137,0.00041401546499876876,6.3601850539345895e-06
EC LIII Pyramidal Stellate,MEC LV Pyramidal,E,E,0.007006473390422904,0.0009043069262129659,6.336002415286274e-06
EC LIV VI Deep Multipolar Principal,EC LIII Pyramidal,E,E,0.0016558467312964647,0.003820242578975355,6.325736187155918e-06
DG Basket,DG Granule,I,E,1.329085683587772,-4.6808583724957656e-06,-6.2212618497860805e-06
CA1 Basket CCK+,CA1 Trilaminar,I,I,-0.006659266306275785,-0.0008971621794505784,5.974441872880186e-06
DG Total Molecular Layer,DG Granule,I,E,1.7058338752319142,-3.4885684513727203e-06,-5.950918240416925e-06
EC LIV VI Deep Multipolar Principal,LEC LVI Multipolar Pyramidal,E,E,0.005264278315729141,0.0011212031156894635,5.9023252494519935e-06
MEC LII Oblique Pyramidal,MEC LIII Complex Pyramidal,E,E,0.021714874132754997,0.00027178722755390097,5.9018254372234005e-06
CA3 Pyramidal,CA3 O LM,E,I,-0.0037334983451875127,0.0015330984893286625,-5.723820672918037e-06
DG MOLAX,DG Granule,I,E,1.7801048267831754,-3.017761110656362e-06,-5.371931119157946e-06
EC LIII V Bipolar Pyramidal,MEC LIII Bipolar Complex Pyramidal,E,E,0.0012771982920235742,0.004104191879199036,5.241866858250032e-06
DG AIPRIM,DG AIPRIM,I,I,-0.1045136164175691,-4.9143089848015604e-05,5.136122041949637e-06
MEC LIII Bipolar Complex Pyramidal,EC LIII Pyramidal,E,E,0.001153836923717546,0.004406352521949984,5.08421223874182e-06
DG AIPRIM,DG Mossy,I,E,0.6040357359098225,-8.404052078122821e-06,-5.076347781633391e-06
MEC LII III Pyramidal Multiform,MEC LII Oblique Pyramidal,E,E,0.0013078702692200853,0.003856924366487291,5.04435670955924e-06
DG Mossy,CA2 Pyramidal,E,E,0.18450348559478028,2.732460449816177e-05,5.041484772409658e-06
EC LIV VI Deep Multipolar Principal,MEC LV Pyramidal,E,E,0.004595751541718702,0.0010964014186680136,5.038788510186096e-06
MEC LIII Bipolar Complex Pyramidal,MEC LV Multipolar Pyramidal,E,E,0.005686945858278975,0.000885747007359721,5.037195274987363e-06
MEC LIII Bipolar Complex Pyramidal,MEC LV Superficial Pyramidal,E,E,0.007202049796079052,0.0006966111439337894,5.0170281471147435e-06
EC LIII V Bipolar Pyramidal,MEC LV Pyramidal,E,E,0.004714569367023494,0.001049573509348259,4.948287115612648e-06
EC LIII Pyramidal Stellate,LEC LVI Multipolar Pyramidal,E,E,0.005302464906260323,0.0009247632536277738,4.903524698960385e-06
EC LIII Pyramidal Stellate,MEC LIII Superficial Trilayered Interneuron,E,I,-0.0012571515920660533,0.003894386913853796,-4.895834708872504e-06
CA1 Pyramidal,CA1 Oriens Alveus,E,I,-0.00041780733219285246,0.01166376807067602,-4.873207820925322e-06
CA1 Pyramidal,CA1 SO SO,E,I,-0.0003840755528512405,0.012593268232477242,-4.836766458592661e-06
LEC LVI Multipolar Pyramidal,EC LV Deep Pyramidal,E,E,0.023228464800309108,0.00020768924992674946,4.824302431326101e-06
EC LIII V Bipolar Pyramidal,EC LIII Pyramidal,E,E,0.001312432525267617,0.0036570779113438076,4.799667998285376e-06
CA1 Basket,CA1 Basket CCK+,I,I,-0.05090059450583932,-9.283610857701881e-05,4.725413118178906e-06
CA1 Basket CCK+,EC LIII Pyramidal,I,E,0.06475988967017518,-7.269869204127669e-05,-4.7079592757591205e-06
MEC LV VI Pyramidal Polymorphic,CA1 Pyramidal,E,E,0.5174752019194188,8.94925234181278e-06,4.631016162607399e-06
CA3 O LM,CA3 Pyramidal,I,E,0.5898589103735771,-7.801215381314584e-06,-4.6016164044118095e-06
CA1 R Receiving Apical Targeting,CA3c Pyramidal,I,E,20.0227279764594,-2.2907228566745267e-07,-4.586652062865204e-06
CA2 Wide Arbor Basket,CA2 Basket,I,I,-0.01107558331618392,-0.0004114735512464777,4.5573095992364376e-06
DG Granule,DG Axo Axonic,E,I,-0.0004943493536647756,0.009002040217024434,-4.450152762950345e-06
CA1 Trilaminar,CA3c Pyramidal,I,E,6.328006789873579,-7.020392366995498e-07,-4.442509056592417e-06
EC LI II Pyramidal Fan,MEC LV Superficial Pyramidal,E,E,0.00011588833488319302,0.0374308315800381,4.337796745103852e-06
EC LIII Stellate,LEC LIII Multipolar Principal,E,E,0.015534472634027246,0.0002724832469706777,4.232883543296881e-06
MEC LV Superficial Pyramidal,MEC LII Oblique Pyramidal,E,E,0.002809093506032292,0.0014743570360656545,4.141606775585047e-06
EC LIII V Bipolar Pyramidal,LEC LVI Multipolar Pyramidal,E,E,0.003854929862889361,0.0010733159122103604,4.137557562294054e-06
CA2 Basket,MEC LII Stellate,I,E,0.536241583706942,-7.661965458056693e-06,-4.108664491536206e-06
MEC LII Oblique Pyramidal,EC LI II Pyramidal Fan,E,E,0.09149335439831052,4.4879690932210454e-05,4.106193467747374e-06
CA1 Basket,CA1 Trilaminar,I,I,-0.007335821891274726,-0.0005521629664349341,4.0505691767245814e-06
MEC LV Multipolar Pyramidal,EC LIV VI Deep Multipolar Principal,E,E,0.0447974735924218,9.007463930498787e-05,4.035116275612113e-06
EC LIII Pyramidal Stellate,MEC LII Oblique Pyramidal,E,E,0.001673486205041194,0.002393677751541693,4.0057866965190455e-06
CA1 Pyramidal,CA1 OR LM,E,I,-0.0002526855101619909,0.015052494084412667,-3.803547146930165e-06
CA3c Pyramidal,DG Semilunar Granule,E,E,0.007540729018766823,0.0005030831531022537,3.793613731450877e-06
CA1 Pyramidal,CA1 Neurogliaform,E,I,-0.0005526862613495014,0.006827935325213806,-3.7737060476286107e-06
EC LIII Stellate,EC LIII Pyramidal Stellate,E,E,0.008572106710186624,0.0004306426226349925,3.6915145151817855e-06
CA2 Basket,DG Granule,I,E,1.7495517211370137,-2.09698264560927e-06,-3.668779596820147e-06
MEC LII III Pyramidal Multiform,MEC LV Superficial Pyramidal,E,E,0.004551273557174572,0.0008026455959066691,3.65305967643265e-06
MEC LIII Superficial Trilayered Interneuron,MEC LII Oblique Pyramidal,I,E,0.001108045924093157,-0.00327768868849268,-3.6318295917305595e-06
MEC LV Superficial Pyramidal,EC LI II Pyramidal Fan,E,E,0.01484030293348389,0.00023707692994047021,3.518293458856915e-06
MEC LV Multipolar Pyramidal,MEC LV Pyramidal,E,E,0.025270840870743758,0.00013907655733356967,3.5145815492275097e-06
CA1 R Receiving Apical Targeting,CA2 Pyramidal,I,E,2.684244483529147,-1.2968065173826669e-06,-3.4809457404890683e-06
MEC LII III Pyramidal Multiform,EC LIII Pyramidal,E,E,0.0006688934832432902,0.005077064121861871,3.396015105121723e-06
MEC LII III Pyramidal Multiform,MEC LV Multipolar Pyramidal,E,E,0.0033011404284118873,0.0010205707168709384,3.3690472535159566e-06
CA1 Neurogliaform,EC LIII Pyramidal Stellate,I,E,1.1450995975946467,-2.8231872929237652e-06,-3.2328306330613237e-06
EC LIII Pyramidal,LEC LIII Complex Pyramidal,E,E,0.011630312092674193,0.00027041828169878797,3.1450490117215903e-06
EC LV Deep Pyramidal,EC LIV VI Deep Multipolar Principal,E,E,0.05037387173794007,6.233923153259082e-05,3.140268453464479e-06
EC LIII Stellate,MEC LIII Complex Pyramidal,E,E,0.008283419320687236,0.0003764943853596631,3.1186608658184986e-06
CA1 Schaffer Collateral Associated,CA3c Pyramidal,I,E,3.4724074631549233,-8.96500515603224e-07,-3.113015081102872e-06
MEC LV Multipolar Pyramidal,EC LIII V Bipolar Pyramidal,E,E,0.013622977911609093,0.0002205215784502755,3.004160592261275e-06
EC LIII V Bipolar Pyramidal,EC LIII Stellate,E,E,0.0006562815284694223,0.004562354906618776,2.9941892515357387e-06
EC LIII Stellate,EC LIII V Bipolar Pyramidal,E,E,0.012917978537510238,0.00023160078370358623,2.9918139531534777e-06
CA3c Pyramidal,CA3 LMR Targeting,E,I,-0.0002878170161220491,0.010321061339444755,-2.970577077931629e-06
MEC LV Superficial Pyramidal,EC LIII Pyramidal Stellate,E,E,0.0018054302788419743,0.001642203556835077,2.964884025532035e-06
CA1 Pyramidal,CA1 Ivy,E,I,-0.0014618510387852815,0.002007564137770295,-2.934759720227584e-06
DG Basket,EC LII III Pyramidal Tripolar,I,E,0.14531591682365855,-1.994543668480595e-05,-2.8983894183008094e-06
CA3c Pyramidal,CA3 O LM,E,I,-0.0007902071490018033,0.0036655255426553874,-2.8965244886550017e-06
MEC LIII Superficial Trilayered Interneuron,MEC LV Superficial Pyramidal,I,E,0.0041587109862289435,-0.0006821037024814121,-2.8366721612568873e-06
MEC LV Superficial Pyramidal,MEC LIII Superficial Trilayered Interneuron,E,I,-0.0011610759863797686,0.002398700804193169,-2.7850739022585274e-06
DG Granule,DG HIPP,E,I,-0.00769561160657737,0.00035551399619978543,-2.735897635455772e-06
CA3 O LM,CA2 Pyramidal,I,E,0.1319294479231337,-2.0606312174399238e-05,-2.7185793889002405e-06
CA1 Horizontal Basket,CA2 Pyramidal,I,E,0.29606921444644146,-9.158137890230709e-06,-2.7114426909527965e-06
CA3 Basket,CA3 LMR Targeting,I,I,-0.02756201454660115,-9.825392427848934e-05,2.708076090224371e-06
EC LIII Pyramidal,EC LIII Pyramidal Stellate,E,E,0.009231640569603738,0.0002924543774884355,2.6998336959804477e-06
CA1 Basket CCK+,CA1 Basket,I,I,-0.019549581356893442,-0.00013672657087574071,2.6729472209843506e-06
EC LIII Pyramidal,EC LI II Pyramidal Fan,E,E,0.06325046295993911,4.222021422011372e-05,2.6704480956899972e-06
CA1 Pyramidal,CA1 LMR,E,I,-0.0001798144847879137,0.014643641152208637,-2.633138789203487e-06
DG AIPRIM,EC LII III Pyramidal Tripolar,I,E,0.14415832757292496,-1.758760508665999e-05,-2.535399735305972e-06
EC LV Deep Pyramidal,EC LIII V Bipolar Pyramidal,E,E,0.01643201037680812,0.00015261949248996734,2.5078450842983322e-06
DG AIPRIM,MEC LV Pyramidal,I,E,0.6129414682639358,-4.088867013986724e-06,-2.506236151088998e-06
MEC LIII Superficial Trilayered Interneuron,MEC LV Multipolar Pyramidal,I,E,0.0028678077267937662,-0.0008673006718929559,-2.487251568308044e-06
CA1 SO SO,CA3 Pyramidal,I,E,6.875112264801051,-3.5442891084904147e-07,-2.436738551978323e-06
MEC LII Oblique Pyramidal,MEC LIII Superficial Trilayered Interneuron,E,I,-0.005268303724074435,0.0004540844643047539,-2.3922548743410798e-06
CA1 Perforant Path Associated,CA3 Pyramidal,I,E,1.7442361510996818,-1.3424087264030826e-06,-2.3414778301439386e-06
CA3 Basket CCK+,CA3 LMR Targeting,I,I,-0.01068597971440952,-0.00021721177585543722,2.3211206305220694e-06
CA1 Horizontal Basket,CA1 Basket CCK+,I,I,-0.05812453152432552,-3.973502839659847e-05,2.309579910658058e-06
CA2 Basket,CA3c Pyramidal,I,E,3.7643443692000806,-6.114423907980256e-07,-2.301679720890783e-06
MEC LII Oblique Pyramidal,MEC LII III Pyramidal Multiform,E,E,0.0068744298430670255,0.00033201686591631063,2.282426651456669e-06
EC LIII Stellate,MEC LII III Pyramidal Multiform,E,E,0.004922061321465606,0.0004599277419591489,2.263792549366141e-06
SUB CA1 Projecting Pyramidal,CA1 Pyramidal,E,E,0.1647390387052082,1.3673164709314963e-05,2.2525040102705245e-06
DG Mossy,DG Mossy,E,E,0.06680852862497293,3.370471185792535e-05,2.25176220695667e-06
DG Semilunar Granule,EC LII III Pyramidal Tripolar,E,E,0.0090178869220153,0.000248148702559039,2.2377769395222224e-06
CA3c Pyramidal,CA3 Mossy Fiber Associated,E,I,-0.0002786989382586544,0.00788393134140458,-2.1972432941535853e-06
MEC LV Multipolar Pyramidal,MEC LIII Complex Pyramidal,E,E,0.006098619852662745,0.00035848383070861603,2.1862566068181564e-06
CA3 Basket,CA3c Pyramidal,I,E,0.11124186975383067,-1.9260032812010797e-05,-2.1425220615282103e-06
CA2 Basket,CA3 Pyramidal,I,E,1.633470465160105,-1.3104491500820872e-06,-2.1405799827532515e-06
DG HIPP,DG Granule,I,E,0.5400700644698128,-3.963454775347846e-06,-2.1405432760452984e-06
EC LIV VI Deep Multipolar Principal,MEC LIII Complex Pyramidal,E,E,0.0007540621672629404,0.0028260850577123096,2.131043823487956e-06
CA1 Basket,CA1 Basket,I,I,-0.025024621462370087,-8.414905431196237e-05,2.1057982305732795e-06
CA2 Basket,CA2 Pyramidal,I,E,0.6043100455519609,-3.461450934933331e-06,-2.091789572165439e-06
MEC LV Superficial Pyramidal,MEC LV Multipolar Pyramidal,E,E,0.005281613208721955,0.0003901257774965485,2.060493459488693e-06
MEC LII Oblique Pyramidal,MEC LIII Bipolar Complex Pyramidal,E,E,0.004936230116749159,0.0004123141120366383,2.035277337395941e-06
EC LIV VI Deep Multipolar Principal,MEC LIII Bipolar Complex Pyramidal,E,E,0.00047467766162152423,0.004287305042248804,2.0350879321128325e-06
CA1 Ivy,CA3c Pyramidal,I,E,3.078385637711056,-6.442187103446005e-07,-1.983153625469557e-06
DG Axo Axonic,DG Granule,I,E,7.316637510936441,-2.708866102190538e-07,-1.9819791335391473e-06
CA1 Bistratified,CA1 Pyramidal,I,E,0.25740272172176326,-7.66365230297101e-06,-1.972644961113997e-06
CA2 Wide Arbor Basket,CA1 Trilaminar,I,I,-0.0007249432654195776,-0.0026359578738610486,1.9109199085852756e-06
CA1 Pyramidal,CA1 Axo Axonic,E,I,-0.00024809214370154106,0.007636744232787886,-1.8946162476127271e-06
EC LV Deep Pyramidal,LEC LIII Complex Pyramidal,E,E,0.007089257122467216,0.0002624006549084413,1.8602257117497296e-06
CA3 Granule,MEC LII Stellate,E,E,0.749268647976366,2.4604976380865224e-06,1.8435737386381307e-06
CA2 Wide Arbor Basket,CA2 Wide Arbor Basket,I,I,-0.012083901972064983,-0.0001520742498342734,1.8376503274726792e-06
MEC LV Superficial Pyramidal,EC LV Deep Pyramidal,E,E,0.0027269112688064843,0.0006721188807949592,1.8328085500173764e-06
EC LIII Pyramidal,EC LIII V Bipolar Pyramidal,E,E,0.01163419541929156,0.00015728276641412595,1.8298584405487285e-06
MEC LV Multipolar Pyramidal,MEC LIII Bipolar Complex Pyramidal,E,E,0.003362437685689358,0.0005438369700754324,1.8286179230527497e-06
MEC LV VI Pyramidal Polymorphic,MEC LII Stellate,E,E,0.1201128838041934,1.5222275241032048e-05,1.8283913772615323e-06
DG Mossy,DG AIPRIM,E,I,-0.009181942400868498,0.0001970898880371378,-1.8096679997506208e-06
EC LIII Pyramidal,LEC LIII Multipolar Principal,E,E,0.009709028541331415,0.0001850465192721542,1.796621937087379e-06
MEC LIII Superficial Trilayered Interneuron,EC LIII Pyramidal,I,E,0.0004110059106643073,-0.004314586977015204,-1.7733207496284944e-06
EC LIII V Bipolar Pyramidal,MEC LIII Superficial Trilayered Interneuron,E,I,-0.0003908020198040305,0.004519975708967271,-1.766415636529564e-06
EC LV Deep Pyramidal,EC LV Deep Pyramidal,E,E,0.015190028831492664,0.00011614649252456544,1.7642685701248962e-06
CA1 OR LM,CA3c Pyramidal,I,E,13.624940861972451,-1.287423489368745e-07,-1.754106890696337e-06
CA1 Oriens Alveus,CA3c Pyramidal,I,E,10.338339680540713,-1.6855687451222945e-07,-1.7425982241977032e-06
DG Basket,DG AIPRIM,I,I,-0.03108981350161075,-5.573131658515472e-05,1.7326762388316863e-06
CA3c Pyramidal,CA3 Granule,E,E,8.701026056082588e-05,0.019535130450282545,1.699756790568808e-06
CA1 Basket CCK+,CA2 Wide Arbor Basket,I,I,-0.03205509473750064,-5.1759273838387794e-05,1.6591484264337593e-06
EC LV Deep Pyramidal,MEC LIII Superficial Multipolar Interneuron,E,I,-0.0002804027690034327,0.005630488940244244,-1.5788046896876895e-06
CA1 Back Projection,CA1 Back Projection,I,I,-0.007490203263157808,-0.00020998057195619797,1.572797165266057e-06
MEC LII Oblique Pyramidal,MEC LV Pyramidal,E,E,0.014808556409530892,0.00010544194381295861,1.5614429728847844e-06
CA1 Basket CCK+,CA1 Back Projection,I,I,-0.013160396721459801,-0.00011689972060983808,1.5384466998532799e-06
EC LV Deep Pyramidal,MEC LII III Pyramidal Multiform,E,E,0.005051824425697409,0.0003030816106809877,1.5311150838179262e-06
EC LIII Stellate,MEC LIII Superficial Trilayered Interneuron,E,I,-0.0024241317725476265,0.0006290223894199932,-1.5248331598368316e-06
CA1 Bistratified,CA2 Pyramidal,I,E,0.2581834416194447,-5.889068409885189e-06,-1.5204599499965086e-06
DG Basket,DG Mossy,I,E,0.1557877485233824,-9.530717104124113e-06,-1.4847689594647868e-06
CA3 Mossy Fiber Associated,DG Granule,I,E,0.6394872326556313,-2.3035025188993153e-06,-1.4730604512261992e-06
EC LIII Stellate,EC LIII Stellate,E,E,0.002315043505346435,0.000634920090178775,1.469867631182346e-06
EC LIII Stellate,MEC LIII Bipolar Complex Pyramidal,E,E,0.0025164901220091082,0.0005711598355208334,1.4373180841765244e-06
LEC LVI Multipolar Pyramidal,LEC LVI Multipolar Pyramidal,E,E,0.008113016517460929,0.0001760092410088281,1.427965879530384e-06
CA1 Basket,EC LIII Pyramidal,I,E,0.031296224992678555,-4.4742774910589424e-05,-1.4002799503985797e-06
EC LIII Pyramidal Stellate,MEC LV Superficial Pyramidal,E,E,0.002711151341932613,0.0004981365260850387,1.350523511161103e-06
CA1 Basket CCK+,CA1 Perforant Path Associated,I,I,-0.003262057619279817,-0.00041400573227765724,1.350510553401852e-06
CA1 Horizontal Basket,CA1 Trilaminar,I,I,-0.005650315227513122,-0.0002363327318124293,1.3353544333195442e-06
CA2 Pyramidal,CA2 Bistratified,E,I,-0.0003399845178930502,0.0038594773942063334,-1.3121625611883659e-06
EC LIII V Bipolar Pyramidal,MEC LII Oblique Pyramidal,E,E,0.00046865735568851676,0.0027781947534733396,1.302021406750526e-06
MEC LV Superficial Pyramidal,EC LIII Pyramidal,E,E,0.0006699991530153023,0.0019407705465173293,1.300314622363656e-06
EC LIII Pyramidal Stellate,MEC LV Multipolar Pyramidal,E,E,0.0020342714452648704,0.000633384838986049,1.288476691813007e-06
DG Basket,MEC LV Pyramidal,I,E,0.2757236523205111,-4.637029188352756e-06,-1.278538623729437e-06
CA1 Basket CCK+,CA1 Horizontal Basket,I,I,-0.015948014572528802,-7.987041584208271e-05,1.2737745557634703e-06
DG AIPRIM,CA3c Pyramidal,I,E,1.0317351496555058,-1.2035090644550126e-06,-1.2417026047272502e-06
DG MOLAX,DG AIPRIM,I,I,-0.03452312085274823,-3.5930119318411396e-05,1.2404198514831805e-06
CA1 Schaffer Collateral Associated,CA2 Pyramidal,I,E,0.24313807616560382,-5.075200206274303e-06,-1.2339744143088097e-06
CA1 Perforant Path Associated,EC LIII Pyramidal,I,E,0.16495408607704437,-7.414726052444713e-06,-1.2230893594926687e-06
MEC LV Superficial Pyramidal,MEC LV Superficial Pyramidal,E,E,0.003972951233488532,0.0003068212050188273,1.2189856849399877e-06
CA1 Pyramidal,CA1 O LMR,E,I,-0.0004031159762604649,0.0030146177648764814,-1.2152405833403234e-06
CA1 LMR,CA3c Pyramidal,I,E,13.086698098688625,-9.119820323031983e-08,-1.1934833528180454e-06
MEC LV Superficial Pyramidal,EC LIII Stellate,E,E,0.000488255895166263,0.00242119097273236,1.1821607657599135e-06
CA1 Basket,CA2 Wide Arbor Basket,I,I,-0.0370692392707614,-3.185550487719442e-05,1.1808593323836268e-06
DG Axo Axonic,EC LII III Pyramidal Tripolar,I,E,1.0154281632108233,-1.1542651588505703e-06,-1.1720733501098837e-06
CA3 Basket CCK+,CA3c Pyramidal,I,E,0.02730731704294512,-4.2578512368352774e-05,-1.1627049364595694e-06
EC LIII Pyramidal,MEC LIII Complex Pyramidal,E,E,0.0045444771406261495,0.0002556816843268604,1.1619395697002082e-06
DG Semilunar Granule,MEC LV Pyramidal,E,E,0.02004469433822764,5.769102953231857e-05,1.1563990530329895e-06
DG Basket,CA2 Pyramidal,I,E,0.14344687699448716,-7.726607382131381e-06,-1.1083576987292968e-06
LEC LVI Multipolar Pyramidal,LEC LIII Complex Pyramidal,E,E,0.0023610428914678815,0.0004692160220567617,1.1078391534399538e-06
CA1 Horizontal Basket,CA3c Pyramidal,I,E,0.6737343746690508,-1.617724426005334e-06,-1.089916554541553e-06
MEC LV Multipolar Pyramidal,EC LV Deep Pyramidal,E,E,0.0064482701926685555,0.0001678213408071973,1.0821573496207214e-06
EC LIII Pyramidal,EC LIII Stellate,E,E,0.002495696186233276,0.0004311815644071058,1.0760981858649117e-06
CA1 Trilaminar,CA1 Trilaminar,I,I,-0.010478154896474037,-0.00010256063887124012,1.0746462603741903e-06
CA3 O LM,CA1 Back Projection,I,I,-0.01549210840037111,-6.928823325690105e-05,1.0734208204861098e-06
DG Total Molecular Layer,DG AIPRIM,I,I,-0.025677983787481422,-4.153565378838257e-05,1.066551844580529e-06
CA1 Bistratified,CA3 Pyramidal,I,E,0.47612948015476064,-2.229505729700009e-06,-1.0615334040841256e-06
CA1 Schaffer Collateral Associated,EC LIII Pyramidal Stellate,I,E,0.11755341366149284,-8.980040836834552e-06,-1.0556344551895103e-06
LEC LVI Multipolar Pyramidal,EC LIII Pyramidal,E,E,0.001738232753924026,0.0005997111383173255,1.0424375435162372e-06
CA3 Basket,CA3 O LM,I,I,-0.02984607522167748,-3.4894886995052604e-05,1.0414754221062754e-06
CA1 R Receiving Apical Targeting,CA3 Pyramidal,I,E,2.1021735897892255,-4.909499023587224e-07,-1.032061918648105e-06
CA1 Oriens Alveus,EC LIII Pyramidal Stellate,I,E,0.6085857485967471,-1.6883957009556616e-06,-1.0275335615936307e-06
CA1 Basket,CA1 Back Projection,I,I,-0.014128714792072979,-7.194651979965558e-05,1.0165118585315652e-06
EC LIII Pyramidal,MEC LII III Pyramidal Multiform,E,E,0.0032522018454105316,0.0003123422401649545,1.0158000098641246e-06
EC LIV VI Deep Multipolar Principal,MEC LV Multipolar Pyramidal,E,E,0.001313835699156022,0.0007679295777765309,1.0089332937206173e-06
CA1 Horizontal Basket,CA1 Basket,I,I,-0.027879439906833395,-3.6016859322132795e-05,1.0041298651042734e-06
DG Total Molecular Layer,DG Mossy,I,E,0.13831019364972189,-7.103090151962472e-06,-9.82429774429362e-07
DG Total Molecular Layer,CA2 Pyramidal,I,E,0.1704192901397273,-5.758516196052989e-06,-9.81362242389473e-07
CA1 LMR,EC LIII Pyramidal Stellate,I,E,1.050438902384623,-9.135115652478534e-07,-9.59588085914614e-07
CA1 Pyramidal,CA1 O LM,E,I,-0.00030458675426360527,0.0031495675448922796,-9.593165558327313e-07
CA1 Pyramidal,CA1 Horizontal Axo Axonic,E,I,-0.00012472846120908425,0.007687203051579709,-9.58813007625314e-07
EC LIV VI Deep Multipolar Principal,MEC LII Oblique Pyramidal,E,E,0.00032938298426210576,0.0029021470548886564,9.55917857706707e-07
DG MOLAX,DG Mossy,I,E,0.15447482140923385,-6.144477175915493e-06,-9.491670144026593e-07
CA1 Pyramidal,CA1 Recurrent O LM,E,I,-0.00019592982529139394,0.004801140705099977,-9.406866595496385e-07
CA1 Basket,CA1 Horizontal Basket,I,I,-0.018446026729921888,-4.915664832055656e-05,9.067448488743561e-07
CA1 OR LM,CA2 Pyramidal,I,E,1.2391335576396614,-7.288263470110982e-07,-9.031131842733806e-07
MEC LV Multipolar Pyramidal,MEC LII Oblique Pyramidal,E,E,0.002449004183044407,0.00036813215889488696,9.015571970467465e-07
EC LIII V Bipolar Pyramidal,MEC LV Multipolar Pyramidal,E,E,0.001216480498064801,0.0007351308819523644,8.942723814202286e-07
CA3 Basket CCK+,CA3 O LM,I,I,-0.01156694600175991,-7.714277498969646e-05,8.923063127317338e-07
EC LIII V Bipolar Pyramidal,MEC LV Superficial Pyramidal,E,E,0.0015240301057428721,0.0005781564717270527,8.811278687421061e-07
EC LIII Stellate,MEC LV Pyramidal,E,E,0.005762522104706543,0.00014606389043471513,8.416963973294804e-07
EC LV Deep Pyramidal,LEC LIII Multipolar Principal,E,E,0.004653948148123386,0.00017956007833681313,8.356632940525016e-07
CA1 Axo Axonic,CA3c Pyramidal,I,E,5.817554572885695,-1.4018494666547368e-07,-8.155335775234636e-07
CA1 Basket,CA1 Perforant Path Associated,I,I,-0.0031636783095652663,-0.0002548019059335426,8.061112630378381e-07
CA1 Axo Axonic,EC LIII Pyramidal Stellate,I,E,0.5536852256292762,-1.404200581991166e-06,-7.774851160685398e-07
CA3 Pyramidal,CA3 Mossy Fiber Associated,E,I,-0.0002354605141438355,0.0032974380041346767,-7.764164478109737e-07
CA1 O LMR,CA3 Pyramidal,I,E,1.7227983096303179,-4.3890451067110653e-07,-7.561439490733042e-07
MEC LV Multipolar Pyramidal,MEC LV Multipolar Pyramidal,E,E,0.007697935340903999,9.741049230083186e-05,7.498596712574305e-07
CA1 Bistratified,CA1 Basket CCK+,I,I,-0.028394529583847358,-2.555129692313512e-05,7.255170563896281e-07
DG Granule,DG Semilunar Granule,E,E,0.018625356631197635,3.890357050442073e-05,7.245928748717774e-07
CA1 SO SO,CA1 Pyramidal,I,E,0.5885572316756507,-1.218305879497894e-06,-7.170427357714492e-07
DG MOLAX,CA2 Pyramidal,I,E,0.14090897652051235,-4.98136312179728e-06,-7.01918779169479e-07
DG Basket,EC LI II Pyramidal Fan,I,E,0.34947570581489823,-1.973677924470644e-06,-6.897524857056617e-07
DG MOLAX,MEC LV Pyramidal,I,E,0.2269493447257094,-2.9895043259188125e-06,-6.784660478219481e-07
CA1 OR LM,CA3 Pyramidal,I,E,2.4232672882833746,-2.7592182727747413e-07,-6.686323381648784e-07
EC LV Deep Pyramidal,EC LI II Pyramidal Fan,E,E,0.016259596863417096,4.096842784495136e-05,6.661301208869007e-07
DG Basket,MEC LII Stellate,I,E,0.03812137446442182,-1.7102943240475753e-05,-6.519877037139281e-07
CA1 Back Projection,SUB CA1 Projecting Pyramidal,I,E,0.018202555215317422,3.564297624264097e-05,6.487932430949193e-07
MEC LV VI Pyramidal Polymorphic,MEC LII III Pyramidal Multiform,E,E,0.04974649656222684,1.299556864961889e-05,6.464840111524491e-07
CA1 Horizontal Axo Axonic,CA3 Pyramidal,I,E,4.2662538486461345,-1.5104988517958657e-07,-6.444171539849679e-07
MEC LV Multipolar Pyramidal,MEC LV Superficial Pyramidal,E,E,0.00833594253113593,7.661017639236323e-05,6.386180277069264e-07
CA3 Mossy Fiber Associated,CA3 Pyramidal,I,E,0.44029756660577263,-1.439507820641265e-06,-6.33811790538328e-07
CA1 Ivy,CA1 Pyramidal,I,E,0.13109290613739893,-4.7459719032125445e-06,-6.221632492385747e-07
CA3c Pyramidal,CA3 Mossy Fiber Associated ORDEN,E,I,-9.746574951859812e-05,0.006372566936691699,-6.211070128420933e-07
CA1 Bistratified,CA1 Trilaminar,I,I,-0.0040569003646858314,-0.00015197190103712066,6.165348607394939e-07
EC LIII Pyramidal,MEC LIII Bipolar Complex Pyramidal,E,E,0.0015893914270102697,0.0003878812392549033,6.164951163698626e-07
CA1 O LM,CA3 Pyramidal,I,E,1.8380969447860085,-3.333951045717137e-07,-6.128125231198788e-07
DG AIPRIM,EC LI II Pyramidal Fan,I,E,0.3491242253499912,-1.740361389544886e-06,-6.076023219538927e-07
CA3 Mossy Fiber Associated,CA2 Pyramidal,I,E,0.15838871527479537,-3.8023495160345785e-06,-6.022492548704568e-07
CA3 LMR Targeting,DG Granule,I,E,0.0825862164971861,-7.1482038256997375e-06,-5.903431087152525e-07
CA1 Horizontal Basket,CA2 Wide Arbor Basket,I,I,-0.043037270165813046,-1.3634558904773396e-05,5.867941951764246e-07
EC LIV VI Deep Multipolar Principal,MEC LV Superficial Pyramidal,E,E,0.0009662450766695843,0.0006039515766811358,5.835652375149804e-07
EC LV Deep Pyramidal,MEC LV VI Pyramidal Polymorphic,E,E,0.0029843252980674816,0.0001955342574224372,5.835378310646186e-07
DG AIPRIM,MEC LII Stellate,I,E,0.038269456055746685,-1.5081134411170447e-05,-5.771468106190966e-07
EC LIII Pyramidal,MEC LIII Superficial Trilayered Interneuron,E,I,-0.0012746032886432758,0.0004271763677234405,-5.444804031309865e-07
CA3c Pyramidal,CA3 Trilaminar,E,I,-0.0011610268000549118,0.00046890665571947953,-5.444131940144375e-07
DG Semilunar Granule,EC LI II Pyramidal Fan,E,E,0.022161020780892673,2.4555271662710767e-05,5.441698855977983e-07
DG Granule,DG HICAP,E,I,-0.0002144574578409923,0.0025325029749370116,-5.431141499797417e-07
CA1 Basket CCK+,CA1 Bistratified,I,I,-0.009202518977341484,-5.898519928458643e-05,5.428124157986759e-07
CA1 Pyramidal,CA1 Radial Trilaminar,E,I,-0.00018390426597321365,0.002942948089513317,-5.41220708199218e-07
MEC LV Multipolar Pyramidal,EC LIII Pyramidal,E,E,0.0011077395425053728,0.0004845909326790899,5.368005380681869e-07
CA1 Back Projection,CA1 Oriens Alveus,I,I,-0.0023432814849534845,-0.00022773009795029533,5.336357220935705e-07
CA1 Recurrent O LM,CA3 Pyramidal,I,E,2.581097818408669,-2.0610241545644856e-07,-5.319704949033965e-07
CA3c Pyramidal,CA3 Axo Axonic,E,I,-2.4047209301918176e-05,0.02179843740886171,-5.241915868256604e-07
CA3 Pyramidal,DG Semilunar Granule,E,E,0.0024498706686348296,0.00021041348997640218,5.154858373782764e-07
DG Semilunar Granule,MEC LII Stellate,E,E,0.0024223221653612383,0.00021278416923796898,5.154318095831092e-07
CA1 Back Projection,CA1 Bistratified,I,I,-0.004822332325479905,-0.000105951886096171,5.109352052671302e-07
CA3 Trilaminar,CA3 Pyramidal,I,E,0.0719822720914416,-7.036353643511008e-06,-5.064927224988159e-07
DG AIPRIM,DG Semilunar Granule,I,E,1.6744762111676692,-2.992661959242542e-07,-5.011141258818066e-07
EC LV Deep Pyramidal,MEC LV Pyramidal,E,E,0.005139510158195419,9.625268305562833e-05,4.94691642317966e-07
CA3 Axo Axonic,MEC LII Stellate,I,E,0.5704495699846117,-8.592789546988295e-07,-4.901753102047739e-07
CA1 SO SO,CA2 Pyramidal,I,E,0.516459706450008,-9.361967877570581e-07,-4.835079181844507e-07
CA3 Mossy Fiber Associated ORDEN,CA3 Pyramidal,I,E,0.9589449029803527,-4.857531546986894e-07,-4.6581051180493495e-07
DG Basket,CA3c Pyramidal,I,E,0.3373666649857904,-1.364854039330498e-06,-4.6045625544131486e-07
CA1 Radial Trilaminar,CA3c Pyramidal,I,E,5.273322543132378,-8.587730112821183e-08,-4.5285870798276703e-07
SUB CA1 Projecting Pyramidal,EC LII III Pyramidal Tripolar,E,E,0.01665206603130229,2.7122802181757586e-05,4.5165069288457717e-07
DG Semilunar Granule,DG AIPRIM,E,I,-0.000645820546100008,0.0006933743352457337,-4.477953918401297e-07
CA1 Back Projection,CA1 SO SO,I,I,-0.0017999762330502074,-0.00024587819225474077,4.4257490228388295e-07
CA1 Horizontal Basket,CA1 Horizontal Basket,I,I,-0.020949828380963466,-2.1039667073921667e-05,4.407774143912667e-07
CA1 Perforant Path Associated,CA1 Perforant Path Associated,I,I,-0.010379690017985175,-4.2225506440166316e-05,4.38287667701363e-07
CA2 Wide Arbor Basket,SUB CA1 Projecting Pyramidal,I,E,0.007381738799170867,5.830097638281995e-05,4.3036257939460643e-07
MEC LV VI Pyramidal Polymorphic,MEC LV VI Pyramidal Polymorphic,E,E,0.05096911663196259,8.384140693907618e-06,4.273322448865611e-07
DG HIPP,CA2 Pyramidal,I,E,0.06491259556561259,-6.542402373438665e-06,-4.24684319294528e-07
DG MOLAX,EC LII III Pyramidal Tripolar,I,E,0.032825889111953305,-1.2858872961450749e-05,-4.221039379372769e-07
CA1 Ivy,CA2 Pyramidal,I,E,0.11567941324527194,-3.647001730307677e-06,-4.2188302026648357e-07
CA1 Perforant Path Associated,CA1 Trilaminar,I,I,-0.004605212941902911,-9.150387164411853e-05,4.213948139297174e-07
EC LV Deep Pyramidal,LEC LVI Multipolar Pyramidal,E,E,0.004248438516502783,9.843001504553722e-05,4.1817386709940873e-07
CA1 Schaffer Collateral Associated,CA3 Pyramidal,I,E,0.21326660864988672,-1.9213884356089223e-06,-4.097679955614261e-07
DG Total Molecular Layer,MEC LV Pyramidal,I,E,0.11794109586065539,-3.4559032654424774e-06,-4.0759301831470323e-07
CA3 Mossy Fiber Associated ORDEN,CA2 Pyramidal,I,E,0.3167212061919527,-1.2830797069640354e-06,-4.0637855243006653e-07
EC LV Deep Pyramidal,EC LIII Pyramidal,E,E,0.0012010157468611666,0.00033537771101796785,4.0279391207883317e-07
LEC LVI Multipolar Pyramidal,LEC LIII Multipolar Principal,E,E,0.0012448812888697896,0.0003210832903858336,3.9971058037006945e-07
DG AIPRIM,DG Total Molecular Layer,I,I,-0.04452027756649794,-8.919245929942696e-06,3.970873044849059e-07
CA3 O LM,CA3c Pyramidal,I,E,0.10847782204022098,-3.6399686196007874e-06,-3.9485586814904304e-07
CA1 Basket CCK+,CA1 R Receiving Apical Targeting,I,I,-0.0016507054185867331,-0.0002363848591385498,3.902017678518658e-07
DG HICAP,DG Granule,I,E,3.427356496853377,-1.095177721551439e-07,-3.7535644791684034e-07
DG Axo Axonic,DG Mossy,I,E,0.674888415290767,-5.515534638823926e-07,-3.722370431877212e-07
DG Axo Axonic,MEC LV Pyramidal,I,E,1.3775669741723213,-2.683501653672015e-07,-3.696703253235378e-07
CA1 Basket,CA1 Bistratified,I,I,-0.009991079418457121,-3.6302736961870705e-05,3.62703528093409e-07
CA1 Oriens Alveus,CA1 Pyramidal,I,E,0.289147256198862,-1.2417618080363604e-06,-3.590520196462516e-07
CA3 Horizontal Axo Axonic,CA3 Pyramidal,I,E,0.3024200316924227,-1.1623904654565708e-06,-3.5153016140234613e-07
CA3 LMR Targeting,CA3 Pyramidal,I,E,0.0776952240436124,-4.467064926653266e-06,-3.4706961029368846e-07
CA1 Oriens Alveus,CA2 Pyramidal,I,E,0.3604137774344047,-9.542212964794667e-07,-3.4391450197251964e-07
CA1 LMR,CA2 Pyramidal,I,E,0.660021337094341,-5.162842985482613e-07,-3.4075865304863735e-07
EC LIII Pyramidal,MEC LV Pyramidal,E,E,0.003397444434924842,9.919367453516114e-05,3.3700499752922924e-07
CA3c Pyramidal,CA3 Horizontal Axo Axonic,E,I,-0.0001967274130560012,0.0017077231808406907,-3.3595596358255476e-07
CA1 OR LM,CA1 Pyramidal,I,E,0.34860225484377655,-9.484474154455344e-07,-3.3063090762506537e-07
CA1 Pyramidal,CA1 Radiatum Giant,E,E,0.0020038075588225883,0.00016098538632476844,3.2258373397754554e-07
CA2 Bistratified,CA3c Pyramidal,I,E,3.6656938303579274,-8.703896400414041e-08,-3.190581933507232e-07
CA2 Bistratified,CA3 Pyramidal,I,E,1.7097467238195723,-1.865427358649198e-07,-3.1894083149738645e-07
EC LIII Stellate,EC LIII Pyramidal,E,E,0.0006150022934771494,0.0005089372231635629,3.12997559481483e-07
DG Axo Axonic,CA2 Pyramidal,I,E,0.6965158171024167,-4.471475775762708e-07,-3.1144536036090253e-07
DG Total Molecular Layer,EC LII III Pyramidal Tripolar,I,E,0.02085487974569785,-1.4865013130138042e-05,-3.1000806124724846e-07
CA2 Wide Arbor Basket,CA2 Bistratified,I,I,-0.0013633596912594236,-0.0002185499362288808,2.9796217358177367e-07
CA1 Back Projection,CA1 Schaffer Collateral Associated,I,I,-0.004210832714538443,-7.011325133646084e-05,2.952351724502255e-07
CA3 Pyramidal,CA3 Granule,E,E,3.59369094400434e-05,0.008170527973042198,2.936235238445588e-07
CA2 Wide Arbor Basket,CA1 Back Projection,I,I,-0.0008511487768512672,-0.00034346380849710565,2.9233880049498935e-07
CA1 Ivy,CA1 Basket CCK+,I,I,-0.01841028723957126,-1.582349152777047e-05,2.913150241591766e-07
EC LV Deep Pyramidal,MEC LIII Complex Pyramidal,E,E,0.0011680632617272252,0.0002481009826480316,2.897976430295895e-07
CA1 Neurogliaform,EC LIII Pyramidal,I,E,0.0853168166350722,-3.3364674693362e-06,-2.8465678329023995e-07
CA1 Trilaminar,CA1 Back Projection,I,I,-0.021282575970359572,-1.3363592786486737e-05,2.8441167871535314e-07
CA1 Basket CCK+,CA1 Schaffer Collateral Associated,I,I,-0.007216735188738615,-3.903322776923078e-05,2.8169246837225704e-07
DG Axo Axonic,EC LI II Pyramidal Fan,I,E,2.441282000277253,-1.1421899149214519e-07,-2.788407680195948e-07
SUB CA1 Projecting Pyramidal,EC LIII Pyramidal Stellate,E,E,0.014870202913935747,1.8591095622575364e-05,2.764533643000783e-07
CA3 LMR Targeting,CA1 Back Projection,I,I,-0.006949129300317765,-3.9675232830133275e-05,2.7570832295680844e-07
CA1 Pyramidal,CA1 Radiatum,E,I,-5.9337312003366276e-05,0.00463652126511669,-2.7511870891847156e-07
DG MOLAX,CA3c Pyramidal,I,E,0.30917748759728786,-8.799248158875056e-07,-2.720529438506051e-07
CA1 Basket,CA1 R Receiving Apical Targeting,I,I,-0.0018667751699576447,-0.00014548424803437196,2.7158638185052485e-07
CA1 Horizontal Basket,CA1 Back Projection,I,I,-0.008719117798152055,-3.0794020248102386e-05,2.6849669002188427e-07
CA1 Oriens Alveus,CA3 Pyramidal,I,E,0.7395969493907097,-3.612526973420262e-07,-2.6718139291332795e-07
CA1 Bistratified,CA1 Basket,I,I,-0.011496122836044847,-2.3160357596658534e-05,2.6625431585791094e-07
DG Axo Axonic,MEC LII Stellate,I,E,0.26825542247119627,-9.89766822769972e-07,-2.6551031719013246e-07
MEC LV VI Pyramidal Polymorphic,EC LIV VI Deep Multipolar Principal,E,E,0.09850114695956652,2.672988839956334e-06,2.632924665458201e-07
DG AIPRIM,CA1 Back Projection,I,I,-0.011407302115993747,-2.2909268045805113e-05,2.613329418547806e-07
CA2 Bistratified,CA2 Pyramidal,I,E,0.5234885996825803,-4.92738331299769e-07,-2.579428990620474e-07
DG Axo Axonic,DG AIPRIM,I,I,-0.07977993817044295,-3.2252348247716933e-06,2.573090349054451e-07
CA2 Bistratified,DG Granule,I,E,0.8551379324507451,-2.9850595862396284e-07,-2.5526376828192325e-07
CA2 Basket,CA2 Basket,I,I,-0.017908727480831506,-1.3943709823548105e-05,2.497140993017162e-07
CA3 Trilaminar,CA2 Pyramidal,I,E,0.013397783105312996,-1.858598854929019e-05,-2.490110433812209e-07
CA1 Basket CCK+,CA1 Oriens Alveus,I,I,-0.0019538914290470047,-0.00012678118064367335,2.4771666222413335e-07
EC LIII Stellate,LEC LVI Multipolar Pyramidal,E,E,0.0016571776738477531,0.0001493680017708142,2.475293177218449e-07
DG Mossy,CA1 Back Projection,E,I,-0.002644828473472745,9.187833097439704e-05,-2.4300242585623813e-07
CA1 Basket CCK+,SUB CA1 Projecting Pyramidal,I,E,0.012124403989749252,1.9843045123893608e-05,2.405850954689101e-07
CA1 Ivy,CA1 Trilaminar,I,I,-0.0025438040068106607,-9.411366067852e-05,2.394067071296381e-07
DG Mossy,DG Semilunar Granule,E,E,0.1966612066170255,1.2002163728496838e-06,2.3603600008612857e-07
MEC LV VI Pyramidal Polymorphic,EC LIII V Bipolar Pyramidal,E,E,0.03539852290795253,6.544036398206268e-06,2.3164922235237973e-07
EC LIII Pyramidal,EC LIII Pyramidal,E,E,0.0006693234669727684,0.0003456251447436232,2.3133502015276678e-07
DG Semilunar Granule,DG Mossy,E,E,0.0019321870996750338,0.00011857524712142695,2.2910956282880034e-07
CA1 Horizontal Axo Axonic,CA1 Pyramidal,I,E,0.440292386043119,-5.192154408931728e-07,-2.2860660534128506e-07
DG Semilunar Granule,CA3c Pyramidal,E,E,0.013362898290542886,1.6980664018267983e-05,2.2691088618199633e-07
EC LV Deep Pyramidal,MEC LIII Superficial Trilayered Interneuron,E,I,-0.0005338872964693038,0.0004145110232484046,-2.2130216955881546e-07
SUB CA1 Projecting Pyramidal,SUB CA1 Projecting Pyramidal,E,E,0.03663213213886338,-5.9969981039909395e-06,-2.1968282698190923e-07
CA1 Axo Axonic,CA2 Pyramidal,I,E,0.2731138391251574,-7.93604306802259e-07,-2.1674431897702422e-07
CA1 Back Projection,CA1 Ivy,I,I,-0.005481027453734532,-3.919683373037369e-05,2.1483892177564592e-07
CA3 Pyramidal,CA3 Axo Axonic,E,I,-2.354206079054219e-05,0.009117151435000428,-2.1463653331935905e-07
CA1 Perforant Path Associated,CA1 Back Projection,I,I,-0.01785110274083303,-1.1922902319028474e-05,2.128369542658937e-07
CA3 Mossy Fiber Associated ORDEN,DG Granule,I,E,0.27003812710105923,-7.773029082351652e-07,-2.099014215300305e-07
DG Total Molecular Layer,CA3c Pyramidal,I,E,0.20464975488006207,-1.0172037612405467e-06,-2.0817050040095507e-07
CA1 Basket,CA1 Schaffer Collateral Associated,I,I,-0.008555418101343944,-2.402319594857172e-05,2.05528485470543e-07
DG Mossy,DG Total Molecular Layer,E,I,-0.005562380082753918,3.577091280065466e-05,-1.9897141290428864e-07
CA3 Pyramidal,CA3 Trilaminar,E,I,-0.001002498311633686,0.00019611924051657727,-1.966092074967495e-07
CA3 Basket,DG Semilunar Granule,I,E,0.03957326969714758,-4.789225875616363e-06,-1.8952532721632408e-07
DG HIPP,DG Mossy,I,E,0.023386123211898948,-8.07000836444647e-06,-1.8872620993200026e-07
SUB CA1 Projecting Pyramidal,CA1 Trilaminar,E,I,-0.0006863683346312569,0.0002711418462007598,-1.861031774256599e-07
CA1 Basket CCK+,CA1 SO SO,I,I,-0.0013388179297754786,-0.00013688453036801455,1.8326346356559387e-07
CA3 Pyramidal,CA3 Mossy Fiber Associated ORDEN,E,I,-6.802179325000601e-05,0.0026653129626564784,-1.8129936729237997e-07
CA3 LMR Targeting,CA2 Pyramidal,I,E,0.015335565423780171,-1.1799409435919937e-05,-1.8095061536651928e-07
CA1 Oriens Alveus,CA1 Trilaminar,I,I,-0.007307547813677222,-2.462440819887124e-05,1.7994404029675699e-07
CA3 Basket,CA3 Mossy Fiber Associated,I,I,-0.0023917800750486605,-7.505305583978317e-05,1.795104035291079e-07
EC LIII Pyramidal,LEC LVI Multipolar Pyramidal,E,E,0.001758738524696848,0.00010143753469474957,1.784021001179292e-07
DG Mossy,CA3c Pyramidal,E,E,0.03694367722666809,4.82671047951408e-06,1.7831643402174453e-07
CA1 Basket CCK+,CA1 OR LM,I,I,-0.00107697090470774,-0.0001636154765844156,1.762091078413061e-07
CA1 Bistratified,CA2 Wide Arbor Basket,I,I,-0.02001472355068456,-8.767595671874848e-06,1.7548100357675354e-07
CA1 O LMR,CA1 Pyramidal,I,E,0.11596956873084334,-1.5086803856034853e-06,-1.7496101367111863e-07
DG AIPRIM,DG MOLAX,I,I,-0.01811893019444654,-9.540866547912172e-06,1.7287029497615078e-07
CA1 Bistratified,CA1 Horizontal Basket,I,I,-0.012760161762960643,-1.3529392132401308e-05,1.7263723216396775e-07
CA1 Trilaminar,CA1 SO SO,I,I,-0.011032380382689997,-1.564819071478325e-05,1.726367922663665e-07
CA1 Basket CCK+,CA1 Neurogliaform,I,I,-0.002315397517006552,-7.42173281090523e-05,1.7184261722256026e-07
CA1 Basket,CA1 Oriens Alveus,I,I,-0.002200431840859393,-7.80281139751168e-05,1.7169554647305279e-07
SUB CA1 Projecting Pyramidal,EC LIV VI Deep Multipolar Principal,E,E,0.04198792209333656,4.083940789569959e-06,1.714761877062628e-07
MEC LV VI Pyramidal Polymorphic,MEC LV Pyramidal,E,E,0.04035571875641879,4.127133769511452e-06,1.6655344967252268e-07
CA1 Horizontal Basket,CA1 Oriens Alveus,I,I,-0.004985350220640481,-3.339701945781247e-05,1.6649583832273983e-07
DG Basket,DG Basket,I,I,-0.012986965492515774,-1.257836189971399e-05,1.6335475194396075e-07
CA1 Radiatum,CA3c Pyramidal,I,E,5.5819310950050065,-2.9031030117548255e-08,-1.6204920973316945e-07
CA1 SO SO,CA3c Pyramidal,I,E,0.978830267674564,-1.6537296437935285e-07,-1.618720629895781e-07
CA1 Radial Trilaminar,EC LIII Pyramidal Stellate,I,E,0.18542154354367638,-8.602133045841907e-07,-1.5950207871280728e-07
CA1 Ivy,CA3 Pyramidal,I,E,0.11542141688571841,-1.3806956700143565e-06,-1.5936185052103335e-07
CA1 Pyramidal,CA1 Oriens Bistratified,E,I,-0.00025257652385287966,0.0006214540712945518,-1.5696470906179752e-07
CA3 Mossy Fiber Associated ORDEN,CA3 Basket,I,I,-0.044853229055044345,-3.4953831478104534e-06,1.567792209638842e-07
MEC LII Oblique Pyramidal,MEC LV Superficial Pyramidal,E,E,0.002690252550707052,5.8082584653643834e-05,1.562568215161236e-07
CA1 O LMR,CA2 Pyramidal,I,E,0.13211757886046752,-1.1593326064683942e-06,-1.5316821706059942e-07
CA1 Axo Axonic,CA1 Pyramidal,I,E,0.14782521438021368,-1.0327452578516427e-06,-1.5266578914206815e-07
EC LIII Stellate,MEC LII Oblique Pyramidal,E,E,0.00039391010267150495,0.00038662745435487535,1.5229646024055154e-07
CA1 Recurrent O LM,CA1 Pyramidal,I,E,0.21446325462858606,-7.084517567367852e-07,-1.519368694971103e-07
CA1 R Receiving Apical Targeting,CA1 Trilaminar,I,I,-0.004450679165930585,-3.346508106327362e-05,1.4894233907449006e-07
CA1 Radiatum Giant,CA3c Pyramidal,E,E,0.15505628095887788,9.461817642814065e-07,1.4671142548058453e-07
CA1 Horizontal Basket,CA1 SO SO,I,I,-0.004051259830141855,-3.6058469411345026e-05,1.4608222866258094e-07
CA3 Horizontal Axo Axonic,CA2 Pyramidal,I,E,0.047198563338786935,-3.070365273738549e-06,-1.449168298457608e-07
DG Total Molecular Layer,DG Basket,I,I,-0.015382261376887814,-9.374450795419907e-06,1.442002523999229e-07
CA1 Trilaminar,CA1 Bistratified,I,I,-0.021282679730286247,-6.742994590208146e-06,1.4350899428645272e-07
CA1 Basket,CA1 SO SO,I,I,-0.0016910851683527577,-8.424627127432239e-05,1.4246761984102957e-07
CA1 Basket CCK+,CA1 Ivy,I,I,-0.006502965452393703,-2.1821537436457642e-05,1.4190470406739988e-07
CA1 Trilaminar,CA1 Oriens Alveus,I,I,-0.009752989694568085,-1.4493208899675334e-05,1.41352117039756e-07
CA1 Pyramidal,CA3 Trilaminar,E,I,-0.0010739942367849955,0.00013094551536150395,-1.4063472883109632e-07
CA1 Axo Axonic,CA3 Pyramidal,I,E,0.46250667497231823,-3.004457116103928e-07,-1.389581470866148e-07
CA1 Perforant Path Associated,CA1 R Receiving Apical Targeting,I,I,-0.005725907689017252,-2.4109498042453347e-05,1.3804876021963e-07
DG MOLAX,DG Total Molecular Layer,I,I,-0.021152276831240265,-6.521152241021265e-06,1.3793721746074465e-07
CA1 Horizontal Basket,CA1 Bistratified,I,I,-0.008746692211818733,-1.5538030472889294e-05,1.3590637012422293e-07
DG AIPRIM,CA1 Perforant Path Associated,I,I,-0.001650627576918396,-8.113422550344808e-05,1.3392239004790724e-07
EC LIII Stellate,MEC LV Superficial Pyramidal,E,E,0.0016634234005057603,8.04591415354035e-05,1.3383761881459513e-07
CA3 LMR Targeting,CA3 LMR Targeting,I,I,-0.012579576785703926,-1.0632870352524034e-05,1.3375700905201087e-07
CA3 Basket CCK+,CA3 Mossy Fiber Associated,I,I,-0.0008053020313235177,-0.00016592118495063174,1.3361666728034883e-07
EC LIII Stellate,MEC LV Multipolar Pyramidal,E,E,0.00122881846820501,0.00010230448428842463,1.2571363967380547e-07
DG Basket,DG Total Molecular Layer,I,I,-0.012393967172318327,-1.0114978935183118e-05,1.2536471687135093e-07
CA1 O LM,CA1 Pyramidal,I,E,0.10650064901869409,-1.1460047520461252e-06,-1.2205024987141991e-07
CA3 Pyramidal,CA3 Horizontal Axo Axonic,E,I,-0.0001705862617351122,0.0007142516941354572,-1.218415264405384e-07
CA1 Radial Trilaminar,CA1 Basket CCK+,I,I,-0.05757335160765408,-2.1093438067068437e-06,1.2144199264496065e-07
MEC LV VI Pyramidal Polymorphic,EC LV Deep Pyramidal,E,E,0.024169480628875535,4.980142852032565e-06,1.2036746619123405e-07
EC LIII Pyramidal,MEC LII Oblique Pyramidal,E,E,0.00045727861139635865,0.00026256316848397775,1.200645210881815e-07
CA1 Bistratified,CA1 Back Projection,I,I,-0.005938407981749477,-1.9801852082825128e-05,1.1759147646207125e-07
DG Axo Axonic,CA3c Pyramidal,I,E,1.4848957275047223,-7.898565919671097e-08,-1.172854678753402e-07
CA3 Axo Axonic,CA2 Pyramidal,I,E,0.2998954806017722,-3.881969916717929e-07,-1.1641852338557448e-07
DG MOLAX,DG Basket,I,I,-0.014171152906462635,-8.109301405006972e-06,1.1491815017494609e-07
CA3 Axo Axonic,CA3 Pyramidal,I,E,0.7767304577028805,-1.4696508122265846e-07,-1.1415225480441652e-07
CA1 Basket,SUB CA1 Projecting Pyramidal,I,E,0.00934636531627075,1.221250171894357e-05,1.141425024908311e-07
CA1 O LM,CA2 Pyramidal,I,E,0.129475676426992,-8.806376015045415e-07,-1.1402114914184435e-07
CA1 Ivy,CA1 Basket,I,I,-0.007862447272253418,-1.4342822726897978e-05,1.1276968742551333e-07
CA1 Basket CCK+,CA1 LMR,I,I,-0.000703047265831138,-0.0001591713846631459,1.1190500678598105e-07
CA1 Recurrent O LM,CA2 Pyramidal,I,E,0.20364335323805005,-5.444037249587694e-07,-1.1086420006588892e-07
DG HIPP,DG AIPRIM,I,I,-0.0023198190581162565,-4.718975351909217e-05,1.094716895613987e-07
CA3 Mossy Fiber Associated,CA1 Back Projection,I,I,-0.008547103306185477,-1.2785309567355888e-05,1.0927736167375231e-07
CA1 Perforant Path Associated,SUB CA1 Projecting Pyramidal,I,E,0.05308500503976842,2.0238430638674e-06,1.0743571924510129e-07
DG Basket,DG Semilunar Granule,I,E,0.31610940646826935,-3.3938645616038784e-07,-1.0728325122022951e-07
CA1 Radial Trilaminar,CA1 Pyramidal,I,E,0.16664147436990492,-6.326597655945159e-07,-1.0542735611318857e-07
DG Total Molecular Layer,DG Total Molecular Layer,I,I,-0.013917713366952703,-7.538531096544382e-06,1.0491911500956436e-07
CA3 Spiny Lucidum,DG Granule,I,E,0.07283633751850728,-1.4394497824014859e-06,-1.0484425019193649e-07
DG HICAP,DG AIPRIM,I,I,-0.07994114366085357,-1.3039423853417793e-06,1.0423864555208327e-07
EC LV Deep Pyramidal,MEC LIII Bipolar Complex Pyramidal,E,E,0.0002756077242097582,0.00037638095533997553,1.0373349853714531e-07
SUB CA1 Projecting Pyramidal,MEC LII Stellate,E,E,0.0044431158125961545,2.3257437456389538e-05,1.0333548812295045e-07
CA1 LMR,CA3 Pyramidal,I,E,0.5183061794420439,-1.9545685695132534e-07,-1.0130649677219154e-07
DG MOLAX,EC LI II Pyramidal Fan,I,E,0.07884937854328265,-1.2724350987472357e-06,-1.0033071677288003e-07
CA2 Basket,CA2 Wide Arbor Basket,I,I,-0.019425096720447343,-5.153379129470884e-06,1.0010488802710666e-07
CA1 Horizontal Axo Axonic,CA2 Pyramidal,I,E,0.25076331337888746,-3.989866880708043e-07,-1.0005122389470351e-07
CA1 Basket CCK+,CA1 Perforant Path Associated QuadD,I,I,-0.00018986780866710594,-0.0005232776414778022,9.935357911188181e-08
CA1 Basket,CA1 Ivy,I,I,-0.007366869358136344,-1.3430174743282475e-05,9.893834279070431e-08
CA1 Basket,CA1 Neurogliaform,I,I,-0.0021543902485973514,-4.5677427100934294e-05,9.840700352726923e-08
DG MOLAX,MEC LII Stellate,I,E,0.008842796443195577,-1.1026310322085593e-05,-9.750341769770917e-08
DG Basket,CA1 Perforant Path Associated,I,I,-0.0010556269819067246,-9.201125166138867e-05,9.712955989277181e-08
DG Mossy,DG Axo Axonic,E,I,-0.00034034301022945075,0.0002777224793877547,-9.452090464321502e-08
CA1 Basket,CA1 OR LM,I,I,-0.0009306084543527531,-0.00010069796629283019,9.371037876823634e-08
CA1 Radial Trilaminar,CA1 Trilaminar,I,I,-0.007433805795479179,-1.2545781500267709e-05,9.326290322550557e-08
CA1 LMR,CA1 Perforant Path Associated,I,I,-0.014992595200463763,-6.148101252356328e-06,9.217599332804272e-08
CA1 Schaffer Collateral Associated,EC LIII Pyramidal,I,E,0.00867505285815575,-1.0612690911618581e-05,-9.206565462556033e-08
CA1 Radiatum Giant,EC LIII Pyramidal Stellate,E,E,0.00966673059193111,9.477686553920192e-06,9.161824255151445e-08
CA1 Perforant Path Associated QuadD,CA3c Pyramidal,I,E,36.09077370480926,2.519073927537611e-09,9.0915327064445e-08
CA1 Oriens Alveus,EC LIII Pyramidal,I,E,0.045173285794288004,-1.99536082700758e-06,-9.013700490114027e-08
CA3 Axo Axonic,DG Granule,I,E,0.3732484253728688,-2.3517373780979355e-07,-8.777822732655734e-08
CA1 Pyramidal,CA2 Bistratified,E,I,-1.263005950859059e-05,0.006843326476587042,-8.643162063600791e-08
CA1 Oriens Bistratified,CA3 Pyramidal,I,E,0.32895492789847425,-2.6003392568855624e-07,-8.553944127603623e-08
CA1 Pyramidal,CA1 Quadrilaminar,E,I,-1.4565216572798324e-05,0.005809516391497377,-8.46168644253811e-08
CA1 LMR,EC LIII Pyramidal,I,E,0.07836831692075169,-1.079595968695145e-06,-8.460611902106704e-08
CA1 LMR,CA1 Trilaminar,I,I,-0.006122331123391724,-1.3323110017586847e-05,8.156849112104401e-08
CA1 OR LM,CA1 Basket CCK+,I,I,-0.02551915909002181,-3.1622078572946205e-06,8.069688538601841e-08
DG Basket,DG MOLAX,I,I,-0.007383384164255897,-1.0819935330132208e-05,7.988773917477105e-08
CA3 Mossy Fiber Associated ORDEN,CA3 Basket CCK+,I,I,-0.10834124883492444,-7.339106741357131e-07,7.951279896914443e-08
SUB CA1 Projecting Pyramidal,CA3c Pyramidal,E,E,0.042705324302131364,1.8559967726319067e-06,7.926094407895475e-08
CA1 Axo Axonic,CA1 Basket CCK+,I,I,-0.022940266609904128,-3.443264345264867e-06,7.898940208875303e-08
CA3 Mossy Fiber Associated ORDEN,CA1 Back Projection,I,I,-0.018180518671678025,-4.314324915147618e-06,7.843666467552698e-08
DG Total Molecular Layer,CA1 Back Projection,I,I,-0.003964140314433916,-1.9362873377288065e-05,7.675714695818681e-08
DG Basket,CA1 Back Projection,I,I,-0.002936544464724173,-2.598053305446542e-05,7.629299053167384e-08
DG Semilunar Granule,DG Total Molecular Layer,E,I,-0.0005981193551238788,0.00012584426898458356,-7.526989301109507e-08
CA1 Basket,CA1 LMR,I,I,-0.0007672497254993226,-9.796282761382285e-05,7.516195259584304e-08
DG Semilunar Granule,CA1 Perforant Path Associated,E,I,-6.510927371002383e-05,0.0011447466947665358,-7.453362587819949e-08
DG Total Molecular Layer,EC LI II Pyramidal Fan,I,E,0.050120898695283245,-1.4709504096377802e-06,-7.372535646724057e-08
DG MOLAX,DG Semilunar Granule,I,E,0.3350715638660864,-2.188032978955988e-07,-7.331476320493546e-08
CA1 Radial Trilaminar,CA2 Pyramidal,I,E,0.1503317532209829,-4.861620142035463e-07,-7.308558794466351e-08
CA3c Pyramidal,CA3 Spiny Lucidum,E,I,-0.0001356660425567879,0.0005379702837322742,-7.298429940710997e-08
EC LV Deep Pyramidal,MEC LV Multipolar Pyramidal,E,E,0.0010810893683429505,6.741625922790621e-05,7.288300110474173e-08
CA1 Ivy,CA2 Wide Arbor Basket,I,I,-0.013364226163010515,-5.429625597877722e-06,7.256274447050906e-08
DG MOLAX,CA1 Back Projection,I,I,-0.004247477505705193,-1.674971469903383e-05,7.114403641112583e-08
DG Total Molecular Layer,MEC LII Stellate,I,E,0.00556522186574494,-1.2746548488825487e-05,-7.093737036278972e-08
CA1 Perforant Path Associated,CA1 Bistratified,I,I,-0.011761850280125096,-6.016051755040429e-06,7.075990002026934e-08
SUB CA1 Projecting Pyramidal,EC LI II Pyramidal Fan,E,E,0.026221639705615907,2.683905936073015e-06,7.037641445947039e-08
EC LIII Pyramidal,MEC LV Multipolar Pyramidal,E,E,0.0010122632708621394,6.947615654896746e-05,7.032816147518785e-08
CA3 Mossy Fiber Associated ORDEN,CA2 Wide Arbor Basket,I,I,-0.03663699410185745,-1.910238309774982e-06,6.998538968836816e-08
EC LIII Pyramidal,MEC LV Superficial Pyramidal,E,E,0.001276269012083223,5.464073204601169e-05,6.973627310786744e-08
CA1 Perforant Path Associated,CA1 OR LM,I,I,-0.004177651802060354,-1.6687562083301542e-05,6.971482380929872e-08
CA3 Basket CCK+,DG Semilunar Granule,I,E,0.006561225287988262,-1.0587630621927112e-05,-6.946782977646705e-08
DG HICAP,DG Mossy,I,E,0.3094506736556493,-2.2298963592185503e-07,-6.900429305424602e-08
CA1 Ivy,CA1 Horizontal Basket,I,I,-0.008176481330785029,-8.378526633186214e-06,6.850686659573222e-08
CA1 Axo Axonic,EC LIII Pyramidal,I,E,0.0412813998405704,-1.659496546325308e-06,-6.850634046290071e-08
CA1 Radiatum,CA2 Pyramidal,I,E,0.4068704824549211,-1.6434824908248673e-07,-6.686845139481292e-08
DG Semilunar Granule,DG MOLAX,E,I,-0.0004842289231572029,0.00013461489745122303,-6.518442683372302e-08
CA1 Schaffer Collateral Associated,CA1 Trilaminar,I,I,-0.0004972723710445934,-0.0001309694114262343,6.512746975423839e-08
CA2 Bistratified,CA2 Basket,I,I,-0.032747558672251105,-1.9848902785951575e-06,6.500031085627576e-08
CA1 Axo Axonic,CA1 Trilaminar,I,I,-0.0031633992653498934,-2.047956430146766e-05,6.47850386659487e-08
CA1 SO SO,CA1 Trilaminar,I,I,-0.002663524861932292,-2.4159272006666947e-05,6.434882163594227e-08
CA1 Neurogliaform,CA1 Perforant Path Associated,I,I,-0.0033247156571640218,-1.9000570974218282e-05,6.317149581303977e-08
CA3 Horizontal Axo Axonic,CA1 Back Projection,I,I,-0.006086357765974592,-1.0324030009357446e-05,6.283574022360742e-08
CA1 Perforant Path Associated,CA1 Neurogliaform,I,I,-0.008239305928161012,-7.569615639860187e-06,6.236837901540036e-08
CA3 Basket,CA3 Granule,I,E,0.0003338312300965675,-0.00018596955922516893,-6.208244671665461e-08
CA2 Wide Arbor Basket,CA1 Oriens Alveus,I,I,-0.00016654886612093607,-0.00037249658872128157,6.203888448544612e-08
CA1 Basket,CA1 Perforant Path Associated QuadD,I,I,-0.00019053346935541573,-0.00032205385091511825,6.136203753412931e-08
CA1 O LMR,CA3c Pyramidal,I,E,0.29539482296178876,-2.0478842946326335e-07,-6.049344186592345e-08
DG AIPRIM,DG HIPP,I,I,-0.021414660996361322,-2.73479580051527e-06,5.856472496230709e-08
DG HIPROM,DG Granule,I,E,1.2280345999512894,-4.762361043441181e-08,-5.848344138805896e-08
CA1 Horizontal Basket,CA1 Ivy,I,I,-0.010002509878687076,-5.748284616571178e-06,5.7497273662758156e-08
DG MOLAX,DG MOLAX,I,I,-0.008226502174910028,-6.975639393609814e-06,5.7385112642919206e-08
CA3c Pyramidal,CA3 Lucidum ORAX,E,I,-5.709405021491305e-06,0.010009676371156353,-5.714929653698294e-08
CA2 Wide Arbor Basket,CA1 Schaffer Collateral Associated,I,I,-0.0004960042651998967,-0.00011468377338813519,5.6883640749733465e-08
CA3c Pyramidal,DG HIPROM,E,I,-5.107201437887509e-06,0.010979868227384816,-5.607639879871511e-08
CA1 Bistratified,CA1 Bistratified,I,I,-0.0055434194031075785,-9.99160806558031e-06,5.538767401898407e-08
EC LV Deep Pyramidal,MEC LV Superficial Pyramidal,E,E,0.0010427521081246651,5.302068996030599e-05,5.5287436230333336e-08
CA1 Radiatum Giant,CA2 Pyramidal,E,E,0.010035600677241262,5.356451894534427e-06,5.375521226039993e-08
DG HICAP,EC LII III Pyramidal Tripolar,I,E,0.11407049213568644,-4.666622265729325e-07,-5.3232389846309626e-08
CA1 Basket CCK+,CA1 O LMR,I,I,-0.0016174803617252642,-3.276786687668424e-05,5.300138116866453e-08
DG HICAP,CA2 Pyramidal,I,E,0.28808601434065184,-1.8077898527772279e-07,-5.2079897345206535e-08
CA3 Trilaminar,CA3c Pyramidal,I,E,0.015847245046512918,-3.2830918269657926e-06,-5.20279606921307e-08
CA1 Trilaminar,CA1 Schaffer Collateral Associated,I,I,-0.01161720330354292,-4.462150622165707e-06,5.183771094872954e-08
DG HICAP,MEC LV Pyramidal,I,E,0.47439688317198764,-1.0849230327299941e-07,-5.1468410520860954e-08
CA3 Basket,CA3 Mossy Fiber Associated ORDEN,I,I,-0.0008470723657332648,-6.06652444612828e-05,5.1387852143605664e-08
DG Total Molecular Layer,DG Semilunar Granule,I,E,0.1956789613566133,-2.5293926659717387e-07,-4.9494892974038496e-08
CA3 Granule,CA3 Pyramidal,E,E,0.11687666785373194,4.208263605807564e-07,4.9184782769691894e-08
CA1 Trilaminar,CA1 Ivy,I,I,-0.01947826894110266,-2.494566614484739e-06,4.858983940842971e-08
CA1 Horizontal Axo Axonic,CA3c Pyramidal,I,E,0.6795145955665792,-7.047835691921987e-08,-4.789107219816071e-08
CA1 Oriens Alveus,CA1 Back Projection,I,I,-0.014788556588674784,-3.208546352671151e-06,4.7449769303863396e-08
CA1 Radial Trilaminar,CA1 Basket,I,I,-0.02407637508976138,-1.9119638820914005e-06,4.6033159583308856e-08
CA3 Basket,CA3 Trilaminar,I,I,-0.010268055809386849,-4.4638741626953605e-06,4.5835309028635956e-08
DG Total Molecular Layer,DG MOLAX,I,I,-0.00566390295054795,-8.063923758168875e-06,4.5673281566886404e-08
CA1 Perforant Path Associated QuadD,EC LIII Pyramidal Stellate,I,E,1.768884249425883,2.523298798670719e-08,4.463423501563887e-08
CA2 Wide Arbor Basket,CA1 Bistratified,I,I,-0.00025467048473730794,-0.00017330478709065298,4.4135614135672544e-08
CA3 Trilaminar,CA1 Back Projection,I,I,-0.0007023331865966038,-6.249494324914812e-05,4.389227263834811e-08
CA1 Ivy,CA1 Back Projection,I,I,-0.0035735533441355505,-1.2262956342659947e-05,4.382232864730072e-08
CA3 LMR Targeting,CA3 O LM,I,I,-0.011470343330537352,-3.7762645320172852e-06,4.3315050689169224e-08
CA1 Basket CCK+,CA1 O LM,I,I,-0.0012516477217506662,-3.423472495670908e-05,4.28498154968256e-08
CA1 Radial Trilaminar,CA3 Pyramidal,I,E,0.2313853014069793,-1.8405304893553357e-07,-4.2587170202821944e-08
CA1 O LM,CA3c Pyramidal,I,E,0.2647474877895878,-1.5555880196260727e-07,-4.1183802023158274e-08
CA3 O LM,CA3 O LM,I,I,-0.006225833631637852,-6.594811903295313e-06,4.1058201741861595e-08
CA1 Oriens Alveus,CA1 Perforant Path Associated,I,I,-0.003604582677254797,-1.1363214346062637e-05,4.0959645589750574e-08
CA1 Perforant Path Associated,CA1 LMR,I,I,-0.002509922736077849,-1.6234297750438604e-05,4.0746833028083335e-08
CA1 Perforant Path Associated QuadD,CA3 Pyramidal,I,E,7.545484853264889,5.398903211514571e-09,4.073734240672636e-08
CA1 LMR,CA1 Back Projection,I,I,-0.02317347233221442,-1.7359936412654285e-06,4.022900061476457e-08
CA1 Perforant Path Associated QuadD,CA2 Pyramidal,I,E,2.8054909662647964,1.4260788805075762e-08,4.000851416445019e-08
CA1 Schaffer Collateral Associated,CA1 Perforant Path Associated,I,I,-0.0006606690180313014,-6.043733042413522e-05,3.9929071743746715e-08
DG MOLAX,CA1 Perforant Path Associated,I,I,-0.0006683842729180166,-5.9319884284066855e-05,3.96484777267869e-08
CA1 Basket CCK+,CA1 Recurrent O LM,I,I,-0.0007568733399142285,-5.2186761888664176e-05,3.949876876998183e-08
CA1 OR LM,CA1 Trilaminar,I,I,-0.0020588180816530272,-1.8807919652503427e-05,3.872208505885138e-08
CA1 Quadrilaminar,CA3c Pyramidal,I,E,5.449473312230288,-7.053025007255989e-09,-3.843527154753434e-08
CA1 Horizontal Axo Axonic,CA1 Trilaminar,I,I,-0.0037071304848410413,-1.029615573370575e-05,3.8169192797091465e-08
CA1 Horizontal Basket,CA1 Schaffer Collateral Associated,I,I,-0.003545090846157307,-1.0282231642676206e-05,3.6451445274520426e-08
CA2 Pyramidal,CA2 SP SR,E,I,-7.289624775504103e-05,0.0004999341525697139,-3.644332384692834e-08
CA3 Basket CCK+,CA3 Trilaminar,I,I,-0.0036152757055649665,-9.868369545485292e-06,3.5676876671330166e-08
DG Basket,DG HIPP,I,I,-0.011484306780577824,-3.101428319335167e-06,3.5617754277216946e-08
CA1 Perforant Path Associated,CA1 Schaffer Collateral Associated,I,I,-0.008726133398812121,-3.9810990091430715e-06,3.47396010276612e-08
CA1 OR LM,CA1 Basket,I,I,-0.01203002570694147,-2.8663071385466313e-06,3.4481748560705824e-08
MEC LV VI Pyramidal Polymorphic,MEC LV Multipolar Pyramidal,E,E,0.011828022266575006,2.8906822255835285e-06,3.4191053729794566e-08
CA1 Neurogliaform Projecting,EC LIII Pyramidal Stellate,I,E,0.11239137896662947,-3.007629938336499e-07,-3.3803167619095784e-08
CA1 Perforant Path Associated,CA1 Perforant Path Associated QuadD,I,I,-0.000630100387155019,-5.337042871038629e-05,3.362872779304374e-08
CA3 Lucidum ORAX,CA3 Pyramidal,I,E,1.137853504417362,-2.9481026847215198e-08,-3.354508971192615e-08
CA1 Oriens Bistratified,CA1 Pyramidal,I,E,0.03752360119537676,-8.938347037672063e-07,-3.3539896958748375e-08
CA1 Axo Axonic,CA1 Basket,I,I,-0.010682771822681795,-3.121064021762138e-06,3.3341614788466486e-08
CA1 Recurrent O LM,CA3c Pyramidal,I,E,0.3407211544931383,-9.616531373845747e-08,-3.276555671916208e-08
CA1 Basket,CA1 O LMR,I,I,-0.001617176967078872,-2.0167148139765827e-05,3.261384746329682e-08
CA1 R Receiving Apical Targeting,CA1 Back Projection,I,I,-0.0074401093764266705,-4.360480987816507e-06,3.2442455483183827e-08
DG Total Molecular Layer,CA1 Perforant Path Associated,I,I,-0.00046837607429234355,-6.857450582212134e-05,3.211865783350265e-08
CA2 Wide Arbor Basket,CA1 Ivy,I,I,-0.0004963406531884442,-6.411399716003385e-05,3.182238322893326e-08
CA1 Pyramidal,CA1 Neurogliaform Projecting,E,I,-4.129104909120313e-05,0.000751041849679165,-3.10113058846504e-08
CA3 Basket CCK+,CA3 Mossy Fiber Associated ORDEN,I,I,-0.00022893810429285079,-0.0001341137830260113,3.0703755245517734e-08
CA1 Bistratified,CA1 Schaffer Collateral Associated,I,I,-0.004495152523919907,-6.6119080402359975e-06,2.972153511499317e-08
CA1 O LMR,CA1 Trilaminar,I,I,-0.0009923323844101461,-2.9917461961145188e-05,2.968806636340305e-08
CA1 Radial Trilaminar,CA2 Wide Arbor Basket,I,I,-0.04091372996587957,-7.237939305317172e-07,2.961310942471727e-08
CA3 Basket CCK+,CA3 Granule,I,E,7.193900519743857e-05,-0.0004111263596948814,-2.9576021326894072e-08
CA1 Radial Trilaminar,CA1 Horizontal Basket,I,I,-0.026299594576013226,-1.1168959285643727e-06,2.937391010484283e-08
CA1 Back Projection,CA1 Radial Trilaminar,I,I,-0.0005087957052218218,-5.7459806524484344e-05,2.9235302782534453e-08
CA1 LMR,CA1 R Receiving Apical Targeting,I,I,-0.008149587604906172,-3.5103814638322667e-06,2.8608161266139825e-08
CA1 R Receiving Apical Targeting,CA1 R Receiving Apical Targeting,I,I,-0.0031795407172506424,-8.817400749156138e-06,2.8035284702258258e-08
CA1 Bistratified,CA1 Oriens Alveus,I,I,-0.0012540494269371867,-2.1475690214615212e-05,2.6931577006718755e-08
CA3 Horizontal Axo Axonic,CA3c Pyramidal,I,E,0.0494318052885033,-5.423596979669717e-07,-2.6809818986234803e-08
DG Granule,CA3 Spiny Lucidum,E,I,-0.0006398242497182852,4.160140273710946e-05,-2.6617586293499276e-08
CA1 Basket,CA1 Recurrent O LM,I,I,-0.0008267152201950692,-3.211860454341157e-05,2.6552939227464845e-08
CA2 Bistratified,CA2 Wide Arbor Basket,I,I,-0.03600325947101828,-7.335846962855901e-07,2.641144016433824e-08
CA3 Mossy Fiber Associated,CA3c Pyramidal,I,E,0.03929960277524941,-6.716598681987897e-07,-2.6395966020288807e-08
MEC LV VI Pyramidal Polymorphic,EC LIII Pyramidal,E,E,0.0018273619442526823,1.4380364606394943e-05,2.627813102620432e-08
DG Semilunar Granule,DG HIPP,E,I,-0.0006764263847120032,3.8586039788698174e-05,-2.6100615394622614e-08
DG Axo Axonic,DG Semilunar Granule,I,E,1.3224908547087286,-1.9640681120314784e-08,-2.597462116186669e-08
CA1 R Receiving Apical Targeting,CA1 Bistratified,I,I,-0.01177195800159287,-2.2002091938392634e-06,2.5900770224594317e-08
CA1 Schaffer Collateral Associated,CA1 Back Projection,I,I,-0.0015139839214167745,-1.7065239657714657e-05,2.583649845690389e-08
CA3 Pyramidal,CA3 Spiny Lucidum,E,I,-0.00011473482255401979,0.00022500496032451224,-2.5815904196607173e-08
CA3 Granule,CA2 Pyramidal,E,E,0.022621729334243657,1.111580559372032e-06,2.5145874547321273e-08
CA1 Basket,CA1 O LM,I,I,-0.0011836811982194463,-2.10699333076622e-05,2.4940083904017413e-08
CA3 Axo Axonic,CA3 Basket,I,I,-0.023277582194101164,-1.0575315121543993e-06,2.461677669702612e-08
SUB CA1 Projecting Pyramidal,EC LIII Pyramidal,E,E,0.0011048478699165112,2.197111963471716e-05,2.4274744728098088e-08
CA1 Back Projection,CA1 Radiatum Giant,I,E,0.0077135056860658064,-3.143171021076451e-06,-2.4244867543350473e-08
CA1 Radial Trilaminar,CA1 Back Projection,I,I,-0.0146717354222437,-1.6347081785274479e-06,2.3984005887932634e-08
CA1 Radiatum Giant,CA3 Pyramidal,E,E,0.011584383416170348,2.0278657605133494e-06,2.3491574486310516e-08
CA1 Basket CCK+,CA1 Radial Trilaminar,I,I,-0.0007210367679308818,-3.198884195061983e-05,2.306513120992673e-08
CA1 Bistratified,CA1 R Receiving Apical Targeting,I,I,-0.0005681770653294217,-4.004165271620917e-05,2.2750748731235595e-08
CA3 LMR Targeting,CA3c Pyramidal,I,E,0.010790377655063122,-2.08428755776734e-06,-2.249024989005879e-08
CA3c Pyramidal,DG Hilar Ectopic Granule,E,E,2.1003515319673416e-06,0.010421371390791927,2.188854336585045e-08
DG Axo Axonic,DG Basket,I,I,-0.029905438377079537,-7.279241425339885e-07,2.1768890587738655e-08
DG HICAP,CA3c Pyramidal,I,E,0.6727572958968859,-3.193341088521911e-08,-2.148343515590419e-08
CA1 Back Projection,CA1 Recurrent O LM,I,I,-0.00022854017882925924,-9.374022497878745e-05,2.1423407780147077e-08
CA3 Mossy Fiber Associated ORDEN,CA3c Pyramidal,I,E,0.09415845245356004,-2.2664753548662687e-07,-2.1340781193834118e-08
DG HIPP,DG Basket,I,I,-0.0019948306676306213,-1.0650561194162668e-05,2.1246066097592302e-08
CA3 Lucidum ORAX,CA2 Pyramidal,I,E,0.2727248781068409,-7.787187159203805e-08,-2.1237596687890142e-08
DG Axo Axonic,DG Total Molecular Layer,I,I,-0.03611039660823206,-5.853653621072825e-07,2.1137775386415343e-08
CA3 Axo Axonic,CA1 Back Projection,I,I,-0.015740004656732382,-1.3053031265826989e-06,2.0545477290859017e-08
CA1 OR LM,CA2 Wide Arbor Basket,I,I,-0.01885924317521667,-1.0850705546019356e-06,2.046360945150512e-08
CA1 Radiatum Giant,CA1 Basket CCK+,E,I,-0.0008728589049074761,2.3240397850023787e-05,-2.0285588216985825e-08
CA1 Ivy,CA1 Bistratified,I,I,-0.003238442255071788,-6.1876360346844635e-06,2.003830199372701e-08
CA1 Perforant Path Associated,CA1 O LMR,I,I,-0.005968669502500347,-3.3420787828705483e-06,1.994776370627292e-08
CA1 Radiatum,CA3 Pyramidal,I,E,0.31827242153728497,-6.221957999002287e-08,-1.980277639045738e-08
CA1 Quadrilaminar,EC LIII Pyramidal Stellate,I,E,0.27813113997965666,-7.06485400577346e-08,-1.9649558984156162e-08
CA1 Bistratified,CA1 SO SO,I,I,-0.0008473418885698791,-2.3187114636664853e-05,1.9647413506717883e-08
CA3 Pyramidal,CA3 Lucidum ORAX,E,I,-4.573051708204068e-06,0.0041865264734103486,-1.914520204067075e-08
CA1 Axo Axonic,CA2 Wide Arbor Basket,I,I,-0.01612277762774971,-1.1815114380096623e-06,1.9049246179672572e-08
DG AIPRIM,CA3 Mossy Fiber Associated,I,I,-0.004014934599869055,-4.68986911392478e-06,1.8829517774353827e-08
DG Granule,DG MOPP,E,I,-0.00024044762967256127,7.608916391490179e-05,-1.8295459107105116e-08
CA1 Bistratified,SUB CA1 Projecting Pyramidal,I,E,0.005433345475357408,3.361248789700678e-06,1.826282590307074e-08
CA3 Pyramidal,DG HIPROM,E,I,-3.9647686070243165e-06,0.004592307213943757,-1.820743547565551e-08
CA1 Schaffer Collateral Associated,SUB CA1 Projecting Pyramidal,I,E,0.006208906951654235,2.89672480662535e-06,1.7985494788885407e-08
DG MOLAX,DG HIPP,I,I,-0.008919632168861465,-1.999498601489989e-06,1.7834792047443616e-08
DG Axo Axonic,CA1 Perforant Path Associated,I,I,-0.003316748374846822,-5.324796026946745e-06,1.766100856876643e-08
CA2 Basket,CA2 Bistratified,I,I,-0.0023574334763267132,-7.4060577733343274e-06,1.745928852246802e-08
DG HIPP,DG Semilunar Granule,I,E,0.06057709810448212,-2.873709826943688e-07,-1.7408100211058212e-08
DG Mossy,CA3 Mossy Fiber Associated,E,I,-0.0009001810871024691,1.8808865731294467e-05,-1.6931385201161032e-08
CA3 Lucidum ORAX,DG Granule,I,E,0.3581522119596977,-4.7175582257028995e-08,-1.6896039135841602e-08
CA1 Axo Axonic,CA1 Back Projection,I,I,-0.006330829644065845,-2.6684755553548872e-06,1.689366415030579e-08
DG HIPP,CA1 Back Projection,I,I,-0.0007613789633934321,-2.1998671954242447e-05,1.6749326048553283e-08
CA1 Axo Axonic,CA1 Perforant Path Associated,I,I,-0.0017508734127060824,-9.45052880020958e-06,1.6546679612300066e-08
CA1 Basket,CA1 Radial Trilaminar,I,I,-0.0008252264823219847,-1.968769333888924e-05,1.6246805919085537e-08
CA1 SO SO,CA1 Back Projection,I,I,-0.00507774675777798,-3.147939371949444e-06,1.5984438939597942e-08
CA1 Perforant Path Associated,CA1 O LM,I,I,-0.004544900179211169,-3.4916874005197335e-06,1.5869370692371517e-08
CA1 Bistratified,CA1 Ivy,I,I,-0.004291195284081758,-3.6963891297803483e-06,1.5861927601844507e-08
DG Total Molecular Layer,DG HIPP,I,I,-0.006857135220837873,-2.3114446385733646e-06,1.5849888442178284e-08
CA1 Schaffer Collateral Associated,CA1 R Receiving Apical Targeting,I,I,-0.00044448520592291527,-3.45079034544329e-05,1.5338252572911687e-08
CA1 Oriens Alveus,CA1 Bistratified,I,I,-0.009419962562541084,-1.6189666240332593e-06,1.525060498839683e-08
CA1 Radial Trilaminar,CA1 Perforant Path Associated,I,I,-0.0026341427212111315,-5.78939413183315e-06,1.525009041259073e-08
CA1 OR LM,CA1 Horizontal Basket,I,I,-0.009053549419961792,-1.6743866361931047e-06,1.5159142158897858e-08
DG HIPROM,DG AIPRIM,I,I,-0.026095188477210533,-5.67017050898966e-07,1.4796416813000595e-08
CA1 Axo Axonic,CA1 Horizontal Basket,I,I,-0.007962490569808965,-1.8232058311069272e-06,1.4517259237009624e-08
CA1 Basket CCK+,CA1 Radiatum,I,I,-0.00028677821689485506,-5.0397404724537045e-05,1.4452877863031078e-08
SUB CA1 Projecting Pyramidal,MEC LV Pyramidal,E,E,0.0022401687965579024,6.305664166407362e-06,1.4125752107159068e-08
CA3 Axo Axonic,CA3 Basket CCK+,I,I,-0.06340037446594489,-2.2204537590998402e-07,1.4077759981124486e-08
CA1 Radial Trilaminar,EC LIII Pyramidal,I,E,0.013780074324444957,-1.016607617436186e-06,-1.4008928527067547e-08
DG HIPP,CA3c Pyramidal,I,E,0.012120435239190796,-1.155672064684361e-06,-1.4007248417748714e-08
CA1 Neurogliaform,CA1 Back Projection,I,I,-0.0026058314181173284,-5.3650499622161536e-06,1.3980415751312039e-08
CA3 Granule,CA1 Back Projection,E,I,-0.0037049711276814544,3.7376631213659332e-06,-1.3847933949660527e-08
CA3 Spiny Lucidum,CA2 Pyramidal,I,E,0.0057383934397114995,-2.3760734527373895e-06,-1.3634844313460886e-08
CA1 R Receiving Apical Targeting,CA1 Schaffer Collateral Associated,I,I,-0.009242273703091048,-1.4559799347075437e-06,1.3456565062775752e-08
CA1 Oriens Bistratified,CA2 Pyramidal,I,E,0.019497779816685462,-6.868596733666889e-07,-1.3392238676264196e-08
CA2 Wide Arbor Basket,CA3 Mossy Fiber Associated,I,I,-0.00018956887171368207,-7.031216815835821e-05,1.332899838552265e-08
DG Axo Axonic,DG MOLAX,I,I,-0.021014917502549208,-6.261619923369181e-07,1.3158742612192182e-08
DG AIPRIM,DG HICAP,I,I,-0.0006743866177076459,-1.9481310369446288e-05,1.3137935008563772e-08
CA1 R Receiving Apical Targeting,SUB CA1 Projecting Pyramidal,I,E,0.017554607147599925,7.401661916020125e-07,1.2993326717508504e-08
CA1 Oriens Alveus,CA1 R Receiving Apical Targeting,I,I,-0.0019878035135412926,-6.4880546647931655e-06,1.2896977858723827e-08
CA1 O LM,CA1 Trilaminar,I,I,-0.0005667929550357212,-2.272552483866028e-05,1.2880667378041941e-08
DG HIPROM,CA2 Pyramidal,I,E,0.16309805327225793,-7.861142351762284e-08,-1.282137014068528e-08
DG HICAP,EC LI II Pyramidal Fan,I,E,0.27459963582700087,-4.6178028053552024e-08,-1.2680469686714415e-08
DG MOPP,EC LII III Pyramidal Tripolar,I,E,0.023674225841570796,-5.259597069109509e-07,-1.2451688884976234e-08
DG HICAP,MEC LII Stellate,I,E,0.03086568149717423,-4.001565721361668e-07,-1.235110530455595e-08
DG Granule,CA1 Neurogliaform Projecting,E,I,-5.921967628824647e-05,0.00020797426265149873,-1.2316168510508503e-08
CA1 LMR,CA1 Bistratified,I,I,-0.014039198780214257,-8.759467546426155e-07,1.2297590609311243e-08
CA1 Perforant Path Associated QuadD,CA1 Pyramidal,I,E,0.6555191623614742,1.8558067144330002e-08,1.2165168629499199e-08
CA2 SP SR,CA3c Pyramidal,I,E,0.6613745558518849,-1.7992525005117523e-08,-1.1899798233913534e-08
DG Hilar Ectopic Granule,DG Granule,E,E,0.9580967314034295,1.2281611697166512e-08,1.1766972023421362e-08
CA1 LMR,CA1 OR LM,I,I,-0.004822013033651403,-2.4297357211925976e-06,1.1716217315919096e-08
CA1 LMR,CA1 Neurogliaform,I,I,-0.010478808262029852,-1.1021481402769213e-06,1.1549199038314639e-08
CA3 Axo Axonic,CA2 Wide Arbor Basket,I,I,-0.019882294394609056,-5.779444263719807e-07,1.1490861228851177e-08
DG Axo Axonic,CA1 Back Projection,I,I,-0.007629966210258669,-1.5035230658037998e-06,1.1471830188427514e-08
CA1 Ivy,CA1 Schaffer Collateral Associated,I,I,-0.0027664630117189733,-4.094644243374655e-06,1.1327681845444004e-08
CA2 SP SR,CA3 Pyramidal,I,E,0.28904742174212256,-3.8561750797182535e-08,-1.114617464578785e-08
CA1 Trilaminar,CA1 Radiatum Giant,I,E,0.05512373883583578,-2.0003782822685842e-07,-1.1026833000465122e-08
CA1 Basket,CA1 Radiatum,I,I,-0.0003521294990035884,-3.1017335695497026e-05,1.0922118878881487e-08
CA1 Back Projection,CA3 Trilaminar,I,I,-0.004192693826469546,-2.5566553500320797e-06,1.0719273102489838e-08
CA1 Ivy,CA1 Oriens Alveus,I,I,-0.0008054639203111574,-1.3299536347851705e-05,1.0712296685061368e-08
DG HIPP,DG Total Molecular Layer,I,I,-0.0012468767217209903,-8.564724324658184e-06,1.067915538837382e-08
CA1 Schaffer Collateral Associated,CA1 Bistratified,I,I,-0.0012393160198366723,-8.610769613463157e-06,1.067146472508772e-08
DG Granule,DG HIPROM,E,I,-1.2254996953551853e-05,0.0008490764897994766,-1.0405429795825086e-08
DG HICAP,DG Basket,I,I,-0.0335925197608688,-2.9429520463857316e-07,9.886117477350196e-09
DG HIPROM,DG Mossy,I,E,0.10057020247804944,-9.696665064561358e-08,-9.751955689047642e-09
CA1 OR LM,CA1 Back Projection,I,I,-0.00393647562467781,-2.4506612104139075e-06,9.646968119137765e-09
CA1 Horizontal Basket,CA1 Recurrent O LM,I,I,-0.0006764329084542591,-1.3747168888846573e-05,9.299037434494392e-09
CA1 SO SO,CA1 SO SO,I,I,-0.002510827030490758,-3.686101218278003e-06,9.255162575977325e-09
CA1 Trilaminar,CA1 Recurrent O LM,I,I,-0.0015368312040206,-5.965819516824076e-06,9.168457591010337e-09
CA1 R Receiving Apical Targeting,CA1 LMR,I,I,-0.0015386993942247073,-5.937257959277488e-06,9.135655225296094e-09
CA1 Perforant Path Associated,CA1 Recurrent O LM,I,I,-0.0016644336234985712,-5.3226616890013e-06,8.85921708168146e-09
CA1 SO SO,CA1 Oriens Alveus,I,I,-0.002551821809196386,-3.414032711870028e-06,8.712003131459818e-09
CA1 Radiatum Giant,CA1 Basket,E,I,-0.00041169282355430756,2.106569879855326e-05,-8.672597018520976e-09
CA1 Radial Trilaminar,CA1 Bistratified,I,I,-0.01045911995746206,-8.248401893483222e-07,8.627102486129822e-09
MEC LV VI Pyramidal Polymorphic,MEC LV Superficial Pyramidal,E,E,0.003776284545062038,2.2734273276466345e-06,8.585108481713676e-09
CA1 Perforant Path Associated QuadD,CA1 Trilaminar,I,I,-0.02317989287270412,3.680105297059205e-07,-8.530444654610335e-09
CA1 Oriens Alveus,CA1 Schaffer Collateral Associated,I,I,-0.007907357070550666,-1.0713449094540242e-06,8.471506744769742e-09
DG HICAP,DG Total Molecular Layer,I,I,-0.03507093464028863,-2.3665957613385725e-07,8.299872526588919e-09
CA1 Horizontal Axo Axonic,CA1 Back Projection,I,I,-0.0061779053363773305,-1.3415832234063626e-06,8.288174155076468e-09
CA1 Quadrilaminar,CA1 Pyramidal,I,E,0.15669654692807397,-5.195977387739485e-08,-8.141917145751314e-09
CA1 Perforant Path Associated,CA1 Ivy,I,I,-0.0036547740105474817,-2.2256345690873404e-06,8.134191380076455e-09
CA3 Spiny Lucidum,CA1 Back Projection,I,I,-0.0010143550947411064,-7.989490319055513e-06,8.104180209518709e-09
CA1 Radiatum Giant,EC LIII Pyramidal,E,E,0.0007221084066016578,1.1200812978642759e-05,8.088201212650891e-09
CA1 SO SO,CA1 Bistratified,I,I,-0.005085237844609594,-1.5883855857103487e-06,8.077318492286642e-09
CA3 Granule,CA3 LMR Targeting,E,I,-0.00804266563386571,1.0016850452030674e-06,-8.05621788901193e-09
CA1 Trilaminar,CA1 Radial Trilaminar,I,I,-0.00217843379219386,-3.6568595314794193e-06,7.966226376680974e-09
CA1 Bistratified,CA1 LMR,I,I,-0.00029212000653422795,-2.696232461870245e-05,7.876234443793335e-09
CA1 O LMR,CA1 Back Projection,I,I,-0.0019906591046644495,-3.898228240913033e-06,7.76004353983361e-09
CA1 Neurogliaform,CA1 Neurogliaform,I,I,-0.0022718971334171343,-3.4061644569383574e-06,7.738455265665585e-09
CA1 LMR,CA1 LMR,I,I,-0.0032447644821284264,-2.3637397096001286e-06,7.669778654707058e-09
CA1 Ivy,CA1 SO SO,I,I,-0.0005333540767728168,-1.4359392914983609e-05,7.65864075118921e-09
CA1 Quadrilaminar,CA2 Pyramidal,I,E,0.18965632304395677,-3.99280461624697e-08,-7.572606421503372e-09
CA2 Wide Arbor Basket,CA2 SP SR,I,I,-0.000265525333612833,-2.830968185660768e-05,7.51693771944892e-09
CA1 Neurogliaform,CA1 OR LM,I,I,-0.0009587751436284628,-7.509044520276829e-06,7.199485238440938e-09
CA1 LMR,CA1 Perforant Path Associated QuadD,I,I,-0.0009078939245700346,-7.770819754597303e-06,7.0550800441276984e-09
CA1 Basket CCK+,CA1 Radiatum Giant,I,E,0.004013211537491643,-1.749856240364103e-06,-7.022543252780968e-09
DG HIPROM,MEC LV Pyramidal,I,E,0.14852134554976132,-4.717768709617335e-08,-7.006893567449278e-09
CA1 Oriens Alveus,CA1 Oriens Alveus,I,I,-0.002004941120690693,-3.4797627626439876e-06,6.976719453073178e-09
CA3 Basket,CA3 Spiny Lucidum,I,I,-0.0013556852151505327,-5.1213426394336205e-06,6.942928498000165e-09
CA1 Oriens Bistratified,CA3c Pyramidal,I,E,0.05623966392822379,-1.2132921388185677e-07,-6.823514213391209e-09
CA1 Basket CCK+,CA3 Trilaminar,I,I,-0.004759133966959209,-1.423333089009505e-06,6.773832850202111e-09
CA2 SP SR,CA2 Pyramidal,I,E,0.06613049029385061,-1.0185790752827945e-07,-6.735913365150817e-09
CA1 Ivy,CA1 R Receiving Apical Targeting,I,I,-0.0002654065063612531,-2.4797126909796064e-05,6.581318820925589e-09
DG Semilunar Granule,DG Semilunar Granule,E,E,0.001549021188753,4.222434940542882e-06,6.540641191031938e-09
DG HICAP,DG Semilunar Granule,I,E,0.8031032175827002,-7.94060525238605e-09,-6.377125627745325e-09
DG MOLAX,DG HICAP,I,I,-0.0004470501061522203,-1.4243422792868507e-05,6.367523671522821e-09
CA1 OR LM,CA1 Bistratified,I,I,-0.005094834010172137,-1.2365533392310333e-06,6.300034008106192e-09
CA1 LMR,CA1 Schaffer Collateral Associated,I,I,-0.01075703284653209,-5.796543811392744e-07,6.235361217551406e-09
CA1 Schaffer Collateral Associated,CA1 Neurogliaform,I,I,-0.0005655402646563102,-1.0834384242571324e-05,6.127280531931944e-09
CA1 OR LM,SUB CA1 Projecting Pyramidal,I,E,0.014687798092396344,4.15985433737011e-07,6.109910060107136e-09
CA1 Basket CCK+,CA1 Oriens Bistratified,I,I,-0.0009004638744074742,-6.754993789067542e-06,6.082627878902184e-09
CA1 Oriens Alveus,SUB CA1 Projecting Pyramidal,I,E,0.011116578164463292,5.446320121726602e-07,6.0544443341863e-09
CA1 LMR,SUB CA1 Projecting Pyramidal,I,E,0.020199984833434215,2.9467478603642816e-07,5.952426208731321e-09
DG Axo Axonic,DG HIPP,I,I,-0.03303588344603663,-1.7948319248423074e-07,5.929385827431605e-09
CA3 Mossy Fiber Associated,CA3 LMR Targeting,I,I,-0.0017264529900095783,-3.4264333023228193e-06,5.915576019863624e-09
CA1 Ivy,CA1 Ivy,I,I,-0.0025621692441863053,-2.289112065597865e-06,5.8650925309706335e-09
CA3 Axo Axonic,CA3c Pyramidal,I,E,0.08541839280871454,-6.857242848452334e-08,-5.8573466321385e-09
CA1 Quadrilaminar,CA3 Pyramidal,I,E,0.38676581195744625,-1.511611030796094e-08,-5.8463946768968355e-09
CA1 Recurrent O LM,CA1 Trilaminar,I,I,-0.0004122582539760011,-1.4048753258630748e-05,5.791714488942767e-09
CA1 Radiatum,CA1 Trilaminar,I,I,-0.001365212874885687,-4.241131891635583e-06,5.7900478625491865e-09
DG Basket,DG HICAP,I,I,-0.00026112089806586976,-2.2093016109712722e-05,5.7689482075519144e-09
CA1 Oriens Alveus,CA1 SO SO,I,I,-0.0015334787640040716,-3.757069378422742e-06,5.761386106701252e-09
CA1 Neurogliaform,CA1 R Receiving Apical Targeting,I,I,-0.0005296812174502991,-1.0848756292776086e-05,5.746382440979231e-09
CA3 Basket CCK+,CA3 Spiny Lucidum,I,I,-0.000497900074424894,-1.1321847322072705e-05,5.637148624287286e-09
DG Total Molecular Layer,CA3 Mossy Fiber Associated,I,I,-0.0014164077099658129,-3.963869191604648e-06,5.614454884284777e-09
CA1 Horizontal Basket,CA1 Radial Trilaminar,I,I,-0.0006606651300102238,-8.426581702692561e-06,5.567148696151154e-09
CA3 Lucidum ORAX,CA1 Back Projection,I,I,-0.021035764213431743,-2.6184231110134986e-07,5.508053117428036e-09
DG Basket,CA3 Mossy Fiber Associated,I,I,-0.0010275850545982904,-5.318602903061765e-06,5.46531685452935e-09
CA1 Schaffer Collateral Associated,CA1 OR LM,I,I,-0.00022629855838449426,-2.3884893009652513e-05,5.405116855252248e-09
CA1 Back Projection,CA2 Bistratified,I,I,-4.040339341772503e-05,-0.00013361303134422592,5.398419871135586e-09
CA1 Radiatum Giant,CA2 Wide Arbor Basket,E,I,-0.0006734306259813725,7.97464066953188e-06,-5.370367258059365e-09
CA2 Bistratified,CA2 Bistratified,I,I,-0.0050761880902736,-1.0542540158272458e-06,5.351591679265381e-09
CA1 Horizontal Axo Axonic,CA1 SO SO,I,I,-0.003405759996783478,-1.5709360854548707e-06,5.35023127734583e-09
CA1 Neurogliaform Projecting,EC LII III Pyramidal Tripolar,I,E,0.012133430517025227,-4.3878722109510756e-07,-5.323994258916074e-09
CA1 Axo Axonic,CA1 Bistratified,I,I,-0.003949559238421184,-1.346457986362449e-06,5.317915579183795e-09
CA1 Schaffer Collateral Associated,CA1 LMR,I,I,-0.00022841340798230997,-2.323613616659297e-05,5.3074450501525085e-09
CA1 Radial Trilaminar,CA1 R Receiving Apical Targeting,I,I,-0.0015917802054901406,-3.3055704538726295e-06,5.261741616327512e-09
CA1 Oriens Alveus,CA1 OR LM,I,I,-0.00116972922275261,-4.490753595447845e-06,5.252965712776696e-09
CA1 Oriens Alveus,CA1 Neurogliaform,I,I,-0.002548204113770622,-2.037042827536555e-06,5.190800913055589e-09
CA1 Basket CCK+,CA2 Bistratified,I,I,-6.88341910252792e-05,-7.43846246748568e-05,5.12020546421279e-09
CA1 O LMR,CA1 SO SO,I,I,-0.0011091420982805283,-4.564657120145457e-06,5.0628533761692855e-09
CA1 Perforant Path Associated,CA1 Radiatum,I,I,-0.000974727385196231,-5.140160562647487e-06,5.010255264718172e-09
CA3 O LM,CA3 Trilaminar,I,I,-0.0058731531588651666,-8.436310588175723e-07,4.95477441801119e-09
DG MOLAX,CA3 Mossy Fiber Associated,I,I,-0.0014391669944524268,-3.4289166060211417e-06,4.934783606115463e-09
CA1 Basket,CA1 Oriens Bistratified,I,I,-0.0011769419749004285,-4.157394832565559e-06,4.893012484680545e-09
CA1 Basket,CA1 Radiatum Giant,I,E,0.004464723070228236,-1.0769578061190988e-06,-4.808318362642328e-09
CA3 Basket,CA3 Lucidum ORAX,I,I,-4.865131145081331e-05,-9.528961720875592e-05,4.635964844851964e-09
DG HICAP,DG MOLAX,I,I,-0.018009979342638854,-2.5315340006474054e-07,4.559287505684767e-09
CA3 LMR Targeting,DG Semilunar Granule,I,E,0.008768683118336191,-5.182817704058948e-07,-4.544648610699564e-09
CA1 Neurogliaform,CA1 Perforant Path Associated QuadD,I,I,-0.0001881959512671451,-2.40155466240077e-05,4.519628642105604e-09
CA1 Axo Axonic,CA1 R Receiving Apical Targeting,I,I,-0.0008341293505031269,-5.3959685701262695e-06,4.5009357587347116e-09
CA1 Basket,CA3 Trilaminar,I,I,-0.005092215364490267,-8.759974937126509e-07,4.460767896738527e-09
CA1 Quadrilaminar,CA1 Trilaminar,I,I,-0.004312160371643534,-1.030373678428152e-06,4.4431365441024555e-09
CA1 Radial Trilaminar,CA1 Schaffer Collateral Associated,I,I,-0.008055906139460863,-5.458348089782883e-07,4.39719398877964e-09
CA3 Basket,DG HIPROM,I,I,-4.170657812025721e-05,-0.00010452560118776467,4.359405151504357e-09
DG HICAP,CA1 Back Projection,I,I,-0.007153846080049058,-6.078650266897609e-07,4.348572838383462e-09
DG Semilunar Granule,DG HICAP,E,I,-1.5758146679406814e-05,0.00027486754839604546,-4.331403145033835e-09
CA1 Radiatum Giant,CA1 Trilaminar,E,I,-3.0592378360926785e-05,0.00013822732571078304,-4.228702647963338e-09
CA1 Back Projection,CA1 Oriens Bistratified,I,I,-0.00034783125426783183,-1.2133625743409996e-05,4.2204542611467525e-09
CA3 Mossy Fiber Associated,CA3 Mossy Fiber Associated,I,I,-0.0015893342538654627,-2.617343702645656e-06,4.159834000753801e-09
CA1 Oriens Alveus,CA1 Ivy,I,I,-0.006883236223866097,-5.989356859551876e-07,4.1226158093328355e-09
DG Total Molecular Layer,DG HICAP,I,I,-0.0002448483959899764,-1.646556953076939e-05,4.031568288670314e-09
CA1 Perforant Path Associated QuadD,EC LIII Pyramidal,I,E,0.13172706025289083,2.982056620289309e-08,3.928175520983818e-09
CA3 Mossy Fiber Associated,DG Semilunar Granule,I,E,0.023242513474534657,-1.6701585359629948e-07,-3.881868227672899e-09
CA1 Basket,CA2 Bistratified,I,I,-8.417661659871649e-05,-4.578039061206398e-05,3.85363838829119e-09
CA1 Radiatum Giant,CA1 Horizontal Basket,E,I,-0.00031164859933718967,1.2305772844794136e-05,-3.835076870841716e-09
CA1 Radiatum Giant,CA1 Perforant Path Associated,E,I,-6.0051224960192474e-05,6.378657784785433e-05,-3.83046213578233e-09
CA1 R Receiving Apical Targeting,CA1 O LMR,I,I,-0.0031278739270198573,-1.222275466371466e-06,3.823123562899345e-09
CA1 Horizontal Basket,CA2 Bistratified,I,I,-0.00019496294962390083,-1.959458608143383e-05,3.820218299095772e-09
CA1 Basket CCK+,CA1 Quadrilaminar,I,I,-6.0205248230239746e-05,-6.314746166245753e-05,3.801808604497803e-09
CA3 Axo Axonic,CA3 LMR Targeting,I,I,-0.010781186473910178,-3.498182096402705e-07,3.77145535010116e-09
CA1 Horizontal Axo Axonic,CA1 Bistratified,I,I,-0.0055224958474746535,-6.769353543076166e-07,3.738372683172596e-09
CA1 Radial Trilaminar,CA1 Oriens Alveus,I,I,-0.0020980053296076116,-1.7728890351525508e-06,3.719530644552948e-09
CA1 OR LM,CA1 R Receiving Apical Targeting,I,I,-0.0007424233043430518,-4.955522579506034e-06,3.6790954482234733e-09
CA1 O LMR,CA1 Bistratified,I,I,-0.0018599382989651107,-1.966965946946043e-06,3.6584352974851213e-09
CA1 R Receiving Apical Targeting,CA1 Ivy,I,I,-0.004441583367207124,-8.139660096723264e-07,3.615297890032558e-09
CA1 Neurogliaform,SUB CA1 Projecting Pyramidal,I,E,0.003958811980850293,9.106859104267134e-07,3.60523429298883e-09
DG HICAP,CA1 Perforant Path Associated,I,I,-0.001667157333962297,-2.1527819244376607e-06,3.5890261737477135e-09
CA1 Schaffer Collateral Associated,CA1 Schaffer Collateral Associated,I,I,-0.0006296964073388222,-5.698143528668343e-06,3.5881005085034144e-09
CA1 Horizontal Axo Axonic,CA1 Oriens Alveus,I,I,-0.002464907377256662,-1.4549864114977993e-06,3.5864067395091227e-09
CA1 Oriens Bistratified,CA1 Trilaminar,I,I,-0.00020189340791356642,-1.7724937637344657e-05,3.578548064658951e-09
CA1 Oriens Alveus,CA1 LMR,I,I,-0.0007959405714380704,-4.368776615087763e-06,3.477286555498233e-09
CA1 O LM,CA1 Back Projection,I,I,-0.001143814235409952,-2.961122933178288e-06,3.3869745637681985e-09
CA2 Wide Arbor Basket,CA3 Mossy Fiber Associated ORDEN,I,I,-5.92768926583848e-05,-5.6833193828046904e-05,3.3688951299783136e-09
CA3 Basket,DG Hilar Ectopic Granule,I,E,3.362606213279441e-05,-9.920885089555824e-05,-3.336002984337178e-09
CA1 Trilaminar,CA2 Bistratified,I,I,-0.00038983769389025404,-8.503406411450247e-06,3.314948345651365e-09
CA1 Horizontal Basket,CA1 Radiatum Giant,I,E,0.00703977205489986,-4.60951559301722e-07,-3.244993905834778e-09
CA1 LMR,CA1 O LMR,I,I,-0.006543968633359306,-4.866120144599265e-07,3.184373759241544e-09
CA1 Axo Axonic,SUB CA1 Projecting Pyramidal,I,E,0.006928630822803556,4.5295814721098527e-07,3.1383797802060233e-09
CA1 O LMR,CA1 Oriens Alveus,I,I,-0.0007402580230560887,-4.2277430281546055e-06,3.12962069601089e-09
CA1 Oriens Alveus,CA1 Perforant Path Associated QuadD,I,I,-0.0002179015773926414,-1.4362400177170878e-05,3.1295896537498864e-09
CA1 Axo Axonic,CA1 Schaffer Collateral Associated,I,I,-0.003490013468014349,-8.910133711647729e-07,3.1096486655459256e-09
CA1 Schaffer Collateral Associated,CA1 Perforant Path Associated QuadD,I,I,-4.017582460777347e-05,-7.638904791865569e-05,3.068992991134714e-09
CA1 Neurogliaform Projecting,EC LIII Pyramidal,I,E,0.00839140925223083,-3.554443403104514e-07,-2.982678925934206e-09
DG MOPP,EC LI II Pyramidal Fan,I,E,0.05725813165845869,-5.2045742547315565e-08,-2.9800419790364398e-09
CA1 LMR,CA1 O LM,I,I,-0.005828099821939918,-5.083952683999503e-07,2.962978373236847e-09
CA1 SO SO,CA1 Ivy,I,I,-0.00494171161236954,-5.876222500305332e-07,2.9038596966626036e-09
DG MOPP,MEC LII Stellate,I,E,0.006275129697849256,-4.5100336263521486e-07,-2.830104594702114e-09
CA1 OR LM,CA1 Schaffer Collateral Associated,I,I,-0.003456619892596777,-8.182843954825886e-07,2.828498119226644e-09
CA3 Granule,CA3c Pyramidal,E,E,0.01435618719947015,1.9635334649056135e-07,2.818885399460924e-09
CA3 Granule,CA3 O LM,E,I,-0.007876261614324453,3.557485028071045e-07,-2.8019682770129923e-09
CA3 Basket CCK+,CA3 Lucidum ORAX,I,I,-1.3279986493430004e-05,-0.00021065852714271797,2.7975423951811524e-09
CA3 LMR Targeting,CA3 Granule,I,E,0.0001383735777033997,-2.012530519547065e-05,-2.7848104822700914e-09
DG HIPROM,CA3c Pyramidal,I,E,0.20038432089248867,-1.3886187510145142e-08,-2.7825742540061924e-09
CA1 Radial Trilaminar,CA1 SO SO,I,I,-0.0014287451881069104,-1.914172763965104e-06,2.7348651257204472e-09
CA1 Horizontal Basket,CA3 Trilaminar,I,I,-0.007259473244401315,-3.7493800442038135e-07,2.7218524113989802e-09
CA1 Radial Trilaminar,SUB CA1 Projecting Pyramidal,I,E,0.009808682072527195,2.774821700317065e-07,2.7217343866359427e-09
CA1 SO SO,CA1 Schaffer Collateral Associated,I,I,-0.002578796565158982,-1.0511080254771031e-06,2.7105937657113935e-09
CA1 Radial Trilaminar,CA1 Neurogliaform,I,I,-0.002566328618569938,-1.0378439966785723e-06,2.6634487502872235e-09
CA1 Trilaminar,CA3 Trilaminar,I,I,-0.016366287614754848,-1.6271077212013924e-07,2.6629712945370333e-09
CA3 Basket CCK+,DG HIPROM,I,I,-1.151202442095442e-05,-0.0002310766885198312,2.660160481353575e-09
CA1 Radial Trilaminar,CA1 OR LM,I,I,-0.0011559581882195037,-2.2879743108958387e-06,2.6448026391159213e-09
CA1 Schaffer Collateral Associated,CA1 O LMR,I,I,-0.0005464053738864611,-4.783514437892042e-06,2.613737994927686e-09
CA2 Wide Arbor Basket,CA1 Radial Trilaminar,I,I,-2.7159641781387866e-05,-9.398661885978212e-05,2.552642900475515e-09
CA1 Trilaminar,CA1 Oriens Bistratified,I,I,-0.0033000654897457587,-7.722087426849562e-07,2.5483394226145866e-09
CA1 Axo Axonic,CA1 Oriens Alveus,I,I,-0.0008630263636469945,-2.8940401197007026e-06,2.49763292075381e-09
CA1 Bistratified,CA1 O LMR,I,I,-0.00044925224292113967,-5.550607388767352e-06,2.493622818978383e-09
CA1 Basket,CA1 Quadrilaminar,I,I,-6.38759998387471e-05,-3.886442223381705e-05,2.482503828340297e-09
CA1 OR LM,CA1 SO SO,I,I,-0.0008645452022255697,-2.8696185681934492e-06,2.4809149653490553e-09
CA1 Radial Trilaminar,CA1 Ivy,I,I,-0.00799483072712685,-3.051491101033316e-07,2.43961548180953e-09
CA3 LMR Targeting,CA3 Mossy Fiber Associated,I,I,-0.0002953438175841058,-8.122112354955305e-06,2.3988156697595317e-09
CA1 Perforant Path Associated QuadD,CA1 Back Projection,I,I,-0.04928155609240708,4.795156225872813e-08,-2.3631276051720605e-09
CA3 Trilaminar,CA3 O LM,I,I,-0.00039579519873173837,-5.94823069174156e-06,2.3542811487400764e-09
CA1 Bistratified,CA1 Radial Trilaminar,I,I,-0.00042497960687909025,-5.418646967696311e-06,2.3028144581481526e-09
CA3 Horizontal Axo Axonic,CA3 O LM,I,I,-0.002326587611314538,-9.826348976636274e-07,2.286186179349524e-09
CA1 Ivy,SUB CA1 Projecting Pyramidal,I,E,0.0010887267912143158,2.081565249175284e-06,2.2662558544378346e-09
CA1 Back Projection,CA1 Quadrilaminar,I,I,-1.9921851572230305e-05,-0.00011342833026710415,2.259702359667167e-09
CA3 Pyramidal,DG Hilar Ectopic Granule,E,E,5.075143052842364e-07,0.004358717065270254,2.212111263311179e-09
CA1 O LM,CA1 SO SO,I,I,-0.0006377562873082848,-3.467347226798724e-06,2.2113224941718315e-09
CA1 Axo Axonic,CA1 SO SO,I,I,-0.0007047507782788639,-3.124669770703796e-06,2.2021134527679393e-09
CA1 Ivy,CA1 LMR,I,I,-0.00013057135071482858,-1.6697317418230185e-05,2.1801912886125495e-09
CA1 Axo Axonic,CA1 OR LM,I,I,-0.0005812444366308977,-3.7348583680576323e-06,2.1708656480378526e-09
CA1 Neurogliaform Projecting,CA1 Perforant Path Associated,I,I,-0.0010715991670707942,-2.0241903982347494e-06,2.1691207447410564e-09
CA1 Perforant Path Associated,CA1 Radial Trilaminar,I,I,-0.0006472855757680874,-3.2626240326872307e-06,2.1118494755127533e-09
CA3 Mossy Fiber Associated,CA3 O LM,I,I,-0.0017135258318225727,-1.2168979891505054e-06,2.085186139102336e-09
CA3 Mossy Fiber Associated ORDEN,CA3 LMR Targeting,I,I,-0.0017834016013087827,-1.1562290680897506e-06,2.0620207715110226e-09
CA1 Axo Axonic,CA1 Neurogliaform,I,I,-0.0012085866220029255,-1.694162525022253e-06,2.0475421632405916e-09
CA3 Lucidum ORAX,CA3c Pyramidal,I,E,0.14744665669503695,-1.3755550558762916e-08,-2.0282099408891395e-09
DG Hilar Ectopic Granule,DG Mossy,E,E,0.08086612627118099,2.5006645652042005e-08,2.022190564916708e-09
CA1 Radiatum Giant,CA1 Back Projection,E,I,-0.00011197510103549782,1.8010941752060062e-05,-2.0167770224313916e-09
DG Granule,DG Neurogliaform,E,I,-8.292725999796248e-05,2.4219096752354653e-05,-2.008423333298323e-09
CA1 Horizontal Basket,CA1 Oriens Bistratified,I,I,-0.0011286201562052806,-1.7794175591797412e-06,2.0082865235958585e-09
CA3 Mossy Fiber Associated ORDEN,CA3 Mossy Fiber Associated,I,I,-0.00220568630817984,-8.832067059729529e-07,1.9480769386571597e-09
DG Hilar Ectopic Granule,EC LII III Pyramidal Tripolar,E,E,0.03656380107281377,5.233273237502304e-08,1.9134836161571433e-09
DG AIPRIM,DG Hilar Ectopic Granule,I,E,0.0003077750136503397,-6.199301553240946e-06,-1.9079901201713044e-09
CA1 Radial Trilaminar,CA1 LMR,I,I,-0.0008566986822641311,-2.2258287953041105e-06,1.9068645958825898e-09
CA3 Spiny Lucidum,DG Semilunar Granule,I,E,0.01764656052487298,-1.0436755859579762e-07,-1.84172843959397e-09
CA1 LMR,CA1 Recurrent O LM,I,I,-0.002370430877718162,-7.749880523609191e-07,1.8370556091789822e-09
CA2 Wide Arbor Basket,CA3 Trilaminar,I,I,-0.00042809403364607005,-4.1819039511888496e-06,1.7902481307848726e-09
CA1 R Receiving Apical Targeting,CA1 Radiatum,I,I,-0.0009484384543579976,-1.8798755376849313e-06,1.7829462493473059e-09
DG Hilar Ectopic Granule,DG AIPRIM,E,I,-0.012063923192853418,1.4622753674680752e-07,-1.7640777719936368e-09
CA1 Perforant Path Associated QuadD,CA1 Perforant Path Associated,I,I,-0.01035284376583525,1.6982266119386844e-07,-1.7581474792384927e-09
CA3 Mossy Fiber Associated ORDEN,CA3 O LM,I,I,-0.004270125885542574,-4.1063482163856796e-07,1.7534623813840069e-09
DG Hilar Ectopic Granule,CA2 Pyramidal,E,E,0.08584655345670844,2.0273032006563605e-08,1.7403699258810237e-09
CA1 Quadrilaminar,EC LIII Pyramidal,I,E,0.020703999563603755,-8.349306340728558e-08,-1.7286403483483813e-09
CA1 OR LM,CA1 Oriens Alveus,I,I,-0.0006474150880423366,-2.657814064850562e-06,1.720708926795387e-09
DG Hilar Ectopic Granule,MEC LV Pyramidal,E,E,0.1399927329676964,1.2166612913223163e-08,1.7032373926821771e-09
CA3 Mossy Fiber Associated,CA3 Granule,I,E,0.00025851078408948886,-6.485362245087641e-06,-1.6765360790819739e-09
CA1 Neurogliaform,CA1 O LM,I,I,-0.0010599819685940509,-1.5711843354056317e-06,1.665427064867397e-09
CA1 O LM,CA1 Bistratified,I,I,-0.0011043726386066992,-1.494121845702522e-06,1.6500672851384058e-09
CA3 Axo Axonic,CA3 O LM,I,I,-0.012706309902829846,-1.2423795775942664e-07,1.5786059929859588e-09
CA1 Bistratified,CA1 Radiatum,I,I,-0.000183379979436098,-8.536906234740547e-06,1.5654976897746182e-09
CA1 Neurogliaform,CA1 LMR,I,I,-0.00021281703180502126,-7.305085305747392e-06,1.5546465718516362e-09
CA1 Oriens Alveus,CA1 O LMR,I,I,-0.0017114499460175866,-8.993795639846112e-07,1.5392431062307834e-09
DG HICAP,DG HIPP,I,I,-0.021150720932149182,-7.256393870583125e-08,1.5347796173046151e-09
DG Mossy,DG Hilar Ectopic Granule,E,E,6.156677528229104e-05,2.4862491406531894e-05,1.5307034213838414e-09
DG Neurogliaform,EC LII III Pyramidal Tripolar,I,E,0.00800393043101968,-1.9106196795261434e-07,-1.5292466995064367e-09
CA1 Horizontal Axo Axonic,CA1 Ivy,I,I,-0.006057239952117469,-2.504318092546552e-07,1.5169255602983588e-09
CA1 Schaffer Collateral Associated,CA1 O LM,I,I,-0.0002991960841245941,-4.997649121438689e-06,1.495277046963174e-09
CA1 Recurrent O LM,CA1 Back Projection,I,I,-0.0008153999842175158,-1.8305445419647845e-06,1.492625990627545e-09
CA3 Mossy Fiber Associated ORDEN,DG Semilunar Granule,I,E,0.02622434056711594,-5.635848350789522e-08,-1.4779640653572313e-09
CA1 O LM,CA1 Oriens Alveus,I,I,-0.00045036273521174234,-3.211424796748455e-06,1.446306055390448e-09
CA1 OR LM,CA1 Ivy,I,I,-0.0031305537884679575,-4.57462131373316e-07,1.4321098084513608e-09
CA1 Axo Axonic,CA1 Ivy,I,I,-0.002867282995768482,-4.981212865666012e-07,1.4282546948027348e-09
CA1 Schaffer Collateral Associated,CA1 Ivy,I,I,-0.0004471939074195871,-3.1855488114964947e-06,1.4245580202889391e-09
CA1 Basket CCK+,CA1 Neurogliaform Projecting,I,I,-0.00017078995296777985,-8.163568740235937e-06,1.3942555211941334e-09
CA1 OR LM,CA1 LMR,I,I,-0.00041206765827010803,-3.336835504541101e-06,1.375001992388806e-09
CA1 Oriens Alveus,CA1 O LM,I,I,-0.001400290230169926,-9.396404142073262e-07,1.3157692918873414e-09
CA1 O LMR,CA1 Ivy,I,I,-0.0017599217686028517,-7.276778169457935e-07,1.2806560305723032e-09
CA1 Radiatum Giant,CA1 R Receiving Apical Targeting,E,I,-3.498771201503715e-05,3.642022330594893e-05,-1.2742602845518853e-09
CA1 Neurogliaform Projecting,EC LI II Pyramidal Fan,I,E,0.029166835355795964,-4.341968869876659e-08,-1.2664149114768397e-09
CA1 Oriens Alveus,CA1 Recurrent O LM,I,I,-0.000882908209642924,-1.4323699290475422e-06,1.2646511696017274e-09
CA1 Perforant Path Associated,CA1 Oriens Bistratified,I,I,-0.0018195985294371458,-6.889591411557086e-07,1.2536290400892063e-09
CA1 Axo Axonic,CA1 LMR,I,I,-0.00034497504718117614,-3.6334128676253555e-06,1.2534367754377495e-09
CA1 Radial Trilaminar,CA1 Perforant Path Associated QuadD,I,I,-0.0001666928522976447,-7.317436138442981e-06,1.2197643014229234e-09
CA1 Neurogliaform Projecting,MEC LII Stellate,I,E,0.0032395657810094245,-3.7625413048752813e-07,-1.218900006090851e-09
CA3 Mossy Fiber Associated,CA3 Mossy Fiber Associated ORDEN,I,I,-0.0005758059839019568,-2.115594012576271e-06,1.2181716919485685e-09
CA1 Axo Axonic,CA1 Perforant Path Associated QuadD,I,I,-0.0001011600607751288,-1.1944883936957494e-05,1.2083451850144798e-09
CA1 Quadrilaminar,CA1 Back Projection,I,I,-0.00895558161532936,-1.34257102997527e-07,1.202350443332033e-09
DG HIPP,CA3 Mossy Fiber Associated,I,I,-0.0002629008770941854,-4.503456502376401e-06,1.1839626644302685e-09
CA1 LMR,CA1 Ivy,I,I,-0.003608056402057715,-3.240559518423509e-07,1.1692121516697007e-09
CA1 Neurogliaform,CA1 Recurrent O LM,I,I,-0.0004681196192034673,-2.3950834393645087e-06,1.1211855475958446e-09
CA1 Radiatum,CA1 Back Projection,I,I,-0.0019969126407352994,-5.526170680815964e-07,1.1035280087382194e-09
CA2 SP SR,CA2 Basket,I,I,-0.0025498836837185425,-4.1031264995685384e-07,1.0462495313482994e-09
CA1 O LMR,CA1 Schaffer Collateral Associated,I,I,-0.000802535474643462,-1.3016321170848093e-06,1.0446059488958317e-09
DG HIPROM,DG Semilunar Granule,I,E,0.2991534456971658,-3.452958215926563e-09,-1.0329643481427695e-09
DG AIPRIM,DG HIPROM,I,I,-0.00015683495728956244,-6.531531369906884e-06,1.0243724434347835e-09
CA1 Bistratified,CA1 Recurrent O LM,I,I,-0.0001100041622928087,-8.840008634836507e-06,9.724377445363853e-10
CA1 Radiatum Giant,SUB CA1 Projecting Pyramidal,E,E,0.00031616697430589816,-3.0572522162201793e-06,-9.666021828923356e-10
CA1 Radiatum,CA1 Bistratified,I,I,-0.003441808282312312,-2.7883922834725395e-07,9.597111655591527e-10
CA1 Quadrilaminar,CA1 Perforant Path Associated,I,I,-0.0019876562627541587,-4.7547769960444397e-07,9.450862274187137e-10
CA1 Radiatum,CA1 R Receiving Apical Targeting,I,I,-0.0008424400768876366,-1.117456116358185e-06,9.413898165833491e-10
CA1 LMR,CA1 Radiatum,I,I,-0.0012556982124995182,-7.484155965614308e-07,9.397841268089492e-10
CA1 Perforant Path Associated QuadD,SUB CA1 Projecting Pyramidal,I,E,0.1141028861584083,-8.139497756687188e-09,-9.28740185917898e-10
CA1 R Receiving Apical Targeting,CA1 Radial Trilaminar,I,I,-0.0007776423401390127,-1.193217027553836e-06,9.278960816006818e-10
CA1 Horizontal Axo Axonic,CA1 Schaffer Collateral Associated,I,I,-0.0020659106825470495,-4.4795935574025924e-07,9.254440183706955e-10
CA1 Neurogliaform,CA1 O LMR,I,I,-0.0006150958664610545,-1.5038636707730813e-06,9.250203276134704e-10
CA1 Bistratified,CA1 Radiatum Giant,I,E,0.00304707250811588,-2.9641126819752505e-07,-9.031866264204415e-10
CA1 Perforant Path Associated,CA1 Quadrilaminar,I,I,-0.0001382290217978386,-6.440571569960738e-06,8.902739079346424e-10
DG Axo Axonic,DG HICAP,I,I,-0.0006952719966816151,-1.2785480284215629e-06,8.889386405740023e-10
CA1 Ivy,CA1 Radial Trilaminar,I,I,-0.00025844969290146944,-3.3556775862789073e-06,8.672738416501278e-10
CA1 Perforant Path Associated QuadD,CA1 Bistratified,I,I,-0.03558775321185386,2.419537395883473e-08,-8.61058997315526e-10
CA1 Schaffer Collateral Associated,CA1 Recurrent O LM,I,I,-0.00011178218389160117,-7.6183210185978335e-06,8.515925610461534e-10
CA1 Recurrent O LM,CA1 SO SO,I,I,-0.00039032194242890646,-2.143488698154288e-06,8.366506722379897e-10
DG Axo Axonic,CA3 Mossy Fiber Associated,I,I,-0.002716268529645059,-3.0779361323496737e-07,8.360501052558849e-10
CA1 Recurrent O LM,CA1 Oriens Alveus,I,I,-0.00040919796263884465,-1.98527932351274e-06,8.123722544504369e-10
CA3 Mossy Fiber Associated,CA3 Trilaminar,I,I,-0.005203673634040151,-1.5566978317410915e-07,8.10054746319859e-10
DG HIPROM,DG Total Molecular Layer,I,I,-0.007855134725188381,-1.0291100008321779e-07,8.083797703575485e-10
CA1 Radial Trilaminar,CA1 O LMR,I,I,-0.0017640618125664912,-4.582209409635353e-07,8.083300636720573e-10
CA1 Recurrent O LM,CA1 Bistratified,I,I,-0.0008417957891933851,-9.236551981803265e-07,7.775290564947804e-10
CA1 Oriens Bistratified,CA1 Back Projection,I,I,-0.0003362296912978895,-2.309549271126554e-06,7.76539038468147e-10
CA3 Axo Axonic,DG Semilunar Granule,I,E,0.045399167334519125,-1.7051313051093655e-08,-7.741154144798706e-10
CA1 Basket,CA1 Neurogliaform Projecting,I,I,-0.00015231857913840238,-5.024309356268936e-06,7.652956622986655e-10
CA1 Bistratified,CA3 Trilaminar,I,I,-0.003105485771682197,-2.4110092946436706e-07,7.48735505990945e-10
DG Mossy,CA3 Mossy Fiber Associated ORDEN,E,I,-4.9241971913531486e-05,1.5203170941689933e-05,-7.486341165073137e-10
CA1 Radiatum Giant,CA1 Bistratified,E,I,-8.231309305590931e-05,9.087951476754283e-06,-7.480573955936638e-10
CA1 Trilaminar,CA1 Quadrilaminar,I,I,-9.979772454097937e-05,-7.218810778631972e-06,7.204208895993664e-10
CA3 Basket CCK+,DG Hilar Ectopic Granule,I,E,3.244957930106693e-06,-0.00021932284986930813,-7.116934209370112e-10
CA1 Schaffer Collateral Associated,CA1 Radiatum,I,I,-9.35394803022871e-05,-7.357107316120358e-06,6.881799948780527e-10
CA1 Bistratified,CA1 Oriens Bistratified,I,I,-0.0005893925891759788,-1.1442404407274587e-06,6.744068360002201e-10
CA1 Perforant Path Associated QuadD,CA1 R Receiving Apical Targeting,I,I,-0.006892189532985209,9.696364739685197e-08,-6.682918356686516e-10
CA3 Spiny Lucidum,CA3 Mossy Fiber Associated,I,I,-0.0004078006751436151,-1.6355679198664104e-06,6.669857019647603e-10
CA1 Oriens Alveus,CA1 Radial Trilaminar,I,I,-0.0007532239047610101,-8.779976686975705e-07,6.613288323874477e-10
DG AIPRIM,CA3 Mossy Fiber Associated ORDEN,I,I,-0.0001719258990823237,-3.7908124206830227e-06,6.517388336783685e-10
CA1 Radial Trilaminar,CA1 O LM,I,I,-0.0013172103585776668,-4.787332645828432e-07,6.305924151042239e-10
DG Hilar Ectopic Granule,CA3c Pyramidal,E,E,0.1753147747719169,3.5810968844649805e-09,6.278191937363914e-10
CA1 OR LM,CA1 O LMR,I,I,-0.0009000151935660741,-6.869386845732001e-07,6.18255253164173e-10
DG MOPP,CA1 Perforant Path Associated,I,I,-0.00025227282805470456,-2.4263299781849103e-06,6.120971253906169e-10
DG MOPP,MEC LV Pyramidal,I,E,0.004969971348394764,-1.2227812062402422e-07,-6.077187560369592e-10
CA3 Mossy Fiber Associated ORDEN,CA3 Granule,I,E,0.00027187906135772775,-2.1884460263034364e-06,-5.949926514634275e-10
DG HIPROM,CA1 Back Projection,I,I,-0.00224178154595606,-2.6432903681392887e-07,5.925679567898057e-10
CA1 Axo Axonic,CA1 O LMR,I,I,-0.0007807075149235132,-7.479936761644935e-07,5.839642840968848e-10
CA1 Radial Trilaminar,CA1 Recurrent O LM,I,I,-0.0007856656273660789,-7.297718593784586e-07,5.733566657326866e-10
CA1 Radiatum Giant,CA1 OR LM,E,I,-2.274105760878422e-05,2.5208518917960986e-05,-5.732683809454776e-10
CA1 O LM,CA1 Schaffer Collateral Associated,I,I,-0.0005656804698504098,-9.887293596637874e-07,5.593048887295061e-10
CA1 O LM,CA1 Ivy,I,I,-0.0010066244438161338,-5.527494386061457e-07,5.564110962065916e-10
CA3 LMR Targeting,CA3 Mossy Fiber Associated ORDEN,I,I,-8.467702407199265e-05,-6.565088203832853e-06,5.559121318707096e-10
CA3 Mossy Fiber Associated ORDEN,CA3 Trilaminar,I,I,-0.010561819285173723,-5.2529821084541896e-08,5.548104773774398e-10
CA1 R Receiving Apical Targeting,CA1 Oriens Bistratified,I,I,-0.0021818009018818355,-2.519682838965547e-07,5.497446290511214e-10
CA1 Radiatum Giant,CA1 Neurogliaform,E,I,-4.733709856701458e-05,1.1434791859144737e-05,-5.412898693296303e-10
CA1 SO SO,CA1 Recurrent O LM,I,I,-0.0003818579781553634,-1.4053135592357533e-06,5.366301944040822e-10
CA1 Ivy,CA1 O LMR,I,I,-0.00015204149306202622,-3.437398471567043e-06,5.226271958661801e-10
CA1 Horizontal Basket,CA1 Quadrilaminar,I,I,-3.097758143918647e-05,-1.6634464162152457e-05,5.152954682803064e-10
CA1 Axo Axonic,CA1 O LM,I,I,-0.0006530445187857006,-7.814777162400493e-07,5.103397391437313e-10
CA1 Radiatum,CA1 Schaffer Collateral Associated,I,I,-0.002757628995907841,-1.8452078221458242e-07,5.088398593825283e-10
CA1 Oriens Bistratified,CA1 SO SO,I,I,-0.00018744400966137943,-2.704382574147425e-06,5.069203133565561e-10
CA2 Basket,CA2 SP SR,I,I,-0.000526680955047038,-9.59337453913403e-07,5.052647664395048e-10
CA3 LMR Targeting,CA3 Trilaminar,I,I,-0.0010429614334627837,-4.830727687516168e-07,5.03826267364022e-10
CA1 Perforant Path Associated,CA1 Neurogliaform Projecting,I,I,-0.0005953598614382348,-8.326233130134271e-07,4.95710500265918e-10
CA1 Perforant Path Associated QuadD,CA1 Schaffer Collateral Associated,I,I,-0.03088147713704762,1.6011195251546785e-08,-4.944493600974475e-10
DG AIPRIM,CA3 Spiny Lucidum,I,I,-0.0015003839749843228,-3.2001930364805166e-07,4.801518348791787e-10
CA3 Lucidum ORAX,DG Semilunar Granule,I,E,0.1393679999031747,-3.420473854452307e-09,-4.767045998161207e-10
DG Hilar Ectopic Granule,EC LI II Pyramidal Fan,E,E,0.0891943914662283,5.1785258075846455e-09,4.6189545809967095e-10
CA1 Axo Axonic,CA1 Recurrent O LM,I,I,-0.0003860457350892638,-1.1912697283324952e-06,4.5988459796370574e-10
CA1 Perforant Path Associated,CA2 Bistratified,I,I,-5.974247001410241e-05,-7.586678645673978e-06,4.5324692149580874e-10
CA1 Oriens Alveus,CA1 Radiatum,I,I,-0.0003276643924820552,-1.3832574472329113e-06,4.5324421109385037e-10
CA1 Radiatum,SUB CA1 Projecting Pyramidal,I,E,0.004814774911714025,9.38035211801358e-08,4.516428404085531e-10
CA1 Bistratified,CA2 Bistratified,I,I,-3.5643900932714713e-05,-1.2600144186520984e-05,4.4911829112227515e-10
CA3 Mossy Fiber Associated ORDEN,CA3 Mossy Fiber Associated ORDEN,I,I,-0.000623751597972207,-7.138943261960098e-07,4.452927267480531e-10
CA1 SO SO,CA1 Radiatum Giant,I,E,0.009390926427060445,-4.712108228794183e-08,-4.425106169295228e-10
DG Hilar Ectopic Granule,MEC LII Stellate,E,E,0.0098104765477963,4.487461295399233e-08,4.4024133797657777e-10
CA1 Ivy,CA1 Radiatum,I,I,-8.257300926467674e-05,-5.286763481523243e-06,4.3654396993997334e-10
CA2 SP SR,CA2 Wide Arbor Basket,I,I,-0.0028421784248073285,-1.5164519870275744e-07,4.3100271197859745e-10
CA1 Neurogliaform Projecting,CA1 Back Projection,I,I,-0.0007499006223694099,-5.715555934768133e-07,4.286098952669797e-10
DG AIPRIM,DG MOPP,I,I,-0.0007304880993324248,-5.853168318646271e-07,4.275669800160679e-10
CA1 SO SO,CA1 Radial Trilaminar,I,I,-0.00048436838774914285,-8.614129658659729e-07,4.1724120946270867e-10
CA1 Neurogliaform Projecting,DG Total Molecular Layer,I,I,-0.0018485096497432671,-2.2252325524592698e-07,4.113363846143801e-10
CA3 O LM,DG HIPROM,I,I,-2.076292979444495e-05,-1.975437487474603e-05,4.1015869865749906e-10
CA1 Quadrilaminar,CA1 Bistratified,I,I,-0.006008978760452608,-6.774337812244447e-08,4.070685202990787e-10
CA3 Spiny Lucidum,CA3 Granule,I,E,9.982063415387912e-05,-4.052677692293967e-06,-4.045408572660632e-10
CA3 O LM,CA3 Lucidum ORAX,I,I,-2.1978228593206483e-05,-1.800885906057969e-05,3.9580282113625817e-10
CA1 Neurogliaform Projecting,DG MOLAX,I,I,-0.0016612635681987416,-2.3803185816203032e-07,3.9543365403523123e-10
CA1 Perforant Path Associated,CA3 Trilaminar,I,I,-0.002714762381152379,-1.4516939218649594e-07,3.941004048026553e-10
CA1 Radiatum Giant,CA1 LMR,E,I,-1.592455724191885e-05,2.4523810004054023e-05,-3.905308161995004e-10
CA1 Radiatum Giant,CA1 Schaffer Collateral Associated,E,I,-6.485900388259369e-05,6.013916783367774e-06,-3.900566520020458e-10
CA3 Lucidum ORAX,CA3 LMR Targeting,I,I,-0.005512737574022111,-7.017313190488378e-08,3.868460609388626e-10
DG Basket,CA3 Spiny Lucidum,I,I,-0.0010385702007957539,-3.629217694721429e-07,3.7691973499383377e-10
DG Neurogliaform,EC LI II Pyramidal Fan,I,E,0.01942586124867277,-1.890631898980964e-08,-3.672715294191892e-10
CA1 Oriens Bistratified,CA1 Oriens Alveus,I,I,-0.0001416279217996732,-2.504774021876641e-06,3.547459392961978e-10
DG Basket,DG HIPROM,I,I,-4.7752828965468825e-05,-7.407162302735195e-06,3.5371295456198196e-10
CA1 Oriens Bistratified,CA1 Bistratified,I,I,-0.0003031267932213819,-1.1653511514338581e-06,3.532491575109904e-10
DG Neurogliaform,MEC LII Stellate,I,E,0.0021432792629393314,-1.6383306341928568e-07,-3.5114000741037935e-10
CA1 Radiatum,CA1 LMR,I,I,-0.00046056074323625514,-7.524468275558311e-07,3.465474701448759e-10
CA1 Ivy,CA1 Recurrent O LM,I,I,-6.32789496267531e-05,-5.474469736684902e-06,3.464186947008682e-10
DG Basket,DG Hilar Ectopic Granule,I,E,4.868775517895282e-05,-7.030393053001401e-06,-3.422940557763429e-10
CA1 Ivy,CA1 Radiatum Giant,I,E,0.0018559734250700264,-1.8356254890578555e-07,-3.40687212607255e-10
DG HICAP,CA3 Mossy Fiber Associated,I,I,-0.002666834683709251,-1.2443904398898417e-07,3.3185835851744415e-10
CA1 Perforant Path Associated QuadD,CA1 OR LM,I,I,-0.00493679135431029,6.711408437077827e-08,-3.3132823147410953e-10
CA1 LMR,CA1 Radial Trilaminar,I,I,-0.0006853783493625723,-4.750432757924598e-07,3.255843762384253e-10
CA1 Neurogliaform Projecting,DG HIPP,I,I,-0.004766600969900321,-6.822949706102098e-08,3.252227868668737e-10
CA3 Trilaminar,CA3 Trilaminar,I,I,-0.00041894781815037473,-7.609181626632368e-07,3.18785004038755e-10
CA1 Schaffer Collateral Associated,CA1 Radial Trilaminar,I,I,-6.814023131403896e-05,-4.6697909234707106e-06,3.1820063371349383e-10
CA1 Radial Trilaminar,CA1 Radial Trilaminar,I,I,-0.0007103172549818625,-4.473271731147261e-07,3.1774420968564864e-10
CA1 Bistratified,CA1 Quadrilaminar,I,I,-2.9532869971632715e-05,-1.06966611102458e-05,3.1590310169950964e-10
DG Mossy,DG HIPROM,E,I,-1.2025717225495072e-05,2.6194909404093612e-05,-3.150125732410914e-10
CA1 Quadrilaminar,CA1 R Receiving Apical Targeting,I,I,-0.0011505756574362348,-2.7148350924073393e-07,3.1236231712775356e-10
CA1 Neurogliaform Projecting,CA1 Neurogliaform,I,I,-0.0008437026438496327,-3.62869378920165e-07,3.061538543670174e-10
CA1 Recurrent O LM,CA1 Schaffer Collateral Associated,I,I,-0.0004933994104405759,-6.112252593546436e-07,3.0157818261196926e-10
DG Total Molecular Layer,DG Hilar Ectopic Granule,I,E,5.71605057554129e-05,-5.239638855463537e-06,-2.9950040695400853e-10
CA1 Perforant Path Associated QuadD,CA1 Neurogliaform,I,I,-0.009807361300862325,3.044350158351164e-08,-2.9857041929287296e-10
CA3 Horizontal Axo Axonic,CA3 Trilaminar,I,I,-0.0023450796866355916,-1.2570204143848822e-07,2.947813039460241e-10
DG HICAP,DG HICAP,I,I,-0.0005691697832956417,-5.169090179571826e-07,2.9420899373425255e-10
CA3 Axo Axonic,CA3 Mossy Fiber Associated,I,I,-0.001032551081786293,-2.6721503303509444e-07,2.759131714299468e-10
DG Semilunar Granule,CA3 Spiny Lucidum,E,I,-6.0866477944264125e-05,4.515246652561275e-06,-2.7482716079103327e-10
CA1 OR LM,CA1 Radial Trilaminar,I,I,-0.0004081187025921518,-6.706073695085263e-07,2.736874095925555e-10
CA1 Perforant Path Associated QuadD,CA1 Oriens Alveus,I,I,-0.005260648056953999,5.200487772901086e-08,-2.735793589772513e-10
CA1 Neurogliaform Projecting,CA1 OR LM,I,I,-0.00034039821109500666,-7.999620557974817e-07,2.723056527373467e-10
DG MOPP,DG MOLAX,I,I,-0.0009516433764703473,-2.853209034709658e-07,2.715237479566799e-10
DG MOLAX,DG Hilar Ectopic Granule,I,E,5.9802901456764156e-05,-4.532512000926914e-06,-2.7105736854303314e-10
CA1 Recurrent O LM,CA1 Ivy,I,I,-0.000785556226526973,-3.417056605713224e-07,2.6842900930131467e-10
CA1 Perforant Path Associated QuadD,CA1 LMR,I,I,-0.004052328111194684,6.529114459526318e-08,-2.6458114065546184e-10
DG AIPRIM,CA1 Neurogliaform Projecting,I,I,-0.0001644885617541702,-1.5998445805069035e-06,2.631561340777843e-10
CA1 Ivy,CA3 Trilaminar,I,I,-0.0017560755854922482,-1.49309779702912e-07,2.621992588115098e-10
CA1 R Receiving Apical Targeting,CA2 Bistratified,I,I,-9.40550427358216e-05,-2.774623754346961e-06,2.609673557909292e-10
CA1 Neurogliaform Projecting,MEC LV Pyramidal,I,E,0.0025110203909779753,-1.0201176258247479e-07,-2.5615361596419824e-10
CA1 OR LM,CA1 Radiatum,I,I,-0.00023990752520059117,-1.0565206162995687e-06,2.534672463798329e-10
CA1 Quadrilaminar,SUB CA1 Projecting Pyramidal,I,E,0.010985315991079752,2.278935945343018e-08,2.5034831483023106e-10
CA1 Horizontal Axo Axonic,CA1 Recurrent O LM,I,I,-0.00041777044017532716,-5.989140424672857e-07,2.5020858314874256e-10
DG MOPP,DG Total Molecular Layer,I,I,-0.0009377201055384716,-2.667312548845863e-07,2.5011926048078324e-10
CA3 Spiny Lucidum,CA3 Mossy Fiber Associated ORDEN,I,I,-0.00018242298464177194,-1.322026486217143e-06,2.411680173912056e-10
CA1 Axo Axonic,CA1 Radial Trilaminar,I,I,-0.00032730243336706225,-7.302108366386985e-07,2.389997837028444e-10
CA1 Perforant Path Associated QuadD,CA1 Ivy,I,I,-0.026495968764197547,8.951063402947124e-09,-2.371670963308388e-10
CA1 O LMR,CA1 Recurrent O LM,I,I,-0.00013285781919734598,-1.7402600103312296e-06,2.3120714980895795e-10
CA1 Radiatum Giant,CA1 Axo Axonic,E,I,-1.7963871764862264e-05,1.278930989006095e-05,-2.297455228261396e-10
DG MOPP,DG HIPP,I,I,-0.0027893773298209986,-8.178443799555837e-08,2.2812765727696163e-10
DG MOLAX,DG HIPROM,I,I,-4.7597708396752925e-05,-4.775416079422155e-06,2.2729886202150084e-10
DG HIPROM,DG MOLAX,I,I,-0.0020184606939495538,-1.1008331038501452e-07,2.2219883507200051e-10
CA1 Quadrilaminar,CA1 Schaffer Collateral Associated,I,I,-0.00492439886502903,-4.48289187827068e-08,2.2075547677403994e-10
CA1 Radial Trilaminar,CA1 Radiatum,I,I,-0.0003129283559099263,-7.04749756885434e-07,2.205361827500791e-10
DG Hilar Ectopic Granule,DG Total Molecular Layer,E,I,-0.008247490695680756,2.653962878622648e-08,-2.1888534148122403e-10
CA1 SO SO,CA2 Bistratified,I,I,-0.00010712013846640657,-2.0030697033330417e-06,2.1456910397889936e-10
DG Basket,DG MOPP,I,I,-0.00031291981417434425,-6.637856463676249e-07,2.0771168111295418e-10
CA1 Perforant Path Associated QuadD,CA1 SO SO,I,I,-0.0036821236207981436,5.614921101570375e-08,-2.0674833617010212e-10
CA1 R Receiving Apical Targeting,CA1 Quadrilaminar,I,I,-8.765799110424634e-05,-2.355465903353447e-06,2.0647540920251204e-10
CA1 OR LM,CA1 Radiatum Giant,I,E,0.005563614869656963,-3.668361900002801e-08,-2.0409352814138655e-10
DG Total Molecular Layer,DG HIPROM,I,I,-3.68829441099955e-05,-5.520438916792432e-06,2.036100400306994e-10
CA1 Schaffer Collateral Associated,CA1 Oriens Bistratified,I,I,-0.00020467314790547354,-9.861066159563622e-07,2.018295452582025e-10
CA3 Axo Axonic,CA3 Granule,I,E,0.00030384747188319446,-6.621164369104126e-07,-2.011824054475375e-10
CA1 O LMR,CA1 Radial Trilaminar,I,I,-0.00018354544110413997,-1.0667245946823525e-06,1.9579243626760731e-10
CA1 Radiatum Giant,CA1 O LMR,E,I,-3.844990094450391e-05,5.0486018150974915e-06,-1.9411823969874117e-10
CA1 Oriens Alveus,CA3 Trilaminar,I,I,-0.004940460456118705,-3.906621989816179e-08,1.9300511457690603e-10
CA1 Oriens Alveus,CA1 Oriens Bistratified,I,I,-0.0010170362466133524,-1.8540429841202648e-07,1.8856289176294933e-10
CA2 Bistratified,CA2 SP SR,I,I,-0.0013791083536573798,-1.365619057095673e-07,1.8833366495543572e-10
CA1 R Receiving Apical Targeting,CA3 Trilaminar,I,I,-0.003505723474965329,-5.309180245751388e-08,1.8612517820352836e-10
CA1 Quadrilaminar,CA1 Oriens Alveus,I,I,-0.0012633190731555994,-1.4560577167361722e-07,1.8394654851681993e-10
CA1 Neurogliaform Projecting,CA1 R Receiving Apical Targeting,I,I,-0.00015892728842460118,-1.1557520218957337e-06,1.8368053493113924e-10
CA1 LMR,CA1 Oriens Bistratified,I,I,-0.0018144512063936924,-1.0031355253403251e-07,1.8201404641301234e-10
DG MOLAX,CA3 Mossy Fiber Associated ORDEN,I,I,-6.519618733241732e-05,-2.771586870302517e-06,1.8069689680431114e-10
CA2 Wide Arbor Basket,CA3 Lucidum ORAX,I,I,-2.0037887455898635e-06,-8.927044360765612e-05,1.7887911021483591e-10
CA2 Wide Arbor Basket,DG HIPROM,I,I,-1.7789878061752124e-06,-9.792301679569864e-05,1.742038528234384e-10
DG Total Molecular Layer,CA3 Mossy Fiber Associated ORDEN,I,I,-5.3737357722215074e-05,-3.2039880432660353e-06,1.7217385161868686e-10
CA1 Horizontal Axo Axonic,CA1 Radial Trilaminar,I,I,-0.00045771296616128063,-3.6711545137377784e-07,1.6803350217192924e-10
DG Semilunar Granule,DG MOPP,E,I,-1.9901517162792867e-05,8.258407651155509e-06,-1.643548416068113e-10
CA1 Ivy,CA1 Oriens Bistratified,I,I,-0.000230820449069582,-7.086089983631922e-07,1.635614472169387e-10
CA1 Neurogliaform Projecting,CA1 Perforant Path Associated QuadD,I,I,-6.273861717908373e-05,-2.55845147762331e-06,1.6051370782586994e-10
CA3 Lucidum ORAX,CA3 Mossy Fiber Associated,I,I,-0.0029758559176754095,-5.360302935465295e-08,1.5951489211037268e-10
CA1 LMR,CA1 Quadrilaminar,I,I,-0.00016736363424442433,-9.377575184628196e-07,1.5694650632997033e-10
CA1 Oriens Alveus,CA1 Radiatum Giant,I,E,0.003258199459888292,-4.802830005435094e-08,-1.5648578129643908e-10
DG Hilar Ectopic Granule,DG Semilunar Granule,E,E,0.17505892727910943,8.904804072542102e-10,1.5588654485698653e-10
CA1 Quadrilaminar,CA1 OR LM,I,I,-0.0008257129849221304,-1.8790925912559186e-07,1.5515911524709852e-10
CA1 Axo Axonic,CA1 Radiatum,I,I,-0.00013482098469205303,-1.1504239861240185e-06,1.5510129462259695e-10
CA1 Perforant Path Associated QuadD,CA1 O LMR,I,I,-0.011446504818971097,1.3441181898691416e-08,-1.5385455337603838e-10
CA1 SO SO,CA1 Oriens Bistratified,I,I,-0.0008339189387524674,-1.8190215335801328e-07,1.5169165068510301e-10
CA2 Wide Arbor Basket,CA1 Quadrilaminar,I,I,-8.126167407131939e-07,-0.00018553395650876633,1.5076799902977716e-10
CA1 SO SO,CA3 Trilaminar,I,I,-0.00388586870660572,-3.8328288954989735e-08,1.4893869862793626e-10
DG Basket,CA3 Mossy Fiber Associated ORDEN,I,I,-3.3867758411148335e-05,-4.2990167648270735e-06,1.4559806119663984e-10
DG MOLAX,DG MOPP,I,I,-0.0003382286205322064,-4.27944267912568e-07,1.4474299940073283e-10
DG MOLAX,CA3 Spiny Lucidum,I,I,-0.0006052155510697146,-2.3397657330522384e-07,1.4160626075032452e-10
CA1 Oriens Bistratified,CA1 Ivy,I,I,-0.00032711215041051847,-4.3112092670810163e-07,1.4102489342246264e-10
CA1 Quadrilaminar,CA1 Neurogliaform,I,I,-0.0016491709786976467,-8.523718801171984e-08,1.4057069677472333e-10
CA1 Quadrilaminar,CA1 SO SO,I,I,-0.0008810384271952384,-1.5720927643380531e-07,1.385074136497413e-10
CA3 Mossy Fiber Associated,CA3 Spiny Lucidum,I,I,-0.0007699275968533143,-1.7859784330469703e-07,1.3750740829877017e-10
CA1 Radiatum Giant,CA1 O LM,E,I,-2.521962950936167e-05,5.274603171645153e-06,-1.3302353779779475e-10
CA1 Perforant Path Associated QuadD,CA1 Perforant Path Associated QuadD,I,I,-0.0006158705385882013,2.1464534109255647e-07,-1.3219374182412094e-10
DG Semilunar Granule,CA1 Neurogliaform Projecting,E,I,-5.688483645114749e-06,2.25726785990901e-05,-1.2840431303735575e-10
DG Total Molecular Layer,DG MOPP,I,I,-0.0002565353192176769,-4.947087649561737e-07,1.269102709378147e-10
CA1 Radiatum,CA1 O LMR,I,I,-0.0008158804379246453,-1.5490270144544176e-07,1.263820838910176e-10
CA1 O LMR,CA1 Radiatum Giant,I,E,0.002164349881791237,-5.835205574606975e-08,-1.2629426495628173e-10
CA3 Lucidum ORAX,CA3 Granule,I,E,0.0009492745093931178,-1.3281979835036385e-07,-1.2608244891673448e-10
CA1 OR LM,CA1 Oriens Bistratified,I,I,-0.0008707252712597916,-1.4161027219821703e-07,1.2330364267296545e-10
CA3 Lucidum ORAX,CA3 O LM,I,I,-0.004916037387044898,-2.4921991929496178e-08,1.225174440850344e-10
CA1 Schaffer Collateral Associated,CA1 Quadrilaminar,I,I,-1.3243436764931165e-05,-9.218384453140386e-06,1.2208309157998925e-10
DG Basket,CA1 Neurogliaform Projecting,I,I,-6.645938096814509e-05,-1.8143231343210833e-06,1.2057879238316395e-10
CA1 Radiatum Giant,CA1 Horizontal Axo Axonic,E,I,-9.346462268492746e-06,1.2873813632826664e-05,-1.2032461337082194e-10
CA1 OR LM,CA1 Recurrent O LM,I,I,-0.00010968809653467191,-1.0940323243757432e-06,1.20002323208178e-10
DG Neurogliaform,CA1 Perforant Path Associated,I,I,-0.00013603385235443527,-8.813971383038291e-07,1.1989984817764485e-10
DG MOLAX,CA1 Neurogliaform Projecting,I,I,-0.00010236202314695745,-1.1696986666142243e-06,1.1973272198693049e-10
DG HIPP,DG Hilar Ectopic Granule,I,E,1.995321670654304e-05,-5.952892119577997e-06,-1.1877934649261208e-10
CA1 Axo Axonic,CA1 Radiatum Giant,I,E,0.0029655372160998913,-3.994405271832482e-08,-1.184555748980483e-10
DG Hilar Ectopic Granule,CA1 Back Projection,E,I,-0.0017325991931723375,6.816758664078388e-08,-1.1810710561432757e-10
CA1 Radiatum,CA1 Ivy,I,I,-0.0011182979769842538,-1.0315639743413686e-07,1.1535959056357892e-10
CA1 Quadrilaminar,CA1 Ivy,I,I,-0.004551100378157919,-2.5061620197955604e-08,1.1405794916016589e-10
CA1 Horizontal Axo Axonic,CA1 Radiatum Giant,I,E,0.005550978044581538,-2.0081979351179427e-08,-1.114746264701368e-10
CA1 Oriens Alveus,CA1 Quadrilaminar,I,I,-6.427032276126191e-05,-1.733208229588087e-06,1.1139385232810168e-10
CA1 Radial Trilaminar,CA3 Trilaminar,I,I,-0.0055315676269135335,-1.990367666607374e-08,1.100985335026078e-10
CA1 O LM,CA1 Recurrent O LM,I,I,-8.071558673460592e-05,-1.321914343598808e-06,1.0669909185646925e-10
DG Total Molecular Layer,CA3 Spiny Lucidum,I,I,-0.00039358544633855466,-2.704797570326459e-07,1.0645689589723775e-10
CA1 Ivy,CA1 Quadrilaminar,I,I,-1.5802455110317053e-05,-6.624263612237748e-06,1.0467962837129369e-10
CA1 Oriens Alveus,CA2 Bistratified,I,I,-5.098004398947541e-05,-2.041634615979044e-06,1.0408262253304739e-10
CA3 LMR Targeting,CA3 Spiny Lucidum,I,I,-0.00018754910681792472,-5.542228742091336e-07,1.0394400503598605e-10
CA1 Quadrilaminar,CA1 LMR,I,I,-0.0005636608427249004,-1.828053041829128e-07,1.0304019181032238e-10
DG Semilunar Granule,DG HIPROM,E,I,-1.083673959516742e-06,9.21553006893138e-05,-9.986629958844462e-11
CA1 Radiatum Giant,CA1 Ivy,E,I,-2.8625835110282445e-05,3.362081942181821e-06,-9.624240330415496e-11
DG Hilar Ectopic Granule,DG MOLAX,E,I,-0.0032500131787288164,2.8389289685405267e-08,-9.226556561231717e-11
CA1 O LM,CA1 Radial Trilaminar,I,I,-0.00011330084164744141,-8.10291872483948e-07,9.180675113251259e-11
CA3 Spiny Lucidum,CA3 Trilaminar,I,I,-0.0009408742853773403,-9.72774432317659e-08,9.152584488402254e-11
CA1 Recurrent O LM,CA1 Radiatum Giant,I,E,0.003253962454028246,-2.740117575398167e-08,-8.916239709968547e-11
DG Hilar Ectopic Granule,CA1 Perforant Path Associated,E,I,-0.00036859154947003646,2.414186405030918e-07,-8.898487077398431e-11
CA1 OR LM,CA2 Bistratified,I,I,-5.694341825008112e-05,-1.5593836614056667e-06,8.879663604376577e-11
CA1 LMR,CA1 Neurogliaform Projecting,I,I,-0.0007302229457589503,-1.2123128566220137e-07,8.852586653439748e-11
CA1 Radial Trilaminar,CA1 Oriens Bistratified,I,I,-0.0009296451914657687,-9.446082108053826e-08,8.781504809943071e-11
CA1 Schaffer Collateral Associated,CA2 Bistratified,I,I,-8.062596287059622e-06,-1.0858806507863943e-05,8.755017303220268e-11
CA1 Oriens Bistratified,CA1 Schaffer Collateral Associated,I,I,-0.00011313686725923475,-7.71166622758865e-07,8.724737583382207e-11
DG Axo Axonic,DG Hilar Ectopic Granule,I,E,0.0002137914176808632,-4.0685686066158734e-07,-8.698250503402618e-11
CA1 Neurogliaform Projecting,SUB CA1 Projecting Pyramidal,I,E,0.0008721081675266877,9.701822530463537e-08,8.461038668711688e-11
CA3 Axo Axonic,CA3 Mossy Fiber Associated ORDEN,I,I,-0.0003850161492591766,-2.1598941070979047e-07,8.315941119224228e-11
CA1 O LM,CA1 Radiatum Giant,I,E,0.001819724121195765,-4.432465206996581e-08,-8.065863853532658e-11
CA1 Schaffer Collateral Associated,CA3 Trilaminar,I,I,-0.0003861055610706359,-2.07780824025839e-07,8.022533164021563e-11
CA3 Mossy Fiber Associated,CA3 Lucidum ORAX,I,I,-2.357572764728482e-05,-3.323058291740476e-06,7.834351724212501e-11
CA1 Radiatum Giant,CA1 Recurrent O LM,E,I,-9.450640155058632e-06,8.040504491387599e-06,-7.598791461323692e-11
CA3 Mossy Fiber Associated,DG HIPROM,I,I,-2.0713271165217887e-05,-3.64514703595895e-06,7.550291899290797e-11
DG Total Molecular Layer,CA1 Neurogliaform Projecting,I,I,-5.582788649935909e-05,-1.3521858478306113e-06,7.5489678038727e-11
CA1 Ivy,CA2 Bistratified,I,I,-9.47383283573099e-06,-7.803058896927318e-06,7.392487559685286e-11
DG Neurogliaform,MEC LV Pyramidal,I,E,0.001661874472111128,-4.441917899222025e-08,-7.381909963930573e-11
CA3 Axo Axonic,CA3 Trilaminar,I,I,-0.004600674102344071,-1.5892947575585237e-08,7.311827232090698e-11
CA1 OR LM,CA3 Trilaminar,I,I,-0.0024153946468068593,-2.9838456178830644e-08,7.20716473233286e-11
CA2 SP SR,CA2 Bistratified,I,I,-0.0003296710220391832,-2.1793333547277694e-07,7.184630544171855e-11
CA1 Perforant Path Associated QuadD,CA1 O LM,I,I,-0.005076848533204712,1.4042878260171943e-08,-7.129356589712627e-11
CA1 Quadrilaminar,CA1 Perforant Path Associated QuadD,I,I,-0.00011860050801510626,-6.009744064544485e-07,7.127586990957455e-11
DG Axo Axonic,CA3 Spiny Lucidum,I,I,-0.0032330090529908333,-2.10026965320448e-08,6.790190802532001e-11
CA1 Radiatum,CA1 Radiatum,I,I,-0.00028428782114609007,-2.3824236612804536e-07,6.772940317123107e-11
SUB CA1 Projecting Pyramidal,DG Neurogliaform,E,I,-0.00023366082744930114,2.8731215162124363e-07,-6.713359508405885e-11
CA1 Horizontal Axo Axonic,CA3 Trilaminar,I,I,-0.004089061065475725,-1.6334682269322763e-08,6.679351328440438e-11
CA1 Axo Axonic,CA3 Trilaminar,I,I,-0.002042425545936799,-3.2490493008329586e-08,6.63594129202933e-11
CA1 Neurogliaform Projecting,CA1 O LM,I,I,-0.00038935684517021175,-1.6738319337352292e-07,6.517179210643038e-11
CA1 Neurogliaform,CA1 Neurogliaform Projecting,I,I,-0.000172364066219015,-3.7466260768518737e-07,6.457837052083847e-11
CA1 Radial Trilaminar,CA1 Quadrilaminar,I,I,-7.20539714881107e-05,-8.83044642830227e-07,6.362687351721807e-11
DG Neurogliaform,DG MOLAX,I,I,-0.0006067077132869887,-1.0364667216686672e-07,6.288323546016588e-11
CA1 Axo Axonic,CA1 Oriens Bistratified,I,I,-0.0004062655342389001,-1.541965687228839e-07,6.26447513700077e-11
DG Neurogliaform,DG Total Molecular Layer,I,I,-0.0006360927711154618,-9.689373121760398e-08,6.163340199392244e-11
CA1 Radial Trilaminar,CA2 Bistratified,I,I,-5.9182275359550005e-05,-1.0401834467896034e-06,6.156042317234813e-11
CA1 O LMR,CA3 Trilaminar,I,I,-0.0012731764921932287,-4.746356291407497e-08,6.042949253793459e-11
CA3 Mossy Fiber Associated ORDEN,CA3 Spiny Lucidum,I,I,-0.0009596778471673992,-6.026675545881496e-08,5.7836670134479645e-11
DG Hilar Ectopic Granule,DG Axo Axonic,E,I,-0.000270565123407301,2.0605153549245046e-07,-5.575035912877872e-11
DG HIPROM,DG HICAP,I,I,-0.00024160047714879545,-2.2477697652901908e-07,5.430622478147461e-11
CA1 Neurogliaform Projecting,CA1 LMR,I,I,-6.973527209330411e-05,-7.782336412018265e-07,5.427033472137218e-11
DG Axo Axonic,DG HIPROM,I,I,-0.000125246031684639,-4.286609266625729e-07,5.368808000274731e-11
CA1 LMR,CA3 Trilaminar,I,I,-0.0025135089546229413,-2.1136895614746525e-08,5.312777640059577e-11
DG Neurogliaform,DG HIPP,I,I,-0.0017611111827143353,-2.9709301807743868e-08,5.2321383644252945e-11
CA1 Perforant Path Associated QuadD,CA1 Recurrent O LM,I,I,-0.0024371380585061454,2.1406695830675063e-08,-5.217107311580302e-11
CA1 Quadrilaminar,CA1 O LMR,I,I,-0.001366969276555997,-3.763327110896457e-08,5.1443525382257e-11
CA1 Radiatum Giant,CA1 Radiatum,E,I,-6.425959291420993e-06,7.764815144239467e-06,-4.989638602229204e-11
CA1 Recurrent O LM,CA1 Recurrent O LM,I,I,-6.082692868605747e-05,-8.171977797701458e-07,4.970763107248316e-11
CA3 Granule,CA3 Mossy Fiber Associated,E,I,-6.414178572675217e-05,7.651554295013593e-07,-4.9078435606737213e-11
CA1 LMR,CA2 Bistratified,I,I,-4.172968113673535e-05,-1.1046325412055725e-06,4.609596371777022e-11
CA3 Mossy Fiber Associated ORDEN,CA3 Lucidum ORAX,I,I,-4.090137074891157e-05,-1.12134579980364e-06,4.5864580295503454e-11
CA1 Radial Trilaminar,CA1 Radiatum Giant,I,E,0.0018695348928518044,-2.4469727493341468e-08,-4.5747009367376994e-11
CA1 Schaffer Collateral Associated,CA1 Neurogliaform Projecting,I,I,-3.8305347765697356e-05,-1.1917330194425599e-06,4.564974775361182e-11
CA3 Mossy Fiber Associated ORDEN,DG HIPROM,I,I,-3.704761985596614e-05,-1.2300326866365062e-06,4.5569783384922005e-11
DG HIPP,CA3 Mossy Fiber Associated ORDEN,I,I,-1.2123012961426502e-05,-3.6401354559183964e-06,4.4129409313446886e-11
DG HIPROM,CA3 Mossy Fiber Associated,I,I,-0.0008009626655770261,-5.41120992250176e-08,4.334177123523863e-11
CA3 LMR Targeting,DG HIPROM,I,I,-3.6520661570128856e-06,-1.1311580418904995e-05,4.131064003021257e-11
CA1 SO SO,CA1 Quadrilaminar,I,I,-2.4282807708059957e-05,-1.7004692549212884e-06,4.129216793072163e-11
CA3 LMR Targeting,CA3 Lucidum ORAX,I,I,-3.966879546829451e-06,-1.031207815018707e-05,4.090677189928397e-11
CA1 Oriens Alveus,CA1 Neurogliaform Projecting,I,I,-0.00018206264524269592,-2.2406545173607423e-07,4.0793948850569286e-11
CA1 Recurrent O LM,CA1 Radial Trilaminar,I,I,-8.133361149993421e-05,-5.009165097316169e-07,4.074134879641434e-11
CA1 OR LM,CA1 Quadrilaminar,I,I,-3.067140701956377e-05,-1.3238101342327778e-06,4.060311944367688e-11
CA1 Neurogliaform Projecting,CA1 Recurrent O LM,I,I,-0.00015824143903594436,-2.551557480830998e-07,4.037621275496262e-11
CA1 Axo Axonic,CA1 Quadrilaminar,I,I,-2.7556958568183696e-05,-1.4414701502271726e-06,3.9722533207083724e-11
CA1 Perforant Path Associated QuadD,CA1 Radial Trilaminar,I,I,-0.0029750900294656015,1.312163055974549e-08,-3.9038032248629945e-11
CA1 Horizontal Axo Axonic,CA2 Bistratified,I,I,-4.451267755598638e-05,-8.536646967381069e-07,3.7998901386832245e-11
CA3 Lucidum ORAX,CA3 Trilaminar,I,I,-0.01113335440035701,-3.1881070677418474e-09,3.549432585145298e-11
CA1 Horizontal Axo Axonic,CA1 Oriens Bistratified,I,I,-0.0004536976237728676,-7.752273738851449e-08,3.5171881741537065e-11
CA1 Quadrilaminar,CA1 O LM,I,I,-0.000888644413052544,-3.931792968047596e-08,3.493965854334775e-11
DG Axo Axonic,DG MOPP,I,I,-0.0009053705782047413,-3.8414032074360135e-08,3.477893443033891e-11
CA1 O LMR,CA1 Oriens Bistratified,I,I,-0.0001518748495026574,-2.252572325952944e-07,3.421090829979543e-11
CA1 Perforant Path Associated QuadD,CA1 Radiatum,I,I,-0.0016478076580791702,2.0672712284682546e-08,-3.4064653615967237e-11
CA1 Axo Axonic,CA2 Bistratified,I,I,-1.9907266683111525e-05,-1.6979814117913167e-06,3.380216878749595e-11
CA1 O LMR,CA2 Bistratified,I,I,-1.3260426102160775e-05,-2.480487062625537e-06,3.2892315391311774e-11
CA1 Neurogliaform Projecting,CA1 O LMR,I,I,-0.00020522358009394026,-1.6021131190022963e-07,3.287913899971202e-11
DG Hilar Ectopic Granule,DG HIPP,E,I,-0.00393997855684862,8.137511390749672e-09,-3.2061620385665104e-11
CA1 Neurogliaform,CA1 Quadrilaminar,I,I,-1.0698003623665399e-05,-2.8981188752105696e-06,3.1004086228815764e-11
CA1 Quadrilaminar,CA1 Recurrent O LM,I,I,-0.0005016171421034956,-5.99355022359579e-08,3.006467534213887e-11
CA1 Radiatum,CA1 Radial Trilaminar,I,I,-0.00019433246003784492,-1.5122003677902197e-07,2.9386961754280725e-11
DG AIPRIM,DG Neurogliaform,I,I,-0.00015728085460726772,-1.8630570047484532e-07,2.9302319788889316e-11
CA3 Lucidum ORAX,CA3 Mossy Fiber Associated ORDEN,I,I,-0.0006688435116225823,-4.332722822914886e-08,2.8979135477657e-11
DG Axo Axonic,CA1 Neurogliaform Projecting,I,I,-0.0002679315932975838,-1.0499694812090619e-07,2.8131999601418144e-11
CA1 O LM,CA3 Trilaminar,I,I,-0.0007719120985989237,-3.6053672578776376e-08,2.783026606248174e-11
CA3 Granule,CA3 Trilaminar,E,I,-0.0005672092144856939,4.550857408775505e-08,-2.581288256067955e-11
CA3 Mossy Fiber Associated,DG Hilar Ectopic Granule,I,E,7.334030541064596e-06,-3.459734693448178e-06,-2.5373799905729694e-11
CA3 Trilaminar,DG HIPROM,I,I,-1.3734639907938148e-06,-1.7817578522204428e-05,2.4471802503389057e-11
CA3 Trilaminar,CA3 Lucidum ORAX,I,I,-1.462354426205603e-06,-1.6243199921117045e-05,2.3753315300388015e-11
CA1 Oriens Bistratified,CA1 Recurrent O LM,I,I,-2.3018027706035307e-05,-1.031036663335498e-06,2.3732430482594688e-11
CA1 Radiatum Giant,CA1 Radial Trilaminar,E,I,-4.7452725028048775e-06,4.928576099949904e-06,-2.3387436645073582e-11
DG Axo Axonic,CA3 Mossy Fiber Associated ORDEN,I,I,-9.166882823922729e-05,-2.4878900108186147e-07,2.280619620798209e-11
CA1 Recurrent O LM,CA2 Bistratified,I,I,-1.941630898761514e-05,-1.1647963570342253e-06,2.2616045975825e-11
CA1 O LM,CA2 Bistratified,I,I,-1.1849691275093736e-05,-1.8841962739647572e-06,2.232714414816431e-11
CA3 Horizontal Axo Axonic,CA3 Lucidum ORAX,I,I,-8.07145948481978e-06,-2.683341638779563e-06,2.1658483321339156e-11
CA1 O LM,CA1 Oriens Bistratified,I,I,-0.00012376716308060197,-1.711070558418549e-07,2.1177434884620522e-11
DG Semilunar Granule,DG Neurogliaform,E,I,-7.99982540017198e-06,2.6286420251300687e-06,-2.102867724059504e-11
CA3 Horizontal Axo Axonic,DG HIPROM,I,I,-7.118923295099127e-06,-2.9434255924350913e-06,2.095402101737712e-11
DG HICAP,DG HIPROM,I,I,-0.00011930776923133504,-1.7330494726218253e-07,2.0676626654605163e-11
DG HIPP,DG HIPROM,I,I,-3.2348339706518276e-06,-6.271916487167529e-06,2.02886085137808e-11
CA3 LMR Targeting,DG Hilar Ectopic Granule,I,E,1.8024249818504382e-06,-1.0736210865282473e-05,-1.9351214673999238e-11
CA1 Radial Trilaminar,CA1 Neurogliaform Projecting,I,I,-0.00016562695531532236,-1.1415812215817736e-07,1.8907662197573553e-11
CA1 Quadrilaminar,CA1 Radial Trilaminar,I,I,-0.0004897822389330043,-3.6738575816361205e-08,1.7993901918547316e-11
DG HICAP,DG Hilar Ectopic Granule,I,E,0.00010693194788946083,-1.644896989543365e-07,-1.7589203916938213e-11
CA3 Mossy Fiber Associated ORDEN,DG Hilar Ectopic Granule,I,E,1.4656650032144422e-05,-1.1674664198866945e-06,-1.7111146740559854e-11
CA1 Axo Axonic,CA1 Neurogliaform Projecting,I,I,-9.099958199485319e-05,-1.8635017700757068e-07,1.6957788212355834e-11
CA1 Radiatum,CA1 Oriens Bistratified,I,I,-0.0005258050056229695,-3.193270987432747e-08,1.6790378695027407e-11
DG MOLAX,DG Neurogliaform,I,I,-0.0001202577259945228,-1.3621418735500431e-07,1.63808084195047e-11
CA1 Oriens Bistratified,CA1 Radial Trilaminar,I,I,-2.5834865996108703e-05,-6.319930126934706e-07,1.6327454793412842e-11
CA1 Perforant Path Associated QuadD,CA1 Oriens Bistratified,I,I,-0.005770918842524723,2.7708578219350694e-09,-1.5990395614562104e-11
CA1 Oriens Bistratified,CA1 Radiatum Giant,I,E,0.0004606063222694284,-3.45713333053856e-08,-1.5923774689744262e-11
CA1 Recurrent O LM,CA1 Oriens Bistratified,I,I,-0.0001475366106944508,-1.0577713057889861e-07,1.560599933459505e-11
CA3 Spiny Lucidum,DG Hilar Ectopic Granule,I,E,7.161924541011855e-06,-2.1619747800538563e-06,-1.5483900234316422e-11
CA3 Spiny Lucidum,DG HIPROM,I,I,-6.570868528811435e-06,-2.2778382331614353e-06,1.496737556000392e-11
CA1 Recurrent O LM,CA3 Trilaminar,I,I,-0.0006615834927799483,-2.228811671997233e-08,1.4745450107086458e-11
DG Basket,DG Neurogliaform,I,I,-6.67477954989338e-05,-2.11282237378525e-07,1.4102623573098976e-11
CA1 Perforant Path Associated QuadD,CA3 Trilaminar,I,I,-0.02113478614603233,5.838426719627525e-10,-1.2339390014860881e-11
DG HICAP,CA3 Spiny Lucidum,I,I,-0.0014317774415612394,-8.491259614419741e-09,1.2157593966366173e-11
CA1 Quadrilaminar,CA1 Radiatum,I,I,-0.00020769452671160496,-5.78804596077092e-08,1.202145466407333e-11
CA1 Perforant Path Associated QuadD,CA2 Bistratified,I,I,-0.0003869197356599981,3.051212562853927e-08,-1.1805743582619067e-11
CA1 O LMR,CA1 Quadrilaminar,I,I,-5.481004168064286e-06,-2.1057639582916874e-06,1.1541701032356287e-11
CA1 Horizontal Axo Axonic,CA1 Quadrilaminar,I,I,-1.551558981094367e-05,-7.247029738402967e-07,1.1244194076877084e-11
CA3 Lucidum ORAX,CA3 Spiny Lucidum,I,I,-0.002977301623094377,-3.6576722528502615e-09,1.088999353515835e-11
CA3 Spiny Lucidum,CA3 Lucidum ORAX,I,I,-5.110635449930749e-06,-2.0765662271725785e-06,1.0612572974717128e-11
DG HICAP,DG MOPP,I,I,-0.0006664236323228431,-1.5530554311555436e-08,1.0349928416293966e-11
CA3 Axo Axonic,CA3 Spiny Lucidum,I,I,-0.0005367504180017988,-1.8233764465255737e-08,9.786980698472362e-12
CA3 Axo Axonic,DG Hilar Ectopic Granule,I,E,2.6293200712330833e-05,-3.5321808116676603e-07,-9.287233903342143e-12
DG HICAP,CA3 Mossy Fiber Associated ORDEN,I,I,-9.212300038537947e-05,-1.005838461825628e-07,9.266085700639183e-12
DG Hilar Ectopic Granule,CA3 Mossy Fiber Associated,E,I,-0.0005727464722729895,1.3954922458377848e-08,-7.992632608879027e-12
CA3 Axo Axonic,DG HIPROM,I,I,-2.0921510636268023e-05,-3.7214756497091804e-07,7.785889238800307e-12
CA1 Perforant Path Associated QuadD,CA1 Quadrilaminar,I,I,-0.00029405145471438776,2.59027089508129e-08,-7.616729248029926e-12
CA1 Radiatum,CA1 Quadrilaminar,I,I,-2.4886830408941038e-05,-2.98515385140839e-07,7.429101764459778e-12
CA3 Axo Axonic,CA3 Lucidum ORAX,I,I,-2.189148009874438e-05,-3.392642434799065e-07,7.426996434355942e-12
DG Total Molecular Layer,DG Neurogliaform,I,I,-4.451880595603429e-05,-1.5746525295128042e-07,7.010165040955909e-12
DG Hilar Ectopic Granule,DG HICAP,E,I,-0.00011892634769522335,5.796754002921532e-08,-6.8938678205512384e-12
CA1 Radiatum,CA2 Bistratified,I,I,-1.9453772569505306e-05,-3.516365392810863e-07,6.8406572623021714e-12
CA1 Oriens Bistratified,CA3 Trilaminar,I,I,-0.00023654876725862865,-2.8120322966927255e-08,6.651827732741145e-12
CA3 Granule,CA3 Spiny Lucidum,E,I,-0.0001272767645961253,5.221137344846555e-08,-6.645294687640736e-12
DG HICAP,CA1 Neurogliaform Projecting,I,I,-0.00015522954852899526,-4.244961326066327e-08,6.58943430168321e-12
CA1 Radiatum,CA3 Trilaminar,I,I,-0.0009580446063907247,-6.7284862140702084e-09,6.4461899265643096e-12
CA1 O LM,CA1 Quadrilaminar,I,I,-3.98916484952584e-06,-1.5995538391814017e-06,6.380883950186556e-12
CA3 Spiny Lucidum,CA3 Spiny Lucidum,I,I,-5.652944406294754e-05,-1.1160509900599668e-07,6.308974201399211e-12
CA1 Radiatum Giant,CA2 Bistratified,E,I,-5.125163738062827e-07,1.1460567529833306e-05,-5.873728512152192e-12
CA1 Quadrilaminar,CA3 Trilaminar,I,I,-0.003508730483279863,-1.6346709481772308e-09,5.735619786001447e-12
CA1 Quadrilaminar,CA1 Oriens Bistratified,I,I,-0.0007387138701540404,-7.757981731311105e-09,5.730928709321169e-12
CA1 Perforant Path Associated QuadD,CA1 Radiatum Giant,I,E,0.0077046339170131215,7.177805046574392e-10,5.530236021154501e-12
DG Axo Axonic,DG Neurogliaform,I,I,-0.00040789413014959586,-1.2227143939937242e-08,4.987380241594604e-12
CA1 Oriens Bistratified,CA2 Bistratified,I,I,-3.2677113552690523e-06,-1.4695925260096802e-06,4.802204184860362e-12
CA1 Radiatum Giant,CA3 Trilaminar,E,I,-2.189429023766363e-05,2.1929538604707725e-07,-4.8013168298952005e-12
CA1 Quadrilaminar,CA2 Bistratified,I,I,-5.0605670504479244e-05,-8.542932493171569e-08,4.3232082689144976e-12
CA1 Radiatum Giant,CA1 Neurogliaform Projecting,E,I,-3.3762029524533817e-06,1.257775128137934e-06,-4.246504101141724e-12
CA1 Recurrent O LM,CA1 Quadrilaminar,I,I,-4.2349767216223946e-06,-9.88832485502227e-07,4.187682557685945e-12
CA3 Lucidum ORAX,DG Hilar Ectopic Granule,I,E,5.646939839650023e-05,-7.085514223628924e-08,-4.001147255381707e-12
CA1 Oriens Bistratified,CA1 Oriens Bistratified,I,I,-2.9228748411519954e-05,-1.3345618706887131e-07,3.900757315796782e-12
CA1 Quadrilaminar,CA1 Radiatum Giant,I,E,0.001819427810838073,-2.0096765695234466e-09,-3.656461441380613e-12
CA1 Quadrilaminar,CA1 Quadrilaminar,I,I,-4.650947546384254e-05,-7.252365720141383e-08,3.3730372551572837e-12
DG HIPROM,DG Hilar Ectopic Granule,I,E,4.4738838427595686e-05,-7.152805603439281e-08,-3.2000821419627107e-12
CA3 Lucidum ORAX,CA3 Lucidum ORAX,I,I,-4.559020714275853e-05,-6.805601838968829e-08,3.102687975697273e-12
CA2 SP SR,CA2 SP SR,I,I,-0.00010544523019877621,-2.8229810997164542e-08,2.9766989190639595e-12
CA1 Neurogliaform Projecting,CA1 Neurogliaform Projecting,I,I,-6.051569862711321e-05,-3.9913982273637994e-08,2.415422522279416e-12
CA1 Neurogliaform Projecting,DG MOPP,I,I,-0.00016117860127954706,-1.4602872014045532e-08,2.353670485888101e-12
CA1 Perforant Path Associated QuadD,CA1 Neurogliaform Projecting,I,I,-0.0007015866089857131,3.3486467945235277e-09,-2.34936574926064e-12
CA3 Lucidum ORAX,DG HIPROM,I,I,-3.091161460015312e-05,-7.46523749911138e-08,2.3076254447114193e-12
DG HIPROM,DG HIPROM,I,I,-2.9996251722880837e-05,-7.536135124332707e-08,2.2605580620712776e-12
DG HIPROM,CA3 Mossy Fiber Associated ORDEN,I,I,-3.25359826299627e-05,-4.373870845187918e-08,1.4230818584473438e-12
CA3 Granule,CA3 Lucidum ORAX,E,I,-1.4183833538313318e-06,9.714643483408683e-07,-1.37790886052729e-12
DG MOPP,CA3 Spiny Lucidum,I,I,-0.00014227850089902353,-9.570220523102529e-09,1.3616366293000967e-12
DG MOPP,DG MOPP,I,I,-7.423591845133579e-05,-1.7503978956809124e-08,1.2994239544115798e-12
CA1 Neurogliaform Projecting,CA3 Spiny Lucidum,I,I,-0.00015129115415260495,-7.984053556616835e-09,1.2079166773967712e-12
CA1 Oriens Bistratified,CA1 Quadrilaminar,I,I,-9.12462462165936e-07,-1.2475835981061103e-06,1.138373201685739e-12
CA1 Quadrilaminar,CA1 Neurogliaform Projecting,I,I,-0.00011697740077826684,-9.375703239217227e-09,1.0967453953920082e-12
CA1 Neurogliaform Projecting,CA1 Quadrilaminar,I,I,-3.3216728863654744e-06,-3.087456902271053e-07,1.0255521880095696e-12
DG HICAP,DG Neurogliaform,I,I,-0.0001490874508993716,-4.943358267281406e-09,7.369926829513194e-13
DG Hilar Ectopic Granule,DG Hilar Ectopic Granule,E,E,3.514960158807822e-05,1.8446308493923203e-08,6.483803943321837e-13
DG MOPP,CA1 Neurogliaform Projecting,I,I,-1.3457053996836103e-05,-4.784356838354972e-08,6.438334831387492e-13
CA3 Granule,DG HIPROM,E,I,-5.116924832069462e-07,1.0656239159860828e-06,-5.452717477356289e-13
CA1 Neurogliaform Projecting,DG HIPROM,I,I,-3.1242154429287864e-06,-1.629529708664403e-07,5.091001880520575e-13
DG MOPP,DG HIPROM,I,I,-1.8706032599535647e-06,-1.9532632829023217e-07,3.653780664544685e-13
DG Neurogliaform,DG MOPP,I,I,-5.424223695366738e-05,-6.358556791604808e-09,3.44902344173579e-13
DG Hilar Ectopic Granule,CA3 Mossy Fiber Associated ORDEN,E,I,-2.9255565704363457e-05,1.1279737685603922e-08,-3.2999510698917015e-13
DG Hilar Ectopic Granule,DG HIPROM,E,I,-1.6786419720495984e-05,1.9434873679285987e-08,-3.2624194679531464e-13
DG Hilar Ectopic Granule,CA3 Spiny Lucidum,E,I,-0.0003408777516731549,9.522322391328601e-10,-3.2459478474630334e-13
DG Hilar Ectopic Granule,DG MOPP,E,I,-0.00012849931307162745,1.7416373045470157e-09,-2.2379919725421234e-13
DG Neurogliaform,CA3 Spiny Lucidum,I,I,-6.322153771193994e-05,-3.476511875070399e-09,2.1979042661577026e-13
DG Hilar Ectopic Granule,CA1 Neurogliaform Projecting,E,I,-3.831290594895719e-05,4.7604115432863984e-09,-1.8238519973626194e-13
DG Neurogliaform,CA1 Neurogliaform Projecting,I,I,-9.48571190824451e-06,-1.737982246382259e-08,1.6485998890825738e-13
DG HIPROM,CA3 Spiny Lucidum,I,I,-4.149460026467629e-05,-3.692409295924362e-09,1.5321504774795622e-13
CA1 Neurogliaform Projecting,DG Neurogliaform,I,I,-2.803763670821946e-05,-4.648078017600034e-09,1.3032112284893064e-13
DG Neurogliaform,DG HIPROM,I,I,-1.1601921087264715e-06,-7.095492712792282e-08,8.23213465290779e-14
DG MOPP,DG Neurogliaform,I,I,-6.6758903883007545e-06,-5.5714971501101585e-09,3.7194704272865456e-14
DG Hilar Ectopic Granule,DG Neurogliaform,E,I,-5.3742113886641865e-05,5.543612285385273e-10,-2.979254427845623e-14
DG Neurogliaform,DG Neurogliaform,I,I,-2.962389140374895e-06,-2.0239215969497408e-09,5.995643359774127e-15
