method,seed,step,edge_type,sender,receiver,weight
greedy_tree_path,CA1 Pyramidal,1,transition,CA1 Pyramidal,MEC LV VI Pyramidal Polymorphic,13564.64480225756
greedy_tree_path,CA1 Pyramidal,2,transition,MEC LV VI Pyramidal Polymorphic,EC LIV VI Deep Multipolar Principal,86.77596588341953
greedy_tree_path,CA1 Pyramidal,3,transition,EC LIV VI Deep Multipolar Principal,LEC LVI Multipolar Pyramidal,2246.3636143897743
greedy_tree_path,CA1 Pyramidal,4,transition,LEC LVI Multipolar Pyramidal,LEC LIII Multipolar Principal,304.0317537911717
greedy_tree_path,CA1 Pyramidal,5,transition,LEC LIII Multipolar Principal,LEC LIII Complex Pyramidal,556.0635991085179
greedy_tree_path,CA1 Pyramidal,6,transition,LEC LIII Complex Pyramidal,EC LIII Pyramidal Stellate,538.1000722266449
greedy_tree_path,CA1 Pyramidal,7,transition,EC LIII Pyramidal Stellate,MEC LIII Complex Pyramidal,647.4324185181202
greedy_tree_path,CA1 Pyramidal,8,transition,MEC LIII Complex Pyramidal,MEC LII Stellate,1193.0847203135872
greedy_tree_path,CA1 Pyramidal,9,transition,MEC LII Stellate,CA3 Granule,19640.6765649223
greedy_tree_path,CA1 Pyramidal,10,transition,CA3 Granule,CA3c Pyramidal,2.280811281935155
greedy_tree_path,CA1 Pyramidal,11,transition,CA3c Pyramidal,CA2 Pyramidal,24424.53581944845
greedy_tree_path,CA1 Pyramidal,12,transition,CA2 Pyramidal,DG Mossy,4836.413875657298
greedy_tree_path,CA1 Pyramidal,13,transition,DG Mossy,DG Hilar Ectopic Granule,2119.754290320353
greedy_tree_path,CA1 Pyramidal,14,transition,DG Hilar Ectopic Granule,CA3 Pyramidal,0.0133035385226386
greedy_tree_path,CA1 Pyramidal,15,transition,CA3 Pyramidal,CA1 Radiatum Giant,303.66294985857763
greedy_tree_path,CA1 Radiatum Giant,1,transition,CA1 Radiatum Giant,CA1 Pyramidal,52.52606827667822
greedy_tree_path,CA1 Radiatum Giant,2,transition,CA1 Pyramidal,MEC LV VI Pyramidal Polymorphic,13564.64480225756
greedy_tree_path,CA1 Radiatum Giant,3,transition,MEC LV VI Pyramidal Polymorphic,EC LIV VI Deep Multipolar Principal,86.77596588341953
greedy_tree_path,CA1 Radiatum Giant,4,transition,EC LIV VI Deep Multipolar Principal,LEC LVI Multipolar Pyramidal,2246.3636143897743
greedy_tree_path,CA1 Radiatum Giant,5,transition,LEC LVI Multipolar Pyramidal,LEC LIII Multipolar Principal,304.0317537911717
greedy_tree_path,CA1 Radiatum Giant,6,transition,LEC LIII Multipolar Principal,LEC LIII Complex Pyramidal,556.0635991085179
greedy_tree_path,CA1 Radiatum Giant,7,transition,LEC LIII Complex Pyramidal,EC LIII Pyramidal Stellate,538.1000722266449
greedy_tree_path,CA1 Radiatum Giant,8,transition,EC LIII Pyramidal Stellate,MEC LIII Complex Pyramidal,647.4324185181202
greedy_tree_path,CA1 Radiatum Giant,9,transition,MEC LIII Complex Pyramidal,MEC LII Stellate,1193.0847203135872
greedy_tree_path,CA1 Radiatum Giant,10,transition,MEC LII Stellate,CA3 Granule,19640.6765649223
greedy_tree_path,CA1 Radiatum Giant,11,transition,CA3 Granule,CA3c Pyramidal,2.280811281935155
greedy_tree_path,CA1 Radiatum Giant,12,transition,CA3c Pyramidal,CA2 Pyramidal,24424.53581944845
greedy_tree_path,CA1 Radiatum Giant,13,transition,CA2 Pyramidal,DG Mossy,4836.413875657298
greedy_tree_path,CA1 Radiatum Giant,14,transition,DG Mossy,DG Hilar Ectopic Granule,2119.754290320353
greedy_tree_path,CA1 Radiatum Giant,15,transition,DG Hilar Ectopic Granule,CA3 Pyramidal,0.0133035385226386
greedy_tree_path,CA2 Pyramidal,1,transition,CA2 Pyramidal,CA1 Pyramidal,5532.563189259333
greedy_tree_path,CA2 Pyramidal,2,transition,CA1 Pyramidal,MEC LV VI Pyramidal Polymorphic,13564.64480225756
greedy_tree_path,CA2 Pyramidal,3,transition,MEC LV VI Pyramidal Polymorphic,EC LIV VI Deep Multipolar Principal,86.77596588341953
greedy_tree_path,CA2 Pyramidal,4,transition,EC LIV VI Deep Multipolar Principal,LEC LVI Multipolar Pyramidal,2246.3636143897743
greedy_tree_path,CA2 Pyramidal,5,transition,LEC LVI Multipolar Pyramidal,LEC LIII Multipolar Principal,304.0317537911717
greedy_tree_path,CA2 Pyramidal,6,transition,LEC LIII Multipolar Principal,LEC LIII Complex Pyramidal,556.0635991085179
greedy_tree_path,CA2 Pyramidal,7,transition,LEC LIII Complex Pyramidal,EC LIII Pyramidal Stellate,538.1000722266449
greedy_tree_path,CA2 Pyramidal,8,transition,EC LIII Pyramidal Stellate,MEC LIII Complex Pyramidal,647.4324185181202
greedy_tree_path,CA2 Pyramidal,9,transition,MEC LIII Complex Pyramidal,MEC LII Stellate,1193.0847203135872
greedy_tree_path,CA2 Pyramidal,10,transition,MEC LII Stellate,CA3 Granule,19640.6765649223
greedy_tree_path,CA2 Pyramidal,11,transition,CA3 Granule,CA3c Pyramidal,2.280811281935155
greedy_tree_path,CA2 Pyramidal,12,transition,CA3c Pyramidal,DG Granule,7159.489110348726
greedy_tree_path,CA2 Pyramidal,13,transition,DG Granule,DG Mossy,44908.709978571016
greedy_tree_path,CA2 Pyramidal,14,transition,DG Mossy,DG Hilar Ectopic Granule,2119.754290320353
greedy_tree_path,CA2 Pyramidal,15,transition,DG Hilar Ectopic Granule,CA3 Pyramidal,0.0133035385226386
greedy_tree_path,CA2 Pyramidal,16,transition,CA3 Pyramidal,CA1 Radiatum Giant,303.66294985857763
greedy_tree_path,CA3 Granule,1,transition,CA3 Granule,CA3c Pyramidal,2.280811281935155
greedy_tree_path,CA3 Granule,2,transition,CA3c Pyramidal,CA1 Pyramidal,85609.60976338176
greedy_tree_path,CA3 Granule,3,transition,CA1 Pyramidal,MEC LV VI Pyramidal Polymorphic,13564.64480225756
greedy_tree_path,CA3 Granule,4,transition,MEC LV VI Pyramidal Polymorphic,EC LIV VI Deep Multipolar Principal,86.77596588341953
greedy_tree_path,CA3 Granule,5,transition,EC LIV VI Deep Multipolar Principal,LEC LVI Multipolar Pyramidal,2246.3636143897743
greedy_tree_path,CA3 Granule,6,transition,LEC LVI Multipolar Pyramidal,LEC LIII Multipolar Principal,304.0317537911717
greedy_tree_path,CA3 Granule,7,transition,LEC LIII Multipolar Principal,LEC LIII Complex Pyramidal,556.0635991085179
greedy_tree_path,CA3 Granule,8,transition,LEC LIII Complex Pyramidal,EC LIII Pyramidal Stellate,538.1000722266449
greedy_tree_path,CA3 Granule,9,transition,EC LIII Pyramidal Stellate,MEC LIII Complex Pyramidal,647.4324185181202
greedy_tree_path,CA3 Granule,10,transition,MEC LIII Complex Pyramidal,MEC LII Stellate,1193.0847203135872
greedy_tree_path,CA3 Granule,11,transition,MEC LII Stellate,CA2 Pyramidal,6045.530483170607
greedy_tree_path,CA3 Granule,12,transition,CA2 Pyramidal,DG Mossy,4836.413875657298
greedy_tree_path,CA3 Granule,13,transition,DG Mossy,DG Hilar Ectopic Granule,2119.754290320353
greedy_tree_path,CA3 Granule,14,transition,DG Hilar Ectopic Granule,CA3 Pyramidal,0.0133035385226386
greedy_tree_path,CA3 Granule,15,transition,CA3 Pyramidal,CA1 Radiatum Giant,303.66294985857763
greedy_tree_path,CA3 Pyramidal,1,transition,CA3 Pyramidal,CA2 Pyramidal,12467.302061608583
greedy_tree_path,CA3 Pyramidal,2,transition,CA2 Pyramidal,CA1 Pyramidal,5532.563189259333
greedy_tree_path,CA3 Pyramidal,3,transition,CA1 Pyramidal,MEC LV VI Pyramidal Polymorphic,13564.64480225756
greedy_tree_path,CA3 Pyramidal,4,transition,MEC LV VI Pyramidal Polymorphic,EC LIV VI Deep Multipolar Principal,86.77596588341953
greedy_tree_path,CA3 Pyramidal,5,transition,EC LIV VI Deep Multipolar Principal,LEC LVI Multipolar Pyramidal,2246.3636143897743
greedy_tree_path,CA3 Pyramidal,6,transition,LEC LVI Multipolar Pyramidal,LEC LIII Multipolar Principal,304.0317537911717
greedy_tree_path,CA3 Pyramidal,7,transition,LEC LIII Multipolar Principal,LEC LIII Complex Pyramidal,556.0635991085179
greedy_tree_path,CA3 Pyramidal,8,transition,LEC LIII Complex Pyramidal,EC LIII Pyramidal Stellate,538.1000722266449
greedy_tree_path,CA3 Pyramidal,9,transition,EC LIII Pyramidal Stellate,MEC LIII Complex Pyramidal,647.4324185181202
greedy_tree_path,CA3 Pyramidal,10,transition,MEC LIII Complex Pyramidal,MEC LII Stellate,1193.0847203135872
greedy_tree_path,CA3 Pyramidal,11,transition,MEC LII Stellate,CA3 Granule,19640.6765649223
greedy_tree_path,CA3 Pyramidal,12,transition,CA3 Granule,CA3c Pyramidal,2.280811281935155
greedy_tree_path,CA3 Pyramidal,13,transition,CA3c Pyramidal,DG Granule,7159.489110348726
greedy_tree_path,CA3 Pyramidal,14,transition,DG Granule,DG Mossy,44908.709978571016
greedy_tree_path,CA3 Pyramidal,15,transition,DG Mossy,DG Hilar Ectopic Granule,2119.754290320353
greedy_tree_path,CA3c Pyramidal,1,transition,CA3c Pyramidal,CA1 Pyramidal,85609.60976338176
greedy_tree_path,CA3c Pyramidal,2,transition,CA1 Pyramidal,MEC LV VI Pyramidal Polymorphic,13564.64480225756
greedy_tree_path,CA3c Pyramidal,3,transition,MEC LV VI Pyramidal Polymorphic,EC LIV VI Deep Multipolar Principal,86.77596588341953
greedy_tree_path,CA3c Pyramidal,4,transition,EC LIV VI Deep Multipolar Principal,LEC LVI Multipolar Pyramidal,2246.3636143897743
greedy_tree_path,CA3c Pyramidal,5,transition,LEC LVI Multipolar Pyramidal,LEC LIII Multipolar Principal,304.0317537911717
greedy_tree_path,CA3c Pyramidal,6,transition,LEC LIII Multipolar Principal,LEC LIII Complex Pyramidal,556.0635991085179
greedy_tree_path,CA3c Pyramidal,7,transition,LEC LIII Complex Pyramidal,EC LIII Pyramidal Stellate,538.1000722266449
greedy_tree_path,CA3c Pyramidal,8,transition,EC LIII Pyramidal Stellate,MEC LIII Complex Pyramidal,647.4324185181202
greedy_tree_path,CA3c Pyramidal,9,transition,MEC LIII Complex Pyramidal,MEC LII Stellate,1193.0847203135872
greedy_tree_path,CA3c Pyramidal,10,transition,MEC LII Stellate,CA3 Granule,19640.6765649223
greedy_tree_path,CA3c Pyramidal,11,transition,CA3 Granule,CA3 Pyramidal,0.942018883295193
greedy_tree_path,CA3c Pyramidal,12,transition,CA3 Pyramidal,CA2 Pyramidal,12467.302061608583
greedy_tree_path,CA3c Pyramidal,13,transition,CA2 Pyramidal,DG Mossy,4836.413875657298
greedy_tree_path,CA3c Pyramidal,14,transition,DG Mossy,DG Hilar Ectopic Granule,2119.754290320353
greedy_tree_path,DG Granule,1,transition,DG Granule,DG Mossy,44908.709978571016
greedy_tree_path,DG Granule,2,transition,DG Mossy,DG Hilar Ectopic Granule,2119.754290320353
greedy_tree_path,DG Granule,3,transition,DG Hilar Ectopic Granule,CA3c Pyramidal,0.0550567880071112
greedy_tree_path,DG Granule,4,transition,CA3c Pyramidal,CA1 Pyramidal,85609.60976338176
greedy_tree_path,DG Granule,5,transition,CA1 Pyramidal,MEC LV VI Pyramidal Polymorphic,13564.64480225756
greedy_tree_path,DG Granule,6,transition,MEC LV VI Pyramidal Polymorphic,EC LIV VI Deep Multipolar Principal,86.77596588341953
greedy_tree_path,DG Granule,7,transition,EC LIV VI Deep Multipolar Principal,LEC LVI Multipolar Pyramidal,2246.3636143897743
greedy_tree_path,DG Granule,8,transition,LEC LVI Multipolar Pyramidal,LEC LIII Multipolar Principal,304.0317537911717
greedy_tree_path,DG Granule,9,transition,LEC LIII Multipolar Principal,LEC LIII Complex Pyramidal,556.0635991085179
greedy_tree_path,DG Granule,10,transition,LEC LIII Complex Pyramidal,EC LIII Pyramidal Stellate,538.1000722266449
greedy_tree_path,DG Granule,11,transition,EC LIII Pyramidal Stellate,MEC LIII Complex Pyramidal,647.4324185181202
greedy_tree_path,DG Granule,12,transition,MEC LIII Complex Pyramidal,MEC LII Stellate,1193.0847203135872
greedy_tree_path,DG Granule,13,transition,MEC LII Stellate,CA3 Granule,19640.6765649223
greedy_tree_path,DG Granule,14,transition,CA3 Granule,CA3 Pyramidal,0.942018883295193
greedy_tree_path,DG Granule,15,transition,CA3 Pyramidal,CA2 Pyramidal,12467.302061608583
greedy_tree_path,DG Granule,16,transition,CA2 Pyramidal,CA1 Radiatum Giant,263.0645063940111
greedy_tree_path,DG Hilar Ectopic Granule,1,transition,DG Hilar Ectopic Granule,DG Mossy,1.6138578915994803
greedy_tree_path,DG Hilar Ectopic Granule,2,transition,DG Mossy,DG Granule,968.2502990077752
greedy_tree_path,DG Hilar Ectopic Granule,3,transition,DG Granule,CA2 Pyramidal,3360.733225493062
greedy_tree_path,DG Hilar Ectopic Granule,4,transition,CA2 Pyramidal,CA1 Pyramidal,5532.563189259333
greedy_tree_path,DG Hilar Ectopic Granule,5,transition,CA1 Pyramidal,MEC LV VI Pyramidal Polymorphic,13564.64480225756
greedy_tree_path,DG Hilar Ectopic Granule,6,transition,MEC LV VI Pyramidal Polymorphic,EC LIV VI Deep Multipolar Principal,86.77596588341953
greedy_tree_path,DG Hilar Ectopic Granule,7,transition,EC LIV VI Deep Multipolar Principal,LEC LVI Multipolar Pyramidal,2246.3636143897743
greedy_tree_path,DG Hilar Ectopic Granule,8,transition,LEC LVI Multipolar Pyramidal,LEC LIII Multipolar Principal,304.0317537911717
greedy_tree_path,DG Hilar Ectopic Granule,9,transition,LEC LIII Multipolar Principal,LEC LIII Complex Pyramidal,556.0635991085179
greedy_tree_path,DG Hilar Ectopic Granule,10,transition,LEC LIII Complex Pyramidal,EC LIII Pyramidal Stellate,538.1000722266449
greedy_tree_path,DG Hilar Ectopic Granule,11,transition,EC LIII Pyramidal Stellate,MEC LIII Complex Pyramidal,647.4324185181202
greedy_tree_path,DG Hilar Ectopic Granule,12,transition,MEC LIII Complex Pyramidal,MEC LII Stellate,1193.0847203135872
greedy_tree_path,DG Hilar Ectopic Granule,13,transition,MEC LII Stellate,CA3 Granule,19640.6765649223
greedy_tree_path,DG Hilar Ectopic Granule,14,transition,CA3 Granule,CA3c Pyramidal,2.280811281935155
greedy_tree_path,DG Hilar Ectopic Granule,15,transition,CA3c Pyramidal,CA1 Radiatum Giant,4064.510468839344
greedy_tree_path,DG Mossy,1,transition,DG Mossy,DG Hilar Ectopic Granule,2119.754290320353
greedy_tree_path,DG Mossy,2,transition,DG Hilar Ectopic Granule,CA3c Pyramidal,0.0550567880071112
greedy_tree_path,DG Mossy,3,transition,CA3c Pyramidal,CA1 Pyramidal,85609.60976338176
greedy_tree_path,DG Mossy,4,transition,CA1 Pyramidal,MEC LV VI Pyramidal Polymorphic,13564.64480225756
greedy_tree_path,DG Mossy,5,transition,MEC LV VI Pyramidal Polymorphic,EC LIV VI Deep Multipolar Principal,86.77596588341953
greedy_tree_path,DG Mossy,6,transition,EC LIV VI Deep Multipolar Principal,LEC LVI Multipolar Pyramidal,2246.3636143897743
greedy_tree_path,DG Mossy,7,transition,LEC LVI Multipolar Pyramidal,LEC LIII Multipolar Principal,304.0317537911717
greedy_tree_path,DG Mossy,8,transition,LEC LIII Multipolar Principal,LEC LIII Complex Pyramidal,556.0635991085179
greedy_tree_path,DG Mossy,9,transition,LEC LIII Complex Pyramidal,EC LIII Pyramidal Stellate,538.1000722266449
greedy_tree_path,DG Mossy,10,transition,EC LIII Pyramidal Stellate,MEC LIII Complex Pyramidal,647.4324185181202
greedy_tree_path,DG Mossy,11,transition,MEC LIII Complex Pyramidal,MEC LII Stellate,1193.0847203135872
greedy_tree_path,DG Mossy,12,transition,MEC LII Stellate,CA3 Granule,19640.6765649223
greedy_tree_path,DG Mossy,13,transition,CA3 Granule,CA3 Pyramidal,0.942018883295193
greedy_tree_path,DG Mossy,14,transition,CA3 Pyramidal,CA2 Pyramidal,12467.302061608583
greedy_tree_path,DG Mossy,15,transition,CA2 Pyramidal,CA1 Radiatum Giant,263.0645063940111
greedy_tree_path,DG Semilunar Granule,1,transition,DG Semilunar Granule,DG Mossy,5155.105798787127
greedy_tree_path,DG Semilunar Granule,2,transition,DG Mossy,DG Hilar Ectopic Granule,2119.754290320353
greedy_tree_path,DG Semilunar Granule,3,transition,DG Hilar Ectopic Granule,CA3c Pyramidal,0.0550567880071112
greedy_tree_path,DG Semilunar Granule,4,transition,CA3c Pyramidal,CA1 Pyramidal,85609.60976338176
greedy_tree_path,DG Semilunar Granule,5,transition,CA1 Pyramidal,MEC LV VI Pyramidal Polymorphic,13564.64480225756
greedy_tree_path,DG Semilunar Granule,6,transition,MEC LV VI Pyramidal Polymorphic,EC LIV VI Deep Multipolar Principal,86.77596588341953
greedy_tree_path,DG Semilunar Granule,7,transition,EC LIV VI Deep Multipolar Principal,LEC LVI Multipolar Pyramidal,2246.3636143897743
greedy_tree_path,DG Semilunar Granule,8,transition,LEC LVI Multipolar Pyramidal,LEC LIII Multipolar Principal,304.0317537911717
greedy_tree_path,DG Semilunar Granule,9,transition,LEC LIII Multipolar Principal,LEC LIII Complex Pyramidal,556.0635991085179
greedy_tree_path,DG Semilunar Granule,10,transition,LEC LIII Complex Pyramidal,EC LIII Pyramidal Stellate,538.1000722266449
greedy_tree_path,DG Semilunar Granule,11,transition,EC LIII Pyramidal Stellate,MEC LIII Complex Pyramidal,647.4324185181202
greedy_tree_path,DG Semilunar Granule,12,transition,MEC LIII Complex Pyramidal,MEC LII Stellate,1193.0847203135872
greedy_tree_path,DG Semilunar Granule,13,transition,MEC LII Stellate,CA3 Granule,19640.6765649223
greedy_tree_path,DG Semilunar Granule,14,transition,CA3 Granule,CA3 Pyramidal,0.942018883295193
greedy_tree_path,DG Semilunar Granule,15,transition,CA3 Pyramidal,CA2 Pyramidal,12467.302061608583
greedy_tree_path,DG Semilunar Granule,16,transition,CA2 Pyramidal,CA1 Radiatum Giant,263.0645063940111
greedy_tree_path,EC LI II Multipolar Pyramidal,1,transition,EC LI II Multipolar Pyramidal,MEC LIII Bipolar Complex Pyramidal,30698.001365671505
greedy_tree_path,EC LI II Multipolar Pyramidal,2,transition,MEC LIII Bipolar Complex Pyramidal,MEC LIII Complex Pyramidal,861.1914192115519
greedy_tree_path,EC LI II Multipolar Pyramidal,3,transition,MEC LIII Complex Pyramidal,MEC LII Stellate,1193.0847203135872
greedy_tree_path,EC LI II Multipolar Pyramidal,4,transition,MEC LII Stellate,CA3 Granule,19640.6765649223
greedy_tree_path,EC LI II Multipolar Pyramidal,5,transition,CA3 Granule,CA3c Pyramidal,2.280811281935155
greedy_tree_path,EC LI II Multipolar Pyramidal,6,transition,CA3c Pyramidal,CA1 Pyramidal,85609.60976338176
greedy_tree_path,EC LI II Multipolar Pyramidal,7,transition,CA1 Pyramidal,MEC LV VI Pyramidal Polymorphic,13564.64480225756
greedy_tree_path,EC LI II Multipolar Pyramidal,8,transition,MEC LV VI Pyramidal Polymorphic,EC LIV VI Deep Multipolar Principal,86.77596588341953
greedy_tree_path,EC LI II Multipolar Pyramidal,9,transition,EC LIV VI Deep Multipolar Principal,LEC LVI Multipolar Pyramidal,2246.3636143897743
greedy_tree_path,EC LI II Multipolar Pyramidal,10,transition,LEC LVI Multipolar Pyramidal,LEC LIII Multipolar Principal,304.0317537911717
greedy_tree_path,EC LI II Multipolar Pyramidal,11,transition,LEC LIII Multipolar Principal,LEC LIII Complex Pyramidal,556.0635991085179
greedy_tree_path,EC LI II Multipolar Pyramidal,12,transition,LEC LIII Complex Pyramidal,EC LIII Pyramidal Stellate,538.1000722266449
greedy_tree_path,EC LI II Multipolar Pyramidal,13,transition,EC LIII Pyramidal Stellate,SUB CA1 Projecting Pyramidal,389.79456390732304
greedy_tree_path,EC LI II Multipolar Pyramidal,14,transition,SUB CA1 Projecting Pyramidal,CA1 Radiatum Giant,8.28772603741471
greedy_tree_path,EC LI II Pyramidal Fan,1,transition,EC LI II Pyramidal Fan,EC LI II Multipolar Pyramidal,7472.437106847604
greedy_tree_path,EC LI II Pyramidal Fan,2,transition,EC LI II Multipolar Pyramidal,MEC LIII Bipolar Complex Pyramidal,30698.001365671505
greedy_tree_path,EC LI II Pyramidal Fan,3,transition,MEC LIII Bipolar Complex Pyramidal,MEC LIII Complex Pyramidal,861.1914192115519
greedy_tree_path,EC LI II Pyramidal Fan,4,transition,MEC LIII Complex Pyramidal,MEC LII Stellate,1193.0847203135872
greedy_tree_path,EC LI II Pyramidal Fan,5,transition,MEC LII Stellate,CA3 Granule,19640.6765649223
greedy_tree_path,EC LI II Pyramidal Fan,6,transition,CA3 Granule,CA3c Pyramidal,2.280811281935155
greedy_tree_path,EC LI II Pyramidal Fan,7,transition,CA3c Pyramidal,CA1 Pyramidal,85609.60976338176
greedy_tree_path,EC LI II Pyramidal Fan,8,transition,CA1 Pyramidal,MEC LV VI Pyramidal Polymorphic,13564.64480225756
greedy_tree_path,EC LI II Pyramidal Fan,9,transition,MEC LV VI Pyramidal Polymorphic,EC LIV VI Deep Multipolar Principal,86.77596588341953
greedy_tree_path,EC LI II Pyramidal Fan,10,transition,EC LIV VI Deep Multipolar Principal,LEC LVI Multipolar Pyramidal,2246.3636143897743
greedy_tree_path,EC LI II Pyramidal Fan,11,transition,LEC LVI Multipolar Pyramidal,LEC LIII Multipolar Principal,304.0317537911717
greedy_tree_path,EC LI II Pyramidal Fan,12,transition,LEC LIII Multipolar Principal,LEC LIII Complex Pyramidal,556.0635991085179
greedy_tree_path,EC LI II Pyramidal Fan,13,transition,LEC LIII Complex Pyramidal,EC LIII Pyramidal Stellate,538.1000722266449
greedy_tree_path,EC LI II Pyramidal Fan,14,transition,EC LIII Pyramidal Stellate,SUB CA1 Projecting Pyramidal,389.79456390732304
greedy_tree_path,EC LI II Pyramidal Fan,15,transition,SUB CA1 Projecting Pyramidal,CA1 Radiatum Giant,8.28772603741471
greedy_tree_path,EC LII III Pyramidal Tripolar,1,transition,EC LII III Pyramidal Tripolar,EC LI II Multipolar Pyramidal,4216.395703649579
greedy_tree_path,EC LII III Pyramidal Tripolar,2,transition,EC LI II Multipolar Pyramidal,MEC LIII Bipolar Complex Pyramidal,30698.001365671505
greedy_tree_path,EC LII III Pyramidal Tripolar,3,transition,MEC LIII Bipolar Complex Pyramidal,MEC LIII Complex Pyramidal,861.1914192115519
greedy_tree_path,EC LII III Pyramidal Tripolar,4,transition,MEC LIII Complex Pyramidal,MEC LII Stellate,1193.0847203135872
greedy_tree_path,EC LII III Pyramidal Tripolar,5,transition,MEC LII Stellate,CA3 Granule,19640.6765649223
greedy_tree_path,EC LII III Pyramidal Tripolar,6,transition,CA3 Granule,CA3c Pyramidal,2.280811281935155
greedy_tree_path,EC LII III Pyramidal Tripolar,7,transition,CA3c Pyramidal,CA1 Pyramidal,85609.60976338176
greedy_tree_path,EC LII III Pyramidal Tripolar,8,transition,CA1 Pyramidal,MEC LV VI Pyramidal Polymorphic,13564.64480225756
greedy_tree_path,EC LII III Pyramidal Tripolar,9,transition,MEC LV VI Pyramidal Polymorphic,EC LIV VI Deep Multipolar Principal,86.77596588341953
greedy_tree_path,EC LII III Pyramidal Tripolar,10,transition,EC LIV VI Deep Multipolar Principal,LEC LVI Multipolar Pyramidal,2246.3636143897743
greedy_tree_path,EC LII III Pyramidal Tripolar,11,transition,LEC LVI Multipolar Pyramidal,LEC LIII Multipolar Principal,304.0317537911717
greedy_tree_path,EC LII III Pyramidal Tripolar,12,transition,LEC LIII Multipolar Principal,LEC LIII Complex Pyramidal,556.0635991085179
greedy_tree_path,EC LII III Pyramidal Tripolar,13,transition,LEC LIII Complex Pyramidal,EC LIII Pyramidal Stellate,538.1000722266449
greedy_tree_path,EC LII III Pyramidal Tripolar,14,transition,EC LIII Pyramidal Stellate,SUB CA1 Projecting Pyramidal,389.79456390732304
greedy_tree_path,EC LII III Pyramidal Tripolar,15,transition,SUB CA1 Projecting Pyramidal,CA1 Radiatum Giant,8.28772603741471
greedy_tree_path,EC LIII Pyramidal,1,transition,EC LIII Pyramidal,CA1 Pyramidal,399.8181948870682
greedy_tree_path,EC LIII Pyramidal,2,transition,CA1 Pyramidal,MEC LV VI Pyramidal Polymorphic,13564.64480225756
greedy_tree_path,EC LIII Pyramidal,3,transition,MEC LV VI Pyramidal Polymorphic,EC LIV VI Deep Multipolar Principal,86.77596588341953
greedy_tree_path,EC LIII Pyramidal,4,transition,EC LIV VI Deep Multipolar Principal,LEC LVI Multipolar Pyramidal,2246.3636143897743
greedy_tree_path,EC LIII Pyramidal,5,transition,LEC LVI Multipolar Pyramidal,LEC LIII Multipolar Principal,304.0317537911717
greedy_tree_path,EC LIII Pyramidal,6,transition,LEC LIII Multipolar Principal,LEC LIII Complex Pyramidal,556.0635991085179
greedy_tree_path,EC LIII Pyramidal,7,transition,LEC LIII Complex Pyramidal,EC LIII Pyramidal Stellate,538.1000722266449
greedy_tree_path,EC LIII Pyramidal,8,transition,EC LIII Pyramidal Stellate,MEC LIII Complex Pyramidal,647.4324185181202
greedy_tree_path,EC LIII Pyramidal,9,transition,MEC LIII Complex Pyramidal,MEC LII Stellate,1193.0847203135872
greedy_tree_path,EC LIII Pyramidal,10,transition,MEC LII Stellate,CA3 Granule,19640.6765649223
greedy_tree_path,EC LIII Pyramidal,11,transition,CA3 Granule,CA3c Pyramidal,2.280811281935155
greedy_tree_path,EC LIII Pyramidal,12,transition,CA3c Pyramidal,CA2 Pyramidal,24424.53581944845
greedy_tree_path,EC LIII Pyramidal,13,transition,CA2 Pyramidal,DG Mossy,4836.413875657298
greedy_tree_path,EC LIII Pyramidal,14,transition,DG Mossy,DG Hilar Ectopic Granule,2119.754290320353
greedy_tree_path,EC LIII Pyramidal,15,transition,DG Hilar Ectopic Granule,CA3 Pyramidal,0.0133035385226386
greedy_tree_path,EC LIII Pyramidal,16,transition,CA3 Pyramidal,CA1 Radiatum Giant,303.66294985857763
greedy_tree_path,EC LIII Pyramidal Stellate,1,transition,EC LIII Pyramidal Stellate,CA1 Pyramidal,5351.494110639728
greedy_tree_path,EC LIII Pyramidal Stellate,2,transition,CA1 Pyramidal,MEC LV VI Pyramidal Polymorphic,13564.64480225756
greedy_tree_path,EC LIII Pyramidal Stellate,3,transition,MEC LV VI Pyramidal Polymorphic,EC LIV VI Deep Multipolar Principal,86.77596588341953
greedy_tree_path,EC LIII Pyramidal Stellate,4,transition,EC LIV VI Deep Multipolar Principal,LEC LVI Multipolar Pyramidal,2246.3636143897743
greedy_tree_path,EC LIII Pyramidal Stellate,5,transition,LEC LVI Multipolar Pyramidal,LEC LIII Multipolar Principal,304.0317537911717
greedy_tree_path,EC LIII Pyramidal Stellate,6,transition,LEC LIII Multipolar Principal,LEC LIII Complex Pyramidal,556.0635991085179
greedy_tree_path,EC LIII Pyramidal Stellate,7,transition,LEC LIII Complex Pyramidal,EC LIII Stellate,422.07977447495017
greedy_tree_path,EC LIII Pyramidal Stellate,8,transition,EC LIII Stellate,MEC LIII Complex Pyramidal,165.81222907217855
greedy_tree_path,EC LIII Pyramidal Stellate,9,transition,MEC LIII Complex Pyramidal,MEC LII Stellate,1193.0847203135872
greedy_tree_path,EC LIII Pyramidal Stellate,10,transition,MEC LII Stellate,CA3 Granule,19640.6765649223
greedy_tree_path,EC LIII Pyramidal Stellate,11,transition,CA3 Granule,CA3c Pyramidal,2.280811281935155
greedy_tree_path,EC LIII Pyramidal Stellate,12,transition,CA3c Pyramidal,CA2 Pyramidal,24424.53581944845
greedy_tree_path,EC LIII Pyramidal Stellate,13,transition,CA2 Pyramidal,DG Mossy,4836.413875657298
greedy_tree_path,EC LIII Pyramidal Stellate,14,transition,DG Mossy,DG Hilar Ectopic Granule,2119.754290320353
greedy_tree_path,EC LIII Pyramidal Stellate,15,transition,DG Hilar Ectopic Granule,CA3 Pyramidal,0.0133035385226386
greedy_tree_path,EC LIII Pyramidal Stellate,16,transition,CA3 Pyramidal,CA1 Radiatum Giant,303.66294985857763
greedy_tree_path,EC LIII Stellate,1,transition,EC LIII Stellate,MEC LIII Complex Pyramidal,165.81222907217855
greedy_tree_path,EC LIII Stellate,2,transition,MEC LIII Complex Pyramidal,MEC LII Stellate,1193.0847203135872
greedy_tree_path,EC LIII Stellate,3,transition,MEC LII Stellate,CA3 Granule,19640.6765649223
greedy_tree_path,EC LIII Stellate,4,transition,CA3 Granule,CA3c Pyramidal,2.280811281935155
greedy_tree_path,EC LIII Stellate,5,transition,CA3c Pyramidal,CA1 Pyramidal,85609.60976338176
greedy_tree_path,EC LIII Stellate,6,transition,CA1 Pyramidal,MEC LV VI Pyramidal Polymorphic,13564.64480225756
greedy_tree_path,EC LIII Stellate,7,transition,MEC LV VI Pyramidal Polymorphic,EC LIV VI Deep Multipolar Principal,86.77596588341953
greedy_tree_path,EC LIII Stellate,8,transition,EC LIV VI Deep Multipolar Principal,LEC LVI Multipolar Pyramidal,2246.3636143897743
greedy_tree_path,EC LIII Stellate,9,transition,LEC LVI Multipolar Pyramidal,LEC LIII Multipolar Principal,304.0317537911717
greedy_tree_path,EC LIII Stellate,10,transition,LEC LIII Multipolar Principal,LEC LIII Complex Pyramidal,556.0635991085179
greedy_tree_path,EC LIII Stellate,11,transition,LEC LIII Complex Pyramidal,EC LIII Pyramidal Stellate,538.1000722266449
greedy_tree_path,EC LIII Stellate,12,transition,EC LIII Pyramidal Stellate,MEC LIII Bipolar Complex Pyramidal,418.9168875087689
greedy_tree_path,EC LIII Stellate,13,transition,MEC LIII Bipolar Complex Pyramidal,MEC LII III Pyramidal Multiform,156.10322882603091
greedy_tree_path,EC LIII Stellate,14,transition,MEC LII III Pyramidal Multiform,MEC LV Multipolar Pyramidal,750.744376370936
greedy_tree_path,EC LIII Stellate,15,transition,MEC LV Multipolar Pyramidal,MEC LV Superficial Pyramidal,138.44761428854213
greedy_tree_path,EC LIII Stellate,16,transition,MEC LV Superficial Pyramidal,MEC LV Pyramidal,138.477786593687
greedy_tree_path,EC LIII Stellate,17,transition,MEC LV Pyramidal,DG Granule,9568.736896643586
greedy_tree_path,EC LIII Stellate,18,transition,DG Granule,DG Mossy,44908.709978571016
greedy_tree_path,EC LIII Stellate,19,transition,DG Mossy,DG Hilar Ectopic Granule,2119.754290320353
greedy_tree_path,EC LIII Stellate,20,transition,DG Hilar Ectopic Granule,CA3 Pyramidal,0.0133035385226386
greedy_tree_path,EC LIII Stellate,21,transition,CA3 Pyramidal,CA2 Pyramidal,12467.302061608583
greedy_tree_path,EC LIII Stellate,22,transition,CA2 Pyramidal,CA1 Radiatum Giant,263.0645063940111
greedy_tree_path,EC LIII V Bipolar Pyramidal,1,transition,EC LIII V Bipolar Pyramidal,LEC LIII Multipolar Principal,1092.637693563088
greedy_tree_path,EC LIII V Bipolar Pyramidal,2,transition,LEC LIII Multipolar Principal,LEC LIII Complex Pyramidal,556.0635991085179
greedy_tree_path,EC LIII V Bipolar Pyramidal,3,transition,LEC LIII Complex Pyramidal,EC LIII Pyramidal Stellate,538.1000722266449
greedy_tree_path,EC LIII V Bipolar Pyramidal,4,transition,EC LIII Pyramidal Stellate,CA1 Pyramidal,5351.494110639728
greedy_tree_path,EC LIII V Bipolar Pyramidal,5,transition,CA1 Pyramidal,MEC LV VI Pyramidal Polymorphic,13564.64480225756
greedy_tree_path,EC LIII V Bipolar Pyramidal,6,transition,MEC LV VI Pyramidal Polymorphic,EC LIV VI Deep Multipolar Principal,86.77596588341953
greedy_tree_path,EC LIII V Bipolar Pyramidal,7,transition,EC LIV VI Deep Multipolar Principal,LEC LVI Multipolar Pyramidal,2246.3636143897743
greedy_tree_path,EC LIII V Bipolar Pyramidal,8,transition,LEC LVI Multipolar Pyramidal,EC LV Deep Pyramidal,111.3648716437705
greedy_tree_path,EC LIII V Bipolar Pyramidal,9,transition,EC LV Deep Pyramidal,MEC LV Pyramidal,172.39609835538727
greedy_tree_path,EC LIII V Bipolar Pyramidal,10,transition,MEC LV Pyramidal,DG Granule,9568.736896643586
greedy_tree_path,EC LIII V Bipolar Pyramidal,11,transition,DG Granule,DG Mossy,44908.709978571016
greedy_tree_path,EC LIII V Bipolar Pyramidal,12,transition,DG Mossy,DG Hilar Ectopic Granule,2119.754290320353
greedy_tree_path,EC LIII V Bipolar Pyramidal,13,transition,DG Hilar Ectopic Granule,CA3c Pyramidal,0.0550567880071112
greedy_tree_path,EC LIII V Bipolar Pyramidal,14,transition,CA3c Pyramidal,CA2 Pyramidal,24424.53581944845
greedy_tree_path,EC LIII V Bipolar Pyramidal,15,transition,CA2 Pyramidal,CA3 Pyramidal,1188.4585744965177
greedy_tree_path,EC LIII V Bipolar Pyramidal,16,transition,CA3 Pyramidal,CA3 Granule,3063.7033025481774
greedy_tree_path,EC LIV VI Deep Multipolar Principal,1,transition,EC LIV VI Deep Multipolar Principal,MEC LV VI Pyramidal Polymorphic,2582.023382309931
greedy_tree_path,EC LIV VI Deep Multipolar Principal,2,transition,MEC LV VI Pyramidal Polymorphic,EC LV Deep Pyramidal,78.22850736136446
greedy_tree_path,EC LIV VI Deep Multipolar Principal,3,transition,EC LV Deep Pyramidal,LEC LVI Multipolar Pyramidal,608.8907703194651
greedy_tree_path,EC LIV VI Deep Multipolar Principal,4,transition,LEC LVI Multipolar Pyramidal,LEC LIII Multipolar Principal,304.0317537911717
greedy_tree_path,EC LIV VI Deep Multipolar Principal,5,transition,LEC LIII Multipolar Principal,LEC LIII Complex Pyramidal,556.0635991085179
greedy_tree_path,EC LIV VI Deep Multipolar Principal,6,transition,LEC LIII Complex Pyramidal,EC LIII Pyramidal Stellate,538.1000722266449
greedy_tree_path,EC LIV VI Deep Multipolar Principal,7,transition,EC LIII Pyramidal Stellate,CA1 Pyramidal,5351.494110639728
greedy_tree_path,EC LIV VI Deep Multipolar Principal,8,transition,CA1 Pyramidal,EC LIII V Bipolar Pyramidal,5659.759259805604
greedy_tree_path,EC LIV VI Deep Multipolar Principal,9,transition,EC LIII V Bipolar Pyramidal,MEC LIII Complex Pyramidal,1055.6037252397975
greedy_tree_path,EC LIV VI Deep Multipolar Principal,10,transition,MEC LIII Complex Pyramidal,MEC LII Stellate,1193.0847203135872
greedy_tree_path,EC LIV VI Deep Multipolar Principal,11,transition,MEC LII Stellate,CA3 Granule,19640.6765649223
greedy_tree_path,EC LIV VI Deep Multipolar Principal,12,transition,CA3 Granule,CA3c Pyramidal,2.280811281935155
greedy_tree_path,EC LIV VI Deep Multipolar Principal,13,transition,CA3c Pyramidal,CA2 Pyramidal,24424.53581944845
greedy_tree_path,EC LIV VI Deep Multipolar Principal,14,transition,CA2 Pyramidal,DG Mossy,4836.413875657298
greedy_tree_path,EC LIV VI Deep Multipolar Principal,15,transition,DG Mossy,DG Hilar Ectopic Granule,2119.754290320353
greedy_tree_path,EC LIV VI Deep Multipolar Principal,16,transition,DG Hilar Ectopic Granule,CA3 Pyramidal,0.0133035385226386
greedy_tree_path,EC LIV VI Deep Multipolar Principal,17,transition,CA3 Pyramidal,CA1 Radiatum Giant,303.66294985857763
greedy_tree_path,EC LV Deep Pyramidal,1,transition,EC LV Deep Pyramidal,MEC LV VI Pyramidal Polymorphic,633.5577406795122
greedy_tree_path,EC LV Deep Pyramidal,2,transition,MEC LV VI Pyramidal Polymorphic,EC LIV VI Deep Multipolar Principal,86.77596588341953
greedy_tree_path,EC LV Deep Pyramidal,3,transition,EC LIV VI Deep Multipolar Principal,LEC LVI Multipolar Pyramidal,2246.3636143897743
greedy_tree_path,EC LV Deep Pyramidal,4,transition,LEC LVI Multipolar Pyramidal,LEC LIII Multipolar Principal,304.0317537911717
greedy_tree_path,EC LV Deep Pyramidal,5,transition,LEC LIII Multipolar Principal,LEC LIII Complex Pyramidal,556.0635991085179
greedy_tree_path,EC LV Deep Pyramidal,6,transition,LEC LIII Complex Pyramidal,EC LIII Pyramidal Stellate,538.1000722266449
greedy_tree_path,EC LV Deep Pyramidal,7,transition,EC LIII Pyramidal Stellate,CA1 Pyramidal,5351.494110639728
greedy_tree_path,EC LV Deep Pyramidal,8,transition,CA1 Pyramidal,EC LIII V Bipolar Pyramidal,5659.759259805604
greedy_tree_path,EC LV Deep Pyramidal,9,transition,EC LIII V Bipolar Pyramidal,MEC LIII Complex Pyramidal,1055.6037252397975
greedy_tree_path,EC LV Deep Pyramidal,10,transition,MEC LIII Complex Pyramidal,MEC LII Stellate,1193.0847203135872
greedy_tree_path,EC LV Deep Pyramidal,11,transition,MEC LII Stellate,CA3 Granule,19640.6765649223
greedy_tree_path,EC LV Deep Pyramidal,12,transition,CA3 Granule,CA3c Pyramidal,2.280811281935155
greedy_tree_path,EC LV Deep Pyramidal,13,transition,CA3c Pyramidal,CA2 Pyramidal,24424.53581944845
greedy_tree_path,EC LV Deep Pyramidal,14,transition,CA2 Pyramidal,DG Mossy,4836.413875657298
greedy_tree_path,EC LV Deep Pyramidal,15,transition,DG Mossy,DG Hilar Ectopic Granule,2119.754290320353
greedy_tree_path,EC LV Deep Pyramidal,16,transition,DG Hilar Ectopic Granule,CA3 Pyramidal,0.0133035385226386
greedy_tree_path,EC LV Deep Pyramidal,17,transition,CA3 Pyramidal,CA1 Radiatum Giant,303.66294985857763
greedy_tree_path,LEC LIII Complex Pyramidal,1,transition,LEC LIII Complex Pyramidal,LEC LIII Multipolar Principal,814.9191961799069
greedy_tree_path,LEC LIII Complex Pyramidal,2,transition,LEC LIII Multipolar Principal,EC LI II Multipolar Pyramidal,539.4518276519966
greedy_tree_path,LEC LIII Complex Pyramidal,3,transition,EC LI II Multipolar Pyramidal,MEC LIII Bipolar Complex Pyramidal,30698.001365671505
greedy_tree_path,LEC LIII Complex Pyramidal,4,transition,MEC LIII Bipolar Complex Pyramidal,MEC LIII Complex Pyramidal,861.1914192115519
greedy_tree_path,LEC LIII Complex Pyramidal,5,transition,MEC LIII Complex Pyramidal,MEC LII Stellate,1193.0847203135872
greedy_tree_path,LEC LIII Complex Pyramidal,6,transition,MEC LII Stellate,CA3 Granule,19640.6765649223
greedy_tree_path,LEC LIII Complex Pyramidal,7,transition,CA3 Granule,CA3c Pyramidal,2.280811281935155
greedy_tree_path,LEC LIII Complex Pyramidal,8,transition,CA3c Pyramidal,CA1 Pyramidal,85609.60976338176
greedy_tree_path,LEC LIII Complex Pyramidal,9,transition,CA1 Pyramidal,MEC LV VI Pyramidal Polymorphic,13564.64480225756
greedy_tree_path,LEC LIII Complex Pyramidal,10,transition,MEC LV VI Pyramidal Polymorphic,EC LIV VI Deep Multipolar Principal,86.77596588341953
greedy_tree_path,LEC LIII Complex Pyramidal,11,transition,EC LIV VI Deep Multipolar Principal,LEC LVI Multipolar Pyramidal,2246.3636143897743
greedy_tree_path,LEC LIII Complex Pyramidal,12,transition,LEC LVI Multipolar Pyramidal,EC LIII Pyramidal Stellate,138.9942025493572
greedy_tree_path,LEC LIII Complex Pyramidal,13,transition,EC LIII Pyramidal Stellate,SUB CA1 Projecting Pyramidal,389.79456390732304
greedy_tree_path,LEC LIII Complex Pyramidal,14,transition,SUB CA1 Projecting Pyramidal,CA1 Radiatum Giant,8.28772603741471
greedy_tree_path,LEC LIII Multipolar Principal,1,transition,LEC LIII Multipolar Principal,LEC LIII Complex Pyramidal,556.0635991085179
greedy_tree_path,LEC LIII Multipolar Principal,2,transition,LEC LIII Complex Pyramidal,EC LIII Pyramidal Stellate,538.1000722266449
greedy_tree_path,LEC LIII Multipolar Principal,3,transition,EC LIII Pyramidal Stellate,CA1 Pyramidal,5351.494110639728
greedy_tree_path,LEC LIII Multipolar Principal,4,transition,CA1 Pyramidal,MEC LV VI Pyramidal Polymorphic,13564.64480225756
greedy_tree_path,LEC LIII Multipolar Principal,5,transition,MEC LV VI Pyramidal Polymorphic,EC LIV VI Deep Multipolar Principal,86.77596588341953
greedy_tree_path,LEC LIII Multipolar Principal,6,transition,EC LIV VI Deep Multipolar Principal,LEC LVI Multipolar Pyramidal,2246.3636143897743
greedy_tree_path,LEC LIII Multipolar Principal,7,transition,LEC LVI Multipolar Pyramidal,EC LV Deep Pyramidal,111.3648716437705
greedy_tree_path,LEC LIII Multipolar Principal,8,transition,EC LV Deep Pyramidal,EC LIII V Bipolar Pyramidal,180.4005489546849
greedy_tree_path,LEC LIII Multipolar Principal,9,transition,EC LIII V Bipolar Pyramidal,MEC LIII Complex Pyramidal,1055.6037252397975
greedy_tree_path,LEC LIII Multipolar Principal,10,transition,MEC LIII Complex Pyramidal,MEC LII Stellate,1193.0847203135872
greedy_tree_path,LEC LIII Multipolar Principal,11,transition,MEC LII Stellate,CA3 Granule,19640.6765649223
greedy_tree_path,LEC LIII Multipolar Principal,12,transition,CA3 Granule,CA3c Pyramidal,2.280811281935155
greedy_tree_path,LEC LIII Multipolar Principal,13,transition,CA3c Pyramidal,CA2 Pyramidal,24424.53581944845
greedy_tree_path,LEC LIII Multipolar Principal,14,transition,CA2 Pyramidal,DG Mossy,4836.413875657298
greedy_tree_path,LEC LIII Multipolar Principal,15,transition,DG Mossy,DG Hilar Ectopic Granule,2119.754290320353
greedy_tree_path,LEC LIII Multipolar Principal,16,transition,DG Hilar Ectopic Granule,CA3 Pyramidal,0.0133035385226386
greedy_tree_path,LEC LIII Multipolar Principal,17,transition,CA3 Pyramidal,CA1 Radiatum Giant,303.66294985857763
greedy_tree_path,LEC LVI Multipolar Pyramidal,1,transition,LEC LVI Multipolar Pyramidal,LEC LIII Multipolar Principal,304.0317537911717
greedy_tree_path,LEC LVI Multipolar Pyramidal,2,transition,LEC LIII Multipolar Principal,LEC LIII Complex Pyramidal,556.0635991085179
greedy_tree_path,LEC LVI Multipolar Pyramidal,3,transition,LEC LIII Complex Pyramidal,EC LIII Pyramidal Stellate,538.1000722266449
greedy_tree_path,LEC LVI Multipolar Pyramidal,4,transition,EC LIII Pyramidal Stellate,CA1 Pyramidal,5351.494110639728
greedy_tree_path,LEC LVI Multipolar Pyramidal,5,transition,CA1 Pyramidal,MEC LV VI Pyramidal Polymorphic,13564.64480225756
greedy_tree_path,LEC LVI Multipolar Pyramidal,6,transition,MEC LV VI Pyramidal Polymorphic,EC LIV VI Deep Multipolar Principal,86.77596588341953
greedy_tree_path,LEC LVI Multipolar Pyramidal,7,transition,EC LIV VI Deep Multipolar Principal,MEC LIII Complex Pyramidal,1427.516326568439
greedy_tree_path,LEC LVI Multipolar Pyramidal,8,transition,MEC LIII Complex Pyramidal,MEC LII Stellate,1193.0847203135872
greedy_tree_path,LEC LVI Multipolar Pyramidal,9,transition,MEC LII Stellate,CA3 Granule,19640.6765649223
greedy_tree_path,LEC LVI Multipolar Pyramidal,10,transition,CA3 Granule,CA3c Pyramidal,2.280811281935155
greedy_tree_path,LEC LVI Multipolar Pyramidal,11,transition,CA3c Pyramidal,CA2 Pyramidal,24424.53581944845
greedy_tree_path,LEC LVI Multipolar Pyramidal,12,transition,CA2 Pyramidal,DG Mossy,4836.413875657298
greedy_tree_path,LEC LVI Multipolar Pyramidal,13,transition,DG Mossy,DG Hilar Ectopic Granule,2119.754290320353
greedy_tree_path,LEC LVI Multipolar Pyramidal,14,transition,DG Hilar Ectopic Granule,CA3 Pyramidal,0.0133035385226386
greedy_tree_path,LEC LVI Multipolar Pyramidal,15,transition,CA3 Pyramidal,CA1 Radiatum Giant,303.66294985857763
greedy_tree_path,MEC LII III Pyramidal Multiform,1,transition,MEC LII III Pyramidal Multiform,MEC LV VI Pyramidal Polymorphic,1304.0113874450217
greedy_tree_path,MEC LII III Pyramidal Multiform,2,transition,MEC LV VI Pyramidal Polymorphic,EC LIV VI Deep Multipolar Principal,86.77596588341953
greedy_tree_path,MEC LII III Pyramidal Multiform,3,transition,EC LIV VI Deep Multipolar Principal,LEC LVI Multipolar Pyramidal,2246.3636143897743
greedy_tree_path,MEC LII III Pyramidal Multiform,4,transition,LEC LVI Multipolar Pyramidal,LEC LIII Multipolar Principal,304.0317537911717
greedy_tree_path,MEC LII III Pyramidal Multiform,5,transition,LEC LIII Multipolar Principal,LEC LIII Complex Pyramidal,556.0635991085179
greedy_tree_path,MEC LII III Pyramidal Multiform,6,transition,LEC LIII Complex Pyramidal,EC LIII Pyramidal Stellate,538.1000722266449
greedy_tree_path,MEC LII III Pyramidal Multiform,7,transition,EC LIII Pyramidal Stellate,CA1 Pyramidal,5351.494110639728
greedy_tree_path,MEC LII III Pyramidal Multiform,8,transition,CA1 Pyramidal,EC LV Deep Pyramidal,6927.87660371489
greedy_tree_path,MEC LII III Pyramidal Multiform,9,transition,EC LV Deep Pyramidal,EC LIII V Bipolar Pyramidal,180.4005489546849
greedy_tree_path,MEC LII III Pyramidal Multiform,10,transition,EC LIII V Bipolar Pyramidal,MEC LIII Complex Pyramidal,1055.6037252397975
greedy_tree_path,MEC LII III Pyramidal Multiform,11,transition,MEC LIII Complex Pyramidal,MEC LII Stellate,1193.0847203135872
greedy_tree_path,MEC LII III Pyramidal Multiform,12,transition,MEC LII Stellate,CA3 Granule,19640.6765649223
greedy_tree_path,MEC LII III Pyramidal Multiform,13,transition,CA3 Granule,CA3c Pyramidal,2.280811281935155
greedy_tree_path,MEC LII III Pyramidal Multiform,14,transition,CA3c Pyramidal,CA2 Pyramidal,24424.53581944845
greedy_tree_path,MEC LII III Pyramidal Multiform,15,transition,CA2 Pyramidal,DG Mossy,4836.413875657298
greedy_tree_path,MEC LII III Pyramidal Multiform,16,transition,DG Mossy,DG Hilar Ectopic Granule,2119.754290320353
greedy_tree_path,MEC LII III Pyramidal Multiform,17,transition,DG Hilar Ectopic Granule,CA3 Pyramidal,0.0133035385226386
greedy_tree_path,MEC LII III Pyramidal Multiform,18,transition,CA3 Pyramidal,CA1 Radiatum Giant,303.66294985857763
greedy_tree_path,MEC LII Oblique Pyramidal,1,transition,MEC LII Oblique Pyramidal,MEC LIII Complex Pyramidal,455.4398944649327
greedy_tree_path,MEC LII Oblique Pyramidal,2,transition,MEC LIII Complex Pyramidal,MEC LII Stellate,1193.0847203135872
greedy_tree_path,MEC LII Oblique Pyramidal,3,transition,MEC LII Stellate,CA3 Granule,19640.6765649223
greedy_tree_path,MEC LII Oblique Pyramidal,4,transition,CA3 Granule,CA3c Pyramidal,2.280811281935155
greedy_tree_path,MEC LII Oblique Pyramidal,5,transition,CA3c Pyramidal,CA1 Pyramidal,85609.60976338176
greedy_tree_path,MEC LII Oblique Pyramidal,6,transition,CA1 Pyramidal,MEC LV VI Pyramidal Polymorphic,13564.64480225756
greedy_tree_path,MEC LII Oblique Pyramidal,7,transition,MEC LV VI Pyramidal Polymorphic,EC LIV VI Deep Multipolar Principal,86.77596588341953
greedy_tree_path,MEC LII Oblique Pyramidal,8,transition,EC LIV VI Deep Multipolar Principal,LEC LVI Multipolar Pyramidal,2246.3636143897743
greedy_tree_path,MEC LII Oblique Pyramidal,9,transition,LEC LVI Multipolar Pyramidal,LEC LIII Multipolar Principal,304.0317537911717
greedy_tree_path,MEC LII Oblique Pyramidal,10,transition,LEC LIII Multipolar Principal,LEC LIII Complex Pyramidal,556.0635991085179
greedy_tree_path,MEC LII Oblique Pyramidal,11,transition,LEC LIII Complex Pyramidal,EC LIII Pyramidal Stellate,538.1000722266449
greedy_tree_path,MEC LII Oblique Pyramidal,12,transition,EC LIII Pyramidal Stellate,MEC LIII Bipolar Complex Pyramidal,418.9168875087689
greedy_tree_path,MEC LII Oblique Pyramidal,13,transition,MEC LIII Bipolar Complex Pyramidal,MEC LII III Pyramidal Multiform,156.10322882603091
greedy_tree_path,MEC LII Oblique Pyramidal,14,transition,MEC LII III Pyramidal Multiform,MEC LV Multipolar Pyramidal,750.744376370936
greedy_tree_path,MEC LII Oblique Pyramidal,15,transition,MEC LV Multipolar Pyramidal,MEC LV Superficial Pyramidal,138.44761428854213
greedy_tree_path,MEC LII Oblique Pyramidal,16,transition,MEC LV Superficial Pyramidal,MEC LV Pyramidal,138.477786593687
greedy_tree_path,MEC LII Oblique Pyramidal,17,transition,MEC LV Pyramidal,DG Granule,9568.736896643586
greedy_tree_path,MEC LII Oblique Pyramidal,18,transition,DG Granule,DG Mossy,44908.709978571016
greedy_tree_path,MEC LII Oblique Pyramidal,19,transition,DG Mossy,DG Hilar Ectopic Granule,2119.754290320353
greedy_tree_path,MEC LII Oblique Pyramidal,20,transition,DG Hilar Ectopic Granule,CA3 Pyramidal,0.0133035385226386
greedy_tree_path,MEC LII Oblique Pyramidal,21,transition,CA3 Pyramidal,CA2 Pyramidal,12467.302061608583
greedy_tree_path,MEC LII Oblique Pyramidal,22,transition,CA2 Pyramidal,CA1 Radiatum Giant,263.0645063940111
greedy_tree_path,MEC LII Stellate,1,transition,MEC LII Stellate,CA3 Granule,19640.6765649223
greedy_tree_path,MEC LII Stellate,2,transition,CA3 Granule,CA3c Pyramidal,2.280811281935155
greedy_tree_path,MEC LII Stellate,3,transition,CA3c Pyramidal,CA1 Pyramidal,85609.60976338176
greedy_tree_path,MEC LII Stellate,4,transition,CA1 Pyramidal,MEC LV VI Pyramidal Polymorphic,13564.64480225756
greedy_tree_path,MEC LII Stellate,5,transition,MEC LV VI Pyramidal Polymorphic,EC LIV VI Deep Multipolar Principal,86.77596588341953
greedy_tree_path,MEC LII Stellate,6,transition,EC LIV VI Deep Multipolar Principal,LEC LVI Multipolar Pyramidal,2246.3636143897743
greedy_tree_path,MEC LII Stellate,7,transition,LEC LVI Multipolar Pyramidal,LEC LIII Multipolar Principal,304.0317537911717
greedy_tree_path,MEC LII Stellate,8,transition,LEC LIII Multipolar Principal,LEC LIII Complex Pyramidal,556.0635991085179
greedy_tree_path,MEC LII Stellate,9,transition,LEC LIII Complex Pyramidal,EC LIII Pyramidal Stellate,538.1000722266449
greedy_tree_path,MEC LII Stellate,10,transition,EC LIII Pyramidal Stellate,MEC LIII Complex Pyramidal,647.4324185181202
greedy_tree_path,MEC LII Stellate,11,transition,MEC LIII Complex Pyramidal,MEC LII Oblique Pyramidal,569.2148212010752
greedy_tree_path,MEC LII Stellate,12,transition,MEC LII Oblique Pyramidal,MEC LV Superficial Pyramidal,73.63513359542591
greedy_tree_path,MEC LII Stellate,13,transition,MEC LV Superficial Pyramidal,MEC LV Multipolar Pyramidal,218.5111462490885
greedy_tree_path,MEC LII Stellate,14,transition,MEC LV Multipolar Pyramidal,MEC LIII Bipolar Complex Pyramidal,149.07265177363325
greedy_tree_path,MEC LII Stellate,15,transition,MEC LIII Bipolar Complex Pyramidal,MEC LII III Pyramidal Multiform,156.10322882603091
greedy_tree_path,MEC LII Stellate,16,transition,MEC LII III Pyramidal Multiform,MEC LV Pyramidal,548.8069668104904
greedy_tree_path,MEC LII Stellate,17,transition,MEC LV Pyramidal,DG Granule,9568.736896643586
greedy_tree_path,MEC LII Stellate,18,transition,DG Granule,DG Mossy,44908.709978571016
greedy_tree_path,MEC LII Stellate,19,transition,DG Mossy,DG Hilar Ectopic Granule,2119.754290320353
greedy_tree_path,MEC LII Stellate,20,transition,DG Hilar Ectopic Granule,CA3 Pyramidal,0.0133035385226386
greedy_tree_path,MEC LII Stellate,21,transition,CA3 Pyramidal,CA2 Pyramidal,12467.302061608583
greedy_tree_path,MEC LII Stellate,22,transition,CA2 Pyramidal,CA1 Radiatum Giant,263.0645063940111
greedy_tree_path,MEC LIII Bipolar Complex Pyramidal,1,transition,MEC LIII Bipolar Complex Pyramidal,MEC LIII Complex Pyramidal,861.1914192115519
greedy_tree_path,MEC LIII Bipolar Complex Pyramidal,2,transition,MEC LIII Complex Pyramidal,MEC LII Stellate,1193.0847203135872
greedy_tree_path,MEC LIII Bipolar Complex Pyramidal,3,transition,MEC LII Stellate,CA3 Granule,19640.6765649223
greedy_tree_path,MEC LIII Bipolar Complex Pyramidal,4,transition,CA3 Granule,CA3c Pyramidal,2.280811281935155
greedy_tree_path,MEC LIII Bipolar Complex Pyramidal,5,transition,CA3c Pyramidal,CA1 Pyramidal,85609.60976338176
greedy_tree_path,MEC LIII Bipolar Complex Pyramidal,6,transition,CA1 Pyramidal,MEC LV VI Pyramidal Polymorphic,13564.64480225756
greedy_tree_path,MEC LIII Bipolar Complex Pyramidal,7,transition,MEC LV VI Pyramidal Polymorphic,EC LIV VI Deep Multipolar Principal,86.77596588341953
greedy_tree_path,MEC LIII Bipolar Complex Pyramidal,8,transition,EC LIV VI Deep Multipolar Principal,LEC LVI Multipolar Pyramidal,2246.3636143897743
greedy_tree_path,MEC LIII Bipolar Complex Pyramidal,9,transition,LEC LVI Multipolar Pyramidal,LEC LIII Multipolar Principal,304.0317537911717
greedy_tree_path,MEC LIII Bipolar Complex Pyramidal,10,transition,LEC LIII Multipolar Principal,LEC LIII Complex Pyramidal,556.0635991085179
greedy_tree_path,MEC LIII Bipolar Complex Pyramidal,11,transition,LEC LIII Complex Pyramidal,EC LIII Pyramidal Stellate,538.1000722266449
greedy_tree_path,MEC LIII Bipolar Complex Pyramidal,12,transition,EC LIII Pyramidal Stellate,SUB CA1 Projecting Pyramidal,389.79456390732304
greedy_tree_path,MEC LIII Bipolar Complex Pyramidal,13,transition,SUB CA1 Projecting Pyramidal,CA1 Radiatum Giant,8.28772603741471
greedy_tree_path,MEC LIII Complex Pyramidal,1,transition,MEC LIII Complex Pyramidal,MEC LII Stellate,1193.0847203135872
greedy_tree_path,MEC LIII Complex Pyramidal,2,transition,MEC LII Stellate,CA3 Granule,19640.6765649223
greedy_tree_path,MEC LIII Complex Pyramidal,3,transition,CA3 Granule,CA3c Pyramidal,2.280811281935155
greedy_tree_path,MEC LIII Complex Pyramidal,4,transition,CA3c Pyramidal,CA1 Pyramidal,85609.60976338176
greedy_tree_path,MEC LIII Complex Pyramidal,5,transition,CA1 Pyramidal,MEC LV VI Pyramidal Polymorphic,13564.64480225756
greedy_tree_path,MEC LIII Complex Pyramidal,6,transition,MEC LV VI Pyramidal Polymorphic,EC LIV VI Deep Multipolar Principal,86.77596588341953
greedy_tree_path,MEC LIII Complex Pyramidal,7,transition,EC LIV VI Deep Multipolar Principal,LEC LVI Multipolar Pyramidal,2246.3636143897743
greedy_tree_path,MEC LIII Complex Pyramidal,8,transition,LEC LVI Multipolar Pyramidal,LEC LIII Multipolar Principal,304.0317537911717
greedy_tree_path,MEC LIII Complex Pyramidal,9,transition,LEC LIII Multipolar Principal,LEC LIII Complex Pyramidal,556.0635991085179
greedy_tree_path,MEC LIII Complex Pyramidal,10,transition,LEC LIII Complex Pyramidal,EC LIII Pyramidal Stellate,538.1000722266449
greedy_tree_path,MEC LIII Complex Pyramidal,11,transition,EC LIII Pyramidal Stellate,MEC LIII Bipolar Complex Pyramidal,418.9168875087689
greedy_tree_path,MEC LIII Complex Pyramidal,12,transition,MEC LIII Bipolar Complex Pyramidal,MEC LII III Pyramidal Multiform,156.10322882603091
greedy_tree_path,MEC LIII Complex Pyramidal,13,transition,MEC LII III Pyramidal Multiform,MEC LV Multipolar Pyramidal,750.744376370936
greedy_tree_path,MEC LIII Complex Pyramidal,14,transition,MEC LV Multipolar Pyramidal,MEC LV Superficial Pyramidal,138.44761428854213
greedy_tree_path,MEC LIII Complex Pyramidal,15,transition,MEC LV Superficial Pyramidal,MEC LV Pyramidal,138.477786593687
greedy_tree_path,MEC LIII Complex Pyramidal,16,transition,MEC LV Pyramidal,DG Granule,9568.736896643586
greedy_tree_path,MEC LIII Complex Pyramidal,17,transition,DG Granule,DG Mossy,44908.709978571016
greedy_tree_path,MEC LIII Complex Pyramidal,18,transition,DG Mossy,DG Hilar Ectopic Granule,2119.754290320353
greedy_tree_path,MEC LIII Complex Pyramidal,19,transition,DG Hilar Ectopic Granule,CA3 Pyramidal,0.0133035385226386
greedy_tree_path,MEC LIII Complex Pyramidal,20,transition,CA3 Pyramidal,CA2 Pyramidal,12467.302061608583
greedy_tree_path,MEC LIII Complex Pyramidal,21,transition,CA2 Pyramidal,CA1 Radiatum Giant,263.0645063940111
greedy_tree_path,MEC LV Multipolar Pyramidal,1,transition,MEC LV Multipolar Pyramidal,MEC LIII Complex Pyramidal,457.2402797600769
greedy_tree_path,MEC LV Multipolar Pyramidal,2,transition,MEC LIII Complex Pyramidal,MEC LII Stellate,1193.0847203135872
greedy_tree_path,MEC LV Multipolar Pyramidal,3,transition,MEC LII Stellate,CA3 Granule,19640.6765649223
greedy_tree_path,MEC LV Multipolar Pyramidal,4,transition,CA3 Granule,CA3c Pyramidal,2.280811281935155
greedy_tree_path,MEC LV Multipolar Pyramidal,5,transition,CA3c Pyramidal,CA1 Pyramidal,85609.60976338176
greedy_tree_path,MEC LV Multipolar Pyramidal,6,transition,CA1 Pyramidal,MEC LV VI Pyramidal Polymorphic,13564.64480225756
greedy_tree_path,MEC LV Multipolar Pyramidal,7,transition,MEC LV VI Pyramidal Polymorphic,EC LIV VI Deep Multipolar Principal,86.77596588341953
greedy_tree_path,MEC LV Multipolar Pyramidal,8,transition,EC LIV VI Deep Multipolar Principal,LEC LVI Multipolar Pyramidal,2246.3636143897743
greedy_tree_path,MEC LV Multipolar Pyramidal,9,transition,LEC LVI Multipolar Pyramidal,LEC LIII Multipolar Principal,304.0317537911717
greedy_tree_path,MEC LV Multipolar Pyramidal,10,transition,LEC LIII Multipolar Principal,LEC LIII Complex Pyramidal,556.0635991085179
greedy_tree_path,MEC LV Multipolar Pyramidal,11,transition,LEC LIII Complex Pyramidal,EC LIII Pyramidal Stellate,538.1000722266449
greedy_tree_path,MEC LV Multipolar Pyramidal,12,transition,EC LIII Pyramidal Stellate,MEC LIII Bipolar Complex Pyramidal,418.9168875087689
greedy_tree_path,MEC LV Multipolar Pyramidal,13,transition,MEC LIII Bipolar Complex Pyramidal,MEC LII III Pyramidal Multiform,156.10322882603091
greedy_tree_path,MEC LV Multipolar Pyramidal,14,transition,MEC LII III Pyramidal Multiform,MEC LV Superficial Pyramidal,589.7870748828476
greedy_tree_path,MEC LV Multipolar Pyramidal,15,transition,MEC LV Superficial Pyramidal,MEC LV Pyramidal,138.477786593687
greedy_tree_path,MEC LV Multipolar Pyramidal,16,transition,MEC LV Pyramidal,DG Granule,9568.736896643586
greedy_tree_path,MEC LV Multipolar Pyramidal,17,transition,DG Granule,DG Mossy,44908.709978571016
greedy_tree_path,MEC LV Multipolar Pyramidal,18,transition,DG Mossy,DG Hilar Ectopic Granule,2119.754290320353
greedy_tree_path,MEC LV Multipolar Pyramidal,19,transition,DG Hilar Ectopic Granule,CA3 Pyramidal,0.0133035385226386
greedy_tree_path,MEC LV Multipolar Pyramidal,20,transition,CA3 Pyramidal,CA2 Pyramidal,12467.302061608583
greedy_tree_path,MEC LV Multipolar Pyramidal,21,transition,CA2 Pyramidal,CA1 Radiatum Giant,263.0645063940111
greedy_tree_path,MEC LV Pyramidal,1,transition,MEC LV Pyramidal,DG Granule,9568.736896643586
greedy_tree_path,MEC LV Pyramidal,2,transition,DG Granule,DG Mossy,44908.709978571016
greedy_tree_path,MEC LV Pyramidal,3,transition,DG Mossy,DG Hilar Ectopic Granule,2119.754290320353
greedy_tree_path,MEC LV Pyramidal,4,transition,DG Hilar Ectopic Granule,CA3c Pyramidal,0.0550567880071112
greedy_tree_path,MEC LV Pyramidal,5,transition,CA3c Pyramidal,CA1 Pyramidal,85609.60976338176
greedy_tree_path,MEC LV Pyramidal,6,transition,CA1 Pyramidal,MEC LV VI Pyramidal Polymorphic,13564.64480225756
greedy_tree_path,MEC LV Pyramidal,7,transition,MEC LV VI Pyramidal Polymorphic,EC LIV VI Deep Multipolar Principal,86.77596588341953
greedy_tree_path,MEC LV Pyramidal,8,transition,EC LIV VI Deep Multipolar Principal,LEC LVI Multipolar Pyramidal,2246.3636143897743
greedy_tree_path,MEC LV Pyramidal,9,transition,LEC LVI Multipolar Pyramidal,LEC LIII Multipolar Principal,304.0317537911717
greedy_tree_path,MEC LV Pyramidal,10,transition,LEC LIII Multipolar Principal,LEC LIII Complex Pyramidal,556.0635991085179
greedy_tree_path,MEC LV Pyramidal,11,transition,LEC LIII Complex Pyramidal,EC LIII Pyramidal Stellate,538.1000722266449
greedy_tree_path,MEC LV Pyramidal,12,transition,EC LIII Pyramidal Stellate,MEC LIII Complex Pyramidal,647.4324185181202
greedy_tree_path,MEC LV Pyramidal,13,transition,MEC LIII Complex Pyramidal,MEC LII Stellate,1193.0847203135872
greedy_tree_path,MEC LV Pyramidal,14,transition,MEC LII Stellate,CA3 Granule,19640.6765649223
greedy_tree_path,MEC LV Pyramidal,15,transition,CA3 Granule,CA3 Pyramidal,0.942018883295193
greedy_tree_path,MEC LV Pyramidal,16,transition,CA3 Pyramidal,CA2 Pyramidal,12467.302061608583
greedy_tree_path,MEC LV Pyramidal,17,transition,CA2 Pyramidal,CA1 Radiatum Giant,263.0645063940111
greedy_tree_path,MEC LV Superficial Pyramidal,1,transition,MEC LV Superficial Pyramidal,MEC LIII Complex Pyramidal,495.9622533998108
greedy_tree_path,MEC LV Superficial Pyramidal,2,transition,MEC LIII Complex Pyramidal,MEC LII Stellate,1193.0847203135872
greedy_tree_path,MEC LV Superficial Pyramidal,3,transition,MEC LII Stellate,CA3 Granule,19640.6765649223
greedy_tree_path,MEC LV Superficial Pyramidal,4,transition,CA3 Granule,CA3c Pyramidal,2.280811281935155
greedy_tree_path,MEC LV Superficial Pyramidal,5,transition,CA3c Pyramidal,CA1 Pyramidal,85609.60976338176
greedy_tree_path,MEC LV Superficial Pyramidal,6,transition,CA1 Pyramidal,MEC LV VI Pyramidal Polymorphic,13564.64480225756
greedy_tree_path,MEC LV Superficial Pyramidal,7,transition,MEC LV VI Pyramidal Polymorphic,EC LIV VI Deep Multipolar Principal,86.77596588341953
greedy_tree_path,MEC LV Superficial Pyramidal,8,transition,EC LIV VI Deep Multipolar Principal,LEC LVI Multipolar Pyramidal,2246.3636143897743
greedy_tree_path,MEC LV Superficial Pyramidal,9,transition,LEC LVI Multipolar Pyramidal,LEC LIII Multipolar Principal,304.0317537911717
greedy_tree_path,MEC LV Superficial Pyramidal,10,transition,LEC LIII Multipolar Principal,LEC LIII Complex Pyramidal,556.0635991085179
greedy_tree_path,MEC LV Superficial Pyramidal,11,transition,LEC LIII Complex Pyramidal,EC LIII Pyramidal Stellate,538.1000722266449
greedy_tree_path,MEC LV Superficial Pyramidal,12,transition,EC LIII Pyramidal Stellate,MEC LIII Bipolar Complex Pyramidal,418.9168875087689
greedy_tree_path,MEC LV Superficial Pyramidal,13,transition,MEC LIII Bipolar Complex Pyramidal,MEC LII III Pyramidal Multiform,156.10322882603091
greedy_tree_path,MEC LV Superficial Pyramidal,14,transition,MEC LII III Pyramidal Multiform,MEC LV Multipolar Pyramidal,750.744376370936
greedy_tree_path,MEC LV Superficial Pyramidal,15,transition,MEC LV Multipolar Pyramidal,MEC LV Pyramidal,115.70855122819788
greedy_tree_path,MEC LV Superficial Pyramidal,16,transition,MEC LV Pyramidal,DG Granule,9568.736896643586
greedy_tree_path,MEC LV Superficial Pyramidal,17,transition,DG Granule,DG Mossy,44908.709978571016
greedy_tree_path,MEC LV Superficial Pyramidal,18,transition,DG Mossy,DG Hilar Ectopic Granule,2119.754290320353
greedy_tree_path,MEC LV Superficial Pyramidal,19,transition,DG Hilar Ectopic Granule,CA3 Pyramidal,0.0133035385226386
greedy_tree_path,MEC LV Superficial Pyramidal,20,transition,CA3 Pyramidal,CA2 Pyramidal,12467.302061608583
greedy_tree_path,MEC LV Superficial Pyramidal,21,transition,CA2 Pyramidal,CA1 Radiatum Giant,263.0645063940111
greedy_tree_path,MEC LV VI Pyramidal Polymorphic,1,transition,MEC LV VI Pyramidal Polymorphic,EC LIV VI Deep Multipolar Principal,86.77596588341953
greedy_tree_path,MEC LV VI Pyramidal Polymorphic,2,transition,EC LIV VI Deep Multipolar Principal,LEC LVI Multipolar Pyramidal,2246.3636143897743
greedy_tree_path,MEC LV VI Pyramidal Polymorphic,3,transition,LEC LVI Multipolar Pyramidal,LEC LIII Multipolar Principal,304.0317537911717
greedy_tree_path,MEC LV VI Pyramidal Polymorphic,4,transition,LEC LIII Multipolar Principal,LEC LIII Complex Pyramidal,556.0635991085179
greedy_tree_path,MEC LV VI Pyramidal Polymorphic,5,transition,LEC LIII Complex Pyramidal,EC LIII Pyramidal Stellate,538.1000722266449
greedy_tree_path,MEC LV VI Pyramidal Polymorphic,6,transition,EC LIII Pyramidal Stellate,CA1 Pyramidal,5351.494110639728
greedy_tree_path,MEC LV VI Pyramidal Polymorphic,7,transition,CA1 Pyramidal,EC LV Deep Pyramidal,6927.87660371489
greedy_tree_path,MEC LV VI Pyramidal Polymorphic,8,transition,EC LV Deep Pyramidal,EC LIII V Bipolar Pyramidal,180.4005489546849
greedy_tree_path,MEC LV VI Pyramidal Polymorphic,9,transition,EC LIII V Bipolar Pyramidal,MEC LIII Complex Pyramidal,1055.6037252397975
greedy_tree_path,MEC LV VI Pyramidal Polymorphic,10,transition,MEC LIII Complex Pyramidal,MEC LII Stellate,1193.0847203135872
greedy_tree_path,MEC LV VI Pyramidal Polymorphic,11,transition,MEC LII Stellate,CA3 Granule,19640.6765649223
greedy_tree_path,MEC LV VI Pyramidal Polymorphic,12,transition,CA3 Granule,CA3c Pyramidal,2.280811281935155
greedy_tree_path,MEC LV VI Pyramidal Polymorphic,13,transition,CA3c Pyramidal,CA2 Pyramidal,24424.53581944845
greedy_tree_path,MEC LV VI Pyramidal Polymorphic,14,transition,CA2 Pyramidal,DG Mossy,4836.413875657298
greedy_tree_path,MEC LV VI Pyramidal Polymorphic,15,transition,DG Mossy,DG Hilar Ectopic Granule,2119.754290320353
greedy_tree_path,MEC LV VI Pyramidal Polymorphic,16,transition,DG Hilar Ectopic Granule,CA3 Pyramidal,0.0133035385226386
greedy_tree_path,MEC LV VI Pyramidal Polymorphic,17,transition,CA3 Pyramidal,CA1 Radiatum Giant,303.66294985857763
greedy_tree_path,SUB CA1 Projecting Pyramidal,1,transition,SUB CA1 Projecting Pyramidal,CA1 Pyramidal,106.20856360032086
greedy_tree_path,SUB CA1 Projecting Pyramidal,2,transition,CA1 Pyramidal,MEC LV VI Pyramidal Polymorphic,13564.64480225756
greedy_tree_path,SUB CA1 Projecting Pyramidal,3,transition,MEC LV VI Pyramidal Polymorphic,EC LIV VI Deep Multipolar Principal,86.77596588341953
greedy_tree_path,SUB CA1 Projecting Pyramidal,4,transition,EC LIV VI Deep Multipolar Principal,LEC LVI Multipolar Pyramidal,2246.3636143897743
greedy_tree_path,SUB CA1 Projecting Pyramidal,5,transition,LEC LVI Multipolar Pyramidal,LEC LIII Multipolar Principal,304.0317537911717
greedy_tree_path,SUB CA1 Projecting Pyramidal,6,transition,LEC LIII Multipolar Principal,LEC LIII Complex Pyramidal,556.0635991085179
greedy_tree_path,SUB CA1 Projecting Pyramidal,7,transition,LEC LIII Complex Pyramidal,EC LIII Pyramidal Stellate,538.1000722266449
greedy_tree_path,SUB CA1 Projecting Pyramidal,8,transition,EC LIII Pyramidal Stellate,MEC LIII Complex Pyramidal,647.4324185181202
greedy_tree_path,SUB CA1 Projecting Pyramidal,9,transition,MEC LIII Complex Pyramidal,MEC LII Stellate,1193.0847203135872
greedy_tree_path,SUB CA1 Projecting Pyramidal,10,transition,MEC LII Stellate,CA3 Granule,19640.6765649223
greedy_tree_path,SUB CA1 Projecting Pyramidal,11,transition,CA3 Granule,CA3c Pyramidal,2.280811281935155
greedy_tree_path,SUB CA1 Projecting Pyramidal,12,transition,CA3c Pyramidal,CA2 Pyramidal,24424.53581944845
greedy_tree_path,SUB CA1 Projecting Pyramidal,13,transition,CA2 Pyramidal,DG Mossy,4836.413875657298
greedy_tree_path,SUB CA1 Projecting Pyramidal,14,transition,DG Mossy,DG Hilar Ectopic Granule,2119.754290320353
greedy_tree_path,SUB CA1 Projecting Pyramidal,15,transition,DG Hilar Ectopic Granule,CA3 Pyramidal,0.0133035385226386
greedy_tree_path,SUB CA1 Projecting Pyramidal,16,transition,CA3 Pyramidal,CA1 Radiatum Giant,303.66294985857763
maximum_spanning_tree,CA1 Pyramidal,1,transition,CA1 Pyramidal,CA3c Pyramidal,0.0
maximum_spanning_tree,CA1 Pyramidal,2,transition,CA3c Pyramidal,DG Granule,7159.489110348726
maximum_spanning_tree,CA1 Pyramidal,3,transition,DG Granule,EC LI II Pyramidal Fan,0.0
maximum_spanning_tree,CA1 Pyramidal,4,transition,EC LI II Pyramidal Fan,EC LI II Multipolar Pyramidal,7472.437106847604
maximum_spanning_tree,CA1 Pyramidal,5,transition,EC LI II Multipolar Pyramidal,MEC LII Stellate,24134.5300159425
maximum_spanning_tree,CA1 Pyramidal,6,transition,MEC LII Stellate,CA3 Granule,19640.6765649223
maximum_spanning_tree,CA1 Radiatum Giant,1,transition,CA1 Radiatum Giant,CA3c Pyramidal,0.0
maximum_spanning_tree,CA1 Radiatum Giant,2,transition,CA3c Pyramidal,CA1 Pyramidal,85609.60976338176
maximum_spanning_tree,CA1 Radiatum Giant,3,transition,CA1 Pyramidal,MEC LV VI Pyramidal Polymorphic,13564.64480225756
maximum_spanning_tree,CA2 Pyramidal,1,transition,CA2 Pyramidal,CA3c Pyramidal,2212.266414990227
maximum_spanning_tree,CA2 Pyramidal,2,transition,CA3c Pyramidal,CA1 Pyramidal,85609.60976338176
maximum_spanning_tree,CA2 Pyramidal,3,transition,CA1 Pyramidal,MEC LV VI Pyramidal Polymorphic,13564.64480225756
maximum_spanning_tree,CA3 Granule,1,transition,CA3 Granule,MEC LII Stellate,0.0
maximum_spanning_tree,CA3 Granule,2,transition,MEC LII Stellate,EC LI II Multipolar Pyramidal,1179.869598894783
maximum_spanning_tree,CA3 Granule,3,transition,EC LI II Multipolar Pyramidal,EC LI II Pyramidal Fan,2685.199892837623
maximum_spanning_tree,CA3 Granule,4,transition,EC LI II Pyramidal Fan,DG Granule,6731.854220776941
maximum_spanning_tree,CA3 Granule,5,transition,DG Granule,CA3c Pyramidal,1802.511478373572
maximum_spanning_tree,CA3 Granule,6,transition,CA3c Pyramidal,CA1 Pyramidal,85609.60976338176
maximum_spanning_tree,CA3 Granule,7,transition,CA1 Pyramidal,MEC LV VI Pyramidal Polymorphic,13564.64480225756
maximum_spanning_tree,CA3 Pyramidal,1,transition,CA3 Pyramidal,CA2 Pyramidal,12467.302061608583
maximum_spanning_tree,CA3 Pyramidal,2,transition,CA2 Pyramidal,CA3c Pyramidal,2212.266414990227
maximum_spanning_tree,CA3 Pyramidal,3,transition,CA3c Pyramidal,CA1 Pyramidal,85609.60976338176
maximum_spanning_tree,CA3 Pyramidal,4,transition,CA1 Pyramidal,MEC LV VI Pyramidal Polymorphic,13564.64480225756
maximum_spanning_tree,CA3c Pyramidal,1,transition,CA3c Pyramidal,CA1 Pyramidal,85609.60976338176
maximum_spanning_tree,CA3c Pyramidal,2,transition,CA1 Pyramidal,MEC LV VI Pyramidal Polymorphic,13564.64480225756
maximum_spanning_tree,DG Granule,1,transition,DG Granule,CA3c Pyramidal,1802.511478373572
maximum_spanning_tree,DG Granule,2,transition,CA3c Pyramidal,CA1 Pyramidal,85609.60976338176
maximum_spanning_tree,DG Granule,3,transition,CA1 Pyramidal,MEC LV VI Pyramidal Polymorphic,13564.64480225756
maximum_spanning_tree,DG Hilar Ectopic Granule,1,transition,DG Hilar Ectopic Granule,DG Granule,0.0
maximum_spanning_tree,DG Hilar Ectopic Granule,2,transition,DG Granule,CA3c Pyramidal,1802.511478373572
maximum_spanning_tree,DG Hilar Ectopic Granule,3,transition,CA3c Pyramidal,CA1 Pyramidal,85609.60976338176
maximum_spanning_tree,DG Hilar Ectopic Granule,4,transition,CA1 Pyramidal,MEC LV VI Pyramidal Polymorphic,13564.64480225756
maximum_spanning_tree,DG Mossy,1,transition,DG Mossy,DG Granule,968.2502990077752
maximum_spanning_tree,DG Mossy,2,transition,DG Granule,CA3c Pyramidal,1802.511478373572
maximum_spanning_tree,DG Mossy,3,transition,CA3c Pyramidal,CA1 Pyramidal,85609.60976338176
maximum_spanning_tree,DG Mossy,4,transition,CA1 Pyramidal,MEC LV VI Pyramidal Polymorphic,13564.64480225756
maximum_spanning_tree,DG Semilunar Granule,1,transition,DG Semilunar Granule,DG Mossy,5155.105798787127
maximum_spanning_tree,DG Semilunar Granule,2,transition,DG Mossy,DG Granule,968.2502990077752
maximum_spanning_tree,DG Semilunar Granule,3,transition,DG Granule,CA3c Pyramidal,1802.511478373572
maximum_spanning_tree,DG Semilunar Granule,4,transition,CA3c Pyramidal,CA1 Pyramidal,85609.60976338176
maximum_spanning_tree,DG Semilunar Granule,5,transition,CA1 Pyramidal,MEC LV VI Pyramidal Polymorphic,13564.64480225756
maximum_spanning_tree,EC LI II Multipolar Pyramidal,1,transition,EC LI II Multipolar Pyramidal,EC LI II Pyramidal Fan,2685.199892837623
maximum_spanning_tree,EC LI II Multipolar Pyramidal,2,transition,EC LI II Pyramidal Fan,DG Granule,6731.854220776941
maximum_spanning_tree,EC LI II Multipolar Pyramidal,3,transition,DG Granule,CA3c Pyramidal,1802.511478373572
maximum_spanning_tree,EC LI II Multipolar Pyramidal,4,transition,CA3c Pyramidal,CA1 Pyramidal,85609.60976338176
maximum_spanning_tree,EC LI II Multipolar Pyramidal,5,transition,CA1 Pyramidal,MEC LV VI Pyramidal Polymorphic,13564.64480225756
maximum_spanning_tree,EC LI II Pyramidal Fan,1,transition,EC LI II Pyramidal Fan,DG Granule,6731.854220776941
maximum_spanning_tree,EC LI II Pyramidal Fan,2,transition,DG Granule,CA3c Pyramidal,1802.511478373572
maximum_spanning_tree,EC LI II Pyramidal Fan,3,transition,CA3c Pyramidal,CA1 Pyramidal,85609.60976338176
maximum_spanning_tree,EC LI II Pyramidal Fan,4,transition,CA1 Pyramidal,MEC LV VI Pyramidal Polymorphic,13564.64480225756
maximum_spanning_tree,EC LII III Pyramidal Tripolar,1,transition,EC LII III Pyramidal Tripolar,EC LI II Multipolar Pyramidal,4216.395703649579
maximum_spanning_tree,EC LII III Pyramidal Tripolar,2,transition,EC LI II Multipolar Pyramidal,EC LI II Pyramidal Fan,2685.199892837623
maximum_spanning_tree,EC LII III Pyramidal Tripolar,3,transition,EC LI II Pyramidal Fan,DG Granule,6731.854220776941
maximum_spanning_tree,EC LII III Pyramidal Tripolar,4,transition,DG Granule,CA3c Pyramidal,1802.511478373572
maximum_spanning_tree,EC LII III Pyramidal Tripolar,5,transition,CA3c Pyramidal,CA1 Pyramidal,85609.60976338176
maximum_spanning_tree,EC LII III Pyramidal Tripolar,6,transition,CA1 Pyramidal,MEC LV VI Pyramidal Polymorphic,13564.64480225756
maximum_spanning_tree,EC LIII Pyramidal,1,transition,EC LIII Pyramidal,EC LI II Multipolar Pyramidal,0.0
maximum_spanning_tree,EC LIII Pyramidal,2,transition,EC LI II Multipolar Pyramidal,EC LI II Pyramidal Fan,2685.199892837623
maximum_spanning_tree,EC LIII Pyramidal,3,transition,EC LI II Pyramidal Fan,DG Granule,6731.854220776941
maximum_spanning_tree,EC LIII Pyramidal,4,transition,DG Granule,CA3c Pyramidal,1802.511478373572
maximum_spanning_tree,EC LIII Pyramidal,5,transition,CA3c Pyramidal,CA1 Pyramidal,85609.60976338176
maximum_spanning_tree,EC LIII Pyramidal,6,transition,CA1 Pyramidal,MEC LV VI Pyramidal Polymorphic,13564.64480225756
maximum_spanning_tree,EC LIII Pyramidal Stellate,1,transition,EC LIII Pyramidal Stellate,EC LI II Multipolar Pyramidal,0.0
maximum_spanning_tree,EC LIII Pyramidal Stellate,2,transition,EC LI II Multipolar Pyramidal,EC LI II Pyramidal Fan,2685.199892837623
maximum_spanning_tree,EC LIII Pyramidal Stellate,3,transition,EC LI II Pyramidal Fan,DG Granule,6731.854220776941
maximum_spanning_tree,EC LIII Pyramidal Stellate,4,transition,DG Granule,CA3c Pyramidal,1802.511478373572
maximum_spanning_tree,EC LIII Pyramidal Stellate,5,transition,CA3c Pyramidal,CA1 Pyramidal,85609.60976338176
maximum_spanning_tree,EC LIII Pyramidal Stellate,6,transition,CA1 Pyramidal,MEC LV VI Pyramidal Polymorphic,13564.64480225756
maximum_spanning_tree,EC LIII Stellate,1,transition,EC LIII Stellate,EC LI II Multipolar Pyramidal,0.0
maximum_spanning_tree,EC LIII Stellate,2,transition,EC LI II Multipolar Pyramidal,EC LI II Pyramidal Fan,2685.199892837623
maximum_spanning_tree,EC LIII Stellate,3,transition,EC LI II Pyramidal Fan,DG Granule,6731.854220776941
maximum_spanning_tree,EC LIII Stellate,4,transition,DG Granule,CA3c Pyramidal,1802.511478373572
maximum_spanning_tree,EC LIII Stellate,5,transition,CA3c Pyramidal,CA1 Pyramidal,85609.60976338176
maximum_spanning_tree,EC LIII Stellate,6,transition,CA1 Pyramidal,MEC LV VI Pyramidal Polymorphic,13564.64480225756
maximum_spanning_tree,EC LIII V Bipolar Pyramidal,1,transition,EC LIII V Bipolar Pyramidal,EC LI II Multipolar Pyramidal,0.0
maximum_spanning_tree,EC LIII V Bipolar Pyramidal,2,transition,EC LI II Multipolar Pyramidal,EC LI II Pyramidal Fan,2685.199892837623
maximum_spanning_tree,EC LIII V Bipolar Pyramidal,3,transition,EC LI II Pyramidal Fan,DG Granule,6731.854220776941
maximum_spanning_tree,EC LIII V Bipolar Pyramidal,4,transition,DG Granule,CA3c Pyramidal,1802.511478373572
maximum_spanning_tree,EC LIII V Bipolar Pyramidal,5,transition,CA3c Pyramidal,CA1 Pyramidal,85609.60976338176
maximum_spanning_tree,EC LIII V Bipolar Pyramidal,6,transition,CA1 Pyramidal,MEC LV VI Pyramidal Polymorphic,13564.64480225756
maximum_spanning_tree,EC LIV VI Deep Multipolar Principal,1,transition,EC LIV VI Deep Multipolar Principal,CA1 Pyramidal,0.0
maximum_spanning_tree,EC LIV VI Deep Multipolar Principal,2,transition,CA1 Pyramidal,CA3c Pyramidal,0.0
maximum_spanning_tree,EC LIV VI Deep Multipolar Principal,3,transition,CA3c Pyramidal,DG Granule,7159.489110348726
maximum_spanning_tree,EC LIV VI Deep Multipolar Principal,4,transition,DG Granule,EC LI II Pyramidal Fan,0.0
maximum_spanning_tree,EC LIV VI Deep Multipolar Principal,5,transition,EC LI II Pyramidal Fan,EC LI II Multipolar Pyramidal,7472.437106847604
maximum_spanning_tree,EC LIV VI Deep Multipolar Principal,6,transition,EC LI II Multipolar Pyramidal,MEC LII Stellate,24134.5300159425
maximum_spanning_tree,EC LIV VI Deep Multipolar Principal,7,transition,MEC LII Stellate,CA3 Granule,19640.6765649223
maximum_spanning_tree,EC LV Deep Pyramidal,1,transition,EC LV Deep Pyramidal,CA1 Pyramidal,0.0
maximum_spanning_tree,EC LV Deep Pyramidal,2,transition,CA1 Pyramidal,CA3c Pyramidal,0.0
maximum_spanning_tree,EC LV Deep Pyramidal,3,transition,CA3c Pyramidal,DG Granule,7159.489110348726
maximum_spanning_tree,EC LV Deep Pyramidal,4,transition,DG Granule,EC LI II Pyramidal Fan,0.0
maximum_spanning_tree,EC LV Deep Pyramidal,5,transition,EC LI II Pyramidal Fan,EC LI II Multipolar Pyramidal,7472.437106847604
maximum_spanning_tree,EC LV Deep Pyramidal,6,transition,EC LI II Multipolar Pyramidal,MEC LII Stellate,24134.5300159425
maximum_spanning_tree,EC LV Deep Pyramidal,7,transition,MEC LII Stellate,CA3 Granule,19640.6765649223
maximum_spanning_tree,LEC LIII Complex Pyramidal,1,transition,LEC LIII Complex Pyramidal,EC LI II Multipolar Pyramidal,244.61587010227
maximum_spanning_tree,LEC LIII Complex Pyramidal,2,transition,EC LI II Multipolar Pyramidal,EC LI II Pyramidal Fan,2685.199892837623
maximum_spanning_tree,LEC LIII Complex Pyramidal,3,transition,EC LI II Pyramidal Fan,DG Granule,6731.854220776941
maximum_spanning_tree,LEC LIII Complex Pyramidal,4,transition,DG Granule,CA3c Pyramidal,1802.511478373572
maximum_spanning_tree,LEC LIII Complex Pyramidal,5,transition,CA3c Pyramidal,CA1 Pyramidal,85609.60976338176
maximum_spanning_tree,LEC LIII Complex Pyramidal,6,transition,CA1 Pyramidal,MEC LV VI Pyramidal Polymorphic,13564.64480225756
maximum_spanning_tree,LEC LIII Multipolar Principal,1,transition,LEC LIII Multipolar Principal,EC LI II Multipolar Pyramidal,539.4518276519966
maximum_spanning_tree,LEC LIII Multipolar Principal,2,transition,EC LI II Multipolar Pyramidal,EC LI II Pyramidal Fan,2685.199892837623
maximum_spanning_tree,LEC LIII Multipolar Principal,3,transition,EC LI II Pyramidal Fan,DG Granule,6731.854220776941
maximum_spanning_tree,LEC LIII Multipolar Principal,4,transition,DG Granule,CA3c Pyramidal,1802.511478373572
maximum_spanning_tree,LEC LIII Multipolar Principal,5,transition,CA3c Pyramidal,CA1 Pyramidal,85609.60976338176
maximum_spanning_tree,LEC LIII Multipolar Principal,6,transition,CA1 Pyramidal,MEC LV VI Pyramidal Polymorphic,13564.64480225756
maximum_spanning_tree,LEC LVI Multipolar Pyramidal,1,transition,LEC LVI Multipolar Pyramidal,CA1 Pyramidal,0.0
maximum_spanning_tree,LEC LVI Multipolar Pyramidal,2,transition,CA1 Pyramidal,CA3c Pyramidal,0.0
maximum_spanning_tree,LEC LVI Multipolar Pyramidal,3,transition,CA3c Pyramidal,DG Granule,7159.489110348726
maximum_spanning_tree,LEC LVI Multipolar Pyramidal,4,transition,DG Granule,EC LI II Pyramidal Fan,0.0
maximum_spanning_tree,LEC LVI Multipolar Pyramidal,5,transition,EC LI II Pyramidal Fan,EC LI II Multipolar Pyramidal,7472.437106847604
maximum_spanning_tree,LEC LVI Multipolar Pyramidal,6,transition,EC LI II Multipolar Pyramidal,MEC LII Stellate,24134.5300159425
maximum_spanning_tree,LEC LVI Multipolar Pyramidal,7,transition,MEC LII Stellate,CA3 Granule,19640.6765649223
maximum_spanning_tree,MEC LII III Pyramidal Multiform,1,transition,MEC LII III Pyramidal Multiform,EC LI II Multipolar Pyramidal,103.82452256660702
maximum_spanning_tree,MEC LII III Pyramidal Multiform,2,transition,EC LI II Multipolar Pyramidal,EC LI II Pyramidal Fan,2685.199892837623
maximum_spanning_tree,MEC LII III Pyramidal Multiform,3,transition,EC LI II Pyramidal Fan,DG Granule,6731.854220776941
maximum_spanning_tree,MEC LII III Pyramidal Multiform,4,transition,DG Granule,CA3c Pyramidal,1802.511478373572
maximum_spanning_tree,MEC LII III Pyramidal Multiform,5,transition,CA3c Pyramidal,CA1 Pyramidal,85609.60976338176
maximum_spanning_tree,MEC LII III Pyramidal Multiform,6,transition,CA1 Pyramidal,MEC LV VI Pyramidal Polymorphic,13564.64480225756
maximum_spanning_tree,MEC LII Oblique Pyramidal,1,transition,MEC LII Oblique Pyramidal,EC LI II Multipolar Pyramidal,0.0
maximum_spanning_tree,MEC LII Oblique Pyramidal,2,transition,EC LI II Multipolar Pyramidal,EC LI II Pyramidal Fan,2685.199892837623
maximum_spanning_tree,MEC LII Oblique Pyramidal,3,transition,EC LI II Pyramidal Fan,DG Granule,6731.854220776941
maximum_spanning_tree,MEC LII Oblique Pyramidal,4,transition,DG Granule,CA3c Pyramidal,1802.511478373572
maximum_spanning_tree,MEC LII Oblique Pyramidal,5,transition,CA3c Pyramidal,CA1 Pyramidal,85609.60976338176
maximum_spanning_tree,MEC LII Oblique Pyramidal,6,transition,CA1 Pyramidal,MEC LV VI Pyramidal Polymorphic,13564.64480225756
maximum_spanning_tree,MEC LII Stellate,1,transition,MEC LII Stellate,EC LI II Multipolar Pyramidal,1179.869598894783
maximum_spanning_tree,MEC LII Stellate,2,transition,EC LI II Multipolar Pyramidal,EC LI II Pyramidal Fan,2685.199892837623
maximum_spanning_tree,MEC LII Stellate,3,transition,EC LI II Pyramidal Fan,DG Granule,6731.854220776941
maximum_spanning_tree,MEC LII Stellate,4,transition,DG Granule,CA3c Pyramidal,1802.511478373572
maximum_spanning_tree,MEC LII Stellate,5,transition,CA3c Pyramidal,CA1 Pyramidal,85609.60976338176
maximum_spanning_tree,MEC LII Stellate,6,transition,CA1 Pyramidal,MEC LV VI Pyramidal Polymorphic,13564.64480225756
maximum_spanning_tree,MEC LIII Bipolar Complex Pyramidal,1,transition,MEC LIII Bipolar Complex Pyramidal,EC LI II Multipolar Pyramidal,110.84041939754674
maximum_spanning_tree,MEC LIII Bipolar Complex Pyramidal,2,transition,EC LI II Multipolar Pyramidal,EC LI II Pyramidal Fan,2685.199892837623
maximum_spanning_tree,MEC LIII Bipolar Complex Pyramidal,3,transition,EC LI II Pyramidal Fan,DG Granule,6731.854220776941
maximum_spanning_tree,MEC LIII Bipolar Complex Pyramidal,4,transition,DG Granule,CA3c Pyramidal,1802.511478373572
maximum_spanning_tree,MEC LIII Bipolar Complex Pyramidal,5,transition,CA3c Pyramidal,CA1 Pyramidal,85609.60976338176
maximum_spanning_tree,MEC LIII Bipolar Complex Pyramidal,6,transition,CA1 Pyramidal,MEC LV VI Pyramidal Polymorphic,13564.64480225756
maximum_spanning_tree,MEC LIII Complex Pyramidal,1,transition,MEC LIII Complex Pyramidal,EC LI II Multipolar Pyramidal,552.0532459996851
maximum_spanning_tree,MEC LIII Complex Pyramidal,2,transition,EC LI II Multipolar Pyramidal,EC LI II Pyramidal Fan,2685.199892837623
maximum_spanning_tree,MEC LIII Complex Pyramidal,3,transition,EC LI II Pyramidal Fan,DG Granule,6731.854220776941
maximum_spanning_tree,MEC LIII Complex Pyramidal,4,transition,DG Granule,CA3c Pyramidal,1802.511478373572
maximum_spanning_tree,MEC LIII Complex Pyramidal,5,transition,CA3c Pyramidal,CA1 Pyramidal,85609.60976338176
maximum_spanning_tree,MEC LIII Complex Pyramidal,6,transition,CA1 Pyramidal,MEC LV VI Pyramidal Polymorphic,13564.64480225756
maximum_spanning_tree,MEC LV Multipolar Pyramidal,1,transition,MEC LV Multipolar Pyramidal,CA1 Pyramidal,0.0
maximum_spanning_tree,MEC LV Multipolar Pyramidal,2,transition,CA1 Pyramidal,CA3c Pyramidal,0.0
maximum_spanning_tree,MEC LV Multipolar Pyramidal,3,transition,CA3c Pyramidal,DG Granule,7159.489110348726
maximum_spanning_tree,MEC LV Multipolar Pyramidal,4,transition,DG Granule,EC LI II Pyramidal Fan,0.0
maximum_spanning_tree,MEC LV Multipolar Pyramidal,5,transition,EC LI II Pyramidal Fan,EC LI II Multipolar Pyramidal,7472.437106847604
maximum_spanning_tree,MEC LV Multipolar Pyramidal,6,transition,EC LI II Multipolar Pyramidal,MEC LII Stellate,24134.5300159425
maximum_spanning_tree,MEC LV Multipolar Pyramidal,7,transition,MEC LII Stellate,CA3 Granule,19640.6765649223
maximum_spanning_tree,MEC LV Pyramidal,1,transition,MEC LV Pyramidal,DG Granule,9568.736896643586
maximum_spanning_tree,MEC LV Pyramidal,2,transition,DG Granule,CA3c Pyramidal,1802.511478373572
maximum_spanning_tree,MEC LV Pyramidal,3,transition,CA3c Pyramidal,CA1 Pyramidal,85609.60976338176
maximum_spanning_tree,MEC LV Pyramidal,4,transition,CA1 Pyramidal,MEC LV VI Pyramidal Polymorphic,13564.64480225756
maximum_spanning_tree,MEC LV Superficial Pyramidal,1,transition,MEC LV Superficial Pyramidal,CA1 Pyramidal,0.0
maximum_spanning_tree,MEC LV Superficial Pyramidal,2,transition,CA1 Pyramidal,CA3c Pyramidal,0.0
maximum_spanning_tree,MEC LV Superficial Pyramidal,3,transition,CA3c Pyramidal,DG Granule,7159.489110348726
maximum_spanning_tree,MEC LV Superficial Pyramidal,4,transition,DG Granule,EC LI II Pyramidal Fan,0.0
maximum_spanning_tree,MEC LV Superficial Pyramidal,5,transition,EC LI II Pyramidal Fan,EC LI II Multipolar Pyramidal,7472.437106847604
maximum_spanning_tree,MEC LV Superficial Pyramidal,6,transition,EC LI II Multipolar Pyramidal,MEC LII Stellate,24134.5300159425
maximum_spanning_tree,MEC LV Superficial Pyramidal,7,transition,MEC LII Stellate,CA3 Granule,19640.6765649223
maximum_spanning_tree,MEC LV VI Pyramidal Polymorphic,1,transition,MEC LV VI Pyramidal Polymorphic,CA1 Pyramidal,0.0
maximum_spanning_tree,MEC LV VI Pyramidal Polymorphic,2,transition,CA1 Pyramidal,CA3c Pyramidal,0.0
maximum_spanning_tree,MEC LV VI Pyramidal Polymorphic,3,transition,CA3c Pyramidal,DG Granule,7159.489110348726
maximum_spanning_tree,MEC LV VI Pyramidal Polymorphic,4,transition,DG Granule,EC LI II Pyramidal Fan,0.0
maximum_spanning_tree,MEC LV VI Pyramidal Polymorphic,5,transition,EC LI II Pyramidal Fan,EC LI II Multipolar Pyramidal,7472.437106847604
maximum_spanning_tree,MEC LV VI Pyramidal Polymorphic,6,transition,EC LI II Multipolar Pyramidal,MEC LII Stellate,24134.5300159425
maximum_spanning_tree,MEC LV VI Pyramidal Polymorphic,7,transition,MEC LII Stellate,CA3 Granule,19640.6765649223
maximum_spanning_tree,SUB CA1 Projecting Pyramidal,1,transition,SUB CA1 Projecting Pyramidal,CA1 Pyramidal,106.20856360032086
maximum_spanning_tree,SUB CA1 Projecting Pyramidal,2,transition,CA1 Pyramidal,CA3c Pyramidal,0.0
maximum_spanning_tree,SUB CA1 Projecting Pyramidal,3,transition,CA3c Pyramidal,DG Granule,7159.489110348726
maximum_spanning_tree,SUB CA1 Projecting Pyramidal,4,transition,DG Granule,EC LI II Pyramidal Fan,0.0
maximum_spanning_tree,SUB CA1 Projecting Pyramidal,5,transition,EC LI II Pyramidal Fan,EC LI II Multipolar Pyramidal,7472.437106847604
maximum_spanning_tree,SUB CA1 Projecting Pyramidal,6,transition,EC LI II Multipolar Pyramidal,MEC LII Stellate,24134.5300159425
maximum_spanning_tree,SUB CA1 Projecting Pyramidal,7,transition,MEC LII Stellate,CA3 Granule,19640.6765649223
branch_and_bound,CA1 Pyramidal,1,transition,CA1 Pyramidal,MEC LV VI Pyramidal Polymorphic,13564.64480225756
branch_and_bound,CA1 Pyramidal,2,transition,MEC LV VI Pyramidal Polymorphic,EC LIV VI Deep Multipolar Principal,86.77596588341953
branch_and_bound,CA1 Pyramidal,3,transition,EC LIV VI Deep Multipolar Principal,LEC LVI Multipolar Pyramidal,2246.3636143897743
branch_and_bound,CA1 Pyramidal,4,transition,LEC LVI Multipolar Pyramidal,LEC LIII Multipolar Principal,304.0317537911717
branch_and_bound,CA1 Pyramidal,5,transition,LEC LIII Multipolar Principal,LEC LIII Complex Pyramidal,556.0635991085179
branch_and_bound,CA1 Pyramidal,6,transition,LEC LIII Complex Pyramidal,EC LIII Pyramidal Stellate,538.1000722266449
branch_and_bound,CA1 Pyramidal,7,transition,EC LIII Pyramidal Stellate,MEC LIII Complex Pyramidal,647.4324185181202
branch_and_bound,CA1 Pyramidal,8,transition,MEC LIII Complex Pyramidal,MEC LII Stellate,1193.0847203135872
branch_and_bound,CA1 Pyramidal,9,transition,MEC LII Stellate,MEC LIII Bipolar Complex Pyramidal,2253.263353922492
branch_and_bound,CA1 Pyramidal,10,transition,MEC LIII Bipolar Complex Pyramidal,MEC LII III Pyramidal Multiform,156.10322882603091
branch_and_bound,CA1 Pyramidal,11,transition,MEC LII III Pyramidal Multiform,MEC LV Multipolar Pyramidal,750.744376370936
branch_and_bound,CA1 Pyramidal,12,transition,MEC LV Multipolar Pyramidal,MEC LV Superficial Pyramidal,138.44761428854213
branch_and_bound,CA1 Pyramidal,13,transition,MEC LV Superficial Pyramidal,MEC LV Pyramidal,138.477786593687
branch_and_bound,CA1 Pyramidal,14,transition,MEC LV Pyramidal,EC LI II Multipolar Pyramidal,397.3319836201498
branch_and_bound,CA1 Pyramidal,15,transition,EC LI II Multipolar Pyramidal,EC LIII Stellate,29349.85984134182
branch_and_bound,CA1 Pyramidal,16,transition,EC LIII Stellate,EC LII III Pyramidal Tripolar,69.81600034271409
branch_and_bound,CA1 Pyramidal,17,transition,EC LII III Pyramidal Tripolar,DG Granule,2807.534322760256
branch_and_bound,CA1 Pyramidal,18,transition,DG Granule,DG Mossy,44908.709978571016
branch_and_bound,CA1 Pyramidal,19,transition,DG Mossy,DG Semilunar Granule,50.6486718617241
branch_and_bound,CA1 Pyramidal,20,transition,DG Semilunar Granule,DG Hilar Ectopic Granule,4588.842439594102
branch_and_bound,CA1 Pyramidal,21,transition,DG Hilar Ectopic Granule,CA3c Pyramidal,0.0550567880071112
branch_and_bound,CA1 Pyramidal,22,transition,CA3c Pyramidal,CA2 Pyramidal,24424.53581944845
branch_and_bound,CA1 Pyramidal,23,transition,CA2 Pyramidal,CA3 Pyramidal,1188.4585744965177
branch_and_bound,CA1 Pyramidal,24,transition,CA3 Pyramidal,CA3 Granule,3063.7033025481774
branch_and_bound,CA1 Radiatum Giant,1,transition,CA1 Radiatum Giant,CA1 Pyramidal,52.52606827667822
branch_and_bound,CA1 Radiatum Giant,2,transition,CA1 Pyramidal,MEC LV VI Pyramidal Polymorphic,13564.64480225756
branch_and_bound,CA1 Radiatum Giant,3,transition,MEC LV VI Pyramidal Polymorphic,EC LIV VI Deep Multipolar Principal,86.77596588341953
branch_and_bound,CA1 Radiatum Giant,4,transition,EC LIV VI Deep Multipolar Principal,LEC LVI Multipolar Pyramidal,2246.3636143897743
branch_and_bound,CA1 Radiatum Giant,5,transition,LEC LVI Multipolar Pyramidal,LEC LIII Multipolar Principal,304.0317537911717
branch_and_bound,CA1 Radiatum Giant,6,transition,LEC LIII Multipolar Principal,LEC LIII Complex Pyramidal,556.0635991085179
branch_and_bound,CA1 Radiatum Giant,7,transition,LEC LIII Complex Pyramidal,EC LIII Pyramidal Stellate,538.1000722266449
branch_and_bound,CA1 Radiatum Giant,8,transition,EC LIII Pyramidal Stellate,MEC LIII Complex Pyramidal,647.4324185181202
branch_and_bound,CA1 Radiatum Giant,9,transition,MEC LIII Complex Pyramidal,MEC LII Stellate,1193.0847203135872
branch_and_bound,CA1 Radiatum Giant,10,transition,MEC LII Stellate,MEC LIII Bipolar Complex Pyramidal,2253.263353922492
branch_and_bound,CA1 Radiatum Giant,11,transition,MEC LIII Bipolar Complex Pyramidal,MEC LII III Pyramidal Multiform,156.10322882603091
branch_and_bound,CA1 Radiatum Giant,12,transition,MEC LII III Pyramidal Multiform,MEC LV Multipolar Pyramidal,750.744376370936
branch_and_bound,CA1 Radiatum Giant,13,transition,MEC LV Multipolar Pyramidal,MEC LV Superficial Pyramidal,138.44761428854213
branch_and_bound,CA1 Radiatum Giant,14,transition,MEC LV Superficial Pyramidal,MEC LV Pyramidal,138.477786593687
branch_and_bound,CA1 Radiatum Giant,15,transition,MEC LV Pyramidal,EC LI II Multipolar Pyramidal,397.3319836201498
branch_and_bound,CA1 Radiatum Giant,16,transition,EC LI II Multipolar Pyramidal,EC LIII Stellate,29349.85984134182
branch_and_bound,CA1 Radiatum Giant,17,transition,EC LIII Stellate,EC LII III Pyramidal Tripolar,69.81600034271409
branch_and_bound,CA1 Radiatum Giant,18,transition,EC LII III Pyramidal Tripolar,DG Granule,2807.534322760256
branch_and_bound,CA1 Radiatum Giant,19,transition,DG Granule,DG Mossy,44908.709978571016
branch_and_bound,CA1 Radiatum Giant,20,transition,DG Mossy,DG Semilunar Granule,50.6486718617241
branch_and_bound,CA1 Radiatum Giant,21,transition,DG Semilunar Granule,DG Hilar Ectopic Granule,4588.842439594102
branch_and_bound,CA1 Radiatum Giant,22,transition,DG Hilar Ectopic Granule,CA3c Pyramidal,0.0550567880071112
branch_and_bound,CA1 Radiatum Giant,23,transition,CA3c Pyramidal,CA2 Pyramidal,24424.53581944845
branch_and_bound,CA1 Radiatum Giant,24,transition,CA2 Pyramidal,CA3 Pyramidal,1188.4585744965177
branch_and_bound,CA1 Radiatum Giant,25,transition,CA3 Pyramidal,CA3 Granule,3063.7033025481774
branch_and_bound,CA2 Pyramidal,1,transition,CA2 Pyramidal,CA1 Pyramidal,5532.563189259333
branch_and_bound,CA2 Pyramidal,2,transition,CA1 Pyramidal,MEC LV VI Pyramidal Polymorphic,13564.64480225756
branch_and_bound,CA2 Pyramidal,3,transition,MEC LV VI Pyramidal Polymorphic,EC LIV VI Deep Multipolar Principal,86.77596588341953
branch_and_bound,CA2 Pyramidal,4,transition,EC LIV VI Deep Multipolar Principal,LEC LVI Multipolar Pyramidal,2246.3636143897743
branch_and_bound,CA2 Pyramidal,5,transition,LEC LVI Multipolar Pyramidal,LEC LIII Multipolar Principal,304.0317537911717
branch_and_bound,CA2 Pyramidal,6,transition,LEC LIII Multipolar Principal,LEC LIII Complex Pyramidal,556.0635991085179
branch_and_bound,CA2 Pyramidal,7,transition,LEC LIII Complex Pyramidal,EC LIII Pyramidal Stellate,538.1000722266449
branch_and_bound,CA2 Pyramidal,8,transition,EC LIII Pyramidal Stellate,MEC LIII Complex Pyramidal,647.4324185181202
branch_and_bound,CA2 Pyramidal,9,transition,MEC LIII Complex Pyramidal,MEC LII Stellate,1193.0847203135872
branch_and_bound,CA2 Pyramidal,10,transition,MEC LII Stellate,MEC LIII Bipolar Complex Pyramidal,2253.263353922492
branch_and_bound,CA2 Pyramidal,11,transition,MEC LIII Bipolar Complex Pyramidal,MEC LII III Pyramidal Multiform,156.10322882603091
branch_and_bound,CA2 Pyramidal,12,transition,MEC LII III Pyramidal Multiform,MEC LV Multipolar Pyramidal,750.744376370936
branch_and_bound,CA2 Pyramidal,13,transition,MEC LV Multipolar Pyramidal,MEC LV Superficial Pyramidal,138.44761428854213
branch_and_bound,CA2 Pyramidal,14,transition,MEC LV Superficial Pyramidal,MEC LV Pyramidal,138.477786593687
branch_and_bound,CA2 Pyramidal,15,transition,MEC LV Pyramidal,EC LI II Pyramidal Fan,17.464155842330424
branch_and_bound,CA2 Pyramidal,16,transition,EC LI II Pyramidal Fan,EC LI II Multipolar Pyramidal,7472.437106847604
branch_and_bound,CA2 Pyramidal,17,transition,EC LI II Multipolar Pyramidal,EC LIII Stellate,29349.85984134182
branch_and_bound,CA2 Pyramidal,18,transition,EC LIII Stellate,EC LII III Pyramidal Tripolar,69.81600034271409
branch_and_bound,CA2 Pyramidal,19,transition,EC LII III Pyramidal Tripolar,DG Granule,2807.534322760256
branch_and_bound,CA2 Pyramidal,20,transition,DG Granule,DG Mossy,44908.709978571016
branch_and_bound,CA2 Pyramidal,21,transition,DG Mossy,DG Semilunar Granule,50.6486718617241
branch_and_bound,CA2 Pyramidal,22,transition,DG Semilunar Granule,DG Hilar Ectopic Granule,4588.842439594102
branch_and_bound,CA2 Pyramidal,23,transition,DG Hilar Ectopic Granule,CA3 Pyramidal,0.0133035385226386
branch_and_bound,CA2 Pyramidal,24,transition,CA3 Pyramidal,CA3c Pyramidal,6774.278639391325
branch_and_bound,CA2 Pyramidal,25,transition,CA3c Pyramidal,CA1 Radiatum Giant,4064.510468839344
branch_and_bound,CA3 Granule,1,transition,CA3 Granule,CA3c Pyramidal,2.280811281935155
branch_and_bound,CA3 Granule,2,transition,CA3c Pyramidal,CA1 Pyramidal,85609.60976338176
branch_and_bound,CA3 Granule,3,transition,CA1 Pyramidal,MEC LV VI Pyramidal Polymorphic,13564.64480225756
branch_and_bound,CA3 Granule,4,transition,MEC LV VI Pyramidal Polymorphic,EC LIV VI Deep Multipolar Principal,86.77596588341953
branch_and_bound,CA3 Granule,5,transition,EC LIV VI Deep Multipolar Principal,LEC LVI Multipolar Pyramidal,2246.3636143897743
branch_and_bound,CA3 Granule,6,transition,LEC LVI Multipolar Pyramidal,LEC LIII Multipolar Principal,304.0317537911717
branch_and_bound,CA3 Granule,7,transition,LEC LIII Multipolar Principal,LEC LIII Complex Pyramidal,556.0635991085179
branch_and_bound,CA3 Granule,8,transition,LEC LIII Complex Pyramidal,EC LIII Pyramidal Stellate,538.1000722266449
branch_and_bound,CA3 Granule,9,transition,EC LIII Pyramidal Stellate,MEC LIII Complex Pyramidal,647.4324185181202
branch_and_bound,CA3 Granule,10,transition,MEC LIII Complex Pyramidal,MEC LII Stellate,1193.0847203135872
branch_and_bound,CA3 Granule,11,transition,MEC LII Stellate,MEC LIII Bipolar Complex Pyramidal,2253.263353922492
branch_and_bound,CA3 Granule,12,transition,MEC LIII Bipolar Complex Pyramidal,MEC LII III Pyramidal Multiform,156.10322882603091
branch_and_bound,CA3 Granule,13,transition,MEC LII III Pyramidal Multiform,MEC LV Multipolar Pyramidal,750.744376370936
branch_and_bound,CA3 Granule,14,transition,MEC LV Multipolar Pyramidal,MEC LV Superficial Pyramidal,138.44761428854213
branch_and_bound,CA3 Granule,15,transition,MEC LV Superficial Pyramidal,MEC LII Oblique Pyramidal,70.51994016979222
branch_and_bound,CA3 Granule,16,transition,MEC LII Oblique Pyramidal,EC LIII V Bipolar Pyramidal,12.284976246784383
branch_and_bound,CA3 Granule,17,transition,EC LIII V Bipolar Pyramidal,EC LII III Pyramidal Tripolar,340.43569682470206
branch_and_bound,CA3 Granule,18,transition,EC LII III Pyramidal Tripolar,EC LI II Multipolar Pyramidal,4216.395703649579
branch_and_bound,CA3 Granule,19,transition,EC LI II Multipolar Pyramidal,EC LIII Stellate,29349.85984134182
branch_and_bound,CA3 Granule,20,transition,EC LIII Stellate,EC LIII Pyramidal,65.42000887199006
branch_and_bound,CA3 Granule,21,transition,EC LIII Pyramidal,EC LV Deep Pyramidal,31.48238204973288
branch_and_bound,CA3 Granule,22,transition,EC LV Deep Pyramidal,MEC LV Pyramidal,172.39609835538727
branch_and_bound,CA3 Granule,23,transition,MEC LV Pyramidal,DG Granule,9568.736896643586
branch_and_bound,CA3 Granule,24,transition,DG Granule,DG Mossy,44908.709978571016
branch_and_bound,CA3 Granule,25,transition,DG Mossy,DG Semilunar Granule,50.6486718617241
branch_and_bound,CA3 Granule,26,transition,DG Semilunar Granule,DG Hilar Ectopic Granule,4588.842439594102
branch_and_bound,CA3 Granule,27,transition,DG Hilar Ectopic Granule,CA3 Pyramidal,0.0133035385226386
branch_and_bound,CA3 Granule,28,transition,CA3 Pyramidal,CA2 Pyramidal,12467.302061608583
branch_and_bound,CA3 Granule,29,transition,CA2 Pyramidal,CA1 Radiatum Giant,263.0645063940111
branch_and_bound,CA3 Pyramidal,1,transition,CA3 Pyramidal,CA2 Pyramidal,12467.302061608583
branch_and_bound,CA3 Pyramidal,2,transition,CA2 Pyramidal,CA1 Pyramidal,5532.563189259333
branch_and_bound,CA3 Pyramidal,3,transition,CA1 Pyramidal,MEC LV VI Pyramidal Polymorphic,13564.64480225756
branch_and_bound,CA3 Pyramidal,4,transition,MEC LV VI Pyramidal Polymorphic,EC LIV VI Deep Multipolar Principal,86.77596588341953
branch_and_bound,CA3 Pyramidal,5,transition,EC LIV VI Deep Multipolar Principal,LEC LVI Multipolar Pyramidal,2246.3636143897743
branch_and_bound,CA3 Pyramidal,6,transition,LEC LVI Multipolar Pyramidal,LEC LIII Multipolar Principal,304.0317537911717
branch_and_bound,CA3 Pyramidal,7,transition,LEC LIII Multipolar Principal,LEC LIII Complex Pyramidal,556.0635991085179
branch_and_bound,CA3 Pyramidal,8,transition,LEC LIII Complex Pyramidal,EC LIII Pyramidal Stellate,538.1000722266449
branch_and_bound,CA3 Pyramidal,9,transition,EC LIII Pyramidal Stellate,MEC LIII Complex Pyramidal,647.4324185181202
branch_and_bound,CA3 Pyramidal,10,transition,MEC LIII Complex Pyramidal,MEC LII Stellate,1193.0847203135872
branch_and_bound,CA3 Pyramidal,11,transition,MEC LII Stellate,MEC LIII Bipolar Complex Pyramidal,2253.263353922492
branch_and_bound,CA3 Pyramidal,12,transition,MEC LIII Bipolar Complex Pyramidal,MEC LII III Pyramidal Multiform,156.10322882603091
branch_and_bound,CA3 Pyramidal,13,transition,MEC LII III Pyramidal Multiform,MEC LV Multipolar Pyramidal,750.744376370936
branch_and_bound,CA3 Pyramidal,14,transition,MEC LV Multipolar Pyramidal,MEC LV Superficial Pyramidal,138.44761428854213
branch_and_bound,CA3 Pyramidal,15,transition,MEC LV Superficial Pyramidal,MEC LII Oblique Pyramidal,70.51994016979222
branch_and_bound,CA3 Pyramidal,16,transition,MEC LII Oblique Pyramidal,EC LIII Pyramidal,11.986703742041488
branch_and_bound,CA3 Pyramidal,17,transition,EC LIII Pyramidal,EC LII III Pyramidal Tripolar,18.60625677457176
branch_and_bound,CA3 Pyramidal,18,transition,EC LII III Pyramidal Tripolar,EC LI II Pyramidal Fan,372.0363013112631
branch_and_bound,CA3 Pyramidal,19,transition,EC LI II Pyramidal Fan,EC LI II Multipolar Pyramidal,7472.437106847604
branch_and_bound,CA3 Pyramidal,20,transition,EC LI II Multipolar Pyramidal,EC LIII Stellate,29349.85984134182
branch_and_bound,CA3 Pyramidal,21,transition,EC LIII Stellate,EC LIII V Bipolar Pyramidal,17.203193101718238
branch_and_bound,CA3 Pyramidal,22,transition,EC LIII V Bipolar Pyramidal,EC LV Deep Pyramidal,430.7344261554038
branch_and_bound,CA3 Pyramidal,23,transition,EC LV Deep Pyramidal,MEC LV Pyramidal,172.39609835538727
branch_and_bound,CA3 Pyramidal,24,transition,MEC LV Pyramidal,DG Granule,9568.736896643586
branch_and_bound,CA3 Pyramidal,25,transition,DG Granule,DG Mossy,44908.709978571016
branch_and_bound,CA3 Pyramidal,26,transition,DG Mossy,DG Hilar Ectopic Granule,2119.754290320353
branch_and_bound,CA3 Pyramidal,27,transition,DG Hilar Ectopic Granule,CA3c Pyramidal,0.0550567880071112
branch_and_bound,CA3 Pyramidal,28,transition,CA3c Pyramidal,CA1 Radiatum Giant,4064.510468839344
branch_and_bound,CA3c Pyramidal,1,transition,CA3c Pyramidal,CA1 Pyramidal,85609.60976338176
branch_and_bound,CA3c Pyramidal,2,transition,CA1 Pyramidal,MEC LV VI Pyramidal Polymorphic,13564.64480225756
branch_and_bound,CA3c Pyramidal,3,transition,MEC LV VI Pyramidal Polymorphic,EC LIV VI Deep Multipolar Principal,86.77596588341953
branch_and_bound,CA3c Pyramidal,4,transition,EC LIV VI Deep Multipolar Principal,LEC LVI Multipolar Pyramidal,2246.3636143897743
branch_and_bound,CA3c Pyramidal,5,transition,LEC LVI Multipolar Pyramidal,LEC LIII Multipolar Principal,304.0317537911717
branch_and_bound,CA3c Pyramidal,6,transition,LEC LIII Multipolar Principal,LEC LIII Complex Pyramidal,556.0635991085179
branch_and_bound,CA3c Pyramidal,7,transition,LEC LIII Complex Pyramidal,EC LIII Pyramidal Stellate,538.1000722266449
branch_and_bound,CA3c Pyramidal,8,transition,EC LIII Pyramidal Stellate,MEC LIII Complex Pyramidal,647.4324185181202
branch_and_bound,CA3c Pyramidal,9,transition,MEC LIII Complex Pyramidal,MEC LII Stellate,1193.0847203135872
branch_and_bound,CA3c Pyramidal,10,transition,MEC LII Stellate,MEC LIII Bipolar Complex Pyramidal,2253.263353922492
branch_and_bound,CA3c Pyramidal,11,transition,MEC LIII Bipolar Complex Pyramidal,MEC LII III Pyramidal Multiform,156.10322882603091
branch_and_bound,CA3c Pyramidal,12,transition,MEC LII III Pyramidal Multiform,MEC LV Multipolar Pyramidal,750.744376370936
branch_and_bound,CA3c Pyramidal,13,transition,MEC LV Multipolar Pyramidal,MEC LV Superficial Pyramidal,138.44761428854213
branch_and_bound,CA3c Pyramidal,14,transition,MEC LV Superficial Pyramidal,MEC LII Oblique Pyramidal,70.51994016979222
branch_and_bound,CA3c Pyramidal,15,transition,MEC LII Oblique Pyramidal,EC LIII V Bipolar Pyramidal,12.284976246784383
branch_and_bound,CA3c Pyramidal,16,transition,EC LIII V Bipolar Pyramidal,EC LII III Pyramidal Tripolar,340.43569682470206
branch_and_bound,CA3c Pyramidal,17,transition,EC LII III Pyramidal Tripolar,EC LI II Multipolar Pyramidal,4216.395703649579
branch_and_bound,CA3c Pyramidal,18,transition,EC LI II Multipolar Pyramidal,EC LIII Stellate,29349.85984134182
branch_and_bound,CA3c Pyramidal,19,transition,EC LIII Stellate,EC LIII Pyramidal,65.42000887199006
branch_and_bound,CA3c Pyramidal,20,transition,EC LIII Pyramidal,EC LV Deep Pyramidal,31.48238204973288
branch_and_bound,CA3c Pyramidal,21,transition,EC LV Deep Pyramidal,MEC LV Pyramidal,172.39609835538727
branch_and_bound,CA3c Pyramidal,22,transition,MEC LV Pyramidal,DG Granule,9568.736896643586
branch_and_bound,CA3c Pyramidal,23,transition,DG Granule,DG Mossy,44908.709978571016
branch_and_bound,CA3c Pyramidal,24,transition,DG Mossy,DG Semilunar Granule,50.6486718617241
branch_and_bound,CA3c Pyramidal,25,transition,DG Semilunar Granule,DG Hilar Ectopic Granule,4588.842439594102
branch_and_bound,CA3c Pyramidal,26,transition,DG Hilar Ectopic Granule,CA3 Pyramidal,0.0133035385226386
branch_and_bound,CA3c Pyramidal,27,transition,CA3 Pyramidal,CA2 Pyramidal,12467.302061608583
branch_and_bound,CA3c Pyramidal,28,transition,CA2 Pyramidal,CA3 Granule,592.9863345985209
branch_and_bound,DG Granule,1,transition,DG Granule,DG Mossy,44908.709978571016
branch_and_bound,DG Granule,2,transition,DG Mossy,DG Hilar Ectopic Granule,2119.754290320353
branch_and_bound,DG Granule,3,transition,DG Hilar Ectopic Granule,CA3c Pyramidal,0.0550567880071112
branch_and_bound,DG Granule,4,transition,CA3c Pyramidal,CA1 Pyramidal,85609.60976338176
branch_and_bound,DG Granule,5,transition,CA1 Pyramidal,MEC LV VI Pyramidal Polymorphic,13564.64480225756
branch_and_bound,DG Granule,6,transition,MEC LV VI Pyramidal Polymorphic,EC LIV VI Deep Multipolar Principal,86.77596588341953
branch_and_bound,DG Granule,7,transition,EC LIV VI Deep Multipolar Principal,LEC LVI Multipolar Pyramidal,2246.3636143897743
branch_and_bound,DG Granule,8,transition,LEC LVI Multipolar Pyramidal,LEC LIII Multipolar Principal,304.0317537911717
branch_and_bound,DG Granule,9,transition,LEC LIII Multipolar Principal,LEC LIII Complex Pyramidal,556.0635991085179
branch_and_bound,DG Granule,10,transition,LEC LIII Complex Pyramidal,EC LIII Pyramidal Stellate,538.1000722266449
branch_and_bound,DG Granule,11,transition,EC LIII Pyramidal Stellate,MEC LIII Complex Pyramidal,647.4324185181202
branch_and_bound,DG Granule,12,transition,MEC LIII Complex Pyramidal,MEC LII Stellate,1193.0847203135872
branch_and_bound,DG Granule,13,transition,MEC LII Stellate,MEC LIII Bipolar Complex Pyramidal,2253.263353922492
branch_and_bound,DG Granule,14,transition,MEC LIII Bipolar Complex Pyramidal,MEC LII III Pyramidal Multiform,156.10322882603091
branch_and_bound,DG Granule,15,transition,MEC LII III Pyramidal Multiform,MEC LV Multipolar Pyramidal,750.744376370936
branch_and_bound,DG Granule,16,transition,MEC LV Multipolar Pyramidal,MEC LV Superficial Pyramidal,138.44761428854213
branch_and_bound,DG Granule,17,transition,MEC LV Superficial Pyramidal,MEC LII Oblique Pyramidal,70.51994016979222
branch_and_bound,DG Granule,18,transition,MEC LII Oblique Pyramidal,EC LIII V Bipolar Pyramidal,12.284976246784383
branch_and_bound,DG Granule,19,transition,EC LIII V Bipolar Pyramidal,EC LII III Pyramidal Tripolar,340.43569682470206
branch_and_bound,DG Granule,20,transition,EC LII III Pyramidal Tripolar,EC LI II Multipolar Pyramidal,4216.395703649579
branch_and_bound,DG Granule,21,transition,EC LI II Multipolar Pyramidal,EC LIII Stellate,29349.85984134182
branch_and_bound,DG Granule,22,transition,EC LIII Stellate,EC LIII Pyramidal,65.42000887199006
branch_and_bound,DG Granule,23,transition,EC LIII Pyramidal,EC LV Deep Pyramidal,31.48238204973288
branch_and_bound,DG Granule,24,transition,EC LV Deep Pyramidal,MEC LV Pyramidal,172.39609835538727
branch_and_bound,DG Granule,25,transition,MEC LV Pyramidal,DG Semilunar Granule,525.4341809218159
branch_and_bound,DG Granule,26,transition,DG Semilunar Granule,CA3 Pyramidal,64.21877861632397
branch_and_bound,DG Granule,27,transition,CA3 Pyramidal,CA2 Pyramidal,12467.302061608583
branch_and_bound,DG Granule,28,transition,CA2 Pyramidal,CA3 Granule,592.9863345985209
branch_and_bound,DG Hilar Ectopic Granule,1,transition,DG Hilar Ectopic Granule,DG Mossy,1.6138578915994803
branch_and_bound,DG Hilar Ectopic Granule,2,transition,DG Mossy,DG Granule,968.2502990077752
branch_and_bound,DG Hilar Ectopic Granule,3,transition,DG Granule,CA2 Pyramidal,3360.733225493062
branch_and_bound,DG Hilar Ectopic Granule,4,transition,CA2 Pyramidal,CA1 Pyramidal,5532.563189259333
branch_and_bound,DG Hilar Ectopic Granule,5,transition,CA1 Pyramidal,MEC LV VI Pyramidal Polymorphic,13564.64480225756
branch_and_bound,DG Hilar Ectopic Granule,6,transition,MEC LV VI Pyramidal Polymorphic,EC LIV VI Deep Multipolar Principal,86.77596588341953
branch_and_bound,DG Hilar Ectopic Granule,7,transition,EC LIV VI Deep Multipolar Principal,LEC LVI Multipolar Pyramidal,2246.3636143897743
branch_and_bound,DG Hilar Ectopic Granule,8,transition,LEC LVI Multipolar Pyramidal,LEC LIII Multipolar Principal,304.0317537911717
branch_and_bound,DG Hilar Ectopic Granule,9,transition,LEC LIII Multipolar Principal,LEC LIII Complex Pyramidal,556.0635991085179
branch_and_bound,DG Hilar Ectopic Granule,10,transition,LEC LIII Complex Pyramidal,EC LIII Pyramidal Stellate,538.1000722266449
branch_and_bound,DG Hilar Ectopic Granule,11,transition,EC LIII Pyramidal Stellate,MEC LIII Complex Pyramidal,647.4324185181202
branch_and_bound,DG Hilar Ectopic Granule,12,transition,MEC LIII Complex Pyramidal,MEC LII Stellate,1193.0847203135872
branch_and_bound,DG Hilar Ectopic Granule,13,transition,MEC LII Stellate,MEC LIII Bipolar Complex Pyramidal,2253.263353922492
branch_and_bound,DG Hilar Ectopic Granule,14,transition,MEC LIII Bipolar Complex Pyramidal,MEC LII III Pyramidal Multiform,156.10322882603091
branch_and_bound,DG Hilar Ectopic Granule,15,transition,MEC LII III Pyramidal Multiform,MEC LV Multipolar Pyramidal,750.744376370936
branch_and_bound,DG Hilar Ectopic Granule,16,transition,MEC LV Multipolar Pyramidal,MEC LV Superficial Pyramidal,138.44761428854213
branch_and_bound,DG Hilar Ectopic Granule,17,transition,MEC LV Superficial Pyramidal,MEC LV Pyramidal,138.477786593687
branch_and_bound,DG Hilar Ectopic Granule,18,transition,MEC LV Pyramidal,EC LI II Pyramidal Fan,17.464155842330424
branch_and_bound,DG Hilar Ectopic Granule,19,transition,EC LI II Pyramidal Fan,EC LI II Multipolar Pyramidal,7472.437106847604
branch_and_bound,DG Hilar Ectopic Granule,20,transition,EC LI II Multipolar Pyramidal,EC LIII Stellate,29349.85984134182
branch_and_bound,DG Hilar Ectopic Granule,21,transition,EC LIII Stellate,EC LII III Pyramidal Tripolar,69.81600034271409
branch_and_bound,DG Hilar Ectopic Granule,22,transition,EC LII III Pyramidal Tripolar,DG Semilunar Granule,236.3870433024337
branch_and_bound,DG Hilar Ectopic Granule,23,transition,DG Semilunar Granule,CA3 Pyramidal,64.21877861632397
branch_and_bound,DG Hilar Ectopic Granule,24,transition,CA3 Pyramidal,CA3c Pyramidal,6774.278639391325
branch_and_bound,DG Hilar Ectopic Granule,25,transition,CA3c Pyramidal,CA1 Radiatum Giant,4064.510468839344
branch_and_bound,DG Mossy,1,transition,DG Mossy,DG Hilar Ectopic Granule,2119.754290320353
branch_and_bound,DG Mossy,2,transition,DG Hilar Ectopic Granule,CA3c Pyramidal,0.0550567880071112
branch_and_bound,DG Mossy,3,transition,CA3c Pyramidal,CA1 Pyramidal,85609.60976338176
branch_and_bound,DG Mossy,4,transition,CA1 Pyramidal,MEC LV VI Pyramidal Polymorphic,13564.64480225756
branch_and_bound,DG Mossy,5,transition,MEC LV VI Pyramidal Polymorphic,EC LIV VI Deep Multipolar Principal,86.77596588341953
branch_and_bound,DG Mossy,6,transition,EC LIV VI Deep Multipolar Principal,LEC LVI Multipolar Pyramidal,2246.3636143897743
branch_and_bound,DG Mossy,7,transition,LEC LVI Multipolar Pyramidal,LEC LIII Multipolar Principal,304.0317537911717
branch_and_bound,DG Mossy,8,transition,LEC LIII Multipolar Principal,LEC LIII Complex Pyramidal,556.0635991085179
branch_and_bound,DG Mossy,9,transition,LEC LIII Complex Pyramidal,EC LIII Pyramidal Stellate,538.1000722266449
branch_and_bound,DG Mossy,10,transition,EC LIII Pyramidal Stellate,MEC LIII Complex Pyramidal,647.4324185181202
branch_and_bound,DG Mossy,11,transition,MEC LIII Complex Pyramidal,MEC LII Stellate,1193.0847203135872
branch_and_bound,DG Mossy,12,transition,MEC LII Stellate,MEC LIII Bipolar Complex Pyramidal,2253.263353922492
branch_and_bound,DG Mossy,13,transition,MEC LIII Bipolar Complex Pyramidal,MEC LII III Pyramidal Multiform,156.10322882603091
branch_and_bound,DG Mossy,14,transition,MEC LII III Pyramidal Multiform,MEC LV Multipolar Pyramidal,750.744376370936
branch_and_bound,DG Mossy,15,transition,MEC LV Multipolar Pyramidal,MEC LV Superficial Pyramidal,138.44761428854213
branch_and_bound,DG Mossy,16,transition,MEC LV Superficial Pyramidal,MEC LII Oblique Pyramidal,70.51994016979222
branch_and_bound,DG Mossy,17,transition,MEC LII Oblique Pyramidal,EC LIII V Bipolar Pyramidal,12.284976246784383
branch_and_bound,DG Mossy,18,transition,EC LIII V Bipolar Pyramidal,EC LII III Pyramidal Tripolar,340.43569682470206
branch_and_bound,DG Mossy,19,transition,EC LII III Pyramidal Tripolar,EC LI II Pyramidal Fan,372.0363013112631
branch_and_bound,DG Mossy,20,transition,EC LI II Pyramidal Fan,EC LI II Multipolar Pyramidal,7472.437106847604
branch_and_bound,DG Mossy,21,transition,EC LI II Multipolar Pyramidal,EC LIII Stellate,29349.85984134182
branch_and_bound,DG Mossy,22,transition,EC LIII Stellate,EC LIII Pyramidal,65.42000887199006
branch_and_bound,DG Mossy,23,transition,EC LIII Pyramidal,EC LV Deep Pyramidal,31.48238204973288
branch_and_bound,DG Mossy,24,transition,EC LV Deep Pyramidal,MEC LV Pyramidal,172.39609835538727
branch_and_bound,DG Mossy,25,transition,MEC LV Pyramidal,DG Granule,9568.736896643586
branch_and_bound,DG Mossy,26,transition,DG Granule,CA3 Pyramidal,234.86430763410192
branch_and_bound,DG Mossy,27,transition,CA3 Pyramidal,CA2 Pyramidal,12467.302061608583
branch_and_bound,DG Mossy,28,transition,CA2 Pyramidal,CA3 Granule,592.9863345985209
branch_and_bound,DG Semilunar Granule,1,transition,DG Semilunar Granule,DG Mossy,5155.105798787127
branch_and_bound,DG Semilunar Granule,2,transition,DG Mossy,DG Hilar Ectopic Granule,2119.754290320353
branch_and_bound,DG Semilunar Granule,3,transition,DG Hilar Ectopic Granule,CA3c Pyramidal,0.0550567880071112
branch_and_bound,DG Semilunar Granule,4,transition,CA3c Pyramidal,CA1 Pyramidal,85609.60976338176
branch_and_bound,DG Semilunar Granule,5,transition,CA1 Pyramidal,MEC LV VI Pyramidal Polymorphic,13564.64480225756
branch_and_bound,DG Semilunar Granule,6,transition,MEC LV VI Pyramidal Polymorphic,EC LIV VI Deep Multipolar Principal,86.77596588341953
branch_and_bound,DG Semilunar Granule,7,transition,EC LIV VI Deep Multipolar Principal,LEC LVI Multipolar Pyramidal,2246.3636143897743
branch_and_bound,DG Semilunar Granule,8,transition,LEC LVI Multipolar Pyramidal,LEC LIII Multipolar Principal,304.0317537911717
branch_and_bound,DG Semilunar Granule,9,transition,LEC LIII Multipolar Principal,LEC LIII Complex Pyramidal,556.0635991085179
branch_and_bound,DG Semilunar Granule,10,transition,LEC LIII Complex Pyramidal,EC LIII Pyramidal Stellate,538.1000722266449
branch_and_bound,DG Semilunar Granule,11,transition,EC LIII Pyramidal Stellate,MEC LIII Complex Pyramidal,647.4324185181202
branch_and_bound,DG Semilunar Granule,12,transition,MEC LIII Complex Pyramidal,MEC LII Stellate,1193.0847203135872
branch_and_bound,DG Semilunar Granule,13,transition,MEC LII Stellate,MEC LIII Bipolar Complex Pyramidal,2253.263353922492
branch_and_bound,DG Semilunar Granule,14,transition,MEC LIII Bipolar Complex Pyramidal,MEC LII III Pyramidal Multiform,156.10322882603091
branch_and_bound,DG Semilunar Granule,15,transition,MEC LII III Pyramidal Multiform,MEC LV Multipolar Pyramidal,750.744376370936
branch_and_bound,DG Semilunar Granule,16,transition,MEC LV Multipolar Pyramidal,MEC LV Superficial Pyramidal,138.44761428854213
branch_and_bound,DG Semilunar Granule,17,transition,MEC LV Superficial Pyramidal,MEC LII Oblique Pyramidal,70.51994016979222
branch_and_bound,DG Semilunar Granule,18,transition,MEC LII Oblique Pyramidal,EC LII III Pyramidal Tripolar,11.97337518907701
branch_and_bound,DG Semilunar Granule,19,transition,EC LII III Pyramidal Tripolar,EC LI II Multipolar Pyramidal,4216.395703649579
branch_and_bound,DG Semilunar Granule,20,transition,EC LI II Multipolar Pyramidal,EC LIII Stellate,29349.85984134182
branch_and_bound,DG Semilunar Granule,21,transition,EC LIII Stellate,EC LIII Pyramidal,65.42000887199006
branch_and_bound,DG Semilunar Granule,22,transition,EC LIII Pyramidal,EC LIII V Bipolar Pyramidal,34.402964559753684
branch_and_bound,DG Semilunar Granule,23,transition,EC LIII V Bipolar Pyramidal,EC LV Deep Pyramidal,430.7344261554038
branch_and_bound,DG Semilunar Granule,24,transition,EC LV Deep Pyramidal,MEC LV Pyramidal,172.39609835538727
branch_and_bound,DG Semilunar Granule,25,transition,MEC LV Pyramidal,DG Granule,9568.736896643586
branch_and_bound,DG Semilunar Granule,26,transition,DG Granule,CA3 Pyramidal,234.86430763410192
branch_and_bound,DG Semilunar Granule,27,transition,CA3 Pyramidal,CA2 Pyramidal,12467.302061608583
branch_and_bound,DG Semilunar Granule,28,transition,CA2 Pyramidal,CA3 Granule,592.9863345985209
branch_and_bound,EC LI II Multipolar Pyramidal,1,transition,EC LI II Multipolar Pyramidal,MEC LIII Bipolar Complex Pyramidal,30698.001365671505
branch_and_bound,EC LI II Multipolar Pyramidal,2,transition,MEC LIII Bipolar Complex Pyramidal,MEC LIII Complex Pyramidal,861.1914192115519
branch_and_bound,EC LI II Multipolar Pyramidal,3,transition,MEC LIII Complex Pyramidal,MEC LII Stellate,1193.0847203135872
branch_and_bound,EC LI II Multipolar Pyramidal,4,transition,MEC LII Stellate,CA3 Granule,19640.6765649223
branch_and_bound,EC LI II Multipolar Pyramidal,5,transition,CA3 Granule,CA3c Pyramidal,2.280811281935155
branch_and_bound,EC LI II Multipolar Pyramidal,6,transition,CA3c Pyramidal,CA1 Pyramidal,85609.60976338176
branch_and_bound,EC LI II Multipolar Pyramidal,7,transition,CA1 Pyramidal,MEC LV VI Pyramidal Polymorphic,13564.64480225756
branch_and_bound,EC LI II Multipolar Pyramidal,8,transition,MEC LV VI Pyramidal Polymorphic,EC LIV VI Deep Multipolar Principal,86.77596588341953
branch_and_bound,EC LI II Multipolar Pyramidal,9,transition,EC LIV VI Deep Multipolar Principal,LEC LVI Multipolar Pyramidal,2246.3636143897743
branch_and_bound,EC LI II Multipolar Pyramidal,10,transition,LEC LVI Multipolar Pyramidal,LEC LIII Multipolar Principal,304.0317537911717
branch_and_bound,EC LI II Multipolar Pyramidal,11,transition,LEC LIII Multipolar Principal,LEC LIII Complex Pyramidal,556.0635991085179
branch_and_bound,EC LI II Multipolar Pyramidal,12,transition,LEC LIII Complex Pyramidal,EC LIII Pyramidal Stellate,538.1000722266449
branch_and_bound,EC LI II Multipolar Pyramidal,13,transition,EC LIII Pyramidal Stellate,EC LII III Pyramidal Tripolar,254.6407583376596
branch_and_bound,EC LI II Multipolar Pyramidal,14,transition,EC LII III Pyramidal Tripolar,DG Granule,2807.534322760256
branch_and_bound,EC LI II Multipolar Pyramidal,15,transition,DG Granule,DG Mossy,44908.709978571016
branch_and_bound,EC LI II Multipolar Pyramidal,16,transition,DG Mossy,DG Semilunar Granule,50.6486718617241
branch_and_bound,EC LI II Multipolar Pyramidal,17,transition,DG Semilunar Granule,DG Hilar Ectopic Granule,4588.842439594102
branch_and_bound,EC LI II Multipolar Pyramidal,18,transition,DG Hilar Ectopic Granule,CA3 Pyramidal,0.0133035385226386
branch_and_bound,EC LI II Multipolar Pyramidal,19,transition,CA3 Pyramidal,CA2 Pyramidal,12467.302061608583
branch_and_bound,EC LI II Multipolar Pyramidal,20,transition,CA2 Pyramidal,CA1 Radiatum Giant,263.0645063940111
branch_and_bound,EC LI II Pyramidal Fan,1,transition,EC LI II Pyramidal Fan,EC LI II Multipolar Pyramidal,7472.437106847604
branch_and_bound,EC LI II Pyramidal Fan,2,transition,EC LI II Multipolar Pyramidal,MEC LIII Bipolar Complex Pyramidal,30698.001365671505
branch_and_bound,EC LI II Pyramidal Fan,3,transition,MEC LIII Bipolar Complex Pyramidal,MEC LIII Complex Pyramidal,861.1914192115519
branch_and_bound,EC LI II Pyramidal Fan,4,transition,MEC LIII Complex Pyramidal,MEC LII Stellate,1193.0847203135872
branch_and_bound,EC LI II Pyramidal Fan,5,transition,MEC LII Stellate,CA3 Granule,19640.6765649223
branch_and_bound,EC LI II Pyramidal Fan,6,transition,CA3 Granule,CA3c Pyramidal,2.280811281935155
branch_and_bound,EC LI II Pyramidal Fan,7,transition,CA3c Pyramidal,CA1 Pyramidal,85609.60976338176
branch_and_bound,EC LI II Pyramidal Fan,8,transition,CA1 Pyramidal,MEC LV VI Pyramidal Polymorphic,13564.64480225756
branch_and_bound,EC LI II Pyramidal Fan,9,transition,MEC LV VI Pyramidal Polymorphic,EC LIV VI Deep Multipolar Principal,86.77596588341953
branch_and_bound,EC LI II Pyramidal Fan,10,transition,EC LIV VI Deep Multipolar Principal,LEC LVI Multipolar Pyramidal,2246.3636143897743
branch_and_bound,EC LI II Pyramidal Fan,11,transition,LEC LVI Multipolar Pyramidal,LEC LIII Multipolar Principal,304.0317537911717
branch_and_bound,EC LI II Pyramidal Fan,12,transition,LEC LIII Multipolar Principal,LEC LIII Complex Pyramidal,556.0635991085179
branch_and_bound,EC LI II Pyramidal Fan,13,transition,LEC LIII Complex Pyramidal,EC LIII Pyramidal Stellate,538.1000722266449
branch_and_bound,EC LI II Pyramidal Fan,14,transition,EC LIII Pyramidal Stellate,EC LII III Pyramidal Tripolar,254.6407583376596
branch_and_bound,EC LI II Pyramidal Fan,15,transition,EC LII III Pyramidal Tripolar,DG Granule,2807.534322760256
branch_and_bound,EC LI II Pyramidal Fan,16,transition,DG Granule,DG Mossy,44908.709978571016
branch_and_bound,EC LI II Pyramidal Fan,17,transition,DG Mossy,DG Semilunar Granule,50.6486718617241
branch_and_bound,EC LI II Pyramidal Fan,18,transition,DG Semilunar Granule,DG Hilar Ectopic Granule,4588.842439594102
branch_and_bound,EC LI II Pyramidal Fan,19,transition,DG Hilar Ectopic Granule,CA3 Pyramidal,0.0133035385226386
branch_and_bound,EC LI II Pyramidal Fan,20,transition,CA3 Pyramidal,CA2 Pyramidal,12467.302061608583
branch_and_bound,EC LI II Pyramidal Fan,21,transition,CA2 Pyramidal,CA1 Radiatum Giant,263.0645063940111
branch_and_bound,EC LII III Pyramidal Tripolar,1,transition,EC LII III Pyramidal Tripolar,EC LI II Multipolar Pyramidal,4216.395703649579
branch_and_bound,EC LII III Pyramidal Tripolar,2,transition,EC LI II Multipolar Pyramidal,MEC LIII Bipolar Complex Pyramidal,30698.001365671505
branch_and_bound,EC LII III Pyramidal Tripolar,3,transition,MEC LIII Bipolar Complex Pyramidal,MEC LIII Complex Pyramidal,861.1914192115519
branch_and_bound,EC LII III Pyramidal Tripolar,4,transition,MEC LIII Complex Pyramidal,MEC LII Stellate,1193.0847203135872
branch_and_bound,EC LII III Pyramidal Tripolar,5,transition,MEC LII Stellate,CA3 Granule,19640.6765649223
branch_and_bound,EC LII III Pyramidal Tripolar,6,transition,CA3 Granule,CA3c Pyramidal,2.280811281935155
branch_and_bound,EC LII III Pyramidal Tripolar,7,transition,CA3c Pyramidal,CA1 Pyramidal,85609.60976338176
branch_and_bound,EC LII III Pyramidal Tripolar,8,transition,CA1 Pyramidal,MEC LV VI Pyramidal Polymorphic,13564.64480225756
branch_and_bound,EC LII III Pyramidal Tripolar,9,transition,MEC LV VI Pyramidal Polymorphic,EC LIV VI Deep Multipolar Principal,86.77596588341953
branch_and_bound,EC LII III Pyramidal Tripolar,10,transition,EC LIV VI Deep Multipolar Principal,LEC LVI Multipolar Pyramidal,2246.3636143897743
branch_and_bound,EC LII III Pyramidal Tripolar,11,transition,LEC LVI Multipolar Pyramidal,LEC LIII Multipolar Principal,304.0317537911717
branch_and_bound,EC LII III Pyramidal Tripolar,12,transition,LEC LIII Multipolar Principal,LEC LIII Complex Pyramidal,556.0635991085179
branch_and_bound,EC LII III Pyramidal Tripolar,13,transition,LEC LIII Complex Pyramidal,EC LIII Pyramidal Stellate,538.1000722266449
branch_and_bound,EC LII III Pyramidal Tripolar,14,transition,EC LIII Pyramidal Stellate,EC LIII Pyramidal,241.99019548048847
branch_and_bound,EC LII III Pyramidal Tripolar,15,transition,EC LIII Pyramidal,EC LIII V Bipolar Pyramidal,34.402964559753684
branch_and_bound,EC LII III Pyramidal Tripolar,16,transition,EC LIII V Bipolar Pyramidal,EC LV Deep Pyramidal,430.7344261554038
branch_and_bound,EC LII III Pyramidal Tripolar,17,transition,EC LV Deep Pyramidal,MEC LV Pyramidal,172.39609835538727
branch_and_bound,EC LII III Pyramidal Tripolar,18,transition,MEC LV Pyramidal,DG Granule,9568.736896643586
branch_and_bound,EC LII III Pyramidal Tripolar,19,transition,DG Granule,DG Mossy,44908.709978571016
branch_and_bound,EC LII III Pyramidal Tripolar,20,transition,DG Mossy,DG Semilunar Granule,50.6486718617241
branch_and_bound,EC LII III Pyramidal Tripolar,21,transition,DG Semilunar Granule,DG Hilar Ectopic Granule,4588.842439594102
branch_and_bound,EC LII III Pyramidal Tripolar,22,transition,DG Hilar Ectopic Granule,CA3 Pyramidal,0.0133035385226386
branch_and_bound,EC LII III Pyramidal Tripolar,23,transition,CA3 Pyramidal,CA2 Pyramidal,12467.302061608583
branch_and_bound,EC LII III Pyramidal Tripolar,24,transition,CA2 Pyramidal,CA1 Radiatum Giant,263.0645063940111
branch_and_bound,EC LIII Pyramidal,1,transition,EC LIII Pyramidal,CA1 Pyramidal,399.8181948870682
branch_and_bound,EC LIII Pyramidal,2,transition,CA1 Pyramidal,MEC LV VI Pyramidal Polymorphic,13564.64480225756
branch_and_bound,EC LIII Pyramidal,3,transition,MEC LV VI Pyramidal Polymorphic,EC LIV VI Deep Multipolar Principal,86.77596588341953
branch_and_bound,EC LIII Pyramidal,4,transition,EC LIV VI Deep Multipolar Principal,LEC LVI Multipolar Pyramidal,2246.3636143897743
branch_and_bound,EC LIII Pyramidal,5,transition,LEC LVI Multipolar Pyramidal,LEC LIII Multipolar Principal,304.0317537911717
branch_and_bound,EC LIII Pyramidal,6,transition,LEC LIII Multipolar Principal,LEC LIII Complex Pyramidal,556.0635991085179
branch_and_bound,EC LIII Pyramidal,7,transition,LEC LIII Complex Pyramidal,EC LIII Pyramidal Stellate,538.1000722266449
branch_and_bound,EC LIII Pyramidal,8,transition,EC LIII Pyramidal Stellate,MEC LIII Complex Pyramidal,647.4324185181202
branch_and_bound,EC LIII Pyramidal,9,transition,MEC LIII Complex Pyramidal,MEC LII Stellate,1193.0847203135872
branch_and_bound,EC LIII Pyramidal,10,transition,MEC LII Stellate,MEC LIII Bipolar Complex Pyramidal,2253.263353922492
branch_and_bound,EC LIII Pyramidal,11,transition,MEC LIII Bipolar Complex Pyramidal,MEC LII III Pyramidal Multiform,156.10322882603091
branch_and_bound,EC LIII Pyramidal,12,transition,MEC LII III Pyramidal Multiform,MEC LV Multipolar Pyramidal,750.744376370936
branch_and_bound,EC LIII Pyramidal,13,transition,MEC LV Multipolar Pyramidal,MEC LV Superficial Pyramidal,138.44761428854213
branch_and_bound,EC LIII Pyramidal,14,transition,MEC LV Superficial Pyramidal,MEC LV Pyramidal,138.477786593687
branch_and_bound,EC LIII Pyramidal,15,transition,MEC LV Pyramidal,EC LI II Pyramidal Fan,17.464155842330424
branch_and_bound,EC LIII Pyramidal,16,transition,EC LI II Pyramidal Fan,EC LI II Multipolar Pyramidal,7472.437106847604
branch_and_bound,EC LIII Pyramidal,17,transition,EC LI II Multipolar Pyramidal,EC LIII Stellate,29349.85984134182
branch_and_bound,EC LIII Pyramidal,18,transition,EC LIII Stellate,EC LII III Pyramidal Tripolar,69.81600034271409
branch_and_bound,EC LIII Pyramidal,19,transition,EC LII III Pyramidal Tripolar,DG Granule,2807.534322760256
branch_and_bound,EC LIII Pyramidal,20,transition,DG Granule,DG Mossy,44908.709978571016
branch_and_bound,EC LIII Pyramidal,21,transition,DG Mossy,DG Hilar Ectopic Granule,2119.754290320353
branch_and_bound,EC LIII Pyramidal,22,transition,DG Hilar Ectopic Granule,CA3c Pyramidal,0.0550567880071112
branch_and_bound,EC LIII Pyramidal,23,transition,CA3c Pyramidal,CA2 Pyramidal,24424.53581944845
branch_and_bound,EC LIII Pyramidal,24,transition,CA2 Pyramidal,CA3 Pyramidal,1188.4585744965177
branch_and_bound,EC LIII Pyramidal,25,transition,CA3 Pyramidal,CA3 Granule,3063.7033025481774
branch_and_bound,EC LIII Pyramidal Stellate,1,transition,EC LIII Pyramidal Stellate,CA1 Pyramidal,5351.494110639728
branch_and_bound,EC LIII Pyramidal Stellate,2,transition,CA1 Pyramidal,MEC LV VI Pyramidal Polymorphic,13564.64480225756
branch_and_bound,EC LIII Pyramidal Stellate,3,transition,MEC LV VI Pyramidal Polymorphic,EC LIV VI Deep Multipolar Principal,86.77596588341953
branch_and_bound,EC LIII Pyramidal Stellate,4,transition,EC LIV VI Deep Multipolar Principal,LEC LVI Multipolar Pyramidal,2246.3636143897743
branch_and_bound,EC LIII Pyramidal Stellate,5,transition,LEC LVI Multipolar Pyramidal,LEC LIII Multipolar Principal,304.0317537911717
branch_and_bound,EC LIII Pyramidal Stellate,6,transition,LEC LIII Multipolar Principal,LEC LIII Complex Pyramidal,556.0635991085179
branch_and_bound,EC LIII Pyramidal Stellate,7,transition,LEC LIII Complex Pyramidal,EC LIII Stellate,422.07977447495017
branch_and_bound,EC LIII Pyramidal Stellate,8,transition,EC LIII Stellate,MEC LIII Complex Pyramidal,165.81222907217855
branch_and_bound,EC LIII Pyramidal Stellate,9,transition,MEC LIII Complex Pyramidal,MEC LII Stellate,1193.0847203135872
branch_and_bound,EC LIII Pyramidal Stellate,10,transition,MEC LII Stellate,MEC LIII Bipolar Complex Pyramidal,2253.263353922492
branch_and_bound,EC LIII Pyramidal Stellate,11,transition,MEC LIII Bipolar Complex Pyramidal,MEC LII III Pyramidal Multiform,156.10322882603091
branch_and_bound,EC LIII Pyramidal Stellate,12,transition,MEC LII III Pyramidal Multiform,MEC LV Multipolar Pyramidal,750.744376370936
branch_and_bound,EC LIII Pyramidal Stellate,13,transition,MEC LV Multipolar Pyramidal,MEC LV Superficial Pyramidal,138.44761428854213
branch_and_bound,EC LIII Pyramidal Stellate,14,transition,MEC LV Superficial Pyramidal,MEC LV Pyramidal,138.477786593687
branch_and_bound,EC LIII Pyramidal Stellate,15,transition,MEC LV Pyramidal,EC LI II Pyramidal Fan,17.464155842330424
branch_and_bound,EC LIII Pyramidal Stellate,16,transition,EC LI II Pyramidal Fan,EC LI II Multipolar Pyramidal,7472.437106847604
branch_and_bound,EC LIII Pyramidal Stellate,17,transition,EC LI II Multipolar Pyramidal,EC LII III Pyramidal Tripolar,28854.49238765121
branch_and_bound,EC LIII Pyramidal Stellate,18,transition,EC LII III Pyramidal Tripolar,DG Granule,2807.534322760256
branch_and_bound,EC LIII Pyramidal Stellate,19,transition,DG Granule,DG Mossy,44908.709978571016
branch_and_bound,EC LIII Pyramidal Stellate,20,transition,DG Mossy,DG Hilar Ectopic Granule,2119.754290320353
branch_and_bound,EC LIII Pyramidal Stellate,21,transition,DG Hilar Ectopic Granule,CA3c Pyramidal,0.0550567880071112
branch_and_bound,EC LIII Pyramidal Stellate,22,transition,CA3c Pyramidal,CA2 Pyramidal,24424.53581944845
branch_and_bound,EC LIII Pyramidal Stellate,23,transition,CA2 Pyramidal,CA3 Pyramidal,1188.4585744965177
branch_and_bound,EC LIII Pyramidal Stellate,24,transition,CA3 Pyramidal,CA3 Granule,3063.7033025481774
branch_and_bound,EC LIII Stellate,1,transition,EC LIII Stellate,MEC LIII Complex Pyramidal,165.81222907217855
branch_and_bound,EC LIII Stellate,2,transition,MEC LIII Complex Pyramidal,MEC LII Stellate,1193.0847203135872
branch_and_bound,EC LIII Stellate,3,transition,MEC LII Stellate,CA3 Granule,19640.6765649223
branch_and_bound,EC LIII Stellate,4,transition,CA3 Granule,CA3c Pyramidal,2.280811281935155
branch_and_bound,EC LIII Stellate,5,transition,CA3c Pyramidal,CA1 Pyramidal,85609.60976338176
branch_and_bound,EC LIII Stellate,6,transition,CA1 Pyramidal,MEC LV VI Pyramidal Polymorphic,13564.64480225756
branch_and_bound,EC LIII Stellate,7,transition,MEC LV VI Pyramidal Polymorphic,EC LIV VI Deep Multipolar Principal,86.77596588341953
branch_and_bound,EC LIII Stellate,8,transition,EC LIV VI Deep Multipolar Principal,LEC LVI Multipolar Pyramidal,2246.3636143897743
branch_and_bound,EC LIII Stellate,9,transition,LEC LVI Multipolar Pyramidal,LEC LIII Multipolar Principal,304.0317537911717
branch_and_bound,EC LIII Stellate,10,transition,LEC LIII Multipolar Principal,LEC LIII Complex Pyramidal,556.0635991085179
branch_and_bound,EC LIII Stellate,11,transition,LEC LIII Complex Pyramidal,EC LIII Pyramidal Stellate,538.1000722266449
branch_and_bound,EC LIII Stellate,12,transition,EC LIII Pyramidal Stellate,MEC LIII Bipolar Complex Pyramidal,418.9168875087689
branch_and_bound,EC LIII Stellate,13,transition,MEC LIII Bipolar Complex Pyramidal,MEC LII III Pyramidal Multiform,156.10322882603091
branch_and_bound,EC LIII Stellate,14,transition,MEC LII III Pyramidal Multiform,MEC LV Multipolar Pyramidal,750.744376370936
branch_and_bound,EC LIII Stellate,15,transition,MEC LV Multipolar Pyramidal,MEC LV Superficial Pyramidal,138.44761428854213
branch_and_bound,EC LIII Stellate,16,transition,MEC LV Superficial Pyramidal,EC LI II Multipolar Pyramidal,40.87273797797678
branch_and_bound,EC LIII Stellate,17,transition,EC LI II Multipolar Pyramidal,EC LII III Pyramidal Tripolar,28854.49238765121
branch_and_bound,EC LIII Stellate,18,transition,EC LII III Pyramidal Tripolar,DG Granule,2807.534322760256
branch_and_bound,EC LIII Stellate,19,transition,DG Granule,DG Mossy,44908.709978571016
branch_and_bound,EC LIII Stellate,20,transition,DG Mossy,DG Semilunar Granule,50.6486718617241
branch_and_bound,EC LIII Stellate,21,transition,DG Semilunar Granule,DG Hilar Ectopic Granule,4588.842439594102
branch_and_bound,EC LIII Stellate,22,transition,DG Hilar Ectopic Granule,CA3 Pyramidal,0.0133035385226386
branch_and_bound,EC LIII Stellate,23,transition,CA3 Pyramidal,CA2 Pyramidal,12467.302061608583
branch_and_bound,EC LIII Stellate,24,transition,CA2 Pyramidal,CA1 Radiatum Giant,263.0645063940111
branch_and_bound,EC LIII V Bipolar Pyramidal,1,transition,EC LIII V Bipolar Pyramidal,LEC LIII Multipolar Principal,1092.637693563088
branch_and_bound,EC LIII V Bipolar Pyramidal,2,transition,LEC LIII Multipolar Principal,LEC LIII Complex Pyramidal,556.0635991085179
branch_and_bound,EC LIII V Bipolar Pyramidal,3,transition,LEC LIII Complex Pyramidal,EC LIII Pyramidal Stellate,538.1000722266449
branch_and_bound,EC LIII V Bipolar Pyramidal,4,transition,EC LIII Pyramidal Stellate,CA1 Pyramidal,5351.494110639728
branch_and_bound,EC LIII V Bipolar Pyramidal,5,transition,CA1 Pyramidal,MEC LV VI Pyramidal Polymorphic,13564.64480225756
branch_and_bound,EC LIII V Bipolar Pyramidal,6,transition,MEC LV VI Pyramidal Polymorphic,EC LIV VI Deep Multipolar Principal,86.77596588341953
branch_and_bound,EC LIII V Bipolar Pyramidal,7,transition,EC LIV VI Deep Multipolar Principal,LEC LVI Multipolar Pyramidal,2246.3636143897743
branch_and_bound,EC LIII V Bipolar Pyramidal,8,transition,LEC LVI Multipolar Pyramidal,EC LV Deep Pyramidal,111.3648716437705
branch_and_bound,EC LIII V Bipolar Pyramidal,9,transition,EC LV Deep Pyramidal,MEC LV Pyramidal,172.39609835538727
branch_and_bound,EC LIII V Bipolar Pyramidal,10,transition,MEC LV Pyramidal,MEC LIII Complex Pyramidal,1440.789466146968
branch_and_bound,EC LIII V Bipolar Pyramidal,11,transition,MEC LIII Complex Pyramidal,MEC LII Stellate,1193.0847203135872
branch_and_bound,EC LIII V Bipolar Pyramidal,12,transition,MEC LII Stellate,MEC LIII Bipolar Complex Pyramidal,2253.263353922492
branch_and_bound,EC LIII V Bipolar Pyramidal,13,transition,MEC LIII Bipolar Complex Pyramidal,MEC LII III Pyramidal Multiform,156.10322882603091
branch_and_bound,EC LIII V Bipolar Pyramidal,14,transition,MEC LII III Pyramidal Multiform,MEC LV Multipolar Pyramidal,750.744376370936
branch_and_bound,EC LIII V Bipolar Pyramidal,15,transition,MEC LV Multipolar Pyramidal,MEC LV Superficial Pyramidal,138.44761428854213
branch_and_bound,EC LIII V Bipolar Pyramidal,16,transition,MEC LV Superficial Pyramidal,EC LI II Pyramidal Fan,3.037796001788656
branch_and_bound,EC LIII V Bipolar Pyramidal,17,transition,EC LI II Pyramidal Fan,EC LI II Multipolar Pyramidal,7472.437106847604
branch_and_bound,EC LIII V Bipolar Pyramidal,18,transition,EC LI II Multipolar Pyramidal,EC LIII Stellate,29349.85984134182
branch_and_bound,EC LIII V Bipolar Pyramidal,19,transition,EC LIII Stellate,EC LII III Pyramidal Tripolar,69.81600034271409
branch_and_bound,EC LIII V Bipolar Pyramidal,20,transition,EC LII III Pyramidal Tripolar,DG Granule,2807.534322760256
branch_and_bound,EC LIII V Bipolar Pyramidal,21,transition,DG Granule,DG Mossy,44908.709978571016
branch_and_bound,EC LIII V Bipolar Pyramidal,22,transition,DG Mossy,DG Hilar Ectopic Granule,2119.754290320353
branch_and_bound,EC LIII V Bipolar Pyramidal,23,transition,DG Hilar Ectopic Granule,CA3c Pyramidal,0.0550567880071112
branch_and_bound,EC LIII V Bipolar Pyramidal,24,transition,CA3c Pyramidal,CA2 Pyramidal,24424.53581944845
branch_and_bound,EC LIII V Bipolar Pyramidal,25,transition,CA2 Pyramidal,CA3 Pyramidal,1188.4585744965177
branch_and_bound,EC LIII V Bipolar Pyramidal,26,transition,CA3 Pyramidal,CA3 Granule,3063.7033025481774
branch_and_bound,EC LIV VI Deep Multipolar Principal,1,transition,EC LIV VI Deep Multipolar Principal,MEC LV VI Pyramidal Polymorphic,2582.023382309931
branch_and_bound,EC LIV VI Deep Multipolar Principal,2,transition,MEC LV VI Pyramidal Polymorphic,EC LV Deep Pyramidal,78.22850736136446
branch_and_bound,EC LIV VI Deep Multipolar Principal,3,transition,EC LV Deep Pyramidal,LEC LVI Multipolar Pyramidal,608.8907703194651
branch_and_bound,EC LIV VI Deep Multipolar Principal,4,transition,LEC LVI Multipolar Pyramidal,LEC LIII Multipolar Principal,304.0317537911717
branch_and_bound,EC LIV VI Deep Multipolar Principal,5,transition,LEC LIII Multipolar Principal,LEC LIII Complex Pyramidal,556.0635991085179
branch_and_bound,EC LIV VI Deep Multipolar Principal,6,transition,LEC LIII Complex Pyramidal,EC LIII Pyramidal Stellate,538.1000722266449
branch_and_bound,EC LIV VI Deep Multipolar Principal,7,transition,EC LIII Pyramidal Stellate,CA1 Pyramidal,5351.494110639728
branch_and_bound,EC LIV VI Deep Multipolar Principal,8,transition,CA1 Pyramidal,EC LIII V Bipolar Pyramidal,5659.759259805604
branch_and_bound,EC LIV VI Deep Multipolar Principal,9,transition,EC LIII V Bipolar Pyramidal,MEC LIII Complex Pyramidal,1055.6037252397975
branch_and_bound,EC LIV VI Deep Multipolar Principal,10,transition,MEC LIII Complex Pyramidal,MEC LII Stellate,1193.0847203135872
branch_and_bound,EC LIV VI Deep Multipolar Principal,11,transition,MEC LII Stellate,MEC LIII Bipolar Complex Pyramidal,2253.263353922492
branch_and_bound,EC LIV VI Deep Multipolar Principal,12,transition,MEC LIII Bipolar Complex Pyramidal,MEC LII III Pyramidal Multiform,156.10322882603091
branch_and_bound,EC LIV VI Deep Multipolar Principal,13,transition,MEC LII III Pyramidal Multiform,MEC LV Multipolar Pyramidal,750.744376370936
branch_and_bound,EC LIV VI Deep Multipolar Principal,14,transition,MEC LV Multipolar Pyramidal,MEC LV Superficial Pyramidal,138.44761428854213
branch_and_bound,EC LIV VI Deep Multipolar Principal,15,transition,MEC LV Superficial Pyramidal,MEC LV Pyramidal,138.477786593687
branch_and_bound,EC LIV VI Deep Multipolar Principal,16,transition,MEC LV Pyramidal,EC LI II Pyramidal Fan,17.464155842330424
branch_and_bound,EC LIV VI Deep Multipolar Principal,17,transition,EC LI II Pyramidal Fan,EC LI II Multipolar Pyramidal,7472.437106847604
branch_and_bound,EC LIV VI Deep Multipolar Principal,18,transition,EC LI II Multipolar Pyramidal,EC LIII Stellate,29349.85984134182
branch_and_bound,EC LIV VI Deep Multipolar Principal,19,transition,EC LIII Stellate,EC LII III Pyramidal Tripolar,69.81600034271409
branch_and_bound,EC LIV VI Deep Multipolar Principal,20,transition,EC LII III Pyramidal Tripolar,DG Granule,2807.534322760256
branch_and_bound,EC LIV VI Deep Multipolar Principal,21,transition,DG Granule,DG Mossy,44908.709978571016
branch_and_bound,EC LIV VI Deep Multipolar Principal,22,transition,DG Mossy,DG Hilar Ectopic Granule,2119.754290320353
branch_and_bound,EC LIV VI Deep Multipolar Principal,23,transition,DG Hilar Ectopic Granule,CA3c Pyramidal,0.0550567880071112
branch_and_bound,EC LIV VI Deep Multipolar Principal,24,transition,CA3c Pyramidal,CA2 Pyramidal,24424.53581944845
branch_and_bound,EC LIV VI Deep Multipolar Principal,25,transition,CA2 Pyramidal,CA3 Pyramidal,1188.4585744965177
branch_and_bound,EC LIV VI Deep Multipolar Principal,26,transition,CA3 Pyramidal,CA3 Granule,3063.7033025481774
branch_and_bound,EC LV Deep Pyramidal,1,transition,EC LV Deep Pyramidal,MEC LV VI Pyramidal Polymorphic,633.5577406795122
branch_and_bound,EC LV Deep Pyramidal,2,transition,MEC LV VI Pyramidal Polymorphic,EC LIV VI Deep Multipolar Principal,86.77596588341953
branch_and_bound,EC LV Deep Pyramidal,3,transition,EC LIV VI Deep Multipolar Principal,LEC LVI Multipolar Pyramidal,2246.3636143897743
branch_and_bound,EC LV Deep Pyramidal,4,transition,LEC LVI Multipolar Pyramidal,LEC LIII Multipolar Principal,304.0317537911717
branch_and_bound,EC LV Deep Pyramidal,5,transition,LEC LIII Multipolar Principal,LEC LIII Complex Pyramidal,556.0635991085179
branch_and_bound,EC LV Deep Pyramidal,6,transition,LEC LIII Complex Pyramidal,EC LIII Pyramidal Stellate,538.1000722266449
branch_and_bound,EC LV Deep Pyramidal,7,transition,EC LIII Pyramidal Stellate,CA1 Pyramidal,5351.494110639728
branch_and_bound,EC LV Deep Pyramidal,8,transition,CA1 Pyramidal,EC LIII V Bipolar Pyramidal,5659.759259805604
branch_and_bound,EC LV Deep Pyramidal,9,transition,EC LIII V Bipolar Pyramidal,MEC LIII Complex Pyramidal,1055.6037252397975
branch_and_bound,EC LV Deep Pyramidal,10,transition,MEC LIII Complex Pyramidal,MEC LII Stellate,1193.0847203135872
branch_and_bound,EC LV Deep Pyramidal,11,transition,MEC LII Stellate,MEC LIII Bipolar Complex Pyramidal,2253.263353922492
branch_and_bound,EC LV Deep Pyramidal,12,transition,MEC LIII Bipolar Complex Pyramidal,MEC LII III Pyramidal Multiform,156.10322882603091
branch_and_bound,EC LV Deep Pyramidal,13,transition,MEC LII III Pyramidal Multiform,MEC LV Multipolar Pyramidal,750.744376370936
branch_and_bound,EC LV Deep Pyramidal,14,transition,MEC LV Multipolar Pyramidal,MEC LV Superficial Pyramidal,138.44761428854213
branch_and_bound,EC LV Deep Pyramidal,15,transition,MEC LV Superficial Pyramidal,MEC LV Pyramidal,138.477786593687
branch_and_bound,EC LV Deep Pyramidal,16,transition,MEC LV Pyramidal,EC LI II Pyramidal Fan,17.464155842330424
branch_and_bound,EC LV Deep Pyramidal,17,transition,EC LI II Pyramidal Fan,EC LI II Multipolar Pyramidal,7472.437106847604
branch_and_bound,EC LV Deep Pyramidal,18,transition,EC LI II Multipolar Pyramidal,EC LIII Stellate,29349.85984134182
branch_and_bound,EC LV Deep Pyramidal,19,transition,EC LIII Stellate,EC LII III Pyramidal Tripolar,69.81600034271409
branch_and_bound,EC LV Deep Pyramidal,20,transition,EC LII III Pyramidal Tripolar,DG Granule,2807.534322760256
branch_and_bound,EC LV Deep Pyramidal,21,transition,DG Granule,DG Mossy,44908.709978571016
branch_and_bound,EC LV Deep Pyramidal,22,transition,DG Mossy,DG Hilar Ectopic Granule,2119.754290320353
branch_and_bound,EC LV Deep Pyramidal,23,transition,DG Hilar Ectopic Granule,CA3c Pyramidal,0.0550567880071112
branch_and_bound,EC LV Deep Pyramidal,24,transition,CA3c Pyramidal,CA2 Pyramidal,24424.53581944845
branch_and_bound,EC LV Deep Pyramidal,25,transition,CA2 Pyramidal,CA3 Pyramidal,1188.4585744965177
branch_and_bound,EC LV Deep Pyramidal,26,transition,CA3 Pyramidal,CA3 Granule,3063.7033025481774
branch_and_bound,LEC LIII Complex Pyramidal,1,transition,LEC LIII Complex Pyramidal,LEC LIII Multipolar Principal,814.9191961799069
branch_and_bound,LEC LIII Complex Pyramidal,2,transition,LEC LIII Multipolar Principal,EC LI II Multipolar Pyramidal,539.4518276519966
branch_and_bound,LEC LIII Complex Pyramidal,3,transition,EC LI II Multipolar Pyramidal,MEC LIII Bipolar Complex Pyramidal,30698.001365671505
branch_and_bound,LEC LIII Complex Pyramidal,4,transition,MEC LIII Bipolar Complex Pyramidal,MEC LIII Complex Pyramidal,861.1914192115519
branch_and_bound,LEC LIII Complex Pyramidal,5,transition,MEC LIII Complex Pyramidal,MEC LII Stellate,1193.0847203135872
branch_and_bound,LEC LIII Complex Pyramidal,6,transition,MEC LII Stellate,CA3 Granule,19640.6765649223
branch_and_bound,LEC LIII Complex Pyramidal,7,transition,CA3 Granule,CA3c Pyramidal,2.280811281935155
branch_and_bound,LEC LIII Complex Pyramidal,8,transition,CA3c Pyramidal,CA1 Pyramidal,85609.60976338176
branch_and_bound,LEC LIII Complex Pyramidal,9,transition,CA1 Pyramidal,MEC LV VI Pyramidal Polymorphic,13564.64480225756
branch_and_bound,LEC LIII Complex Pyramidal,10,transition,MEC LV VI Pyramidal Polymorphic,EC LIV VI Deep Multipolar Principal,86.77596588341953
branch_and_bound,LEC LIII Complex Pyramidal,11,transition,EC LIV VI Deep Multipolar Principal,LEC LVI Multipolar Pyramidal,2246.3636143897743
branch_and_bound,LEC LIII Complex Pyramidal,12,transition,LEC LVI Multipolar Pyramidal,EC LIII Pyramidal Stellate,138.9942025493572
branch_and_bound,LEC LIII Complex Pyramidal,13,transition,EC LIII Pyramidal Stellate,EC LII III Pyramidal Tripolar,254.6407583376596
branch_and_bound,LEC LIII Complex Pyramidal,14,transition,EC LII III Pyramidal Tripolar,DG Granule,2807.534322760256
branch_and_bound,LEC LIII Complex Pyramidal,15,transition,DG Granule,DG Mossy,44908.709978571016
branch_and_bound,LEC LIII Complex Pyramidal,16,transition,DG Mossy,DG Semilunar Granule,50.6486718617241
branch_and_bound,LEC LIII Complex Pyramidal,17,transition,DG Semilunar Granule,DG Hilar Ectopic Granule,4588.842439594102
branch_and_bound,LEC LIII Complex Pyramidal,18,transition,DG Hilar Ectopic Granule,CA3 Pyramidal,0.0133035385226386
branch_and_bound,LEC LIII Complex Pyramidal,19,transition,CA3 Pyramidal,CA2 Pyramidal,12467.302061608583
branch_and_bound,LEC LIII Complex Pyramidal,20,transition,CA2 Pyramidal,CA1 Radiatum Giant,263.0645063940111
branch_and_bound,LEC LIII Multipolar Principal,1,transition,LEC LIII Multipolar Principal,LEC LIII Complex Pyramidal,556.0635991085179
branch_and_bound,LEC LIII Multipolar Principal,2,transition,LEC LIII Complex Pyramidal,EC LIII Pyramidal Stellate,538.1000722266449
branch_and_bound,LEC LIII Multipolar Principal,3,transition,EC LIII Pyramidal Stellate,CA1 Pyramidal,5351.494110639728
branch_and_bound,LEC LIII Multipolar Principal,4,transition,CA1 Pyramidal,MEC LV VI Pyramidal Polymorphic,13564.64480225756
branch_and_bound,LEC LIII Multipolar Principal,5,transition,MEC LV VI Pyramidal Polymorphic,EC LIV VI Deep Multipolar Principal,86.77596588341953
branch_and_bound,LEC LIII Multipolar Principal,6,transition,EC LIV VI Deep Multipolar Principal,LEC LVI Multipolar Pyramidal,2246.3636143897743
branch_and_bound,LEC LIII Multipolar Principal,7,transition,LEC LVI Multipolar Pyramidal,EC LV Deep Pyramidal,111.3648716437705
branch_and_bound,LEC LIII Multipolar Principal,8,transition,EC LV Deep Pyramidal,EC LIII V Bipolar Pyramidal,180.4005489546849
branch_and_bound,LEC LIII Multipolar Principal,9,transition,EC LIII V Bipolar Pyramidal,MEC LIII Complex Pyramidal,1055.6037252397975
branch_and_bound,LEC LIII Multipolar Principal,10,transition,MEC LIII Complex Pyramidal,MEC LII Stellate,1193.0847203135872
branch_and_bound,LEC LIII Multipolar Principal,11,transition,MEC LII Stellate,MEC LIII Bipolar Complex Pyramidal,2253.263353922492
branch_and_bound,LEC LIII Multipolar Principal,12,transition,MEC LIII Bipolar Complex Pyramidal,MEC LII III Pyramidal Multiform,156.10322882603091
branch_and_bound,LEC LIII Multipolar Principal,13,transition,MEC LII III Pyramidal Multiform,MEC LV Multipolar Pyramidal,750.744376370936
branch_and_bound,LEC LIII Multipolar Principal,14,transition,MEC LV Multipolar Pyramidal,MEC LV Superficial Pyramidal,138.44761428854213
branch_and_bound,LEC LIII Multipolar Principal,15,transition,MEC LV Superficial Pyramidal,MEC LV Pyramidal,138.477786593687
branch_and_bound,LEC LIII Multipolar Principal,16,transition,MEC LV Pyramidal,EC LI II Pyramidal Fan,17.464155842330424
branch_and_bound,LEC LIII Multipolar Principal,17,transition,EC LI II Pyramidal Fan,EC LI II Multipolar Pyramidal,7472.437106847604
branch_and_bound,LEC LIII Multipolar Principal,18,transition,EC LI II Multipolar Pyramidal,EC LIII Stellate,29349.85984134182
branch_and_bound,LEC LIII Multipolar Principal,19,transition,EC LIII Stellate,EC LII III Pyramidal Tripolar,69.81600034271409
branch_and_bound,LEC LIII Multipolar Principal,20,transition,EC LII III Pyramidal Tripolar,DG Granule,2807.534322760256
branch_and_bound,LEC LIII Multipolar Principal,21,transition,DG Granule,DG Mossy,44908.709978571016
branch_and_bound,LEC LIII Multipolar Principal,22,transition,DG Mossy,DG Hilar Ectopic Granule,2119.754290320353
branch_and_bound,LEC LIII Multipolar Principal,23,transition,DG Hilar Ectopic Granule,CA3c Pyramidal,0.0550567880071112
branch_and_bound,LEC LIII Multipolar Principal,24,transition,CA3c Pyramidal,CA2 Pyramidal,24424.53581944845
branch_and_bound,LEC LIII Multipolar Principal,25,transition,CA2 Pyramidal,CA3 Pyramidal,1188.4585744965177
branch_and_bound,LEC LIII Multipolar Principal,26,transition,CA3 Pyramidal,CA3 Granule,3063.7033025481774
branch_and_bound,LEC LVI Multipolar Pyramidal,1,transition,LEC LVI Multipolar Pyramidal,LEC LIII Multipolar Principal,304.0317537911717
branch_and_bound,LEC LVI Multipolar Pyramidal,2,transition,LEC LIII Multipolar Principal,LEC LIII Complex Pyramidal,556.0635991085179
branch_and_bound,LEC LVI Multipolar Pyramidal,3,transition,LEC LIII Complex Pyramidal,EC LIII Pyramidal Stellate,538.1000722266449
branch_and_bound,LEC LVI Multipolar Pyramidal,4,transition,EC LIII Pyramidal Stellate,CA1 Pyramidal,5351.494110639728
branch_and_bound,LEC LVI Multipolar Pyramidal,5,transition,CA1 Pyramidal,MEC LV VI Pyramidal Polymorphic,13564.64480225756
branch_and_bound,LEC LVI Multipolar Pyramidal,6,transition,MEC LV VI Pyramidal Polymorphic,EC LIV VI Deep Multipolar Principal,86.77596588341953
branch_and_bound,LEC LVI Multipolar Pyramidal,7,transition,EC LIV VI Deep Multipolar Principal,MEC LIII Complex Pyramidal,1427.516326568439
branch_and_bound,LEC LVI Multipolar Pyramidal,8,transition,MEC LIII Complex Pyramidal,MEC LII Stellate,1193.0847203135872
branch_and_bound,LEC LVI Multipolar Pyramidal,9,transition,MEC LII Stellate,MEC LIII Bipolar Complex Pyramidal,2253.263353922492
branch_and_bound,LEC LVI Multipolar Pyramidal,10,transition,MEC LIII Bipolar Complex Pyramidal,MEC LII III Pyramidal Multiform,156.10322882603091
branch_and_bound,LEC LVI Multipolar Pyramidal,11,transition,MEC LII III Pyramidal Multiform,MEC LV Multipolar Pyramidal,750.744376370936
branch_and_bound,LEC LVI Multipolar Pyramidal,12,transition,MEC LV Multipolar Pyramidal,MEC LV Superficial Pyramidal,138.44761428854213
branch_and_bound,LEC LVI Multipolar Pyramidal,13,transition,MEC LV Superficial Pyramidal,MEC LV Pyramidal,138.477786593687
branch_and_bound,LEC LVI Multipolar Pyramidal,14,transition,MEC LV Pyramidal,EC LI II Multipolar Pyramidal,397.3319836201498
branch_and_bound,LEC LVI Multipolar Pyramidal,15,transition,EC LI II Multipolar Pyramidal,EC LIII Stellate,29349.85984134182
branch_and_bound,LEC LVI Multipolar Pyramidal,16,transition,EC LIII Stellate,EC LII III Pyramidal Tripolar,69.81600034271409
branch_and_bound,LEC LVI Multipolar Pyramidal,17,transition,EC LII III Pyramidal Tripolar,DG Granule,2807.534322760256
branch_and_bound,LEC LVI Multipolar Pyramidal,18,transition,DG Granule,DG Mossy,44908.709978571016
branch_and_bound,LEC LVI Multipolar Pyramidal,19,transition,DG Mossy,DG Semilunar Granule,50.6486718617241
branch_and_bound,LEC LVI Multipolar Pyramidal,20,transition,DG Semilunar Granule,DG Hilar Ectopic Granule,4588.842439594102
branch_and_bound,LEC LVI Multipolar Pyramidal,21,transition,DG Hilar Ectopic Granule,CA3c Pyramidal,0.0550567880071112
branch_and_bound,LEC LVI Multipolar Pyramidal,22,transition,CA3c Pyramidal,CA2 Pyramidal,24424.53581944845
branch_and_bound,LEC LVI Multipolar Pyramidal,23,transition,CA2 Pyramidal,CA3 Pyramidal,1188.4585744965177
branch_and_bound,LEC LVI Multipolar Pyramidal,24,transition,CA3 Pyramidal,CA3 Granule,3063.7033025481774
branch_and_bound,MEC LII III Pyramidal Multiform,1,transition,MEC LII III Pyramidal Multiform,MEC LV VI Pyramidal Polymorphic,1304.0113874450217
branch_and_bound,MEC LII III Pyramidal Multiform,2,transition,MEC LV VI Pyramidal Polymorphic,EC LIV VI Deep Multipolar Principal,86.77596588341953
branch_and_bound,MEC LII III Pyramidal Multiform,3,transition,EC LIV VI Deep Multipolar Principal,LEC LVI Multipolar Pyramidal,2246.3636143897743
branch_and_bound,MEC LII III Pyramidal Multiform,4,transition,LEC LVI Multipolar Pyramidal,LEC LIII Multipolar Principal,304.0317537911717
branch_and_bound,MEC LII III Pyramidal Multiform,5,transition,LEC LIII Multipolar Principal,LEC LIII Complex Pyramidal,556.0635991085179
branch_and_bound,MEC LII III Pyramidal Multiform,6,transition,LEC LIII Complex Pyramidal,EC LIII Pyramidal Stellate,538.1000722266449
branch_and_bound,MEC LII III Pyramidal Multiform,7,transition,EC LIII Pyramidal Stellate,CA1 Pyramidal,5351.494110639728
branch_and_bound,MEC LII III Pyramidal Multiform,8,transition,CA1 Pyramidal,EC LV Deep Pyramidal,6927.87660371489
branch_and_bound,MEC LII III Pyramidal Multiform,9,transition,EC LV Deep Pyramidal,EC LIII V Bipolar Pyramidal,180.4005489546849
branch_and_bound,MEC LII III Pyramidal Multiform,10,transition,EC LIII V Bipolar Pyramidal,MEC LIII Complex Pyramidal,1055.6037252397975
branch_and_bound,MEC LII III Pyramidal Multiform,11,transition,MEC LIII Complex Pyramidal,MEC LII Stellate,1193.0847203135872
branch_and_bound,MEC LII III Pyramidal Multiform,12,transition,MEC LII Stellate,MEC LIII Bipolar Complex Pyramidal,2253.263353922492
branch_and_bound,MEC LII III Pyramidal Multiform,13,transition,MEC LIII Bipolar Complex Pyramidal,MEC LV Superficial Pyramidal,146.3802679317498
branch_and_bound,MEC LII III Pyramidal Multiform,14,transition,MEC LV Superficial Pyramidal,MEC LV Multipolar Pyramidal,218.5111462490885
branch_and_bound,MEC LII III Pyramidal Multiform,15,transition,MEC LV Multipolar Pyramidal,MEC LV Pyramidal,115.70855122819788
branch_and_bound,MEC LII III Pyramidal Multiform,16,transition,MEC LV Pyramidal,EC LI II Pyramidal Fan,17.464155842330424
branch_and_bound,MEC LII III Pyramidal Multiform,17,transition,EC LI II Pyramidal Fan,EC LI II Multipolar Pyramidal,7472.437106847604
branch_and_bound,MEC LII III Pyramidal Multiform,18,transition,EC LI II Multipolar Pyramidal,EC LIII Stellate,29349.85984134182
branch_and_bound,MEC LII III Pyramidal Multiform,19,transition,EC LIII Stellate,EC LII III Pyramidal Tripolar,69.81600034271409
branch_and_bound,MEC LII III Pyramidal Multiform,20,transition,EC LII III Pyramidal Tripolar,DG Granule,2807.534322760256
branch_and_bound,MEC LII III Pyramidal Multiform,21,transition,DG Granule,DG Mossy,44908.709978571016
branch_and_bound,MEC LII III Pyramidal Multiform,22,transition,DG Mossy,DG Hilar Ectopic Granule,2119.754290320353
branch_and_bound,MEC LII III Pyramidal Multiform,23,transition,DG Hilar Ectopic Granule,CA3c Pyramidal,0.0550567880071112
branch_and_bound,MEC LII III Pyramidal Multiform,24,transition,CA3c Pyramidal,CA2 Pyramidal,24424.53581944845
branch_and_bound,MEC LII III Pyramidal Multiform,25,transition,CA2 Pyramidal,CA3 Pyramidal,1188.4585744965177
branch_and_bound,MEC LII III Pyramidal Multiform,26,transition,CA3 Pyramidal,CA3 Granule,3063.7033025481774
branch_and_bound,MEC LII Oblique Pyramidal,1,transition,MEC LII Oblique Pyramidal,MEC LIII Complex Pyramidal,455.4398944649327
branch_and_bound,MEC LII Oblique Pyramidal,2,transition,MEC LIII Complex Pyramidal,MEC LII Stellate,1193.0847203135872
branch_and_bound,MEC LII Oblique Pyramidal,3,transition,MEC LII Stellate,CA3 Granule,19640.6765649223
branch_and_bound,MEC LII Oblique Pyramidal,4,transition,CA3 Granule,CA3c Pyramidal,2.280811281935155
branch_and_bound,MEC LII Oblique Pyramidal,5,transition,CA3c Pyramidal,CA1 Pyramidal,85609.60976338176
branch_and_bound,MEC LII Oblique Pyramidal,6,transition,CA1 Pyramidal,MEC LV VI Pyramidal Polymorphic,13564.64480225756
branch_and_bound,MEC LII Oblique Pyramidal,7,transition,MEC LV VI Pyramidal Polymorphic,EC LIV VI Deep Multipolar Principal,86.77596588341953
branch_and_bound,MEC LII Oblique Pyramidal,8,transition,EC LIV VI Deep Multipolar Principal,LEC LVI Multipolar Pyramidal,2246.3636143897743
branch_and_bound,MEC LII Oblique Pyramidal,9,transition,LEC LVI Multipolar Pyramidal,LEC LIII Multipolar Principal,304.0317537911717
branch_and_bound,MEC LII Oblique Pyramidal,10,transition,LEC LIII Multipolar Principal,LEC LIII Complex Pyramidal,556.0635991085179
branch_and_bound,MEC LII Oblique Pyramidal,11,transition,LEC LIII Complex Pyramidal,EC LIII Pyramidal Stellate,538.1000722266449
branch_and_bound,MEC LII Oblique Pyramidal,12,transition,EC LIII Pyramidal Stellate,MEC LIII Bipolar Complex Pyramidal,418.9168875087689
branch_and_bound,MEC LII Oblique Pyramidal,13,transition,MEC LIII Bipolar Complex Pyramidal,MEC LII III Pyramidal Multiform,156.10322882603091
branch_and_bound,MEC LII Oblique Pyramidal,14,transition,MEC LII III Pyramidal Multiform,MEC LV Multipolar Pyramidal,750.744376370936
branch_and_bound,MEC LII Oblique Pyramidal,15,transition,MEC LV Multipolar Pyramidal,MEC LV Superficial Pyramidal,138.44761428854213
branch_and_bound,MEC LII Oblique Pyramidal,16,transition,MEC LV Superficial Pyramidal,EC LIII Stellate,43.60353404362299
branch_and_bound,MEC LII Oblique Pyramidal,17,transition,EC LIII Stellate,EC LII III Pyramidal Tripolar,69.81600034271409
branch_and_bound,MEC LII Oblique Pyramidal,18,transition,EC LII III Pyramidal Tripolar,EC LI II Multipolar Pyramidal,4216.395703649579
branch_and_bound,MEC LII Oblique Pyramidal,19,transition,EC LI II Multipolar Pyramidal,EC LIII Pyramidal,24063.94192432837
branch_and_bound,MEC LII Oblique Pyramidal,20,transition,EC LIII Pyramidal,EC LV Deep Pyramidal,31.48238204973288
branch_and_bound,MEC LII Oblique Pyramidal,21,transition,EC LV Deep Pyramidal,MEC LV Pyramidal,172.39609835538727
branch_and_bound,MEC LII Oblique Pyramidal,22,transition,MEC LV Pyramidal,DG Granule,9568.736896643586
branch_and_bound,MEC LII Oblique Pyramidal,23,transition,DG Granule,DG Mossy,44908.709978571016
branch_and_bound,MEC LII Oblique Pyramidal,24,transition,DG Mossy,DG Semilunar Granule,50.6486718617241
branch_and_bound,MEC LII Oblique Pyramidal,25,transition,DG Semilunar Granule,DG Hilar Ectopic Granule,4588.842439594102
branch_and_bound,MEC LII Oblique Pyramidal,26,transition,DG Hilar Ectopic Granule,CA3 Pyramidal,0.0133035385226386
branch_and_bound,MEC LII Oblique Pyramidal,27,transition,CA3 Pyramidal,CA2 Pyramidal,12467.302061608583
branch_and_bound,MEC LII Oblique Pyramidal,28,transition,CA2 Pyramidal,CA1 Radiatum Giant,263.0645063940111
branch_and_bound,MEC LII Stellate,1,transition,MEC LII Stellate,CA3 Granule,19640.6765649223
branch_and_bound,MEC LII Stellate,2,transition,CA3 Granule,CA3c Pyramidal,2.280811281935155
branch_and_bound,MEC LII Stellate,3,transition,CA3c Pyramidal,CA1 Pyramidal,85609.60976338176
branch_and_bound,MEC LII Stellate,4,transition,CA1 Pyramidal,MEC LV VI Pyramidal Polymorphic,13564.64480225756
branch_and_bound,MEC LII Stellate,5,transition,MEC LV VI Pyramidal Polymorphic,EC LIV VI Deep Multipolar Principal,86.77596588341953
branch_and_bound,MEC LII Stellate,6,transition,EC LIV VI Deep Multipolar Principal,LEC LVI Multipolar Pyramidal,2246.3636143897743
branch_and_bound,MEC LII Stellate,7,transition,LEC LVI Multipolar Pyramidal,LEC LIII Multipolar Principal,304.0317537911717
branch_and_bound,MEC LII Stellate,8,transition,LEC LIII Multipolar Principal,LEC LIII Complex Pyramidal,556.0635991085179
branch_and_bound,MEC LII Stellate,9,transition,LEC LIII Complex Pyramidal,EC LIII Pyramidal Stellate,538.1000722266449
branch_and_bound,MEC LII Stellate,10,transition,EC LIII Pyramidal Stellate,MEC LIII Complex Pyramidal,647.4324185181202
branch_and_bound,MEC LII Stellate,11,transition,MEC LIII Complex Pyramidal,MEC LII Oblique Pyramidal,569.2148212010752
branch_and_bound,MEC LII Stellate,12,transition,MEC LII Oblique Pyramidal,MEC LV Superficial Pyramidal,73.63513359542591
branch_and_bound,MEC LII Stellate,13,transition,MEC LV Superficial Pyramidal,MEC LV Multipolar Pyramidal,218.5111462490885
branch_and_bound,MEC LII Stellate,14,transition,MEC LV Multipolar Pyramidal,MEC LIII Bipolar Complex Pyramidal,149.07265177363325
branch_and_bound,MEC LII Stellate,15,transition,MEC LIII Bipolar Complex Pyramidal,MEC LII III Pyramidal Multiform,156.10322882603091
branch_and_bound,MEC LII Stellate,16,transition,MEC LII III Pyramidal Multiform,EC LIII V Bipolar Pyramidal,143.0745024145248
branch_and_bound,MEC LII Stellate,17,transition,EC LIII V Bipolar Pyramidal,EC LII III Pyramidal Tripolar,340.43569682470206
branch_and_bound,MEC LII Stellate,18,transition,EC LII III Pyramidal Tripolar,EC LI II Multipolar Pyramidal,4216.395703649579
branch_and_bound,MEC LII Stellate,19,transition,EC LI II Multipolar Pyramidal,EC LIII Stellate,29349.85984134182
branch_and_bound,MEC LII Stellate,20,transition,EC LIII Stellate,EC LIII Pyramidal,65.42000887199006
branch_and_bound,MEC LII Stellate,21,transition,EC LIII Pyramidal,EC LV Deep Pyramidal,31.48238204973288
branch_and_bound,MEC LII Stellate,22,transition,EC LV Deep Pyramidal,MEC LV Pyramidal,172.39609835538727
branch_and_bound,MEC LII Stellate,23,transition,MEC LV Pyramidal,DG Granule,9568.736896643586
branch_and_bound,MEC LII Stellate,24,transition,DG Granule,DG Mossy,44908.709978571016
branch_and_bound,MEC LII Stellate,25,transition,DG Mossy,DG Semilunar Granule,50.6486718617241
branch_and_bound,MEC LII Stellate,26,transition,DG Semilunar Granule,DG Hilar Ectopic Granule,4588.842439594102
branch_and_bound,MEC LII Stellate,27,transition,DG Hilar Ectopic Granule,CA3 Pyramidal,0.0133035385226386
branch_and_bound,MEC LII Stellate,28,transition,CA3 Pyramidal,CA2 Pyramidal,12467.302061608583
branch_and_bound,MEC LII Stellate,29,transition,CA2 Pyramidal,CA1 Radiatum Giant,263.0645063940111
branch_and_bound,MEC LIII Bipolar Complex Pyramidal,1,transition,MEC LIII Bipolar Complex Pyramidal,MEC LIII Complex Pyramidal,861.1914192115519
branch_and_bound,MEC LIII Bipolar Complex Pyramidal,2,transition,MEC LIII Complex Pyramidal,MEC LII Stellate,1193.0847203135872
branch_and_bound,MEC LIII Bipolar Complex Pyramidal,3,transition,MEC LII Stellate,CA3 Granule,19640.6765649223
branch_and_bound,MEC LIII Bipolar Complex Pyramidal,4,transition,CA3 Granule,CA3c Pyramidal,2.280811281935155
branch_and_bound,MEC LIII Bipolar Complex Pyramidal,5,transition,CA3c Pyramidal,CA1 Pyramidal,85609.60976338176
branch_and_bound,MEC LIII Bipolar Complex Pyramidal,6,transition,CA1 Pyramidal,MEC LV VI Pyramidal Polymorphic,13564.64480225756
branch_and_bound,MEC LIII Bipolar Complex Pyramidal,7,transition,MEC LV VI Pyramidal Polymorphic,EC LIV VI Deep Multipolar Principal,86.77596588341953
branch_and_bound,MEC LIII Bipolar Complex Pyramidal,8,transition,EC LIV VI Deep Multipolar Principal,LEC LVI Multipolar Pyramidal,2246.3636143897743
branch_and_bound,MEC LIII Bipolar Complex Pyramidal,9,transition,LEC LVI Multipolar Pyramidal,LEC LIII Multipolar Principal,304.0317537911717
branch_and_bound,MEC LIII Bipolar Complex Pyramidal,10,transition,LEC LIII Multipolar Principal,LEC LIII Complex Pyramidal,556.0635991085179
branch_and_bound,MEC LIII Bipolar Complex Pyramidal,11,transition,LEC LIII Complex Pyramidal,EC LIII Pyramidal Stellate,538.1000722266449
branch_and_bound,MEC LIII Bipolar Complex Pyramidal,12,transition,EC LIII Pyramidal Stellate,EC LII III Pyramidal Tripolar,254.6407583376596
branch_and_bound,MEC LIII Bipolar Complex Pyramidal,13,transition,EC LII III Pyramidal Tripolar,EC LI II Multipolar Pyramidal,4216.395703649579
branch_and_bound,MEC LIII Bipolar Complex Pyramidal,14,transition,EC LI II Multipolar Pyramidal,EC LIII Stellate,29349.85984134182
branch_and_bound,MEC LIII Bipolar Complex Pyramidal,15,transition,EC LIII Stellate,EC LIII Pyramidal,65.42000887199006
branch_and_bound,MEC LIII Bipolar Complex Pyramidal,16,transition,EC LIII Pyramidal,EC LIII V Bipolar Pyramidal,34.402964559753684
branch_and_bound,MEC LIII Bipolar Complex Pyramidal,17,transition,EC LIII V Bipolar Pyramidal,EC LV Deep Pyramidal,430.7344261554038
branch_and_bound,MEC LIII Bipolar Complex Pyramidal,18,transition,EC LV Deep Pyramidal,MEC LV Pyramidal,172.39609835538727
branch_and_bound,MEC LIII Bipolar Complex Pyramidal,19,transition,MEC LV Pyramidal,DG Granule,9568.736896643586
branch_and_bound,MEC LIII Bipolar Complex Pyramidal,20,transition,DG Granule,DG Mossy,44908.709978571016
branch_and_bound,MEC LIII Bipolar Complex Pyramidal,21,transition,DG Mossy,DG Semilunar Granule,50.6486718617241
branch_and_bound,MEC LIII Bipolar Complex Pyramidal,22,transition,DG Semilunar Granule,DG Hilar Ectopic Granule,4588.842439594102
branch_and_bound,MEC LIII Bipolar Complex Pyramidal,23,transition,DG Hilar Ectopic Granule,CA3 Pyramidal,0.0133035385226386
branch_and_bound,MEC LIII Bipolar Complex Pyramidal,24,transition,CA3 Pyramidal,CA2 Pyramidal,12467.302061608583
branch_and_bound,MEC LIII Bipolar Complex Pyramidal,25,transition,CA2 Pyramidal,CA1 Radiatum Giant,263.0645063940111
branch_and_bound,MEC LIII Complex Pyramidal,1,transition,MEC LIII Complex Pyramidal,MEC LII Stellate,1193.0847203135872
branch_and_bound,MEC LIII Complex Pyramidal,2,transition,MEC LII Stellate,CA3 Granule,19640.6765649223
branch_and_bound,MEC LIII Complex Pyramidal,3,transition,CA3 Granule,CA3c Pyramidal,2.280811281935155
branch_and_bound,MEC LIII Complex Pyramidal,4,transition,CA3c Pyramidal,CA1 Pyramidal,85609.60976338176
branch_and_bound,MEC LIII Complex Pyramidal,5,transition,CA1 Pyramidal,MEC LV VI Pyramidal Polymorphic,13564.64480225756
branch_and_bound,MEC LIII Complex Pyramidal,6,transition,MEC LV VI Pyramidal Polymorphic,EC LIV VI Deep Multipolar Principal,86.77596588341953
branch_and_bound,MEC LIII Complex Pyramidal,7,transition,EC LIV VI Deep Multipolar Principal,LEC LVI Multipolar Pyramidal,2246.3636143897743
branch_and_bound,MEC LIII Complex Pyramidal,8,transition,LEC LVI Multipolar Pyramidal,LEC LIII Multipolar Principal,304.0317537911717
branch_and_bound,MEC LIII Complex Pyramidal,9,transition,LEC LIII Multipolar Principal,LEC LIII Complex Pyramidal,556.0635991085179
branch_and_bound,MEC LIII Complex Pyramidal,10,transition,LEC LIII Complex Pyramidal,EC LIII Pyramidal Stellate,538.1000722266449
branch_and_bound,MEC LIII Complex Pyramidal,11,transition,EC LIII Pyramidal Stellate,MEC LIII Bipolar Complex Pyramidal,418.9168875087689
branch_and_bound,MEC LIII Complex Pyramidal,12,transition,MEC LIII Bipolar Complex Pyramidal,MEC LII III Pyramidal Multiform,156.10322882603091
branch_and_bound,MEC LIII Complex Pyramidal,13,transition,MEC LII III Pyramidal Multiform,MEC LV Multipolar Pyramidal,750.744376370936
branch_and_bound,MEC LIII Complex Pyramidal,14,transition,MEC LV Multipolar Pyramidal,MEC LV Superficial Pyramidal,138.44761428854213
branch_and_bound,MEC LIII Complex Pyramidal,15,transition,MEC LV Superficial Pyramidal,MEC LII Oblique Pyramidal,70.51994016979222
branch_and_bound,MEC LIII Complex Pyramidal,16,transition,MEC LII Oblique Pyramidal,EC LIII V Bipolar Pyramidal,12.284976246784383
branch_and_bound,MEC LIII Complex Pyramidal,17,transition,EC LIII V Bipolar Pyramidal,EC LII III Pyramidal Tripolar,340.43569682470206
branch_and_bound,MEC LIII Complex Pyramidal,18,transition,EC LII III Pyramidal Tripolar,EC LI II Multipolar Pyramidal,4216.395703649579
branch_and_bound,MEC LIII Complex Pyramidal,19,transition,EC LI II Multipolar Pyramidal,EC LIII Stellate,29349.85984134182
branch_and_bound,MEC LIII Complex Pyramidal,20,transition,EC LIII Stellate,EC LIII Pyramidal,65.42000887199006
branch_and_bound,MEC LIII Complex Pyramidal,21,transition,EC LIII Pyramidal,EC LV Deep Pyramidal,31.48238204973288
branch_and_bound,MEC LIII Complex Pyramidal,22,transition,EC LV Deep Pyramidal,MEC LV Pyramidal,172.39609835538727
branch_and_bound,MEC LIII Complex Pyramidal,23,transition,MEC LV Pyramidal,DG Granule,9568.736896643586
branch_and_bound,MEC LIII Complex Pyramidal,24,transition,DG Granule,DG Mossy,44908.709978571016
branch_and_bound,MEC LIII Complex Pyramidal,25,transition,DG Mossy,DG Semilunar Granule,50.6486718617241
branch_and_bound,MEC LIII Complex Pyramidal,26,transition,DG Semilunar Granule,DG Hilar Ectopic Granule,4588.842439594102
branch_and_bound,MEC LIII Complex Pyramidal,27,transition,DG Hilar Ectopic Granule,CA3 Pyramidal,0.0133035385226386
branch_and_bound,MEC LIII Complex Pyramidal,28,transition,CA3 Pyramidal,CA2 Pyramidal,12467.302061608583
branch_and_bound,MEC LIII Complex Pyramidal,29,transition,CA2 Pyramidal,CA1 Radiatum Giant,263.0645063940111
branch_and_bound,MEC LV Multipolar Pyramidal,1,transition,MEC LV Multipolar Pyramidal,MEC LIII Complex Pyramidal,457.2402797600769
branch_and_bound,MEC LV Multipolar Pyramidal,2,transition,MEC LIII Complex Pyramidal,MEC LII Stellate,1193.0847203135872
branch_and_bound,MEC LV Multipolar Pyramidal,3,transition,MEC LII Stellate,CA3 Granule,19640.6765649223
branch_and_bound,MEC LV Multipolar Pyramidal,4,transition,CA3 Granule,CA3c Pyramidal,2.280811281935155
branch_and_bound,MEC LV Multipolar Pyramidal,5,transition,CA3c Pyramidal,CA1 Pyramidal,85609.60976338176
branch_and_bound,MEC LV Multipolar Pyramidal,6,transition,CA1 Pyramidal,MEC LV VI Pyramidal Polymorphic,13564.64480225756
branch_and_bound,MEC LV Multipolar Pyramidal,7,transition,MEC LV VI Pyramidal Polymorphic,EC LIV VI Deep Multipolar Principal,86.77596588341953
branch_and_bound,MEC LV Multipolar Pyramidal,8,transition,EC LIV VI Deep Multipolar Principal,LEC LVI Multipolar Pyramidal,2246.3636143897743
branch_and_bound,MEC LV Multipolar Pyramidal,9,transition,LEC LVI Multipolar Pyramidal,LEC LIII Multipolar Principal,304.0317537911717
branch_and_bound,MEC LV Multipolar Pyramidal,10,transition,LEC LIII Multipolar Principal,LEC LIII Complex Pyramidal,556.0635991085179
branch_and_bound,MEC LV Multipolar Pyramidal,11,transition,LEC LIII Complex Pyramidal,EC LIII Pyramidal Stellate,538.1000722266449
branch_and_bound,MEC LV Multipolar Pyramidal,12,transition,EC LIII Pyramidal Stellate,MEC LIII Bipolar Complex Pyramidal,418.9168875087689
branch_and_bound,MEC LV Multipolar Pyramidal,13,transition,MEC LIII Bipolar Complex Pyramidal,MEC LII III Pyramidal Multiform,156.10322882603091
branch_and_bound,MEC LV Multipolar Pyramidal,14,transition,MEC LII III Pyramidal Multiform,MEC LV Superficial Pyramidal,589.7870748828476
branch_and_bound,MEC LV Multipolar Pyramidal,15,transition,MEC LV Superficial Pyramidal,MEC LII Oblique Pyramidal,70.51994016979222
branch_and_bound,MEC LV Multipolar Pyramidal,16,transition,MEC LII Oblique Pyramidal,EC LIII V Bipolar Pyramidal,12.284976246784383
branch_and_bound,MEC LV Multipolar Pyramidal,17,transition,EC LIII V Bipolar Pyramidal,EC LII III Pyramidal Tripolar,340.43569682470206
branch_and_bound,MEC LV Multipolar Pyramidal,18,transition,EC LII III Pyramidal Tripolar,EC LI II Multipolar Pyramidal,4216.395703649579
branch_and_bound,MEC LV Multipolar Pyramidal,19,transition,EC LI II Multipolar Pyramidal,EC LIII Stellate,29349.85984134182
branch_and_bound,MEC LV Multipolar Pyramidal,20,transition,EC LIII Stellate,EC LIII Pyramidal,65.42000887199006
branch_and_bound,MEC LV Multipolar Pyramidal,21,transition,EC LIII Pyramidal,EC LV Deep Pyramidal,31.48238204973288
branch_and_bound,MEC LV Multipolar Pyramidal,22,transition,EC LV Deep Pyramidal,MEC LV Pyramidal,172.39609835538727
branch_and_bound,MEC LV Multipolar Pyramidal,23,transition,MEC LV Pyramidal,DG Granule,9568.736896643586
branch_and_bound,MEC LV Multipolar Pyramidal,24,transition,DG Granule,DG Mossy,44908.709978571016
branch_and_bound,MEC LV Multipolar Pyramidal,25,transition,DG Mossy,DG Semilunar Granule,50.6486718617241
branch_and_bound,MEC LV Multipolar Pyramidal,26,transition,DG Semilunar Granule,DG Hilar Ectopic Granule,4588.842439594102
branch_and_bound,MEC LV Multipolar Pyramidal,27,transition,DG Hilar Ectopic Granule,CA3 Pyramidal,0.0133035385226386
branch_and_bound,MEC LV Multipolar Pyramidal,28,transition,CA3 Pyramidal,CA2 Pyramidal,12467.302061608583
branch_and_bound,MEC LV Multipolar Pyramidal,29,transition,CA2 Pyramidal,CA1 Radiatum Giant,263.0645063940111
branch_and_bound,MEC LV Pyramidal,1,transition,MEC LV Pyramidal,DG Granule,9568.736896643586
branch_and_bound,MEC LV Pyramidal,2,transition,DG Granule,DG Mossy,44908.709978571016
branch_and_bound,MEC LV Pyramidal,3,transition,DG Mossy,DG Hilar Ectopic Granule,2119.754290320353
branch_and_bound,MEC LV Pyramidal,4,transition,DG Hilar Ectopic Granule,CA3c Pyramidal,0.0550567880071112
branch_and_bound,MEC LV Pyramidal,5,transition,CA3c Pyramidal,CA1 Pyramidal,85609.60976338176
branch_and_bound,MEC LV Pyramidal,6,transition,CA1 Pyramidal,MEC LV VI Pyramidal Polymorphic,13564.64480225756
branch_and_bound,MEC LV Pyramidal,7,transition,MEC LV VI Pyramidal Polymorphic,EC LIV VI Deep Multipolar Principal,86.77596588341953
branch_and_bound,MEC LV Pyramidal,8,transition,EC LIV VI Deep Multipolar Principal,LEC LVI Multipolar Pyramidal,2246.3636143897743
branch_and_bound,MEC LV Pyramidal,9,transition,LEC LVI Multipolar Pyramidal,LEC LIII Multipolar Principal,304.0317537911717
branch_and_bound,MEC LV Pyramidal,10,transition,LEC LIII Multipolar Principal,LEC LIII Complex Pyramidal,556.0635991085179
branch_and_bound,MEC LV Pyramidal,11,transition,LEC LIII Complex Pyramidal,EC LIII Pyramidal Stellate,538.1000722266449
branch_and_bound,MEC LV Pyramidal,12,transition,EC LIII Pyramidal Stellate,MEC LIII Complex Pyramidal,647.4324185181202
branch_and_bound,MEC LV Pyramidal,13,transition,MEC LIII Complex Pyramidal,MEC LII Stellate,1193.0847203135872
branch_and_bound,MEC LV Pyramidal,14,transition,MEC LII Stellate,MEC LIII Bipolar Complex Pyramidal,2253.263353922492
branch_and_bound,MEC LV Pyramidal,15,transition,MEC LIII Bipolar Complex Pyramidal,MEC LII III Pyramidal Multiform,156.10322882603091
branch_and_bound,MEC LV Pyramidal,16,transition,MEC LII III Pyramidal Multiform,MEC LV Multipolar Pyramidal,750.744376370936
branch_and_bound,MEC LV Pyramidal,17,transition,MEC LV Multipolar Pyramidal,MEC LV Superficial Pyramidal,138.44761428854213
branch_and_bound,MEC LV Pyramidal,18,transition,MEC LV Superficial Pyramidal,EC LI II Multipolar Pyramidal,40.87273797797678
branch_and_bound,MEC LV Pyramidal,19,transition,EC LI II Multipolar Pyramidal,EC LIII Stellate,29349.85984134182
branch_and_bound,MEC LV Pyramidal,20,transition,EC LIII Stellate,EC LII III Pyramidal Tripolar,69.81600034271409
branch_and_bound,MEC LV Pyramidal,21,transition,EC LII III Pyramidal Tripolar,EC LI II Pyramidal Fan,372.0363013112631
branch_and_bound,MEC LV Pyramidal,22,transition,EC LI II Pyramidal Fan,DG Semilunar Granule,580.9097213417157
branch_and_bound,MEC LV Pyramidal,23,transition,DG Semilunar Granule,CA3 Pyramidal,64.21877861632397
branch_and_bound,MEC LV Pyramidal,24,transition,CA3 Pyramidal,CA2 Pyramidal,12467.302061608583
branch_and_bound,MEC LV Pyramidal,25,transition,CA2 Pyramidal,CA3 Granule,592.9863345985209
branch_and_bound,MEC LV Superficial Pyramidal,1,transition,MEC LV Superficial Pyramidal,MEC LIII Complex Pyramidal,495.9622533998108
branch_and_bound,MEC LV Superficial Pyramidal,2,transition,MEC LIII Complex Pyramidal,MEC LII Stellate,1193.0847203135872
branch_and_bound,MEC LV Superficial Pyramidal,3,transition,MEC LII Stellate,CA3 Granule,19640.6765649223
branch_and_bound,MEC LV Superficial Pyramidal,4,transition,CA3 Granule,CA3c Pyramidal,2.280811281935155
branch_and_bound,MEC LV Superficial Pyramidal,5,transition,CA3c Pyramidal,CA1 Pyramidal,85609.60976338176
branch_and_bound,MEC LV Superficial Pyramidal,6,transition,CA1 Pyramidal,MEC LV VI Pyramidal Polymorphic,13564.64480225756
branch_and_bound,MEC LV Superficial Pyramidal,7,transition,MEC LV VI Pyramidal Polymorphic,EC LIV VI Deep Multipolar Principal,86.77596588341953
branch_and_bound,MEC LV Superficial Pyramidal,8,transition,EC LIV VI Deep Multipolar Principal,LEC LVI Multipolar Pyramidal,2246.3636143897743
branch_and_bound,MEC LV Superficial Pyramidal,9,transition,LEC LVI Multipolar Pyramidal,LEC LIII Multipolar Principal,304.0317537911717
branch_and_bound,MEC LV Superficial Pyramidal,10,transition,LEC LIII Multipolar Principal,LEC LIII Complex Pyramidal,556.0635991085179
branch_and_bound,MEC LV Superficial Pyramidal,11,transition,LEC LIII Complex Pyramidal,EC LIII Pyramidal Stellate,538.1000722266449
branch_and_bound,MEC LV Superficial Pyramidal,12,transition,EC LIII Pyramidal Stellate,MEC LIII Bipolar Complex Pyramidal,418.9168875087689
branch_and_bound,MEC LV Superficial Pyramidal,13,transition,MEC LIII Bipolar Complex Pyramidal,MEC LII III Pyramidal Multiform,156.10322882603091
branch_and_bound,MEC LV Superficial Pyramidal,14,transition,MEC LII III Pyramidal Multiform,MEC LV Multipolar Pyramidal,750.744376370936
branch_and_bound,MEC LV Superficial Pyramidal,15,transition,MEC LV Multipolar Pyramidal,EC LIII Stellate,32.21117840203443
branch_and_bound,MEC LV Superficial Pyramidal,16,transition,EC LIII Stellate,EC LII III Pyramidal Tripolar,69.81600034271409
branch_and_bound,MEC LV Superficial Pyramidal,17,transition,EC LII III Pyramidal Tripolar,EC LI II Multipolar Pyramidal,4216.395703649579
branch_and_bound,MEC LV Superficial Pyramidal,18,transition,EC LI II Multipolar Pyramidal,EC LIII Pyramidal,24063.94192432837
branch_and_bound,MEC LV Superficial Pyramidal,19,transition,EC LIII Pyramidal,EC LIII V Bipolar Pyramidal,34.402964559753684
branch_and_bound,MEC LV Superficial Pyramidal,20,transition,EC LIII V Bipolar Pyramidal,MEC LV Pyramidal,226.0217597456127
branch_and_bound,MEC LV Superficial Pyramidal,21,transition,MEC LV Pyramidal,DG Granule,9568.736896643586
branch_and_bound,MEC LV Superficial Pyramidal,22,transition,DG Granule,DG Mossy,44908.709978571016
branch_and_bound,MEC LV Superficial Pyramidal,23,transition,DG Mossy,DG Semilunar Granule,50.6486718617241
branch_and_bound,MEC LV Superficial Pyramidal,24,transition,DG Semilunar Granule,DG Hilar Ectopic Granule,4588.842439594102
branch_and_bound,MEC LV Superficial Pyramidal,25,transition,DG Hilar Ectopic Granule,CA3 Pyramidal,0.0133035385226386
branch_and_bound,MEC LV Superficial Pyramidal,26,transition,CA3 Pyramidal,CA2 Pyramidal,12467.302061608583
branch_and_bound,MEC LV Superficial Pyramidal,27,transition,CA2 Pyramidal,CA1 Radiatum Giant,263.0645063940111
branch_and_bound,MEC LV VI Pyramidal Polymorphic,1,transition,MEC LV VI Pyramidal Polymorphic,EC LIV VI Deep Multipolar Principal,86.77596588341953
branch_and_bound,MEC LV VI Pyramidal Polymorphic,2,transition,EC LIV VI Deep Multipolar Principal,LEC LVI Multipolar Pyramidal,2246.3636143897743
branch_and_bound,MEC LV VI Pyramidal Polymorphic,3,transition,LEC LVI Multipolar Pyramidal,LEC LIII Multipolar Principal,304.0317537911717
branch_and_bound,MEC LV VI Pyramidal Polymorphic,4,transition,LEC LIII Multipolar Principal,LEC LIII Complex Pyramidal,556.0635991085179
branch_and_bound,MEC LV VI Pyramidal Polymorphic,5,transition,LEC LIII Complex Pyramidal,EC LIII Pyramidal Stellate,538.1000722266449
branch_and_bound,MEC LV VI Pyramidal Polymorphic,6,transition,EC LIII Pyramidal Stellate,CA1 Pyramidal,5351.494110639728
branch_and_bound,MEC LV VI Pyramidal Polymorphic,7,transition,CA1 Pyramidal,EC LV Deep Pyramidal,6927.87660371489
branch_and_bound,MEC LV VI Pyramidal Polymorphic,8,transition,EC LV Deep Pyramidal,EC LIII V Bipolar Pyramidal,180.4005489546849
branch_and_bound,MEC LV VI Pyramidal Polymorphic,9,transition,EC LIII V Bipolar Pyramidal,MEC LIII Complex Pyramidal,1055.6037252397975
branch_and_bound,MEC LV VI Pyramidal Polymorphic,10,transition,MEC LIII Complex Pyramidal,MEC LII Stellate,1193.0847203135872
branch_and_bound,MEC LV VI Pyramidal Polymorphic,11,transition,MEC LII Stellate,MEC LIII Bipolar Complex Pyramidal,2253.263353922492
branch_and_bound,MEC LV VI Pyramidal Polymorphic,12,transition,MEC LIII Bipolar Complex Pyramidal,MEC LII III Pyramidal Multiform,156.10322882603091
branch_and_bound,MEC LV VI Pyramidal Polymorphic,13,transition,MEC LII III Pyramidal Multiform,MEC LV Multipolar Pyramidal,750.744376370936
branch_and_bound,MEC LV VI Pyramidal Polymorphic,14,transition,MEC LV Multipolar Pyramidal,MEC LV Superficial Pyramidal,138.44761428854213
branch_and_bound,MEC LV VI Pyramidal Polymorphic,15,transition,MEC LV Superficial Pyramidal,MEC LV Pyramidal,138.477786593687
branch_and_bound,MEC LV VI Pyramidal Polymorphic,16,transition,MEC LV Pyramidal,EC LI II Pyramidal Fan,17.464155842330424
branch_and_bound,MEC LV VI Pyramidal Polymorphic,17,transition,EC LI II Pyramidal Fan,EC LI II Multipolar Pyramidal,7472.437106847604
branch_and_bound,MEC LV VI Pyramidal Polymorphic,18,transition,EC LI II Multipolar Pyramidal,EC LIII Stellate,29349.85984134182
branch_and_bound,MEC LV VI Pyramidal Polymorphic,19,transition,EC LIII Stellate,EC LII III Pyramidal Tripolar,69.81600034271409
branch_and_bound,MEC LV VI Pyramidal Polymorphic,20,transition,EC LII III Pyramidal Tripolar,DG Granule,2807.534322760256
branch_and_bound,MEC LV VI Pyramidal Polymorphic,21,transition,DG Granule,DG Mossy,44908.709978571016
branch_and_bound,MEC LV VI Pyramidal Polymorphic,22,transition,DG Mossy,DG Hilar Ectopic Granule,2119.754290320353
branch_and_bound,MEC LV VI Pyramidal Polymorphic,23,transition,DG Hilar Ectopic Granule,CA3c Pyramidal,0.0550567880071112
branch_and_bound,MEC LV VI Pyramidal Polymorphic,24,transition,CA3c Pyramidal,CA2 Pyramidal,24424.53581944845
branch_and_bound,MEC LV VI Pyramidal Polymorphic,25,transition,CA2 Pyramidal,CA3 Pyramidal,1188.4585744965177
branch_and_bound,MEC LV VI Pyramidal Polymorphic,26,transition,CA3 Pyramidal,CA3 Granule,3063.7033025481774
branch_and_bound,SUB CA1 Projecting Pyramidal,1,transition,SUB CA1 Projecting Pyramidal,CA1 Pyramidal,106.20856360032086
branch_and_bound,SUB CA1 Projecting Pyramidal,2,transition,CA1 Pyramidal,MEC LV VI Pyramidal Polymorphic,13564.64480225756
branch_and_bound,SUB CA1 Projecting Pyramidal,3,transition,MEC LV VI Pyramidal Polymorphic,EC LIV VI Deep Multipolar Principal,86.77596588341953
branch_and_bound,SUB CA1 Projecting Pyramidal,4,transition,EC LIV VI Deep Multipolar Principal,LEC LVI Multipolar Pyramidal,2246.3636143897743
branch_and_bound,SUB CA1 Projecting Pyramidal,5,transition,LEC LVI Multipolar Pyramidal,LEC LIII Multipolar Principal,304.0317537911717
branch_and_bound,SUB CA1 Projecting Pyramidal,6,transition,LEC LIII Multipolar Principal,LEC LIII Complex Pyramidal,556.0635991085179
branch_and_bound,SUB CA1 Projecting Pyramidal,7,transition,LEC LIII Complex Pyramidal,EC LIII Pyramidal Stellate,538.1000722266449
branch_and_bound,SUB CA1 Projecting Pyramidal,8,transition,EC LIII Pyramidal Stellate,MEC LIII Complex Pyramidal,647.4324185181202
branch_and_bound,SUB CA1 Projecting Pyramidal,9,transition,MEC LIII Complex Pyramidal,MEC LII Stellate,1193.0847203135872
branch_and_bound,SUB CA1 Projecting Pyramidal,10,transition,MEC LII Stellate,MEC LIII Bipolar Complex Pyramidal,2253.263353922492
branch_and_bound,SUB CA1 Projecting Pyramidal,11,transition,MEC LIII Bipolar Complex Pyramidal,MEC LII III Pyramidal Multiform,156.10322882603091
branch_and_bound,SUB CA1 Projecting Pyramidal,12,transition,MEC LII III Pyramidal Multiform,MEC LV Multipolar Pyramidal,750.744376370936
branch_and_bound,SUB CA1 Projecting Pyramidal,13,transition,MEC LV Multipolar Pyramidal,MEC LV Superficial Pyramidal,138.44761428854213
branch_and_bound,SUB CA1 Projecting Pyramidal,14,transition,MEC LV Superficial Pyramidal,MEC LV Pyramidal,138.477786593687
branch_and_bound,SUB CA1 Projecting Pyramidal,15,transition,MEC LV Pyramidal,EC LI II Multipolar Pyramidal,397.3319836201498
branch_and_bound,SUB CA1 Projecting Pyramidal,16,transition,EC LI II Multipolar Pyramidal,EC LIII Stellate,29349.85984134182
branch_and_bound,SUB CA1 Projecting Pyramidal,17,transition,EC LIII Stellate,EC LII III Pyramidal Tripolar,69.81600034271409
branch_and_bound,SUB CA1 Projecting Pyramidal,18,transition,EC LII III Pyramidal Tripolar,DG Granule,2807.534322760256
branch_and_bound,SUB CA1 Projecting Pyramidal,19,transition,DG Granule,DG Mossy,44908.709978571016
branch_and_bound,SUB CA1 Projecting Pyramidal,20,transition,DG Mossy,DG Semilunar Granule,50.6486718617241
branch_and_bound,SUB CA1 Projecting Pyramidal,21,transition,DG Semilunar Granule,DG Hilar Ectopic Granule,4588.842439594102
branch_and_bound,SUB CA1 Projecting Pyramidal,22,transition,DG Hilar Ectopic Granule,CA3c Pyramidal,0.0550567880071112
branch_and_bound,SUB CA1 Projecting Pyramidal,23,transition,CA3c Pyramidal,CA2 Pyramidal,24424.53581944845
branch_and_bound,SUB CA1 Projecting Pyramidal,24,transition,CA2 Pyramidal,CA3 Pyramidal,1188.4585744965177
branch_and_bound,SUB CA1 Projecting Pyramidal,25,transition,CA3 Pyramidal,CA3 Granule,3063.7033025481774
dynamic_programming,CA1 Pyramidal,1,transition,CA1 Pyramidal,EC LV Deep Pyramidal,6927.87660371489
dynamic_programming,CA1 Pyramidal,2,transition,EC LV Deep Pyramidal,MEC LV Pyramidal,172.39609835538727
dynamic_programming,CA1 Pyramidal,3,transition,MEC LV Pyramidal,DG Granule,9568.736896643586
dynamic_programming,CA1 Pyramidal,4,transition,DG Granule,DG Mossy,44908.709978571016
dynamic_programming,CA1 Radiatum Giant,1,transition,CA1 Radiatum Giant,CA1 Pyramidal,52.52606827667822
dynamic_programming,CA1 Radiatum Giant,2,transition,CA1 Pyramidal,EC LV Deep Pyramidal,6927.87660371489
dynamic_programming,CA1 Radiatum Giant,3,transition,EC LV Deep Pyramidal,MEC LV Pyramidal,172.39609835538727
dynamic_programming,CA1 Radiatum Giant,4,transition,MEC LV Pyramidal,DG Granule,9568.736896643586
dynamic_programming,CA1 Radiatum Giant,5,transition,DG Granule,DG Mossy,44908.709978571016
dynamic_programming,CA2 Pyramidal,1,transition,CA2 Pyramidal,CA3c Pyramidal,2212.266414990227
dynamic_programming,CA2 Pyramidal,2,transition,CA3c Pyramidal,CA1 Pyramidal,85609.60976338176
dynamic_programming,CA2 Pyramidal,3,transition,CA1 Pyramidal,MEC LV Pyramidal,3424.360693274852
dynamic_programming,CA2 Pyramidal,4,transition,MEC LV Pyramidal,DG Granule,9568.736896643586
dynamic_programming,CA2 Pyramidal,5,transition,DG Granule,DG Mossy,44908.709978571016
dynamic_programming,CA3 Granule,1,transition,CA3 Granule,CA3 Pyramidal,0.942018883295193
dynamic_programming,CA3 Granule,2,transition,CA3 Pyramidal,CA3c Pyramidal,6774.278639391325
dynamic_programming,CA3 Granule,3,transition,CA3c Pyramidal,CA1 Pyramidal,85609.60976338176
dynamic_programming,CA3 Granule,4,transition,CA1 Pyramidal,MEC LV Pyramidal,3424.360693274852
dynamic_programming,CA3 Granule,5,transition,MEC LV Pyramidal,DG Granule,9568.736896643586
dynamic_programming,CA3 Granule,6,transition,DG Granule,DG Mossy,44908.709978571016
dynamic_programming,CA3 Pyramidal,1,transition,CA3 Pyramidal,CA3c Pyramidal,6774.278639391325
dynamic_programming,CA3 Pyramidal,2,transition,CA3c Pyramidal,CA1 Pyramidal,85609.60976338176
dynamic_programming,CA3 Pyramidal,3,transition,CA1 Pyramidal,MEC LV Pyramidal,3424.360693274852
dynamic_programming,CA3 Pyramidal,4,transition,MEC LV Pyramidal,DG Granule,9568.736896643586
dynamic_programming,CA3 Pyramidal,5,transition,DG Granule,DG Mossy,44908.709978571016
dynamic_programming,CA3c Pyramidal,1,transition,CA3c Pyramidal,CA1 Pyramidal,85609.60976338176
dynamic_programming,CA3c Pyramidal,2,transition,CA1 Pyramidal,EC LV Deep Pyramidal,6927.87660371489
dynamic_programming,CA3c Pyramidal,3,transition,EC LV Deep Pyramidal,MEC LV Pyramidal,172.39609835538727
dynamic_programming,CA3c Pyramidal,4,transition,MEC LV Pyramidal,DG Granule,9568.736896643586
dynamic_programming,CA3c Pyramidal,5,transition,DG Granule,DG Mossy,44908.709978571016
dynamic_programming,DG Granule,1,transition,DG Granule,DG Mossy,44908.709978571016
dynamic_programming,DG Granule,2,transition,DG Mossy,DG Hilar Ectopic Granule,2119.754290320353
dynamic_programming,DG Granule,3,transition,DG Hilar Ectopic Granule,CA3c Pyramidal,0.0550567880071112
dynamic_programming,DG Granule,4,transition,CA3c Pyramidal,CA1 Pyramidal,85609.60976338176
dynamic_programming,DG Granule,5,transition,CA1 Pyramidal,MEC LV VI Pyramidal Polymorphic,13564.64480225756
dynamic_programming,DG Hilar Ectopic Granule,1,transition,DG Hilar Ectopic Granule,CA3 Pyramidal,0.0133035385226386
dynamic_programming,DG Hilar Ectopic Granule,2,transition,CA3 Pyramidal,CA3c Pyramidal,6774.278639391325
dynamic_programming,DG Hilar Ectopic Granule,3,transition,CA3c Pyramidal,CA1 Pyramidal,85609.60976338176
dynamic_programming,DG Hilar Ectopic Granule,4,transition,CA1 Pyramidal,MEC LV Pyramidal,3424.360693274852
dynamic_programming,DG Hilar Ectopic Granule,5,transition,MEC LV Pyramidal,DG Granule,9568.736896643586
dynamic_programming,DG Hilar Ectopic Granule,6,transition,DG Granule,DG Mossy,44908.709978571016
dynamic_programming,DG Mossy,1,transition,DG Mossy,DG Granule,968.2502990077752
dynamic_programming,DG Mossy,2,transition,DG Granule,DG Hilar Ectopic Granule,25114.71428869603
dynamic_programming,DG Mossy,3,transition,DG Hilar Ectopic Granule,CA3 Pyramidal,0.0133035385226386
dynamic_programming,DG Mossy,4,transition,CA3 Pyramidal,CA3c Pyramidal,6774.278639391325
dynamic_programming,DG Mossy,5,transition,CA3c Pyramidal,CA1 Pyramidal,85609.60976338176
dynamic_programming,DG Mossy,6,transition,CA1 Pyramidal,MEC LV VI Pyramidal Polymorphic,13564.64480225756
dynamic_programming,DG Semilunar Granule,1,transition,DG Semilunar Granule,CA3 Pyramidal,64.21877861632397
dynamic_programming,DG Semilunar Granule,2,transition,CA3 Pyramidal,CA3c Pyramidal,6774.278639391325
dynamic_programming,DG Semilunar Granule,3,transition,CA3c Pyramidal,CA1 Pyramidal,85609.60976338176
dynamic_programming,DG Semilunar Granule,4,transition,CA1 Pyramidal,MEC LV Pyramidal,3424.360693274852
dynamic_programming,DG Semilunar Granule,5,transition,MEC LV Pyramidal,DG Granule,9568.736896643586
dynamic_programming,DG Semilunar Granule,6,transition,DG Granule,DG Mossy,44908.709978571016
dynamic_programming,EC LI II Multipolar Pyramidal,1,transition,EC LI II Multipolar Pyramidal,MEC LII Stellate,24134.5300159425
dynamic_programming,EC LI II Multipolar Pyramidal,2,transition,MEC LII Stellate,CA3 Granule,19640.6765649223
dynamic_programming,EC LI II Multipolar Pyramidal,3,transition,CA3 Granule,CA3c Pyramidal,2.280811281935155
dynamic_programming,EC LI II Multipolar Pyramidal,4,transition,CA3c Pyramidal,CA1 Pyramidal,85609.60976338176
dynamic_programming,EC LI II Pyramidal Fan,1,transition,EC LI II Pyramidal Fan,DG Granule,6731.854220776941
dynamic_programming,EC LI II Pyramidal Fan,2,transition,DG Granule,DG Hilar Ectopic Granule,25114.71428869603
dynamic_programming,EC LI II Pyramidal Fan,3,transition,DG Hilar Ectopic Granule,CA3c Pyramidal,0.0550567880071112
dynamic_programming,EC LI II Pyramidal Fan,4,transition,CA3c Pyramidal,CA1 Pyramidal,85609.60976338176
dynamic_programming,EC LII III Pyramidal Tripolar,1,transition,EC LII III Pyramidal Tripolar,DG Granule,2807.534322760256
dynamic_programming,EC LII III Pyramidal Tripolar,2,transition,DG Granule,DG Hilar Ectopic Granule,25114.71428869603
dynamic_programming,EC LII III Pyramidal Tripolar,3,transition,DG Hilar Ectopic Granule,CA3c Pyramidal,0.0550567880071112
dynamic_programming,EC LII III Pyramidal Tripolar,4,transition,CA3c Pyramidal,CA1 Pyramidal,85609.60976338176
dynamic_programming,EC LIII Pyramidal,1,transition,EC LIII Pyramidal,MEC LV Pyramidal,12.760099858249111
dynamic_programming,EC LIII Pyramidal,2,transition,MEC LV Pyramidal,DG Granule,9568.736896643586
dynamic_programming,EC LIII Pyramidal,3,transition,DG Granule,CA3c Pyramidal,1802.511478373572
dynamic_programming,EC LIII Pyramidal,4,transition,CA3c Pyramidal,CA1 Pyramidal,85609.60976338176
dynamic_programming,EC LIII Pyramidal Stellate,1,transition,EC LIII Pyramidal Stellate,EC LII III Pyramidal Tripolar,254.6407583376596
dynamic_programming,EC LIII Pyramidal Stellate,2,transition,EC LII III Pyramidal Tripolar,DG Granule,2807.534322760256
dynamic_programming,EC LIII Pyramidal Stellate,3,transition,DG Granule,CA3c Pyramidal,1802.511478373572
dynamic_programming,EC LIII Pyramidal Stellate,4,transition,CA3c Pyramidal,CA1 Pyramidal,85609.60976338176
dynamic_programming,EC LIII Stellate,1,transition,EC LIII Stellate,EC LII III Pyramidal Tripolar,69.81600034271409
dynamic_programming,EC LIII Stellate,2,transition,EC LII III Pyramidal Tripolar,DG Granule,2807.534322760256
dynamic_programming,EC LIII Stellate,3,transition,DG Granule,CA3c Pyramidal,1802.511478373572
dynamic_programming,EC LIII Stellate,4,transition,CA3c Pyramidal,CA1 Pyramidal,85609.60976338176
dynamic_programming,EC LIII V Bipolar Pyramidal,1,transition,EC LIII V Bipolar Pyramidal,MEC LV Pyramidal,226.0217597456127
dynamic_programming,EC LIII V Bipolar Pyramidal,2,transition,MEC LV Pyramidal,DG Granule,9568.736896643586
dynamic_programming,EC LIII V Bipolar Pyramidal,3,transition,DG Granule,CA3c Pyramidal,1802.511478373572
dynamic_programming,EC LIII V Bipolar Pyramidal,4,transition,CA3c Pyramidal,CA1 Pyramidal,85609.60976338176
dynamic_programming,EC LIV VI Deep Multipolar Principal,1,transition,EC LIV VI Deep Multipolar Principal,MEC LV Pyramidal,479.0772940932867
dynamic_programming,EC LIV VI Deep Multipolar Principal,2,transition,MEC LV Pyramidal,DG Granule,9568.736896643586
dynamic_programming,EC LIV VI Deep Multipolar Principal,3,transition,DG Granule,CA3c Pyramidal,1802.511478373572
dynamic_programming,EC LIV VI Deep Multipolar Principal,4,transition,CA3c Pyramidal,CA1 Pyramidal,85609.60976338176
dynamic_programming,EC LV Deep Pyramidal,1,transition,EC LV Deep Pyramidal,MEC LV Pyramidal,172.39609835538727
dynamic_programming,EC LV Deep Pyramidal,2,transition,MEC LV Pyramidal,DG Granule,9568.736896643586
dynamic_programming,EC LV Deep Pyramidal,3,transition,DG Granule,CA3c Pyramidal,1802.511478373572
dynamic_programming,EC LV Deep Pyramidal,4,transition,CA3c Pyramidal,CA1 Pyramidal,85609.60976338176
dynamic_programming,LEC LIII Complex Pyramidal,1,transition,LEC LIII Complex Pyramidal,EC LI II Pyramidal Fan,23.12767624896576
dynamic_programming,LEC LIII Complex Pyramidal,2,transition,EC LI II Pyramidal Fan,DG Granule,6731.854220776941
dynamic_programming,LEC LIII Complex Pyramidal,3,transition,DG Granule,CA3c Pyramidal,1802.511478373572
dynamic_programming,LEC LIII Complex Pyramidal,4,transition,CA3c Pyramidal,CA1 Pyramidal,85609.60976338176
dynamic_programming,LEC LIII Multipolar Principal,1,transition,LEC LIII Multipolar Principal,EC LI II Pyramidal Fan,31.881195215923217
dynamic_programming,LEC LIII Multipolar Principal,2,transition,EC LI II Pyramidal Fan,DG Granule,6731.854220776941
dynamic_programming,LEC LIII Multipolar Principal,3,transition,DG Granule,CA3c Pyramidal,1802.511478373572
dynamic_programming,LEC LIII Multipolar Principal,4,transition,CA3c Pyramidal,CA1 Pyramidal,85609.60976338176
dynamic_programming,LEC LVI Multipolar Pyramidal,1,transition,LEC LVI Multipolar Pyramidal,EC LII III Pyramidal Tripolar,48.98798814646632
dynamic_programming,LEC LVI Multipolar Pyramidal,2,transition,EC LII III Pyramidal Tripolar,DG Granule,2807.534322760256
dynamic_programming,LEC LVI Multipolar Pyramidal,3,transition,DG Granule,CA3c Pyramidal,1802.511478373572
dynamic_programming,LEC LVI Multipolar Pyramidal,4,transition,CA3c Pyramidal,CA1 Pyramidal,85609.60976338176
dynamic_programming,MEC LII III Pyramidal Multiform,1,transition,MEC LII III Pyramidal Multiform,MEC LII Stellate,308.0929075038045
dynamic_programming,MEC LII III Pyramidal Multiform,2,transition,MEC LII Stellate,CA3 Granule,19640.6765649223
dynamic_programming,MEC LII III Pyramidal Multiform,3,transition,CA3 Granule,CA3c Pyramidal,2.280811281935155
dynamic_programming,MEC LII III Pyramidal Multiform,4,transition,CA3c Pyramidal,CA1 Pyramidal,85609.60976338176
dynamic_programming,MEC LII Oblique Pyramidal,1,transition,MEC LII Oblique Pyramidal,EC LII III Pyramidal Tripolar,11.97337518907701
dynamic_programming,MEC LII Oblique Pyramidal,2,transition,EC LII III Pyramidal Tripolar,DG Granule,2807.534322760256
dynamic_programming,MEC LII Oblique Pyramidal,3,transition,DG Granule,CA3c Pyramidal,1802.511478373572
dynamic_programming,MEC LII Oblique Pyramidal,4,transition,CA3c Pyramidal,CA1 Pyramidal,85609.60976338176
dynamic_programming,MEC LII Stellate,1,transition,MEC LII Stellate,CA3 Granule,19640.6765649223
dynamic_programming,MEC LII Stellate,2,transition,CA3 Granule,CA3c Pyramidal,2.280811281935155
dynamic_programming,MEC LII Stellate,3,transition,CA3c Pyramidal,CA1 Pyramidal,85609.60976338176
dynamic_programming,MEC LII Stellate,4,transition,CA1 Pyramidal,MEC LV VI Pyramidal Polymorphic,13564.64480225756
dynamic_programming,MEC LIII Bipolar Complex Pyramidal,1,transition,MEC LIII Bipolar Complex Pyramidal,MEC LII Stellate,268.5769974548232
dynamic_programming,MEC LIII Bipolar Complex Pyramidal,2,transition,MEC LII Stellate,CA3 Granule,19640.6765649223
dynamic_programming,MEC LIII Bipolar Complex Pyramidal,3,transition,CA3 Granule,CA3c Pyramidal,2.280811281935155
dynamic_programming,MEC LIII Bipolar Complex Pyramidal,4,transition,CA3c Pyramidal,CA1 Pyramidal,85609.60976338176
dynamic_programming,MEC LIII Complex Pyramidal,1,transition,MEC LIII Complex Pyramidal,MEC LII Stellate,1193.0847203135872
dynamic_programming,MEC LIII Complex Pyramidal,2,transition,MEC LII Stellate,CA3 Granule,19640.6765649223
dynamic_programming,MEC LIII Complex Pyramidal,3,transition,CA3 Granule,CA3c Pyramidal,2.280811281935155
dynamic_programming,MEC LIII Complex Pyramidal,4,transition,CA3c Pyramidal,CA1 Pyramidal,85609.60976338176
dynamic_programming,MEC LV Multipolar Pyramidal,1,transition,MEC LV Multipolar Pyramidal,MEC LV Pyramidal,115.70855122819788
dynamic_programming,MEC LV Multipolar Pyramidal,2,transition,MEC LV Pyramidal,DG Granule,9568.736896643586
dynamic_programming,MEC LV Multipolar Pyramidal,3,transition,DG Granule,CA3c Pyramidal,1802.511478373572
dynamic_programming,MEC LV Multipolar Pyramidal,4,transition,CA3c Pyramidal,CA1 Pyramidal,85609.60976338176
dynamic_programming,MEC LV Pyramidal,1,transition,MEC LV Pyramidal,DG Granule,9568.736896643586
dynamic_programming,MEC LV Pyramidal,2,transition,DG Granule,DG Hilar Ectopic Granule,25114.71428869603
dynamic_programming,MEC LV Pyramidal,3,transition,DG Hilar Ectopic Granule,CA3c Pyramidal,0.0550567880071112
dynamic_programming,MEC LV Pyramidal,4,transition,CA3c Pyramidal,CA1 Pyramidal,85609.60976338176
dynamic_programming,MEC LV Superficial Pyramidal,1,transition,MEC LV Superficial Pyramidal,MEC LII Stellate,135.01248410172684
dynamic_programming,MEC LV Superficial Pyramidal,2,transition,MEC LII Stellate,CA3 Granule,19640.6765649223
dynamic_programming,MEC LV Superficial Pyramidal,3,transition,CA3 Granule,CA3c Pyramidal,2.280811281935155
dynamic_programming,MEC LV Superficial Pyramidal,4,transition,CA3c Pyramidal,CA1 Pyramidal,85609.60976338176
dynamic_programming,MEC LV VI Pyramidal Polymorphic,1,transition,MEC LV VI Pyramidal Polymorphic,EC LIV VI Deep Multipolar Principal,86.77596588341953
dynamic_programming,MEC LV VI Pyramidal Polymorphic,2,transition,EC LIV VI Deep Multipolar Principal,MEC LV Pyramidal,479.0772940932867
dynamic_programming,MEC LV VI Pyramidal Polymorphic,3,transition,MEC LV Pyramidal,DG Granule,9568.736896643586
dynamic_programming,MEC LV VI Pyramidal Polymorphic,4,transition,DG Granule,CA3c Pyramidal,1802.511478373572
dynamic_programming,MEC LV VI Pyramidal Polymorphic,5,transition,CA3c Pyramidal,CA1 Pyramidal,85609.60976338176
dynamic_programming,SUB CA1 Projecting Pyramidal,1,transition,SUB CA1 Projecting Pyramidal,CA1 Pyramidal,106.20856360032086
dynamic_programming,SUB CA1 Projecting Pyramidal,2,transition,CA1 Pyramidal,EC LV Deep Pyramidal,6927.87660371489
dynamic_programming,SUB CA1 Projecting Pyramidal,3,transition,EC LV Deep Pyramidal,MEC LV Pyramidal,172.39609835538727
dynamic_programming,SUB CA1 Projecting Pyramidal,4,transition,MEC LV Pyramidal,DG Granule,9568.736896643586
dynamic_programming,SUB CA1 Projecting Pyramidal,5,transition,DG Granule,DG Mossy,44908.709978571016
milp_subtour_elimination,CA1 Pyramidal,1,transition,CA1 Pyramidal,MEC LV VI Pyramidal Polymorphic,13564.64480225756
milp_subtour_elimination,CA1 Pyramidal,2,transition,MEC LV VI Pyramidal Polymorphic,EC LV Deep Pyramidal,78.22850736136446
milp_subtour_elimination,CA1 Pyramidal,3,transition,EC LV Deep Pyramidal,EC LIV VI Deep Multipolar Principal,326.6081416722669
milp_subtour_elimination,CA1 Pyramidal,4,transition,EC LIV VI Deep Multipolar Principal,LEC LVI Multipolar Pyramidal,2246.3636143897743
milp_subtour_elimination,CA1 Pyramidal,5,transition,LEC LVI Multipolar Pyramidal,EC LIII V Bipolar Pyramidal,101.04977810289805
milp_subtour_elimination,CA1 Pyramidal,6,transition,EC LIII V Bipolar Pyramidal,LEC LIII Multipolar Principal,1092.637693563088
milp_subtour_elimination,CA1 Pyramidal,7,transition,LEC LIII Multipolar Principal,LEC LIII Complex Pyramidal,556.0635991085179
milp_subtour_elimination,CA1 Pyramidal,8,transition,LEC LIII Complex Pyramidal,EC LIII Pyramidal Stellate,538.1000722266449
milp_subtour_elimination,CA1 Pyramidal,9,transition,EC LIII Pyramidal Stellate,EC LIII Pyramidal,241.99019548048847
milp_subtour_elimination,CA1 Pyramidal,10,transition,EC LIII Pyramidal,EC LIII Stellate,16.121135143574193
milp_subtour_elimination,CA1 Pyramidal,11,transition,EC LIII Stellate,EC LII III Pyramidal Tripolar,69.81600034271409
milp_subtour_elimination,CA1 Pyramidal,12,transition,EC LII III Pyramidal Tripolar,MEC LII Stellate,3189.046054691212
milp_subtour_elimination,CA1 Pyramidal,13,transition,MEC LII Stellate,MEC LIII Complex Pyramidal,3196.6416341268605
milp_subtour_elimination,CA1 Pyramidal,14,transition,MEC LIII Complex Pyramidal,MEC LII Oblique Pyramidal,569.2148212010752
milp_subtour_elimination,CA1 Pyramidal,15,transition,MEC LII Oblique Pyramidal,MEC LV Superficial Pyramidal,73.63513359542591
milp_subtour_elimination,CA1 Pyramidal,16,transition,MEC LV Superficial Pyramidal,EC LI II Pyramidal Fan,3.037796001788656
milp_subtour_elimination,CA1 Pyramidal,17,transition,EC LI II Pyramidal Fan,EC LI II Multipolar Pyramidal,7472.437106847604
milp_subtour_elimination,CA1 Pyramidal,18,transition,EC LI II Multipolar Pyramidal,MEC LIII Bipolar Complex Pyramidal,30698.001365671505
milp_subtour_elimination,CA1 Pyramidal,19,transition,MEC LIII Bipolar Complex Pyramidal,MEC LII III Pyramidal Multiform,156.10322882603091
milp_subtour_elimination,CA1 Pyramidal,20,transition,MEC LII III Pyramidal Multiform,MEC LV Multipolar Pyramidal,750.744376370936
milp_subtour_elimination,CA1 Pyramidal,21,transition,MEC LV Multipolar Pyramidal,MEC LV Pyramidal,115.70855122819788
milp_subtour_elimination,CA1 Pyramidal,22,transition,MEC LV Pyramidal,DG Granule,9568.736896643586
milp_subtour_elimination,CA1 Pyramidal,23,transition,DG Granule,DG Mossy,44908.709978571016
milp_subtour_elimination,CA1 Pyramidal,24,transition,DG Mossy,DG Semilunar Granule,50.6486718617241
milp_subtour_elimination,CA1 Pyramidal,25,transition,DG Semilunar Granule,DG Hilar Ectopic Granule,4588.842439594102
milp_subtour_elimination,CA1 Pyramidal,26,transition,DG Hilar Ectopic Granule,CA3 Pyramidal,0.0133035385226386
milp_subtour_elimination,CA1 Pyramidal,27,transition,CA3 Pyramidal,CA3c Pyramidal,6774.278639391325
milp_subtour_elimination,CA1 Pyramidal,28,transition,CA3c Pyramidal,CA2 Pyramidal,24424.53581944845
milp_subtour_elimination,CA1 Pyramidal,29,transition,CA2 Pyramidal,CA3 Granule,592.9863345985209
milp_subtour_elimination,CA1 Radiatum Giant,1,transition,CA1 Radiatum Giant,CA1 Pyramidal,52.52606827667822
milp_subtour_elimination,CA1 Radiatum Giant,2,transition,CA1 Pyramidal,MEC LV VI Pyramidal Polymorphic,13564.64480225756
milp_subtour_elimination,CA1 Radiatum Giant,3,transition,MEC LV VI Pyramidal Polymorphic,EC LV Deep Pyramidal,78.22850736136446
milp_subtour_elimination,CA1 Radiatum Giant,4,transition,EC LV Deep Pyramidal,EC LIV VI Deep Multipolar Principal,326.6081416722669
milp_subtour_elimination,CA1 Radiatum Giant,5,transition,EC LIV VI Deep Multipolar Principal,LEC LVI Multipolar Pyramidal,2246.3636143897743
milp_subtour_elimination,CA1 Radiatum Giant,6,transition,LEC LVI Multipolar Pyramidal,LEC LIII Multipolar Principal,304.0317537911717
milp_subtour_elimination,CA1 Radiatum Giant,7,transition,LEC LIII Multipolar Principal,EC LIII V Bipolar Pyramidal,209.4703326398128
milp_subtour_elimination,CA1 Radiatum Giant,8,transition,EC LIII V Bipolar Pyramidal,EC LIII Pyramidal,304.9686783779771
milp_subtour_elimination,CA1 Radiatum Giant,9,transition,EC LIII Pyramidal,LEC LIII Complex Pyramidal,57.24674772751966
milp_subtour_elimination,CA1 Radiatum Giant,10,transition,LEC LIII Complex Pyramidal,EC LIII Pyramidal Stellate,538.1000722266449
milp_subtour_elimination,CA1 Radiatum Giant,11,transition,EC LIII Pyramidal Stellate,EC LII III Pyramidal Tripolar,254.6407583376596
milp_subtour_elimination,CA1 Radiatum Giant,12,transition,EC LII III Pyramidal Tripolar,EC LI II Multipolar Pyramidal,4216.395703649579
milp_subtour_elimination,CA1 Radiatum Giant,13,transition,EC LI II Multipolar Pyramidal,EC LIII Stellate,29349.85984134182
milp_subtour_elimination,CA1 Radiatum Giant,14,transition,EC LIII Stellate,MEC LII III Pyramidal Multiform,64.21168926195364
milp_subtour_elimination,CA1 Radiatum Giant,15,transition,MEC LII III Pyramidal Multiform,MEC LV Multipolar Pyramidal,750.744376370936
milp_subtour_elimination,CA1 Radiatum Giant,16,transition,MEC LV Multipolar Pyramidal,MEC LV Superficial Pyramidal,138.44761428854213
milp_subtour_elimination,CA1 Radiatum Giant,17,transition,MEC LV Superficial Pyramidal,EC LI II Pyramidal Fan,3.037796001788656
milp_subtour_elimination,CA1 Radiatum Giant,18,transition,EC LI II Pyramidal Fan,MEC LII Stellate,4889.474401375084
milp_subtour_elimination,CA1 Radiatum Giant,19,transition,MEC LII Stellate,MEC LIII Complex Pyramidal,3196.6416341268605
milp_subtour_elimination,CA1 Radiatum Giant,20,transition,MEC LIII Complex Pyramidal,MEC LII Oblique Pyramidal,569.2148212010752
milp_subtour_elimination,CA1 Radiatum Giant,21,transition,MEC LII Oblique Pyramidal,MEC LIII Bipolar Complex Pyramidal,57.5389943157286
milp_subtour_elimination,CA1 Radiatum Giant,22,transition,MEC LIII Bipolar Complex Pyramidal,MEC LV Pyramidal,22.884394947232725
milp_subtour_elimination,CA1 Radiatum Giant,23,transition,MEC LV Pyramidal,DG Granule,9568.736896643586
milp_subtour_elimination,CA1 Radiatum Giant,24,transition,DG Granule,DG Mossy,44908.709978571016
milp_subtour_elimination,CA1 Radiatum Giant,25,transition,DG Mossy,DG Semilunar Granule,50.6486718617241
milp_subtour_elimination,CA1 Radiatum Giant,26,transition,DG Semilunar Granule,CA3 Pyramidal,64.21877861632397
milp_subtour_elimination,CA1 Radiatum Giant,27,transition,CA3 Pyramidal,CA3 Granule,3063.7033025481774
milp_subtour_elimination,CA1 Radiatum Giant,28,transition,CA3 Granule,CA3c Pyramidal,2.280811281935155
milp_subtour_elimination,CA1 Radiatum Giant,29,transition,CA3c Pyramidal,CA2 Pyramidal,24424.53581944845
milp_subtour_elimination,CA2 Pyramidal,1,transition,CA2 Pyramidal,CA3 Pyramidal,1188.4585744965177
milp_subtour_elimination,CA2 Pyramidal,2,transition,CA3 Pyramidal,CA3c Pyramidal,6774.278639391325
milp_subtour_elimination,CA2 Pyramidal,3,transition,CA3c Pyramidal,CA1 Pyramidal,85609.60976338176
milp_subtour_elimination,CA2 Pyramidal,4,transition,CA1 Pyramidal,MEC LV VI Pyramidal Polymorphic,13564.64480225756
milp_subtour_elimination,CA2 Pyramidal,5,transition,MEC LV VI Pyramidal Polymorphic,EC LV Deep Pyramidal,78.22850736136446
milp_subtour_elimination,CA2 Pyramidal,6,transition,EC LV Deep Pyramidal,EC LIV VI Deep Multipolar Principal,326.6081416722669
milp_subtour_elimination,CA2 Pyramidal,7,transition,EC LIV VI Deep Multipolar Principal,LEC LVI Multipolar Pyramidal,2246.3636143897743
milp_subtour_elimination,CA2 Pyramidal,8,transition,LEC LVI Multipolar Pyramidal,EC LIII V Bipolar Pyramidal,101.04977810289805
milp_subtour_elimination,CA2 Pyramidal,9,transition,EC LIII V Bipolar Pyramidal,LEC LIII Multipolar Principal,1092.637693563088
milp_subtour_elimination,CA2 Pyramidal,10,transition,LEC LIII Multipolar Principal,LEC LIII Complex Pyramidal,556.0635991085179
milp_subtour_elimination,CA2 Pyramidal,11,transition,LEC LIII Complex Pyramidal,EC LIII Pyramidal Stellate,538.1000722266449
milp_subtour_elimination,CA2 Pyramidal,12,transition,EC LIII Pyramidal Stellate,EC LIII Pyramidal,241.99019548048847
milp_subtour_elimination,CA2 Pyramidal,13,transition,EC LIII Pyramidal,EC LIII Stellate,16.121135143574193
milp_subtour_elimination,CA2 Pyramidal,14,transition,EC LIII Stellate,EC LII III Pyramidal Tripolar,69.81600034271409
milp_subtour_elimination,CA2 Pyramidal,15,transition,EC LII III Pyramidal Tripolar,MEC LII Stellate,3189.046054691212
milp_subtour_elimination,CA2 Pyramidal,16,transition,MEC LII Stellate,MEC LIII Complex Pyramidal,3196.6416341268605
milp_subtour_elimination,CA2 Pyramidal,17,transition,MEC LIII Complex Pyramidal,MEC LII Oblique Pyramidal,569.2148212010752
milp_subtour_elimination,CA2 Pyramidal,18,transition,MEC LII Oblique Pyramidal,MEC LV Superficial Pyramidal,73.63513359542591
milp_subtour_elimination,CA2 Pyramidal,19,transition,MEC LV Superficial Pyramidal,EC LI II Pyramidal Fan,3.037796001788656
milp_subtour_elimination,CA2 Pyramidal,20,transition,EC LI II Pyramidal Fan,EC LI II Multipolar Pyramidal,7472.437106847604
milp_subtour_elimination,CA2 Pyramidal,21,transition,EC LI II Multipolar Pyramidal,MEC LIII Bipolar Complex Pyramidal,30698.001365671505
milp_subtour_elimination,CA2 Pyramidal,22,transition,MEC LIII Bipolar Complex Pyramidal,MEC LII III Pyramidal Multiform,156.10322882603091
milp_subtour_elimination,CA2 Pyramidal,23,transition,MEC LII III Pyramidal Multiform,MEC LV Multipolar Pyramidal,750.744376370936
milp_subtour_elimination,CA2 Pyramidal,24,transition,MEC LV Multipolar Pyramidal,MEC LV Pyramidal,115.70855122819788
milp_subtour_elimination,CA2 Pyramidal,25,transition,MEC LV Pyramidal,DG Granule,9568.736896643586
milp_subtour_elimination,CA2 Pyramidal,26,transition,DG Granule,DG Mossy,44908.709978571016
milp_subtour_elimination,CA2 Pyramidal,27,transition,DG Mossy,DG Semilunar Granule,50.6486718617241
milp_subtour_elimination,CA2 Pyramidal,28,transition,DG Semilunar Granule,DG Hilar Ectopic Granule,4588.842439594102
milp_subtour_elimination,CA3 Granule,1,transition,CA3 Granule,CA3 Pyramidal,0.942018883295193
milp_subtour_elimination,CA3 Granule,2,transition,CA3 Pyramidal,CA2 Pyramidal,12467.302061608583
milp_subtour_elimination,CA3 Granule,3,transition,CA2 Pyramidal,CA3c Pyramidal,2212.266414990227
milp_subtour_elimination,CA3 Granule,4,transition,CA3c Pyramidal,CA1 Pyramidal,85609.60976338176
milp_subtour_elimination,CA3 Granule,5,transition,CA1 Pyramidal,MEC LV VI Pyramidal Polymorphic,13564.64480225756
milp_subtour_elimination,CA3 Granule,6,transition,MEC LV VI Pyramidal Polymorphic,EC LV Deep Pyramidal,78.22850736136446
milp_subtour_elimination,CA3 Granule,7,transition,EC LV Deep Pyramidal,EC LIV VI Deep Multipolar Principal,326.6081416722669
milp_subtour_elimination,CA3 Granule,8,transition,EC LIV VI Deep Multipolar Principal,LEC LVI Multipolar Pyramidal,2246.3636143897743
milp_subtour_elimination,CA3 Granule,9,transition,LEC LVI Multipolar Pyramidal,EC LIII V Bipolar Pyramidal,101.04977810289805
milp_subtour_elimination,CA3 Granule,10,transition,EC LIII V Bipolar Pyramidal,LEC LIII Multipolar Principal,1092.637693563088
milp_subtour_elimination,CA3 Granule,11,transition,LEC LIII Multipolar Principal,LEC LIII Complex Pyramidal,556.0635991085179
milp_subtour_elimination,CA3 Granule,12,transition,LEC LIII Complex Pyramidal,EC LIII Pyramidal Stellate,538.1000722266449
milp_subtour_elimination,CA3 Granule,13,transition,EC LIII Pyramidal Stellate,EC LIII Pyramidal,241.99019548048847
milp_subtour_elimination,CA3 Granule,14,transition,EC LIII Pyramidal,EC LIII Stellate,16.121135143574193
milp_subtour_elimination,CA3 Granule,15,transition,EC LIII Stellate,EC LII III Pyramidal Tripolar,69.81600034271409
milp_subtour_elimination,CA3 Granule,16,transition,EC LII III Pyramidal Tripolar,MEC LII Stellate,3189.046054691212
milp_subtour_elimination,CA3 Granule,17,transition,MEC LII Stellate,MEC LIII Complex Pyramidal,3196.6416341268605
milp_subtour_elimination,CA3 Granule,18,transition,MEC LIII Complex Pyramidal,MEC LII Oblique Pyramidal,569.2148212010752
milp_subtour_elimination,CA3 Granule,19,transition,MEC LII Oblique Pyramidal,MEC LV Superficial Pyramidal,73.63513359542591
milp_subtour_elimination,CA3 Granule,20,transition,MEC LV Superficial Pyramidal,EC LI II Pyramidal Fan,3.037796001788656
milp_subtour_elimination,CA3 Granule,21,transition,EC LI II Pyramidal Fan,EC LI II Multipolar Pyramidal,7472.437106847604
milp_subtour_elimination,CA3 Granule,22,transition,EC LI II Multipolar Pyramidal,MEC LIII Bipolar Complex Pyramidal,30698.001365671505
milp_subtour_elimination,CA3 Granule,23,transition,MEC LIII Bipolar Complex Pyramidal,MEC LII III Pyramidal Multiform,156.10322882603091
milp_subtour_elimination,CA3 Granule,24,transition,MEC LII III Pyramidal Multiform,MEC LV Multipolar Pyramidal,750.744376370936
milp_subtour_elimination,CA3 Granule,25,transition,MEC LV Multipolar Pyramidal,MEC LV Pyramidal,115.70855122819788
milp_subtour_elimination,CA3 Granule,26,transition,MEC LV Pyramidal,DG Granule,9568.736896643586
milp_subtour_elimination,CA3 Granule,27,transition,DG Granule,DG Mossy,44908.709978571016
milp_subtour_elimination,CA3 Granule,28,transition,DG Mossy,DG Semilunar Granule,50.6486718617241
milp_subtour_elimination,CA3 Granule,29,transition,DG Semilunar Granule,DG Hilar Ectopic Granule,4588.842439594102
milp_subtour_elimination,CA3 Pyramidal,1,transition,CA3 Pyramidal,CA2 Pyramidal,12467.302061608583
milp_subtour_elimination,CA3 Pyramidal,2,transition,CA2 Pyramidal,CA3c Pyramidal,2212.266414990227
milp_subtour_elimination,CA3 Pyramidal,3,transition,CA3c Pyramidal,CA1 Pyramidal,85609.60976338176
milp_subtour_elimination,CA3 Pyramidal,4,transition,CA1 Pyramidal,MEC LV VI Pyramidal Polymorphic,13564.64480225756
milp_subtour_elimination,CA3 Pyramidal,5,transition,MEC LV VI Pyramidal Polymorphic,EC LV Deep Pyramidal,78.22850736136446
milp_subtour_elimination,CA3 Pyramidal,6,transition,EC LV Deep Pyramidal,EC LIV VI Deep Multipolar Principal,326.6081416722669
milp_subtour_elimination,CA3 Pyramidal,7,transition,EC LIV VI Deep Multipolar Principal,LEC LVI Multipolar Pyramidal,2246.3636143897743
milp_subtour_elimination,CA3 Pyramidal,8,transition,LEC LVI Multipolar Pyramidal,EC LIII V Bipolar Pyramidal,101.04977810289805
milp_subtour_elimination,CA3 Pyramidal,9,transition,EC LIII V Bipolar Pyramidal,LEC LIII Multipolar Principal,1092.637693563088
milp_subtour_elimination,CA3 Pyramidal,10,transition,LEC LIII Multipolar Principal,LEC LIII Complex Pyramidal,556.0635991085179
milp_subtour_elimination,CA3 Pyramidal,11,transition,LEC LIII Complex Pyramidal,EC LIII Pyramidal Stellate,538.1000722266449
milp_subtour_elimination,CA3 Pyramidal,12,transition,EC LIII Pyramidal Stellate,EC LIII Pyramidal,241.99019548048847
milp_subtour_elimination,CA3 Pyramidal,13,transition,EC LIII Pyramidal,EC LIII Stellate,16.121135143574193
milp_subtour_elimination,CA3 Pyramidal,14,transition,EC LIII Stellate,EC LII III Pyramidal Tripolar,69.81600034271409
milp_subtour_elimination,CA3 Pyramidal,15,transition,EC LII III Pyramidal Tripolar,MEC LII Stellate,3189.046054691212
milp_subtour_elimination,CA3 Pyramidal,16,transition,MEC LII Stellate,MEC LIII Complex Pyramidal,3196.6416341268605
milp_subtour_elimination,CA3 Pyramidal,17,transition,MEC LIII Complex Pyramidal,MEC LII Oblique Pyramidal,569.2148212010752
milp_subtour_elimination,CA3 Pyramidal,18,transition,MEC LII Oblique Pyramidal,MEC LV Superficial Pyramidal,73.63513359542591
milp_subtour_elimination,CA3 Pyramidal,19,transition,MEC LV Superficial Pyramidal,EC LI II Pyramidal Fan,3.037796001788656
milp_subtour_elimination,CA3 Pyramidal,20,transition,EC LI II Pyramidal Fan,EC LI II Multipolar Pyramidal,7472.437106847604
milp_subtour_elimination,CA3 Pyramidal,21,transition,EC LI II Multipolar Pyramidal,MEC LIII Bipolar Complex Pyramidal,30698.001365671505
milp_subtour_elimination,CA3 Pyramidal,22,transition,MEC LIII Bipolar Complex Pyramidal,MEC LII III Pyramidal Multiform,156.10322882603091
milp_subtour_elimination,CA3 Pyramidal,23,transition,MEC LII III Pyramidal Multiform,MEC LV Multipolar Pyramidal,750.744376370936
milp_subtour_elimination,CA3 Pyramidal,24,transition,MEC LV Multipolar Pyramidal,MEC LV Pyramidal,115.70855122819788
milp_subtour_elimination,CA3 Pyramidal,25,transition,MEC LV Pyramidal,DG Granule,9568.736896643586
milp_subtour_elimination,CA3 Pyramidal,26,transition,DG Granule,DG Mossy,44908.709978571016
milp_subtour_elimination,CA3 Pyramidal,27,transition,DG Mossy,DG Semilunar Granule,50.6486718617241
milp_subtour_elimination,CA3 Pyramidal,28,transition,DG Semilunar Granule,DG Hilar Ectopic Granule,4588.842439594102
milp_subtour_elimination,CA3c Pyramidal,1,transition,CA3c Pyramidal,CA1 Pyramidal,85609.60976338176
milp_subtour_elimination,CA3c Pyramidal,2,transition,CA1 Pyramidal,MEC LV VI Pyramidal Polymorphic,13564.64480225756
milp_subtour_elimination,CA3c Pyramidal,3,transition,MEC LV VI Pyramidal Polymorphic,EC LV Deep Pyramidal,78.22850736136446
milp_subtour_elimination,CA3c Pyramidal,4,transition,EC LV Deep Pyramidal,EC LIV VI Deep Multipolar Principal,326.6081416722669
milp_subtour_elimination,CA3c Pyramidal,5,transition,EC LIV VI Deep Multipolar Principal,LEC LVI Multipolar Pyramidal,2246.3636143897743
milp_subtour_elimination,CA3c Pyramidal,6,transition,LEC LVI Multipolar Pyramidal,EC LIII V Bipolar Pyramidal,101.04977810289805
milp_subtour_elimination,CA3c Pyramidal,7,transition,EC LIII V Bipolar Pyramidal,LEC LIII Multipolar Principal,1092.637693563088
milp_subtour_elimination,CA3c Pyramidal,8,transition,LEC LIII Multipolar Principal,LEC LIII Complex Pyramidal,556.0635991085179
milp_subtour_elimination,CA3c Pyramidal,9,transition,LEC LIII Complex Pyramidal,EC LIII Pyramidal Stellate,538.1000722266449
milp_subtour_elimination,CA3c Pyramidal,10,transition,EC LIII Pyramidal Stellate,EC LIII Pyramidal,241.99019548048847
milp_subtour_elimination,CA3c Pyramidal,11,transition,EC LIII Pyramidal,EC LIII Stellate,16.121135143574193
milp_subtour_elimination,CA3c Pyramidal,12,transition,EC LIII Stellate,EC LII III Pyramidal Tripolar,69.81600034271409
milp_subtour_elimination,CA3c Pyramidal,13,transition,EC LII III Pyramidal Tripolar,MEC LII Stellate,3189.046054691212
milp_subtour_elimination,CA3c Pyramidal,14,transition,MEC LII Stellate,MEC LIII Complex Pyramidal,3196.6416341268605
milp_subtour_elimination,CA3c Pyramidal,15,transition,MEC LIII Complex Pyramidal,MEC LII Oblique Pyramidal,569.2148212010752
milp_subtour_elimination,CA3c Pyramidal,16,transition,MEC LII Oblique Pyramidal,MEC LV Superficial Pyramidal,73.63513359542591
milp_subtour_elimination,CA3c Pyramidal,17,transition,MEC LV Superficial Pyramidal,EC LI II Pyramidal Fan,3.037796001788656
milp_subtour_elimination,CA3c Pyramidal,18,transition,EC LI II Pyramidal Fan,EC LI II Multipolar Pyramidal,7472.437106847604
milp_subtour_elimination,CA3c Pyramidal,19,transition,EC LI II Multipolar Pyramidal,MEC LIII Bipolar Complex Pyramidal,30698.001365671505
milp_subtour_elimination,CA3c Pyramidal,20,transition,MEC LIII Bipolar Complex Pyramidal,MEC LII III Pyramidal Multiform,156.10322882603091
milp_subtour_elimination,CA3c Pyramidal,21,transition,MEC LII III Pyramidal Multiform,MEC LV Multipolar Pyramidal,750.744376370936
milp_subtour_elimination,CA3c Pyramidal,22,transition,MEC LV Multipolar Pyramidal,MEC LV Pyramidal,115.70855122819788
milp_subtour_elimination,CA3c Pyramidal,23,transition,MEC LV Pyramidal,DG Granule,9568.736896643586
milp_subtour_elimination,CA3c Pyramidal,24,transition,DG Granule,DG Mossy,44908.709978571016
milp_subtour_elimination,CA3c Pyramidal,25,transition,DG Mossy,DG Semilunar Granule,50.6486718617241
milp_subtour_elimination,CA3c Pyramidal,26,transition,DG Semilunar Granule,DG Hilar Ectopic Granule,4588.842439594102
milp_subtour_elimination,CA3c Pyramidal,27,transition,DG Hilar Ectopic Granule,CA3 Pyramidal,0.0133035385226386
milp_subtour_elimination,CA3c Pyramidal,28,transition,CA3 Pyramidal,CA2 Pyramidal,12467.302061608583
milp_subtour_elimination,CA3c Pyramidal,29,transition,CA2 Pyramidal,CA3 Granule,592.9863345985209
milp_subtour_elimination,DG Granule,1,transition,DG Granule,DG Mossy,44908.709978571016
milp_subtour_elimination,DG Granule,2,transition,DG Mossy,DG Semilunar Granule,50.6486718617241
milp_subtour_elimination,DG Granule,3,transition,DG Semilunar Granule,DG Hilar Ectopic Granule,4588.842439594102
milp_subtour_elimination,DG Granule,4,transition,DG Hilar Ectopic Granule,CA3 Pyramidal,0.0133035385226386
milp_subtour_elimination,DG Granule,5,transition,CA3 Pyramidal,CA2 Pyramidal,12467.302061608583
milp_subtour_elimination,DG Granule,6,transition,CA2 Pyramidal,CA3c Pyramidal,2212.266414990227
milp_subtour_elimination,DG Granule,7,transition,CA3c Pyramidal,CA1 Pyramidal,85609.60976338176
milp_subtour_elimination,DG Granule,8,transition,CA1 Pyramidal,MEC LV VI Pyramidal Polymorphic,13564.64480225756
milp_subtour_elimination,DG Granule,9,transition,MEC LV VI Pyramidal Polymorphic,EC LV Deep Pyramidal,78.22850736136446
milp_subtour_elimination,DG Granule,10,transition,EC LV Deep Pyramidal,EC LIV VI Deep Multipolar Principal,326.6081416722669
milp_subtour_elimination,DG Granule,11,transition,EC LIV VI Deep Multipolar Principal,LEC LVI Multipolar Pyramidal,2246.3636143897743
milp_subtour_elimination,DG Granule,12,transition,LEC LVI Multipolar Pyramidal,EC LIII V Bipolar Pyramidal,101.04977810289805
milp_subtour_elimination,DG Granule,13,transition,EC LIII V Bipolar Pyramidal,LEC LIII Multipolar Principal,1092.637693563088
milp_subtour_elimination,DG Granule,14,transition,LEC LIII Multipolar Principal,LEC LIII Complex Pyramidal,556.0635991085179
milp_subtour_elimination,DG Granule,15,transition,LEC LIII Complex Pyramidal,EC LIII Pyramidal Stellate,538.1000722266449
milp_subtour_elimination,DG Granule,16,transition,EC LIII Pyramidal Stellate,EC LII III Pyramidal Tripolar,254.6407583376596
milp_subtour_elimination,DG Granule,17,transition,EC LII III Pyramidal Tripolar,EC LIII Stellate,2760.010200610732
milp_subtour_elimination,DG Granule,18,transition,EC LIII Stellate,EC LIII Pyramidal,65.42000887199006
milp_subtour_elimination,DG Granule,19,transition,EC LIII Pyramidal,MEC LV Superficial Pyramidal,17.56277497888917
milp_subtour_elimination,DG Granule,20,transition,MEC LV Superficial Pyramidal,EC LI II Pyramidal Fan,3.037796001788656
milp_subtour_elimination,DG Granule,21,transition,EC LI II Pyramidal Fan,EC LI II Multipolar Pyramidal,7472.437106847604
milp_subtour_elimination,DG Granule,22,transition,EC LI II Multipolar Pyramidal,MEC LIII Bipolar Complex Pyramidal,30698.001365671505
milp_subtour_elimination,DG Granule,23,transition,MEC LIII Bipolar Complex Pyramidal,MEC LII Oblique Pyramidal,129.39404235709722
milp_subtour_elimination,DG Granule,24,transition,MEC LII Oblique Pyramidal,MEC LII III Pyramidal Multiform,34.28337354833483
milp_subtour_elimination,DG Granule,25,transition,MEC LII III Pyramidal Multiform,MEC LV Multipolar Pyramidal,750.744376370936
milp_subtour_elimination,DG Granule,26,transition,MEC LV Multipolar Pyramidal,MEC LV Pyramidal,115.70855122819788
milp_subtour_elimination,DG Granule,27,transition,MEC LV Pyramidal,MEC LIII Complex Pyramidal,1440.789466146968
milp_subtour_elimination,DG Granule,28,transition,MEC LIII Complex Pyramidal,MEC LII Stellate,1193.0847203135872
milp_subtour_elimination,DG Granule,29,transition,MEC LII Stellate,CA3 Granule,19640.6765649223
milp_subtour_elimination,DG Hilar Ectopic Granule,1,transition,DG Hilar Ectopic Granule,CA3 Pyramidal,0.0133035385226386
milp_subtour_elimination,DG Hilar Ectopic Granule,2,transition,CA3 Pyramidal,CA2 Pyramidal,12467.302061608583
milp_subtour_elimination,DG Hilar Ectopic Granule,3,transition,CA2 Pyramidal,CA3c Pyramidal,2212.266414990227
milp_subtour_elimination,DG Hilar Ectopic Granule,4,transition,CA3c Pyramidal,CA1 Pyramidal,85609.60976338176
milp_subtour_elimination,DG Hilar Ectopic Granule,5,transition,CA1 Pyramidal,MEC LV VI Pyramidal Polymorphic,13564.64480225756
milp_subtour_elimination,DG Hilar Ectopic Granule,6,transition,MEC LV VI Pyramidal Polymorphic,EC LV Deep Pyramidal,78.22850736136446
milp_subtour_elimination,DG Hilar Ectopic Granule,7,transition,EC LV Deep Pyramidal,EC LIV VI Deep Multipolar Principal,326.6081416722669
milp_subtour_elimination,DG Hilar Ectopic Granule,8,transition,EC LIV VI Deep Multipolar Principal,LEC LVI Multipolar Pyramidal,2246.3636143897743
milp_subtour_elimination,DG Hilar Ectopic Granule,9,transition,LEC LVI Multipolar Pyramidal,LEC LIII Complex Pyramidal,175.93242994355498
milp_subtour_elimination,DG Hilar Ectopic Granule,10,transition,LEC LIII Complex Pyramidal,EC LIII Pyramidal Stellate,538.1000722266449
milp_subtour_elimination,DG Hilar Ectopic Granule,11,transition,EC LIII Pyramidal Stellate,EC LIII Pyramidal,241.99019548048847
milp_subtour_elimination,DG Hilar Ectopic Granule,12,transition,EC LIII Pyramidal,EC LIII V Bipolar Pyramidal,34.402964559753684
milp_subtour_elimination,DG Hilar Ectopic Granule,13,transition,EC LIII V Bipolar Pyramidal,LEC LIII Multipolar Principal,1092.637693563088
milp_subtour_elimination,DG Hilar Ectopic Granule,14,transition,LEC LIII Multipolar Principal,EC LIII Stellate,407.20715251546153
milp_subtour_elimination,DG Hilar Ectopic Granule,15,transition,EC LIII Stellate,EC LII III Pyramidal Tripolar,69.81600034271409
milp_subtour_elimination,DG Hilar Ectopic Granule,16,transition,EC LII III Pyramidal Tripolar,MEC LII Stellate,3189.046054691212
milp_subtour_elimination,DG Hilar Ectopic Granule,17,transition,MEC LII Stellate,MEC LIII Complex Pyramidal,3196.6416341268605
milp_subtour_elimination,DG Hilar Ectopic Granule,18,transition,MEC LIII Complex Pyramidal,MEC LII Oblique Pyramidal,569.2148212010752
milp_subtour_elimination,DG Hilar Ectopic Granule,19,transition,MEC LII Oblique Pyramidal,MEC LV Superficial Pyramidal,73.63513359542591
milp_subtour_elimination,DG Hilar Ectopic Granule,20,transition,MEC LV Superficial Pyramidal,EC LI II Pyramidal Fan,3.037796001788656
milp_subtour_elimination,DG Hilar Ectopic Granule,21,transition,EC LI II Pyramidal Fan,EC LI II Multipolar Pyramidal,7472.437106847604
milp_subtour_elimination,DG Hilar Ectopic Granule,22,transition,EC LI II Multipolar Pyramidal,MEC LIII Bipolar Complex Pyramidal,30698.001365671505
milp_subtour_elimination,DG Hilar Ectopic Granule,23,transition,MEC LIII Bipolar Complex Pyramidal,MEC LII III Pyramidal Multiform,156.10322882603091
milp_subtour_elimination,DG Hilar Ectopic Granule,24,transition,MEC LII III Pyramidal Multiform,MEC LV Multipolar Pyramidal,750.744376370936
milp_subtour_elimination,DG Hilar Ectopic Granule,25,transition,MEC LV Multipolar Pyramidal,MEC LV Pyramidal,115.70855122819788
milp_subtour_elimination,DG Hilar Ectopic Granule,26,transition,MEC LV Pyramidal,DG Granule,9568.736896643586
milp_subtour_elimination,DG Hilar Ectopic Granule,27,transition,DG Granule,DG Mossy,44908.709978571016
milp_subtour_elimination,DG Hilar Ectopic Granule,28,transition,DG Mossy,DG Semilunar Granule,50.6486718617241
milp_subtour_elimination,DG Mossy,1,transition,DG Mossy,DG Granule,968.2502990077752
milp_subtour_elimination,DG Mossy,2,transition,DG Granule,DG Hilar Ectopic Granule,25114.71428869603
milp_subtour_elimination,DG Mossy,3,transition,DG Hilar Ectopic Granule,CA3 Pyramidal,0.0133035385226386
milp_subtour_elimination,DG Mossy,4,transition,CA3 Pyramidal,CA2 Pyramidal,12467.302061608583
milp_subtour_elimination,DG Mossy,5,transition,CA2 Pyramidal,CA3c Pyramidal,2212.266414990227
milp_subtour_elimination,DG Mossy,6,transition,CA3c Pyramidal,CA1 Pyramidal,85609.60976338176
milp_subtour_elimination,DG Mossy,7,transition,CA1 Pyramidal,MEC LV VI Pyramidal Polymorphic,13564.64480225756
milp_subtour_elimination,DG Mossy,8,transition,MEC LV VI Pyramidal Polymorphic,EC LV Deep Pyramidal,78.22850736136446
milp_subtour_elimination,DG Mossy,9,transition,EC LV Deep Pyramidal,EC LIV VI Deep Multipolar Principal,326.6081416722669
milp_subtour_elimination,DG Mossy,10,transition,EC LIV VI Deep Multipolar Principal,LEC LVI Multipolar Pyramidal,2246.3636143897743
milp_subtour_elimination,DG Mossy,11,transition,LEC LVI Multipolar Pyramidal,EC LIII V Bipolar Pyramidal,101.04977810289805
milp_subtour_elimination,DG Mossy,12,transition,EC LIII V Bipolar Pyramidal,LEC LIII Multipolar Principal,1092.637693563088
milp_subtour_elimination,DG Mossy,13,transition,LEC LIII Multipolar Principal,LEC LIII Complex Pyramidal,556.0635991085179
milp_subtour_elimination,DG Mossy,14,transition,LEC LIII Complex Pyramidal,EC LIII Pyramidal Stellate,538.1000722266449
milp_subtour_elimination,DG Mossy,15,transition,EC LIII Pyramidal Stellate,EC LII III Pyramidal Tripolar,254.6407583376596
milp_subtour_elimination,DG Mossy,16,transition,EC LII III Pyramidal Tripolar,EC LIII Stellate,2760.010200610732
milp_subtour_elimination,DG Mossy,17,transition,EC LIII Stellate,EC LIII Pyramidal,65.42000887199006
milp_subtour_elimination,DG Mossy,18,transition,EC LIII Pyramidal,MEC LV Superficial Pyramidal,17.56277497888917
milp_subtour_elimination,DG Mossy,19,transition,MEC LV Superficial Pyramidal,EC LI II Pyramidal Fan,3.037796001788656
milp_subtour_elimination,DG Mossy,20,transition,EC LI II Pyramidal Fan,EC LI II Multipolar Pyramidal,7472.437106847604
milp_subtour_elimination,DG Mossy,21,transition,EC LI II Multipolar Pyramidal,MEC LIII Bipolar Complex Pyramidal,30698.001365671505
milp_subtour_elimination,DG Mossy,22,transition,MEC LIII Bipolar Complex Pyramidal,MEC LII Oblique Pyramidal,129.39404235709722
milp_subtour_elimination,DG Mossy,23,transition,MEC LII Oblique Pyramidal,MEC LII III Pyramidal Multiform,34.28337354833483
milp_subtour_elimination,DG Mossy,24,transition,MEC LII III Pyramidal Multiform,MEC LV Multipolar Pyramidal,750.744376370936
milp_subtour_elimination,DG Mossy,25,transition,MEC LV Multipolar Pyramidal,MEC LV Pyramidal,115.70855122819788
milp_subtour_elimination,DG Mossy,26,transition,MEC LV Pyramidal,MEC LIII Complex Pyramidal,1440.789466146968
milp_subtour_elimination,DG Mossy,27,transition,MEC LIII Complex Pyramidal,MEC LII Stellate,1193.0847203135872
milp_subtour_elimination,DG Mossy,28,transition,MEC LII Stellate,CA3 Granule,19640.6765649223
milp_subtour_elimination,DG Semilunar Granule,1,transition,DG Semilunar Granule,DG Granule,488.2288969219253
milp_subtour_elimination,DG Semilunar Granule,2,transition,DG Granule,DG Mossy,44908.709978571016
milp_subtour_elimination,DG Semilunar Granule,3,transition,DG Mossy,DG Hilar Ectopic Granule,2119.754290320353
milp_subtour_elimination,DG Semilunar Granule,4,transition,DG Hilar Ectopic Granule,CA3 Pyramidal,0.0133035385226386
milp_subtour_elimination,DG Semilunar Granule,5,transition,CA3 Pyramidal,CA2 Pyramidal,12467.302061608583
milp_subtour_elimination,DG Semilunar Granule,6,transition,CA2 Pyramidal,CA3c Pyramidal,2212.266414990227
milp_subtour_elimination,DG Semilunar Granule,7,transition,CA3c Pyramidal,CA1 Pyramidal,85609.60976338176
milp_subtour_elimination,DG Semilunar Granule,8,transition,CA1 Pyramidal,MEC LV VI Pyramidal Polymorphic,13564.64480225756
milp_subtour_elimination,DG Semilunar Granule,9,transition,MEC LV VI Pyramidal Polymorphic,EC LV Deep Pyramidal,78.22850736136446
milp_subtour_elimination,DG Semilunar Granule,10,transition,EC LV Deep Pyramidal,EC LIV VI Deep Multipolar Principal,326.6081416722669
milp_subtour_elimination,DG Semilunar Granule,11,transition,EC LIV VI Deep Multipolar Principal,LEC LVI Multipolar Pyramidal,2246.3636143897743
milp_subtour_elimination,DG Semilunar Granule,12,transition,LEC LVI Multipolar Pyramidal,EC LIII V Bipolar Pyramidal,101.04977810289805
milp_subtour_elimination,DG Semilunar Granule,13,transition,EC LIII V Bipolar Pyramidal,LEC LIII Multipolar Principal,1092.637693563088
milp_subtour_elimination,DG Semilunar Granule,14,transition,LEC LIII Multipolar Principal,LEC LIII Complex Pyramidal,556.0635991085179
milp_subtour_elimination,DG Semilunar Granule,15,transition,LEC LIII Complex Pyramidal,EC LIII Pyramidal Stellate,538.1000722266449
milp_subtour_elimination,DG Semilunar Granule,16,transition,EC LIII Pyramidal Stellate,EC LII III Pyramidal Tripolar,254.6407583376596
milp_subtour_elimination,DG Semilunar Granule,17,transition,EC LII III Pyramidal Tripolar,EC LIII Stellate,2760.010200610732
milp_subtour_elimination,DG Semilunar Granule,18,transition,EC LIII Stellate,EC LIII Pyramidal,65.42000887199006
milp_subtour_elimination,DG Semilunar Granule,19,transition,EC LIII Pyramidal,MEC LV Superficial Pyramidal,17.56277497888917
milp_subtour_elimination,DG Semilunar Granule,20,transition,MEC LV Superficial Pyramidal,EC LI II Pyramidal Fan,3.037796001788656
milp_subtour_elimination,DG Semilunar Granule,21,transition,EC LI II Pyramidal Fan,EC LI II Multipolar Pyramidal,7472.437106847604
milp_subtour_elimination,DG Semilunar Granule,22,transition,EC LI II Multipolar Pyramidal,MEC LIII Bipolar Complex Pyramidal,30698.001365671505
milp_subtour_elimination,DG Semilunar Granule,23,transition,MEC LIII Bipolar Complex Pyramidal,MEC LII Oblique Pyramidal,129.39404235709722
milp_subtour_elimination,DG Semilunar Granule,24,transition,MEC LII Oblique Pyramidal,MEC LII III Pyramidal Multiform,34.28337354833483
milp_subtour_elimination,DG Semilunar Granule,25,transition,MEC LII III Pyramidal Multiform,MEC LV Multipolar Pyramidal,750.744376370936
milp_subtour_elimination,DG Semilunar Granule,26,transition,MEC LV Multipolar Pyramidal,MEC LV Pyramidal,115.70855122819788
milp_subtour_elimination,DG Semilunar Granule,27,transition,MEC LV Pyramidal,MEC LIII Complex Pyramidal,1440.789466146968
milp_subtour_elimination,DG Semilunar Granule,28,transition,MEC LIII Complex Pyramidal,MEC LII Stellate,1193.0847203135872
milp_subtour_elimination,DG Semilunar Granule,29,transition,MEC LII Stellate,CA3 Granule,19640.6765649223
milp_subtour_elimination,EC LI II Multipolar Pyramidal,1,transition,EC LI II Multipolar Pyramidal,MEC LIII Bipolar Complex Pyramidal,30698.001365671505
milp_subtour_elimination,EC LI II Multipolar Pyramidal,2,transition,MEC LIII Bipolar Complex Pyramidal,MEC LIII Complex Pyramidal,861.1914192115519
milp_subtour_elimination,EC LI II Multipolar Pyramidal,3,transition,MEC LIII Complex Pyramidal,MEC LII Oblique Pyramidal,569.2148212010752
milp_subtour_elimination,EC LI II Multipolar Pyramidal,4,transition,MEC LII Oblique Pyramidal,MEC LV Superficial Pyramidal,73.63513359542591
milp_subtour_elimination,EC LI II Multipolar Pyramidal,5,transition,MEC LV Superficial Pyramidal,EC LI II Pyramidal Fan,3.037796001788656
milp_subtour_elimination,EC LI II Multipolar Pyramidal,6,transition,EC LI II Pyramidal Fan,MEC LII Stellate,4889.474401375084
milp_subtour_elimination,EC LI II Multipolar Pyramidal,7,transition,MEC LII Stellate,CA3 Granule,19640.6765649223
milp_subtour_elimination,EC LI II Multipolar Pyramidal,8,transition,CA3 Granule,CA3 Pyramidal,0.942018883295193
milp_subtour_elimination,EC LI II Multipolar Pyramidal,9,transition,CA3 Pyramidal,CA2 Pyramidal,12467.302061608583
milp_subtour_elimination,EC LI II Multipolar Pyramidal,10,transition,CA2 Pyramidal,CA3c Pyramidal,2212.266414990227
milp_subtour_elimination,EC LI II Multipolar Pyramidal,11,transition,CA3c Pyramidal,CA1 Pyramidal,85609.60976338176
milp_subtour_elimination,EC LI II Multipolar Pyramidal,12,transition,CA1 Pyramidal,MEC LV VI Pyramidal Polymorphic,13564.64480225756
milp_subtour_elimination,EC LI II Multipolar Pyramidal,13,transition,MEC LV VI Pyramidal Polymorphic,EC LV Deep Pyramidal,78.22850736136446
milp_subtour_elimination,EC LI II Multipolar Pyramidal,14,transition,EC LV Deep Pyramidal,EC LIV VI Deep Multipolar Principal,326.6081416722669
milp_subtour_elimination,EC LI II Multipolar Pyramidal,15,transition,EC LIV VI Deep Multipolar Principal,LEC LVI Multipolar Pyramidal,2246.3636143897743
milp_subtour_elimination,EC LI II Multipolar Pyramidal,16,transition,LEC LVI Multipolar Pyramidal,EC LIII V Bipolar Pyramidal,101.04977810289805
milp_subtour_elimination,EC LI II Multipolar Pyramidal,17,transition,EC LIII V Bipolar Pyramidal,LEC LIII Multipolar Principal,1092.637693563088
milp_subtour_elimination,EC LI II Multipolar Pyramidal,18,transition,LEC LIII Multipolar Principal,LEC LIII Complex Pyramidal,556.0635991085179
milp_subtour_elimination,EC LI II Multipolar Pyramidal,19,transition,LEC LIII Complex Pyramidal,EC LIII Pyramidal Stellate,538.1000722266449
milp_subtour_elimination,EC LI II Multipolar Pyramidal,20,transition,EC LIII Pyramidal Stellate,EC LII III Pyramidal Tripolar,254.6407583376596
milp_subtour_elimination,EC LI II Multipolar Pyramidal,21,transition,EC LII III Pyramidal Tripolar,EC LIII Stellate,2760.010200610732
milp_subtour_elimination,EC LI II Multipolar Pyramidal,22,transition,EC LIII Stellate,EC LIII Pyramidal,65.42000887199006
milp_subtour_elimination,EC LI II Multipolar Pyramidal,23,transition,EC LIII Pyramidal,MEC LII III Pyramidal Multiform,17.53379191328466
milp_subtour_elimination,EC LI II Multipolar Pyramidal,24,transition,MEC LII III Pyramidal Multiform,MEC LV Multipolar Pyramidal,750.744376370936
milp_subtour_elimination,EC LI II Multipolar Pyramidal,25,transition,MEC LV Multipolar Pyramidal,MEC LV Pyramidal,115.70855122819788
milp_subtour_elimination,EC LI II Multipolar Pyramidal,26,transition,MEC LV Pyramidal,DG Granule,9568.736896643586
milp_subtour_elimination,EC LI II Multipolar Pyramidal,27,transition,DG Granule,DG Mossy,44908.709978571016
milp_subtour_elimination,EC LI II Multipolar Pyramidal,28,transition,DG Mossy,DG Semilunar Granule,50.6486718617241
milp_subtour_elimination,EC LI II Multipolar Pyramidal,29,transition,DG Semilunar Granule,DG Hilar Ectopic Granule,4588.842439594102
milp_subtour_elimination,EC LI II Pyramidal Fan,1,transition,EC LI II Pyramidal Fan,EC LI II Multipolar Pyramidal,7472.437106847604
milp_subtour_elimination,EC LI II Pyramidal Fan,2,transition,EC LI II Multipolar Pyramidal,MEC LIII Bipolar Complex Pyramidal,30698.001365671505
milp_subtour_elimination,EC LI II Pyramidal Fan,3,transition,MEC LIII Bipolar Complex Pyramidal,MEC LIII Complex Pyramidal,861.1914192115519
milp_subtour_elimination,EC LI II Pyramidal Fan,4,transition,MEC LIII Complex Pyramidal,MEC LII Stellate,1193.0847203135872
milp_subtour_elimination,EC LI II Pyramidal Fan,5,transition,MEC LII Stellate,CA3 Granule,19640.6765649223
milp_subtour_elimination,EC LI II Pyramidal Fan,6,transition,CA3 Granule,CA3 Pyramidal,0.942018883295193
milp_subtour_elimination,EC LI II Pyramidal Fan,7,transition,CA3 Pyramidal,CA2 Pyramidal,12467.302061608583
milp_subtour_elimination,EC LI II Pyramidal Fan,8,transition,CA2 Pyramidal,CA3c Pyramidal,2212.266414990227
milp_subtour_elimination,EC LI II Pyramidal Fan,9,transition,CA3c Pyramidal,CA1 Pyramidal,85609.60976338176
milp_subtour_elimination,EC LI II Pyramidal Fan,10,transition,CA1 Pyramidal,MEC LV VI Pyramidal Polymorphic,13564.64480225756
milp_subtour_elimination,EC LI II Pyramidal Fan,11,transition,MEC LV VI Pyramidal Polymorphic,EC LV Deep Pyramidal,78.22850736136446
milp_subtour_elimination,EC LI II Pyramidal Fan,12,transition,EC LV Deep Pyramidal,EC LIV VI Deep Multipolar Principal,326.6081416722669
milp_subtour_elimination,EC LI II Pyramidal Fan,13,transition,EC LIV VI Deep Multipolar Principal,LEC LVI Multipolar Pyramidal,2246.3636143897743
milp_subtour_elimination,EC LI II Pyramidal Fan,14,transition,LEC LVI Multipolar Pyramidal,EC LIII V Bipolar Pyramidal,101.04977810289805
milp_subtour_elimination,EC LI II Pyramidal Fan,15,transition,EC LIII V Bipolar Pyramidal,LEC LIII Multipolar Principal,1092.637693563088
milp_subtour_elimination,EC LI II Pyramidal Fan,16,transition,LEC LIII Multipolar Principal,LEC LIII Complex Pyramidal,556.0635991085179
milp_subtour_elimination,EC LI II Pyramidal Fan,17,transition,LEC LIII Complex Pyramidal,EC LIII Pyramidal Stellate,538.1000722266449
milp_subtour_elimination,EC LI II Pyramidal Fan,18,transition,EC LIII Pyramidal Stellate,EC LII III Pyramidal Tripolar,254.6407583376596
milp_subtour_elimination,EC LI II Pyramidal Fan,19,transition,EC LII III Pyramidal Tripolar,EC LIII Stellate,2760.010200610732
milp_subtour_elimination,EC LI II Pyramidal Fan,20,transition,EC LIII Stellate,EC LIII Pyramidal,65.42000887199006
milp_subtour_elimination,EC LI II Pyramidal Fan,21,transition,EC LIII Pyramidal,MEC LII III Pyramidal Multiform,17.53379191328466
milp_subtour_elimination,EC LI II Pyramidal Fan,22,transition,MEC LII III Pyramidal Multiform,MEC LV Multipolar Pyramidal,750.744376370936
milp_subtour_elimination,EC LI II Pyramidal Fan,23,transition,MEC LV Multipolar Pyramidal,MEC LV Superficial Pyramidal,138.44761428854213
milp_subtour_elimination,EC LI II Pyramidal Fan,24,transition,MEC LV Superficial Pyramidal,MEC LV Pyramidal,138.477786593687
milp_subtour_elimination,EC LI II Pyramidal Fan,25,transition,MEC LV Pyramidal,DG Granule,9568.736896643586
milp_subtour_elimination,EC LI II Pyramidal Fan,26,transition,DG Granule,DG Mossy,44908.709978571016
milp_subtour_elimination,EC LI II Pyramidal Fan,27,transition,DG Mossy,DG Semilunar Granule,50.6486718617241
milp_subtour_elimination,EC LI II Pyramidal Fan,28,transition,DG Semilunar Granule,DG Hilar Ectopic Granule,4588.842439594102
milp_subtour_elimination,EC LII III Pyramidal Tripolar,1,transition,EC LII III Pyramidal Tripolar,EC LIII Stellate,2760.010200610732
milp_subtour_elimination,EC LII III Pyramidal Tripolar,2,transition,EC LIII Stellate,MEC LII III Pyramidal Multiform,64.21168926195364
milp_subtour_elimination,EC LII III Pyramidal Tripolar,3,transition,MEC LII III Pyramidal Multiform,MEC LV Multipolar Pyramidal,750.744376370936
milp_subtour_elimination,EC LII III Pyramidal Tripolar,4,transition,MEC LV Multipolar Pyramidal,MEC LV Superficial Pyramidal,138.44761428854213
milp_subtour_elimination,EC LII III Pyramidal Tripolar,5,transition,MEC LV Superficial Pyramidal,EC LI II Pyramidal Fan,3.037796001788656
milp_subtour_elimination,EC LII III Pyramidal Tripolar,6,transition,EC LI II Pyramidal Fan,EC LI II Multipolar Pyramidal,7472.437106847604
milp_subtour_elimination,EC LII III Pyramidal Tripolar,7,transition,EC LI II Multipolar Pyramidal,MEC LIII Bipolar Complex Pyramidal,30698.001365671505
milp_subtour_elimination,EC LII III Pyramidal Tripolar,8,transition,MEC LIII Bipolar Complex Pyramidal,MEC LIII Complex Pyramidal,861.1914192115519
milp_subtour_elimination,EC LII III Pyramidal Tripolar,9,transition,MEC LIII Complex Pyramidal,MEC LII Stellate,1193.0847203135872
milp_subtour_elimination,EC LII III Pyramidal Tripolar,10,transition,MEC LII Stellate,CA3 Granule,19640.6765649223
milp_subtour_elimination,EC LII III Pyramidal Tripolar,11,transition,CA3 Granule,CA3 Pyramidal,0.942018883295193
milp_subtour_elimination,EC LII III Pyramidal Tripolar,12,transition,CA3 Pyramidal,CA2 Pyramidal,12467.302061608583
milp_subtour_elimination,EC LII III Pyramidal Tripolar,13,transition,CA2 Pyramidal,CA3c Pyramidal,2212.266414990227
milp_subtour_elimination,EC LII III Pyramidal Tripolar,14,transition,CA3c Pyramidal,CA1 Pyramidal,85609.60976338176
milp_subtour_elimination,EC LII III Pyramidal Tripolar,15,transition,CA1 Pyramidal,MEC LV VI Pyramidal Polymorphic,13564.64480225756
milp_subtour_elimination,EC LII III Pyramidal Tripolar,16,transition,MEC LV VI Pyramidal Polymorphic,EC LV Deep Pyramidal,78.22850736136446
milp_subtour_elimination,EC LII III Pyramidal Tripolar,17,transition,EC LV Deep Pyramidal,EC LIV VI Deep Multipolar Principal,326.6081416722669
milp_subtour_elimination,EC LII III Pyramidal Tripolar,18,transition,EC LIV VI Deep Multipolar Principal,LEC LVI Multipolar Pyramidal,2246.3636143897743
milp_subtour_elimination,EC LII III Pyramidal Tripolar,19,transition,LEC LVI Multipolar Pyramidal,EC LIII V Bipolar Pyramidal,101.04977810289805
milp_subtour_elimination,EC LII III Pyramidal Tripolar,20,transition,EC LIII V Bipolar Pyramidal,LEC LIII Multipolar Principal,1092.637693563088
milp_subtour_elimination,EC LII III Pyramidal Tripolar,21,transition,LEC LIII Multipolar Principal,LEC LIII Complex Pyramidal,556.0635991085179
milp_subtour_elimination,EC LII III Pyramidal Tripolar,22,transition,LEC LIII Complex Pyramidal,EC LIII Pyramidal Stellate,538.1000722266449
milp_subtour_elimination,EC LII III Pyramidal Tripolar,23,transition,EC LIII Pyramidal Stellate,EC LIII Pyramidal,241.99019548048847
milp_subtour_elimination,EC LII III Pyramidal Tripolar,24,transition,EC LIII Pyramidal,MEC LV Pyramidal,12.760099858249111
milp_subtour_elimination,EC LII III Pyramidal Tripolar,25,transition,MEC LV Pyramidal,DG Granule,9568.736896643586
milp_subtour_elimination,EC LII III Pyramidal Tripolar,26,transition,DG Granule,DG Mossy,44908.709978571016
milp_subtour_elimination,EC LII III Pyramidal Tripolar,27,transition,DG Mossy,DG Semilunar Granule,50.6486718617241
milp_subtour_elimination,EC LII III Pyramidal Tripolar,28,transition,DG Semilunar Granule,DG Hilar Ectopic Granule,4588.842439594102
milp_subtour_elimination,EC LIII Pyramidal,1,transition,EC LIII Pyramidal,MEC LV Pyramidal,12.760099858249111
milp_subtour_elimination,EC LIII Pyramidal,2,transition,MEC LV Pyramidal,DG Granule,9568.736896643586
milp_subtour_elimination,EC LIII Pyramidal,3,transition,DG Granule,DG Mossy,44908.709978571016
milp_subtour_elimination,EC LIII Pyramidal,4,transition,DG Mossy,DG Semilunar Granule,50.6486718617241
milp_subtour_elimination,EC LIII Pyramidal,5,transition,DG Semilunar Granule,DG Hilar Ectopic Granule,4588.842439594102
milp_subtour_elimination,EC LIII Pyramidal,6,transition,DG Hilar Ectopic Granule,CA3 Pyramidal,0.0133035385226386
milp_subtour_elimination,EC LIII Pyramidal,7,transition,CA3 Pyramidal,CA2 Pyramidal,12467.302061608583
milp_subtour_elimination,EC LIII Pyramidal,8,transition,CA2 Pyramidal,CA3c Pyramidal,2212.266414990227
milp_subtour_elimination,EC LIII Pyramidal,9,transition,CA3c Pyramidal,CA1 Pyramidal,85609.60976338176
milp_subtour_elimination,EC LIII Pyramidal,10,transition,CA1 Pyramidal,MEC LV VI Pyramidal Polymorphic,13564.64480225756
milp_subtour_elimination,EC LIII Pyramidal,11,transition,MEC LV VI Pyramidal Polymorphic,EC LV Deep Pyramidal,78.22850736136446
milp_subtour_elimination,EC LIII Pyramidal,12,transition,EC LV Deep Pyramidal,EC LIV VI Deep Multipolar Principal,326.6081416722669
milp_subtour_elimination,EC LIII Pyramidal,13,transition,EC LIV VI Deep Multipolar Principal,LEC LVI Multipolar Pyramidal,2246.3636143897743
milp_subtour_elimination,EC LIII Pyramidal,14,transition,LEC LVI Multipolar Pyramidal,EC LIII V Bipolar Pyramidal,101.04977810289805
milp_subtour_elimination,EC LIII Pyramidal,15,transition,EC LIII V Bipolar Pyramidal,LEC LIII Multipolar Principal,1092.637693563088
milp_subtour_elimination,EC LIII Pyramidal,16,transition,LEC LIII Multipolar Principal,LEC LIII Complex Pyramidal,556.0635991085179
milp_subtour_elimination,EC LIII Pyramidal,17,transition,LEC LIII Complex Pyramidal,EC LIII Pyramidal Stellate,538.1000722266449
milp_subtour_elimination,EC LIII Pyramidal,18,transition,EC LIII Pyramidal Stellate,EC LII III Pyramidal Tripolar,254.6407583376596
milp_subtour_elimination,EC LIII Pyramidal,19,transition,EC LII III Pyramidal Tripolar,EC LIII Stellate,2760.010200610732
milp_subtour_elimination,EC LIII Pyramidal,20,transition,EC LIII Stellate,MEC LII III Pyramidal Multiform,64.21168926195364
milp_subtour_elimination,EC LIII Pyramidal,21,transition,MEC LII III Pyramidal Multiform,MEC LV Multipolar Pyramidal,750.744376370936
milp_subtour_elimination,EC LIII Pyramidal,22,transition,MEC LV Multipolar Pyramidal,MEC LV Superficial Pyramidal,138.44761428854213
milp_subtour_elimination,EC LIII Pyramidal,23,transition,MEC LV Superficial Pyramidal,EC LI II Pyramidal Fan,3.037796001788656
milp_subtour_elimination,EC LIII Pyramidal,24,transition,EC LI II Pyramidal Fan,EC LI II Multipolar Pyramidal,7472.437106847604
milp_subtour_elimination,EC LIII Pyramidal,25,transition,EC LI II Multipolar Pyramidal,MEC LIII Bipolar Complex Pyramidal,30698.001365671505
milp_subtour_elimination,EC LIII Pyramidal,26,transition,MEC LIII Bipolar Complex Pyramidal,MEC LIII Complex Pyramidal,861.1914192115519
milp_subtour_elimination,EC LIII Pyramidal,27,transition,MEC LIII Complex Pyramidal,MEC LII Stellate,1193.0847203135872
milp_subtour_elimination,EC LIII Pyramidal,28,transition,MEC LII Stellate,CA3 Granule,19640.6765649223
milp_subtour_elimination,EC LIII Pyramidal Stellate,1,transition,EC LIII Pyramidal Stellate,MEC LII III Pyramidal Multiform,241.6045148791969
milp_subtour_elimination,EC LIII Pyramidal Stellate,2,transition,MEC LII III Pyramidal Multiform,MEC LV Multipolar Pyramidal,750.744376370936
milp_subtour_elimination,EC LIII Pyramidal Stellate,3,transition,MEC LV Multipolar Pyramidal,MEC LV Superficial Pyramidal,138.44761428854213
milp_subtour_elimination,EC LIII Pyramidal Stellate,4,transition,MEC LV Superficial Pyramidal,EC LI II Pyramidal Fan,3.037796001788656
milp_subtour_elimination,EC LIII Pyramidal Stellate,5,transition,EC LI II Pyramidal Fan,EC LI II Multipolar Pyramidal,7472.437106847604
milp_subtour_elimination,EC LIII Pyramidal Stellate,6,transition,EC LI II Multipolar Pyramidal,MEC LIII Bipolar Complex Pyramidal,30698.001365671505
milp_subtour_elimination,EC LIII Pyramidal Stellate,7,transition,MEC LIII Bipolar Complex Pyramidal,MEC LIII Complex Pyramidal,861.1914192115519
milp_subtour_elimination,EC LIII Pyramidal Stellate,8,transition,MEC LIII Complex Pyramidal,MEC LII Stellate,1193.0847203135872
milp_subtour_elimination,EC LIII Pyramidal Stellate,9,transition,MEC LII Stellate,CA3 Granule,19640.6765649223
milp_subtour_elimination,EC LIII Pyramidal Stellate,10,transition,CA3 Granule,CA3 Pyramidal,0.942018883295193
milp_subtour_elimination,EC LIII Pyramidal Stellate,11,transition,CA3 Pyramidal,CA2 Pyramidal,12467.302061608583
milp_subtour_elimination,EC LIII Pyramidal Stellate,12,transition,CA2 Pyramidal,CA3c Pyramidal,2212.266414990227
milp_subtour_elimination,EC LIII Pyramidal Stellate,13,transition,CA3c Pyramidal,CA1 Pyramidal,85609.60976338176
milp_subtour_elimination,EC LIII Pyramidal Stellate,14,transition,CA1 Pyramidal,MEC LV VI Pyramidal Polymorphic,13564.64480225756
milp_subtour_elimination,EC LIII Pyramidal Stellate,15,transition,MEC LV VI Pyramidal Polymorphic,EC LV Deep Pyramidal,78.22850736136446
milp_subtour_elimination,EC LIII Pyramidal Stellate,16,transition,EC LV Deep Pyramidal,EC LIV VI Deep Multipolar Principal,326.6081416722669
milp_subtour_elimination,EC LIII Pyramidal Stellate,17,transition,EC LIV VI Deep Multipolar Principal,LEC LVI Multipolar Pyramidal,2246.3636143897743
milp_subtour_elimination,EC LIII Pyramidal Stellate,18,transition,LEC LVI Multipolar Pyramidal,EC LIII V Bipolar Pyramidal,101.04977810289805
milp_subtour_elimination,EC LIII Pyramidal Stellate,19,transition,EC LIII V Bipolar Pyramidal,LEC LIII Multipolar Principal,1092.637693563088
milp_subtour_elimination,EC LIII Pyramidal Stellate,20,transition,LEC LIII Multipolar Principal,LEC LIII Complex Pyramidal,556.0635991085179
milp_subtour_elimination,EC LIII Pyramidal Stellate,21,transition,LEC LIII Complex Pyramidal,EC LII III Pyramidal Tripolar,366.36278097895246
milp_subtour_elimination,EC LIII Pyramidal Stellate,22,transition,EC LII III Pyramidal Tripolar,EC LIII Stellate,2760.010200610732
milp_subtour_elimination,EC LIII Pyramidal Stellate,23,transition,EC LIII Stellate,EC LIII Pyramidal,65.42000887199006
milp_subtour_elimination,EC LIII Pyramidal Stellate,24,transition,EC LIII Pyramidal,MEC LV Pyramidal,12.760099858249111
milp_subtour_elimination,EC LIII Pyramidal Stellate,25,transition,MEC LV Pyramidal,DG Granule,9568.736896643586
milp_subtour_elimination,EC LIII Pyramidal Stellate,26,transition,DG Granule,DG Mossy,44908.709978571016
milp_subtour_elimination,EC LIII Pyramidal Stellate,27,transition,DG Mossy,DG Semilunar Granule,50.6486718617241
milp_subtour_elimination,EC LIII Pyramidal Stellate,28,transition,DG Semilunar Granule,DG Hilar Ectopic Granule,4588.842439594102
milp_subtour_elimination,EC LIII Stellate,1,transition,EC LIII Stellate,EC LIII Pyramidal,65.42000887199006
milp_subtour_elimination,EC LIII Stellate,2,transition,EC LIII Pyramidal,MEC LV Superficial Pyramidal,17.56277497888917
milp_subtour_elimination,EC LIII Stellate,3,transition,MEC LV Superficial Pyramidal,EC LI II Pyramidal Fan,3.037796001788656
milp_subtour_elimination,EC LIII Stellate,4,transition,EC LI II Pyramidal Fan,EC LI II Multipolar Pyramidal,7472.437106847604
milp_subtour_elimination,EC LIII Stellate,5,transition,EC LI II Multipolar Pyramidal,MEC LIII Bipolar Complex Pyramidal,30698.001365671505
milp_subtour_elimination,EC LIII Stellate,6,transition,MEC LIII Bipolar Complex Pyramidal,MEC LIII Complex Pyramidal,861.1914192115519
milp_subtour_elimination,EC LIII Stellate,7,transition,MEC LIII Complex Pyramidal,MEC LII Oblique Pyramidal,569.2148212010752
milp_subtour_elimination,EC LIII Stellate,8,transition,MEC LII Oblique Pyramidal,MEC LII III Pyramidal Multiform,34.28337354833483
milp_subtour_elimination,EC LIII Stellate,9,transition,MEC LII III Pyramidal Multiform,MEC LV Multipolar Pyramidal,750.744376370936
milp_subtour_elimination,EC LIII Stellate,10,transition,MEC LV Multipolar Pyramidal,MEC LV Pyramidal,115.70855122819788
milp_subtour_elimination,EC LIII Stellate,11,transition,MEC LV Pyramidal,DG Granule,9568.736896643586
milp_subtour_elimination,EC LIII Stellate,12,transition,DG Granule,DG Mossy,44908.709978571016
milp_subtour_elimination,EC LIII Stellate,13,transition,DG Mossy,DG Semilunar Granule,50.6486718617241
milp_subtour_elimination,EC LIII Stellate,14,transition,DG Semilunar Granule,DG Hilar Ectopic Granule,4588.842439594102
milp_subtour_elimination,EC LIII Stellate,15,transition,DG Hilar Ectopic Granule,CA3 Pyramidal,0.0133035385226386
milp_subtour_elimination,EC LIII Stellate,16,transition,CA3 Pyramidal,CA2 Pyramidal,12467.302061608583
milp_subtour_elimination,EC LIII Stellate,17,transition,CA2 Pyramidal,CA3c Pyramidal,2212.266414990227
milp_subtour_elimination,EC LIII Stellate,18,transition,CA3c Pyramidal,CA1 Pyramidal,85609.60976338176
milp_subtour_elimination,EC LIII Stellate,19,transition,CA1 Pyramidal,MEC LV VI Pyramidal Polymorphic,13564.64480225756
milp_subtour_elimination,EC LIII Stellate,20,transition,MEC LV VI Pyramidal Polymorphic,EC LV Deep Pyramidal,78.22850736136446
milp_subtour_elimination,EC LIII Stellate,21,transition,EC LV Deep Pyramidal,EC LIV VI Deep Multipolar Principal,326.6081416722669
milp_subtour_elimination,EC LIII Stellate,22,transition,EC LIV VI Deep Multipolar Principal,LEC LVI Multipolar Pyramidal,2246.3636143897743
milp_subtour_elimination,EC LIII Stellate,23,transition,LEC LVI Multipolar Pyramidal,EC LIII V Bipolar Pyramidal,101.04977810289805
milp_subtour_elimination,EC LIII Stellate,24,transition,EC LIII V Bipolar Pyramidal,LEC LIII Multipolar Principal,1092.637693563088
milp_subtour_elimination,EC LIII Stellate,25,transition,LEC LIII Multipolar Principal,LEC LIII Complex Pyramidal,556.0635991085179
milp_subtour_elimination,EC LIII Stellate,26,transition,LEC LIII Complex Pyramidal,EC LIII Pyramidal Stellate,538.1000722266449
milp_subtour_elimination,EC LIII Stellate,27,transition,EC LIII Pyramidal Stellate,EC LII III Pyramidal Tripolar,254.6407583376596
milp_subtour_elimination,EC LIII Stellate,28,transition,EC LII III Pyramidal Tripolar,MEC LII Stellate,3189.046054691212
milp_subtour_elimination,EC LIII Stellate,29,transition,MEC LII Stellate,CA3 Granule,19640.6765649223
milp_subtour_elimination,EC LIII V Bipolar Pyramidal,1,transition,EC LIII V Bipolar Pyramidal,LEC LIII Multipolar Principal,1092.637693563088
milp_subtour_elimination,EC LIII V Bipolar Pyramidal,2,transition,LEC LIII Multipolar Principal,LEC LIII Complex Pyramidal,556.0635991085179
milp_subtour_elimination,EC LIII V Bipolar Pyramidal,3,transition,LEC LIII Complex Pyramidal,EC LIII Pyramidal Stellate,538.1000722266449
milp_subtour_elimination,EC LIII V Bipolar Pyramidal,4,transition,EC LIII Pyramidal Stellate,EC LII III Pyramidal Tripolar,254.6407583376596
milp_subtour_elimination,EC LIII V Bipolar Pyramidal,5,transition,EC LII III Pyramidal Tripolar,EC LIII Stellate,2760.010200610732
milp_subtour_elimination,EC LIII V Bipolar Pyramidal,6,transition,EC LIII Stellate,MEC LII III Pyramidal Multiform,64.21168926195364
milp_subtour_elimination,EC LIII V Bipolar Pyramidal,7,transition,MEC LII III Pyramidal Multiform,MEC LV Multipolar Pyramidal,750.744376370936
milp_subtour_elimination,EC LIII V Bipolar Pyramidal,8,transition,MEC LV Multipolar Pyramidal,MEC LV Superficial Pyramidal,138.44761428854213
milp_subtour_elimination,EC LIII V Bipolar Pyramidal,9,transition,MEC LV Superficial Pyramidal,EC LI II Pyramidal Fan,3.037796001788656
milp_subtour_elimination,EC LIII V Bipolar Pyramidal,10,transition,EC LI II Pyramidal Fan,EC LI II Multipolar Pyramidal,7472.437106847604
milp_subtour_elimination,EC LIII V Bipolar Pyramidal,11,transition,EC LI II Multipolar Pyramidal,MEC LIII Bipolar Complex Pyramidal,30698.001365671505
milp_subtour_elimination,EC LIII V Bipolar Pyramidal,12,transition,MEC LIII Bipolar Complex Pyramidal,MEC LIII Complex Pyramidal,861.1914192115519
milp_subtour_elimination,EC LIII V Bipolar Pyramidal,13,transition,MEC LIII Complex Pyramidal,MEC LII Stellate,1193.0847203135872
milp_subtour_elimination,EC LIII V Bipolar Pyramidal,14,transition,MEC LII Stellate,CA3 Granule,19640.6765649223
milp_subtour_elimination,EC LIII V Bipolar Pyramidal,15,transition,CA3 Granule,CA3 Pyramidal,0.942018883295193
milp_subtour_elimination,EC LIII V Bipolar Pyramidal,16,transition,CA3 Pyramidal,CA2 Pyramidal,12467.302061608583
milp_subtour_elimination,EC LIII V Bipolar Pyramidal,17,transition,CA2 Pyramidal,CA3c Pyramidal,2212.266414990227
milp_subtour_elimination,EC LIII V Bipolar Pyramidal,18,transition,CA3c Pyramidal,CA1 Pyramidal,85609.60976338176
milp_subtour_elimination,EC LIII V Bipolar Pyramidal,19,transition,CA1 Pyramidal,MEC LV VI Pyramidal Polymorphic,13564.64480225756
milp_subtour_elimination,EC LIII V Bipolar Pyramidal,20,transition,MEC LV VI Pyramidal Polymorphic,EC LV Deep Pyramidal,78.22850736136446
milp_subtour_elimination,EC LIII V Bipolar Pyramidal,21,transition,EC LV Deep Pyramidal,EC LIV VI Deep Multipolar Principal,326.6081416722669
milp_subtour_elimination,EC LIII V Bipolar Pyramidal,22,transition,EC LIV VI Deep Multipolar Principal,LEC LVI Multipolar Pyramidal,2246.3636143897743
milp_subtour_elimination,EC LIII V Bipolar Pyramidal,23,transition,LEC LVI Multipolar Pyramidal,EC LIII Pyramidal,46.10204179653461
milp_subtour_elimination,EC LIII V Bipolar Pyramidal,24,transition,EC LIII Pyramidal,MEC LV Pyramidal,12.760099858249111
milp_subtour_elimination,EC LIII V Bipolar Pyramidal,25,transition,MEC LV Pyramidal,DG Granule,9568.736896643586
milp_subtour_elimination,EC LIII V Bipolar Pyramidal,26,transition,DG Granule,DG Mossy,44908.709978571016
milp_subtour_elimination,EC LIII V Bipolar Pyramidal,27,transition,DG Mossy,DG Semilunar Granule,50.6486718617241
milp_subtour_elimination,EC LIII V Bipolar Pyramidal,28,transition,DG Semilunar Granule,DG Hilar Ectopic Granule,4588.842439594102
milp_subtour_elimination,EC LIV VI Deep Multipolar Principal,1,transition,EC LIV VI Deep Multipolar Principal,LEC LVI Multipolar Pyramidal,2246.3636143897743
milp_subtour_elimination,EC LIV VI Deep Multipolar Principal,2,transition,LEC LVI Multipolar Pyramidal,EC LIII V Bipolar Pyramidal,101.04977810289805
milp_subtour_elimination,EC LIV VI Deep Multipolar Principal,3,transition,EC LIII V Bipolar Pyramidal,LEC LIII Multipolar Principal,1092.637693563088
milp_subtour_elimination,EC LIV VI Deep Multipolar Principal,4,transition,LEC LIII Multipolar Principal,LEC LIII Complex Pyramidal,556.0635991085179
milp_subtour_elimination,EC LIV VI Deep Multipolar Principal,5,transition,LEC LIII Complex Pyramidal,EC LIII Pyramidal Stellate,538.1000722266449
milp_subtour_elimination,EC LIV VI Deep Multipolar Principal,6,transition,EC LIII Pyramidal Stellate,EC LII III Pyramidal Tripolar,254.6407583376596
milp_subtour_elimination,EC LIV VI Deep Multipolar Principal,7,transition,EC LII III Pyramidal Tripolar,EC LIII Stellate,2760.010200610732
milp_subtour_elimination,EC LIV VI Deep Multipolar Principal,8,transition,EC LIII Stellate,EC LIII Pyramidal,65.42000887199006
milp_subtour_elimination,EC LIV VI Deep Multipolar Principal,9,transition,EC LIII Pyramidal,MEC LII III Pyramidal Multiform,17.53379191328466
milp_subtour_elimination,EC LIV VI Deep Multipolar Principal,10,transition,MEC LII III Pyramidal Multiform,MEC LV Multipolar Pyramidal,750.744376370936
milp_subtour_elimination,EC LIV VI Deep Multipolar Principal,11,transition,MEC LV Multipolar Pyramidal,MEC LV Superficial Pyramidal,138.44761428854213
milp_subtour_elimination,EC LIV VI Deep Multipolar Principal,12,transition,MEC LV Superficial Pyramidal,EC LI II Pyramidal Fan,3.037796001788656
milp_subtour_elimination,EC LIV VI Deep Multipolar Principal,13,transition,EC LI II Pyramidal Fan,EC LI II Multipolar Pyramidal,7472.437106847604
milp_subtour_elimination,EC LIV VI Deep Multipolar Principal,14,transition,EC LI II Multipolar Pyramidal,MEC LIII Bipolar Complex Pyramidal,30698.001365671505
milp_subtour_elimination,EC LIV VI Deep Multipolar Principal,15,transition,MEC LIII Bipolar Complex Pyramidal,MEC LIII Complex Pyramidal,861.1914192115519
milp_subtour_elimination,EC LIV VI Deep Multipolar Principal,16,transition,MEC LIII Complex Pyramidal,MEC LII Stellate,1193.0847203135872
milp_subtour_elimination,EC LIV VI Deep Multipolar Principal,17,transition,MEC LII Stellate,CA3 Granule,19640.6765649223
milp_subtour_elimination,EC LIV VI Deep Multipolar Principal,18,transition,CA3 Granule,CA3 Pyramidal,0.942018883295193
milp_subtour_elimination,EC LIV VI Deep Multipolar Principal,19,transition,CA3 Pyramidal,CA2 Pyramidal,12467.302061608583
milp_subtour_elimination,EC LIV VI Deep Multipolar Principal,20,transition,CA2 Pyramidal,CA3c Pyramidal,2212.266414990227
milp_subtour_elimination,EC LIV VI Deep Multipolar Principal,21,transition,CA3c Pyramidal,CA1 Pyramidal,85609.60976338176
milp_subtour_elimination,EC LIV VI Deep Multipolar Principal,22,transition,CA1 Pyramidal,MEC LV VI Pyramidal Polymorphic,13564.64480225756
milp_subtour_elimination,EC LIV VI Deep Multipolar Principal,23,transition,MEC LV VI Pyramidal Polymorphic,EC LV Deep Pyramidal,78.22850736136446
milp_subtour_elimination,EC LIV VI Deep Multipolar Principal,24,transition,EC LV Deep Pyramidal,MEC LV Pyramidal,172.39609835538727
milp_subtour_elimination,EC LIV VI Deep Multipolar Principal,25,transition,MEC LV Pyramidal,DG Granule,9568.736896643586
milp_subtour_elimination,EC LIV VI Deep Multipolar Principal,26,transition,DG Granule,DG Mossy,44908.709978571016
milp_subtour_elimination,EC LIV VI Deep Multipolar Principal,27,transition,DG Mossy,DG Semilunar Granule,50.6486718617241
milp_subtour_elimination,EC LIV VI Deep Multipolar Principal,28,transition,DG Semilunar Granule,DG Hilar Ectopic Granule,4588.842439594102
milp_subtour_elimination,EC LV Deep Pyramidal,1,transition,EC LV Deep Pyramidal,MEC LV Pyramidal,172.39609835538727
milp_subtour_elimination,EC LV Deep Pyramidal,2,transition,MEC LV Pyramidal,DG Granule,9568.736896643586
milp_subtour_elimination,EC LV Deep Pyramidal,3,transition,DG Granule,DG Mossy,44908.709978571016
milp_subtour_elimination,EC LV Deep Pyramidal,4,transition,DG Mossy,DG Semilunar Granule,50.6486718617241
milp_subtour_elimination,EC LV Deep Pyramidal,5,transition,DG Semilunar Granule,DG Hilar Ectopic Granule,4588.842439594102
milp_subtour_elimination,EC LV Deep Pyramidal,6,transition,DG Hilar Ectopic Granule,CA3 Pyramidal,0.0133035385226386
milp_subtour_elimination,EC LV Deep Pyramidal,7,transition,CA3 Pyramidal,CA2 Pyramidal,12467.302061608583
milp_subtour_elimination,EC LV Deep Pyramidal,8,transition,CA2 Pyramidal,CA3c Pyramidal,2212.266414990227
milp_subtour_elimination,EC LV Deep Pyramidal,9,transition,CA3c Pyramidal,CA1 Pyramidal,85609.60976338176
milp_subtour_elimination,EC LV Deep Pyramidal,10,transition,CA1 Pyramidal,MEC LV VI Pyramidal Polymorphic,13564.64480225756
milp_subtour_elimination,EC LV Deep Pyramidal,11,transition,MEC LV VI Pyramidal Polymorphic,EC LIV VI Deep Multipolar Principal,86.77596588341953
milp_subtour_elimination,EC LV Deep Pyramidal,12,transition,EC LIV VI Deep Multipolar Principal,LEC LVI Multipolar Pyramidal,2246.3636143897743
milp_subtour_elimination,EC LV Deep Pyramidal,13,transition,LEC LVI Multipolar Pyramidal,EC LIII V Bipolar Pyramidal,101.04977810289805
milp_subtour_elimination,EC LV Deep Pyramidal,14,transition,EC LIII V Bipolar Pyramidal,LEC LIII Multipolar Principal,1092.637693563088
milp_subtour_elimination,EC LV Deep Pyramidal,15,transition,LEC LIII Multipolar Principal,LEC LIII Complex Pyramidal,556.0635991085179
milp_subtour_elimination,EC LV Deep Pyramidal,16,transition,LEC LIII Complex Pyramidal,EC LIII Pyramidal Stellate,538.1000722266449
milp_subtour_elimination,EC LV Deep Pyramidal,17,transition,EC LIII Pyramidal Stellate,EC LII III Pyramidal Tripolar,254.6407583376596
milp_subtour_elimination,EC LV Deep Pyramidal,18,transition,EC LII III Pyramidal Tripolar,EC LIII Stellate,2760.010200610732
milp_subtour_elimination,EC LV Deep Pyramidal,19,transition,EC LIII Stellate,EC LIII Pyramidal,65.42000887199006
milp_subtour_elimination,EC LV Deep Pyramidal,20,transition,EC LIII Pyramidal,MEC LII III Pyramidal Multiform,17.53379191328466
milp_subtour_elimination,EC LV Deep Pyramidal,21,transition,MEC LII III Pyramidal Multiform,MEC LV Multipolar Pyramidal,750.744376370936
milp_subtour_elimination,EC LV Deep Pyramidal,22,transition,MEC LV Multipolar Pyramidal,MEC LV Superficial Pyramidal,138.44761428854213
milp_subtour_elimination,EC LV Deep Pyramidal,23,transition,MEC LV Superficial Pyramidal,EC LI II Pyramidal Fan,3.037796001788656
milp_subtour_elimination,EC LV Deep Pyramidal,24,transition,EC LI II Pyramidal Fan,EC LI II Multipolar Pyramidal,7472.437106847604
milp_subtour_elimination,EC LV Deep Pyramidal,25,transition,EC LI II Multipolar Pyramidal,MEC LIII Bipolar Complex Pyramidal,30698.001365671505
milp_subtour_elimination,EC LV Deep Pyramidal,26,transition,MEC LIII Bipolar Complex Pyramidal,MEC LIII Complex Pyramidal,861.1914192115519
milp_subtour_elimination,EC LV Deep Pyramidal,27,transition,MEC LIII Complex Pyramidal,MEC LII Stellate,1193.0847203135872
milp_subtour_elimination,EC LV Deep Pyramidal,28,transition,MEC LII Stellate,CA3 Granule,19640.6765649223
milp_subtour_elimination,LEC LIII Complex Pyramidal,1,transition,LEC LIII Complex Pyramidal,EC LIII Pyramidal Stellate,538.1000722266449
milp_subtour_elimination,LEC LIII Complex Pyramidal,2,transition,EC LIII Pyramidal Stellate,MEC LII III Pyramidal Multiform,241.6045148791969
milp_subtour_elimination,LEC LIII Complex Pyramidal,3,transition,MEC LII III Pyramidal Multiform,MEC LV Multipolar Pyramidal,750.744376370936
milp_subtour_elimination,LEC LIII Complex Pyramidal,4,transition,MEC LV Multipolar Pyramidal,MEC LV Superficial Pyramidal,138.44761428854213
milp_subtour_elimination,LEC LIII Complex Pyramidal,5,transition,MEC LV Superficial Pyramidal,EC LI II Pyramidal Fan,3.037796001788656
milp_subtour_elimination,LEC LIII Complex Pyramidal,6,transition,EC LI II Pyramidal Fan,EC LI II Multipolar Pyramidal,7472.437106847604
milp_subtour_elimination,LEC LIII Complex Pyramidal,7,transition,EC LI II Multipolar Pyramidal,MEC LIII Bipolar Complex Pyramidal,30698.001365671505
milp_subtour_elimination,LEC LIII Complex Pyramidal,8,transition,MEC LIII Bipolar Complex Pyramidal,MEC LIII Complex Pyramidal,861.1914192115519
milp_subtour_elimination,LEC LIII Complex Pyramidal,9,transition,MEC LIII Complex Pyramidal,MEC LII Stellate,1193.0847203135872
milp_subtour_elimination,LEC LIII Complex Pyramidal,10,transition,MEC LII Stellate,CA3 Granule,19640.6765649223
milp_subtour_elimination,LEC LIII Complex Pyramidal,11,transition,CA3 Granule,CA3 Pyramidal,0.942018883295193
milp_subtour_elimination,LEC LIII Complex Pyramidal,12,transition,CA3 Pyramidal,CA2 Pyramidal,12467.302061608583
milp_subtour_elimination,LEC LIII Complex Pyramidal,13,transition,CA2 Pyramidal,CA3c Pyramidal,2212.266414990227
milp_subtour_elimination,LEC LIII Complex Pyramidal,14,transition,CA3c Pyramidal,CA1 Pyramidal,85609.60976338176
milp_subtour_elimination,LEC LIII Complex Pyramidal,15,transition,CA1 Pyramidal,MEC LV VI Pyramidal Polymorphic,13564.64480225756
milp_subtour_elimination,LEC LIII Complex Pyramidal,16,transition,MEC LV VI Pyramidal Polymorphic,EC LV Deep Pyramidal,78.22850736136446
milp_subtour_elimination,LEC LIII Complex Pyramidal,17,transition,EC LV Deep Pyramidal,EC LIV VI Deep Multipolar Principal,326.6081416722669
milp_subtour_elimination,LEC LIII Complex Pyramidal,18,transition,EC LIV VI Deep Multipolar Principal,LEC LVI Multipolar Pyramidal,2246.3636143897743
milp_subtour_elimination,LEC LIII Complex Pyramidal,19,transition,LEC LVI Multipolar Pyramidal,EC LIII V Bipolar Pyramidal,101.04977810289805
milp_subtour_elimination,LEC LIII Complex Pyramidal,20,transition,EC LIII V Bipolar Pyramidal,LEC LIII Multipolar Principal,1092.637693563088
milp_subtour_elimination,LEC LIII Complex Pyramidal,21,transition,LEC LIII Multipolar Principal,EC LII III Pyramidal Tripolar,312.6527957360244
milp_subtour_elimination,LEC LIII Complex Pyramidal,22,transition,EC LII III Pyramidal Tripolar,EC LIII Stellate,2760.010200610732
milp_subtour_elimination,LEC LIII Complex Pyramidal,23,transition,EC LIII Stellate,EC LIII Pyramidal,65.42000887199006
milp_subtour_elimination,LEC LIII Complex Pyramidal,24,transition,EC LIII Pyramidal,MEC LV Pyramidal,12.760099858249111
milp_subtour_elimination,LEC LIII Complex Pyramidal,25,transition,MEC LV Pyramidal,DG Granule,9568.736896643586
milp_subtour_elimination,LEC LIII Complex Pyramidal,26,transition,DG Granule,DG Mossy,44908.709978571016
milp_subtour_elimination,LEC LIII Complex Pyramidal,27,transition,DG Mossy,DG Semilunar Granule,50.6486718617241
milp_subtour_elimination,LEC LIII Complex Pyramidal,28,transition,DG Semilunar Granule,DG Hilar Ectopic Granule,4588.842439594102
milp_subtour_elimination,LEC LIII Multipolar Principal,1,transition,LEC LIII Multipolar Principal,LEC LIII Complex Pyramidal,556.0635991085179
milp_subtour_elimination,LEC LIII Multipolar Principal,2,transition,LEC LIII Complex Pyramidal,EC LII III Pyramidal Tripolar,366.36278097895246
milp_subtour_elimination,LEC LIII Multipolar Principal,3,transition,EC LII III Pyramidal Tripolar,EC LIII Stellate,2760.010200610732
milp_subtour_elimination,LEC LIII Multipolar Principal,4,transition,EC LIII Stellate,MEC LII III Pyramidal Multiform,64.21168926195364
milp_subtour_elimination,LEC LIII Multipolar Principal,5,transition,MEC LII III Pyramidal Multiform,MEC LV Multipolar Pyramidal,750.744376370936
milp_subtour_elimination,LEC LIII Multipolar Principal,6,transition,MEC LV Multipolar Pyramidal,MEC LV Superficial Pyramidal,138.44761428854213
milp_subtour_elimination,LEC LIII Multipolar Principal,7,transition,MEC LV Superficial Pyramidal,EC LI II Pyramidal Fan,3.037796001788656
milp_subtour_elimination,LEC LIII Multipolar Principal,8,transition,EC LI II Pyramidal Fan,EC LI II Multipolar Pyramidal,7472.437106847604
milp_subtour_elimination,LEC LIII Multipolar Principal,9,transition,EC LI II Multipolar Pyramidal,MEC LIII Bipolar Complex Pyramidal,30698.001365671505
milp_subtour_elimination,LEC LIII Multipolar Principal,10,transition,MEC LIII Bipolar Complex Pyramidal,MEC LIII Complex Pyramidal,861.1914192115519
milp_subtour_elimination,LEC LIII Multipolar Principal,11,transition,MEC LIII Complex Pyramidal,MEC LII Stellate,1193.0847203135872
milp_subtour_elimination,LEC LIII Multipolar Principal,12,transition,MEC LII Stellate,CA3 Granule,19640.6765649223
milp_subtour_elimination,LEC LIII Multipolar Principal,13,transition,CA3 Granule,CA3 Pyramidal,0.942018883295193
milp_subtour_elimination,LEC LIII Multipolar Principal,14,transition,CA3 Pyramidal,CA2 Pyramidal,12467.302061608583
milp_subtour_elimination,LEC LIII Multipolar Principal,15,transition,CA2 Pyramidal,CA3c Pyramidal,2212.266414990227
milp_subtour_elimination,LEC LIII Multipolar Principal,16,transition,CA3c Pyramidal,CA1 Pyramidal,85609.60976338176
milp_subtour_elimination,LEC LIII Multipolar Principal,17,transition,CA1 Pyramidal,MEC LV VI Pyramidal Polymorphic,13564.64480225756
milp_subtour_elimination,LEC LIII Multipolar Principal,18,transition,MEC LV VI Pyramidal Polymorphic,EC LV Deep Pyramidal,78.22850736136446
milp_subtour_elimination,LEC LIII Multipolar Principal,19,transition,EC LV Deep Pyramidal,EC LIV VI Deep Multipolar Principal,326.6081416722669
milp_subtour_elimination,LEC LIII Multipolar Principal,20,transition,EC LIV VI Deep Multipolar Principal,LEC LVI Multipolar Pyramidal,2246.3636143897743
milp_subtour_elimination,LEC LIII Multipolar Principal,21,transition,LEC LVI Multipolar Pyramidal,EC LIII V Bipolar Pyramidal,101.04977810289805
milp_subtour_elimination,LEC LIII Multipolar Principal,22,transition,EC LIII V Bipolar Pyramidal,EC LIII Pyramidal Stellate,601.3553812101552
milp_subtour_elimination,LEC LIII Multipolar Principal,23,transition,EC LIII Pyramidal Stellate,EC LIII Pyramidal,241.99019548048847
milp_subtour_elimination,LEC LIII Multipolar Principal,24,transition,EC LIII Pyramidal,MEC LV Pyramidal,12.760099858249111
milp_subtour_elimination,LEC LIII Multipolar Principal,25,transition,MEC LV Pyramidal,DG Granule,9568.736896643586
milp_subtour_elimination,LEC LIII Multipolar Principal,26,transition,DG Granule,DG Mossy,44908.709978571016
milp_subtour_elimination,LEC LIII Multipolar Principal,27,transition,DG Mossy,DG Semilunar Granule,50.6486718617241
milp_subtour_elimination,LEC LIII Multipolar Principal,28,transition,DG Semilunar Granule,DG Hilar Ectopic Granule,4588.842439594102
milp_subtour_elimination,LEC LVI Multipolar Pyramidal,1,transition,LEC LVI Multipolar Pyramidal,EC LIII V Bipolar Pyramidal,101.04977810289805
milp_subtour_elimination,LEC LVI Multipolar Pyramidal,2,transition,EC LIII V Bipolar Pyramidal,EC LIII Pyramidal Stellate,601.3553812101552
milp_subtour_elimination,LEC LVI Multipolar Pyramidal,3,transition,EC LIII Pyramidal Stellate,MEC LII III Pyramidal Multiform,241.6045148791969
milp_subtour_elimination,LEC LVI Multipolar Pyramidal,4,transition,MEC LII III Pyramidal Multiform,MEC LV Multipolar Pyramidal,750.744376370936
milp_subtour_elimination,LEC LVI Multipolar Pyramidal,5,transition,MEC LV Multipolar Pyramidal,MEC LV Superficial Pyramidal,138.44761428854213
milp_subtour_elimination,LEC LVI Multipolar Pyramidal,6,transition,MEC LV Superficial Pyramidal,EC LI II Pyramidal Fan,3.037796001788656
milp_subtour_elimination,LEC LVI Multipolar Pyramidal,7,transition,EC LI II Pyramidal Fan,EC LI II Multipolar Pyramidal,7472.437106847604
milp_subtour_elimination,LEC LVI Multipolar Pyramidal,8,transition,EC LI II Multipolar Pyramidal,MEC LIII Bipolar Complex Pyramidal,30698.001365671505
milp_subtour_elimination,LEC LVI Multipolar Pyramidal,9,transition,MEC LIII Bipolar Complex Pyramidal,MEC LIII Complex Pyramidal,861.1914192115519
milp_subtour_elimination,LEC LVI Multipolar Pyramidal,10,transition,MEC LIII Complex Pyramidal,MEC LII Stellate,1193.0847203135872
milp_subtour_elimination,LEC LVI Multipolar Pyramidal,11,transition,MEC LII Stellate,CA3 Granule,19640.6765649223
milp_subtour_elimination,LEC LVI Multipolar Pyramidal,12,transition,CA3 Granule,CA3 Pyramidal,0.942018883295193
milp_subtour_elimination,LEC LVI Multipolar Pyramidal,13,transition,CA3 Pyramidal,CA2 Pyramidal,12467.302061608583
milp_subtour_elimination,LEC LVI Multipolar Pyramidal,14,transition,CA2 Pyramidal,CA3c Pyramidal,2212.266414990227
milp_subtour_elimination,LEC LVI Multipolar Pyramidal,15,transition,CA3c Pyramidal,CA1 Pyramidal,85609.60976338176
milp_subtour_elimination,LEC LVI Multipolar Pyramidal,16,transition,CA1 Pyramidal,MEC LV VI Pyramidal Polymorphic,13564.64480225756
milp_subtour_elimination,LEC LVI Multipolar Pyramidal,17,transition,MEC LV VI Pyramidal Polymorphic,EC LV Deep Pyramidal,78.22850736136446
milp_subtour_elimination,LEC LVI Multipolar Pyramidal,18,transition,EC LV Deep Pyramidal,EC LIV VI Deep Multipolar Principal,326.6081416722669
milp_subtour_elimination,LEC LVI Multipolar Pyramidal,19,transition,EC LIV VI Deep Multipolar Principal,LEC LIII Multipolar Principal,1887.6870292903488
milp_subtour_elimination,LEC LVI Multipolar Pyramidal,20,transition,LEC LIII Multipolar Principal,LEC LIII Complex Pyramidal,556.0635991085179
milp_subtour_elimination,LEC LVI Multipolar Pyramidal,21,transition,LEC LIII Complex Pyramidal,EC LII III Pyramidal Tripolar,366.36278097895246
milp_subtour_elimination,LEC LVI Multipolar Pyramidal,22,transition,EC LII III Pyramidal Tripolar,EC LIII Stellate,2760.010200610732
milp_subtour_elimination,LEC LVI Multipolar Pyramidal,23,transition,EC LIII Stellate,EC LIII Pyramidal,65.42000887199006
milp_subtour_elimination,LEC LVI Multipolar Pyramidal,24,transition,EC LIII Pyramidal,MEC LV Pyramidal,12.760099858249111
milp_subtour_elimination,LEC LVI Multipolar Pyramidal,25,transition,MEC LV Pyramidal,DG Granule,9568.736896643586
milp_subtour_elimination,LEC LVI Multipolar Pyramidal,26,transition,DG Granule,DG Mossy,44908.709978571016
milp_subtour_elimination,LEC LVI Multipolar Pyramidal,27,transition,DG Mossy,DG Semilunar Granule,50.6486718617241
milp_subtour_elimination,LEC LVI Multipolar Pyramidal,28,transition,DG Semilunar Granule,DG Hilar Ectopic Granule,4588.842439594102
milp_subtour_elimination,MEC LII III Pyramidal Multiform,1,transition,MEC LII III Pyramidal Multiform,MEC LV Multipolar Pyramidal,750.744376370936
milp_subtour_elimination,MEC LII III Pyramidal Multiform,2,transition,MEC LV Multipolar Pyramidal,MEC LV Superficial Pyramidal,138.44761428854213
milp_subtour_elimination,MEC LII III Pyramidal Multiform,3,transition,MEC LV Superficial Pyramidal,EC LI II Pyramidal Fan,3.037796001788656
milp_subtour_elimination,MEC LII III Pyramidal Multiform,4,transition,EC LI II Pyramidal Fan,EC LI II Multipolar Pyramidal,7472.437106847604
milp_subtour_elimination,MEC LII III Pyramidal Multiform,5,transition,EC LI II Multipolar Pyramidal,MEC LIII Bipolar Complex Pyramidal,30698.001365671505
milp_subtour_elimination,MEC LII III Pyramidal Multiform,6,transition,MEC LIII Bipolar Complex Pyramidal,MEC LIII Complex Pyramidal,861.1914192115519
milp_subtour_elimination,MEC LII III Pyramidal Multiform,7,transition,MEC LIII Complex Pyramidal,MEC LII Stellate,1193.0847203135872
milp_subtour_elimination,MEC LII III Pyramidal Multiform,8,transition,MEC LII Stellate,CA3 Granule,19640.6765649223
milp_subtour_elimination,MEC LII III Pyramidal Multiform,9,transition,CA3 Granule,CA3 Pyramidal,0.942018883295193
milp_subtour_elimination,MEC LII III Pyramidal Multiform,10,transition,CA3 Pyramidal,CA2 Pyramidal,12467.302061608583
milp_subtour_elimination,MEC LII III Pyramidal Multiform,11,transition,CA2 Pyramidal,CA3c Pyramidal,2212.266414990227
milp_subtour_elimination,MEC LII III Pyramidal Multiform,12,transition,CA3c Pyramidal,CA1 Pyramidal,85609.60976338176
milp_subtour_elimination,MEC LII III Pyramidal Multiform,13,transition,CA1 Pyramidal,MEC LV VI Pyramidal Polymorphic,13564.64480225756
milp_subtour_elimination,MEC LII III Pyramidal Multiform,14,transition,MEC LV VI Pyramidal Polymorphic,EC LV Deep Pyramidal,78.22850736136446
milp_subtour_elimination,MEC LII III Pyramidal Multiform,15,transition,EC LV Deep Pyramidal,EC LIV VI Deep Multipolar Principal,326.6081416722669
milp_subtour_elimination,MEC LII III Pyramidal Multiform,16,transition,EC LIV VI Deep Multipolar Principal,LEC LVI Multipolar Pyramidal,2246.3636143897743
milp_subtour_elimination,MEC LII III Pyramidal Multiform,17,transition,LEC LVI Multipolar Pyramidal,EC LIII V Bipolar Pyramidal,101.04977810289805
milp_subtour_elimination,MEC LII III Pyramidal Multiform,18,transition,EC LIII V Bipolar Pyramidal,LEC LIII Multipolar Principal,1092.637693563088
milp_subtour_elimination,MEC LII III Pyramidal Multiform,19,transition,LEC LIII Multipolar Principal,LEC LIII Complex Pyramidal,556.0635991085179
milp_subtour_elimination,MEC LII III Pyramidal Multiform,20,transition,LEC LIII Complex Pyramidal,EC LIII Pyramidal Stellate,538.1000722266449
milp_subtour_elimination,MEC LII III Pyramidal Multiform,21,transition,EC LIII Pyramidal Stellate,EC LII III Pyramidal Tripolar,254.6407583376596
milp_subtour_elimination,MEC LII III Pyramidal Multiform,22,transition,EC LII III Pyramidal Tripolar,EC LIII Stellate,2760.010200610732
milp_subtour_elimination,MEC LII III Pyramidal Multiform,23,transition,EC LIII Stellate,EC LIII Pyramidal,65.42000887199006
milp_subtour_elimination,MEC LII III Pyramidal Multiform,24,transition,EC LIII Pyramidal,MEC LV Pyramidal,12.760099858249111
milp_subtour_elimination,MEC LII III Pyramidal Multiform,25,transition,MEC LV Pyramidal,DG Granule,9568.736896643586
milp_subtour_elimination,MEC LII III Pyramidal Multiform,26,transition,DG Granule,DG Mossy,44908.709978571016
milp_subtour_elimination,MEC LII III Pyramidal Multiform,27,transition,DG Mossy,DG Semilunar Granule,50.6486718617241
milp_subtour_elimination,MEC LII III Pyramidal Multiform,28,transition,DG Semilunar Granule,DG Hilar Ectopic Granule,4588.842439594102
milp_subtour_elimination,MEC LII Oblique Pyramidal,1,transition,MEC LII Oblique Pyramidal,MEC LV Superficial Pyramidal,73.63513359542591
milp_subtour_elimination,MEC LII Oblique Pyramidal,2,transition,MEC LV Superficial Pyramidal,EC LI II Pyramidal Fan,3.037796001788656
milp_subtour_elimination,MEC LII Oblique Pyramidal,3,transition,EC LI II Pyramidal Fan,EC LI II Multipolar Pyramidal,7472.437106847604
milp_subtour_elimination,MEC LII Oblique Pyramidal,4,transition,EC LI II Multipolar Pyramidal,MEC LIII Bipolar Complex Pyramidal,30698.001365671505
milp_subtour_elimination,MEC LII Oblique Pyramidal,5,transition,MEC LIII Bipolar Complex Pyramidal,MEC LIII Complex Pyramidal,861.1914192115519
milp_subtour_elimination,MEC LII Oblique Pyramidal,6,transition,MEC LIII Complex Pyramidal,MEC LII Stellate,1193.0847203135872
milp_subtour_elimination,MEC LII Oblique Pyramidal,7,transition,MEC LII Stellate,CA3 Granule,19640.6765649223
milp_subtour_elimination,MEC LII Oblique Pyramidal,8,transition,CA3 Granule,CA3 Pyramidal,0.942018883295193
milp_subtour_elimination,MEC LII Oblique Pyramidal,9,transition,CA3 Pyramidal,CA2 Pyramidal,12467.302061608583
milp_subtour_elimination,MEC LII Oblique Pyramidal,10,transition,CA2 Pyramidal,CA3c Pyramidal,2212.266414990227
milp_subtour_elimination,MEC LII Oblique Pyramidal,11,transition,CA3c Pyramidal,CA1 Pyramidal,85609.60976338176
milp_subtour_elimination,MEC LII Oblique Pyramidal,12,transition,CA1 Pyramidal,MEC LV VI Pyramidal Polymorphic,13564.64480225756
milp_subtour_elimination,MEC LII Oblique Pyramidal,13,transition,MEC LV VI Pyramidal Polymorphic,EC LV Deep Pyramidal,78.22850736136446
milp_subtour_elimination,MEC LII Oblique Pyramidal,14,transition,EC LV Deep Pyramidal,EC LIV VI Deep Multipolar Principal,326.6081416722669
milp_subtour_elimination,MEC LII Oblique Pyramidal,15,transition,EC LIV VI Deep Multipolar Principal,LEC LVI Multipolar Pyramidal,2246.3636143897743
milp_subtour_elimination,MEC LII Oblique Pyramidal,16,transition,LEC LVI Multipolar Pyramidal,EC LIII V Bipolar Pyramidal,101.04977810289805
milp_subtour_elimination,MEC LII Oblique Pyramidal,17,transition,EC LIII V Bipolar Pyramidal,LEC LIII Multipolar Principal,1092.637693563088
milp_subtour_elimination,MEC LII Oblique Pyramidal,18,transition,LEC LIII Multipolar Principal,LEC LIII Complex Pyramidal,556.0635991085179
milp_subtour_elimination,MEC LII Oblique Pyramidal,19,transition,LEC LIII Complex Pyramidal,EC LIII Pyramidal Stellate,538.1000722266449
milp_subtour_elimination,MEC LII Oblique Pyramidal,20,transition,EC LIII Pyramidal Stellate,EC LII III Pyramidal Tripolar,254.6407583376596
milp_subtour_elimination,MEC LII Oblique Pyramidal,21,transition,EC LII III Pyramidal Tripolar,EC LIII Stellate,2760.010200610732
milp_subtour_elimination,MEC LII Oblique Pyramidal,22,transition,EC LIII Stellate,EC LIII Pyramidal,65.42000887199006
milp_subtour_elimination,MEC LII Oblique Pyramidal,23,transition,EC LIII Pyramidal,MEC LII III Pyramidal Multiform,17.53379191328466
milp_subtour_elimination,MEC LII Oblique Pyramidal,24,transition,MEC LII III Pyramidal Multiform,MEC LV Multipolar Pyramidal,750.744376370936
milp_subtour_elimination,MEC LII Oblique Pyramidal,25,transition,MEC LV Multipolar Pyramidal,MEC LV Pyramidal,115.70855122819788
milp_subtour_elimination,MEC LII Oblique Pyramidal,26,transition,MEC LV Pyramidal,DG Granule,9568.736896643586
milp_subtour_elimination,MEC LII Oblique Pyramidal,27,transition,DG Granule,DG Mossy,44908.709978571016
milp_subtour_elimination,MEC LII Oblique Pyramidal,28,transition,DG Mossy,DG Semilunar Granule,50.6486718617241
milp_subtour_elimination,MEC LII Oblique Pyramidal,29,transition,DG Semilunar Granule,DG Hilar Ectopic Granule,4588.842439594102
milp_subtour_elimination,MEC LII Stellate,1,transition,MEC LII Stellate,CA3 Granule,19640.6765649223
milp_subtour_elimination,MEC LII Stellate,2,transition,CA3 Granule,CA3 Pyramidal,0.942018883295193
milp_subtour_elimination,MEC LII Stellate,3,transition,CA3 Pyramidal,CA2 Pyramidal,12467.302061608583
milp_subtour_elimination,MEC LII Stellate,4,transition,CA2 Pyramidal,CA3c Pyramidal,2212.266414990227
milp_subtour_elimination,MEC LII Stellate,5,transition,CA3c Pyramidal,CA1 Pyramidal,85609.60976338176
milp_subtour_elimination,MEC LII Stellate,6,transition,CA1 Pyramidal,MEC LV VI Pyramidal Polymorphic,13564.64480225756
milp_subtour_elimination,MEC LII Stellate,7,transition,MEC LV VI Pyramidal Polymorphic,EC LV Deep Pyramidal,78.22850736136446
milp_subtour_elimination,MEC LII Stellate,8,transition,EC LV Deep Pyramidal,EC LIV VI Deep Multipolar Principal,326.6081416722669
milp_subtour_elimination,MEC LII Stellate,9,transition,EC LIV VI Deep Multipolar Principal,LEC LVI Multipolar Pyramidal,2246.3636143897743
milp_subtour_elimination,MEC LII Stellate,10,transition,LEC LVI Multipolar Pyramidal,EC LIII V Bipolar Pyramidal,101.04977810289805
milp_subtour_elimination,MEC LII Stellate,11,transition,EC LIII V Bipolar Pyramidal,LEC LIII Multipolar Principal,1092.637693563088
milp_subtour_elimination,MEC LII Stellate,12,transition,LEC LIII Multipolar Principal,LEC LIII Complex Pyramidal,556.0635991085179
milp_subtour_elimination,MEC LII Stellate,13,transition,LEC LIII Complex Pyramidal,EC LIII Pyramidal Stellate,538.1000722266449
milp_subtour_elimination,MEC LII Stellate,14,transition,EC LIII Pyramidal Stellate,EC LII III Pyramidal Tripolar,254.6407583376596
milp_subtour_elimination,MEC LII Stellate,15,transition,EC LII III Pyramidal Tripolar,EC LIII Stellate,2760.010200610732
milp_subtour_elimination,MEC LII Stellate,16,transition,EC LIII Stellate,EC LIII Pyramidal,65.42000887199006
milp_subtour_elimination,MEC LII Stellate,17,transition,EC LIII Pyramidal,MEC LV Superficial Pyramidal,17.56277497888917
milp_subtour_elimination,MEC LII Stellate,18,transition,MEC LV Superficial Pyramidal,EC LI II Pyramidal Fan,3.037796001788656
milp_subtour_elimination,MEC LII Stellate,19,transition,EC LI II Pyramidal Fan,EC LI II Multipolar Pyramidal,7472.437106847604
milp_subtour_elimination,MEC LII Stellate,20,transition,EC LI II Multipolar Pyramidal,MEC LIII Bipolar Complex Pyramidal,30698.001365671505
milp_subtour_elimination,MEC LII Stellate,21,transition,MEC LIII Bipolar Complex Pyramidal,MEC LIII Complex Pyramidal,861.1914192115519
milp_subtour_elimination,MEC LII Stellate,22,transition,MEC LIII Complex Pyramidal,MEC LII Oblique Pyramidal,569.2148212010752
milp_subtour_elimination,MEC LII Stellate,23,transition,MEC LII Oblique Pyramidal,MEC LII III Pyramidal Multiform,34.28337354833483
milp_subtour_elimination,MEC LII Stellate,24,transition,MEC LII III Pyramidal Multiform,MEC LV Multipolar Pyramidal,750.744376370936
milp_subtour_elimination,MEC LII Stellate,25,transition,MEC LV Multipolar Pyramidal,MEC LV Pyramidal,115.70855122819788
milp_subtour_elimination,MEC LII Stellate,26,transition,MEC LV Pyramidal,DG Granule,9568.736896643586
milp_subtour_elimination,MEC LII Stellate,27,transition,DG Granule,DG Mossy,44908.709978571016
milp_subtour_elimination,MEC LII Stellate,28,transition,DG Mossy,DG Semilunar Granule,50.6486718617241
milp_subtour_elimination,MEC LII Stellate,29,transition,DG Semilunar Granule,DG Hilar Ectopic Granule,4588.842439594102
milp_subtour_elimination,MEC LIII Bipolar Complex Pyramidal,1,transition,MEC LIII Bipolar Complex Pyramidal,MEC LIII Complex Pyramidal,861.1914192115519
milp_subtour_elimination,MEC LIII Bipolar Complex Pyramidal,2,transition,MEC LIII Complex Pyramidal,MEC LII Oblique Pyramidal,569.2148212010752
milp_subtour_elimination,MEC LIII Bipolar Complex Pyramidal,3,transition,MEC LII Oblique Pyramidal,MEC LV Superficial Pyramidal,73.63513359542591
milp_subtour_elimination,MEC LIII Bipolar Complex Pyramidal,4,transition,MEC LV Superficial Pyramidal,EC LI II Pyramidal Fan,3.037796001788656
milp_subtour_elimination,MEC LIII Bipolar Complex Pyramidal,5,transition,EC LI II Pyramidal Fan,EC LI II Multipolar Pyramidal,7472.437106847604
milp_subtour_elimination,MEC LIII Bipolar Complex Pyramidal,6,transition,EC LI II Multipolar Pyramidal,EC LIII Stellate,29349.85984134182
milp_subtour_elimination,MEC LIII Bipolar Complex Pyramidal,7,transition,EC LIII Stellate,EC LIII Pyramidal,65.42000887199006
milp_subtour_elimination,MEC LIII Bipolar Complex Pyramidal,8,transition,EC LIII Pyramidal,MEC LII III Pyramidal Multiform,17.53379191328466
milp_subtour_elimination,MEC LIII Bipolar Complex Pyramidal,9,transition,MEC LII III Pyramidal Multiform,MEC LV Multipolar Pyramidal,750.744376370936
milp_subtour_elimination,MEC LIII Bipolar Complex Pyramidal,10,transition,MEC LV Multipolar Pyramidal,MEC LV Pyramidal,115.70855122819788
milp_subtour_elimination,MEC LIII Bipolar Complex Pyramidal,11,transition,MEC LV Pyramidal,DG Granule,9568.736896643586
milp_subtour_elimination,MEC LIII Bipolar Complex Pyramidal,12,transition,DG Granule,DG Mossy,44908.709978571016
milp_subtour_elimination,MEC LIII Bipolar Complex Pyramidal,13,transition,DG Mossy,DG Semilunar Granule,50.6486718617241
milp_subtour_elimination,MEC LIII Bipolar Complex Pyramidal,14,transition,DG Semilunar Granule,DG Hilar Ectopic Granule,4588.842439594102
milp_subtour_elimination,MEC LIII Bipolar Complex Pyramidal,15,transition,DG Hilar Ectopic Granule,CA3 Pyramidal,0.0133035385226386
milp_subtour_elimination,MEC LIII Bipolar Complex Pyramidal,16,transition,CA3 Pyramidal,CA2 Pyramidal,12467.302061608583
milp_subtour_elimination,MEC LIII Bipolar Complex Pyramidal,17,transition,CA2 Pyramidal,CA3c Pyramidal,2212.266414990227
milp_subtour_elimination,MEC LIII Bipolar Complex Pyramidal,18,transition,CA3c Pyramidal,CA1 Pyramidal,85609.60976338176
milp_subtour_elimination,MEC LIII Bipolar Complex Pyramidal,19,transition,CA1 Pyramidal,MEC LV VI Pyramidal Polymorphic,13564.64480225756
milp_subtour_elimination,MEC LIII Bipolar Complex Pyramidal,20,transition,MEC LV VI Pyramidal Polymorphic,EC LV Deep Pyramidal,78.22850736136446
milp_subtour_elimination,MEC LIII Bipolar Complex Pyramidal,21,transition,EC LV Deep Pyramidal,EC LIV VI Deep Multipolar Principal,326.6081416722669
milp_subtour_elimination,MEC LIII Bipolar Complex Pyramidal,22,transition,EC LIV VI Deep Multipolar Principal,LEC LVI Multipolar Pyramidal,2246.3636143897743
milp_subtour_elimination,MEC LIII Bipolar Complex Pyramidal,23,transition,LEC LVI Multipolar Pyramidal,EC LIII V Bipolar Pyramidal,101.04977810289805
milp_subtour_elimination,MEC LIII Bipolar Complex Pyramidal,24,transition,EC LIII V Bipolar Pyramidal,LEC LIII Multipolar Principal,1092.637693563088
milp_subtour_elimination,MEC LIII Bipolar Complex Pyramidal,25,transition,LEC LIII Multipolar Principal,LEC LIII Complex Pyramidal,556.0635991085179
milp_subtour_elimination,MEC LIII Bipolar Complex Pyramidal,26,transition,LEC LIII Complex Pyramidal,EC LIII Pyramidal Stellate,538.1000722266449
milp_subtour_elimination,MEC LIII Bipolar Complex Pyramidal,27,transition,EC LIII Pyramidal Stellate,EC LII III Pyramidal Tripolar,254.6407583376596
milp_subtour_elimination,MEC LIII Bipolar Complex Pyramidal,28,transition,EC LII III Pyramidal Tripolar,MEC LII Stellate,3189.046054691212
milp_subtour_elimination,MEC LIII Bipolar Complex Pyramidal,29,transition,MEC LII Stellate,CA3 Granule,19640.6765649223
milp_subtour_elimination,MEC LIII Complex Pyramidal,1,transition,MEC LIII Complex Pyramidal,MEC LII Stellate,1193.0847203135872
milp_subtour_elimination,MEC LIII Complex Pyramidal,2,transition,MEC LII Stellate,CA3 Granule,19640.6765649223
milp_subtour_elimination,MEC LIII Complex Pyramidal,3,transition,CA3 Granule,CA3 Pyramidal,0.942018883295193
milp_subtour_elimination,MEC LIII Complex Pyramidal,4,transition,CA3 Pyramidal,CA2 Pyramidal,12467.302061608583
milp_subtour_elimination,MEC LIII Complex Pyramidal,5,transition,CA2 Pyramidal,CA3c Pyramidal,2212.266414990227
milp_subtour_elimination,MEC LIII Complex Pyramidal,6,transition,CA3c Pyramidal,CA1 Pyramidal,85609.60976338176
milp_subtour_elimination,MEC LIII Complex Pyramidal,7,transition,CA1 Pyramidal,MEC LV VI Pyramidal Polymorphic,13564.64480225756
milp_subtour_elimination,MEC LIII Complex Pyramidal,8,transition,MEC LV VI Pyramidal Polymorphic,EC LV Deep Pyramidal,78.22850736136446
milp_subtour_elimination,MEC LIII Complex Pyramidal,9,transition,EC LV Deep Pyramidal,EC LIV VI Deep Multipolar Principal,326.6081416722669
milp_subtour_elimination,MEC LIII Complex Pyramidal,10,transition,EC LIV VI Deep Multipolar Principal,LEC LVI Multipolar Pyramidal,2246.3636143897743
milp_subtour_elimination,MEC LIII Complex Pyramidal,11,transition,LEC LVI Multipolar Pyramidal,EC LIII V Bipolar Pyramidal,101.04977810289805
milp_subtour_elimination,MEC LIII Complex Pyramidal,12,transition,EC LIII V Bipolar Pyramidal,LEC LIII Multipolar Principal,1092.637693563088
milp_subtour_elimination,MEC LIII Complex Pyramidal,13,transition,LEC LIII Multipolar Principal,LEC LIII Complex Pyramidal,556.0635991085179
milp_subtour_elimination,MEC LIII Complex Pyramidal,14,transition,LEC LIII Complex Pyramidal,EC LIII Pyramidal Stellate,538.1000722266449
milp_subtour_elimination,MEC LIII Complex Pyramidal,15,transition,EC LIII Pyramidal Stellate,EC LII III Pyramidal Tripolar,254.6407583376596
milp_subtour_elimination,MEC LIII Complex Pyramidal,16,transition,EC LII III Pyramidal Tripolar,EC LIII Stellate,2760.010200610732
milp_subtour_elimination,MEC LIII Complex Pyramidal,17,transition,EC LIII Stellate,EC LIII Pyramidal,65.42000887199006
milp_subtour_elimination,MEC LIII Complex Pyramidal,18,transition,EC LIII Pyramidal,MEC LV Superficial Pyramidal,17.56277497888917
milp_subtour_elimination,MEC LIII Complex Pyramidal,19,transition,MEC LV Superficial Pyramidal,EC LI II Pyramidal Fan,3.037796001788656
milp_subtour_elimination,MEC LIII Complex Pyramidal,20,transition,EC LI II Pyramidal Fan,EC LI II Multipolar Pyramidal,7472.437106847604
milp_subtour_elimination,MEC LIII Complex Pyramidal,21,transition,EC LI II Multipolar Pyramidal,MEC LIII Bipolar Complex Pyramidal,30698.001365671505
milp_subtour_elimination,MEC LIII Complex Pyramidal,22,transition,MEC LIII Bipolar Complex Pyramidal,MEC LII Oblique Pyramidal,129.39404235709722
milp_subtour_elimination,MEC LIII Complex Pyramidal,23,transition,MEC LII Oblique Pyramidal,MEC LII III Pyramidal Multiform,34.28337354833483
milp_subtour_elimination,MEC LIII Complex Pyramidal,24,transition,MEC LII III Pyramidal Multiform,MEC LV Multipolar Pyramidal,750.744376370936
milp_subtour_elimination,MEC LIII Complex Pyramidal,25,transition,MEC LV Multipolar Pyramidal,MEC LV Pyramidal,115.70855122819788
milp_subtour_elimination,MEC LIII Complex Pyramidal,26,transition,MEC LV Pyramidal,DG Granule,9568.736896643586
milp_subtour_elimination,MEC LIII Complex Pyramidal,27,transition,DG Granule,DG Mossy,44908.709978571016
milp_subtour_elimination,MEC LIII Complex Pyramidal,28,transition,DG Mossy,DG Semilunar Granule,50.6486718617241
milp_subtour_elimination,MEC LIII Complex Pyramidal,29,transition,DG Semilunar Granule,DG Hilar Ectopic Granule,4588.842439594102
milp_subtour_elimination,MEC LV Multipolar Pyramidal,1,transition,MEC LV Multipolar Pyramidal,MEC LV Superficial Pyramidal,138.44761428854213
milp_subtour_elimination,MEC LV Multipolar Pyramidal,2,transition,MEC LV Superficial Pyramidal,EC LI II Pyramidal Fan,3.037796001788656
milp_subtour_elimination,MEC LV Multipolar Pyramidal,3,transition,EC LI II Pyramidal Fan,EC LI II Multipolar Pyramidal,7472.437106847604
milp_subtour_elimination,MEC LV Multipolar Pyramidal,4,transition,EC LI II Multipolar Pyramidal,MEC LIII Bipolar Complex Pyramidal,30698.001365671505
milp_subtour_elimination,MEC LV Multipolar Pyramidal,5,transition,MEC LIII Bipolar Complex Pyramidal,MEC LII Oblique Pyramidal,129.39404235709722
milp_subtour_elimination,MEC LV Multipolar Pyramidal,6,transition,MEC LII Oblique Pyramidal,MEC LII III Pyramidal Multiform,34.28337354833483
milp_subtour_elimination,MEC LV Multipolar Pyramidal,7,transition,MEC LII III Pyramidal Multiform,MEC LIII Complex Pyramidal,1284.918689522972
milp_subtour_elimination,MEC LV Multipolar Pyramidal,8,transition,MEC LIII Complex Pyramidal,MEC LII Stellate,1193.0847203135872
milp_subtour_elimination,MEC LV Multipolar Pyramidal,9,transition,MEC LII Stellate,CA3 Granule,19640.6765649223
milp_subtour_elimination,MEC LV Multipolar Pyramidal,10,transition,CA3 Granule,CA3 Pyramidal,0.942018883295193
milp_subtour_elimination,MEC LV Multipolar Pyramidal,11,transition,CA3 Pyramidal,CA2 Pyramidal,12467.302061608583
milp_subtour_elimination,MEC LV Multipolar Pyramidal,12,transition,CA2 Pyramidal,CA3c Pyramidal,2212.266414990227
milp_subtour_elimination,MEC LV Multipolar Pyramidal,13,transition,CA3c Pyramidal,CA1 Pyramidal,85609.60976338176
milp_subtour_elimination,MEC LV Multipolar Pyramidal,14,transition,CA1 Pyramidal,MEC LV VI Pyramidal Polymorphic,13564.64480225756
milp_subtour_elimination,MEC LV Multipolar Pyramidal,15,transition,MEC LV VI Pyramidal Polymorphic,EC LV Deep Pyramidal,78.22850736136446
milp_subtour_elimination,MEC LV Multipolar Pyramidal,16,transition,EC LV Deep Pyramidal,EC LIV VI Deep Multipolar Principal,326.6081416722669
milp_subtour_elimination,MEC LV Multipolar Pyramidal,17,transition,EC LIV VI Deep Multipolar Principal,LEC LVI Multipolar Pyramidal,2246.3636143897743
milp_subtour_elimination,MEC LV Multipolar Pyramidal,18,transition,LEC LVI Multipolar Pyramidal,EC LIII V Bipolar Pyramidal,101.04977810289805
milp_subtour_elimination,MEC LV Multipolar Pyramidal,19,transition,EC LIII V Bipolar Pyramidal,LEC LIII Multipolar Principal,1092.637693563088
milp_subtour_elimination,MEC LV Multipolar Pyramidal,20,transition,LEC LIII Multipolar Principal,LEC LIII Complex Pyramidal,556.0635991085179
milp_subtour_elimination,MEC LV Multipolar Pyramidal,21,transition,LEC LIII Complex Pyramidal,EC LIII Pyramidal Stellate,538.1000722266449
milp_subtour_elimination,MEC LV Multipolar Pyramidal,22,transition,EC LIII Pyramidal Stellate,EC LII III Pyramidal Tripolar,254.6407583376596
milp_subtour_elimination,MEC LV Multipolar Pyramidal,23,transition,EC LII III Pyramidal Tripolar,EC LIII Stellate,2760.010200610732
milp_subtour_elimination,MEC LV Multipolar Pyramidal,24,transition,EC LIII Stellate,EC LIII Pyramidal,65.42000887199006
milp_subtour_elimination,MEC LV Multipolar Pyramidal,25,transition,EC LIII Pyramidal,MEC LV Pyramidal,12.760099858249111
milp_subtour_elimination,MEC LV Multipolar Pyramidal,26,transition,MEC LV Pyramidal,DG Granule,9568.736896643586
milp_subtour_elimination,MEC LV Multipolar Pyramidal,27,transition,DG Granule,DG Mossy,44908.709978571016
milp_subtour_elimination,MEC LV Multipolar Pyramidal,28,transition,DG Mossy,DG Semilunar Granule,50.6486718617241
milp_subtour_elimination,MEC LV Multipolar Pyramidal,29,transition,DG Semilunar Granule,DG Hilar Ectopic Granule,4588.842439594102
milp_subtour_elimination,MEC LV Pyramidal,1,transition,MEC LV Pyramidal,DG Granule,9568.736896643586
milp_subtour_elimination,MEC LV Pyramidal,2,transition,DG Granule,DG Mossy,44908.709978571016
milp_subtour_elimination,MEC LV Pyramidal,3,transition,DG Mossy,DG Semilunar Granule,50.6486718617241
milp_subtour_elimination,MEC LV Pyramidal,4,transition,DG Semilunar Granule,DG Hilar Ectopic Granule,4588.842439594102
milp_subtour_elimination,MEC LV Pyramidal,5,transition,DG Hilar Ectopic Granule,CA3 Pyramidal,0.0133035385226386
milp_subtour_elimination,MEC LV Pyramidal,6,transition,CA3 Pyramidal,CA2 Pyramidal,12467.302061608583
milp_subtour_elimination,MEC LV Pyramidal,7,transition,CA2 Pyramidal,CA3c Pyramidal,2212.266414990227
milp_subtour_elimination,MEC LV Pyramidal,8,transition,CA3c Pyramidal,CA1 Pyramidal,85609.60976338176
milp_subtour_elimination,MEC LV Pyramidal,9,transition,CA1 Pyramidal,MEC LV VI Pyramidal Polymorphic,13564.64480225756
milp_subtour_elimination,MEC LV Pyramidal,10,transition,MEC LV VI Pyramidal Polymorphic,EC LV Deep Pyramidal,78.22850736136446
milp_subtour_elimination,MEC LV Pyramidal,11,transition,EC LV Deep Pyramidal,EC LIV VI Deep Multipolar Principal,326.6081416722669
milp_subtour_elimination,MEC LV Pyramidal,12,transition,EC LIV VI Deep Multipolar Principal,LEC LVI Multipolar Pyramidal,2246.3636143897743
milp_subtour_elimination,MEC LV Pyramidal,13,transition,LEC LVI Multipolar Pyramidal,EC LIII V Bipolar Pyramidal,101.04977810289805
milp_subtour_elimination,MEC LV Pyramidal,14,transition,EC LIII V Bipolar Pyramidal,LEC LIII Multipolar Principal,1092.637693563088
milp_subtour_elimination,MEC LV Pyramidal,15,transition,LEC LIII Multipolar Principal,LEC LIII Complex Pyramidal,556.0635991085179
milp_subtour_elimination,MEC LV Pyramidal,16,transition,LEC LIII Complex Pyramidal,EC LIII Pyramidal Stellate,538.1000722266449
milp_subtour_elimination,MEC LV Pyramidal,17,transition,EC LIII Pyramidal Stellate,EC LII III Pyramidal Tripolar,254.6407583376596
milp_subtour_elimination,MEC LV Pyramidal,18,transition,EC LII III Pyramidal Tripolar,EC LIII Stellate,2760.010200610732
milp_subtour_elimination,MEC LV Pyramidal,19,transition,EC LIII Stellate,EC LIII Pyramidal,65.42000887199006
milp_subtour_elimination,MEC LV Pyramidal,20,transition,EC LIII Pyramidal,MEC LII III Pyramidal Multiform,17.53379191328466
milp_subtour_elimination,MEC LV Pyramidal,21,transition,MEC LII III Pyramidal Multiform,MEC LV Multipolar Pyramidal,750.744376370936
milp_subtour_elimination,MEC LV Pyramidal,22,transition,MEC LV Multipolar Pyramidal,MEC LV Superficial Pyramidal,138.44761428854213
milp_subtour_elimination,MEC LV Pyramidal,23,transition,MEC LV Superficial Pyramidal,EC LI II Pyramidal Fan,3.037796001788656
milp_subtour_elimination,MEC LV Pyramidal,24,transition,EC LI II Pyramidal Fan,EC LI II Multipolar Pyramidal,7472.437106847604
milp_subtour_elimination,MEC LV Pyramidal,25,transition,EC LI II Multipolar Pyramidal,MEC LIII Bipolar Complex Pyramidal,30698.001365671505
milp_subtour_elimination,MEC LV Pyramidal,26,transition,MEC LIII Bipolar Complex Pyramidal,MEC LIII Complex Pyramidal,861.1914192115519
milp_subtour_elimination,MEC LV Pyramidal,27,transition,MEC LIII Complex Pyramidal,MEC LII Stellate,1193.0847203135872
milp_subtour_elimination,MEC LV Pyramidal,28,transition,MEC LII Stellate,CA3 Granule,19640.6765649223
milp_subtour_elimination,MEC LV Superficial Pyramidal,1,transition,MEC LV Superficial Pyramidal,EC LI II Pyramidal Fan,3.037796001788656
milp_subtour_elimination,MEC LV Superficial Pyramidal,2,transition,EC LI II Pyramidal Fan,EC LI II Multipolar Pyramidal,7472.437106847604
milp_subtour_elimination,MEC LV Superficial Pyramidal,3,transition,EC LI II Multipolar Pyramidal,MEC LIII Bipolar Complex Pyramidal,30698.001365671505
milp_subtour_elimination,MEC LV Superficial Pyramidal,4,transition,MEC LIII Bipolar Complex Pyramidal,MEC LIII Complex Pyramidal,861.1914192115519
milp_subtour_elimination,MEC LV Superficial Pyramidal,5,transition,MEC LIII Complex Pyramidal,MEC LII Stellate,1193.0847203135872
milp_subtour_elimination,MEC LV Superficial Pyramidal,6,transition,MEC LII Stellate,CA3 Granule,19640.6765649223
milp_subtour_elimination,MEC LV Superficial Pyramidal,7,transition,CA3 Granule,CA3 Pyramidal,0.942018883295193
milp_subtour_elimination,MEC LV Superficial Pyramidal,8,transition,CA3 Pyramidal,CA2 Pyramidal,12467.302061608583
milp_subtour_elimination,MEC LV Superficial Pyramidal,9,transition,CA2 Pyramidal,CA3c Pyramidal,2212.266414990227
milp_subtour_elimination,MEC LV Superficial Pyramidal,10,transition,CA3c Pyramidal,CA1 Pyramidal,85609.60976338176
milp_subtour_elimination,MEC LV Superficial Pyramidal,11,transition,CA1 Pyramidal,MEC LV VI Pyramidal Polymorphic,13564.64480225756
milp_subtour_elimination,MEC LV Superficial Pyramidal,12,transition,MEC LV VI Pyramidal Polymorphic,EC LV Deep Pyramidal,78.22850736136446
milp_subtour_elimination,MEC LV Superficial Pyramidal,13,transition,EC LV Deep Pyramidal,EC LIV VI Deep Multipolar Principal,326.6081416722669
milp_subtour_elimination,MEC LV Superficial Pyramidal,14,transition,EC LIV VI Deep Multipolar Principal,LEC LVI Multipolar Pyramidal,2246.3636143897743
milp_subtour_elimination,MEC LV Superficial Pyramidal,15,transition,LEC LVI Multipolar Pyramidal,EC LIII V Bipolar Pyramidal,101.04977810289805
milp_subtour_elimination,MEC LV Superficial Pyramidal,16,transition,EC LIII V Bipolar Pyramidal,LEC LIII Multipolar Principal,1092.637693563088
milp_subtour_elimination,MEC LV Superficial Pyramidal,17,transition,LEC LIII Multipolar Principal,LEC LIII Complex Pyramidal,556.0635991085179
milp_subtour_elimination,MEC LV Superficial Pyramidal,18,transition,LEC LIII Complex Pyramidal,EC LIII Pyramidal Stellate,538.1000722266449
milp_subtour_elimination,MEC LV Superficial Pyramidal,19,transition,EC LIII Pyramidal Stellate,EC LII III Pyramidal Tripolar,254.6407583376596
milp_subtour_elimination,MEC LV Superficial Pyramidal,20,transition,EC LII III Pyramidal Tripolar,EC LIII Stellate,2760.010200610732
milp_subtour_elimination,MEC LV Superficial Pyramidal,21,transition,EC LIII Stellate,EC LIII Pyramidal,65.42000887199006
milp_subtour_elimination,MEC LV Superficial Pyramidal,22,transition,EC LIII Pyramidal,MEC LII III Pyramidal Multiform,17.53379191328466
milp_subtour_elimination,MEC LV Superficial Pyramidal,23,transition,MEC LII III Pyramidal Multiform,MEC LV Multipolar Pyramidal,750.744376370936
milp_subtour_elimination,MEC LV Superficial Pyramidal,24,transition,MEC LV Multipolar Pyramidal,MEC LV Pyramidal,115.70855122819788
milp_subtour_elimination,MEC LV Superficial Pyramidal,25,transition,MEC LV Pyramidal,DG Granule,9568.736896643586
milp_subtour_elimination,MEC LV Superficial Pyramidal,26,transition,DG Granule,DG Mossy,44908.709978571016
milp_subtour_elimination,MEC LV Superficial Pyramidal,27,transition,DG Mossy,DG Semilunar Granule,50.6486718617241
milp_subtour_elimination,MEC LV Superficial Pyramidal,28,transition,DG Semilunar Granule,DG Hilar Ectopic Granule,4588.842439594102
milp_subtour_elimination,MEC LV VI Pyramidal Polymorphic,1,transition,MEC LV VI Pyramidal Polymorphic,EC LV Deep Pyramidal,78.22850736136446
milp_subtour_elimination,MEC LV VI Pyramidal Polymorphic,2,transition,EC LV Deep Pyramidal,EC LIV VI Deep Multipolar Principal,326.6081416722669
milp_subtour_elimination,MEC LV VI Pyramidal Polymorphic,3,transition,EC LIV VI Deep Multipolar Principal,LEC LIII Multipolar Principal,1887.6870292903488
milp_subtour_elimination,MEC LV VI Pyramidal Polymorphic,4,transition,LEC LIII Multipolar Principal,LEC LIII Complex Pyramidal,556.0635991085179
milp_subtour_elimination,MEC LV VI Pyramidal Polymorphic,5,transition,LEC LIII Complex Pyramidal,EC LII III Pyramidal Tripolar,366.36278097895246
milp_subtour_elimination,MEC LV VI Pyramidal Polymorphic,6,transition,EC LII III Pyramidal Tripolar,EC LIII Stellate,2760.010200610732
milp_subtour_elimination,MEC LV VI Pyramidal Polymorphic,7,transition,EC LIII Stellate,MEC LII III Pyramidal Multiform,64.21168926195364
milp_subtour_elimination,MEC LV VI Pyramidal Polymorphic,8,transition,MEC LII III Pyramidal Multiform,MEC LV Multipolar Pyramidal,750.744376370936
milp_subtour_elimination,MEC LV VI Pyramidal Polymorphic,9,transition,MEC LV Multipolar Pyramidal,MEC LV Superficial Pyramidal,138.44761428854213
milp_subtour_elimination,MEC LV VI Pyramidal Polymorphic,10,transition,MEC LV Superficial Pyramidal,EC LI II Pyramidal Fan,3.037796001788656
milp_subtour_elimination,MEC LV VI Pyramidal Polymorphic,11,transition,EC LI II Pyramidal Fan,EC LI II Multipolar Pyramidal,7472.437106847604
milp_subtour_elimination,MEC LV VI Pyramidal Polymorphic,12,transition,EC LI II Multipolar Pyramidal,MEC LIII Bipolar Complex Pyramidal,30698.001365671505
milp_subtour_elimination,MEC LV VI Pyramidal Polymorphic,13,transition,MEC LIII Bipolar Complex Pyramidal,MEC LIII Complex Pyramidal,861.1914192115519
milp_subtour_elimination,MEC LV VI Pyramidal Polymorphic,14,transition,MEC LIII Complex Pyramidal,MEC LII Stellate,1193.0847203135872
milp_subtour_elimination,MEC LV VI Pyramidal Polymorphic,15,transition,MEC LII Stellate,CA3 Granule,19640.6765649223
milp_subtour_elimination,MEC LV VI Pyramidal Polymorphic,16,transition,CA3 Granule,CA3 Pyramidal,0.942018883295193
milp_subtour_elimination,MEC LV VI Pyramidal Polymorphic,17,transition,CA3 Pyramidal,CA2 Pyramidal,12467.302061608583
milp_subtour_elimination,MEC LV VI Pyramidal Polymorphic,18,transition,CA2 Pyramidal,CA3c Pyramidal,2212.266414990227
milp_subtour_elimination,MEC LV VI Pyramidal Polymorphic,19,transition,CA3c Pyramidal,CA1 Pyramidal,85609.60976338176
milp_subtour_elimination,MEC LV VI Pyramidal Polymorphic,20,transition,CA1 Pyramidal,LEC LVI Multipolar Pyramidal,10569.009270094895
milp_subtour_elimination,MEC LV VI Pyramidal Polymorphic,21,transition,LEC LVI Multipolar Pyramidal,EC LIII V Bipolar Pyramidal,101.04977810289805
milp_subtour_elimination,MEC LV VI Pyramidal Polymorphic,22,transition,EC LIII V Bipolar Pyramidal,EC LIII Pyramidal Stellate,601.3553812101552
milp_subtour_elimination,MEC LV VI Pyramidal Polymorphic,23,transition,EC LIII Pyramidal Stellate,EC LIII Pyramidal,241.99019548048847
milp_subtour_elimination,MEC LV VI Pyramidal Polymorphic,24,transition,EC LIII Pyramidal,MEC LV Pyramidal,12.760099858249111
milp_subtour_elimination,MEC LV VI Pyramidal Polymorphic,25,transition,MEC LV Pyramidal,DG Granule,9568.736896643586
milp_subtour_elimination,MEC LV VI Pyramidal Polymorphic,26,transition,DG Granule,DG Mossy,44908.709978571016
milp_subtour_elimination,MEC LV VI Pyramidal Polymorphic,27,transition,DG Mossy,DG Semilunar Granule,50.6486718617241
milp_subtour_elimination,MEC LV VI Pyramidal Polymorphic,28,transition,DG Semilunar Granule,DG Hilar Ectopic Granule,4588.842439594102
milp_subtour_elimination,SUB CA1 Projecting Pyramidal,1,transition,SUB CA1 Projecting Pyramidal,CA1 Pyramidal,106.20856360032086
milp_subtour_elimination,SUB CA1 Projecting Pyramidal,2,transition,CA1 Pyramidal,MEC LV VI Pyramidal Polymorphic,13564.64480225756
milp_subtour_elimination,SUB CA1 Projecting Pyramidal,3,transition,MEC LV VI Pyramidal Polymorphic,EC LIV VI Deep Multipolar Principal,86.77596588341953
milp_subtour_elimination,SUB CA1 Projecting Pyramidal,4,transition,EC LIV VI Deep Multipolar Principal,EC LV Deep Pyramidal,1320.4568545606207
milp_subtour_elimination,SUB CA1 Projecting Pyramidal,5,transition,EC LV Deep Pyramidal,LEC LVI Multipolar Pyramidal,608.8907703194651
milp_subtour_elimination,SUB CA1 Projecting Pyramidal,6,transition,LEC LVI Multipolar Pyramidal,EC LII III Pyramidal Tripolar,48.98798814646632
milp_subtour_elimination,SUB CA1 Projecting Pyramidal,7,transition,EC LII III Pyramidal Tripolar,MEC LII Stellate,3189.046054691212
milp_subtour_elimination,SUB CA1 Projecting Pyramidal,8,transition,MEC LII Stellate,MEC LIII Complex Pyramidal,3196.6416341268605
milp_subtour_elimination,SUB CA1 Projecting Pyramidal,9,transition,MEC LIII Complex Pyramidal,MEC LII Oblique Pyramidal,569.2148212010752
milp_subtour_elimination,SUB CA1 Projecting Pyramidal,10,transition,MEC LII Oblique Pyramidal,EC LIII V Bipolar Pyramidal,12.284976246784383
milp_subtour_elimination,SUB CA1 Projecting Pyramidal,11,transition,EC LIII V Bipolar Pyramidal,LEC LIII Multipolar Principal,1092.637693563088
milp_subtour_elimination,SUB CA1 Projecting Pyramidal,12,transition,LEC LIII Multipolar Principal,LEC LIII Complex Pyramidal,556.0635991085179
milp_subtour_elimination,SUB CA1 Projecting Pyramidal,13,transition,LEC LIII Complex Pyramidal,EC LI II Pyramidal Fan,23.12767624896576
milp_subtour_elimination,SUB CA1 Projecting Pyramidal,14,transition,EC LI II Pyramidal Fan,EC LI II Multipolar Pyramidal,7472.437106847604
milp_subtour_elimination,SUB CA1 Projecting Pyramidal,15,transition,EC LI II Multipolar Pyramidal,MEC LIII Bipolar Complex Pyramidal,30698.001365671505
milp_subtour_elimination,SUB CA1 Projecting Pyramidal,16,transition,MEC LIII Bipolar Complex Pyramidal,MEC LV Superficial Pyramidal,146.3802679317498
milp_subtour_elimination,SUB CA1 Projecting Pyramidal,17,transition,MEC LV Superficial Pyramidal,MEC LV Multipolar Pyramidal,218.5111462490885
milp_subtour_elimination,SUB CA1 Projecting Pyramidal,18,transition,MEC LV Multipolar Pyramidal,EC LIII Pyramidal,26.53458883572656
milp_subtour_elimination,SUB CA1 Projecting Pyramidal,19,transition,EC LIII Pyramidal,EC LIII Stellate,16.121135143574193
milp_subtour_elimination,SUB CA1 Projecting Pyramidal,20,transition,EC LIII Stellate,EC LIII Pyramidal Stellate,91.4501088515022
milp_subtour_elimination,SUB CA1 Projecting Pyramidal,21,transition,EC LIII Pyramidal Stellate,MEC LII III Pyramidal Multiform,241.6045148791969
milp_subtour_elimination,SUB CA1 Projecting Pyramidal,22,transition,MEC LII III Pyramidal Multiform,MEC LV Pyramidal,548.8069668104904
milp_subtour_elimination,SUB CA1 Projecting Pyramidal,23,transition,MEC LV Pyramidal,DG Granule,9568.736896643586
milp_subtour_elimination,SUB CA1 Projecting Pyramidal,24,transition,DG Granule,DG Mossy,44908.709978571016
milp_subtour_elimination,SUB CA1 Projecting Pyramidal,25,transition,DG Mossy,DG Semilunar Granule,50.6486718617241
milp_subtour_elimination,SUB CA1 Projecting Pyramidal,26,transition,DG Semilunar Granule,DG Hilar Ectopic Granule,4588.842439594102
milp_subtour_elimination,SUB CA1 Projecting Pyramidal,27,transition,DG Hilar Ectopic Granule,CA3 Pyramidal,0.0133035385226386
milp_subtour_elimination,SUB CA1 Projecting Pyramidal,28,transition,CA3 Pyramidal,CA2 Pyramidal,12467.302061608583
milp_subtour_elimination,SUB CA1 Projecting Pyramidal,29,transition,CA2 Pyramidal,CA3c Pyramidal,2212.266414990227
milp_subtour_elimination,SUB CA1 Projecting Pyramidal,30,transition,CA3c Pyramidal,CA1 Radiatum Giant,4064.510468839344
maximum_weight_asymmetric_hamiltonian_path,CA1 Pyramidal,1,transition,CA1 Pyramidal,MEC LV VI Pyramidal Polymorphic,13564.64480225756
maximum_weight_asymmetric_hamiltonian_path,CA1 Pyramidal,2,transition,MEC LV VI Pyramidal Polymorphic,EC LV Deep Pyramidal,78.22850736136446
maximum_weight_asymmetric_hamiltonian_path,CA1 Pyramidal,3,transition,EC LV Deep Pyramidal,EC LIV VI Deep Multipolar Principal,326.6081416722669
maximum_weight_asymmetric_hamiltonian_path,CA1 Pyramidal,4,transition,EC LIV VI Deep Multipolar Principal,LEC LVI Multipolar Pyramidal,2246.3636143897743
maximum_weight_asymmetric_hamiltonian_path,CA1 Pyramidal,5,transition,LEC LVI Multipolar Pyramidal,EC LIII V Bipolar Pyramidal,101.04977810289805
maximum_weight_asymmetric_hamiltonian_path,CA1 Pyramidal,6,transition,EC LIII V Bipolar Pyramidal,LEC LIII Multipolar Principal,1092.637693563088
maximum_weight_asymmetric_hamiltonian_path,CA1 Pyramidal,7,transition,LEC LIII Multipolar Principal,LEC LIII Complex Pyramidal,556.0635991085179
maximum_weight_asymmetric_hamiltonian_path,CA1 Pyramidal,8,transition,LEC LIII Complex Pyramidal,EC LIII Pyramidal Stellate,538.1000722266449
maximum_weight_asymmetric_hamiltonian_path,CA1 Pyramidal,9,transition,EC LIII Pyramidal Stellate,EC LIII Pyramidal,241.99019548048847
maximum_weight_asymmetric_hamiltonian_path,CA1 Pyramidal,10,transition,EC LIII Pyramidal,EC LIII Stellate,16.121135143574193
maximum_weight_asymmetric_hamiltonian_path,CA1 Pyramidal,11,transition,EC LIII Stellate,EC LII III Pyramidal Tripolar,69.81600034271409
maximum_weight_asymmetric_hamiltonian_path,CA1 Pyramidal,12,transition,EC LII III Pyramidal Tripolar,MEC LII Stellate,3189.046054691212
maximum_weight_asymmetric_hamiltonian_path,CA1 Pyramidal,13,transition,MEC LII Stellate,MEC LIII Complex Pyramidal,3196.6416341268605
maximum_weight_asymmetric_hamiltonian_path,CA1 Pyramidal,14,transition,MEC LIII Complex Pyramidal,MEC LII Oblique Pyramidal,569.2148212010752
maximum_weight_asymmetric_hamiltonian_path,CA1 Pyramidal,15,transition,MEC LII Oblique Pyramidal,MEC LV Superficial Pyramidal,73.63513359542591
maximum_weight_asymmetric_hamiltonian_path,CA1 Pyramidal,16,transition,MEC LV Superficial Pyramidal,EC LI II Pyramidal Fan,3.037796001788656
maximum_weight_asymmetric_hamiltonian_path,CA1 Pyramidal,17,transition,EC LI II Pyramidal Fan,EC LI II Multipolar Pyramidal,7472.437106847604
maximum_weight_asymmetric_hamiltonian_path,CA1 Pyramidal,18,transition,EC LI II Multipolar Pyramidal,MEC LIII Bipolar Complex Pyramidal,30698.001365671505
maximum_weight_asymmetric_hamiltonian_path,CA1 Pyramidal,19,transition,MEC LIII Bipolar Complex Pyramidal,MEC LII III Pyramidal Multiform,156.10322882603091
maximum_weight_asymmetric_hamiltonian_path,CA1 Pyramidal,20,transition,MEC LII III Pyramidal Multiform,MEC LV Multipolar Pyramidal,750.744376370936
maximum_weight_asymmetric_hamiltonian_path,CA1 Pyramidal,21,transition,MEC LV Multipolar Pyramidal,MEC LV Pyramidal,115.70855122819788
maximum_weight_asymmetric_hamiltonian_path,CA1 Pyramidal,22,transition,MEC LV Pyramidal,DG Granule,9568.736896643586
maximum_weight_asymmetric_hamiltonian_path,CA1 Pyramidal,23,transition,DG Granule,DG Mossy,44908.709978571016
maximum_weight_asymmetric_hamiltonian_path,CA1 Pyramidal,24,transition,DG Mossy,DG Semilunar Granule,50.6486718617241
maximum_weight_asymmetric_hamiltonian_path,CA1 Pyramidal,25,transition,DG Semilunar Granule,DG Hilar Ectopic Granule,4588.842439594102
maximum_weight_asymmetric_hamiltonian_path,CA1 Pyramidal,26,transition,DG Hilar Ectopic Granule,CA3 Pyramidal,0.0133035385226386
maximum_weight_asymmetric_hamiltonian_path,CA1 Pyramidal,27,transition,CA3 Pyramidal,CA2 Pyramidal,12467.302061608583
maximum_weight_asymmetric_hamiltonian_path,CA1 Pyramidal,28,transition,CA2 Pyramidal,CA3 Granule,592.9863345985209
maximum_weight_asymmetric_hamiltonian_path,CA1 Pyramidal,29,transition,CA3 Granule,CA3c Pyramidal,2.280811281935155
maximum_weight_asymmetric_hamiltonian_path,CA1 Pyramidal,30,transition,CA3c Pyramidal,SUB CA1 Projecting Pyramidal,1119.4402227874016
maximum_weight_asymmetric_hamiltonian_path,CA1 Pyramidal,31,transition,SUB CA1 Projecting Pyramidal,CA1 Radiatum Giant,8.28772603741471
maximum_weight_asymmetric_hamiltonian_path,CA1 Radiatum Giant,1,transition,CA1 Radiatum Giant,CA1 Pyramidal,52.52606827667822
maximum_weight_asymmetric_hamiltonian_path,CA1 Radiatum Giant,2,transition,CA1 Pyramidal,MEC LV VI Pyramidal Polymorphic,13564.64480225756
maximum_weight_asymmetric_hamiltonian_path,CA1 Radiatum Giant,3,transition,MEC LV VI Pyramidal Polymorphic,EC LV Deep Pyramidal,78.22850736136446
maximum_weight_asymmetric_hamiltonian_path,CA1 Radiatum Giant,4,transition,EC LV Deep Pyramidal,EC LIV VI Deep Multipolar Principal,326.6081416722669
maximum_weight_asymmetric_hamiltonian_path,CA1 Radiatum Giant,5,transition,EC LIV VI Deep Multipolar Principal,LEC LVI Multipolar Pyramidal,2246.3636143897743
maximum_weight_asymmetric_hamiltonian_path,CA1 Radiatum Giant,6,transition,LEC LVI Multipolar Pyramidal,EC LIII V Bipolar Pyramidal,101.04977810289805
maximum_weight_asymmetric_hamiltonian_path,CA1 Radiatum Giant,7,transition,EC LIII V Bipolar Pyramidal,LEC LIII Multipolar Principal,1092.637693563088
maximum_weight_asymmetric_hamiltonian_path,CA1 Radiatum Giant,8,transition,LEC LIII Multipolar Principal,LEC LIII Complex Pyramidal,556.0635991085179
maximum_weight_asymmetric_hamiltonian_path,CA1 Radiatum Giant,9,transition,LEC LIII Complex Pyramidal,EC LIII Pyramidal Stellate,538.1000722266449
maximum_weight_asymmetric_hamiltonian_path,CA1 Radiatum Giant,10,transition,EC LIII Pyramidal Stellate,EC LIII Pyramidal,241.99019548048847
maximum_weight_asymmetric_hamiltonian_path,CA1 Radiatum Giant,11,transition,EC LIII Pyramidal,EC LIII Stellate,16.121135143574193
maximum_weight_asymmetric_hamiltonian_path,CA1 Radiatum Giant,12,transition,EC LIII Stellate,EC LII III Pyramidal Tripolar,69.81600034271409
maximum_weight_asymmetric_hamiltonian_path,CA1 Radiatum Giant,13,transition,EC LII III Pyramidal Tripolar,MEC LII Stellate,3189.046054691212
maximum_weight_asymmetric_hamiltonian_path,CA1 Radiatum Giant,14,transition,MEC LII Stellate,MEC LIII Complex Pyramidal,3196.6416341268605
maximum_weight_asymmetric_hamiltonian_path,CA1 Radiatum Giant,15,transition,MEC LIII Complex Pyramidal,MEC LII Oblique Pyramidal,569.2148212010752
maximum_weight_asymmetric_hamiltonian_path,CA1 Radiatum Giant,16,transition,MEC LII Oblique Pyramidal,MEC LV Superficial Pyramidal,73.63513359542591
maximum_weight_asymmetric_hamiltonian_path,CA1 Radiatum Giant,17,transition,MEC LV Superficial Pyramidal,EC LI II Pyramidal Fan,3.037796001788656
maximum_weight_asymmetric_hamiltonian_path,CA1 Radiatum Giant,18,transition,EC LI II Pyramidal Fan,EC LI II Multipolar Pyramidal,7472.437106847604
maximum_weight_asymmetric_hamiltonian_path,CA1 Radiatum Giant,19,transition,EC LI II Multipolar Pyramidal,MEC LIII Bipolar Complex Pyramidal,30698.001365671505
maximum_weight_asymmetric_hamiltonian_path,CA1 Radiatum Giant,20,transition,MEC LIII Bipolar Complex Pyramidal,MEC LII III Pyramidal Multiform,156.10322882603091
maximum_weight_asymmetric_hamiltonian_path,CA1 Radiatum Giant,21,transition,MEC LII III Pyramidal Multiform,MEC LV Multipolar Pyramidal,750.744376370936
maximum_weight_asymmetric_hamiltonian_path,CA1 Radiatum Giant,22,transition,MEC LV Multipolar Pyramidal,MEC LV Pyramidal,115.70855122819788
maximum_weight_asymmetric_hamiltonian_path,CA1 Radiatum Giant,23,transition,MEC LV Pyramidal,DG Granule,9568.736896643586
maximum_weight_asymmetric_hamiltonian_path,CA1 Radiatum Giant,24,transition,DG Granule,DG Mossy,44908.709978571016
maximum_weight_asymmetric_hamiltonian_path,CA1 Radiatum Giant,25,transition,DG Mossy,DG Semilunar Granule,50.6486718617241
maximum_weight_asymmetric_hamiltonian_path,CA1 Radiatum Giant,26,transition,DG Semilunar Granule,DG Hilar Ectopic Granule,4588.842439594102
maximum_weight_asymmetric_hamiltonian_path,CA1 Radiatum Giant,27,transition,DG Hilar Ectopic Granule,CA3 Pyramidal,0.0133035385226386
maximum_weight_asymmetric_hamiltonian_path,CA1 Radiatum Giant,28,transition,CA3 Pyramidal,CA2 Pyramidal,12467.302061608583
maximum_weight_asymmetric_hamiltonian_path,CA1 Radiatum Giant,29,transition,CA2 Pyramidal,CA3 Granule,592.9863345985209
maximum_weight_asymmetric_hamiltonian_path,CA1 Radiatum Giant,30,transition,CA3 Granule,CA3c Pyramidal,2.280811281935155
maximum_weight_asymmetric_hamiltonian_path,CA1 Radiatum Giant,31,transition,CA3c Pyramidal,SUB CA1 Projecting Pyramidal,1119.4402227874016
maximum_weight_asymmetric_hamiltonian_path,CA2 Pyramidal,1,transition,CA2 Pyramidal,DG Mossy,4836.413875657298
maximum_weight_asymmetric_hamiltonian_path,CA2 Pyramidal,2,transition,DG Mossy,DG Semilunar Granule,50.6486718617241
maximum_weight_asymmetric_hamiltonian_path,CA2 Pyramidal,3,transition,DG Semilunar Granule,DG Granule,488.2288969219253
maximum_weight_asymmetric_hamiltonian_path,CA2 Pyramidal,4,transition,DG Granule,DG Hilar Ectopic Granule,25114.71428869603
maximum_weight_asymmetric_hamiltonian_path,CA2 Pyramidal,5,transition,DG Hilar Ectopic Granule,CA3 Pyramidal,0.0133035385226386
maximum_weight_asymmetric_hamiltonian_path,CA2 Pyramidal,6,transition,CA3 Pyramidal,CA3 Granule,3063.7033025481774
maximum_weight_asymmetric_hamiltonian_path,CA2 Pyramidal,7,transition,CA3 Granule,CA3c Pyramidal,2.280811281935155
maximum_weight_asymmetric_hamiltonian_path,CA2 Pyramidal,8,transition,CA3c Pyramidal,CA1 Pyramidal,85609.60976338176
maximum_weight_asymmetric_hamiltonian_path,CA2 Pyramidal,9,transition,CA1 Pyramidal,MEC LV VI Pyramidal Polymorphic,13564.64480225756
maximum_weight_asymmetric_hamiltonian_path,CA2 Pyramidal,10,transition,MEC LV VI Pyramidal Polymorphic,EC LV Deep Pyramidal,78.22850736136446
maximum_weight_asymmetric_hamiltonian_path,CA2 Pyramidal,11,transition,EC LV Deep Pyramidal,EC LIV VI Deep Multipolar Principal,326.6081416722669
maximum_weight_asymmetric_hamiltonian_path,CA2 Pyramidal,12,transition,EC LIV VI Deep Multipolar Principal,LEC LVI Multipolar Pyramidal,2246.3636143897743
maximum_weight_asymmetric_hamiltonian_path,CA2 Pyramidal,13,transition,LEC LVI Multipolar Pyramidal,EC LII III Pyramidal Tripolar,48.98798814646632
maximum_weight_asymmetric_hamiltonian_path,CA2 Pyramidal,14,transition,EC LII III Pyramidal Tripolar,EC LIII Stellate,2760.010200610732
maximum_weight_asymmetric_hamiltonian_path,CA2 Pyramidal,15,transition,EC LIII Stellate,EC LIII Pyramidal,65.42000887199006
maximum_weight_asymmetric_hamiltonian_path,CA2 Pyramidal,16,transition,EC LIII Pyramidal,MEC LV Pyramidal,12.760099858249111
maximum_weight_asymmetric_hamiltonian_path,CA2 Pyramidal,17,transition,MEC LV Pyramidal,MEC LIII Complex Pyramidal,1440.789466146968
maximum_weight_asymmetric_hamiltonian_path,CA2 Pyramidal,18,transition,MEC LIII Complex Pyramidal,MEC LII Stellate,1193.0847203135872
maximum_weight_asymmetric_hamiltonian_path,CA2 Pyramidal,19,transition,MEC LII Stellate,MEC LII III Pyramidal Multiform,2172.4274626996407
maximum_weight_asymmetric_hamiltonian_path,CA2 Pyramidal,20,transition,MEC LII III Pyramidal Multiform,MEC LV Multipolar Pyramidal,750.744376370936
maximum_weight_asymmetric_hamiltonian_path,CA2 Pyramidal,21,transition,MEC LV Multipolar Pyramidal,MEC LV Superficial Pyramidal,138.44761428854213
maximum_weight_asymmetric_hamiltonian_path,CA2 Pyramidal,22,transition,MEC LV Superficial Pyramidal,EC LI II Pyramidal Fan,3.037796001788656
maximum_weight_asymmetric_hamiltonian_path,CA2 Pyramidal,23,transition,EC LI II Pyramidal Fan,EC LI II Multipolar Pyramidal,7472.437106847604
maximum_weight_asymmetric_hamiltonian_path,CA2 Pyramidal,24,transition,EC LI II Multipolar Pyramidal,MEC LIII Bipolar Complex Pyramidal,30698.001365671505
maximum_weight_asymmetric_hamiltonian_path,CA2 Pyramidal,25,transition,MEC LIII Bipolar Complex Pyramidal,MEC LII Oblique Pyramidal,129.39404235709722
maximum_weight_asymmetric_hamiltonian_path,CA2 Pyramidal,26,transition,MEC LII Oblique Pyramidal,EC LIII V Bipolar Pyramidal,12.284976246784383
maximum_weight_asymmetric_hamiltonian_path,CA2 Pyramidal,27,transition,EC LIII V Bipolar Pyramidal,LEC LIII Multipolar Principal,1092.637693563088
maximum_weight_asymmetric_hamiltonian_path,CA2 Pyramidal,28,transition,LEC LIII Multipolar Principal,LEC LIII Complex Pyramidal,556.0635991085179
maximum_weight_asymmetric_hamiltonian_path,CA2 Pyramidal,29,transition,LEC LIII Complex Pyramidal,EC LIII Pyramidal Stellate,538.1000722266449
maximum_weight_asymmetric_hamiltonian_path,CA2 Pyramidal,30,transition,EC LIII Pyramidal Stellate,SUB CA1 Projecting Pyramidal,389.79456390732304
maximum_weight_asymmetric_hamiltonian_path,CA2 Pyramidal,31,transition,SUB CA1 Projecting Pyramidal,CA1 Radiatum Giant,8.28772603741471
maximum_weight_asymmetric_hamiltonian_path,CA3 Granule,1,transition,CA3 Granule,CA3 Pyramidal,0.942018883295193
maximum_weight_asymmetric_hamiltonian_path,CA3 Granule,2,transition,CA3 Pyramidal,CA2 Pyramidal,12467.302061608583
maximum_weight_asymmetric_hamiltonian_path,CA3 Granule,3,transition,CA2 Pyramidal,DG Mossy,4836.413875657298
maximum_weight_asymmetric_hamiltonian_path,CA3 Granule,4,transition,DG Mossy,DG Semilunar Granule,50.6486718617241
maximum_weight_asymmetric_hamiltonian_path,CA3 Granule,5,transition,DG Semilunar Granule,DG Granule,488.2288969219253
maximum_weight_asymmetric_hamiltonian_path,CA3 Granule,6,transition,DG Granule,DG Hilar Ectopic Granule,25114.71428869603
maximum_weight_asymmetric_hamiltonian_path,CA3 Granule,7,transition,DG Hilar Ectopic Granule,CA3c Pyramidal,0.0550567880071112
maximum_weight_asymmetric_hamiltonian_path,CA3 Granule,8,transition,CA3c Pyramidal,CA1 Pyramidal,85609.60976338176
maximum_weight_asymmetric_hamiltonian_path,CA3 Granule,9,transition,CA1 Pyramidal,MEC LV VI Pyramidal Polymorphic,13564.64480225756
maximum_weight_asymmetric_hamiltonian_path,CA3 Granule,10,transition,MEC LV VI Pyramidal Polymorphic,EC LV Deep Pyramidal,78.22850736136446
maximum_weight_asymmetric_hamiltonian_path,CA3 Granule,11,transition,EC LV Deep Pyramidal,EC LIV VI Deep Multipolar Principal,326.6081416722669
maximum_weight_asymmetric_hamiltonian_path,CA3 Granule,12,transition,EC LIV VI Deep Multipolar Principal,LEC LVI Multipolar Pyramidal,2246.3636143897743
maximum_weight_asymmetric_hamiltonian_path,CA3 Granule,13,transition,LEC LVI Multipolar Pyramidal,EC LII III Pyramidal Tripolar,48.98798814646632
maximum_weight_asymmetric_hamiltonian_path,CA3 Granule,14,transition,EC LII III Pyramidal Tripolar,EC LIII Stellate,2760.010200610732
maximum_weight_asymmetric_hamiltonian_path,CA3 Granule,15,transition,EC LIII Stellate,EC LIII Pyramidal,65.42000887199006
maximum_weight_asymmetric_hamiltonian_path,CA3 Granule,16,transition,EC LIII Pyramidal,MEC LV Pyramidal,12.760099858249111
maximum_weight_asymmetric_hamiltonian_path,CA3 Granule,17,transition,MEC LV Pyramidal,MEC LIII Complex Pyramidal,1440.789466146968
maximum_weight_asymmetric_hamiltonian_path,CA3 Granule,18,transition,MEC LIII Complex Pyramidal,MEC LII Stellate,1193.0847203135872
maximum_weight_asymmetric_hamiltonian_path,CA3 Granule,19,transition,MEC LII Stellate,MEC LII III Pyramidal Multiform,2172.4274626996407
maximum_weight_asymmetric_hamiltonian_path,CA3 Granule,20,transition,MEC LII III Pyramidal Multiform,MEC LV Multipolar Pyramidal,750.744376370936
maximum_weight_asymmetric_hamiltonian_path,CA3 Granule,21,transition,MEC LV Multipolar Pyramidal,MEC LV Superficial Pyramidal,138.44761428854213
maximum_weight_asymmetric_hamiltonian_path,CA3 Granule,22,transition,MEC LV Superficial Pyramidal,EC LI II Pyramidal Fan,3.037796001788656
maximum_weight_asymmetric_hamiltonian_path,CA3 Granule,23,transition,EC LI II Pyramidal Fan,EC LI II Multipolar Pyramidal,7472.437106847604
maximum_weight_asymmetric_hamiltonian_path,CA3 Granule,24,transition,EC LI II Multipolar Pyramidal,MEC LIII Bipolar Complex Pyramidal,30698.001365671505
maximum_weight_asymmetric_hamiltonian_path,CA3 Granule,25,transition,MEC LIII Bipolar Complex Pyramidal,MEC LII Oblique Pyramidal,129.39404235709722
maximum_weight_asymmetric_hamiltonian_path,CA3 Granule,26,transition,MEC LII Oblique Pyramidal,EC LIII V Bipolar Pyramidal,12.284976246784383
maximum_weight_asymmetric_hamiltonian_path,CA3 Granule,27,transition,EC LIII V Bipolar Pyramidal,LEC LIII Multipolar Principal,1092.637693563088
maximum_weight_asymmetric_hamiltonian_path,CA3 Granule,28,transition,LEC LIII Multipolar Principal,LEC LIII Complex Pyramidal,556.0635991085179
maximum_weight_asymmetric_hamiltonian_path,CA3 Granule,29,transition,LEC LIII Complex Pyramidal,EC LIII Pyramidal Stellate,538.1000722266449
maximum_weight_asymmetric_hamiltonian_path,CA3 Granule,30,transition,EC LIII Pyramidal Stellate,SUB CA1 Projecting Pyramidal,389.79456390732304
maximum_weight_asymmetric_hamiltonian_path,CA3 Granule,31,transition,SUB CA1 Projecting Pyramidal,CA1 Radiatum Giant,8.28772603741471
maximum_weight_asymmetric_hamiltonian_path,CA3 Pyramidal,1,transition,CA3 Pyramidal,CA2 Pyramidal,12467.302061608583
maximum_weight_asymmetric_hamiltonian_path,CA3 Pyramidal,2,transition,CA2 Pyramidal,CA3 Granule,592.9863345985209
maximum_weight_asymmetric_hamiltonian_path,CA3 Pyramidal,3,transition,CA3 Granule,CA3c Pyramidal,2.280811281935155
maximum_weight_asymmetric_hamiltonian_path,CA3 Pyramidal,4,transition,CA3c Pyramidal,SUB CA1 Projecting Pyramidal,1119.4402227874016
maximum_weight_asymmetric_hamiltonian_path,CA3 Pyramidal,5,transition,SUB CA1 Projecting Pyramidal,CA1 Radiatum Giant,8.28772603741471
maximum_weight_asymmetric_hamiltonian_path,CA3 Pyramidal,6,transition,CA1 Radiatum Giant,CA1 Pyramidal,52.52606827667822
maximum_weight_asymmetric_hamiltonian_path,CA3 Pyramidal,7,transition,CA1 Pyramidal,MEC LV VI Pyramidal Polymorphic,13564.64480225756
maximum_weight_asymmetric_hamiltonian_path,CA3 Pyramidal,8,transition,MEC LV VI Pyramidal Polymorphic,EC LV Deep Pyramidal,78.22850736136446
maximum_weight_asymmetric_hamiltonian_path,CA3 Pyramidal,9,transition,EC LV Deep Pyramidal,EC LIV VI Deep Multipolar Principal,326.6081416722669
maximum_weight_asymmetric_hamiltonian_path,CA3 Pyramidal,10,transition,EC LIV VI Deep Multipolar Principal,LEC LVI Multipolar Pyramidal,2246.3636143897743
maximum_weight_asymmetric_hamiltonian_path,CA3 Pyramidal,11,transition,LEC LVI Multipolar Pyramidal,EC LIII V Bipolar Pyramidal,101.04977810289805
maximum_weight_asymmetric_hamiltonian_path,CA3 Pyramidal,12,transition,EC LIII V Bipolar Pyramidal,LEC LIII Multipolar Principal,1092.637693563088
maximum_weight_asymmetric_hamiltonian_path,CA3 Pyramidal,13,transition,LEC LIII Multipolar Principal,LEC LIII Complex Pyramidal,556.0635991085179
maximum_weight_asymmetric_hamiltonian_path,CA3 Pyramidal,14,transition,LEC LIII Complex Pyramidal,EC LIII Pyramidal Stellate,538.1000722266449
maximum_weight_asymmetric_hamiltonian_path,CA3 Pyramidal,15,transition,EC LIII Pyramidal Stellate,EC LIII Pyramidal,241.99019548048847
maximum_weight_asymmetric_hamiltonian_path,CA3 Pyramidal,16,transition,EC LIII Pyramidal,EC LIII Stellate,16.121135143574193
maximum_weight_asymmetric_hamiltonian_path,CA3 Pyramidal,17,transition,EC LIII Stellate,EC LII III Pyramidal Tripolar,69.81600034271409
maximum_weight_asymmetric_hamiltonian_path,CA3 Pyramidal,18,transition,EC LII III Pyramidal Tripolar,MEC LII Stellate,3189.046054691212
maximum_weight_asymmetric_hamiltonian_path,CA3 Pyramidal,19,transition,MEC LII Stellate,MEC LIII Complex Pyramidal,3196.6416341268605
maximum_weight_asymmetric_hamiltonian_path,CA3 Pyramidal,20,transition,MEC LIII Complex Pyramidal,MEC LII Oblique Pyramidal,569.2148212010752
maximum_weight_asymmetric_hamiltonian_path,CA3 Pyramidal,21,transition,MEC LII Oblique Pyramidal,MEC LV Superficial Pyramidal,73.63513359542591
maximum_weight_asymmetric_hamiltonian_path,CA3 Pyramidal,22,transition,MEC LV Superficial Pyramidal,EC LI II Pyramidal Fan,3.037796001788656
maximum_weight_asymmetric_hamiltonian_path,CA3 Pyramidal,23,transition,EC LI II Pyramidal Fan,EC LI II Multipolar Pyramidal,7472.437106847604
maximum_weight_asymmetric_hamiltonian_path,CA3 Pyramidal,24,transition,EC LI II Multipolar Pyramidal,MEC LIII Bipolar Complex Pyramidal,30698.001365671505
maximum_weight_asymmetric_hamiltonian_path,CA3 Pyramidal,25,transition,MEC LIII Bipolar Complex Pyramidal,MEC LII III Pyramidal Multiform,156.10322882603091
maximum_weight_asymmetric_hamiltonian_path,CA3 Pyramidal,26,transition,MEC LII III Pyramidal Multiform,MEC LV Multipolar Pyramidal,750.744376370936
maximum_weight_asymmetric_hamiltonian_path,CA3 Pyramidal,27,transition,MEC LV Multipolar Pyramidal,MEC LV Pyramidal,115.70855122819788
maximum_weight_asymmetric_hamiltonian_path,CA3 Pyramidal,28,transition,MEC LV Pyramidal,DG Granule,9568.736896643586
maximum_weight_asymmetric_hamiltonian_path,CA3 Pyramidal,29,transition,DG Granule,DG Mossy,44908.709978571016
maximum_weight_asymmetric_hamiltonian_path,CA3 Pyramidal,30,transition,DG Mossy,DG Semilunar Granule,50.6486718617241
maximum_weight_asymmetric_hamiltonian_path,CA3 Pyramidal,31,transition,DG Semilunar Granule,DG Hilar Ectopic Granule,4588.842439594102
maximum_weight_asymmetric_hamiltonian_path,CA3c Pyramidal,1,transition,CA3c Pyramidal,SUB CA1 Projecting Pyramidal,1119.4402227874016
maximum_weight_asymmetric_hamiltonian_path,CA3c Pyramidal,2,transition,SUB CA1 Projecting Pyramidal,CA1 Radiatum Giant,8.28772603741471
maximum_weight_asymmetric_hamiltonian_path,CA3c Pyramidal,3,transition,CA1 Radiatum Giant,CA1 Pyramidal,52.52606827667822
maximum_weight_asymmetric_hamiltonian_path,CA3c Pyramidal,4,transition,CA1 Pyramidal,MEC LV VI Pyramidal Polymorphic,13564.64480225756
maximum_weight_asymmetric_hamiltonian_path,CA3c Pyramidal,5,transition,MEC LV VI Pyramidal Polymorphic,EC LV Deep Pyramidal,78.22850736136446
maximum_weight_asymmetric_hamiltonian_path,CA3c Pyramidal,6,transition,EC LV Deep Pyramidal,EC LIV VI Deep Multipolar Principal,326.6081416722669
maximum_weight_asymmetric_hamiltonian_path,CA3c Pyramidal,7,transition,EC LIV VI Deep Multipolar Principal,LEC LVI Multipolar Pyramidal,2246.3636143897743
maximum_weight_asymmetric_hamiltonian_path,CA3c Pyramidal,8,transition,LEC LVI Multipolar Pyramidal,EC LIII V Bipolar Pyramidal,101.04977810289805
maximum_weight_asymmetric_hamiltonian_path,CA3c Pyramidal,9,transition,EC LIII V Bipolar Pyramidal,LEC LIII Multipolar Principal,1092.637693563088
maximum_weight_asymmetric_hamiltonian_path,CA3c Pyramidal,10,transition,LEC LIII Multipolar Principal,LEC LIII Complex Pyramidal,556.0635991085179
maximum_weight_asymmetric_hamiltonian_path,CA3c Pyramidal,11,transition,LEC LIII Complex Pyramidal,EC LIII Pyramidal Stellate,538.1000722266449
maximum_weight_asymmetric_hamiltonian_path,CA3c Pyramidal,12,transition,EC LIII Pyramidal Stellate,EC LIII Pyramidal,241.99019548048847
maximum_weight_asymmetric_hamiltonian_path,CA3c Pyramidal,13,transition,EC LIII Pyramidal,EC LIII Stellate,16.121135143574193
maximum_weight_asymmetric_hamiltonian_path,CA3c Pyramidal,14,transition,EC LIII Stellate,EC LII III Pyramidal Tripolar,69.81600034271409
maximum_weight_asymmetric_hamiltonian_path,CA3c Pyramidal,15,transition,EC LII III Pyramidal Tripolar,MEC LII Stellate,3189.046054691212
maximum_weight_asymmetric_hamiltonian_path,CA3c Pyramidal,16,transition,MEC LII Stellate,MEC LIII Complex Pyramidal,3196.6416341268605
maximum_weight_asymmetric_hamiltonian_path,CA3c Pyramidal,17,transition,MEC LIII Complex Pyramidal,MEC LII Oblique Pyramidal,569.2148212010752
maximum_weight_asymmetric_hamiltonian_path,CA3c Pyramidal,18,transition,MEC LII Oblique Pyramidal,MEC LV Superficial Pyramidal,73.63513359542591
maximum_weight_asymmetric_hamiltonian_path,CA3c Pyramidal,19,transition,MEC LV Superficial Pyramidal,EC LI II Pyramidal Fan,3.037796001788656
maximum_weight_asymmetric_hamiltonian_path,CA3c Pyramidal,20,transition,EC LI II Pyramidal Fan,EC LI II Multipolar Pyramidal,7472.437106847604
maximum_weight_asymmetric_hamiltonian_path,CA3c Pyramidal,21,transition,EC LI II Multipolar Pyramidal,MEC LIII Bipolar Complex Pyramidal,30698.001365671505
maximum_weight_asymmetric_hamiltonian_path,CA3c Pyramidal,22,transition,MEC LIII Bipolar Complex Pyramidal,MEC LII III Pyramidal Multiform,156.10322882603091
maximum_weight_asymmetric_hamiltonian_path,CA3c Pyramidal,23,transition,MEC LII III Pyramidal Multiform,MEC LV Multipolar Pyramidal,750.744376370936
maximum_weight_asymmetric_hamiltonian_path,CA3c Pyramidal,24,transition,MEC LV Multipolar Pyramidal,MEC LV Pyramidal,115.70855122819788
maximum_weight_asymmetric_hamiltonian_path,CA3c Pyramidal,25,transition,MEC LV Pyramidal,DG Granule,9568.736896643586
maximum_weight_asymmetric_hamiltonian_path,CA3c Pyramidal,26,transition,DG Granule,DG Mossy,44908.709978571016
maximum_weight_asymmetric_hamiltonian_path,CA3c Pyramidal,27,transition,DG Mossy,DG Semilunar Granule,50.6486718617241
maximum_weight_asymmetric_hamiltonian_path,CA3c Pyramidal,28,transition,DG Semilunar Granule,DG Hilar Ectopic Granule,4588.842439594102
maximum_weight_asymmetric_hamiltonian_path,CA3c Pyramidal,29,transition,DG Hilar Ectopic Granule,CA3 Pyramidal,0.0133035385226386
maximum_weight_asymmetric_hamiltonian_path,CA3c Pyramidal,30,transition,CA3 Pyramidal,CA2 Pyramidal,12467.302061608583
maximum_weight_asymmetric_hamiltonian_path,CA3c Pyramidal,31,transition,CA2 Pyramidal,CA3 Granule,592.9863345985209
maximum_weight_asymmetric_hamiltonian_path,DG Granule,1,transition,DG Granule,DG Mossy,44908.709978571016
maximum_weight_asymmetric_hamiltonian_path,DG Granule,2,transition,DG Mossy,DG Semilunar Granule,50.6486718617241
maximum_weight_asymmetric_hamiltonian_path,DG Granule,3,transition,DG Semilunar Granule,DG Hilar Ectopic Granule,4588.842439594102
maximum_weight_asymmetric_hamiltonian_path,DG Granule,4,transition,DG Hilar Ectopic Granule,CA3 Pyramidal,0.0133035385226386
maximum_weight_asymmetric_hamiltonian_path,DG Granule,5,transition,CA3 Pyramidal,CA2 Pyramidal,12467.302061608583
maximum_weight_asymmetric_hamiltonian_path,DG Granule,6,transition,CA2 Pyramidal,CA3 Granule,592.9863345985209
maximum_weight_asymmetric_hamiltonian_path,DG Granule,7,transition,CA3 Granule,CA3c Pyramidal,2.280811281935155
maximum_weight_asymmetric_hamiltonian_path,DG Granule,8,transition,CA3c Pyramidal,CA1 Pyramidal,85609.60976338176
maximum_weight_asymmetric_hamiltonian_path,DG Granule,9,transition,CA1 Pyramidal,MEC LV VI Pyramidal Polymorphic,13564.64480225756
maximum_weight_asymmetric_hamiltonian_path,DG Granule,10,transition,MEC LV VI Pyramidal Polymorphic,EC LV Deep Pyramidal,78.22850736136446
maximum_weight_asymmetric_hamiltonian_path,DG Granule,11,transition,EC LV Deep Pyramidal,EC LIV VI Deep Multipolar Principal,326.6081416722669
maximum_weight_asymmetric_hamiltonian_path,DG Granule,12,transition,EC LIV VI Deep Multipolar Principal,LEC LVI Multipolar Pyramidal,2246.3636143897743
maximum_weight_asymmetric_hamiltonian_path,DG Granule,13,transition,LEC LVI Multipolar Pyramidal,EC LII III Pyramidal Tripolar,48.98798814646632
maximum_weight_asymmetric_hamiltonian_path,DG Granule,14,transition,EC LII III Pyramidal Tripolar,EC LIII Stellate,2760.010200610732
maximum_weight_asymmetric_hamiltonian_path,DG Granule,15,transition,EC LIII Stellate,EC LIII Pyramidal,65.42000887199006
maximum_weight_asymmetric_hamiltonian_path,DG Granule,16,transition,EC LIII Pyramidal,MEC LV Pyramidal,12.760099858249111
maximum_weight_asymmetric_hamiltonian_path,DG Granule,17,transition,MEC LV Pyramidal,MEC LIII Complex Pyramidal,1440.789466146968
maximum_weight_asymmetric_hamiltonian_path,DG Granule,18,transition,MEC LIII Complex Pyramidal,MEC LII Stellate,1193.0847203135872
maximum_weight_asymmetric_hamiltonian_path,DG Granule,19,transition,MEC LII Stellate,MEC LII III Pyramidal Multiform,2172.4274626996407
maximum_weight_asymmetric_hamiltonian_path,DG Granule,20,transition,MEC LII III Pyramidal Multiform,MEC LV Multipolar Pyramidal,750.744376370936
maximum_weight_asymmetric_hamiltonian_path,DG Granule,21,transition,MEC LV Multipolar Pyramidal,MEC LV Superficial Pyramidal,138.44761428854213
maximum_weight_asymmetric_hamiltonian_path,DG Granule,22,transition,MEC LV Superficial Pyramidal,EC LI II Pyramidal Fan,3.037796001788656
maximum_weight_asymmetric_hamiltonian_path,DG Granule,23,transition,EC LI II Pyramidal Fan,EC LI II Multipolar Pyramidal,7472.437106847604
maximum_weight_asymmetric_hamiltonian_path,DG Granule,24,transition,EC LI II Multipolar Pyramidal,MEC LIII Bipolar Complex Pyramidal,30698.001365671505
maximum_weight_asymmetric_hamiltonian_path,DG Granule,25,transition,MEC LIII Bipolar Complex Pyramidal,MEC LII Oblique Pyramidal,129.39404235709722
maximum_weight_asymmetric_hamiltonian_path,DG Granule,26,transition,MEC LII Oblique Pyramidal,EC LIII V Bipolar Pyramidal,12.284976246784383
maximum_weight_asymmetric_hamiltonian_path,DG Granule,27,transition,EC LIII V Bipolar Pyramidal,LEC LIII Multipolar Principal,1092.637693563088
maximum_weight_asymmetric_hamiltonian_path,DG Granule,28,transition,LEC LIII Multipolar Principal,LEC LIII Complex Pyramidal,556.0635991085179
maximum_weight_asymmetric_hamiltonian_path,DG Granule,29,transition,LEC LIII Complex Pyramidal,EC LIII Pyramidal Stellate,538.1000722266449
maximum_weight_asymmetric_hamiltonian_path,DG Granule,30,transition,EC LIII Pyramidal Stellate,SUB CA1 Projecting Pyramidal,389.79456390732304
maximum_weight_asymmetric_hamiltonian_path,DG Granule,31,transition,SUB CA1 Projecting Pyramidal,CA1 Radiatum Giant,8.28772603741471
maximum_weight_asymmetric_hamiltonian_path,DG Hilar Ectopic Granule,1,transition,DG Hilar Ectopic Granule,DG Mossy,1.6138578915994803
maximum_weight_asymmetric_hamiltonian_path,DG Hilar Ectopic Granule,2,transition,DG Mossy,DG Semilunar Granule,50.6486718617241
maximum_weight_asymmetric_hamiltonian_path,DG Hilar Ectopic Granule,3,transition,DG Semilunar Granule,DG Granule,488.2288969219253
maximum_weight_asymmetric_hamiltonian_path,DG Hilar Ectopic Granule,4,transition,DG Granule,CA3 Pyramidal,234.86430763410192
maximum_weight_asymmetric_hamiltonian_path,DG Hilar Ectopic Granule,5,transition,CA3 Pyramidal,CA2 Pyramidal,12467.302061608583
maximum_weight_asymmetric_hamiltonian_path,DG Hilar Ectopic Granule,6,transition,CA2 Pyramidal,CA3 Granule,592.9863345985209
maximum_weight_asymmetric_hamiltonian_path,DG Hilar Ectopic Granule,7,transition,CA3 Granule,CA3c Pyramidal,2.280811281935155
maximum_weight_asymmetric_hamiltonian_path,DG Hilar Ectopic Granule,8,transition,CA3c Pyramidal,CA1 Pyramidal,85609.60976338176
maximum_weight_asymmetric_hamiltonian_path,DG Hilar Ectopic Granule,9,transition,CA1 Pyramidal,MEC LV VI Pyramidal Polymorphic,13564.64480225756
maximum_weight_asymmetric_hamiltonian_path,DG Hilar Ectopic Granule,10,transition,MEC LV VI Pyramidal Polymorphic,EC LV Deep Pyramidal,78.22850736136446
maximum_weight_asymmetric_hamiltonian_path,DG Hilar Ectopic Granule,11,transition,EC LV Deep Pyramidal,EC LIV VI Deep Multipolar Principal,326.6081416722669
maximum_weight_asymmetric_hamiltonian_path,DG Hilar Ectopic Granule,12,transition,EC LIV VI Deep Multipolar Principal,LEC LVI Multipolar Pyramidal,2246.3636143897743
maximum_weight_asymmetric_hamiltonian_path,DG Hilar Ectopic Granule,13,transition,LEC LVI Multipolar Pyramidal,EC LII III Pyramidal Tripolar,48.98798814646632
maximum_weight_asymmetric_hamiltonian_path,DG Hilar Ectopic Granule,14,transition,EC LII III Pyramidal Tripolar,EC LIII Stellate,2760.010200610732
maximum_weight_asymmetric_hamiltonian_path,DG Hilar Ectopic Granule,15,transition,EC LIII Stellate,EC LIII Pyramidal,65.42000887199006
maximum_weight_asymmetric_hamiltonian_path,DG Hilar Ectopic Granule,16,transition,EC LIII Pyramidal,MEC LV Pyramidal,12.760099858249111
maximum_weight_asymmetric_hamiltonian_path,DG Hilar Ectopic Granule,17,transition,MEC LV Pyramidal,MEC LIII Complex Pyramidal,1440.789466146968
maximum_weight_asymmetric_hamiltonian_path,DG Hilar Ectopic Granule,18,transition,MEC LIII Complex Pyramidal,MEC LII Stellate,1193.0847203135872
maximum_weight_asymmetric_hamiltonian_path,DG Hilar Ectopic Granule,19,transition,MEC LII Stellate,MEC LII III Pyramidal Multiform,2172.4274626996407
maximum_weight_asymmetric_hamiltonian_path,DG Hilar Ectopic Granule,20,transition,MEC LII III Pyramidal Multiform,MEC LV Multipolar Pyramidal,750.744376370936
maximum_weight_asymmetric_hamiltonian_path,DG Hilar Ectopic Granule,21,transition,MEC LV Multipolar Pyramidal,MEC LV Superficial Pyramidal,138.44761428854213
maximum_weight_asymmetric_hamiltonian_path,DG Hilar Ectopic Granule,22,transition,MEC LV Superficial Pyramidal,EC LI II Pyramidal Fan,3.037796001788656
maximum_weight_asymmetric_hamiltonian_path,DG Hilar Ectopic Granule,23,transition,EC LI II Pyramidal Fan,EC LI II Multipolar Pyramidal,7472.437106847604
maximum_weight_asymmetric_hamiltonian_path,DG Hilar Ectopic Granule,24,transition,EC LI II Multipolar Pyramidal,MEC LIII Bipolar Complex Pyramidal,30698.001365671505
maximum_weight_asymmetric_hamiltonian_path,DG Hilar Ectopic Granule,25,transition,MEC LIII Bipolar Complex Pyramidal,MEC LII Oblique Pyramidal,129.39404235709722
maximum_weight_asymmetric_hamiltonian_path,DG Hilar Ectopic Granule,26,transition,MEC LII Oblique Pyramidal,EC LIII V Bipolar Pyramidal,12.284976246784383
maximum_weight_asymmetric_hamiltonian_path,DG Hilar Ectopic Granule,27,transition,EC LIII V Bipolar Pyramidal,LEC LIII Multipolar Principal,1092.637693563088
maximum_weight_asymmetric_hamiltonian_path,DG Hilar Ectopic Granule,28,transition,LEC LIII Multipolar Principal,LEC LIII Complex Pyramidal,556.0635991085179
maximum_weight_asymmetric_hamiltonian_path,DG Hilar Ectopic Granule,29,transition,LEC LIII Complex Pyramidal,EC LIII Pyramidal Stellate,538.1000722266449
maximum_weight_asymmetric_hamiltonian_path,DG Hilar Ectopic Granule,30,transition,EC LIII Pyramidal Stellate,SUB CA1 Projecting Pyramidal,389.79456390732304
maximum_weight_asymmetric_hamiltonian_path,DG Hilar Ectopic Granule,31,transition,SUB CA1 Projecting Pyramidal,CA1 Radiatum Giant,8.28772603741471
maximum_weight_asymmetric_hamiltonian_path,DG Mossy,1,transition,DG Mossy,DG Semilunar Granule,50.6486718617241
maximum_weight_asymmetric_hamiltonian_path,DG Mossy,2,transition,DG Semilunar Granule,DG Granule,488.2288969219253
maximum_weight_asymmetric_hamiltonian_path,DG Mossy,3,transition,DG Granule,DG Hilar Ectopic Granule,25114.71428869603
maximum_weight_asymmetric_hamiltonian_path,DG Mossy,4,transition,DG Hilar Ectopic Granule,CA3 Pyramidal,0.0133035385226386
maximum_weight_asymmetric_hamiltonian_path,DG Mossy,5,transition,CA3 Pyramidal,CA2 Pyramidal,12467.302061608583
maximum_weight_asymmetric_hamiltonian_path,DG Mossy,6,transition,CA2 Pyramidal,CA3 Granule,592.9863345985209
maximum_weight_asymmetric_hamiltonian_path,DG Mossy,7,transition,CA3 Granule,CA3c Pyramidal,2.280811281935155
maximum_weight_asymmetric_hamiltonian_path,DG Mossy,8,transition,CA3c Pyramidal,CA1 Pyramidal,85609.60976338176
maximum_weight_asymmetric_hamiltonian_path,DG Mossy,9,transition,CA1 Pyramidal,MEC LV VI Pyramidal Polymorphic,13564.64480225756
maximum_weight_asymmetric_hamiltonian_path,DG Mossy,10,transition,MEC LV VI Pyramidal Polymorphic,EC LV Deep Pyramidal,78.22850736136446
maximum_weight_asymmetric_hamiltonian_path,DG Mossy,11,transition,EC LV Deep Pyramidal,EC LIV VI Deep Multipolar Principal,326.6081416722669
maximum_weight_asymmetric_hamiltonian_path,DG Mossy,12,transition,EC LIV VI Deep Multipolar Principal,LEC LVI Multipolar Pyramidal,2246.3636143897743
maximum_weight_asymmetric_hamiltonian_path,DG Mossy,13,transition,LEC LVI Multipolar Pyramidal,EC LII III Pyramidal Tripolar,48.98798814646632
maximum_weight_asymmetric_hamiltonian_path,DG Mossy,14,transition,EC LII III Pyramidal Tripolar,EC LIII Stellate,2760.010200610732
maximum_weight_asymmetric_hamiltonian_path,DG Mossy,15,transition,EC LIII Stellate,EC LIII Pyramidal,65.42000887199006
maximum_weight_asymmetric_hamiltonian_path,DG Mossy,16,transition,EC LIII Pyramidal,MEC LV Pyramidal,12.760099858249111
maximum_weight_asymmetric_hamiltonian_path,DG Mossy,17,transition,MEC LV Pyramidal,MEC LIII Complex Pyramidal,1440.789466146968
maximum_weight_asymmetric_hamiltonian_path,DG Mossy,18,transition,MEC LIII Complex Pyramidal,MEC LII Stellate,1193.0847203135872
maximum_weight_asymmetric_hamiltonian_path,DG Mossy,19,transition,MEC LII Stellate,MEC LII III Pyramidal Multiform,2172.4274626996407
maximum_weight_asymmetric_hamiltonian_path,DG Mossy,20,transition,MEC LII III Pyramidal Multiform,MEC LV Multipolar Pyramidal,750.744376370936
maximum_weight_asymmetric_hamiltonian_path,DG Mossy,21,transition,MEC LV Multipolar Pyramidal,MEC LV Superficial Pyramidal,138.44761428854213
maximum_weight_asymmetric_hamiltonian_path,DG Mossy,22,transition,MEC LV Superficial Pyramidal,EC LI II Pyramidal Fan,3.037796001788656
maximum_weight_asymmetric_hamiltonian_path,DG Mossy,23,transition,EC LI II Pyramidal Fan,EC LI II Multipolar Pyramidal,7472.437106847604
maximum_weight_asymmetric_hamiltonian_path,DG Mossy,24,transition,EC LI II Multipolar Pyramidal,MEC LIII Bipolar Complex Pyramidal,30698.001365671505
maximum_weight_asymmetric_hamiltonian_path,DG Mossy,25,transition,MEC LIII Bipolar Complex Pyramidal,MEC LII Oblique Pyramidal,129.39404235709722
maximum_weight_asymmetric_hamiltonian_path,DG Mossy,26,transition,MEC LII Oblique Pyramidal,EC LIII V Bipolar Pyramidal,12.284976246784383
maximum_weight_asymmetric_hamiltonian_path,DG Mossy,27,transition,EC LIII V Bipolar Pyramidal,LEC LIII Multipolar Principal,1092.637693563088
maximum_weight_asymmetric_hamiltonian_path,DG Mossy,28,transition,LEC LIII Multipolar Principal,LEC LIII Complex Pyramidal,556.0635991085179
maximum_weight_asymmetric_hamiltonian_path,DG Mossy,29,transition,LEC LIII Complex Pyramidal,EC LIII Pyramidal Stellate,538.1000722266449
maximum_weight_asymmetric_hamiltonian_path,DG Mossy,30,transition,EC LIII Pyramidal Stellate,SUB CA1 Projecting Pyramidal,389.79456390732304
maximum_weight_asymmetric_hamiltonian_path,DG Mossy,31,transition,SUB CA1 Projecting Pyramidal,CA1 Radiatum Giant,8.28772603741471
maximum_weight_asymmetric_hamiltonian_path,DG Semilunar Granule,1,transition,DG Semilunar Granule,DG Granule,488.2288969219253
maximum_weight_asymmetric_hamiltonian_path,DG Semilunar Granule,2,transition,DG Granule,DG Mossy,44908.709978571016
maximum_weight_asymmetric_hamiltonian_path,DG Semilunar Granule,3,transition,DG Mossy,DG Hilar Ectopic Granule,2119.754290320353
maximum_weight_asymmetric_hamiltonian_path,DG Semilunar Granule,4,transition,DG Hilar Ectopic Granule,CA3 Pyramidal,0.0133035385226386
maximum_weight_asymmetric_hamiltonian_path,DG Semilunar Granule,5,transition,CA3 Pyramidal,CA2 Pyramidal,12467.302061608583
maximum_weight_asymmetric_hamiltonian_path,DG Semilunar Granule,6,transition,CA2 Pyramidal,CA3 Granule,592.9863345985209
maximum_weight_asymmetric_hamiltonian_path,DG Semilunar Granule,7,transition,CA3 Granule,CA3c Pyramidal,2.280811281935155
maximum_weight_asymmetric_hamiltonian_path,DG Semilunar Granule,8,transition,CA3c Pyramidal,CA1 Pyramidal,85609.60976338176
maximum_weight_asymmetric_hamiltonian_path,DG Semilunar Granule,9,transition,CA1 Pyramidal,MEC LV VI Pyramidal Polymorphic,13564.64480225756
maximum_weight_asymmetric_hamiltonian_path,DG Semilunar Granule,10,transition,MEC LV VI Pyramidal Polymorphic,EC LV Deep Pyramidal,78.22850736136446
maximum_weight_asymmetric_hamiltonian_path,DG Semilunar Granule,11,transition,EC LV Deep Pyramidal,EC LIV VI Deep Multipolar Principal,326.6081416722669
maximum_weight_asymmetric_hamiltonian_path,DG Semilunar Granule,12,transition,EC LIV VI Deep Multipolar Principal,LEC LVI Multipolar Pyramidal,2246.3636143897743
maximum_weight_asymmetric_hamiltonian_path,DG Semilunar Granule,13,transition,LEC LVI Multipolar Pyramidal,EC LII III Pyramidal Tripolar,48.98798814646632
maximum_weight_asymmetric_hamiltonian_path,DG Semilunar Granule,14,transition,EC LII III Pyramidal Tripolar,EC LIII Stellate,2760.010200610732
maximum_weight_asymmetric_hamiltonian_path,DG Semilunar Granule,15,transition,EC LIII Stellate,EC LIII Pyramidal,65.42000887199006
maximum_weight_asymmetric_hamiltonian_path,DG Semilunar Granule,16,transition,EC LIII Pyramidal,MEC LV Pyramidal,12.760099858249111
maximum_weight_asymmetric_hamiltonian_path,DG Semilunar Granule,17,transition,MEC LV Pyramidal,MEC LIII Complex Pyramidal,1440.789466146968
maximum_weight_asymmetric_hamiltonian_path,DG Semilunar Granule,18,transition,MEC LIII Complex Pyramidal,MEC LII Stellate,1193.0847203135872
maximum_weight_asymmetric_hamiltonian_path,DG Semilunar Granule,19,transition,MEC LII Stellate,MEC LII III Pyramidal Multiform,2172.4274626996407
maximum_weight_asymmetric_hamiltonian_path,DG Semilunar Granule,20,transition,MEC LII III Pyramidal Multiform,MEC LV Multipolar Pyramidal,750.744376370936
maximum_weight_asymmetric_hamiltonian_path,DG Semilunar Granule,21,transition,MEC LV Multipolar Pyramidal,MEC LV Superficial Pyramidal,138.44761428854213
maximum_weight_asymmetric_hamiltonian_path,DG Semilunar Granule,22,transition,MEC LV Superficial Pyramidal,EC LI II Pyramidal Fan,3.037796001788656
maximum_weight_asymmetric_hamiltonian_path,DG Semilunar Granule,23,transition,EC LI II Pyramidal Fan,EC LI II Multipolar Pyramidal,7472.437106847604
maximum_weight_asymmetric_hamiltonian_path,DG Semilunar Granule,24,transition,EC LI II Multipolar Pyramidal,MEC LIII Bipolar Complex Pyramidal,30698.001365671505
maximum_weight_asymmetric_hamiltonian_path,DG Semilunar Granule,25,transition,MEC LIII Bipolar Complex Pyramidal,MEC LII Oblique Pyramidal,129.39404235709722
maximum_weight_asymmetric_hamiltonian_path,DG Semilunar Granule,26,transition,MEC LII Oblique Pyramidal,EC LIII V Bipolar Pyramidal,12.284976246784383
maximum_weight_asymmetric_hamiltonian_path,DG Semilunar Granule,27,transition,EC LIII V Bipolar Pyramidal,LEC LIII Multipolar Principal,1092.637693563088
maximum_weight_asymmetric_hamiltonian_path,DG Semilunar Granule,28,transition,LEC LIII Multipolar Principal,LEC LIII Complex Pyramidal,556.0635991085179
maximum_weight_asymmetric_hamiltonian_path,DG Semilunar Granule,29,transition,LEC LIII Complex Pyramidal,EC LIII Pyramidal Stellate,538.1000722266449
maximum_weight_asymmetric_hamiltonian_path,DG Semilunar Granule,30,transition,EC LIII Pyramidal Stellate,SUB CA1 Projecting Pyramidal,389.79456390732304
maximum_weight_asymmetric_hamiltonian_path,DG Semilunar Granule,31,transition,SUB CA1 Projecting Pyramidal,CA1 Radiatum Giant,8.28772603741471
maximum_weight_asymmetric_hamiltonian_path,EC LI II Multipolar Pyramidal,1,transition,EC LI II Multipolar Pyramidal,MEC LIII Bipolar Complex Pyramidal,30698.001365671505
maximum_weight_asymmetric_hamiltonian_path,EC LI II Multipolar Pyramidal,2,transition,MEC LIII Bipolar Complex Pyramidal,MEC LII III Pyramidal Multiform,156.10322882603091
maximum_weight_asymmetric_hamiltonian_path,EC LI II Multipolar Pyramidal,3,transition,MEC LII III Pyramidal Multiform,MEC LV Multipolar Pyramidal,750.744376370936
maximum_weight_asymmetric_hamiltonian_path,EC LI II Multipolar Pyramidal,4,transition,MEC LV Multipolar Pyramidal,MEC LV Superficial Pyramidal,138.44761428854213
maximum_weight_asymmetric_hamiltonian_path,EC LI II Multipolar Pyramidal,5,transition,MEC LV Superficial Pyramidal,EC LI II Pyramidal Fan,3.037796001788656
maximum_weight_asymmetric_hamiltonian_path,EC LI II Multipolar Pyramidal,6,transition,EC LI II Pyramidal Fan,MEC LII Stellate,4889.474401375084
maximum_weight_asymmetric_hamiltonian_path,EC LI II Multipolar Pyramidal,7,transition,MEC LII Stellate,MEC LIII Complex Pyramidal,3196.6416341268605
maximum_weight_asymmetric_hamiltonian_path,EC LI II Multipolar Pyramidal,8,transition,MEC LIII Complex Pyramidal,MEC LII Oblique Pyramidal,569.2148212010752
maximum_weight_asymmetric_hamiltonian_path,EC LI II Multipolar Pyramidal,9,transition,MEC LII Oblique Pyramidal,EC LII III Pyramidal Tripolar,11.97337518907701
maximum_weight_asymmetric_hamiltonian_path,EC LI II Multipolar Pyramidal,10,transition,EC LII III Pyramidal Tripolar,EC LIII Stellate,2760.010200610732
maximum_weight_asymmetric_hamiltonian_path,EC LI II Multipolar Pyramidal,11,transition,EC LIII Stellate,EC LIII Pyramidal,65.42000887199006
maximum_weight_asymmetric_hamiltonian_path,EC LI II Multipolar Pyramidal,12,transition,EC LIII Pyramidal,MEC LV Pyramidal,12.760099858249111
maximum_weight_asymmetric_hamiltonian_path,EC LI II Multipolar Pyramidal,13,transition,MEC LV Pyramidal,DG Granule,9568.736896643586
maximum_weight_asymmetric_hamiltonian_path,EC LI II Multipolar Pyramidal,14,transition,DG Granule,DG Mossy,44908.709978571016
maximum_weight_asymmetric_hamiltonian_path,EC LI II Multipolar Pyramidal,15,transition,DG Mossy,DG Semilunar Granule,50.6486718617241
maximum_weight_asymmetric_hamiltonian_path,EC LI II Multipolar Pyramidal,16,transition,DG Semilunar Granule,DG Hilar Ectopic Granule,4588.842439594102
maximum_weight_asymmetric_hamiltonian_path,EC LI II Multipolar Pyramidal,17,transition,DG Hilar Ectopic Granule,CA3 Pyramidal,0.0133035385226386
maximum_weight_asymmetric_hamiltonian_path,EC LI II Multipolar Pyramidal,18,transition,CA3 Pyramidal,CA2 Pyramidal,12467.302061608583
maximum_weight_asymmetric_hamiltonian_path,EC LI II Multipolar Pyramidal,19,transition,CA2 Pyramidal,CA3 Granule,592.9863345985209
maximum_weight_asymmetric_hamiltonian_path,EC LI II Multipolar Pyramidal,20,transition,CA3 Granule,CA3c Pyramidal,2.280811281935155
maximum_weight_asymmetric_hamiltonian_path,EC LI II Multipolar Pyramidal,21,transition,CA3c Pyramidal,CA1 Pyramidal,85609.60976338176
maximum_weight_asymmetric_hamiltonian_path,EC LI II Multipolar Pyramidal,22,transition,CA1 Pyramidal,MEC LV VI Pyramidal Polymorphic,13564.64480225756
maximum_weight_asymmetric_hamiltonian_path,EC LI II Multipolar Pyramidal,23,transition,MEC LV VI Pyramidal Polymorphic,EC LV Deep Pyramidal,78.22850736136446
maximum_weight_asymmetric_hamiltonian_path,EC LI II Multipolar Pyramidal,24,transition,EC LV Deep Pyramidal,EC LIV VI Deep Multipolar Principal,326.6081416722669
maximum_weight_asymmetric_hamiltonian_path,EC LI II Multipolar Pyramidal,25,transition,EC LIV VI Deep Multipolar Principal,LEC LVI Multipolar Pyramidal,2246.3636143897743
maximum_weight_asymmetric_hamiltonian_path,EC LI II Multipolar Pyramidal,26,transition,LEC LVI Multipolar Pyramidal,EC LIII V Bipolar Pyramidal,101.04977810289805
maximum_weight_asymmetric_hamiltonian_path,EC LI II Multipolar Pyramidal,27,transition,EC LIII V Bipolar Pyramidal,LEC LIII Multipolar Principal,1092.637693563088
maximum_weight_asymmetric_hamiltonian_path,EC LI II Multipolar Pyramidal,28,transition,LEC LIII Multipolar Principal,LEC LIII Complex Pyramidal,556.0635991085179
maximum_weight_asymmetric_hamiltonian_path,EC LI II Multipolar Pyramidal,29,transition,LEC LIII Complex Pyramidal,EC LIII Pyramidal Stellate,538.1000722266449
maximum_weight_asymmetric_hamiltonian_path,EC LI II Multipolar Pyramidal,30,transition,EC LIII Pyramidal Stellate,SUB CA1 Projecting Pyramidal,389.79456390732304
maximum_weight_asymmetric_hamiltonian_path,EC LI II Multipolar Pyramidal,31,transition,SUB CA1 Projecting Pyramidal,CA1 Radiatum Giant,8.28772603741471
maximum_weight_asymmetric_hamiltonian_path,EC LI II Pyramidal Fan,1,transition,EC LI II Pyramidal Fan,EC LI II Multipolar Pyramidal,7472.437106847604
maximum_weight_asymmetric_hamiltonian_path,EC LI II Pyramidal Fan,2,transition,EC LI II Multipolar Pyramidal,MEC LIII Bipolar Complex Pyramidal,30698.001365671505
maximum_weight_asymmetric_hamiltonian_path,EC LI II Pyramidal Fan,3,transition,MEC LIII Bipolar Complex Pyramidal,MEC LII III Pyramidal Multiform,156.10322882603091
maximum_weight_asymmetric_hamiltonian_path,EC LI II Pyramidal Fan,4,transition,MEC LII III Pyramidal Multiform,MEC LV Multipolar Pyramidal,750.744376370936
maximum_weight_asymmetric_hamiltonian_path,EC LI II Pyramidal Fan,5,transition,MEC LV Multipolar Pyramidal,MEC LV Superficial Pyramidal,138.44761428854213
maximum_weight_asymmetric_hamiltonian_path,EC LI II Pyramidal Fan,6,transition,MEC LV Superficial Pyramidal,MEC LV Pyramidal,138.477786593687
maximum_weight_asymmetric_hamiltonian_path,EC LI II Pyramidal Fan,7,transition,MEC LV Pyramidal,DG Granule,9568.736896643586
maximum_weight_asymmetric_hamiltonian_path,EC LI II Pyramidal Fan,8,transition,DG Granule,DG Mossy,44908.709978571016
maximum_weight_asymmetric_hamiltonian_path,EC LI II Pyramidal Fan,9,transition,DG Mossy,DG Semilunar Granule,50.6486718617241
maximum_weight_asymmetric_hamiltonian_path,EC LI II Pyramidal Fan,10,transition,DG Semilunar Granule,DG Hilar Ectopic Granule,4588.842439594102
maximum_weight_asymmetric_hamiltonian_path,EC LI II Pyramidal Fan,11,transition,DG Hilar Ectopic Granule,CA3 Pyramidal,0.0133035385226386
maximum_weight_asymmetric_hamiltonian_path,EC LI II Pyramidal Fan,12,transition,CA3 Pyramidal,CA2 Pyramidal,12467.302061608583
maximum_weight_asymmetric_hamiltonian_path,EC LI II Pyramidal Fan,13,transition,CA2 Pyramidal,CA3 Granule,592.9863345985209
maximum_weight_asymmetric_hamiltonian_path,EC LI II Pyramidal Fan,14,transition,CA3 Granule,CA3c Pyramidal,2.280811281935155
maximum_weight_asymmetric_hamiltonian_path,EC LI II Pyramidal Fan,15,transition,CA3c Pyramidal,CA1 Pyramidal,85609.60976338176
maximum_weight_asymmetric_hamiltonian_path,EC LI II Pyramidal Fan,16,transition,CA1 Pyramidal,MEC LV VI Pyramidal Polymorphic,13564.64480225756
maximum_weight_asymmetric_hamiltonian_path,EC LI II Pyramidal Fan,17,transition,MEC LV VI Pyramidal Polymorphic,EC LV Deep Pyramidal,78.22850736136446
maximum_weight_asymmetric_hamiltonian_path,EC LI II Pyramidal Fan,18,transition,EC LV Deep Pyramidal,EC LIV VI Deep Multipolar Principal,326.6081416722669
maximum_weight_asymmetric_hamiltonian_path,EC LI II Pyramidal Fan,19,transition,EC LIV VI Deep Multipolar Principal,LEC LVI Multipolar Pyramidal,2246.3636143897743
maximum_weight_asymmetric_hamiltonian_path,EC LI II Pyramidal Fan,20,transition,LEC LVI Multipolar Pyramidal,EC LIII Stellate,43.43981399803702
maximum_weight_asymmetric_hamiltonian_path,EC LI II Pyramidal Fan,21,transition,EC LIII Stellate,EC LII III Pyramidal Tripolar,69.81600034271409
maximum_weight_asymmetric_hamiltonian_path,EC LI II Pyramidal Fan,22,transition,EC LII III Pyramidal Tripolar,MEC LII Stellate,3189.046054691212
maximum_weight_asymmetric_hamiltonian_path,EC LI II Pyramidal Fan,23,transition,MEC LII Stellate,MEC LIII Complex Pyramidal,3196.6416341268605
maximum_weight_asymmetric_hamiltonian_path,EC LI II Pyramidal Fan,24,transition,MEC LIII Complex Pyramidal,MEC LII Oblique Pyramidal,569.2148212010752
maximum_weight_asymmetric_hamiltonian_path,EC LI II Pyramidal Fan,25,transition,MEC LII Oblique Pyramidal,EC LIII Pyramidal,11.986703742041488
maximum_weight_asymmetric_hamiltonian_path,EC LI II Pyramidal Fan,26,transition,EC LIII Pyramidal,EC LIII V Bipolar Pyramidal,34.402964559753684
maximum_weight_asymmetric_hamiltonian_path,EC LI II Pyramidal Fan,27,transition,EC LIII V Bipolar Pyramidal,LEC LIII Multipolar Principal,1092.637693563088
maximum_weight_asymmetric_hamiltonian_path,EC LI II Pyramidal Fan,28,transition,LEC LIII Multipolar Principal,LEC LIII Complex Pyramidal,556.0635991085179
maximum_weight_asymmetric_hamiltonian_path,EC LI II Pyramidal Fan,29,transition,LEC LIII Complex Pyramidal,EC LIII Pyramidal Stellate,538.1000722266449
maximum_weight_asymmetric_hamiltonian_path,EC LI II Pyramidal Fan,30,transition,EC LIII Pyramidal Stellate,SUB CA1 Projecting Pyramidal,389.79456390732304
maximum_weight_asymmetric_hamiltonian_path,EC LI II Pyramidal Fan,31,transition,SUB CA1 Projecting Pyramidal,CA1 Radiatum Giant,8.28772603741471
maximum_weight_asymmetric_hamiltonian_path,EC LII III Pyramidal Tripolar,1,transition,EC LII III Pyramidal Tripolar,MEC LII Stellate,3189.046054691212
maximum_weight_asymmetric_hamiltonian_path,EC LII III Pyramidal Tripolar,2,transition,MEC LII Stellate,MEC LIII Complex Pyramidal,3196.6416341268605
maximum_weight_asymmetric_hamiltonian_path,EC LII III Pyramidal Tripolar,3,transition,MEC LIII Complex Pyramidal,MEC LII Oblique Pyramidal,569.2148212010752
maximum_weight_asymmetric_hamiltonian_path,EC LII III Pyramidal Tripolar,4,transition,MEC LII Oblique Pyramidal,MEC LV Superficial Pyramidal,73.63513359542591
maximum_weight_asymmetric_hamiltonian_path,EC LII III Pyramidal Tripolar,5,transition,MEC LV Superficial Pyramidal,EC LI II Pyramidal Fan,3.037796001788656
maximum_weight_asymmetric_hamiltonian_path,EC LII III Pyramidal Tripolar,6,transition,EC LI II Pyramidal Fan,EC LI II Multipolar Pyramidal,7472.437106847604
maximum_weight_asymmetric_hamiltonian_path,EC LII III Pyramidal Tripolar,7,transition,EC LI II Multipolar Pyramidal,MEC LIII Bipolar Complex Pyramidal,30698.001365671505
maximum_weight_asymmetric_hamiltonian_path,EC LII III Pyramidal Tripolar,8,transition,MEC LIII Bipolar Complex Pyramidal,MEC LII III Pyramidal Multiform,156.10322882603091
maximum_weight_asymmetric_hamiltonian_path,EC LII III Pyramidal Tripolar,9,transition,MEC LII III Pyramidal Multiform,MEC LV Multipolar Pyramidal,750.744376370936
maximum_weight_asymmetric_hamiltonian_path,EC LII III Pyramidal Tripolar,10,transition,MEC LV Multipolar Pyramidal,MEC LV Pyramidal,115.70855122819788
maximum_weight_asymmetric_hamiltonian_path,EC LII III Pyramidal Tripolar,11,transition,MEC LV Pyramidal,DG Granule,9568.736896643586
maximum_weight_asymmetric_hamiltonian_path,EC LII III Pyramidal Tripolar,12,transition,DG Granule,DG Mossy,44908.709978571016
maximum_weight_asymmetric_hamiltonian_path,EC LII III Pyramidal Tripolar,13,transition,DG Mossy,DG Semilunar Granule,50.6486718617241
maximum_weight_asymmetric_hamiltonian_path,EC LII III Pyramidal Tripolar,14,transition,DG Semilunar Granule,DG Hilar Ectopic Granule,4588.842439594102
maximum_weight_asymmetric_hamiltonian_path,EC LII III Pyramidal Tripolar,15,transition,DG Hilar Ectopic Granule,CA3 Pyramidal,0.0133035385226386
maximum_weight_asymmetric_hamiltonian_path,EC LII III Pyramidal Tripolar,16,transition,CA3 Pyramidal,CA2 Pyramidal,12467.302061608583
maximum_weight_asymmetric_hamiltonian_path,EC LII III Pyramidal Tripolar,17,transition,CA2 Pyramidal,CA3 Granule,592.9863345985209
maximum_weight_asymmetric_hamiltonian_path,EC LII III Pyramidal Tripolar,18,transition,CA3 Granule,CA3c Pyramidal,2.280811281935155
maximum_weight_asymmetric_hamiltonian_path,EC LII III Pyramidal Tripolar,19,transition,CA3c Pyramidal,CA1 Pyramidal,85609.60976338176
maximum_weight_asymmetric_hamiltonian_path,EC LII III Pyramidal Tripolar,20,transition,CA1 Pyramidal,MEC LV VI Pyramidal Polymorphic,13564.64480225756
maximum_weight_asymmetric_hamiltonian_path,EC LII III Pyramidal Tripolar,21,transition,MEC LV VI Pyramidal Polymorphic,EC LV Deep Pyramidal,78.22850736136446
maximum_weight_asymmetric_hamiltonian_path,EC LII III Pyramidal Tripolar,22,transition,EC LV Deep Pyramidal,EC LIV VI Deep Multipolar Principal,326.6081416722669
maximum_weight_asymmetric_hamiltonian_path,EC LII III Pyramidal Tripolar,23,transition,EC LIV VI Deep Multipolar Principal,LEC LVI Multipolar Pyramidal,2246.3636143897743
maximum_weight_asymmetric_hamiltonian_path,EC LII III Pyramidal Tripolar,24,transition,LEC LVI Multipolar Pyramidal,EC LIII Stellate,43.43981399803702
maximum_weight_asymmetric_hamiltonian_path,EC LII III Pyramidal Tripolar,25,transition,EC LIII Stellate,EC LIII Pyramidal,65.42000887199006
maximum_weight_asymmetric_hamiltonian_path,EC LII III Pyramidal Tripolar,26,transition,EC LIII Pyramidal,EC LIII V Bipolar Pyramidal,34.402964559753684
maximum_weight_asymmetric_hamiltonian_path,EC LII III Pyramidal Tripolar,27,transition,EC LIII V Bipolar Pyramidal,LEC LIII Multipolar Principal,1092.637693563088
maximum_weight_asymmetric_hamiltonian_path,EC LII III Pyramidal Tripolar,28,transition,LEC LIII Multipolar Principal,LEC LIII Complex Pyramidal,556.0635991085179
maximum_weight_asymmetric_hamiltonian_path,EC LII III Pyramidal Tripolar,29,transition,LEC LIII Complex Pyramidal,EC LIII Pyramidal Stellate,538.1000722266449
maximum_weight_asymmetric_hamiltonian_path,EC LII III Pyramidal Tripolar,30,transition,EC LIII Pyramidal Stellate,SUB CA1 Projecting Pyramidal,389.79456390732304
maximum_weight_asymmetric_hamiltonian_path,EC LII III Pyramidal Tripolar,31,transition,SUB CA1 Projecting Pyramidal,CA1 Radiatum Giant,8.28772603741471
maximum_weight_asymmetric_hamiltonian_path,EC LIII Pyramidal,1,transition,EC LIII Pyramidal,EC LIII Stellate,16.121135143574193
maximum_weight_asymmetric_hamiltonian_path,EC LIII Pyramidal,2,transition,EC LIII Stellate,EC LII III Pyramidal Tripolar,69.81600034271409
maximum_weight_asymmetric_hamiltonian_path,EC LIII Pyramidal,3,transition,EC LII III Pyramidal Tripolar,MEC LII Stellate,3189.046054691212
maximum_weight_asymmetric_hamiltonian_path,EC LIII Pyramidal,4,transition,MEC LII Stellate,MEC LIII Complex Pyramidal,3196.6416341268605
maximum_weight_asymmetric_hamiltonian_path,EC LIII Pyramidal,5,transition,MEC LIII Complex Pyramidal,MEC LII Oblique Pyramidal,569.2148212010752
maximum_weight_asymmetric_hamiltonian_path,EC LIII Pyramidal,6,transition,MEC LII Oblique Pyramidal,MEC LV Superficial Pyramidal,73.63513359542591
maximum_weight_asymmetric_hamiltonian_path,EC LIII Pyramidal,7,transition,MEC LV Superficial Pyramidal,EC LI II Pyramidal Fan,3.037796001788656
maximum_weight_asymmetric_hamiltonian_path,EC LIII Pyramidal,8,transition,EC LI II Pyramidal Fan,EC LI II Multipolar Pyramidal,7472.437106847604
maximum_weight_asymmetric_hamiltonian_path,EC LIII Pyramidal,9,transition,EC LI II Multipolar Pyramidal,MEC LIII Bipolar Complex Pyramidal,30698.001365671505
maximum_weight_asymmetric_hamiltonian_path,EC LIII Pyramidal,10,transition,MEC LIII Bipolar Complex Pyramidal,MEC LII III Pyramidal Multiform,156.10322882603091
maximum_weight_asymmetric_hamiltonian_path,EC LIII Pyramidal,11,transition,MEC LII III Pyramidal Multiform,MEC LV Multipolar Pyramidal,750.744376370936
maximum_weight_asymmetric_hamiltonian_path,EC LIII Pyramidal,12,transition,MEC LV Multipolar Pyramidal,MEC LV Pyramidal,115.70855122819788
maximum_weight_asymmetric_hamiltonian_path,EC LIII Pyramidal,13,transition,MEC LV Pyramidal,DG Granule,9568.736896643586
maximum_weight_asymmetric_hamiltonian_path,EC LIII Pyramidal,14,transition,DG Granule,DG Mossy,44908.709978571016
maximum_weight_asymmetric_hamiltonian_path,EC LIII Pyramidal,15,transition,DG Mossy,DG Semilunar Granule,50.6486718617241
maximum_weight_asymmetric_hamiltonian_path,EC LIII Pyramidal,16,transition,DG Semilunar Granule,DG Hilar Ectopic Granule,4588.842439594102
maximum_weight_asymmetric_hamiltonian_path,EC LIII Pyramidal,17,transition,DG Hilar Ectopic Granule,CA3 Pyramidal,0.0133035385226386
maximum_weight_asymmetric_hamiltonian_path,EC LIII Pyramidal,18,transition,CA3 Pyramidal,CA2 Pyramidal,12467.302061608583
maximum_weight_asymmetric_hamiltonian_path,EC LIII Pyramidal,19,transition,CA2 Pyramidal,CA3 Granule,592.9863345985209
maximum_weight_asymmetric_hamiltonian_path,EC LIII Pyramidal,20,transition,CA3 Granule,CA3c Pyramidal,2.280811281935155
maximum_weight_asymmetric_hamiltonian_path,EC LIII Pyramidal,21,transition,CA3c Pyramidal,CA1 Pyramidal,85609.60976338176
maximum_weight_asymmetric_hamiltonian_path,EC LIII Pyramidal,22,transition,CA1 Pyramidal,MEC LV VI Pyramidal Polymorphic,13564.64480225756
maximum_weight_asymmetric_hamiltonian_path,EC LIII Pyramidal,23,transition,MEC LV VI Pyramidal Polymorphic,EC LV Deep Pyramidal,78.22850736136446
maximum_weight_asymmetric_hamiltonian_path,EC LIII Pyramidal,24,transition,EC LV Deep Pyramidal,EC LIV VI Deep Multipolar Principal,326.6081416722669
maximum_weight_asymmetric_hamiltonian_path,EC LIII Pyramidal,25,transition,EC LIV VI Deep Multipolar Principal,LEC LVI Multipolar Pyramidal,2246.3636143897743
maximum_weight_asymmetric_hamiltonian_path,EC LIII Pyramidal,26,transition,LEC LVI Multipolar Pyramidal,EC LIII V Bipolar Pyramidal,101.04977810289805
maximum_weight_asymmetric_hamiltonian_path,EC LIII Pyramidal,27,transition,EC LIII V Bipolar Pyramidal,LEC LIII Multipolar Principal,1092.637693563088
maximum_weight_asymmetric_hamiltonian_path,EC LIII Pyramidal,28,transition,LEC LIII Multipolar Principal,LEC LIII Complex Pyramidal,556.0635991085179
maximum_weight_asymmetric_hamiltonian_path,EC LIII Pyramidal,29,transition,LEC LIII Complex Pyramidal,EC LIII Pyramidal Stellate,538.1000722266449
maximum_weight_asymmetric_hamiltonian_path,EC LIII Pyramidal,30,transition,EC LIII Pyramidal Stellate,SUB CA1 Projecting Pyramidal,389.79456390732304
maximum_weight_asymmetric_hamiltonian_path,EC LIII Pyramidal,31,transition,SUB CA1 Projecting Pyramidal,CA1 Radiatum Giant,8.28772603741471
maximum_weight_asymmetric_hamiltonian_path,EC LIII Pyramidal Stellate,1,transition,EC LIII Pyramidal Stellate,EC LII III Pyramidal Tripolar,254.6407583376596
maximum_weight_asymmetric_hamiltonian_path,EC LIII Pyramidal Stellate,2,transition,EC LII III Pyramidal Tripolar,MEC LII Stellate,3189.046054691212
maximum_weight_asymmetric_hamiltonian_path,EC LIII Pyramidal Stellate,3,transition,MEC LII Stellate,MEC LIII Complex Pyramidal,3196.6416341268605
maximum_weight_asymmetric_hamiltonian_path,EC LIII Pyramidal Stellate,4,transition,MEC LIII Complex Pyramidal,MEC LII Oblique Pyramidal,569.2148212010752
maximum_weight_asymmetric_hamiltonian_path,EC LIII Pyramidal Stellate,5,transition,MEC LII Oblique Pyramidal,MEC LV Superficial Pyramidal,73.63513359542591
maximum_weight_asymmetric_hamiltonian_path,EC LIII Pyramidal Stellate,6,transition,MEC LV Superficial Pyramidal,EC LI II Pyramidal Fan,3.037796001788656
maximum_weight_asymmetric_hamiltonian_path,EC LIII Pyramidal Stellate,7,transition,EC LI II Pyramidal Fan,EC LI II Multipolar Pyramidal,7472.437106847604
maximum_weight_asymmetric_hamiltonian_path,EC LIII Pyramidal Stellate,8,transition,EC LI II Multipolar Pyramidal,MEC LIII Bipolar Complex Pyramidal,30698.001365671505
maximum_weight_asymmetric_hamiltonian_path,EC LIII Pyramidal Stellate,9,transition,MEC LIII Bipolar Complex Pyramidal,MEC LII III Pyramidal Multiform,156.10322882603091
maximum_weight_asymmetric_hamiltonian_path,EC LIII Pyramidal Stellate,10,transition,MEC LII III Pyramidal Multiform,MEC LV Multipolar Pyramidal,750.744376370936
maximum_weight_asymmetric_hamiltonian_path,EC LIII Pyramidal Stellate,11,transition,MEC LV Multipolar Pyramidal,MEC LV Pyramidal,115.70855122819788
maximum_weight_asymmetric_hamiltonian_path,EC LIII Pyramidal Stellate,12,transition,MEC LV Pyramidal,DG Granule,9568.736896643586
maximum_weight_asymmetric_hamiltonian_path,EC LIII Pyramidal Stellate,13,transition,DG Granule,DG Mossy,44908.709978571016
maximum_weight_asymmetric_hamiltonian_path,EC LIII Pyramidal Stellate,14,transition,DG Mossy,DG Semilunar Granule,50.6486718617241
maximum_weight_asymmetric_hamiltonian_path,EC LIII Pyramidal Stellate,15,transition,DG Semilunar Granule,DG Hilar Ectopic Granule,4588.842439594102
maximum_weight_asymmetric_hamiltonian_path,EC LIII Pyramidal Stellate,16,transition,DG Hilar Ectopic Granule,CA3 Pyramidal,0.0133035385226386
maximum_weight_asymmetric_hamiltonian_path,EC LIII Pyramidal Stellate,17,transition,CA3 Pyramidal,CA2 Pyramidal,12467.302061608583
maximum_weight_asymmetric_hamiltonian_path,EC LIII Pyramidal Stellate,18,transition,CA2 Pyramidal,CA3 Granule,592.9863345985209
maximum_weight_asymmetric_hamiltonian_path,EC LIII Pyramidal Stellate,19,transition,CA3 Granule,CA3c Pyramidal,2.280811281935155
maximum_weight_asymmetric_hamiltonian_path,EC LIII Pyramidal Stellate,20,transition,CA3c Pyramidal,CA1 Pyramidal,85609.60976338176
maximum_weight_asymmetric_hamiltonian_path,EC LIII Pyramidal Stellate,21,transition,CA1 Pyramidal,MEC LV VI Pyramidal Polymorphic,13564.64480225756
maximum_weight_asymmetric_hamiltonian_path,EC LIII Pyramidal Stellate,22,transition,MEC LV VI Pyramidal Polymorphic,EC LV Deep Pyramidal,78.22850736136446
maximum_weight_asymmetric_hamiltonian_path,EC LIII Pyramidal Stellate,23,transition,EC LV Deep Pyramidal,EC LIV VI Deep Multipolar Principal,326.6081416722669
maximum_weight_asymmetric_hamiltonian_path,EC LIII Pyramidal Stellate,24,transition,EC LIV VI Deep Multipolar Principal,LEC LVI Multipolar Pyramidal,2246.3636143897743
maximum_weight_asymmetric_hamiltonian_path,EC LIII Pyramidal Stellate,25,transition,LEC LVI Multipolar Pyramidal,EC LIII V Bipolar Pyramidal,101.04977810289805
maximum_weight_asymmetric_hamiltonian_path,EC LIII Pyramidal Stellate,26,transition,EC LIII V Bipolar Pyramidal,LEC LIII Multipolar Principal,1092.637693563088
maximum_weight_asymmetric_hamiltonian_path,EC LIII Pyramidal Stellate,27,transition,LEC LIII Multipolar Principal,LEC LIII Complex Pyramidal,556.0635991085179
maximum_weight_asymmetric_hamiltonian_path,EC LIII Pyramidal Stellate,28,transition,LEC LIII Complex Pyramidal,EC LIII Stellate,422.07977447495017
maximum_weight_asymmetric_hamiltonian_path,EC LIII Pyramidal Stellate,29,transition,EC LIII Stellate,EC LIII Pyramidal,65.42000887199006
maximum_weight_asymmetric_hamiltonian_path,EC LIII Pyramidal Stellate,30,transition,EC LIII Pyramidal,SUB CA1 Projecting Pyramidal,28.96152097793103
maximum_weight_asymmetric_hamiltonian_path,EC LIII Pyramidal Stellate,31,transition,SUB CA1 Projecting Pyramidal,CA1 Radiatum Giant,8.28772603741471
maximum_weight_asymmetric_hamiltonian_path,EC LIII Stellate,1,transition,EC LIII Stellate,EC LIII Pyramidal,65.42000887199006
maximum_weight_asymmetric_hamiltonian_path,EC LIII Stellate,2,transition,EC LIII Pyramidal,EC LII III Pyramidal Tripolar,18.60625677457176
maximum_weight_asymmetric_hamiltonian_path,EC LIII Stellate,3,transition,EC LII III Pyramidal Tripolar,MEC LII Stellate,3189.046054691212
maximum_weight_asymmetric_hamiltonian_path,EC LIII Stellate,4,transition,MEC LII Stellate,MEC LIII Complex Pyramidal,3196.6416341268605
maximum_weight_asymmetric_hamiltonian_path,EC LIII Stellate,5,transition,MEC LIII Complex Pyramidal,MEC LII Oblique Pyramidal,569.2148212010752
maximum_weight_asymmetric_hamiltonian_path,EC LIII Stellate,6,transition,MEC LII Oblique Pyramidal,MEC LV Superficial Pyramidal,73.63513359542591
maximum_weight_asymmetric_hamiltonian_path,EC LIII Stellate,7,transition,MEC LV Superficial Pyramidal,EC LI II Pyramidal Fan,3.037796001788656
maximum_weight_asymmetric_hamiltonian_path,EC LIII Stellate,8,transition,EC LI II Pyramidal Fan,EC LI II Multipolar Pyramidal,7472.437106847604
maximum_weight_asymmetric_hamiltonian_path,EC LIII Stellate,9,transition,EC LI II Multipolar Pyramidal,MEC LIII Bipolar Complex Pyramidal,30698.001365671505
maximum_weight_asymmetric_hamiltonian_path,EC LIII Stellate,10,transition,MEC LIII Bipolar Complex Pyramidal,MEC LII III Pyramidal Multiform,156.10322882603091
maximum_weight_asymmetric_hamiltonian_path,EC LIII Stellate,11,transition,MEC LII III Pyramidal Multiform,MEC LV Multipolar Pyramidal,750.744376370936
maximum_weight_asymmetric_hamiltonian_path,EC LIII Stellate,12,transition,MEC LV Multipolar Pyramidal,MEC LV Pyramidal,115.70855122819788
maximum_weight_asymmetric_hamiltonian_path,EC LIII Stellate,13,transition,MEC LV Pyramidal,DG Granule,9568.736896643586
maximum_weight_asymmetric_hamiltonian_path,EC LIII Stellate,14,transition,DG Granule,DG Mossy,44908.709978571016
maximum_weight_asymmetric_hamiltonian_path,EC LIII Stellate,15,transition,DG Mossy,DG Semilunar Granule,50.6486718617241
maximum_weight_asymmetric_hamiltonian_path,EC LIII Stellate,16,transition,DG Semilunar Granule,DG Hilar Ectopic Granule,4588.842439594102
maximum_weight_asymmetric_hamiltonian_path,EC LIII Stellate,17,transition,DG Hilar Ectopic Granule,CA3 Pyramidal,0.0133035385226386
maximum_weight_asymmetric_hamiltonian_path,EC LIII Stellate,18,transition,CA3 Pyramidal,CA2 Pyramidal,12467.302061608583
maximum_weight_asymmetric_hamiltonian_path,EC LIII Stellate,19,transition,CA2 Pyramidal,CA3 Granule,592.9863345985209
maximum_weight_asymmetric_hamiltonian_path,EC LIII Stellate,20,transition,CA3 Granule,CA3c Pyramidal,2.280811281935155
maximum_weight_asymmetric_hamiltonian_path,EC LIII Stellate,21,transition,CA3c Pyramidal,CA1 Pyramidal,85609.60976338176
maximum_weight_asymmetric_hamiltonian_path,EC LIII Stellate,22,transition,CA1 Pyramidal,MEC LV VI Pyramidal Polymorphic,13564.64480225756
maximum_weight_asymmetric_hamiltonian_path,EC LIII Stellate,23,transition,MEC LV VI Pyramidal Polymorphic,EC LV Deep Pyramidal,78.22850736136446
maximum_weight_asymmetric_hamiltonian_path,EC LIII Stellate,24,transition,EC LV Deep Pyramidal,EC LIV VI Deep Multipolar Principal,326.6081416722669
maximum_weight_asymmetric_hamiltonian_path,EC LIII Stellate,25,transition,EC LIV VI Deep Multipolar Principal,LEC LVI Multipolar Pyramidal,2246.3636143897743
maximum_weight_asymmetric_hamiltonian_path,EC LIII Stellate,26,transition,LEC LVI Multipolar Pyramidal,EC LIII V Bipolar Pyramidal,101.04977810289805
maximum_weight_asymmetric_hamiltonian_path,EC LIII Stellate,27,transition,EC LIII V Bipolar Pyramidal,LEC LIII Multipolar Principal,1092.637693563088
maximum_weight_asymmetric_hamiltonian_path,EC LIII Stellate,28,transition,LEC LIII Multipolar Principal,LEC LIII Complex Pyramidal,556.0635991085179
maximum_weight_asymmetric_hamiltonian_path,EC LIII Stellate,29,transition,LEC LIII Complex Pyramidal,EC LIII Pyramidal Stellate,538.1000722266449
maximum_weight_asymmetric_hamiltonian_path,EC LIII Stellate,30,transition,EC LIII Pyramidal Stellate,SUB CA1 Projecting Pyramidal,389.79456390732304
maximum_weight_asymmetric_hamiltonian_path,EC LIII Stellate,31,transition,SUB CA1 Projecting Pyramidal,CA1 Radiatum Giant,8.28772603741471
maximum_weight_asymmetric_hamiltonian_path,EC LIII V Bipolar Pyramidal,1,transition,EC LIII V Bipolar Pyramidal,LEC LIII Multipolar Principal,1092.637693563088
maximum_weight_asymmetric_hamiltonian_path,EC LIII V Bipolar Pyramidal,2,transition,LEC LIII Multipolar Principal,EC LIII Stellate,407.20715251546153
maximum_weight_asymmetric_hamiltonian_path,EC LIII V Bipolar Pyramidal,3,transition,EC LIII Stellate,EC LIII Pyramidal,65.42000887199006
maximum_weight_asymmetric_hamiltonian_path,EC LIII V Bipolar Pyramidal,4,transition,EC LIII Pyramidal,EC LII III Pyramidal Tripolar,18.60625677457176
maximum_weight_asymmetric_hamiltonian_path,EC LIII V Bipolar Pyramidal,5,transition,EC LII III Pyramidal Tripolar,MEC LII Stellate,3189.046054691212
maximum_weight_asymmetric_hamiltonian_path,EC LIII V Bipolar Pyramidal,6,transition,MEC LII Stellate,MEC LIII Complex Pyramidal,3196.6416341268605
maximum_weight_asymmetric_hamiltonian_path,EC LIII V Bipolar Pyramidal,7,transition,MEC LIII Complex Pyramidal,MEC LII Oblique Pyramidal,569.2148212010752
maximum_weight_asymmetric_hamiltonian_path,EC LIII V Bipolar Pyramidal,8,transition,MEC LII Oblique Pyramidal,MEC LV Superficial Pyramidal,73.63513359542591
maximum_weight_asymmetric_hamiltonian_path,EC LIII V Bipolar Pyramidal,9,transition,MEC LV Superficial Pyramidal,EC LI II Pyramidal Fan,3.037796001788656
maximum_weight_asymmetric_hamiltonian_path,EC LIII V Bipolar Pyramidal,10,transition,EC LI II Pyramidal Fan,EC LI II Multipolar Pyramidal,7472.437106847604
maximum_weight_asymmetric_hamiltonian_path,EC LIII V Bipolar Pyramidal,11,transition,EC LI II Multipolar Pyramidal,MEC LIII Bipolar Complex Pyramidal,30698.001365671505
maximum_weight_asymmetric_hamiltonian_path,EC LIII V Bipolar Pyramidal,12,transition,MEC LIII Bipolar Complex Pyramidal,MEC LII III Pyramidal Multiform,156.10322882603091
maximum_weight_asymmetric_hamiltonian_path,EC LIII V Bipolar Pyramidal,13,transition,MEC LII III Pyramidal Multiform,MEC LV Multipolar Pyramidal,750.744376370936
maximum_weight_asymmetric_hamiltonian_path,EC LIII V Bipolar Pyramidal,14,transition,MEC LV Multipolar Pyramidal,MEC LV Pyramidal,115.70855122819788
maximum_weight_asymmetric_hamiltonian_path,EC LIII V Bipolar Pyramidal,15,transition,MEC LV Pyramidal,DG Granule,9568.736896643586
maximum_weight_asymmetric_hamiltonian_path,EC LIII V Bipolar Pyramidal,16,transition,DG Granule,DG Mossy,44908.709978571016
maximum_weight_asymmetric_hamiltonian_path,EC LIII V Bipolar Pyramidal,17,transition,DG Mossy,DG Semilunar Granule,50.6486718617241
maximum_weight_asymmetric_hamiltonian_path,EC LIII V Bipolar Pyramidal,18,transition,DG Semilunar Granule,DG Hilar Ectopic Granule,4588.842439594102
maximum_weight_asymmetric_hamiltonian_path,EC LIII V Bipolar Pyramidal,19,transition,DG Hilar Ectopic Granule,CA3 Pyramidal,0.0133035385226386
maximum_weight_asymmetric_hamiltonian_path,EC LIII V Bipolar Pyramidal,20,transition,CA3 Pyramidal,CA2 Pyramidal,12467.302061608583
maximum_weight_asymmetric_hamiltonian_path,EC LIII V Bipolar Pyramidal,21,transition,CA2 Pyramidal,CA3 Granule,592.9863345985209
maximum_weight_asymmetric_hamiltonian_path,EC LIII V Bipolar Pyramidal,22,transition,CA3 Granule,CA3c Pyramidal,2.280811281935155
maximum_weight_asymmetric_hamiltonian_path,EC LIII V Bipolar Pyramidal,23,transition,CA3c Pyramidal,CA1 Pyramidal,85609.60976338176
maximum_weight_asymmetric_hamiltonian_path,EC LIII V Bipolar Pyramidal,24,transition,CA1 Pyramidal,MEC LV VI Pyramidal Polymorphic,13564.64480225756
maximum_weight_asymmetric_hamiltonian_path,EC LIII V Bipolar Pyramidal,25,transition,MEC LV VI Pyramidal Polymorphic,EC LV Deep Pyramidal,78.22850736136446
maximum_weight_asymmetric_hamiltonian_path,EC LIII V Bipolar Pyramidal,26,transition,EC LV Deep Pyramidal,EC LIV VI Deep Multipolar Principal,326.6081416722669
maximum_weight_asymmetric_hamiltonian_path,EC LIII V Bipolar Pyramidal,27,transition,EC LIV VI Deep Multipolar Principal,LEC LVI Multipolar Pyramidal,2246.3636143897743
maximum_weight_asymmetric_hamiltonian_path,EC LIII V Bipolar Pyramidal,28,transition,LEC LVI Multipolar Pyramidal,LEC LIII Complex Pyramidal,175.93242994355498
maximum_weight_asymmetric_hamiltonian_path,EC LIII V Bipolar Pyramidal,29,transition,LEC LIII Complex Pyramidal,EC LIII Pyramidal Stellate,538.1000722266449
maximum_weight_asymmetric_hamiltonian_path,EC LIII V Bipolar Pyramidal,30,transition,EC LIII Pyramidal Stellate,SUB CA1 Projecting Pyramidal,389.79456390732304
maximum_weight_asymmetric_hamiltonian_path,EC LIII V Bipolar Pyramidal,31,transition,SUB CA1 Projecting Pyramidal,CA1 Radiatum Giant,8.28772603741471
maximum_weight_asymmetric_hamiltonian_path,EC LIV VI Deep Multipolar Principal,1,transition,EC LIV VI Deep Multipolar Principal,LEC LVI Multipolar Pyramidal,2246.3636143897743
maximum_weight_asymmetric_hamiltonian_path,EC LIV VI Deep Multipolar Principal,2,transition,LEC LVI Multipolar Pyramidal,EC LIII Pyramidal,46.10204179653461
maximum_weight_asymmetric_hamiltonian_path,EC LIV VI Deep Multipolar Principal,3,transition,EC LIII Pyramidal,EC LIII Stellate,16.121135143574193
maximum_weight_asymmetric_hamiltonian_path,EC LIV VI Deep Multipolar Principal,4,transition,EC LIII Stellate,EC LII III Pyramidal Tripolar,69.81600034271409
maximum_weight_asymmetric_hamiltonian_path,EC LIV VI Deep Multipolar Principal,5,transition,EC LII III Pyramidal Tripolar,MEC LII Stellate,3189.046054691212
maximum_weight_asymmetric_hamiltonian_path,EC LIV VI Deep Multipolar Principal,6,transition,MEC LII Stellate,MEC LIII Complex Pyramidal,3196.6416341268605
maximum_weight_asymmetric_hamiltonian_path,EC LIV VI Deep Multipolar Principal,7,transition,MEC LIII Complex Pyramidal,MEC LII Oblique Pyramidal,569.2148212010752
maximum_weight_asymmetric_hamiltonian_path,EC LIV VI Deep Multipolar Principal,8,transition,MEC LII Oblique Pyramidal,MEC LV Superficial Pyramidal,73.63513359542591
maximum_weight_asymmetric_hamiltonian_path,EC LIV VI Deep Multipolar Principal,9,transition,MEC LV Superficial Pyramidal,EC LI II Pyramidal Fan,3.037796001788656
maximum_weight_asymmetric_hamiltonian_path,EC LIV VI Deep Multipolar Principal,10,transition,EC LI II Pyramidal Fan,EC LI II Multipolar Pyramidal,7472.437106847604
maximum_weight_asymmetric_hamiltonian_path,EC LIV VI Deep Multipolar Principal,11,transition,EC LI II Multipolar Pyramidal,MEC LIII Bipolar Complex Pyramidal,30698.001365671505
maximum_weight_asymmetric_hamiltonian_path,EC LIV VI Deep Multipolar Principal,12,transition,MEC LIII Bipolar Complex Pyramidal,MEC LII III Pyramidal Multiform,156.10322882603091
maximum_weight_asymmetric_hamiltonian_path,EC LIV VI Deep Multipolar Principal,13,transition,MEC LII III Pyramidal Multiform,MEC LV Multipolar Pyramidal,750.744376370936
maximum_weight_asymmetric_hamiltonian_path,EC LIV VI Deep Multipolar Principal,14,transition,MEC LV Multipolar Pyramidal,MEC LV Pyramidal,115.70855122819788
maximum_weight_asymmetric_hamiltonian_path,EC LIV VI Deep Multipolar Principal,15,transition,MEC LV Pyramidal,DG Granule,9568.736896643586
maximum_weight_asymmetric_hamiltonian_path,EC LIV VI Deep Multipolar Principal,16,transition,DG Granule,DG Mossy,44908.709978571016
maximum_weight_asymmetric_hamiltonian_path,EC LIV VI Deep Multipolar Principal,17,transition,DG Mossy,DG Semilunar Granule,50.6486718617241
maximum_weight_asymmetric_hamiltonian_path,EC LIV VI Deep Multipolar Principal,18,transition,DG Semilunar Granule,DG Hilar Ectopic Granule,4588.842439594102
maximum_weight_asymmetric_hamiltonian_path,EC LIV VI Deep Multipolar Principal,19,transition,DG Hilar Ectopic Granule,CA3 Pyramidal,0.0133035385226386
maximum_weight_asymmetric_hamiltonian_path,EC LIV VI Deep Multipolar Principal,20,transition,CA3 Pyramidal,CA2 Pyramidal,12467.302061608583
maximum_weight_asymmetric_hamiltonian_path,EC LIV VI Deep Multipolar Principal,21,transition,CA2 Pyramidal,CA3 Granule,592.9863345985209
maximum_weight_asymmetric_hamiltonian_path,EC LIV VI Deep Multipolar Principal,22,transition,CA3 Granule,CA3c Pyramidal,2.280811281935155
maximum_weight_asymmetric_hamiltonian_path,EC LIV VI Deep Multipolar Principal,23,transition,CA3c Pyramidal,CA1 Pyramidal,85609.60976338176
maximum_weight_asymmetric_hamiltonian_path,EC LIV VI Deep Multipolar Principal,24,transition,CA1 Pyramidal,MEC LV VI Pyramidal Polymorphic,13564.64480225756
maximum_weight_asymmetric_hamiltonian_path,EC LIV VI Deep Multipolar Principal,25,transition,MEC LV VI Pyramidal Polymorphic,EC LV Deep Pyramidal,78.22850736136446
maximum_weight_asymmetric_hamiltonian_path,EC LIV VI Deep Multipolar Principal,26,transition,EC LV Deep Pyramidal,EC LIII V Bipolar Pyramidal,180.4005489546849
maximum_weight_asymmetric_hamiltonian_path,EC LIV VI Deep Multipolar Principal,27,transition,EC LIII V Bipolar Pyramidal,LEC LIII Multipolar Principal,1092.637693563088
maximum_weight_asymmetric_hamiltonian_path,EC LIV VI Deep Multipolar Principal,28,transition,LEC LIII Multipolar Principal,LEC LIII Complex Pyramidal,556.0635991085179
maximum_weight_asymmetric_hamiltonian_path,EC LIV VI Deep Multipolar Principal,29,transition,LEC LIII Complex Pyramidal,EC LIII Pyramidal Stellate,538.1000722266449
maximum_weight_asymmetric_hamiltonian_path,EC LIV VI Deep Multipolar Principal,30,transition,EC LIII Pyramidal Stellate,SUB CA1 Projecting Pyramidal,389.79456390732304
maximum_weight_asymmetric_hamiltonian_path,EC LIV VI Deep Multipolar Principal,31,transition,SUB CA1 Projecting Pyramidal,CA1 Radiatum Giant,8.28772603741471
maximum_weight_asymmetric_hamiltonian_path,EC LV Deep Pyramidal,1,transition,EC LV Deep Pyramidal,EC LIII V Bipolar Pyramidal,180.4005489546849
maximum_weight_asymmetric_hamiltonian_path,EC LV Deep Pyramidal,2,transition,EC LIII V Bipolar Pyramidal,LEC LIII Multipolar Principal,1092.637693563088
maximum_weight_asymmetric_hamiltonian_path,EC LV Deep Pyramidal,3,transition,LEC LIII Multipolar Principal,EC LIII Stellate,407.20715251546153
maximum_weight_asymmetric_hamiltonian_path,EC LV Deep Pyramidal,4,transition,EC LIII Stellate,EC LIII Pyramidal,65.42000887199006
maximum_weight_asymmetric_hamiltonian_path,EC LV Deep Pyramidal,5,transition,EC LIII Pyramidal,EC LII III Pyramidal Tripolar,18.60625677457176
maximum_weight_asymmetric_hamiltonian_path,EC LV Deep Pyramidal,6,transition,EC LII III Pyramidal Tripolar,MEC LII Stellate,3189.046054691212
maximum_weight_asymmetric_hamiltonian_path,EC LV Deep Pyramidal,7,transition,MEC LII Stellate,MEC LIII Complex Pyramidal,3196.6416341268605
maximum_weight_asymmetric_hamiltonian_path,EC LV Deep Pyramidal,8,transition,MEC LIII Complex Pyramidal,MEC LII Oblique Pyramidal,569.2148212010752
maximum_weight_asymmetric_hamiltonian_path,EC LV Deep Pyramidal,9,transition,MEC LII Oblique Pyramidal,MEC LV Superficial Pyramidal,73.63513359542591
maximum_weight_asymmetric_hamiltonian_path,EC LV Deep Pyramidal,10,transition,MEC LV Superficial Pyramidal,EC LI II Pyramidal Fan,3.037796001788656
maximum_weight_asymmetric_hamiltonian_path,EC LV Deep Pyramidal,11,transition,EC LI II Pyramidal Fan,EC LI II Multipolar Pyramidal,7472.437106847604
maximum_weight_asymmetric_hamiltonian_path,EC LV Deep Pyramidal,12,transition,EC LI II Multipolar Pyramidal,MEC LIII Bipolar Complex Pyramidal,30698.001365671505
maximum_weight_asymmetric_hamiltonian_path,EC LV Deep Pyramidal,13,transition,MEC LIII Bipolar Complex Pyramidal,MEC LII III Pyramidal Multiform,156.10322882603091
maximum_weight_asymmetric_hamiltonian_path,EC LV Deep Pyramidal,14,transition,MEC LII III Pyramidal Multiform,MEC LV Multipolar Pyramidal,750.744376370936
maximum_weight_asymmetric_hamiltonian_path,EC LV Deep Pyramidal,15,transition,MEC LV Multipolar Pyramidal,MEC LV Pyramidal,115.70855122819788
maximum_weight_asymmetric_hamiltonian_path,EC LV Deep Pyramidal,16,transition,MEC LV Pyramidal,DG Granule,9568.736896643586
maximum_weight_asymmetric_hamiltonian_path,EC LV Deep Pyramidal,17,transition,DG Granule,DG Mossy,44908.709978571016
maximum_weight_asymmetric_hamiltonian_path,EC LV Deep Pyramidal,18,transition,DG Mossy,DG Semilunar Granule,50.6486718617241
maximum_weight_asymmetric_hamiltonian_path,EC LV Deep Pyramidal,19,transition,DG Semilunar Granule,DG Hilar Ectopic Granule,4588.842439594102
maximum_weight_asymmetric_hamiltonian_path,EC LV Deep Pyramidal,20,transition,DG Hilar Ectopic Granule,CA3 Pyramidal,0.0133035385226386
maximum_weight_asymmetric_hamiltonian_path,EC LV Deep Pyramidal,21,transition,CA3 Pyramidal,CA2 Pyramidal,12467.302061608583
maximum_weight_asymmetric_hamiltonian_path,EC LV Deep Pyramidal,22,transition,CA2 Pyramidal,CA3 Granule,592.9863345985209
maximum_weight_asymmetric_hamiltonian_path,EC LV Deep Pyramidal,23,transition,CA3 Granule,CA3c Pyramidal,2.280811281935155
maximum_weight_asymmetric_hamiltonian_path,EC LV Deep Pyramidal,24,transition,CA3c Pyramidal,CA1 Pyramidal,85609.60976338176
maximum_weight_asymmetric_hamiltonian_path,EC LV Deep Pyramidal,25,transition,CA1 Pyramidal,MEC LV VI Pyramidal Polymorphic,13564.64480225756
maximum_weight_asymmetric_hamiltonian_path,EC LV Deep Pyramidal,26,transition,MEC LV VI Pyramidal Polymorphic,EC LIV VI Deep Multipolar Principal,86.77596588341953
maximum_weight_asymmetric_hamiltonian_path,EC LV Deep Pyramidal,27,transition,EC LIV VI Deep Multipolar Principal,LEC LVI Multipolar Pyramidal,2246.3636143897743
maximum_weight_asymmetric_hamiltonian_path,EC LV Deep Pyramidal,28,transition,LEC LVI Multipolar Pyramidal,LEC LIII Complex Pyramidal,175.93242994355498
maximum_weight_asymmetric_hamiltonian_path,EC LV Deep Pyramidal,29,transition,LEC LIII Complex Pyramidal,EC LIII Pyramidal Stellate,538.1000722266449
maximum_weight_asymmetric_hamiltonian_path,EC LV Deep Pyramidal,30,transition,EC LIII Pyramidal Stellate,SUB CA1 Projecting Pyramidal,389.79456390732304
maximum_weight_asymmetric_hamiltonian_path,EC LV Deep Pyramidal,31,transition,SUB CA1 Projecting Pyramidal,CA1 Radiatum Giant,8.28772603741471
maximum_weight_asymmetric_hamiltonian_path,LEC LIII Complex Pyramidal,1,transition,LEC LIII Complex Pyramidal,EC LIII Stellate,422.07977447495017
maximum_weight_asymmetric_hamiltonian_path,LEC LIII Complex Pyramidal,2,transition,EC LIII Stellate,EC LIII Pyramidal,65.42000887199006
maximum_weight_asymmetric_hamiltonian_path,LEC LIII Complex Pyramidal,3,transition,EC LIII Pyramidal,EC LII III Pyramidal Tripolar,18.60625677457176
maximum_weight_asymmetric_hamiltonian_path,LEC LIII Complex Pyramidal,4,transition,EC LII III Pyramidal Tripolar,MEC LII Stellate,3189.046054691212
maximum_weight_asymmetric_hamiltonian_path,LEC LIII Complex Pyramidal,5,transition,MEC LII Stellate,MEC LIII Complex Pyramidal,3196.6416341268605
maximum_weight_asymmetric_hamiltonian_path,LEC LIII Complex Pyramidal,6,transition,MEC LIII Complex Pyramidal,MEC LII Oblique Pyramidal,569.2148212010752
maximum_weight_asymmetric_hamiltonian_path,LEC LIII Complex Pyramidal,7,transition,MEC LII Oblique Pyramidal,MEC LV Superficial Pyramidal,73.63513359542591
maximum_weight_asymmetric_hamiltonian_path,LEC LIII Complex Pyramidal,8,transition,MEC LV Superficial Pyramidal,EC LI II Pyramidal Fan,3.037796001788656
maximum_weight_asymmetric_hamiltonian_path,LEC LIII Complex Pyramidal,9,transition,EC LI II Pyramidal Fan,EC LI II Multipolar Pyramidal,7472.437106847604
maximum_weight_asymmetric_hamiltonian_path,LEC LIII Complex Pyramidal,10,transition,EC LI II Multipolar Pyramidal,MEC LIII Bipolar Complex Pyramidal,30698.001365671505
maximum_weight_asymmetric_hamiltonian_path,LEC LIII Complex Pyramidal,11,transition,MEC LIII Bipolar Complex Pyramidal,MEC LII III Pyramidal Multiform,156.10322882603091
maximum_weight_asymmetric_hamiltonian_path,LEC LIII Complex Pyramidal,12,transition,MEC LII III Pyramidal Multiform,MEC LV Multipolar Pyramidal,750.744376370936
maximum_weight_asymmetric_hamiltonian_path,LEC LIII Complex Pyramidal,13,transition,MEC LV Multipolar Pyramidal,MEC LV Pyramidal,115.70855122819788
maximum_weight_asymmetric_hamiltonian_path,LEC LIII Complex Pyramidal,14,transition,MEC LV Pyramidal,DG Granule,9568.736896643586
maximum_weight_asymmetric_hamiltonian_path,LEC LIII Complex Pyramidal,15,transition,DG Granule,DG Mossy,44908.709978571016
maximum_weight_asymmetric_hamiltonian_path,LEC LIII Complex Pyramidal,16,transition,DG Mossy,DG Semilunar Granule,50.6486718617241
maximum_weight_asymmetric_hamiltonian_path,LEC LIII Complex Pyramidal,17,transition,DG Semilunar Granule,DG Hilar Ectopic Granule,4588.842439594102
maximum_weight_asymmetric_hamiltonian_path,LEC LIII Complex Pyramidal,18,transition,DG Hilar Ectopic Granule,CA3 Pyramidal,0.0133035385226386
maximum_weight_asymmetric_hamiltonian_path,LEC LIII Complex Pyramidal,19,transition,CA3 Pyramidal,CA2 Pyramidal,12467.302061608583
maximum_weight_asymmetric_hamiltonian_path,LEC LIII Complex Pyramidal,20,transition,CA2 Pyramidal,CA3 Granule,592.9863345985209
maximum_weight_asymmetric_hamiltonian_path,LEC LIII Complex Pyramidal,21,transition,CA3 Granule,CA3c Pyramidal,2.280811281935155
maximum_weight_asymmetric_hamiltonian_path,LEC LIII Complex Pyramidal,22,transition,CA3c Pyramidal,CA1 Pyramidal,85609.60976338176
maximum_weight_asymmetric_hamiltonian_path,LEC LIII Complex Pyramidal,23,transition,CA1 Pyramidal,MEC LV VI Pyramidal Polymorphic,13564.64480225756
maximum_weight_asymmetric_hamiltonian_path,LEC LIII Complex Pyramidal,24,transition,MEC LV VI Pyramidal Polymorphic,EC LV Deep Pyramidal,78.22850736136446
maximum_weight_asymmetric_hamiltonian_path,LEC LIII Complex Pyramidal,25,transition,EC LV Deep Pyramidal,EC LIV VI Deep Multipolar Principal,326.6081416722669
maximum_weight_asymmetric_hamiltonian_path,LEC LIII Complex Pyramidal,26,transition,EC LIV VI Deep Multipolar Principal,LEC LVI Multipolar Pyramidal,2246.3636143897743
maximum_weight_asymmetric_hamiltonian_path,LEC LIII Complex Pyramidal,27,transition,LEC LVI Multipolar Pyramidal,EC LIII V Bipolar Pyramidal,101.04977810289805
maximum_weight_asymmetric_hamiltonian_path,LEC LIII Complex Pyramidal,28,transition,EC LIII V Bipolar Pyramidal,LEC LIII Multipolar Principal,1092.637693563088
maximum_weight_asymmetric_hamiltonian_path,LEC LIII Complex Pyramidal,29,transition,LEC LIII Multipolar Principal,EC LIII Pyramidal Stellate,406.0536249631236
maximum_weight_asymmetric_hamiltonian_path,LEC LIII Complex Pyramidal,30,transition,EC LIII Pyramidal Stellate,SUB CA1 Projecting Pyramidal,389.79456390732304
maximum_weight_asymmetric_hamiltonian_path,LEC LIII Complex Pyramidal,31,transition,SUB CA1 Projecting Pyramidal,CA1 Radiatum Giant,8.28772603741471
maximum_weight_asymmetric_hamiltonian_path,LEC LIII Multipolar Principal,1,transition,LEC LIII Multipolar Principal,LEC LIII Complex Pyramidal,556.0635991085179
maximum_weight_asymmetric_hamiltonian_path,LEC LIII Multipolar Principal,2,transition,LEC LIII Complex Pyramidal,EC LIII Stellate,422.07977447495017
maximum_weight_asymmetric_hamiltonian_path,LEC LIII Multipolar Principal,3,transition,EC LIII Stellate,EC LIII Pyramidal,65.42000887199006
maximum_weight_asymmetric_hamiltonian_path,LEC LIII Multipolar Principal,4,transition,EC LIII Pyramidal,EC LII III Pyramidal Tripolar,18.60625677457176
maximum_weight_asymmetric_hamiltonian_path,LEC LIII Multipolar Principal,5,transition,EC LII III Pyramidal Tripolar,MEC LII Stellate,3189.046054691212
maximum_weight_asymmetric_hamiltonian_path,LEC LIII Multipolar Principal,6,transition,MEC LII Stellate,MEC LIII Complex Pyramidal,3196.6416341268605
maximum_weight_asymmetric_hamiltonian_path,LEC LIII Multipolar Principal,7,transition,MEC LIII Complex Pyramidal,MEC LII Oblique Pyramidal,569.2148212010752
maximum_weight_asymmetric_hamiltonian_path,LEC LIII Multipolar Principal,8,transition,MEC LII Oblique Pyramidal,MEC LV Superficial Pyramidal,73.63513359542591
maximum_weight_asymmetric_hamiltonian_path,LEC LIII Multipolar Principal,9,transition,MEC LV Superficial Pyramidal,EC LI II Pyramidal Fan,3.037796001788656
maximum_weight_asymmetric_hamiltonian_path,LEC LIII Multipolar Principal,10,transition,EC LI II Pyramidal Fan,EC LI II Multipolar Pyramidal,7472.437106847604
maximum_weight_asymmetric_hamiltonian_path,LEC LIII Multipolar Principal,11,transition,EC LI II Multipolar Pyramidal,MEC LIII Bipolar Complex Pyramidal,30698.001365671505
maximum_weight_asymmetric_hamiltonian_path,LEC LIII Multipolar Principal,12,transition,MEC LIII Bipolar Complex Pyramidal,MEC LII III Pyramidal Multiform,156.10322882603091
maximum_weight_asymmetric_hamiltonian_path,LEC LIII Multipolar Principal,13,transition,MEC LII III Pyramidal Multiform,MEC LV Multipolar Pyramidal,750.744376370936
maximum_weight_asymmetric_hamiltonian_path,LEC LIII Multipolar Principal,14,transition,MEC LV Multipolar Pyramidal,MEC LV Pyramidal,115.70855122819788
maximum_weight_asymmetric_hamiltonian_path,LEC LIII Multipolar Principal,15,transition,MEC LV Pyramidal,DG Granule,9568.736896643586
maximum_weight_asymmetric_hamiltonian_path,LEC LIII Multipolar Principal,16,transition,DG Granule,DG Mossy,44908.709978571016
maximum_weight_asymmetric_hamiltonian_path,LEC LIII Multipolar Principal,17,transition,DG Mossy,DG Semilunar Granule,50.6486718617241
maximum_weight_asymmetric_hamiltonian_path,LEC LIII Multipolar Principal,18,transition,DG Semilunar Granule,DG Hilar Ectopic Granule,4588.842439594102
maximum_weight_asymmetric_hamiltonian_path,LEC LIII Multipolar Principal,19,transition,DG Hilar Ectopic Granule,CA3 Pyramidal,0.0133035385226386
maximum_weight_asymmetric_hamiltonian_path,LEC LIII Multipolar Principal,20,transition,CA3 Pyramidal,CA2 Pyramidal,12467.302061608583
maximum_weight_asymmetric_hamiltonian_path,LEC LIII Multipolar Principal,21,transition,CA2 Pyramidal,CA3 Granule,592.9863345985209
maximum_weight_asymmetric_hamiltonian_path,LEC LIII Multipolar Principal,22,transition,CA3 Granule,CA3c Pyramidal,2.280811281935155
maximum_weight_asymmetric_hamiltonian_path,LEC LIII Multipolar Principal,23,transition,CA3c Pyramidal,CA1 Pyramidal,85609.60976338176
maximum_weight_asymmetric_hamiltonian_path,LEC LIII Multipolar Principal,24,transition,CA1 Pyramidal,MEC LV VI Pyramidal Polymorphic,13564.64480225756
maximum_weight_asymmetric_hamiltonian_path,LEC LIII Multipolar Principal,25,transition,MEC LV VI Pyramidal Polymorphic,EC LV Deep Pyramidal,78.22850736136446
maximum_weight_asymmetric_hamiltonian_path,LEC LIII Multipolar Principal,26,transition,EC LV Deep Pyramidal,EC LIV VI Deep Multipolar Principal,326.6081416722669
maximum_weight_asymmetric_hamiltonian_path,LEC LIII Multipolar Principal,27,transition,EC LIV VI Deep Multipolar Principal,LEC LVI Multipolar Pyramidal,2246.3636143897743
maximum_weight_asymmetric_hamiltonian_path,LEC LIII Multipolar Principal,28,transition,LEC LVI Multipolar Pyramidal,EC LIII V Bipolar Pyramidal,101.04977810289805
maximum_weight_asymmetric_hamiltonian_path,LEC LIII Multipolar Principal,29,transition,EC LIII V Bipolar Pyramidal,EC LIII Pyramidal Stellate,601.3553812101552
maximum_weight_asymmetric_hamiltonian_path,LEC LIII Multipolar Principal,30,transition,EC LIII Pyramidal Stellate,SUB CA1 Projecting Pyramidal,389.79456390732304
maximum_weight_asymmetric_hamiltonian_path,LEC LIII Multipolar Principal,31,transition,SUB CA1 Projecting Pyramidal,CA1 Radiatum Giant,8.28772603741471
maximum_weight_asymmetric_hamiltonian_path,LEC LVI Multipolar Pyramidal,1,transition,LEC LVI Multipolar Pyramidal,EC LII III Pyramidal Tripolar,48.98798814646632
maximum_weight_asymmetric_hamiltonian_path,LEC LVI Multipolar Pyramidal,2,transition,EC LII III Pyramidal Tripolar,MEC LII Stellate,3189.046054691212
maximum_weight_asymmetric_hamiltonian_path,LEC LVI Multipolar Pyramidal,3,transition,MEC LII Stellate,MEC LIII Complex Pyramidal,3196.6416341268605
maximum_weight_asymmetric_hamiltonian_path,LEC LVI Multipolar Pyramidal,4,transition,MEC LIII Complex Pyramidal,MEC LII Oblique Pyramidal,569.2148212010752
maximum_weight_asymmetric_hamiltonian_path,LEC LVI Multipolar Pyramidal,5,transition,MEC LII Oblique Pyramidal,MEC LV Superficial Pyramidal,73.63513359542591
maximum_weight_asymmetric_hamiltonian_path,LEC LVI Multipolar Pyramidal,6,transition,MEC LV Superficial Pyramidal,EC LI II Pyramidal Fan,3.037796001788656
maximum_weight_asymmetric_hamiltonian_path,LEC LVI Multipolar Pyramidal,7,transition,EC LI II Pyramidal Fan,EC LI II Multipolar Pyramidal,7472.437106847604
maximum_weight_asymmetric_hamiltonian_path,LEC LVI Multipolar Pyramidal,8,transition,EC LI II Multipolar Pyramidal,MEC LIII Bipolar Complex Pyramidal,30698.001365671505
maximum_weight_asymmetric_hamiltonian_path,LEC LVI Multipolar Pyramidal,9,transition,MEC LIII Bipolar Complex Pyramidal,MEC LII III Pyramidal Multiform,156.10322882603091
maximum_weight_asymmetric_hamiltonian_path,LEC LVI Multipolar Pyramidal,10,transition,MEC LII III Pyramidal Multiform,MEC LV Multipolar Pyramidal,750.744376370936
maximum_weight_asymmetric_hamiltonian_path,LEC LVI Multipolar Pyramidal,11,transition,MEC LV Multipolar Pyramidal,MEC LV Pyramidal,115.70855122819788
maximum_weight_asymmetric_hamiltonian_path,LEC LVI Multipolar Pyramidal,12,transition,MEC LV Pyramidal,DG Granule,9568.736896643586
maximum_weight_asymmetric_hamiltonian_path,LEC LVI Multipolar Pyramidal,13,transition,DG Granule,DG Mossy,44908.709978571016
maximum_weight_asymmetric_hamiltonian_path,LEC LVI Multipolar Pyramidal,14,transition,DG Mossy,DG Semilunar Granule,50.6486718617241
maximum_weight_asymmetric_hamiltonian_path,LEC LVI Multipolar Pyramidal,15,transition,DG Semilunar Granule,DG Hilar Ectopic Granule,4588.842439594102
maximum_weight_asymmetric_hamiltonian_path,LEC LVI Multipolar Pyramidal,16,transition,DG Hilar Ectopic Granule,CA3 Pyramidal,0.0133035385226386
maximum_weight_asymmetric_hamiltonian_path,LEC LVI Multipolar Pyramidal,17,transition,CA3 Pyramidal,CA2 Pyramidal,12467.302061608583
maximum_weight_asymmetric_hamiltonian_path,LEC LVI Multipolar Pyramidal,18,transition,CA2 Pyramidal,CA3 Granule,592.9863345985209
maximum_weight_asymmetric_hamiltonian_path,LEC LVI Multipolar Pyramidal,19,transition,CA3 Granule,CA3c Pyramidal,2.280811281935155
maximum_weight_asymmetric_hamiltonian_path,LEC LVI Multipolar Pyramidal,20,transition,CA3c Pyramidal,CA1 Pyramidal,85609.60976338176
maximum_weight_asymmetric_hamiltonian_path,LEC LVI Multipolar Pyramidal,21,transition,CA1 Pyramidal,MEC LV VI Pyramidal Polymorphic,13564.64480225756
maximum_weight_asymmetric_hamiltonian_path,LEC LVI Multipolar Pyramidal,22,transition,MEC LV VI Pyramidal Polymorphic,EC LV Deep Pyramidal,78.22850736136446
maximum_weight_asymmetric_hamiltonian_path,LEC LVI Multipolar Pyramidal,23,transition,EC LV Deep Pyramidal,EC LIV VI Deep Multipolar Principal,326.6081416722669
maximum_weight_asymmetric_hamiltonian_path,LEC LVI Multipolar Pyramidal,24,transition,EC LIV VI Deep Multipolar Principal,LEC LIII Multipolar Principal,1887.6870292903488
maximum_weight_asymmetric_hamiltonian_path,LEC LVI Multipolar Pyramidal,25,transition,LEC LIII Multipolar Principal,LEC LIII Complex Pyramidal,556.0635991085179
maximum_weight_asymmetric_hamiltonian_path,LEC LVI Multipolar Pyramidal,26,transition,LEC LIII Complex Pyramidal,EC LIII Stellate,422.07977447495017
maximum_weight_asymmetric_hamiltonian_path,LEC LVI Multipolar Pyramidal,27,transition,EC LIII Stellate,EC LIII Pyramidal,65.42000887199006
maximum_weight_asymmetric_hamiltonian_path,LEC LVI Multipolar Pyramidal,28,transition,EC LIII Pyramidal,EC LIII V Bipolar Pyramidal,34.402964559753684
maximum_weight_asymmetric_hamiltonian_path,LEC LVI Multipolar Pyramidal,29,transition,EC LIII V Bipolar Pyramidal,EC LIII Pyramidal Stellate,601.3553812101552
maximum_weight_asymmetric_hamiltonian_path,LEC LVI Multipolar Pyramidal,30,transition,EC LIII Pyramidal Stellate,SUB CA1 Projecting Pyramidal,389.79456390732304
maximum_weight_asymmetric_hamiltonian_path,LEC LVI Multipolar Pyramidal,31,transition,SUB CA1 Projecting Pyramidal,CA1 Radiatum Giant,8.28772603741471
maximum_weight_asymmetric_hamiltonian_path,MEC LII III Pyramidal Multiform,1,transition,MEC LII III Pyramidal Multiform,MEC LV Multipolar Pyramidal,750.744376370936
maximum_weight_asymmetric_hamiltonian_path,MEC LII III Pyramidal Multiform,2,transition,MEC LV Multipolar Pyramidal,MEC LV Pyramidal,115.70855122819788
maximum_weight_asymmetric_hamiltonian_path,MEC LII III Pyramidal Multiform,3,transition,MEC LV Pyramidal,DG Granule,9568.736896643586
maximum_weight_asymmetric_hamiltonian_path,MEC LII III Pyramidal Multiform,4,transition,DG Granule,DG Mossy,44908.709978571016
maximum_weight_asymmetric_hamiltonian_path,MEC LII III Pyramidal Multiform,5,transition,DG Mossy,DG Semilunar Granule,50.6486718617241
maximum_weight_asymmetric_hamiltonian_path,MEC LII III Pyramidal Multiform,6,transition,DG Semilunar Granule,DG Hilar Ectopic Granule,4588.842439594102
maximum_weight_asymmetric_hamiltonian_path,MEC LII III Pyramidal Multiform,7,transition,DG Hilar Ectopic Granule,CA3 Pyramidal,0.0133035385226386
maximum_weight_asymmetric_hamiltonian_path,MEC LII III Pyramidal Multiform,8,transition,CA3 Pyramidal,CA2 Pyramidal,12467.302061608583
maximum_weight_asymmetric_hamiltonian_path,MEC LII III Pyramidal Multiform,9,transition,CA2 Pyramidal,CA3 Granule,592.9863345985209
maximum_weight_asymmetric_hamiltonian_path,MEC LII III Pyramidal Multiform,10,transition,CA3 Granule,CA3c Pyramidal,2.280811281935155
maximum_weight_asymmetric_hamiltonian_path,MEC LII III Pyramidal Multiform,11,transition,CA3c Pyramidal,CA1 Pyramidal,85609.60976338176
maximum_weight_asymmetric_hamiltonian_path,MEC LII III Pyramidal Multiform,12,transition,CA1 Pyramidal,MEC LV VI Pyramidal Polymorphic,13564.64480225756
maximum_weight_asymmetric_hamiltonian_path,MEC LII III Pyramidal Multiform,13,transition,MEC LV VI Pyramidal Polymorphic,EC LV Deep Pyramidal,78.22850736136446
maximum_weight_asymmetric_hamiltonian_path,MEC LII III Pyramidal Multiform,14,transition,EC LV Deep Pyramidal,EC LIV VI Deep Multipolar Principal,326.6081416722669
maximum_weight_asymmetric_hamiltonian_path,MEC LII III Pyramidal Multiform,15,transition,EC LIV VI Deep Multipolar Principal,LEC LVI Multipolar Pyramidal,2246.3636143897743
maximum_weight_asymmetric_hamiltonian_path,MEC LII III Pyramidal Multiform,16,transition,LEC LVI Multipolar Pyramidal,EC LII III Pyramidal Tripolar,48.98798814646632
maximum_weight_asymmetric_hamiltonian_path,MEC LII III Pyramidal Multiform,17,transition,EC LII III Pyramidal Tripolar,MEC LII Stellate,3189.046054691212
maximum_weight_asymmetric_hamiltonian_path,MEC LII III Pyramidal Multiform,18,transition,MEC LII Stellate,MEC LIII Complex Pyramidal,3196.6416341268605
maximum_weight_asymmetric_hamiltonian_path,MEC LII III Pyramidal Multiform,19,transition,MEC LIII Complex Pyramidal,MEC LII Oblique Pyramidal,569.2148212010752
maximum_weight_asymmetric_hamiltonian_path,MEC LII III Pyramidal Multiform,20,transition,MEC LII Oblique Pyramidal,MEC LV Superficial Pyramidal,73.63513359542591
maximum_weight_asymmetric_hamiltonian_path,MEC LII III Pyramidal Multiform,21,transition,MEC LV Superficial Pyramidal,EC LI II Pyramidal Fan,3.037796001788656
maximum_weight_asymmetric_hamiltonian_path,MEC LII III Pyramidal Multiform,22,transition,EC LI II Pyramidal Fan,EC LI II Multipolar Pyramidal,7472.437106847604
maximum_weight_asymmetric_hamiltonian_path,MEC LII III Pyramidal Multiform,23,transition,EC LI II Multipolar Pyramidal,MEC LIII Bipolar Complex Pyramidal,30698.001365671505
maximum_weight_asymmetric_hamiltonian_path,MEC LII III Pyramidal Multiform,24,transition,MEC LIII Bipolar Complex Pyramidal,EC LIII Stellate,65.96508301620779
maximum_weight_asymmetric_hamiltonian_path,MEC LII III Pyramidal Multiform,25,transition,EC LIII Stellate,EC LIII Pyramidal,65.42000887199006
maximum_weight_asymmetric_hamiltonian_path,MEC LII III Pyramidal Multiform,26,transition,EC LIII Pyramidal,EC LIII V Bipolar Pyramidal,34.402964559753684
maximum_weight_asymmetric_hamiltonian_path,MEC LII III Pyramidal Multiform,27,transition,EC LIII V Bipolar Pyramidal,LEC LIII Multipolar Principal,1092.637693563088
maximum_weight_asymmetric_hamiltonian_path,MEC LII III Pyramidal Multiform,28,transition,LEC LIII Multipolar Principal,LEC LIII Complex Pyramidal,556.0635991085179
maximum_weight_asymmetric_hamiltonian_path,MEC LII III Pyramidal Multiform,29,transition,LEC LIII Complex Pyramidal,EC LIII Pyramidal Stellate,538.1000722266449
maximum_weight_asymmetric_hamiltonian_path,MEC LII III Pyramidal Multiform,30,transition,EC LIII Pyramidal Stellate,SUB CA1 Projecting Pyramidal,389.79456390732304
maximum_weight_asymmetric_hamiltonian_path,MEC LII III Pyramidal Multiform,31,transition,SUB CA1 Projecting Pyramidal,CA1 Radiatum Giant,8.28772603741471
maximum_weight_asymmetric_hamiltonian_path,MEC LII Oblique Pyramidal,1,transition,MEC LII Oblique Pyramidal,MEC LV Superficial Pyramidal,73.63513359542591
maximum_weight_asymmetric_hamiltonian_path,MEC LII Oblique Pyramidal,2,transition,MEC LV Superficial Pyramidal,EC LI II Pyramidal Fan,3.037796001788656
maximum_weight_asymmetric_hamiltonian_path,MEC LII Oblique Pyramidal,3,transition,EC LI II Pyramidal Fan,EC LI II Multipolar Pyramidal,7472.437106847604
maximum_weight_asymmetric_hamiltonian_path,MEC LII Oblique Pyramidal,4,transition,EC LI II Multipolar Pyramidal,MEC LIII Bipolar Complex Pyramidal,30698.001365671505
maximum_weight_asymmetric_hamiltonian_path,MEC LII Oblique Pyramidal,5,transition,MEC LIII Bipolar Complex Pyramidal,MEC LIII Complex Pyramidal,861.1914192115519
maximum_weight_asymmetric_hamiltonian_path,MEC LII Oblique Pyramidal,6,transition,MEC LIII Complex Pyramidal,MEC LII Stellate,1193.0847203135872
maximum_weight_asymmetric_hamiltonian_path,MEC LII Oblique Pyramidal,7,transition,MEC LII Stellate,MEC LII III Pyramidal Multiform,2172.4274626996407
maximum_weight_asymmetric_hamiltonian_path,MEC LII Oblique Pyramidal,8,transition,MEC LII III Pyramidal Multiform,MEC LV Multipolar Pyramidal,750.744376370936
maximum_weight_asymmetric_hamiltonian_path,MEC LII Oblique Pyramidal,9,transition,MEC LV Multipolar Pyramidal,MEC LV Pyramidal,115.70855122819788
maximum_weight_asymmetric_hamiltonian_path,MEC LII Oblique Pyramidal,10,transition,MEC LV Pyramidal,DG Granule,9568.736896643586
maximum_weight_asymmetric_hamiltonian_path,MEC LII Oblique Pyramidal,11,transition,DG Granule,DG Mossy,44908.709978571016
maximum_weight_asymmetric_hamiltonian_path,MEC LII Oblique Pyramidal,12,transition,DG Mossy,DG Semilunar Granule,50.6486718617241
maximum_weight_asymmetric_hamiltonian_path,MEC LII Oblique Pyramidal,13,transition,DG Semilunar Granule,DG Hilar Ectopic Granule,4588.842439594102
maximum_weight_asymmetric_hamiltonian_path,MEC LII Oblique Pyramidal,14,transition,DG Hilar Ectopic Granule,CA3 Pyramidal,0.0133035385226386
maximum_weight_asymmetric_hamiltonian_path,MEC LII Oblique Pyramidal,15,transition,CA3 Pyramidal,CA2 Pyramidal,12467.302061608583
maximum_weight_asymmetric_hamiltonian_path,MEC LII Oblique Pyramidal,16,transition,CA2 Pyramidal,CA3 Granule,592.9863345985209
maximum_weight_asymmetric_hamiltonian_path,MEC LII Oblique Pyramidal,17,transition,CA3 Granule,CA3c Pyramidal,2.280811281935155
maximum_weight_asymmetric_hamiltonian_path,MEC LII Oblique Pyramidal,18,transition,CA3c Pyramidal,CA1 Pyramidal,85609.60976338176
maximum_weight_asymmetric_hamiltonian_path,MEC LII Oblique Pyramidal,19,transition,CA1 Pyramidal,MEC LV VI Pyramidal Polymorphic,13564.64480225756
maximum_weight_asymmetric_hamiltonian_path,MEC LII Oblique Pyramidal,20,transition,MEC LV VI Pyramidal Polymorphic,EC LV Deep Pyramidal,78.22850736136446
maximum_weight_asymmetric_hamiltonian_path,MEC LII Oblique Pyramidal,21,transition,EC LV Deep Pyramidal,EC LIV VI Deep Multipolar Principal,326.6081416722669
maximum_weight_asymmetric_hamiltonian_path,MEC LII Oblique Pyramidal,22,transition,EC LIV VI Deep Multipolar Principal,LEC LVI Multipolar Pyramidal,2246.3636143897743
maximum_weight_asymmetric_hamiltonian_path,MEC LII Oblique Pyramidal,23,transition,LEC LVI Multipolar Pyramidal,EC LII III Pyramidal Tripolar,48.98798814646632
maximum_weight_asymmetric_hamiltonian_path,MEC LII Oblique Pyramidal,24,transition,EC LII III Pyramidal Tripolar,EC LIII Stellate,2760.010200610732
maximum_weight_asymmetric_hamiltonian_path,MEC LII Oblique Pyramidal,25,transition,EC LIII Stellate,EC LIII Pyramidal,65.42000887199006
maximum_weight_asymmetric_hamiltonian_path,MEC LII Oblique Pyramidal,26,transition,EC LIII Pyramidal,EC LIII V Bipolar Pyramidal,34.402964559753684
maximum_weight_asymmetric_hamiltonian_path,MEC LII Oblique Pyramidal,27,transition,EC LIII V Bipolar Pyramidal,LEC LIII Multipolar Principal,1092.637693563088
maximum_weight_asymmetric_hamiltonian_path,MEC LII Oblique Pyramidal,28,transition,LEC LIII Multipolar Principal,LEC LIII Complex Pyramidal,556.0635991085179
maximum_weight_asymmetric_hamiltonian_path,MEC LII Oblique Pyramidal,29,transition,LEC LIII Complex Pyramidal,EC LIII Pyramidal Stellate,538.1000722266449
maximum_weight_asymmetric_hamiltonian_path,MEC LII Oblique Pyramidal,30,transition,EC LIII Pyramidal Stellate,SUB CA1 Projecting Pyramidal,389.79456390732304
maximum_weight_asymmetric_hamiltonian_path,MEC LII Oblique Pyramidal,31,transition,SUB CA1 Projecting Pyramidal,CA1 Radiatum Giant,8.28772603741471
maximum_weight_asymmetric_hamiltonian_path,MEC LII Stellate,1,transition,MEC LII Stellate,MEC LIII Complex Pyramidal,3196.6416341268605
maximum_weight_asymmetric_hamiltonian_path,MEC LII Stellate,2,transition,MEC LIII Complex Pyramidal,MEC LII Oblique Pyramidal,569.2148212010752
maximum_weight_asymmetric_hamiltonian_path,MEC LII Stellate,3,transition,MEC LII Oblique Pyramidal,MEC LV Superficial Pyramidal,73.63513359542591
maximum_weight_asymmetric_hamiltonian_path,MEC LII Stellate,4,transition,MEC LV Superficial Pyramidal,EC LI II Pyramidal Fan,3.037796001788656
maximum_weight_asymmetric_hamiltonian_path,MEC LII Stellate,5,transition,EC LI II Pyramidal Fan,EC LI II Multipolar Pyramidal,7472.437106847604
maximum_weight_asymmetric_hamiltonian_path,MEC LII Stellate,6,transition,EC LI II Multipolar Pyramidal,MEC LIII Bipolar Complex Pyramidal,30698.001365671505
maximum_weight_asymmetric_hamiltonian_path,MEC LII Stellate,7,transition,MEC LIII Bipolar Complex Pyramidal,MEC LII III Pyramidal Multiform,156.10322882603091
maximum_weight_asymmetric_hamiltonian_path,MEC LII Stellate,8,transition,MEC LII III Pyramidal Multiform,MEC LV Multipolar Pyramidal,750.744376370936
maximum_weight_asymmetric_hamiltonian_path,MEC LII Stellate,9,transition,MEC LV Multipolar Pyramidal,MEC LV Pyramidal,115.70855122819788
maximum_weight_asymmetric_hamiltonian_path,MEC LII Stellate,10,transition,MEC LV Pyramidal,DG Granule,9568.736896643586
maximum_weight_asymmetric_hamiltonian_path,MEC LII Stellate,11,transition,DG Granule,DG Mossy,44908.709978571016
maximum_weight_asymmetric_hamiltonian_path,MEC LII Stellate,12,transition,DG Mossy,DG Semilunar Granule,50.6486718617241
maximum_weight_asymmetric_hamiltonian_path,MEC LII Stellate,13,transition,DG Semilunar Granule,DG Hilar Ectopic Granule,4588.842439594102
maximum_weight_asymmetric_hamiltonian_path,MEC LII Stellate,14,transition,DG Hilar Ectopic Granule,CA3 Pyramidal,0.0133035385226386
maximum_weight_asymmetric_hamiltonian_path,MEC LII Stellate,15,transition,CA3 Pyramidal,CA2 Pyramidal,12467.302061608583
maximum_weight_asymmetric_hamiltonian_path,MEC LII Stellate,16,transition,CA2 Pyramidal,CA3 Granule,592.9863345985209
maximum_weight_asymmetric_hamiltonian_path,MEC LII Stellate,17,transition,CA3 Granule,CA3c Pyramidal,2.280811281935155
maximum_weight_asymmetric_hamiltonian_path,MEC LII Stellate,18,transition,CA3c Pyramidal,CA1 Pyramidal,85609.60976338176
maximum_weight_asymmetric_hamiltonian_path,MEC LII Stellate,19,transition,CA1 Pyramidal,MEC LV VI Pyramidal Polymorphic,13564.64480225756
maximum_weight_asymmetric_hamiltonian_path,MEC LII Stellate,20,transition,MEC LV VI Pyramidal Polymorphic,EC LV Deep Pyramidal,78.22850736136446
maximum_weight_asymmetric_hamiltonian_path,MEC LII Stellate,21,transition,EC LV Deep Pyramidal,EC LIV VI Deep Multipolar Principal,326.6081416722669
maximum_weight_asymmetric_hamiltonian_path,MEC LII Stellate,22,transition,EC LIV VI Deep Multipolar Principal,LEC LVI Multipolar Pyramidal,2246.3636143897743
maximum_weight_asymmetric_hamiltonian_path,MEC LII Stellate,23,transition,LEC LVI Multipolar Pyramidal,EC LII III Pyramidal Tripolar,48.98798814646632
maximum_weight_asymmetric_hamiltonian_path,MEC LII Stellate,24,transition,EC LII III Pyramidal Tripolar,EC LIII Stellate,2760.010200610732
maximum_weight_asymmetric_hamiltonian_path,MEC LII Stellate,25,transition,EC LIII Stellate,EC LIII Pyramidal,65.42000887199006
maximum_weight_asymmetric_hamiltonian_path,MEC LII Stellate,26,transition,EC LIII Pyramidal,EC LIII V Bipolar Pyramidal,34.402964559753684
maximum_weight_asymmetric_hamiltonian_path,MEC LII Stellate,27,transition,EC LIII V Bipolar Pyramidal,LEC LIII Multipolar Principal,1092.637693563088
maximum_weight_asymmetric_hamiltonian_path,MEC LII Stellate,28,transition,LEC LIII Multipolar Principal,LEC LIII Complex Pyramidal,556.0635991085179
maximum_weight_asymmetric_hamiltonian_path,MEC LII Stellate,29,transition,LEC LIII Complex Pyramidal,EC LIII Pyramidal Stellate,538.1000722266449
maximum_weight_asymmetric_hamiltonian_path,MEC LII Stellate,30,transition,EC LIII Pyramidal Stellate,SUB CA1 Projecting Pyramidal,389.79456390732304
maximum_weight_asymmetric_hamiltonian_path,MEC LII Stellate,31,transition,SUB CA1 Projecting Pyramidal,CA1 Radiatum Giant,8.28772603741471
maximum_weight_asymmetric_hamiltonian_path,MEC LIII Bipolar Complex Pyramidal,1,transition,MEC LIII Bipolar Complex Pyramidal,EC LI II Pyramidal Fan,6.439268930923632
maximum_weight_asymmetric_hamiltonian_path,MEC LIII Bipolar Complex Pyramidal,2,transition,EC LI II Pyramidal Fan,EC LI II Multipolar Pyramidal,7472.437106847604
maximum_weight_asymmetric_hamiltonian_path,MEC LIII Bipolar Complex Pyramidal,3,transition,EC LI II Multipolar Pyramidal,EC LIII Stellate,29349.85984134182
maximum_weight_asymmetric_hamiltonian_path,MEC LIII Bipolar Complex Pyramidal,4,transition,EC LIII Stellate,EC LIII Pyramidal,65.42000887199006
maximum_weight_asymmetric_hamiltonian_path,MEC LIII Bipolar Complex Pyramidal,5,transition,EC LIII Pyramidal,EC LII III Pyramidal Tripolar,18.60625677457176
maximum_weight_asymmetric_hamiltonian_path,MEC LIII Bipolar Complex Pyramidal,6,transition,EC LII III Pyramidal Tripolar,MEC LII Stellate,3189.046054691212
maximum_weight_asymmetric_hamiltonian_path,MEC LIII Bipolar Complex Pyramidal,7,transition,MEC LII Stellate,MEC LIII Complex Pyramidal,3196.6416341268605
maximum_weight_asymmetric_hamiltonian_path,MEC LIII Bipolar Complex Pyramidal,8,transition,MEC LIII Complex Pyramidal,MEC LII Oblique Pyramidal,569.2148212010752
maximum_weight_asymmetric_hamiltonian_path,MEC LIII Bipolar Complex Pyramidal,9,transition,MEC LII Oblique Pyramidal,MEC LII III Pyramidal Multiform,34.28337354833483
maximum_weight_asymmetric_hamiltonian_path,MEC LIII Bipolar Complex Pyramidal,10,transition,MEC LII III Pyramidal Multiform,MEC LV Multipolar Pyramidal,750.744376370936
maximum_weight_asymmetric_hamiltonian_path,MEC LIII Bipolar Complex Pyramidal,11,transition,MEC LV Multipolar Pyramidal,MEC LV Superficial Pyramidal,138.44761428854213
maximum_weight_asymmetric_hamiltonian_path,MEC LIII Bipolar Complex Pyramidal,12,transition,MEC LV Superficial Pyramidal,MEC LV Pyramidal,138.477786593687
maximum_weight_asymmetric_hamiltonian_path,MEC LIII Bipolar Complex Pyramidal,13,transition,MEC LV Pyramidal,DG Granule,9568.736896643586
maximum_weight_asymmetric_hamiltonian_path,MEC LIII Bipolar Complex Pyramidal,14,transition,DG Granule,DG Mossy,44908.709978571016
maximum_weight_asymmetric_hamiltonian_path,MEC LIII Bipolar Complex Pyramidal,15,transition,DG Mossy,DG Semilunar Granule,50.6486718617241
maximum_weight_asymmetric_hamiltonian_path,MEC LIII Bipolar Complex Pyramidal,16,transition,DG Semilunar Granule,DG Hilar Ectopic Granule,4588.842439594102
maximum_weight_asymmetric_hamiltonian_path,MEC LIII Bipolar Complex Pyramidal,17,transition,DG Hilar Ectopic Granule,CA3 Pyramidal,0.0133035385226386
maximum_weight_asymmetric_hamiltonian_path,MEC LIII Bipolar Complex Pyramidal,18,transition,CA3 Pyramidal,CA2 Pyramidal,12467.302061608583
maximum_weight_asymmetric_hamiltonian_path,MEC LIII Bipolar Complex Pyramidal,19,transition,CA2 Pyramidal,CA3 Granule,592.9863345985209
maximum_weight_asymmetric_hamiltonian_path,MEC LIII Bipolar Complex Pyramidal,20,transition,CA3 Granule,CA3c Pyramidal,2.280811281935155
maximum_weight_asymmetric_hamiltonian_path,MEC LIII Bipolar Complex Pyramidal,21,transition,CA3c Pyramidal,CA1 Pyramidal,85609.60976338176
maximum_weight_asymmetric_hamiltonian_path,MEC LIII Bipolar Complex Pyramidal,22,transition,CA1 Pyramidal,MEC LV VI Pyramidal Polymorphic,13564.64480225756
maximum_weight_asymmetric_hamiltonian_path,MEC LIII Bipolar Complex Pyramidal,23,transition,MEC LV VI Pyramidal Polymorphic,EC LV Deep Pyramidal,78.22850736136446
maximum_weight_asymmetric_hamiltonian_path,MEC LIII Bipolar Complex Pyramidal,24,transition,EC LV Deep Pyramidal,EC LIV VI Deep Multipolar Principal,326.6081416722669
maximum_weight_asymmetric_hamiltonian_path,MEC LIII Bipolar Complex Pyramidal,25,transition,EC LIV VI Deep Multipolar Principal,LEC LVI Multipolar Pyramidal,2246.3636143897743
maximum_weight_asymmetric_hamiltonian_path,MEC LIII Bipolar Complex Pyramidal,26,transition,LEC LVI Multipolar Pyramidal,EC LIII V Bipolar Pyramidal,101.04977810289805
maximum_weight_asymmetric_hamiltonian_path,MEC LIII Bipolar Complex Pyramidal,27,transition,EC LIII V Bipolar Pyramidal,LEC LIII Multipolar Principal,1092.637693563088
maximum_weight_asymmetric_hamiltonian_path,MEC LIII Bipolar Complex Pyramidal,28,transition,LEC LIII Multipolar Principal,LEC LIII Complex Pyramidal,556.0635991085179
maximum_weight_asymmetric_hamiltonian_path,MEC LIII Bipolar Complex Pyramidal,29,transition,LEC LIII Complex Pyramidal,EC LIII Pyramidal Stellate,538.1000722266449
maximum_weight_asymmetric_hamiltonian_path,MEC LIII Bipolar Complex Pyramidal,30,transition,EC LIII Pyramidal Stellate,SUB CA1 Projecting Pyramidal,389.79456390732304
maximum_weight_asymmetric_hamiltonian_path,MEC LIII Bipolar Complex Pyramidal,31,transition,SUB CA1 Projecting Pyramidal,CA1 Radiatum Giant,8.28772603741471
maximum_weight_asymmetric_hamiltonian_path,MEC LIII Complex Pyramidal,1,transition,MEC LIII Complex Pyramidal,MEC LII Stellate,1193.0847203135872
maximum_weight_asymmetric_hamiltonian_path,MEC LIII Complex Pyramidal,2,transition,MEC LII Stellate,MEC LII Oblique Pyramidal,2144.806717184772
maximum_weight_asymmetric_hamiltonian_path,MEC LIII Complex Pyramidal,3,transition,MEC LII Oblique Pyramidal,MEC LV Superficial Pyramidal,73.63513359542591
maximum_weight_asymmetric_hamiltonian_path,MEC LIII Complex Pyramidal,4,transition,MEC LV Superficial Pyramidal,EC LI II Pyramidal Fan,3.037796001788656
maximum_weight_asymmetric_hamiltonian_path,MEC LIII Complex Pyramidal,5,transition,EC LI II Pyramidal Fan,EC LI II Multipolar Pyramidal,7472.437106847604
maximum_weight_asymmetric_hamiltonian_path,MEC LIII Complex Pyramidal,6,transition,EC LI II Multipolar Pyramidal,MEC LIII Bipolar Complex Pyramidal,30698.001365671505
maximum_weight_asymmetric_hamiltonian_path,MEC LIII Complex Pyramidal,7,transition,MEC LIII Bipolar Complex Pyramidal,MEC LII III Pyramidal Multiform,156.10322882603091
maximum_weight_asymmetric_hamiltonian_path,MEC LIII Complex Pyramidal,8,transition,MEC LII III Pyramidal Multiform,MEC LV Multipolar Pyramidal,750.744376370936
maximum_weight_asymmetric_hamiltonian_path,MEC LIII Complex Pyramidal,9,transition,MEC LV Multipolar Pyramidal,MEC LV Pyramidal,115.70855122819788
maximum_weight_asymmetric_hamiltonian_path,MEC LIII Complex Pyramidal,10,transition,MEC LV Pyramidal,DG Granule,9568.736896643586
maximum_weight_asymmetric_hamiltonian_path,MEC LIII Complex Pyramidal,11,transition,DG Granule,DG Mossy,44908.709978571016
maximum_weight_asymmetric_hamiltonian_path,MEC LIII Complex Pyramidal,12,transition,DG Mossy,DG Semilunar Granule,50.6486718617241
maximum_weight_asymmetric_hamiltonian_path,MEC LIII Complex Pyramidal,13,transition,DG Semilunar Granule,DG Hilar Ectopic Granule,4588.842439594102
maximum_weight_asymmetric_hamiltonian_path,MEC LIII Complex Pyramidal,14,transition,DG Hilar Ectopic Granule,CA3 Pyramidal,0.0133035385226386
maximum_weight_asymmetric_hamiltonian_path,MEC LIII Complex Pyramidal,15,transition,CA3 Pyramidal,CA2 Pyramidal,12467.302061608583
maximum_weight_asymmetric_hamiltonian_path,MEC LIII Complex Pyramidal,16,transition,CA2 Pyramidal,CA3 Granule,592.9863345985209
maximum_weight_asymmetric_hamiltonian_path,MEC LIII Complex Pyramidal,17,transition,CA3 Granule,CA3c Pyramidal,2.280811281935155
maximum_weight_asymmetric_hamiltonian_path,MEC LIII Complex Pyramidal,18,transition,CA3c Pyramidal,CA1 Pyramidal,85609.60976338176
maximum_weight_asymmetric_hamiltonian_path,MEC LIII Complex Pyramidal,19,transition,CA1 Pyramidal,MEC LV VI Pyramidal Polymorphic,13564.64480225756
maximum_weight_asymmetric_hamiltonian_path,MEC LIII Complex Pyramidal,20,transition,MEC LV VI Pyramidal Polymorphic,EC LV Deep Pyramidal,78.22850736136446
maximum_weight_asymmetric_hamiltonian_path,MEC LIII Complex Pyramidal,21,transition,EC LV Deep Pyramidal,EC LIV VI Deep Multipolar Principal,326.6081416722669
maximum_weight_asymmetric_hamiltonian_path,MEC LIII Complex Pyramidal,22,transition,EC LIV VI Deep Multipolar Principal,LEC LVI Multipolar Pyramidal,2246.3636143897743
maximum_weight_asymmetric_hamiltonian_path,MEC LIII Complex Pyramidal,23,transition,LEC LVI Multipolar Pyramidal,EC LII III Pyramidal Tripolar,48.98798814646632
maximum_weight_asymmetric_hamiltonian_path,MEC LIII Complex Pyramidal,24,transition,EC LII III Pyramidal Tripolar,EC LIII Stellate,2760.010200610732
maximum_weight_asymmetric_hamiltonian_path,MEC LIII Complex Pyramidal,25,transition,EC LIII Stellate,EC LIII Pyramidal,65.42000887199006
maximum_weight_asymmetric_hamiltonian_path,MEC LIII Complex Pyramidal,26,transition,EC LIII Pyramidal,EC LIII V Bipolar Pyramidal,34.402964559753684
maximum_weight_asymmetric_hamiltonian_path,MEC LIII Complex Pyramidal,27,transition,EC LIII V Bipolar Pyramidal,LEC LIII Multipolar Principal,1092.637693563088
maximum_weight_asymmetric_hamiltonian_path,MEC LIII Complex Pyramidal,28,transition,LEC LIII Multipolar Principal,LEC LIII Complex Pyramidal,556.0635991085179
maximum_weight_asymmetric_hamiltonian_path,MEC LIII Complex Pyramidal,29,transition,LEC LIII Complex Pyramidal,EC LIII Pyramidal Stellate,538.1000722266449
maximum_weight_asymmetric_hamiltonian_path,MEC LIII Complex Pyramidal,30,transition,EC LIII Pyramidal Stellate,SUB CA1 Projecting Pyramidal,389.79456390732304
maximum_weight_asymmetric_hamiltonian_path,MEC LIII Complex Pyramidal,31,transition,SUB CA1 Projecting Pyramidal,CA1 Radiatum Giant,8.28772603741471
maximum_weight_asymmetric_hamiltonian_path,MEC LV Multipolar Pyramidal,1,transition,MEC LV Multipolar Pyramidal,MEC LV Superficial Pyramidal,138.44761428854213
maximum_weight_asymmetric_hamiltonian_path,MEC LV Multipolar Pyramidal,2,transition,MEC LV Superficial Pyramidal,EC LI II Pyramidal Fan,3.037796001788656
maximum_weight_asymmetric_hamiltonian_path,MEC LV Multipolar Pyramidal,3,transition,EC LI II Pyramidal Fan,EC LI II Multipolar Pyramidal,7472.437106847604
maximum_weight_asymmetric_hamiltonian_path,MEC LV Multipolar Pyramidal,4,transition,EC LI II Multipolar Pyramidal,MEC LIII Bipolar Complex Pyramidal,30698.001365671505
maximum_weight_asymmetric_hamiltonian_path,MEC LV Multipolar Pyramidal,5,transition,MEC LIII Bipolar Complex Pyramidal,MEC LII III Pyramidal Multiform,156.10322882603091
maximum_weight_asymmetric_hamiltonian_path,MEC LV Multipolar Pyramidal,6,transition,MEC LII III Pyramidal Multiform,MEC LV Pyramidal,548.8069668104904
maximum_weight_asymmetric_hamiltonian_path,MEC LV Multipolar Pyramidal,7,transition,MEC LV Pyramidal,DG Granule,9568.736896643586
maximum_weight_asymmetric_hamiltonian_path,MEC LV Multipolar Pyramidal,8,transition,DG Granule,DG Mossy,44908.709978571016
maximum_weight_asymmetric_hamiltonian_path,MEC LV Multipolar Pyramidal,9,transition,DG Mossy,DG Semilunar Granule,50.6486718617241
maximum_weight_asymmetric_hamiltonian_path,MEC LV Multipolar Pyramidal,10,transition,DG Semilunar Granule,DG Hilar Ectopic Granule,4588.842439594102
maximum_weight_asymmetric_hamiltonian_path,MEC LV Multipolar Pyramidal,11,transition,DG Hilar Ectopic Granule,CA3 Pyramidal,0.0133035385226386
maximum_weight_asymmetric_hamiltonian_path,MEC LV Multipolar Pyramidal,12,transition,CA3 Pyramidal,CA2 Pyramidal,12467.302061608583
maximum_weight_asymmetric_hamiltonian_path,MEC LV Multipolar Pyramidal,13,transition,CA2 Pyramidal,CA3 Granule,592.9863345985209
maximum_weight_asymmetric_hamiltonian_path,MEC LV Multipolar Pyramidal,14,transition,CA3 Granule,CA3c Pyramidal,2.280811281935155
maximum_weight_asymmetric_hamiltonian_path,MEC LV Multipolar Pyramidal,15,transition,CA3c Pyramidal,CA1 Pyramidal,85609.60976338176
maximum_weight_asymmetric_hamiltonian_path,MEC LV Multipolar Pyramidal,16,transition,CA1 Pyramidal,MEC LV VI Pyramidal Polymorphic,13564.64480225756
maximum_weight_asymmetric_hamiltonian_path,MEC LV Multipolar Pyramidal,17,transition,MEC LV VI Pyramidal Polymorphic,EC LV Deep Pyramidal,78.22850736136446
maximum_weight_asymmetric_hamiltonian_path,MEC LV Multipolar Pyramidal,18,transition,EC LV Deep Pyramidal,EC LIV VI Deep Multipolar Principal,326.6081416722669
maximum_weight_asymmetric_hamiltonian_path,MEC LV Multipolar Pyramidal,19,transition,EC LIV VI Deep Multipolar Principal,LEC LVI Multipolar Pyramidal,2246.3636143897743
maximum_weight_asymmetric_hamiltonian_path,MEC LV Multipolar Pyramidal,20,transition,LEC LVI Multipolar Pyramidal,EC LIII Stellate,43.43981399803702
maximum_weight_asymmetric_hamiltonian_path,MEC LV Multipolar Pyramidal,21,transition,EC LIII Stellate,EC LII III Pyramidal Tripolar,69.81600034271409
maximum_weight_asymmetric_hamiltonian_path,MEC LV Multipolar Pyramidal,22,transition,EC LII III Pyramidal Tripolar,MEC LII Stellate,3189.046054691212
maximum_weight_asymmetric_hamiltonian_path,MEC LV Multipolar Pyramidal,23,transition,MEC LII Stellate,MEC LIII Complex Pyramidal,3196.6416341268605
maximum_weight_asymmetric_hamiltonian_path,MEC LV Multipolar Pyramidal,24,transition,MEC LIII Complex Pyramidal,MEC LII Oblique Pyramidal,569.2148212010752
maximum_weight_asymmetric_hamiltonian_path,MEC LV Multipolar Pyramidal,25,transition,MEC LII Oblique Pyramidal,EC LIII Pyramidal,11.986703742041488
maximum_weight_asymmetric_hamiltonian_path,MEC LV Multipolar Pyramidal,26,transition,EC LIII Pyramidal,EC LIII V Bipolar Pyramidal,34.402964559753684
maximum_weight_asymmetric_hamiltonian_path,MEC LV Multipolar Pyramidal,27,transition,EC LIII V Bipolar Pyramidal,LEC LIII Multipolar Principal,1092.637693563088
maximum_weight_asymmetric_hamiltonian_path,MEC LV Multipolar Pyramidal,28,transition,LEC LIII Multipolar Principal,LEC LIII Complex Pyramidal,556.0635991085179
maximum_weight_asymmetric_hamiltonian_path,MEC LV Multipolar Pyramidal,29,transition,LEC LIII Complex Pyramidal,EC LIII Pyramidal Stellate,538.1000722266449
maximum_weight_asymmetric_hamiltonian_path,MEC LV Multipolar Pyramidal,30,transition,EC LIII Pyramidal Stellate,SUB CA1 Projecting Pyramidal,389.79456390732304
maximum_weight_asymmetric_hamiltonian_path,MEC LV Multipolar Pyramidal,31,transition,SUB CA1 Projecting Pyramidal,CA1 Radiatum Giant,8.28772603741471
maximum_weight_asymmetric_hamiltonian_path,MEC LV Pyramidal,1,transition,MEC LV Pyramidal,DG Granule,9568.736896643586
maximum_weight_asymmetric_hamiltonian_path,MEC LV Pyramidal,2,transition,DG Granule,DG Mossy,44908.709978571016
maximum_weight_asymmetric_hamiltonian_path,MEC LV Pyramidal,3,transition,DG Mossy,DG Semilunar Granule,50.6486718617241
maximum_weight_asymmetric_hamiltonian_path,MEC LV Pyramidal,4,transition,DG Semilunar Granule,DG Hilar Ectopic Granule,4588.842439594102
maximum_weight_asymmetric_hamiltonian_path,MEC LV Pyramidal,5,transition,DG Hilar Ectopic Granule,CA3 Pyramidal,0.0133035385226386
maximum_weight_asymmetric_hamiltonian_path,MEC LV Pyramidal,6,transition,CA3 Pyramidal,CA2 Pyramidal,12467.302061608583
maximum_weight_asymmetric_hamiltonian_path,MEC LV Pyramidal,7,transition,CA2 Pyramidal,CA3 Granule,592.9863345985209
maximum_weight_asymmetric_hamiltonian_path,MEC LV Pyramidal,8,transition,CA3 Granule,CA3c Pyramidal,2.280811281935155
maximum_weight_asymmetric_hamiltonian_path,MEC LV Pyramidal,9,transition,CA3c Pyramidal,CA1 Pyramidal,85609.60976338176
maximum_weight_asymmetric_hamiltonian_path,MEC LV Pyramidal,10,transition,CA1 Pyramidal,MEC LV VI Pyramidal Polymorphic,13564.64480225756
maximum_weight_asymmetric_hamiltonian_path,MEC LV Pyramidal,11,transition,MEC LV VI Pyramidal Polymorphic,EC LV Deep Pyramidal,78.22850736136446
maximum_weight_asymmetric_hamiltonian_path,MEC LV Pyramidal,12,transition,EC LV Deep Pyramidal,EC LIV VI Deep Multipolar Principal,326.6081416722669
maximum_weight_asymmetric_hamiltonian_path,MEC LV Pyramidal,13,transition,EC LIV VI Deep Multipolar Principal,LEC LVI Multipolar Pyramidal,2246.3636143897743
maximum_weight_asymmetric_hamiltonian_path,MEC LV Pyramidal,14,transition,LEC LVI Multipolar Pyramidal,EC LII III Pyramidal Tripolar,48.98798814646632
maximum_weight_asymmetric_hamiltonian_path,MEC LV Pyramidal,15,transition,EC LII III Pyramidal Tripolar,MEC LII Stellate,3189.046054691212
maximum_weight_asymmetric_hamiltonian_path,MEC LV Pyramidal,16,transition,MEC LII Stellate,MEC LIII Complex Pyramidal,3196.6416341268605
maximum_weight_asymmetric_hamiltonian_path,MEC LV Pyramidal,17,transition,MEC LIII Complex Pyramidal,MEC LII Oblique Pyramidal,569.2148212010752
maximum_weight_asymmetric_hamiltonian_path,MEC LV Pyramidal,18,transition,MEC LII Oblique Pyramidal,MEC LV Superficial Pyramidal,73.63513359542591
maximum_weight_asymmetric_hamiltonian_path,MEC LV Pyramidal,19,transition,MEC LV Superficial Pyramidal,EC LI II Pyramidal Fan,3.037796001788656
maximum_weight_asymmetric_hamiltonian_path,MEC LV Pyramidal,20,transition,EC LI II Pyramidal Fan,EC LI II Multipolar Pyramidal,7472.437106847604
maximum_weight_asymmetric_hamiltonian_path,MEC LV Pyramidal,21,transition,EC LI II Multipolar Pyramidal,MEC LIII Bipolar Complex Pyramidal,30698.001365671505
maximum_weight_asymmetric_hamiltonian_path,MEC LV Pyramidal,22,transition,MEC LIII Bipolar Complex Pyramidal,MEC LII III Pyramidal Multiform,156.10322882603091
maximum_weight_asymmetric_hamiltonian_path,MEC LV Pyramidal,23,transition,MEC LII III Pyramidal Multiform,MEC LV Multipolar Pyramidal,750.744376370936
maximum_weight_asymmetric_hamiltonian_path,MEC LV Pyramidal,24,transition,MEC LV Multipolar Pyramidal,EC LIII Stellate,32.21117840203443
maximum_weight_asymmetric_hamiltonian_path,MEC LV Pyramidal,25,transition,EC LIII Stellate,EC LIII Pyramidal,65.42000887199006
maximum_weight_asymmetric_hamiltonian_path,MEC LV Pyramidal,26,transition,EC LIII Pyramidal,EC LIII V Bipolar Pyramidal,34.402964559753684
maximum_weight_asymmetric_hamiltonian_path,MEC LV Pyramidal,27,transition,EC LIII V Bipolar Pyramidal,LEC LIII Multipolar Principal,1092.637693563088
maximum_weight_asymmetric_hamiltonian_path,MEC LV Pyramidal,28,transition,LEC LIII Multipolar Principal,LEC LIII Complex Pyramidal,556.0635991085179
maximum_weight_asymmetric_hamiltonian_path,MEC LV Pyramidal,29,transition,LEC LIII Complex Pyramidal,EC LIII Pyramidal Stellate,538.1000722266449
maximum_weight_asymmetric_hamiltonian_path,MEC LV Pyramidal,30,transition,EC LIII Pyramidal Stellate,SUB CA1 Projecting Pyramidal,389.79456390732304
maximum_weight_asymmetric_hamiltonian_path,MEC LV Pyramidal,31,transition,SUB CA1 Projecting Pyramidal,CA1 Radiatum Giant,8.28772603741471
maximum_weight_asymmetric_hamiltonian_path,MEC LV Superficial Pyramidal,1,transition,MEC LV Superficial Pyramidal,EC LI II Pyramidal Fan,3.037796001788656
maximum_weight_asymmetric_hamiltonian_path,MEC LV Superficial Pyramidal,2,transition,EC LI II Pyramidal Fan,EC LI II Multipolar Pyramidal,7472.437106847604
maximum_weight_asymmetric_hamiltonian_path,MEC LV Superficial Pyramidal,3,transition,EC LI II Multipolar Pyramidal,MEC LIII Bipolar Complex Pyramidal,30698.001365671505
maximum_weight_asymmetric_hamiltonian_path,MEC LV Superficial Pyramidal,4,transition,MEC LIII Bipolar Complex Pyramidal,MEC LII III Pyramidal Multiform,156.10322882603091
maximum_weight_asymmetric_hamiltonian_path,MEC LV Superficial Pyramidal,5,transition,MEC LII III Pyramidal Multiform,MEC LV Multipolar Pyramidal,750.744376370936
maximum_weight_asymmetric_hamiltonian_path,MEC LV Superficial Pyramidal,6,transition,MEC LV Multipolar Pyramidal,MEC LV Pyramidal,115.70855122819788
maximum_weight_asymmetric_hamiltonian_path,MEC LV Superficial Pyramidal,7,transition,MEC LV Pyramidal,DG Granule,9568.736896643586
maximum_weight_asymmetric_hamiltonian_path,MEC LV Superficial Pyramidal,8,transition,DG Granule,DG Mossy,44908.709978571016
maximum_weight_asymmetric_hamiltonian_path,MEC LV Superficial Pyramidal,9,transition,DG Mossy,DG Semilunar Granule,50.6486718617241
maximum_weight_asymmetric_hamiltonian_path,MEC LV Superficial Pyramidal,10,transition,DG Semilunar Granule,DG Hilar Ectopic Granule,4588.842439594102
maximum_weight_asymmetric_hamiltonian_path,MEC LV Superficial Pyramidal,11,transition,DG Hilar Ectopic Granule,CA3 Pyramidal,0.0133035385226386
maximum_weight_asymmetric_hamiltonian_path,MEC LV Superficial Pyramidal,12,transition,CA3 Pyramidal,CA2 Pyramidal,12467.302061608583
maximum_weight_asymmetric_hamiltonian_path,MEC LV Superficial Pyramidal,13,transition,CA2 Pyramidal,CA3 Granule,592.9863345985209
maximum_weight_asymmetric_hamiltonian_path,MEC LV Superficial Pyramidal,14,transition,CA3 Granule,CA3c Pyramidal,2.280811281935155
maximum_weight_asymmetric_hamiltonian_path,MEC LV Superficial Pyramidal,15,transition,CA3c Pyramidal,CA1 Pyramidal,85609.60976338176
maximum_weight_asymmetric_hamiltonian_path,MEC LV Superficial Pyramidal,16,transition,CA1 Pyramidal,MEC LV VI Pyramidal Polymorphic,13564.64480225756
maximum_weight_asymmetric_hamiltonian_path,MEC LV Superficial Pyramidal,17,transition,MEC LV VI Pyramidal Polymorphic,EC LV Deep Pyramidal,78.22850736136446
maximum_weight_asymmetric_hamiltonian_path,MEC LV Superficial Pyramidal,18,transition,EC LV Deep Pyramidal,EC LIV VI Deep Multipolar Principal,326.6081416722669
maximum_weight_asymmetric_hamiltonian_path,MEC LV Superficial Pyramidal,19,transition,EC LIV VI Deep Multipolar Principal,LEC LVI Multipolar Pyramidal,2246.3636143897743
maximum_weight_asymmetric_hamiltonian_path,MEC LV Superficial Pyramidal,20,transition,LEC LVI Multipolar Pyramidal,EC LIII Stellate,43.43981399803702
maximum_weight_asymmetric_hamiltonian_path,MEC LV Superficial Pyramidal,21,transition,EC LIII Stellate,EC LII III Pyramidal Tripolar,69.81600034271409
maximum_weight_asymmetric_hamiltonian_path,MEC LV Superficial Pyramidal,22,transition,EC LII III Pyramidal Tripolar,MEC LII Stellate,3189.046054691212
maximum_weight_asymmetric_hamiltonian_path,MEC LV Superficial Pyramidal,23,transition,MEC LII Stellate,MEC LIII Complex Pyramidal,3196.6416341268605
maximum_weight_asymmetric_hamiltonian_path,MEC LV Superficial Pyramidal,24,transition,MEC LIII Complex Pyramidal,MEC LII Oblique Pyramidal,569.2148212010752
maximum_weight_asymmetric_hamiltonian_path,MEC LV Superficial Pyramidal,25,transition,MEC LII Oblique Pyramidal,EC LIII Pyramidal,11.986703742041488
maximum_weight_asymmetric_hamiltonian_path,MEC LV Superficial Pyramidal,26,transition,EC LIII Pyramidal,EC LIII V Bipolar Pyramidal,34.402964559753684
maximum_weight_asymmetric_hamiltonian_path,MEC LV Superficial Pyramidal,27,transition,EC LIII V Bipolar Pyramidal,LEC LIII Multipolar Principal,1092.637693563088
maximum_weight_asymmetric_hamiltonian_path,MEC LV Superficial Pyramidal,28,transition,LEC LIII Multipolar Principal,LEC LIII Complex Pyramidal,556.0635991085179
maximum_weight_asymmetric_hamiltonian_path,MEC LV Superficial Pyramidal,29,transition,LEC LIII Complex Pyramidal,EC LIII Pyramidal Stellate,538.1000722266449
maximum_weight_asymmetric_hamiltonian_path,MEC LV Superficial Pyramidal,30,transition,EC LIII Pyramidal Stellate,SUB CA1 Projecting Pyramidal,389.79456390732304
maximum_weight_asymmetric_hamiltonian_path,MEC LV Superficial Pyramidal,31,transition,SUB CA1 Projecting Pyramidal,CA1 Radiatum Giant,8.28772603741471
maximum_weight_asymmetric_hamiltonian_path,MEC LV VI Pyramidal Polymorphic,1,transition,MEC LV VI Pyramidal Polymorphic,EC LV Deep Pyramidal,78.22850736136446
maximum_weight_asymmetric_hamiltonian_path,MEC LV VI Pyramidal Polymorphic,2,transition,EC LV Deep Pyramidal,EC LIV VI Deep Multipolar Principal,326.6081416722669
maximum_weight_asymmetric_hamiltonian_path,MEC LV VI Pyramidal Polymorphic,3,transition,EC LIV VI Deep Multipolar Principal,LEC LIII Multipolar Principal,1887.6870292903488
maximum_weight_asymmetric_hamiltonian_path,MEC LV VI Pyramidal Polymorphic,4,transition,LEC LIII Multipolar Principal,LEC LIII Complex Pyramidal,556.0635991085179
maximum_weight_asymmetric_hamiltonian_path,MEC LV VI Pyramidal Polymorphic,5,transition,LEC LIII Complex Pyramidal,EC LIII Stellate,422.07977447495017
maximum_weight_asymmetric_hamiltonian_path,MEC LV VI Pyramidal Polymorphic,6,transition,EC LIII Stellate,EC LIII Pyramidal,65.42000887199006
maximum_weight_asymmetric_hamiltonian_path,MEC LV VI Pyramidal Polymorphic,7,transition,EC LIII Pyramidal,EC LII III Pyramidal Tripolar,18.60625677457176
maximum_weight_asymmetric_hamiltonian_path,MEC LV VI Pyramidal Polymorphic,8,transition,EC LII III Pyramidal Tripolar,MEC LII Stellate,3189.046054691212
maximum_weight_asymmetric_hamiltonian_path,MEC LV VI Pyramidal Polymorphic,9,transition,MEC LII Stellate,MEC LIII Complex Pyramidal,3196.6416341268605
maximum_weight_asymmetric_hamiltonian_path,MEC LV VI Pyramidal Polymorphic,10,transition,MEC LIII Complex Pyramidal,MEC LII Oblique Pyramidal,569.2148212010752
maximum_weight_asymmetric_hamiltonian_path,MEC LV VI Pyramidal Polymorphic,11,transition,MEC LII Oblique Pyramidal,MEC LV Superficial Pyramidal,73.63513359542591
maximum_weight_asymmetric_hamiltonian_path,MEC LV VI Pyramidal Polymorphic,12,transition,MEC LV Superficial Pyramidal,EC LI II Pyramidal Fan,3.037796001788656
maximum_weight_asymmetric_hamiltonian_path,MEC LV VI Pyramidal Polymorphic,13,transition,EC LI II Pyramidal Fan,EC LI II Multipolar Pyramidal,7472.437106847604
maximum_weight_asymmetric_hamiltonian_path,MEC LV VI Pyramidal Polymorphic,14,transition,EC LI II Multipolar Pyramidal,MEC LIII Bipolar Complex Pyramidal,30698.001365671505
maximum_weight_asymmetric_hamiltonian_path,MEC LV VI Pyramidal Polymorphic,15,transition,MEC LIII Bipolar Complex Pyramidal,MEC LII III Pyramidal Multiform,156.10322882603091
maximum_weight_asymmetric_hamiltonian_path,MEC LV VI Pyramidal Polymorphic,16,transition,MEC LII III Pyramidal Multiform,MEC LV Multipolar Pyramidal,750.744376370936
maximum_weight_asymmetric_hamiltonian_path,MEC LV VI Pyramidal Polymorphic,17,transition,MEC LV Multipolar Pyramidal,MEC LV Pyramidal,115.70855122819788
maximum_weight_asymmetric_hamiltonian_path,MEC LV VI Pyramidal Polymorphic,18,transition,MEC LV Pyramidal,DG Granule,9568.736896643586
maximum_weight_asymmetric_hamiltonian_path,MEC LV VI Pyramidal Polymorphic,19,transition,DG Granule,DG Mossy,44908.709978571016
maximum_weight_asymmetric_hamiltonian_path,MEC LV VI Pyramidal Polymorphic,20,transition,DG Mossy,DG Semilunar Granule,50.6486718617241
maximum_weight_asymmetric_hamiltonian_path,MEC LV VI Pyramidal Polymorphic,21,transition,DG Semilunar Granule,DG Hilar Ectopic Granule,4588.842439594102
maximum_weight_asymmetric_hamiltonian_path,MEC LV VI Pyramidal Polymorphic,22,transition,DG Hilar Ectopic Granule,CA3 Pyramidal,0.0133035385226386
maximum_weight_asymmetric_hamiltonian_path,MEC LV VI Pyramidal Polymorphic,23,transition,CA3 Pyramidal,CA2 Pyramidal,12467.302061608583
maximum_weight_asymmetric_hamiltonian_path,MEC LV VI Pyramidal Polymorphic,24,transition,CA2 Pyramidal,CA3 Granule,592.9863345985209
maximum_weight_asymmetric_hamiltonian_path,MEC LV VI Pyramidal Polymorphic,25,transition,CA3 Granule,CA3c Pyramidal,2.280811281935155
maximum_weight_asymmetric_hamiltonian_path,MEC LV VI Pyramidal Polymorphic,26,transition,CA3c Pyramidal,CA1 Pyramidal,85609.60976338176
maximum_weight_asymmetric_hamiltonian_path,MEC LV VI Pyramidal Polymorphic,27,transition,CA1 Pyramidal,LEC LVI Multipolar Pyramidal,10569.009270094895
maximum_weight_asymmetric_hamiltonian_path,MEC LV VI Pyramidal Polymorphic,28,transition,LEC LVI Multipolar Pyramidal,EC LIII V Bipolar Pyramidal,101.04977810289805
maximum_weight_asymmetric_hamiltonian_path,MEC LV VI Pyramidal Polymorphic,29,transition,EC LIII V Bipolar Pyramidal,EC LIII Pyramidal Stellate,601.3553812101552
maximum_weight_asymmetric_hamiltonian_path,MEC LV VI Pyramidal Polymorphic,30,transition,EC LIII Pyramidal Stellate,SUB CA1 Projecting Pyramidal,389.79456390732304
maximum_weight_asymmetric_hamiltonian_path,MEC LV VI Pyramidal Polymorphic,31,transition,SUB CA1 Projecting Pyramidal,CA1 Radiatum Giant,8.28772603741471
maximum_weight_asymmetric_hamiltonian_path,SUB CA1 Projecting Pyramidal,1,transition,SUB CA1 Projecting Pyramidal,CA1 Radiatum Giant,8.28772603741471
maximum_weight_asymmetric_hamiltonian_path,SUB CA1 Projecting Pyramidal,2,transition,CA1 Radiatum Giant,CA1 Pyramidal,52.52606827667822
maximum_weight_asymmetric_hamiltonian_path,SUB CA1 Projecting Pyramidal,3,transition,CA1 Pyramidal,MEC LV VI Pyramidal Polymorphic,13564.64480225756
maximum_weight_asymmetric_hamiltonian_path,SUB CA1 Projecting Pyramidal,4,transition,MEC LV VI Pyramidal Polymorphic,EC LV Deep Pyramidal,78.22850736136446
maximum_weight_asymmetric_hamiltonian_path,SUB CA1 Projecting Pyramidal,5,transition,EC LV Deep Pyramidal,MEC LV Superficial Pyramidal,71.48087991739837
maximum_weight_asymmetric_hamiltonian_path,SUB CA1 Projecting Pyramidal,6,transition,MEC LV Superficial Pyramidal,MEC LIII Bipolar Complex Pyramidal,188.7882684418888
maximum_weight_asymmetric_hamiltonian_path,SUB CA1 Projecting Pyramidal,7,transition,MEC LIII Bipolar Complex Pyramidal,MEC LII III Pyramidal Multiform,156.10322882603091
maximum_weight_asymmetric_hamiltonian_path,SUB CA1 Projecting Pyramidal,8,transition,MEC LII III Pyramidal Multiform,MEC LII Oblique Pyramidal,180.20032398337835
maximum_weight_asymmetric_hamiltonian_path,SUB CA1 Projecting Pyramidal,9,transition,MEC LII Oblique Pyramidal,MEC LV Multipolar Pyramidal,64.19606531679433
maximum_weight_asymmetric_hamiltonian_path,SUB CA1 Projecting Pyramidal,10,transition,MEC LV Multipolar Pyramidal,EC LIII Pyramidal,26.53458883572656
maximum_weight_asymmetric_hamiltonian_path,SUB CA1 Projecting Pyramidal,11,transition,EC LIII Pyramidal,MEC LIII Complex Pyramidal,95.38401512691595
maximum_weight_asymmetric_hamiltonian_path,SUB CA1 Projecting Pyramidal,12,transition,MEC LIII Complex Pyramidal,EC LIV VI Deep Multipolar Principal,19.766329709718363
maximum_weight_asymmetric_hamiltonian_path,SUB CA1 Projecting Pyramidal,13,transition,EC LIV VI Deep Multipolar Principal,LEC LVI Multipolar Pyramidal,2246.3636143897743
maximum_weight_asymmetric_hamiltonian_path,SUB CA1 Projecting Pyramidal,14,transition,LEC LVI Multipolar Pyramidal,EC LIII Stellate,43.43981399803702
maximum_weight_asymmetric_hamiltonian_path,SUB CA1 Projecting Pyramidal,15,transition,EC LIII Stellate,EC LIII V Bipolar Pyramidal,17.203193101718238
maximum_weight_asymmetric_hamiltonian_path,SUB CA1 Projecting Pyramidal,16,transition,EC LIII V Bipolar Pyramidal,LEC LIII Multipolar Principal,1092.637693563088
maximum_weight_asymmetric_hamiltonian_path,SUB CA1 Projecting Pyramidal,17,transition,LEC LIII Multipolar Principal,EC LIII Pyramidal Stellate,406.0536249631236
maximum_weight_asymmetric_hamiltonian_path,SUB CA1 Projecting Pyramidal,18,transition,EC LIII Pyramidal Stellate,LEC LIII Complex Pyramidal,205.36992313739768
maximum_weight_asymmetric_hamiltonian_path,SUB CA1 Projecting Pyramidal,19,transition,LEC LIII Complex Pyramidal,EC LI II Pyramidal Fan,23.12767624896576
maximum_weight_asymmetric_hamiltonian_path,SUB CA1 Projecting Pyramidal,20,transition,EC LI II Pyramidal Fan,EC LI II Multipolar Pyramidal,7472.437106847604
maximum_weight_asymmetric_hamiltonian_path,SUB CA1 Projecting Pyramidal,21,transition,EC LI II Multipolar Pyramidal,EC LII III Pyramidal Tripolar,28854.49238765121
maximum_weight_asymmetric_hamiltonian_path,SUB CA1 Projecting Pyramidal,22,transition,EC LII III Pyramidal Tripolar,MEC LII Stellate,3189.046054691212
maximum_weight_asymmetric_hamiltonian_path,SUB CA1 Projecting Pyramidal,23,transition,MEC LII Stellate,MEC LV Pyramidal,1511.061780907998
maximum_weight_asymmetric_hamiltonian_path,SUB CA1 Projecting Pyramidal,24,transition,MEC LV Pyramidal,DG Granule,9568.736896643586
maximum_weight_asymmetric_hamiltonian_path,SUB CA1 Projecting Pyramidal,25,transition,DG Granule,DG Mossy,44908.709978571016
maximum_weight_asymmetric_hamiltonian_path,SUB CA1 Projecting Pyramidal,26,transition,DG Mossy,DG Semilunar Granule,50.6486718617241
maximum_weight_asymmetric_hamiltonian_path,SUB CA1 Projecting Pyramidal,27,transition,DG Semilunar Granule,DG Hilar Ectopic Granule,4588.842439594102
maximum_weight_asymmetric_hamiltonian_path,SUB CA1 Projecting Pyramidal,28,transition,DG Hilar Ectopic Granule,CA3 Pyramidal,0.0133035385226386
maximum_weight_asymmetric_hamiltonian_path,SUB CA1 Projecting Pyramidal,29,transition,CA3 Pyramidal,CA3c Pyramidal,6774.278639391325
maximum_weight_asymmetric_hamiltonian_path,SUB CA1 Projecting Pyramidal,30,transition,CA3c Pyramidal,CA2 Pyramidal,24424.53581944845
maximum_weight_asymmetric_hamiltonian_path,SUB CA1 Projecting Pyramidal,31,transition,CA2 Pyramidal,CA3 Granule,592.9863345985209
