method,seed,length_edges,n_nodes_visited,transition_weight_sum,summed_weight,terminus,path,bb_states_seen,bb_status,bb_score,dp_mode,dp_score,milp_status,milp_score,milp_objective,milp_time_limit_seconds,hamiltonian_status,hamiltonian_score,hamiltonian_objective,hamiltonian_time_limit_seconds
greedy_tree_path,CA1 Pyramidal,15,16,70463.83456151624,70463.83456151624,CA1 Radiatum Giant,CA1 Pyramidal -> MEC LV VI Pyramidal Polymorphic -> EC LIV VI Deep Multipolar Principal -> LEC LVI Multipolar Pyramidal -> LEC LIII Multipolar Principal -> LEC LIII Complex Pyramidal -> EC LIII Pyramidal Stellate -> MEC LIII Complex Pyramidal -> MEC LII Stellate -> CA3 Granule -> CA3c Pyramidal -> CA2 Pyramidal -> DG Mossy -> DG Hilar Ectopic Granule -> CA3 Pyramidal -> CA1 Radiatum Giant,,,,,,,,,,,,,
greedy_tree_path,CA1 Radiatum Giant,15,16,70212.69767993434,70212.69767993434,CA3 Pyramidal,CA1 Radiatum Giant -> CA1 Pyramidal -> MEC LV VI Pyramidal Polymorphic -> EC LIV VI Deep Multipolar Principal -> LEC LVI Multipolar Pyramidal -> LEC LIII Multipolar Principal -> LEC LIII Complex Pyramidal -> EC LIII Pyramidal Stellate -> MEC LIII Complex Pyramidal -> MEC LII Stellate -> CA3 Granule -> CA3c Pyramidal -> CA2 Pyramidal -> DG Mossy -> DG Hilar Ectopic Granule -> CA3 Pyramidal,,,,,,,,,,,,,
greedy_tree_path,CA2 Pyramidal,16,17,98803.64714458957,98803.64714458957,CA1 Radiatum Giant,CA2 Pyramidal -> CA1 Pyramidal -> MEC LV VI Pyramidal Polymorphic -> EC LIV VI Deep Multipolar Principal -> LEC LVI Multipolar Pyramidal -> LEC LIII Multipolar Principal -> LEC LIII Complex Pyramidal -> EC LIII Pyramidal Stellate -> MEC LIII Complex Pyramidal -> MEC LII Stellate -> CA3 Granule -> CA3c Pyramidal -> DG Granule -> DG Mossy -> DG Hilar Ectopic Granule -> CA3 Pyramidal -> CA1 Radiatum Giant,,,,,,,,,,,,,
greedy_tree_path,CA3 Granule,15,16,118053.76242369786,118053.76242369786,CA1 Radiatum Giant,CA3 Granule -> CA3c Pyramidal -> CA1 Pyramidal -> MEC LV VI Pyramidal Polymorphic -> EC LIV VI Deep Multipolar Principal -> LEC LVI Multipolar Pyramidal -> LEC LIII Multipolar Principal -> LEC LIII Complex Pyramidal -> EC LIII Pyramidal Stellate -> MEC LIII Complex Pyramidal -> MEC LII Stellate -> CA2 Pyramidal -> DG Mossy -> DG Hilar Ectopic Granule -> CA3 Pyramidal -> CA1 Radiatum Giant,,,,,,,,,,,,,
greedy_tree_path,CA3 Pyramidal,15,16,110967.27295280102,110967.27295280102,DG Hilar Ectopic Granule,CA3 Pyramidal -> CA2 Pyramidal -> CA1 Pyramidal -> MEC LV VI Pyramidal Polymorphic -> EC LIV VI Deep Multipolar Principal -> LEC LVI Multipolar Pyramidal -> LEC LIII Multipolar Principal -> LEC LIII Complex Pyramidal -> EC LIII Pyramidal Stellate -> MEC LIII Complex Pyramidal -> MEC LII Stellate -> CA3 Granule -> CA3c Pyramidal -> DG Granule -> DG Mossy -> DG Hilar Ectopic Granule,,,,,,,,,,,,,
greedy_tree_path,CA3c Pyramidal,14,15,143811.1955212624,143811.1955212624,DG Hilar Ectopic Granule,CA3c Pyramidal -> CA1 Pyramidal -> MEC LV VI Pyramidal Polymorphic -> EC LIV VI Deep Multipolar Principal -> LEC LVI Multipolar Pyramidal -> LEC LIII Multipolar Principal -> LEC LIII Complex Pyramidal -> EC LIII Pyramidal Stellate -> MEC LIII Complex Pyramidal -> MEC LII Stellate -> CA3 Granule -> CA3 Pyramidal -> CA2 Pyramidal -> DG Mossy -> DG Hilar Ectopic Granule,,,,,,,,,,,,,
greedy_tree_path,DG Granule,16,17,184146.61118735807,184146.61118735807,CA1 Radiatum Giant,DG Granule -> DG Mossy -> DG Hilar Ectopic Granule -> CA3c Pyramidal -> CA1 Pyramidal -> MEC LV VI Pyramidal Polymorphic -> EC LIV VI Deep Multipolar Principal -> LEC LVI Multipolar Pyramidal -> LEC LIII Multipolar Principal -> LEC LIII Complex Pyramidal -> EC LIII Pyramidal Stellate -> MEC LIII Complex Pyramidal -> MEC LII Stellate -> CA3 Granule -> CA3 Pyramidal -> CA2 Pyramidal -> CA1 Radiatum Giant,,,,,,,,,,,,,
greedy_tree_path,DG Hilar Ectopic Granule,15,16,52707.12536318414,52707.12536318414,CA1 Radiatum Giant,DG Hilar Ectopic Granule -> DG Mossy -> DG Granule -> CA2 Pyramidal -> CA1 Pyramidal -> MEC LV VI Pyramidal Polymorphic -> EC LIV VI Deep Multipolar Principal -> LEC LVI Multipolar Pyramidal -> LEC LIII Multipolar Principal -> LEC LIII Complex Pyramidal -> EC LIII Pyramidal Stellate -> MEC LIII Complex Pyramidal -> MEC LII Stellate -> CA3 Granule -> CA3c Pyramidal -> CA1 Radiatum Giant,,,,,,,,,,,,,
greedy_tree_path,DG Mossy,15,16,139237.90120878708,139237.90120878708,CA1 Radiatum Giant,DG Mossy -> DG Hilar Ectopic Granule -> CA3c Pyramidal -> CA1 Pyramidal -> MEC LV VI Pyramidal Polymorphic -> EC LIV VI Deep Multipolar Principal -> LEC LVI Multipolar Pyramidal -> LEC LIII Multipolar Principal -> LEC LIII Complex Pyramidal -> EC LIII Pyramidal Stellate -> MEC LIII Complex Pyramidal -> MEC LII Stellate -> CA3 Granule -> CA3 Pyramidal -> CA2 Pyramidal -> CA1 Radiatum Giant,,,,,,,,,,,,,
greedy_tree_path,DG Semilunar Granule,16,17,144393.00700757426,144393.00700757426,CA1 Radiatum Giant,DG Semilunar Granule -> DG Mossy -> DG Hilar Ectopic Granule -> CA3c Pyramidal -> CA1 Pyramidal -> MEC LV VI Pyramidal Polymorphic -> EC LIV VI Deep Multipolar Principal -> LEC LVI Multipolar Pyramidal -> LEC LIII Multipolar Principal -> LEC LIII Complex Pyramidal -> EC LIII Pyramidal Stellate -> MEC LIII Complex Pyramidal -> MEC LII Stellate -> CA3 Granule -> CA3 Pyramidal -> CA2 Pyramidal -> CA1 Radiatum Giant,,,,,,,,,,,,,
greedy_tree_path,EC LI II Multipolar Pyramidal,14,15,155698.90674238442,155698.90674238442,CA1 Radiatum Giant,EC LI II Multipolar Pyramidal -> MEC LIII Bipolar Complex Pyramidal -> MEC LIII Complex Pyramidal -> MEC LII Stellate -> CA3 Granule -> CA3c Pyramidal -> CA1 Pyramidal -> MEC LV VI Pyramidal Polymorphic -> EC LIV VI Deep Multipolar Principal -> LEC LVI Multipolar Pyramidal -> LEC LIII Multipolar Principal -> LEC LIII Complex Pyramidal -> EC LIII Pyramidal Stellate -> SUB CA1 Projecting Pyramidal -> CA1 Radiatum Giant,,,,,,,,,,,,,
greedy_tree_path,EC LI II Pyramidal Fan,15,16,163171.34384923204,163171.34384923204,CA1 Radiatum Giant,EC LI II Pyramidal Fan -> EC LI II Multipolar Pyramidal -> MEC LIII Bipolar Complex Pyramidal -> MEC LIII Complex Pyramidal -> MEC LII Stellate -> CA3 Granule -> CA3c Pyramidal -> CA1 Pyramidal -> MEC LV VI Pyramidal Polymorphic -> EC LIV VI Deep Multipolar Principal -> LEC LVI Multipolar Pyramidal -> LEC LIII Multipolar Principal -> LEC LIII Complex Pyramidal -> EC LIII Pyramidal Stellate -> SUB CA1 Projecting Pyramidal -> CA1 Radiatum Giant,,,,,,,,,,,,,
greedy_tree_path,EC LII III Pyramidal Tripolar,15,16,159915.302446034,159915.302446034,CA1 Radiatum Giant,EC LII III Pyramidal Tripolar -> EC LI II Multipolar Pyramidal -> MEC LIII Bipolar Complex Pyramidal -> MEC LIII Complex Pyramidal -> MEC LII Stellate -> CA3 Granule -> CA3c Pyramidal -> CA1 Pyramidal -> MEC LV VI Pyramidal Polymorphic -> EC LIV VI Deep Multipolar Principal -> LEC LVI Multipolar Pyramidal -> LEC LIII Multipolar Principal -> LEC LIII Complex Pyramidal -> EC LIII Pyramidal Stellate -> SUB CA1 Projecting Pyramidal -> CA1 Radiatum Giant,,,,,,,,,,,,,
greedy_tree_path,EC LIII Pyramidal,16,17,70863.65275640332,70863.65275640332,CA1 Radiatum Giant,EC LIII Pyramidal -> CA1 Pyramidal -> MEC LV VI Pyramidal Polymorphic -> EC LIV VI Deep Multipolar Principal -> LEC LVI Multipolar Pyramidal -> LEC LIII Multipolar Principal -> LEC LIII Complex Pyramidal -> EC LIII Pyramidal Stellate -> MEC LIII Complex Pyramidal -> MEC LII Stellate -> CA3 Granule -> CA3c Pyramidal -> CA2 Pyramidal -> DG Mossy -> DG Hilar Ectopic Granule -> CA3 Pyramidal -> CA1 Radiatum Giant,,,,,,,,,,,,,
greedy_tree_path,EC LIII Pyramidal Stellate,16,17,75217.68818495833,75217.68818495833,CA1 Radiatum Giant,EC LIII Pyramidal Stellate -> CA1 Pyramidal -> MEC LV VI Pyramidal Polymorphic -> EC LIV VI Deep Multipolar Principal -> LEC LVI Multipolar Pyramidal -> LEC LIII Multipolar Principal -> LEC LIII Complex Pyramidal -> EC LIII Stellate -> MEC LIII Complex Pyramidal -> MEC LII Stellate -> CA3 Granule -> CA3c Pyramidal -> CA2 Pyramidal -> DG Mossy -> DG Hilar Ectopic Granule -> CA3 Pyramidal -> CA1 Radiatum Giant,,,,,,,,,,,,,
greedy_tree_path,EC LIII Stellate,22,23,194837.7148272929,194837.7148272929,CA1 Radiatum Giant,EC LIII Stellate -> MEC LIII Complex Pyramidal -> MEC LII Stellate -> CA3 Granule -> CA3c Pyramidal -> CA1 Pyramidal -> MEC LV VI Pyramidal Polymorphic -> EC LIV VI Deep Multipolar Principal -> LEC LVI Multipolar Pyramidal -> LEC LIII Multipolar Principal -> LEC LIII Complex Pyramidal -> EC LIII Pyramidal Stellate -> MEC LIII Bipolar Complex Pyramidal -> MEC LII III Pyramidal Multiform -> MEC LV Multipolar Pyramidal -> MEC LV Superficial Pyramidal -> MEC LV Pyramidal -> DG Granule -> DG Mossy -> DG Hilar Ectopic Granule -> CA3 Pyramidal -> CA2 Pyramidal -> CA1 Radiatum Giant,,,,,,,,,,,,,
greedy_tree_path,EC LIII V Bipolar Pyramidal,16,17,108993.79474688401,108993.79474688401,CA3 Granule,EC LIII V Bipolar Pyramidal -> LEC LIII Multipolar Principal -> LEC LIII Complex Pyramidal -> EC LIII Pyramidal Stellate -> CA1 Pyramidal -> MEC LV VI Pyramidal Polymorphic -> EC LIV VI Deep Multipolar Principal -> LEC LVI Multipolar Pyramidal -> EC LV Deep Pyramidal -> MEC LV Pyramidal -> DG Granule -> DG Mossy -> DG Hilar Ectopic Granule -> CA3c Pyramidal -> CA2 Pyramidal -> CA3 Pyramidal -> CA3 Granule,,,,,,,,,,,,,
greedy_tree_path,EC LIV VI Deep Multipolar Principal,17,18,69254.61751614326,69254.61751614326,CA1 Radiatum Giant,EC LIV VI Deep Multipolar Principal -> MEC LV VI Pyramidal Polymorphic -> EC LV Deep Pyramidal -> LEC LVI Multipolar Pyramidal -> LEC LIII Multipolar Principal -> LEC LIII Complex Pyramidal -> EC LIII Pyramidal Stellate -> CA1 Pyramidal -> EC LIII V Bipolar Pyramidal -> MEC LIII Complex Pyramidal -> MEC LII Stellate -> CA3 Granule -> CA3c Pyramidal -> CA2 Pyramidal -> DG Mossy -> DG Hilar Ectopic Granule -> CA3 Pyramidal -> CA1 Radiatum Giant,,,,,,,,,,,,,
greedy_tree_path,EC LV Deep Pyramidal,17,18,68952.1721771052,68952.1721771052,CA1 Radiatum Giant,EC LV Deep Pyramidal -> MEC LV VI Pyramidal Polymorphic -> EC LIV VI Deep Multipolar Principal -> LEC LVI Multipolar Pyramidal -> LEC LIII Multipolar Principal -> LEC LIII Complex Pyramidal -> EC LIII Pyramidal Stellate -> CA1 Pyramidal -> EC LIII V Bipolar Pyramidal -> MEC LIII Complex Pyramidal -> MEC LII Stellate -> CA3 Granule -> CA3c Pyramidal -> CA2 Pyramidal -> DG Mossy -> DG Hilar Ectopic Granule -> CA3 Pyramidal -> CA1 Radiatum Giant,,,,,,,,,,,,,
greedy_tree_path,LEC LIII Complex Pyramidal,14,15,155794.07654363938,155794.07654363938,CA1 Radiatum Giant,LEC LIII Complex Pyramidal -> LEC LIII Multipolar Principal -> EC LI II Multipolar Pyramidal -> MEC LIII Bipolar Complex Pyramidal -> MEC LIII Complex Pyramidal -> MEC LII Stellate -> CA3 Granule -> CA3c Pyramidal -> CA1 Pyramidal -> MEC LV VI Pyramidal Polymorphic -> EC LIV VI Deep Multipolar Principal -> LEC LVI Multipolar Pyramidal -> EC LIII Pyramidal Stellate -> SUB CA1 Projecting Pyramidal -> CA1 Radiatum Giant,,,,,,,,,,,,,
greedy_tree_path,LEC LIII Multipolar Principal,17,18,76211.23364568492,76211.23364568492,CA1 Radiatum Giant,LEC LIII Multipolar Principal -> LEC LIII Complex Pyramidal -> EC LIII Pyramidal Stellate -> CA1 Pyramidal -> MEC LV VI Pyramidal Polymorphic -> EC LIV VI Deep Multipolar Principal -> LEC LVI Multipolar Pyramidal -> EC LV Deep Pyramidal -> EC LIII V Bipolar Pyramidal -> MEC LIII Complex Pyramidal -> MEC LII Stellate -> CA3 Granule -> CA3c Pyramidal -> CA2 Pyramidal -> DG Mossy -> DG Hilar Ectopic Granule -> CA3 Pyramidal -> CA1 Radiatum Giant,,,,,,,,,,,,,
greedy_tree_path,LEC LVI Multipolar Pyramidal,15,16,74349.04896581652,74349.04896581652,CA1 Radiatum Giant,LEC LVI Multipolar Pyramidal -> LEC LIII Multipolar Principal -> LEC LIII Complex Pyramidal -> EC LIII Pyramidal Stellate -> CA1 Pyramidal -> MEC LV VI Pyramidal Polymorphic -> EC LIV VI Deep Multipolar Principal -> MEC LIII Complex Pyramidal -> MEC LII Stellate -> CA3 Granule -> CA3c Pyramidal -> CA2 Pyramidal -> DG Mossy -> DG Hilar Ectopic Granule -> CA3 Pyramidal -> CA1 Radiatum Giant,,,,,,,,,,,,,
greedy_tree_path,MEC LII III Pyramidal Multiform,18,19,71071.14371673469,71071.14371673469,CA1 Radiatum Giant,MEC LII III Pyramidal Multiform -> MEC LV VI Pyramidal Polymorphic -> EC LIV VI Deep Multipolar Principal -> LEC LVI Multipolar Pyramidal -> LEC LIII Multipolar Principal -> LEC LIII Complex Pyramidal -> EC LIII Pyramidal Stellate -> CA1 Pyramidal -> EC LV Deep Pyramidal -> EC LIII V Bipolar Pyramidal -> MEC LIII Complex Pyramidal -> MEC LII Stellate -> CA3 Granule -> CA3c Pyramidal -> CA2 Pyramidal -> DG Mossy -> DG Hilar Ectopic Granule -> CA3 Pyramidal -> CA1 Radiatum Giant,,,,,,,,,,,,,
greedy_tree_path,MEC LII Oblique Pyramidal,22,23,195127.34249268565,195127.34249268565,CA1 Radiatum Giant,MEC LII Oblique Pyramidal -> MEC LIII Complex Pyramidal -> MEC LII Stellate -> CA3 Granule -> CA3c Pyramidal -> CA1 Pyramidal -> MEC LV VI Pyramidal Polymorphic -> EC LIV VI Deep Multipolar Principal -> LEC LVI Multipolar Pyramidal -> LEC LIII Multipolar Principal -> LEC LIII Complex Pyramidal -> EC LIII Pyramidal Stellate -> MEC LIII Bipolar Complex Pyramidal -> MEC LII III Pyramidal Multiform -> MEC LV Multipolar Pyramidal -> MEC LV Superficial Pyramidal -> MEC LV Pyramidal -> DG Granule -> DG Mossy -> DG Hilar Ectopic Granule -> CA3 Pyramidal -> CA2 Pyramidal -> CA1 Radiatum Giant,,,,,,,,,,,,,
greedy_tree_path,MEC LII Stellate,22,23,194238.90435129302,194238.90435129302,CA1 Radiatum Giant,MEC LII Stellate -> CA3 Granule -> CA3c Pyramidal -> CA1 Pyramidal -> MEC LV VI Pyramidal Polymorphic -> EC LIV VI Deep Multipolar Principal -> LEC LVI Multipolar Pyramidal -> LEC LIII Multipolar Principal -> LEC LIII Complex Pyramidal -> EC LIII Pyramidal Stellate -> MEC LIII Complex Pyramidal -> MEC LII Oblique Pyramidal -> MEC LV Superficial Pyramidal -> MEC LV Multipolar Pyramidal -> MEC LIII Bipolar Complex Pyramidal -> MEC LII III Pyramidal Multiform -> MEC LV Pyramidal -> DG Granule -> DG Mossy -> DG Hilar Ectopic Granule -> CA3 Pyramidal -> CA2 Pyramidal -> CA1 Radiatum Giant,,,,,,,,,,,,,
greedy_tree_path,MEC LIII Bipolar Complex Pyramidal,13,14,125000.90537671298,125000.90537671298,CA1 Radiatum Giant,MEC LIII Bipolar Complex Pyramidal -> MEC LIII Complex Pyramidal -> MEC LII Stellate -> CA3 Granule -> CA3c Pyramidal -> CA1 Pyramidal -> MEC LV VI Pyramidal Polymorphic -> EC LIV VI Deep Multipolar Principal -> LEC LVI Multipolar Pyramidal -> LEC LIII Multipolar Principal -> LEC LIII Complex Pyramidal -> EC LIII Pyramidal Stellate -> SUB CA1 Projecting Pyramidal -> CA1 Radiatum Giant,,,,,,,,,,,,,
greedy_tree_path,MEC LIII Complex Pyramidal,21,22,194671.9025982207,194671.9025982207,CA1 Radiatum Giant,MEC LIII Complex Pyramidal -> MEC LII Stellate -> CA3 Granule -> CA3c Pyramidal -> CA1 Pyramidal -> MEC LV VI Pyramidal Polymorphic -> EC LIV VI Deep Multipolar Principal -> LEC LVI Multipolar Pyramidal -> LEC LIII Multipolar Principal -> LEC LIII Complex Pyramidal -> EC LIII Pyramidal Stellate -> MEC LIII Bipolar Complex Pyramidal -> MEC LII III Pyramidal Multiform -> MEC LV Multipolar Pyramidal -> MEC LV Superficial Pyramidal -> MEC LV Pyramidal -> DG Granule -> DG Mossy -> DG Hilar Ectopic Granule -> CA3 Pyramidal -> CA2 Pyramidal -> CA1 Radiatum Giant,,,,,,,,,,,,,
greedy_tree_path,MEC LV Multipolar Pyramidal,21,22,194829.73796220415,194829.73796220415,CA1 Radiatum Giant,MEC LV Multipolar Pyramidal -> MEC LIII Complex Pyramidal -> MEC LII Stellate -> CA3 Granule -> CA3c Pyramidal -> CA1 Pyramidal -> MEC LV VI Pyramidal Polymorphic -> EC LIV VI Deep Multipolar Principal -> LEC LVI Multipolar Pyramidal -> LEC LIII Multipolar Principal -> LEC LIII Complex Pyramidal -> EC LIII Pyramidal Stellate -> MEC LIII Bipolar Complex Pyramidal -> MEC LII III Pyramidal Multiform -> MEC LV Superficial Pyramidal -> MEC LV Pyramidal -> DG Granule -> DG Mossy -> DG Hilar Ectopic Granule -> CA3 Pyramidal -> CA2 Pyramidal -> CA1 Radiatum Giant,,,,,,,,,,,,,
greedy_tree_path,MEC LV Pyramidal,17,18,193715.34808400166,193715.34808400166,CA1 Radiatum Giant,MEC LV Pyramidal -> DG Granule -> DG Mossy -> DG Hilar Ectopic Granule -> CA3c Pyramidal -> CA1 Pyramidal -> MEC LV VI Pyramidal Polymorphic -> EC LIV VI Deep Multipolar Principal -> LEC LVI Multipolar Pyramidal -> LEC LIII Multipolar Principal -> LEC LIII Complex Pyramidal -> EC LIII Pyramidal Stellate -> MEC LIII Complex Pyramidal -> MEC LII Stellate -> CA3 Granule -> CA3 Pyramidal -> CA2 Pyramidal -> CA1 Radiatum Giant,,,,,,,,,,,,,
greedy_tree_path,MEC LV Superficial Pyramidal,21,22,195006.64800196647,195006.64800196647,CA1 Radiatum Giant,MEC LV Superficial Pyramidal -> MEC LIII Complex Pyramidal -> MEC LII Stellate -> CA3 Granule -> CA3c Pyramidal -> CA1 Pyramidal -> MEC LV VI Pyramidal Polymorphic -> EC LIV VI Deep Multipolar Principal -> LEC LVI Multipolar Pyramidal -> LEC LIII Multipolar Principal -> LEC LIII Complex Pyramidal -> EC LIII Pyramidal Stellate -> MEC LIII Bipolar Complex Pyramidal -> MEC LII III Pyramidal Multiform -> MEC LV Multipolar Pyramidal -> MEC LV Pyramidal -> DG Granule -> DG Mossy -> DG Hilar Ectopic Granule -> CA3 Pyramidal -> CA2 Pyramidal -> CA1 Radiatum Giant,,,,,,,,,,,,,
greedy_tree_path,MEC LV VI Pyramidal Polymorphic,17,18,69767.13232928966,69767.13232928966,CA1 Radiatum Giant,MEC LV VI Pyramidal Polymorphic -> EC LIV VI Deep Multipolar Principal -> LEC LVI Multipolar Pyramidal -> LEC LIII Multipolar Principal -> LEC LIII Complex Pyramidal -> EC LIII Pyramidal Stellate -> CA1 Pyramidal -> EC LV Deep Pyramidal -> EC LIII V Bipolar Pyramidal -> MEC LIII Complex Pyramidal -> MEC LII Stellate -> CA3 Granule -> CA3c Pyramidal -> CA2 Pyramidal -> DG Mossy -> DG Hilar Ectopic Granule -> CA3 Pyramidal -> CA1 Radiatum Giant,,,,,,,,,,,,,
greedy_tree_path,SUB CA1 Projecting Pyramidal,16,17,70570.04312511656,70570.04312511656,CA1 Radiatum Giant,SUB CA1 Projecting Pyramidal -> CA1 Pyramidal -> MEC LV VI Pyramidal Polymorphic -> EC LIV VI Deep Multipolar Principal -> LEC LVI Multipolar Pyramidal -> LEC LIII Multipolar Principal -> LEC LIII Complex Pyramidal -> EC LIII Pyramidal Stellate -> MEC LIII Complex Pyramidal -> MEC LII Stellate -> CA3 Granule -> CA3c Pyramidal -> CA2 Pyramidal -> DG Mossy -> DG Hilar Ectopic Granule -> CA3 Pyramidal -> CA1 Radiatum Giant,,,,,,,,,,,,,
maximum_spanning_tree,CA1 Pyramidal,6,7,58407.13279806113,58407.13279806113,CA3 Granule,CA1 Pyramidal -> CA3c Pyramidal -> DG Granule -> EC LI II Pyramidal Fan -> EC LI II Multipolar Pyramidal -> MEC LII Stellate -> CA3 Granule,,,,,,,,,,,,,
maximum_spanning_tree,CA1 Radiatum Giant,3,4,99174.25456563932,99174.25456563932,MEC LV VI Pyramidal Polymorphic,CA1 Radiatum Giant -> CA3c Pyramidal -> CA1 Pyramidal -> MEC LV VI Pyramidal Polymorphic,,,,,,,,,,,,,
maximum_spanning_tree,CA2 Pyramidal,3,4,101386.52098062955,101386.52098062955,MEC LV VI Pyramidal Polymorphic,CA2 Pyramidal -> CA3c Pyramidal -> CA1 Pyramidal -> MEC LV VI Pyramidal Polymorphic,,,,,,,,,,,,,
maximum_spanning_tree,CA3 Granule,7,8,111573.68975652223,111573.68975652223,MEC LV VI Pyramidal Polymorphic,CA3 Granule -> MEC LII Stellate -> EC LI II Multipolar Pyramidal -> EC LI II Pyramidal Fan -> DG Granule -> CA3c Pyramidal -> CA1 Pyramidal -> MEC LV VI Pyramidal Polymorphic,,,,,,,,,,,,,
maximum_spanning_tree,CA3 Pyramidal,4,5,113853.82304223813,113853.82304223813,MEC LV VI Pyramidal Polymorphic,CA3 Pyramidal -> CA2 Pyramidal -> CA3c Pyramidal -> CA1 Pyramidal -> MEC LV VI Pyramidal Polymorphic,,,,,,,,,,,,,
maximum_spanning_tree,CA3c Pyramidal,2,3,99174.25456563932,99174.25456563932,MEC LV VI Pyramidal Polymorphic,CA3c Pyramidal -> CA1 Pyramidal -> MEC LV VI Pyramidal Polymorphic,,,,,,,,,,,,,
maximum_spanning_tree,DG Granule,3,4,100976.7660440129,100976.7660440129,MEC LV VI Pyramidal Polymorphic,DG Granule -> CA3c Pyramidal -> CA1 Pyramidal -> MEC LV VI Pyramidal Polymorphic,,,,,,,,,,,,,
maximum_spanning_tree,DG Hilar Ectopic Granule,4,5,100976.7660440129,100976.7660440129,MEC LV VI Pyramidal Polymorphic,DG Hilar Ectopic Granule -> DG Granule -> CA3c Pyramidal -> CA1 Pyramidal -> MEC LV VI Pyramidal Polymorphic,,,,,,,,,,,,,
maximum_spanning_tree,DG Mossy,4,5,101945.01634302066,101945.01634302066,MEC LV VI Pyramidal Polymorphic,DG Mossy -> DG Granule -> CA3c Pyramidal -> CA1 Pyramidal -> MEC LV VI Pyramidal Polymorphic,,,,,,,,,,,,,
maximum_spanning_tree,DG Semilunar Granule,5,6,107100.12214180779,107100.12214180779,MEC LV VI Pyramidal Polymorphic,DG Semilunar Granule -> DG Mossy -> DG Granule -> CA3c Pyramidal -> CA1 Pyramidal -> MEC LV VI Pyramidal Polymorphic,,,,,,,,,,,,,
maximum_spanning_tree,EC LI II Multipolar Pyramidal,5,6,110393.82015762746,110393.82015762746,MEC LV VI Pyramidal Polymorphic,EC LI II Multipolar Pyramidal -> EC LI II Pyramidal Fan -> DG Granule -> CA3c Pyramidal -> CA1 Pyramidal -> MEC LV VI Pyramidal Polymorphic,,,,,,,,,,,,,
maximum_spanning_tree,EC LI II Pyramidal Fan,4,5,107708.62026478983,107708.62026478983,MEC LV VI Pyramidal Polymorphic,EC LI II Pyramidal Fan -> DG Granule -> CA3c Pyramidal -> CA1 Pyramidal -> MEC LV VI Pyramidal Polymorphic,,,,,,,,,,,,,
maximum_spanning_tree,EC LII III Pyramidal Tripolar,6,7,114610.21586127703,114610.21586127703,MEC LV VI Pyramidal Polymorphic,EC LII III Pyramidal Tripolar -> EC LI II Multipolar Pyramidal -> EC LI II Pyramidal Fan -> DG Granule -> CA3c Pyramidal -> CA1 Pyramidal -> MEC LV VI Pyramidal Polymorphic,,,,,,,,,,,,,
maximum_spanning_tree,EC LIII Pyramidal,6,7,110393.82015762746,110393.82015762746,MEC LV VI Pyramidal Polymorphic,EC LIII Pyramidal -> EC LI II Multipolar Pyramidal -> EC LI II Pyramidal Fan -> DG Granule -> CA3c Pyramidal -> CA1 Pyramidal -> MEC LV VI Pyramidal Polymorphic,,,,,,,,,,,,,
maximum_spanning_tree,EC LIII Pyramidal Stellate,6,7,110393.82015762746,110393.82015762746,MEC LV VI Pyramidal Polymorphic,EC LIII Pyramidal Stellate -> EC LI II Multipolar Pyramidal -> EC LI II Pyramidal Fan -> DG Granule -> CA3c Pyramidal -> CA1 Pyramidal -> MEC LV VI Pyramidal Polymorphic,,,,,,,,,,,,,
maximum_spanning_tree,EC LIII Stellate,6,7,110393.82015762746,110393.82015762746,MEC LV VI Pyramidal Polymorphic,EC LIII Stellate -> EC LI II Multipolar Pyramidal -> EC LI II Pyramidal Fan -> DG Granule -> CA3c Pyramidal -> CA1 Pyramidal -> MEC LV VI Pyramidal Polymorphic,,,,,,,,,,,,,
maximum_spanning_tree,EC LIII V Bipolar Pyramidal,6,7,110393.82015762746,110393.82015762746,MEC LV VI Pyramidal Polymorphic,EC LIII V Bipolar Pyramidal -> EC LI II Multipolar Pyramidal -> EC LI II Pyramidal Fan -> DG Granule -> CA3c Pyramidal -> CA1 Pyramidal -> MEC LV VI Pyramidal Polymorphic,,,,,,,,,,,,,
maximum_spanning_tree,EC LIV VI Deep Multipolar Principal,7,8,58407.13279806113,58407.13279806113,CA3 Granule,EC LIV VI Deep Multipolar Principal -> CA1 Pyramidal -> CA3c Pyramidal -> DG Granule -> EC LI II Pyramidal Fan -> EC LI II Multipolar Pyramidal -> MEC LII Stellate -> CA3 Granule,,,,,,,,,,,,,
maximum_spanning_tree,EC LV Deep Pyramidal,7,8,58407.13279806113,58407.13279806113,CA3 Granule,EC LV Deep Pyramidal -> CA1 Pyramidal -> CA3c Pyramidal -> DG Granule -> EC LI II Pyramidal Fan -> EC LI II Multipolar Pyramidal -> MEC LII Stellate -> CA3 Granule,,,,,,,,,,,,,
maximum_spanning_tree,LEC LIII Complex Pyramidal,6,7,110638.43602772972,110638.43602772972,MEC LV VI Pyramidal Polymorphic,LEC LIII Complex Pyramidal -> EC LI II Multipolar Pyramidal -> EC LI II Pyramidal Fan -> DG Granule -> CA3c Pyramidal -> CA1 Pyramidal -> MEC LV VI Pyramidal Polymorphic,,,,,,,,,,,,,
maximum_spanning_tree,LEC LIII Multipolar Principal,6,7,110933.27198527945,110933.27198527945,MEC LV VI Pyramidal Polymorphic,LEC LIII Multipolar Principal -> EC LI II Multipolar Pyramidal -> EC LI II Pyramidal Fan -> DG Granule -> CA3c Pyramidal -> CA1 Pyramidal -> MEC LV VI Pyramidal Polymorphic,,,,,,,,,,,,,
maximum_spanning_tree,LEC LVI Multipolar Pyramidal,7,8,58407.13279806113,58407.13279806113,CA3 Granule,LEC LVI Multipolar Pyramidal -> CA1 Pyramidal -> CA3c Pyramidal -> DG Granule -> EC LI II Pyramidal Fan -> EC LI II Multipolar Pyramidal -> MEC LII Stellate -> CA3 Granule,,,,,,,,,,,,,
maximum_spanning_tree,MEC LII III Pyramidal Multiform,6,7,110497.64468019406,110497.64468019406,MEC LV VI Pyramidal Polymorphic,MEC LII III Pyramidal Multiform -> EC LI II Multipolar Pyramidal -> EC LI II Pyramidal Fan -> DG Granule -> CA3c Pyramidal -> CA1 Pyramidal -> MEC LV VI Pyramidal Polymorphic,,,,,,,,,,,,,
maximum_spanning_tree,MEC LII Oblique Pyramidal,6,7,110393.82015762746,110393.82015762746,MEC LV VI Pyramidal Polymorphic,MEC LII Oblique Pyramidal -> EC LI II Multipolar Pyramidal -> EC LI II Pyramidal Fan -> DG Granule -> CA3c Pyramidal -> CA1 Pyramidal -> MEC LV VI Pyramidal Polymorphic,,,,,,,,,,,,,
maximum_spanning_tree,MEC LII Stellate,6,7,111573.68975652223,111573.68975652223,MEC LV VI Pyramidal Polymorphic,MEC LII Stellate -> EC LI II Multipolar Pyramidal -> EC LI II Pyramidal Fan -> DG Granule -> CA3c Pyramidal -> CA1 Pyramidal -> MEC LV VI Pyramidal Polymorphic,,,,,,,,,,,,,
maximum_spanning_tree,MEC LIII Bipolar Complex Pyramidal,6,7,110504.660577025,110504.660577025,MEC LV VI Pyramidal Polymorphic,MEC LIII Bipolar Complex Pyramidal -> EC LI II Multipolar Pyramidal -> EC LI II Pyramidal Fan -> DG Granule -> CA3c Pyramidal -> CA1 Pyramidal -> MEC LV VI Pyramidal Polymorphic,,,,,,,,,,,,,
maximum_spanning_tree,MEC LIII Complex Pyramidal,6,7,110945.87340362713,110945.87340362713,MEC LV VI Pyramidal Polymorphic,MEC LIII Complex Pyramidal -> EC LI II Multipolar Pyramidal -> EC LI II Pyramidal Fan -> DG Granule -> CA3c Pyramidal -> CA1 Pyramidal -> MEC LV VI Pyramidal Polymorphic,,,,,,,,,,,,,
maximum_spanning_tree,MEC LV Multipolar Pyramidal,7,8,58407.13279806113,58407.13279806113,CA3 Granule,MEC LV Multipolar Pyramidal -> CA1 Pyramidal -> CA3c Pyramidal -> DG Granule -> EC LI II Pyramidal Fan -> EC LI II Multipolar Pyramidal -> MEC LII Stellate -> CA3 Granule,,,,,,,,,,,,,
maximum_spanning_tree,MEC LV Pyramidal,4,5,110545.50294065647,110545.50294065647,MEC LV VI Pyramidal Polymorphic,MEC LV Pyramidal -> DG Granule -> CA3c Pyramidal -> CA1 Pyramidal -> MEC LV VI Pyramidal Polymorphic,,,,,,,,,,,,,
maximum_spanning_tree,MEC LV Superficial Pyramidal,7,8,58407.13279806113,58407.13279806113,CA3 Granule,MEC LV Superficial Pyramidal -> CA1 Pyramidal -> CA3c Pyramidal -> DG Granule -> EC LI II Pyramidal Fan -> EC LI II Multipolar Pyramidal -> MEC LII Stellate -> CA3 Granule,,,,,,,,,,,,,
maximum_spanning_tree,MEC LV VI Pyramidal Polymorphic,7,8,58407.13279806113,58407.13279806113,CA3 Granule,MEC LV VI Pyramidal Polymorphic -> CA1 Pyramidal -> CA3c Pyramidal -> DG Granule -> EC LI II Pyramidal Fan -> EC LI II Multipolar Pyramidal -> MEC LII Stellate -> CA3 Granule,,,,,,,,,,,,,
maximum_spanning_tree,SUB CA1 Projecting Pyramidal,7,8,58513.34136166145,58513.34136166145,CA3 Granule,SUB CA1 Projecting Pyramidal -> CA1 Pyramidal -> CA3c Pyramidal -> DG Granule -> EC LI II Pyramidal Fan -> EC LI II Multipolar Pyramidal -> MEC LII Stellate -> CA3 Granule,,,,,,,,,,,,,
branch_and_bound,CA1 Pyramidal,24,25,133423.0292978634,133423.0292978634,CA3 Granule,CA1 Pyramidal -> MEC LV VI Pyramidal Polymorphic -> EC LIV VI Deep Multipolar Principal -> LEC LVI Multipolar Pyramidal -> LEC LIII Multipolar Principal -> LEC LIII Complex Pyramidal -> EC LIII Pyramidal Stellate -> MEC LIII Complex Pyramidal -> MEC LII Stellate -> MEC LIII Bipolar Complex Pyramidal -> MEC LII III Pyramidal Multiform -> MEC LV Multipolar Pyramidal -> MEC LV Superficial Pyramidal -> MEC LV Pyramidal -> EC LI II Multipolar Pyramidal -> EC LIII Stellate -> EC LII III Pyramidal Tripolar -> DG Granule -> DG Mossy -> DG Semilunar Granule -> DG Hilar Ectopic Granule -> CA3c Pyramidal -> CA2 Pyramidal -> CA3 Pyramidal -> CA3 Granule,50000.0,node_limit,133423.0292978634,,,,,,,,,,
branch_and_bound,CA1 Radiatum Giant,25,26,133475.55536614006,133475.55536614006,CA3 Granule,CA1 Radiatum Giant -> CA1 Pyramidal -> MEC LV VI Pyramidal Polymorphic -> EC LIV VI Deep Multipolar Principal -> LEC LVI Multipolar Pyramidal -> LEC LIII Multipolar Principal -> LEC LIII Complex Pyramidal -> EC LIII Pyramidal Stellate -> MEC LIII Complex Pyramidal -> MEC LII Stellate -> MEC LIII Bipolar Complex Pyramidal -> MEC LII III Pyramidal Multiform -> MEC LV Multipolar Pyramidal -> MEC LV Superficial Pyramidal -> MEC LV Pyramidal -> EC LI II Multipolar Pyramidal -> EC LIII Stellate -> EC LII III Pyramidal Tripolar -> DG Granule -> DG Mossy -> DG Semilunar Granule -> DG Hilar Ectopic Granule -> CA3c Pyramidal -> CA2 Pyramidal -> CA3 Pyramidal -> CA3 Granule,50000.0,node_limit,133475.55536614006,,,,,,,,,,
branch_and_bound,CA2 Pyramidal,25,26,128210.21142468057,128210.21142468057,CA1 Radiatum Giant,CA2 Pyramidal -> CA1 Pyramidal -> MEC LV VI Pyramidal Polymorphic -> EC LIV VI Deep Multipolar Principal -> LEC LVI Multipolar Pyramidal -> LEC LIII Multipolar Principal -> LEC LIII Complex Pyramidal -> EC LIII Pyramidal Stellate -> MEC LIII Complex Pyramidal -> MEC LII Stellate -> MEC LIII Bipolar Complex Pyramidal -> MEC LII III Pyramidal Multiform -> MEC LV Multipolar Pyramidal -> MEC LV Superficial Pyramidal -> MEC LV Pyramidal -> EC LI II Pyramidal Fan -> EC LI II Multipolar Pyramidal -> EC LIII Stellate -> EC LII III Pyramidal Tripolar -> DG Granule -> DG Mossy -> DG Semilunar Granule -> DG Hilar Ectopic Granule -> CA3 Pyramidal -> CA3c Pyramidal -> CA1 Radiatum Giant,50000.0,node_limit,128210.21142468057,,,,,,,,,,
branch_and_bound,CA3 Granule,29,30,214153.05860028183,214153.05860028183,CA1 Radiatum Giant,CA3 Granule -> CA3c Pyramidal -> CA1 Pyramidal -> MEC LV VI Pyramidal Polymorphic -> EC LIV VI Deep Multipolar Principal -> LEC LVI Multipolar Pyramidal -> LEC LIII Multipolar Principal -> LEC LIII Complex Pyramidal -> EC LIII Pyramidal Stellate -> MEC LIII Complex Pyramidal -> MEC LII Stellate -> MEC LIII Bipolar Complex Pyramidal -> MEC LII III Pyramidal Multiform -> MEC LV Multipolar Pyramidal -> MEC LV Superficial Pyramidal -> MEC LII Oblique Pyramidal -> EC LIII V Bipolar Pyramidal -> EC LII III Pyramidal Tripolar -> EC LI II Multipolar Pyramidal -> EC LIII Stellate -> EC LIII Pyramidal -> EC LV Deep Pyramidal -> MEC LV Pyramidal -> DG Granule -> DG Mossy -> DG Semilunar Granule -> DG Hilar Ectopic Granule -> CA3 Pyramidal -> CA2 Pyramidal -> CA1 Radiatum Giant,50000.0,node_limit,214153.05860028183,,,,,,,,,,
branch_and_bound,CA3 Pyramidal,28,29,139012.46732972658,139012.46732972658,CA1 Radiatum Giant,CA3 Pyramidal -> CA2 Pyramidal -> CA1 Pyramidal -> MEC LV VI Pyramidal Polymorphic -> EC LIV VI Deep Multipolar Principal -> LEC LVI Multipolar Pyramidal -> LEC LIII Multipolar Principal -> LEC LIII Complex Pyramidal -> EC LIII Pyramidal Stellate -> MEC LIII Complex Pyramidal -> MEC LII Stellate -> MEC LIII Bipolar Complex Pyramidal -> MEC LII III Pyramidal Multiform -> MEC LV Multipolar Pyramidal -> MEC LV Superficial Pyramidal -> MEC LII Oblique Pyramidal -> EC LIII Pyramidal -> EC LII III Pyramidal Tripolar -> EC LI II Pyramidal Fan -> EC LI II Multipolar Pyramidal -> EC LIII Stellate -> EC LIII V Bipolar Pyramidal -> EC LV Deep Pyramidal -> MEC LV Pyramidal -> DG Granule -> DG Mossy -> DG Hilar Ectopic Granule -> CA3c Pyramidal -> CA1 Radiatum Giant,50000.0,node_limit,139012.46732972658,,,,,,,,,,
branch_and_bound,CA3c Pyramidal,28,29,214480.6996172044,214480.6996172044,CA3 Granule,CA3c Pyramidal -> CA1 Pyramidal -> MEC LV VI Pyramidal Polymorphic -> EC LIV VI Deep Multipolar Principal -> LEC LVI Multipolar Pyramidal -> LEC LIII Multipolar Principal -> LEC LIII Complex Pyramidal -> EC LIII Pyramidal Stellate -> MEC LIII Complex Pyramidal -> MEC LII Stellate -> MEC LIII Bipolar Complex Pyramidal -> MEC LII III Pyramidal Multiform -> MEC LV Multipolar Pyramidal -> MEC LV Superficial Pyramidal -> MEC LII Oblique Pyramidal -> EC LIII V Bipolar Pyramidal -> EC LII III Pyramidal Tripolar -> EC LI II Multipolar Pyramidal -> EC LIII Stellate -> EC LIII Pyramidal -> EC LV Deep Pyramidal -> MEC LV Pyramidal -> DG Granule -> DG Mossy -> DG Semilunar Granule -> DG Hilar Ectopic Granule -> CA3 Pyramidal -> CA2 Pyramidal -> CA3 Granule,50000.0,node_limit,214480.6996172044,,,,,,,,,,
branch_and_bound,DG Granule,28,29,202981.9206122129,202981.9206122129,CA3 Granule,DG Granule -> DG Mossy -> DG Hilar Ectopic Granule -> CA3c Pyramidal -> CA1 Pyramidal -> MEC LV VI Pyramidal Polymorphic -> EC LIV VI Deep Multipolar Principal -> LEC LVI Multipolar Pyramidal -> LEC LIII Multipolar Principal -> LEC LIII Complex Pyramidal -> EC LIII Pyramidal Stellate -> MEC LIII Complex Pyramidal -> MEC LII Stellate -> MEC LIII Bipolar Complex Pyramidal -> MEC LII III Pyramidal Multiform -> MEC LV Multipolar Pyramidal -> MEC LV Superficial Pyramidal -> MEC LII Oblique Pyramidal -> EC LIII V Bipolar Pyramidal -> EC LII III Pyramidal Tripolar -> EC LI II Multipolar Pyramidal -> EC LIII Stellate -> EC LIII Pyramidal -> EC LV Deep Pyramidal -> MEC LV Pyramidal -> DG Semilunar Granule -> CA3 Pyramidal -> CA2 Pyramidal -> CA3 Granule,50000.0,node_limit,202981.9206122129,,,,,,,,,,
branch_and_bound,DG Hilar Ectopic Granule,25,26,80485.66591266615,80485.66591266615,CA1 Radiatum Giant,DG Hilar Ectopic Granule -> DG Mossy -> DG Granule -> CA2 Pyramidal -> CA1 Pyramidal -> MEC LV VI Pyramidal Polymorphic -> EC LIV VI Deep Multipolar Principal -> LEC LVI Multipolar Pyramidal -> LEC LIII Multipolar Principal -> LEC LIII Complex Pyramidal -> EC LIII Pyramidal Stellate -> MEC LIII Complex Pyramidal -> MEC LII Stellate -> MEC LIII Bipolar Complex Pyramidal -> MEC LII III Pyramidal Multiform -> MEC LV Multipolar Pyramidal -> MEC LV Superficial Pyramidal -> MEC LV Pyramidal -> EC LI II Pyramidal Fan -> EC LI II Multipolar Pyramidal -> EC LIII Stellate -> EC LII III Pyramidal Tripolar -> DG Semilunar Granule -> CA3 Pyramidal -> CA3c Pyramidal -> CA1 Radiatum Giant,50000.0,node_limit,80485.66591266615,,,,,,,,,,
branch_and_bound,DG Mossy,28,29,170915.23658289076,170915.23658289076,CA3 Granule,DG Mossy -> DG Hilar Ectopic Granule -> CA3c Pyramidal -> CA1 Pyramidal -> MEC LV VI Pyramidal Polymorphic -> EC LIV VI Deep Multipolar Principal -> LEC LVI Multipolar Pyramidal -> LEC LIII Multipolar Principal -> LEC LIII Complex Pyramidal -> EC LIII Pyramidal Stellate -> MEC LIII Complex Pyramidal -> MEC LII Stellate -> MEC LIII Bipolar Complex Pyramidal -> MEC LII III Pyramidal Multiform -> MEC LV Multipolar Pyramidal -> MEC LV Superficial Pyramidal -> MEC LII Oblique Pyramidal -> EC LIII V Bipolar Pyramidal -> EC LII III Pyramidal Tripolar -> EC LI II Pyramidal Fan -> EC LI II Multipolar Pyramidal -> EC LIII Stellate -> EC LIII Pyramidal -> EC LV Deep Pyramidal -> MEC LV Pyramidal -> DG Granule -> CA3 Pyramidal -> CA2 Pyramidal -> CA3 Granule,50000.0,node_limit,170915.23658289076,,,,,,,,,,
branch_and_bound,DG Semilunar Granule,28,29,172535.17238795164,172535.17238795164,CA3 Granule,DG Semilunar Granule -> DG Mossy -> DG Hilar Ectopic Granule -> CA3c Pyramidal -> CA1 Pyramidal -> MEC LV VI Pyramidal Polymorphic -> EC LIV VI Deep Multipolar Principal -> LEC LVI Multipolar Pyramidal -> LEC LIII Multipolar Principal -> LEC LIII Complex Pyramidal -> EC LIII Pyramidal Stellate -> MEC LIII Complex Pyramidal -> MEC LII Stellate -> MEC LIII Bipolar Complex Pyramidal -> MEC LII III Pyramidal Multiform -> MEC LV Multipolar Pyramidal -> MEC LV Superficial Pyramidal -> MEC LII Oblique Pyramidal -> EC LII III Pyramidal Tripolar -> EC LI II Multipolar Pyramidal -> EC LIII Stellate -> EC LIII Pyramidal -> EC LIII V Bipolar Pyramidal -> EC LV Deep Pyramidal -> MEC LV Pyramidal -> DG Granule -> CA3 Pyramidal -> CA2 Pyramidal -> CA3 Granule,50000.0,node_limit,172535.17238795164,,,,,,,,,,
branch_and_bound,EC LI II Multipolar Pyramidal,20,21,220641.58049510556,220641.58049510556,CA1 Radiatum Giant,EC LI II Multipolar Pyramidal -> MEC LIII Bipolar Complex Pyramidal -> MEC LIII Complex Pyramidal -> MEC LII Stellate -> CA3 Granule -> CA3c Pyramidal -> CA1 Pyramidal -> MEC LV VI Pyramidal Polymorphic -> EC LIV VI Deep Multipolar Principal -> LEC LVI Multipolar Pyramidal -> LEC LIII Multipolar Principal -> LEC LIII Complex Pyramidal -> EC LIII Pyramidal Stellate -> EC LII III Pyramidal Tripolar -> DG Granule -> DG Mossy -> DG Semilunar Granule -> DG Hilar Ectopic Granule -> CA3 Pyramidal -> CA2 Pyramidal -> CA1 Radiatum Giant,50000.0,node_limit,220641.58049510556,,,,,,,,,,
branch_and_bound,EC LI II Pyramidal Fan,21,22,228114.01760195318,228114.01760195318,CA1 Radiatum Giant,EC LI II Pyramidal Fan -> EC LI II Multipolar Pyramidal -> MEC LIII Bipolar Complex Pyramidal -> MEC LIII Complex Pyramidal -> MEC LII Stellate -> CA3 Granule -> CA3c Pyramidal -> CA1 Pyramidal -> MEC LV VI Pyramidal Polymorphic -> EC LIV VI Deep Multipolar Principal -> LEC LVI Multipolar Pyramidal -> LEC LIII Multipolar Principal -> LEC LIII Complex Pyramidal -> EC LIII Pyramidal Stellate -> EC LII III Pyramidal Tripolar -> DG Granule -> DG Mossy -> DG Semilunar Granule -> DG Hilar Ectopic Granule -> CA3 Pyramidal -> CA2 Pyramidal -> CA1 Radiatum Giant,50000.0,node_limit,228114.01760195318,,,,,,,,,,
branch_and_bound,EC LII III Pyramidal Tripolar,24,25,232244.06169885187,232244.06169885187,CA1 Radiatum Giant,EC LII III Pyramidal Tripolar -> EC LI II Multipolar Pyramidal -> MEC LIII Bipolar Complex Pyramidal -> MEC LIII Complex Pyramidal -> MEC LII Stellate -> CA3 Granule -> CA3c Pyramidal -> CA1 Pyramidal -> MEC LV VI Pyramidal Polymorphic -> EC LIV VI Deep Multipolar Principal -> LEC LVI Multipolar Pyramidal -> LEC LIII Multipolar Principal -> LEC LIII Complex Pyramidal -> EC LIII Pyramidal Stellate -> EC LIII Pyramidal -> EC LIII V Bipolar Pyramidal -> EC LV Deep Pyramidal -> MEC LV Pyramidal -> DG Granule -> DG Mossy -> DG Semilunar Granule -> DG Hilar Ectopic Granule -> CA3 Pyramidal -> CA2 Pyramidal -> CA1 Radiatum Giant,50000.0,node_limit,232244.06169885187,,,,,,,,,,
branch_and_bound,EC LIII Pyramidal,25,26,138395.67995068483,138395.67995068483,CA3 Granule,EC LIII Pyramidal -> CA1 Pyramidal -> MEC LV VI Pyramidal Polymorphic -> EC LIV VI Deep Multipolar Principal -> LEC LVI Multipolar Pyramidal -> LEC LIII Multipolar Principal -> LEC LIII Complex Pyramidal -> EC LIII Pyramidal Stellate -> MEC LIII Complex Pyramidal -> MEC LII Stellate -> MEC LIII Bipolar Complex Pyramidal -> MEC LII III Pyramidal Multiform -> MEC LV Multipolar Pyramidal -> MEC LV Superficial Pyramidal -> MEC LV Pyramidal -> EC LI II Pyramidal Fan -> EC LI II Multipolar Pyramidal -> EC LIII Stellate -> EC LII III Pyramidal Tripolar -> DG Granule -> DG Mossy -> DG Hilar Ectopic Granule -> CA3c Pyramidal -> CA2 Pyramidal -> CA3 Pyramidal -> CA3 Granule,50000.0,node_limit,138395.67995068483,,,,,,,,,,
branch_and_bound,EC LIII Pyramidal Stellate,24,25,142184.53192520654,142184.53192520654,CA3 Granule,EC LIII Pyramidal Stellate -> CA1 Pyramidal -> MEC LV VI Pyramidal Polymorphic -> EC LIV VI Deep Multipolar Principal -> LEC LVI Multipolar Pyramidal -> LEC LIII Multipolar Principal -> LEC LIII Complex Pyramidal -> EC LIII Stellate -> MEC LIII Complex Pyramidal -> MEC LII Stellate -> MEC LIII Bipolar Complex Pyramidal -> MEC LII III Pyramidal Multiform -> MEC LV Multipolar Pyramidal -> MEC LV Superficial Pyramidal -> MEC LV Pyramidal -> EC LI II Pyramidal Fan -> EC LI II Multipolar Pyramidal -> EC LII III Pyramidal Tripolar -> DG Granule -> DG Mossy -> DG Hilar Ectopic Granule -> CA3c Pyramidal -> CA2 Pyramidal -> CA3 Pyramidal -> CA3 Granule,50000.0,node_limit,142184.53192520654,,,,,,,,,,
branch_and_bound,EC LIII Stellate,24,25,219353.1364135805,219353.1364135805,CA1 Radiatum Giant,EC LIII Stellate -> MEC LIII Complex Pyramidal -> MEC LII Stellate -> CA3 Granule -> CA3c Pyramidal -> CA1 Pyramidal -> MEC LV VI Pyramidal Polymorphic -> EC LIV VI Deep Multipolar Principal -> LEC LVI Multipolar Pyramidal -> LEC LIII Multipolar Principal -> LEC LIII Complex Pyramidal -> EC LIII Pyramidal Stellate -> MEC LIII Bipolar Complex Pyramidal -> MEC LII III Pyramidal Multiform -> MEC LV Multipolar Pyramidal -> MEC LV Superficial Pyramidal -> EC LI II Multipolar Pyramidal -> EC LII III Pyramidal Tripolar -> DG Granule -> DG Mossy -> DG Semilunar Granule -> DG Hilar Ectopic Granule -> CA3 Pyramidal -> CA2 Pyramidal -> CA1 Radiatum Giant,50000.0,node_limit,219353.1364135805,,,,,,,,,,
branch_and_bound,EC LIII V Bipolar Pyramidal,26,27,145060.1756774032,145060.1756774032,CA3 Granule,EC LIII V Bipolar Pyramidal -> LEC LIII Multipolar Principal -> LEC LIII Complex Pyramidal -> EC LIII Pyramidal Stellate -> CA1 Pyramidal -> MEC LV VI Pyramidal Polymorphic -> EC LIV VI Deep Multipolar Principal -> LEC LVI Multipolar Pyramidal -> EC LV Deep Pyramidal -> MEC LV Pyramidal -> MEC LIII Complex Pyramidal -> MEC LII Stellate -> MEC LIII Bipolar Complex Pyramidal -> MEC LII III Pyramidal Multiform -> MEC LV Multipolar Pyramidal -> MEC LV Superficial Pyramidal -> EC LI II Pyramidal Fan -> EC LI II Multipolar Pyramidal -> EC LIII Stellate -> EC LII III Pyramidal Tripolar -> DG Granule -> DG Mossy -> DG Hilar Ectopic Granule -> CA3c Pyramidal -> CA2 Pyramidal -> CA3 Pyramidal -> CA3 Granule,50000.0,node_limit,145060.1756774032,,,,,,,,,,
branch_and_bound,EC LIV VI Deep Multipolar Principal,26,27,136786.64471042476,136786.64471042476,CA3 Granule,EC LIV VI Deep Multipolar Principal -> MEC LV VI Pyramidal Polymorphic -> EC LV Deep Pyramidal -> LEC LVI Multipolar Pyramidal -> LEC LIII Multipolar Principal -> LEC LIII Complex Pyramidal -> EC LIII Pyramidal Stellate -> CA1 Pyramidal -> EC LIII V Bipolar Pyramidal -> MEC LIII Complex Pyramidal -> MEC LII Stellate -> MEC LIII Bipolar Complex Pyramidal -> MEC LII III Pyramidal Multiform -> MEC LV Multipolar Pyramidal -> MEC LV Superficial Pyramidal -> MEC LV Pyramidal -> EC LI II Pyramidal Fan -> EC LI II Multipolar Pyramidal -> EC LIII Stellate -> EC LII III Pyramidal Tripolar -> DG Granule -> DG Mossy -> DG Hilar Ectopic Granule -> CA3c Pyramidal -> CA2 Pyramidal -> CA3 Pyramidal -> CA3 Granule,50000.0,node_limit,136786.64471042476,,,,,,,,,,
branch_and_bound,EC LV Deep Pyramidal,26,27,136484.19937138673,136484.19937138673,CA3 Granule,EC LV Deep Pyramidal -> MEC LV VI Pyramidal Polymorphic -> EC LIV VI Deep Multipolar Principal -> LEC LVI Multipolar Pyramidal -> LEC LIII Multipolar Principal -> LEC LIII Complex Pyramidal -> EC LIII Pyramidal Stellate -> CA1 Pyramidal -> EC LIII V Bipolar Pyramidal -> MEC LIII Complex Pyramidal -> MEC LII Stellate -> MEC LIII Bipolar Complex Pyramidal -> MEC LII III Pyramidal Multiform -> MEC LV Multipolar Pyramidal -> MEC LV Superficial Pyramidal -> MEC LV Pyramidal -> EC LI II Pyramidal Fan -> EC LI II Multipolar Pyramidal -> EC LIII Stellate -> EC LII III Pyramidal Tripolar -> DG Granule -> DG Mossy -> DG Hilar Ectopic Granule -> CA3c Pyramidal -> CA2 Pyramidal -> CA3 Pyramidal -> CA3 Granule,50000.0,node_limit,136484.19937138673,,,,,,,,,,
branch_and_bound,LEC LIII Complex Pyramidal,20,21,220736.75029636052,220736.75029636052,CA1 Radiatum Giant,LEC LIII Complex Pyramidal -> LEC LIII Multipolar Principal -> EC LI II Multipolar Pyramidal -> MEC LIII Bipolar Complex Pyramidal -> MEC LIII Complex Pyramidal -> MEC LII Stellate -> CA3 Granule -> CA3c Pyramidal -> CA1 Pyramidal -> MEC LV VI Pyramidal Polymorphic -> EC LIV VI Deep Multipolar Principal -> LEC LVI Multipolar Pyramidal -> EC LIII Pyramidal Stellate -> EC LII III Pyramidal Tripolar -> DG Granule -> DG Mossy -> DG Semilunar Granule -> DG Hilar Ectopic Granule -> CA3 Pyramidal -> CA2 Pyramidal -> CA1 Radiatum Giant,50000.0,node_limit,220736.75029636052,,,,,,,,,,
branch_and_bound,LEC LIII Multipolar Principal,26,27,143743.26083996645,143743.26083996645,CA3 Granule,LEC LIII Multipolar Principal -> LEC LIII Complex Pyramidal -> EC LIII Pyramidal Stellate -> CA1 Pyramidal -> MEC LV VI Pyramidal Polymorphic -> EC LIV VI Deep Multipolar Principal -> LEC LVI Multipolar Pyramidal -> EC LV Deep Pyramidal -> EC LIII V Bipolar Pyramidal -> MEC LIII Complex Pyramidal -> MEC LII Stellate -> MEC LIII Bipolar Complex Pyramidal -> MEC LII III Pyramidal Multiform -> MEC LV Multipolar Pyramidal -> MEC LV Superficial Pyramidal -> MEC LV Pyramidal -> EC LI II Pyramidal Fan -> EC LI II Multipolar Pyramidal -> EC LIII Stellate -> EC LII III Pyramidal Tripolar -> DG Granule -> DG Mossy -> DG Hilar Ectopic Granule -> CA3c Pyramidal -> CA2 Pyramidal -> CA3 Pyramidal -> CA3 Granule,50000.0,node_limit,143743.26083996645,,,,,,,,,,
branch_and_bound,LEC LVI Multipolar Pyramidal,24,25,137308.2437021637,137308.2437021637,CA3 Granule,LEC LVI Multipolar Pyramidal -> LEC LIII Multipolar Principal -> LEC LIII Complex Pyramidal -> EC LIII Pyramidal Stellate -> CA1 Pyramidal -> MEC LV VI Pyramidal Polymorphic -> EC LIV VI Deep Multipolar Principal -> MEC LIII Complex Pyramidal -> MEC LII Stellate -> MEC LIII Bipolar Complex Pyramidal -> MEC LII III Pyramidal Multiform -> MEC LV Multipolar Pyramidal -> MEC LV Superficial Pyramidal -> MEC LV Pyramidal -> EC LI II Multipolar Pyramidal -> EC LIII Stellate -> EC LII III Pyramidal Tripolar -> DG Granule -> DG Mossy -> DG Semilunar Granule -> DG Hilar Ectopic Granule -> CA3c Pyramidal -> CA2 Pyramidal -> CA3 Pyramidal -> CA3 Granule,50000.0,node_limit,137308.2437021637,,,,,,,,,,
branch_and_bound,MEC LII III Pyramidal Multiform,26,27,137899.99787034604,137899.99787034604,CA3 Granule,MEC LII III Pyramidal Multiform -> MEC LV VI Pyramidal Polymorphic -> EC LIV VI Deep Multipolar Principal -> LEC LVI Multipolar Pyramidal -> LEC LIII Multipolar Principal -> LEC LIII Complex Pyramidal -> EC LIII Pyramidal Stellate -> CA1 Pyramidal -> EC LV Deep Pyramidal -> EC LIII V Bipolar Pyramidal -> MEC LIII Complex Pyramidal -> MEC LII Stellate -> MEC LIII Bipolar Complex Pyramidal -> MEC LV Superficial Pyramidal -> MEC LV Multipolar Pyramidal -> MEC LV Pyramidal -> EC LI II Pyramidal Fan -> EC LI II Multipolar Pyramidal -> EC LIII Stellate -> EC LII III Pyramidal Tripolar -> DG Granule -> DG Mossy -> DG Hilar Ectopic Granule -> CA3c Pyramidal -> CA2 Pyramidal -> CA3 Pyramidal -> CA3 Granule,50000.0,node_limit,137899.99787034604,,,,,,,,,,
branch_and_bound,MEC LII Oblique Pyramidal,28,29,226106.23716999684,226106.23716999684,CA1 Radiatum Giant,MEC LII Oblique Pyramidal -> MEC LIII Complex Pyramidal -> MEC LII Stellate -> CA3 Granule -> CA3c Pyramidal -> CA1 Pyramidal -> MEC LV VI Pyramidal Polymorphic -> EC LIV VI Deep Multipolar Principal -> LEC LVI Multipolar Pyramidal -> LEC LIII Multipolar Principal -> LEC LIII Complex Pyramidal -> EC LIII Pyramidal Stellate -> MEC LIII Bipolar Complex Pyramidal -> MEC LII III Pyramidal Multiform -> MEC LV Multipolar Pyramidal -> MEC LV Superficial Pyramidal -> EC LIII Stellate -> EC LII III Pyramidal Tripolar -> EC LI II Multipolar Pyramidal -> EC LIII Pyramidal -> EC LV Deep Pyramidal -> MEC LV Pyramidal -> DG Granule -> DG Mossy -> DG Semilunar Granule -> DG Hilar Ectopic Granule -> CA3 Pyramidal -> CA2 Pyramidal -> CA1 Radiatum Giant,50000.0,node_limit,226106.23716999684,,,,,,,,,,
branch_and_bound,MEC LII Stellate,29,30,230528.89843912577,230528.89843912577,CA1 Radiatum Giant,MEC LII Stellate -> CA3 Granule -> CA3c Pyramidal -> CA1 Pyramidal -> MEC LV VI Pyramidal Polymorphic -> EC LIV VI Deep Multipolar Principal -> LEC LVI Multipolar Pyramidal -> LEC LIII Multipolar Principal -> LEC LIII Complex Pyramidal -> EC LIII Pyramidal Stellate -> MEC LIII Complex Pyramidal -> MEC LII Oblique Pyramidal -> MEC LV Superficial Pyramidal -> MEC LV Multipolar Pyramidal -> MEC LIII Bipolar Complex Pyramidal -> MEC LII III Pyramidal Multiform -> EC LIII V Bipolar Pyramidal -> EC LII III Pyramidal Tripolar -> EC LI II Multipolar Pyramidal -> EC LIII Stellate -> EC LIII Pyramidal -> EC LV Deep Pyramidal -> MEC LV Pyramidal -> DG Granule -> DG Mossy -> DG Semilunar Granule -> DG Hilar Ectopic Granule -> CA3 Pyramidal -> CA2 Pyramidal -> CA1 Radiatum Giant,50000.0,node_limit,230528.89843912577,,,,,,,,,,
branch_and_bound,MEC LIII Bipolar Complex Pyramidal,25,26,230973.9907462514,230973.9907462514,CA1 Radiatum Giant,MEC LIII Bipolar Complex Pyramidal -> MEC LIII Complex Pyramidal -> MEC LII Stellate -> CA3 Granule -> CA3c Pyramidal -> CA1 Pyramidal -> MEC LV VI Pyramidal Polymorphic -> EC LIV VI Deep Multipolar Principal -> LEC LVI Multipolar Pyramidal -> LEC LIII Multipolar Principal -> LEC LIII Complex Pyramidal -> EC LIII Pyramidal Stellate -> EC LII III Pyramidal Tripolar -> EC LI II Multipolar Pyramidal -> EC LIII Stellate -> EC LIII Pyramidal -> EC LIII V Bipolar Pyramidal -> EC LV Deep Pyramidal -> MEC LV Pyramidal -> DG Granule -> DG Mossy -> DG Semilunar Granule -> DG Hilar Ectopic Granule -> CA3 Pyramidal -> CA2 Pyramidal -> CA1 Radiatum Giant,50000.0,node_limit,230973.9907462514,,,,,,,,,,
branch_and_bound,MEC LIII Complex Pyramidal,29,30,231311.95628027228,231311.95628027228,CA1 Radiatum Giant,MEC LIII Complex Pyramidal -> MEC LII Stellate -> CA3 Granule -> CA3c Pyramidal -> CA1 Pyramidal -> MEC LV VI Pyramidal Polymorphic -> EC LIV VI Deep Multipolar Principal -> LEC LVI Multipolar Pyramidal -> LEC LIII Multipolar Principal -> LEC LIII Complex Pyramidal -> EC LIII Pyramidal Stellate -> MEC LIII Bipolar Complex Pyramidal -> MEC LII III Pyramidal Multiform -> MEC LV Multipolar Pyramidal -> MEC LV Superficial Pyramidal -> MEC LII Oblique Pyramidal -> EC LIII V Bipolar Pyramidal -> EC LII III Pyramidal Tripolar -> EC LI II Multipolar Pyramidal -> EC LIII Stellate -> EC LIII Pyramidal -> EC LV Deep Pyramidal -> MEC LV Pyramidal -> DG Granule -> DG Mossy -> DG Semilunar Granule -> DG Hilar Ectopic Granule -> CA3 Pyramidal -> CA2 Pyramidal -> CA1 Radiatum Giant,50000.0,node_limit,231311.95628027228,,,,,,,,,,
branch_and_bound,MEC LV Multipolar Pyramidal,29,30,231469.79164425572,231469.79164425572,CA1 Radiatum Giant,MEC LV Multipolar Pyramidal -> MEC LIII Complex Pyramidal -> MEC LII Stellate -> CA3 Granule -> CA3c Pyramidal -> CA1 Pyramidal -> MEC LV VI Pyramidal Polymorphic -> EC LIV VI Deep Multipolar Principal -> LEC LVI Multipolar Pyramidal -> LEC LIII Multipolar Principal -> LEC LIII Complex Pyramidal -> EC LIII Pyramidal Stellate -> MEC LIII Bipolar Complex Pyramidal -> MEC LII III Pyramidal Multiform -> MEC LV Superficial Pyramidal -> MEC LII Oblique Pyramidal -> EC LIII V Bipolar Pyramidal -> EC LII III Pyramidal Tripolar -> EC LI II Multipolar Pyramidal -> EC LIII Stellate -> EC LIII Pyramidal -> EC LV Deep Pyramidal -> MEC LV Pyramidal -> DG Granule -> DG Mossy -> DG Semilunar Granule -> DG Hilar Ectopic Granule -> CA3 Pyramidal -> CA2 Pyramidal -> CA1 Radiatum Giant,50000.0,node_limit,231469.79164425572,,,,,,,,,,
branch_and_bound,MEC LV Pyramidal,25,26,208179.92328274035,208179.92328274035,CA3 Granule,MEC LV Pyramidal -> DG Granule -> DG Mossy -> DG Hilar Ectopic Granule -> CA3c Pyramidal -> CA1 Pyramidal -> MEC LV VI Pyramidal Polymorphic -> EC LIV VI Deep Multipolar Principal -> LEC LVI Multipolar Pyramidal -> LEC LIII Multipolar Principal -> LEC LIII Complex Pyramidal -> EC LIII Pyramidal Stellate -> MEC LIII Complex Pyramidal -> MEC LII Stellate -> MEC LIII Bipolar Complex Pyramidal -> MEC LII III Pyramidal Multiform -> MEC LV Multipolar Pyramidal -> MEC LV Superficial Pyramidal -> EC LI II Multipolar Pyramidal -> EC LIII Stellate -> EC LII III Pyramidal Tripolar -> EC LI II Pyramidal Fan -> DG Semilunar Granule -> CA3 Pyramidal -> CA2 Pyramidal -> CA3 Granule,50000.0,node_limit,208179.92328274035,,,,,,,,,,
branch_and_bound,MEC LV Superficial Pyramidal,27,28,226053.46580290186,226053.46580290186,CA1 Radiatum Giant,MEC LV Superficial Pyramidal -> MEC LIII Complex Pyramidal -> MEC LII Stellate -> CA3 Granule -> CA3c Pyramidal -> CA1 Pyramidal -> MEC LV VI Pyramidal Polymorphic -> EC LIV VI Deep Multipolar Principal -> LEC LVI Multipolar Pyramidal -> LEC LIII Multipolar Principal -> LEC LIII Complex Pyramidal -> EC LIII Pyramidal Stellate -> MEC LIII Bipolar Complex Pyramidal -> MEC LII III Pyramidal Multiform -> MEC LV Multipolar Pyramidal -> EC LIII Stellate -> EC LII III Pyramidal Tripolar -> EC LI II Multipolar Pyramidal -> EC LIII Pyramidal -> EC LIII V Bipolar Pyramidal -> MEC LV Pyramidal -> DG Granule -> DG Mossy -> DG Semilunar Granule -> DG Hilar Ectopic Granule -> CA3 Pyramidal -> CA2 Pyramidal -> CA1 Radiatum Giant,50000.0,node_limit,226053.46580290186,,,,,,,,,,
branch_and_bound,MEC LV VI Pyramidal Polymorphic,26,27,137299.15952357117,137299.15952357117,CA3 Granule,MEC LV VI Pyramidal Polymorphic -> EC LIV VI Deep Multipolar Principal -> LEC LVI Multipolar Pyramidal -> LEC LIII Multipolar Principal -> LEC LIII Complex Pyramidal -> EC LIII Pyramidal Stellate -> CA1 Pyramidal -> EC LV Deep Pyramidal -> EC LIII V Bipolar Pyramidal -> MEC LIII Complex Pyramidal -> MEC LII Stellate -> MEC LIII Bipolar Complex Pyramidal -> MEC LII III Pyramidal Multiform -> MEC LV Multipolar Pyramidal -> MEC LV Superficial Pyramidal -> MEC LV Pyramidal -> EC LI II Pyramidal Fan -> EC LI II Multipolar Pyramidal -> EC LIII Stellate -> EC LII III Pyramidal Tripolar -> DG Granule -> DG Mossy -> DG Hilar Ectopic Granule -> CA3c Pyramidal -> CA2 Pyramidal -> CA3 Pyramidal -> CA3 Granule,50000.0,node_limit,137299.15952357117,,,,,,,,,,
branch_and_bound,SUB CA1 Projecting Pyramidal,25,26,133529.2378614637,133529.2378614637,CA3 Granule,SUB CA1 Projecting Pyramidal -> CA1 Pyramidal -> MEC LV VI Pyramidal Polymorphic -> EC LIV VI Deep Multipolar Principal -> LEC LVI Multipolar Pyramidal -> LEC LIII Multipolar Principal -> LEC LIII Complex Pyramidal -> EC LIII Pyramidal Stellate -> MEC LIII Complex Pyramidal -> MEC LII Stellate -> MEC LIII Bipolar Complex Pyramidal -> MEC LII III Pyramidal Multiform -> MEC LV Multipolar Pyramidal -> MEC LV Superficial Pyramidal -> MEC LV Pyramidal -> EC LI II Multipolar Pyramidal -> EC LIII Stellate -> EC LII III Pyramidal Tripolar -> DG Granule -> DG Mossy -> DG Semilunar Granule -> DG Hilar Ectopic Granule -> CA3c Pyramidal -> CA2 Pyramidal -> CA3 Pyramidal -> CA3 Granule,50000.0,node_limit,133529.2378614637,,,,,,,,,,
dynamic_programming,CA1 Pyramidal,4,5,61577.71957728488,61577.71957728488,DG Mossy,CA1 Pyramidal -> EC LV Deep Pyramidal -> MEC LV Pyramidal -> DG Granule -> DG Mossy,,,,beam_width_5000,61577.71957728488,,,,,,,,
dynamic_programming,CA1 Radiatum Giant,5,6,61630.24564556156,61630.24564556156,DG Mossy,CA1 Radiatum Giant -> CA1 Pyramidal -> EC LV Deep Pyramidal -> MEC LV Pyramidal -> DG Granule -> DG Mossy,,,,beam_width_5000,61630.24564556156,,,,,,,,
dynamic_programming,CA2 Pyramidal,5,6,145723.68374686144,145723.68374686144,DG Mossy,CA2 Pyramidal -> CA3c Pyramidal -> CA1 Pyramidal -> MEC LV Pyramidal -> DG Granule -> DG Mossy,,,,beam_width_5000,145723.68374686144,,,,,,,,
dynamic_programming,CA3 Granule,6,7,150286.63799014583,150286.63799014583,DG Mossy,CA3 Granule -> CA3 Pyramidal -> CA3c Pyramidal -> CA1 Pyramidal -> MEC LV Pyramidal -> DG Granule -> DG Mossy,,,,beam_width_5000,150286.63799014583,,,,,,,,
dynamic_programming,CA3 Pyramidal,5,6,150285.69597126252,150285.69597126252,DG Mossy,CA3 Pyramidal -> CA3c Pyramidal -> CA1 Pyramidal -> MEC LV Pyramidal -> DG Granule -> DG Mossy,,,,beam_width_5000,150285.69597126252,,,,,,,,
dynamic_programming,CA3c Pyramidal,5,6,147187.32934066665,147187.32934066665,DG Mossy,CA3c Pyramidal -> CA1 Pyramidal -> EC LV Deep Pyramidal -> MEC LV Pyramidal -> DG Granule -> DG Mossy,,,,beam_width_5000,147187.32934066665,,,,,,,,
dynamic_programming,DG Granule,5,6,146202.77389131868,146202.77389131868,MEC LV VI Pyramidal Polymorphic,DG Granule -> DG Mossy -> DG Hilar Ectopic Granule -> CA3c Pyramidal -> CA1 Pyramidal -> MEC LV VI Pyramidal Polymorphic,,,,beam_width_5000,146202.77389131868,,,,,,,,
dynamic_programming,DG Hilar Ectopic Granule,6,7,150285.70927480108,150285.70927480108,DG Mossy,DG Hilar Ectopic Granule -> CA3 Pyramidal -> CA3c Pyramidal -> CA1 Pyramidal -> MEC LV Pyramidal -> DG Granule -> DG Mossy,,,,beam_width_5000,150285.70927480108,,,,,,,,
dynamic_programming,DG Mossy,6,7,132031.51109627297,132031.51109627297,MEC LV VI Pyramidal Polymorphic,DG Mossy -> DG Granule -> DG Hilar Ectopic Granule -> CA3 Pyramidal -> CA3c Pyramidal -> CA1 Pyramidal -> MEC LV VI Pyramidal Polymorphic,,,,beam_width_5000,132031.51109627297,,,,,,,,
dynamic_programming,DG Semilunar Granule,6,7,150349.91474987887,150349.91474987887,DG Mossy,DG Semilunar Granule -> CA3 Pyramidal -> CA3c Pyramidal -> CA1 Pyramidal -> MEC LV Pyramidal -> DG Granule -> DG Mossy,,,,beam_width_5000,150349.91474987887,,,,,,,,
dynamic_programming,EC LI II Multipolar Pyramidal,4,5,129387.09715552849,129387.09715552849,CA1 Pyramidal,EC LI II Multipolar Pyramidal -> MEC LII Stellate -> CA3 Granule -> CA3c Pyramidal -> CA1 Pyramidal,,,,beam_width_5000,129387.09715552849,,,,,,,,
dynamic_programming,EC LI II Pyramidal Fan,4,5,117456.23332964274,117456.23332964274,CA1 Pyramidal,EC LI II Pyramidal Fan -> DG Granule -> DG Hilar Ectopic Granule -> CA3c Pyramidal -> CA1 Pyramidal,,,,beam_width_5000,117456.23332964274,,,,,,,,
dynamic_programming,EC LII III Pyramidal Tripolar,4,5,113531.91343162605,113531.91343162605,CA1 Pyramidal,EC LII III Pyramidal Tripolar -> DG Granule -> DG Hilar Ectopic Granule -> CA3c Pyramidal -> CA1 Pyramidal,,,,beam_width_5000,113531.91343162605,,,,,,,,
dynamic_programming,EC LIII Pyramidal,4,5,96993.61823825716,96993.61823825716,CA1 Pyramidal,EC LIII Pyramidal -> MEC LV Pyramidal -> DG Granule -> CA3c Pyramidal -> CA1 Pyramidal,,,,beam_width_5000,96993.61823825716,,,,,,,,
dynamic_programming,EC LIII Pyramidal Stellate,4,5,90474.29632285325,90474.29632285325,CA1 Pyramidal,EC LIII Pyramidal Stellate -> EC LII III Pyramidal Tripolar -> DG Granule -> CA3c Pyramidal -> CA1 Pyramidal,,,,beam_width_5000,90474.29632285325,,,,,,,,
dynamic_programming,EC LIII Stellate,4,5,90289.4715648583,90289.4715648583,CA1 Pyramidal,EC LIII Stellate -> EC LII III Pyramidal Tripolar -> DG Granule -> CA3c Pyramidal -> CA1 Pyramidal,,,,beam_width_5000,90289.4715648583,,,,,,,,
dynamic_programming,EC LIII V Bipolar Pyramidal,4,5,97206.87989814453,97206.87989814453,CA1 Pyramidal,EC LIII V Bipolar Pyramidal -> MEC LV Pyramidal -> DG Granule -> CA3c Pyramidal -> CA1 Pyramidal,,,,beam_width_5000,97206.87989814453,,,,,,,,
dynamic_programming,EC LIV VI Deep Multipolar Principal,4,5,97459.9354324922,97459.9354324922,CA1 Pyramidal,EC LIV VI Deep Multipolar Principal -> MEC LV Pyramidal -> DG Granule -> CA3c Pyramidal -> CA1 Pyramidal,,,,beam_width_5000,97459.9354324922,,,,,,,,
dynamic_programming,EC LV Deep Pyramidal,4,5,97153.2542367543,97153.2542367543,CA1 Pyramidal,EC LV Deep Pyramidal -> MEC LV Pyramidal -> DG Granule -> CA3c Pyramidal -> CA1 Pyramidal,,,,beam_width_5000,97153.2542367543,,,,,,,,
dynamic_programming,LEC LIII Complex Pyramidal,4,5,94167.10313878124,94167.10313878124,CA1 Pyramidal,LEC LIII Complex Pyramidal -> EC LI II Pyramidal Fan -> DG Granule -> CA3c Pyramidal -> CA1 Pyramidal,,,,beam_width_5000,94167.10313878124,,,,,,,,
dynamic_programming,LEC LIII Multipolar Principal,4,5,94175.8566577482,94175.8566577482,CA1 Pyramidal,LEC LIII Multipolar Principal -> EC LI II Pyramidal Fan -> DG Granule -> CA3c Pyramidal -> CA1 Pyramidal,,,,beam_width_5000,94175.8566577482,,,,,,,,
dynamic_programming,LEC LVI Multipolar Pyramidal,4,5,90268.64355266205,90268.64355266205,CA1 Pyramidal,LEC LVI Multipolar Pyramidal -> EC LII III Pyramidal Tripolar -> DG Granule -> CA3c Pyramidal -> CA1 Pyramidal,,,,beam_width_5000,90268.64355266205,,,,,,,,
dynamic_programming,MEC LII III Pyramidal Multiform,4,5,105560.6600470898,105560.6600470898,CA1 Pyramidal,MEC LII III Pyramidal Multiform -> MEC LII Stellate -> CA3 Granule -> CA3c Pyramidal -> CA1 Pyramidal,,,,beam_width_5000,105560.6600470898,,,,,,,,
dynamic_programming,MEC LII Oblique Pyramidal,4,5,90231.62893970466,90231.62893970466,CA1 Pyramidal,MEC LII Oblique Pyramidal -> EC LII III Pyramidal Tripolar -> DG Granule -> CA3c Pyramidal -> CA1 Pyramidal,,,,beam_width_5000,90231.62893970466,,,,,,,,
dynamic_programming,MEC LII Stellate,4,5,118817.21194184356,118817.21194184356,MEC LV VI Pyramidal Polymorphic,MEC LII Stellate -> CA3 Granule -> CA3c Pyramidal -> CA1 Pyramidal -> MEC LV VI Pyramidal Polymorphic,,,,beam_width_5000,118817.21194184356,,,,,,,,
dynamic_programming,MEC LIII Bipolar Complex Pyramidal,4,5,105521.14413704081,105521.14413704081,CA1 Pyramidal,MEC LIII Bipolar Complex Pyramidal -> MEC LII Stellate -> CA3 Granule -> CA3c Pyramidal -> CA1 Pyramidal,,,,beam_width_5000,105521.14413704081,,,,,,,,
dynamic_programming,MEC LIII Complex Pyramidal,4,5,106445.65185989958,106445.65185989958,CA1 Pyramidal,MEC LIII Complex Pyramidal -> MEC LII Stellate -> CA3 Granule -> CA3c Pyramidal -> CA1 Pyramidal,,,,beam_width_5000,106445.65185989958,,,,,,,,
dynamic_programming,MEC LV Multipolar Pyramidal,4,5,97096.56668962711,97096.56668962711,CA1 Pyramidal,MEC LV Multipolar Pyramidal -> MEC LV Pyramidal -> DG Granule -> CA3c Pyramidal -> CA1 Pyramidal,,,,beam_width_5000,97096.56668962711,,,,,,,,
dynamic_programming,MEC LV Pyramidal,4,5,120293.11600550936,120293.11600550936,CA1 Pyramidal,MEC LV Pyramidal -> DG Granule -> DG Hilar Ectopic Granule -> CA3c Pyramidal -> CA1 Pyramidal,,,,beam_width_5000,120293.11600550936,,,,,,,,
dynamic_programming,MEC LV Superficial Pyramidal,4,5,105387.57962368772,105387.57962368772,CA1 Pyramidal,MEC LV Superficial Pyramidal -> MEC LII Stellate -> CA3 Granule -> CA3c Pyramidal -> CA1 Pyramidal,,,,beam_width_5000,105387.57962368772,,,,,,,,
dynamic_programming,MEC LV VI Pyramidal Polymorphic,5,6,97546.71139837561,97546.71139837561,CA1 Pyramidal,MEC LV VI Pyramidal Polymorphic -> EC LIV VI Deep Multipolar Principal -> MEC LV Pyramidal -> DG Granule -> CA3c Pyramidal -> CA1 Pyramidal,,,,beam_width_5000,97546.71139837561,,,,,,,,
dynamic_programming,SUB CA1 Projecting Pyramidal,5,6,61683.9281408852,61683.9281408852,DG Mossy,SUB CA1 Projecting Pyramidal -> CA1 Pyramidal -> EC LV Deep Pyramidal -> MEC LV Pyramidal -> DG Granule -> DG Mossy,,,,beam_width_5000,61683.9281408852,,,,,,,,
milp_subtour_elimination,CA1 Pyramidal,29,30,155964.94569185676,155964.94569185676,CA3 Granule,CA1 Pyramidal -> MEC LV VI Pyramidal Polymorphic -> EC LV Deep Pyramidal -> EC LIV VI Deep Multipolar Principal -> LEC LVI Multipolar Pyramidal -> EC LIII V Bipolar Pyramidal -> LEC LIII Multipolar Principal -> LEC LIII Complex Pyramidal -> EC LIII Pyramidal Stellate -> EC LIII Pyramidal -> EC LIII Stellate -> EC LII III Pyramidal Tripolar -> MEC LII Stellate -> MEC LIII Complex Pyramidal -> MEC LII Oblique Pyramidal -> MEC LV Superficial Pyramidal -> EC LI II Pyramidal Fan -> EC LI II Multipolar Pyramidal -> MEC LIII Bipolar Complex Pyramidal -> MEC LII III Pyramidal Multiform -> MEC LV Multipolar Pyramidal -> MEC LV Pyramidal -> DG Granule -> DG Mossy -> DG Semilunar Granule -> DG Hilar Ectopic Granule -> CA3 Pyramidal -> CA3c Pyramidal -> CA2 Pyramidal -> CA3 Granule,,,,,,Optimal,155964.94569185676,155964.9456918568,30.0,,,,
milp_subtour_elimination,CA1 Radiatum Giant,29,30,143278.11500291023,143278.11500291023,CA2 Pyramidal,CA1 Radiatum Giant -> CA1 Pyramidal -> MEC LV VI Pyramidal Polymorphic -> EC LV Deep Pyramidal -> EC LIV VI Deep Multipolar Principal -> LEC LVI Multipolar Pyramidal -> LEC LIII Multipolar Principal -> EC LIII V Bipolar Pyramidal -> EC LIII Pyramidal -> LEC LIII Complex Pyramidal -> EC LIII Pyramidal Stellate -> EC LII III Pyramidal Tripolar -> EC LI II Multipolar Pyramidal -> EC LIII Stellate -> MEC LII III Pyramidal Multiform -> MEC LV Multipolar Pyramidal -> MEC LV Superficial Pyramidal -> EC LI II Pyramidal Fan -> MEC LII Stellate -> MEC LIII Complex Pyramidal -> MEC LII Oblique Pyramidal -> MEC LIII Bipolar Complex Pyramidal -> MEC LV Pyramidal -> DG Granule -> DG Mossy -> DG Semilunar Granule -> CA3 Pyramidal -> CA3 Granule -> CA3c Pyramidal -> CA2 Pyramidal,,,,,,Optimal,143278.11500291023,143278.1150029103,30.0,,,,
milp_subtour_elimination,CA2 Pyramidal,28,29,217745.4785721496,217745.4785721496,DG Hilar Ectopic Granule,CA2 Pyramidal -> CA3 Pyramidal -> CA3c Pyramidal -> CA1 Pyramidal -> MEC LV VI Pyramidal Polymorphic -> EC LV Deep Pyramidal -> EC LIV VI Deep Multipolar Principal -> LEC LVI Multipolar Pyramidal -> EC LIII V Bipolar Pyramidal -> LEC LIII Multipolar Principal -> LEC LIII Complex Pyramidal -> EC LIII Pyramidal Stellate -> EC LIII Pyramidal -> EC LIII Stellate -> EC LII III Pyramidal Tripolar -> MEC LII Stellate -> MEC LIII Complex Pyramidal -> MEC LII Oblique Pyramidal -> MEC LV Superficial Pyramidal -> EC LI II Pyramidal Fan -> EC LI II Multipolar Pyramidal -> MEC LIII Bipolar Complex Pyramidal -> MEC LII III Pyramidal Multiform -> MEC LV Multipolar Pyramidal -> MEC LV Pyramidal -> DG Granule -> DG Mossy -> DG Semilunar Granule -> DG Hilar Ectopic Granule,,,,,,Optimal,217745.4785721496,217745.47857214962,30.0,,,,
milp_subtour_elimination,CA3 Granule,29,30,224463.25185374386,224463.25185374386,DG Hilar Ectopic Granule,CA3 Granule -> CA3 Pyramidal -> CA2 Pyramidal -> CA3c Pyramidal -> CA1 Pyramidal -> MEC LV VI Pyramidal Polymorphic -> EC LV Deep Pyramidal -> EC LIV VI Deep Multipolar Principal -> LEC LVI Multipolar Pyramidal -> EC LIII V Bipolar Pyramidal -> LEC LIII Multipolar Principal -> LEC LIII Complex Pyramidal -> EC LIII Pyramidal Stellate -> EC LIII Pyramidal -> EC LIII Stellate -> EC LII III Pyramidal Tripolar -> MEC LII Stellate -> MEC LIII Complex Pyramidal -> MEC LII Oblique Pyramidal -> MEC LV Superficial Pyramidal -> EC LI II Pyramidal Fan -> EC LI II Multipolar Pyramidal -> MEC LIII Bipolar Complex Pyramidal -> MEC LII III Pyramidal Multiform -> MEC LV Multipolar Pyramidal -> MEC LV Pyramidal -> DG Granule -> DG Mossy -> DG Semilunar Granule -> DG Hilar Ectopic Granule,,,,,,Optimal,224463.25185374386,224463.25185374386,30.0,,,,
milp_subtour_elimination,CA3 Pyramidal,28,29,224462.30983486056,224462.30983486056,DG Hilar Ectopic Granule,CA3 Pyramidal -> CA2 Pyramidal -> CA3c Pyramidal -> CA1 Pyramidal -> MEC LV VI Pyramidal Polymorphic -> EC LV Deep Pyramidal -> EC LIV VI Deep Multipolar Principal -> LEC LVI Multipolar Pyramidal -> EC LIII V Bipolar Pyramidal -> LEC LIII Multipolar Principal -> LEC LIII Complex Pyramidal -> EC LIII Pyramidal Stellate -> EC LIII Pyramidal -> EC LIII Stellate -> EC LII III Pyramidal Tripolar -> MEC LII Stellate -> MEC LIII Complex Pyramidal -> MEC LII Oblique Pyramidal -> MEC LV Superficial Pyramidal -> EC LI II Pyramidal Fan -> EC LI II Multipolar Pyramidal -> MEC LIII Bipolar Complex Pyramidal -> MEC LII III Pyramidal Multiform -> MEC LV Multipolar Pyramidal -> MEC LV Pyramidal -> DG Granule -> DG Mossy -> DG Semilunar Granule -> DG Hilar Ectopic Granule,,,,,,Optimal,224462.30983486056,224462.30983486059,30.0,,,,
milp_subtour_elimination,CA3c Pyramidal,29,30,222843.04305800734,222843.04305800734,CA3 Granule,CA3c Pyramidal -> CA1 Pyramidal -> MEC LV VI Pyramidal Polymorphic -> EC LV Deep Pyramidal -> EC LIV VI Deep Multipolar Principal -> LEC LVI Multipolar Pyramidal -> EC LIII V Bipolar Pyramidal -> LEC LIII Multipolar Principal -> LEC LIII Complex Pyramidal -> EC LIII Pyramidal Stellate -> EC LIII Pyramidal -> EC LIII Stellate -> EC LII III Pyramidal Tripolar -> MEC LII Stellate -> MEC LIII Complex Pyramidal -> MEC LII Oblique Pyramidal -> MEC LV Superficial Pyramidal -> EC LI II Pyramidal Fan -> EC LI II Multipolar Pyramidal -> MEC LIII Bipolar Complex Pyramidal -> MEC LII III Pyramidal Multiform -> MEC LV Multipolar Pyramidal -> MEC LV Pyramidal -> DG Granule -> DG Mossy -> DG Semilunar Granule -> DG Hilar Ectopic Granule -> CA3 Pyramidal -> CA2 Pyramidal -> CA3 Granule,,,,,,Optimal,222843.04305800734,222843.0430580074,30.0,,,,
milp_subtour_elimination,DG Granule,29,30,232916.87994843567,232916.87994843567,CA3 Granule,DG Granule -> DG Mossy -> DG Semilunar Granule -> DG Hilar Ectopic Granule -> CA3 Pyramidal -> CA2 Pyramidal -> CA3c Pyramidal -> CA1 Pyramidal -> MEC LV VI Pyramidal Polymorphic -> EC LV Deep Pyramidal -> EC LIV VI Deep Multipolar Principal -> LEC LVI Multipolar Pyramidal -> EC LIII V Bipolar Pyramidal -> LEC LIII Multipolar Principal -> LEC LIII Complex Pyramidal -> EC LIII Pyramidal Stellate -> EC LII III Pyramidal Tripolar -> EC LIII Stellate -> EC LIII Pyramidal -> MEC LV Superficial Pyramidal -> EC LI II Pyramidal Fan -> EC LI II Multipolar Pyramidal -> MEC LIII Bipolar Complex Pyramidal -> MEC LII Oblique Pyramidal -> MEC LII III Pyramidal Multiform -> MEC LV Multipolar Pyramidal -> MEC LV Pyramidal -> MEC LIII Complex Pyramidal -> MEC LII Stellate -> CA3 Granule,,,,,,Optimal,232916.87994843567,232916.87994843567,30.0,,,,
milp_subtour_elimination,DG Hilar Ectopic Granule,28,29,219817.78873346877,219817.78873346877,DG Semilunar Granule,DG Hilar Ectopic Granule -> CA3 Pyramidal -> CA2 Pyramidal -> CA3c Pyramidal -> CA1 Pyramidal -> MEC LV VI Pyramidal Polymorphic -> EC LV Deep Pyramidal -> EC LIV VI Deep Multipolar Principal -> LEC LVI Multipolar Pyramidal -> LEC LIII Complex Pyramidal -> EC LIII Pyramidal Stellate -> EC LIII Pyramidal -> EC LIII V Bipolar Pyramidal -> LEC LIII Multipolar Principal -> EC LIII Stellate -> EC LII III Pyramidal Tripolar -> MEC LII Stellate -> MEC LIII Complex Pyramidal -> MEC LII Oblique Pyramidal -> MEC LV Superficial Pyramidal -> EC LI II Pyramidal Fan -> EC LI II Multipolar Pyramidal -> MEC LIII Bipolar Complex Pyramidal -> MEC LII III Pyramidal Multiform -> MEC LV Multipolar Pyramidal -> MEC LV Pyramidal -> DG Granule -> DG Mossy -> DG Semilunar Granule,,,,,,Optimal,219817.78873346877,219817.78873346883,30.0,,,,
milp_subtour_elimination,DG Mossy,28,29,209451.6434461126,209451.6434461126,CA3 Granule,DG Mossy -> DG Granule -> DG Hilar Ectopic Granule -> CA3 Pyramidal -> CA2 Pyramidal -> CA3c Pyramidal -> CA1 Pyramidal -> MEC LV VI Pyramidal Polymorphic -> EC LV Deep Pyramidal -> EC LIV VI Deep Multipolar Principal -> LEC LVI Multipolar Pyramidal -> EC LIII V Bipolar Pyramidal -> LEC LIII Multipolar Principal -> LEC LIII Complex Pyramidal -> EC LIII Pyramidal Stellate -> EC LII III Pyramidal Tripolar -> EC LIII Stellate -> EC LIII Pyramidal -> MEC LV Superficial Pyramidal -> EC LI II Pyramidal Fan -> EC LI II Multipolar Pyramidal -> MEC LIII Bipolar Complex Pyramidal -> MEC LII Oblique Pyramidal -> MEC LII III Pyramidal Multiform -> MEC LV Multipolar Pyramidal -> MEC LV Pyramidal -> MEC LIII Complex Pyramidal -> MEC LII Stellate -> CA3 Granule,,,,,,Optimal,209451.6434461126,209451.64344611263,30.0,,,,
milp_subtour_elimination,DG Semilunar Granule,29,30,230885.3720242221,230885.3720242221,CA3 Granule,DG Semilunar Granule -> DG Granule -> DG Mossy -> DG Hilar Ectopic Granule -> CA3 Pyramidal -> CA2 Pyramidal -> CA3c Pyramidal -> CA1 Pyramidal -> MEC LV VI Pyramidal Polymorphic -> EC LV Deep Pyramidal -> EC LIV VI Deep Multipolar Principal -> LEC LVI Multipolar Pyramidal -> EC LIII V Bipolar Pyramidal -> LEC LIII Multipolar Principal -> LEC LIII Complex Pyramidal -> EC LIII Pyramidal Stellate -> EC LII III Pyramidal Tripolar -> EC LIII Stellate -> EC LIII Pyramidal -> MEC LV Superficial Pyramidal -> EC LI II Pyramidal Fan -> EC LI II Multipolar Pyramidal -> MEC LIII Bipolar Complex Pyramidal -> MEC LII Oblique Pyramidal -> MEC LII III Pyramidal Multiform -> MEC LV Multipolar Pyramidal -> MEC LV Pyramidal -> MEC LIII Complex Pyramidal -> MEC LII Stellate -> CA3 Granule,,,,,,Optimal,230885.3720242221,230885.37202422213,30.0,,,,
milp_subtour_elimination,EC LI II Multipolar Pyramidal,29,30,238610.04364352796,238610.04364352796,DG Hilar Ectopic Granule,EC LI II Multipolar Pyramidal -> MEC LIII Bipolar Complex Pyramidal -> MEC LIII Complex Pyramidal -> MEC LII Oblique Pyramidal -> MEC LV Superficial Pyramidal -> EC LI II Pyramidal Fan -> MEC LII Stellate -> CA3 Granule -> CA3 Pyramidal -> CA2 Pyramidal -> CA3c Pyramidal -> CA1 Pyramidal -> MEC LV VI Pyramidal Polymorphic -> EC LV Deep Pyramidal -> EC LIV VI Deep Multipolar Principal -> LEC LVI Multipolar Pyramidal -> EC LIII V Bipolar Pyramidal -> LEC LIII Multipolar Principal -> LEC LIII Complex Pyramidal -> EC LIII Pyramidal Stellate -> EC LII III Pyramidal Tripolar -> EC LIII Stellate -> EC LIII Pyramidal -> MEC LII III Pyramidal Multiform -> MEC LV Multipolar Pyramidal -> MEC LV Pyramidal -> DG Granule -> DG Mossy -> DG Semilunar Granule -> DG Hilar Ectopic Granule,,,,,,Optimal,238610.04364352796,238610.04364352796,30.0,,,,
milp_subtour_elimination,EC LI II Pyramidal Fan,28,29,241901.4201681698,241901.4201681698,DG Hilar Ectopic Granule,EC LI II Pyramidal Fan -> EC LI II Multipolar Pyramidal -> MEC LIII Bipolar Complex Pyramidal -> MEC LIII Complex Pyramidal -> MEC LII Stellate -> CA3 Granule -> CA3 Pyramidal -> CA2 Pyramidal -> CA3c Pyramidal -> CA1 Pyramidal -> MEC LV VI Pyramidal Polymorphic -> EC LV Deep Pyramidal -> EC LIV VI Deep Multipolar Principal -> LEC LVI Multipolar Pyramidal -> EC LIII V Bipolar Pyramidal -> LEC LIII Multipolar Principal -> LEC LIII Complex Pyramidal -> EC LIII Pyramidal Stellate -> EC LII III Pyramidal Tripolar -> EC LIII Stellate -> EC LIII Pyramidal -> MEC LII III Pyramidal Multiform -> MEC LV Multipolar Pyramidal -> MEC LV Superficial Pyramidal -> MEC LV Pyramidal -> DG Granule -> DG Mossy -> DG Semilunar Granule -> DG Hilar Ectopic Granule,,,,,,Optimal,241901.4201681698,241901.4201681698,30.0,,,,
milp_subtour_elimination,EC LII III Pyramidal Tripolar,28,29,241747.34760305565,241747.34760305565,DG Hilar Ectopic Granule,EC LII III Pyramidal Tripolar -> EC LIII Stellate -> MEC LII III Pyramidal Multiform -> MEC LV Multipolar Pyramidal -> MEC LV Superficial Pyramidal -> EC LI II Pyramidal Fan -> EC LI II Multipolar Pyramidal -> MEC LIII Bipolar Complex Pyramidal -> MEC LIII Complex Pyramidal -> MEC LII Stellate -> CA3 Granule -> CA3 Pyramidal -> CA2 Pyramidal -> CA3c Pyramidal -> CA1 Pyramidal -> MEC LV VI Pyramidal Polymorphic -> EC LV Deep Pyramidal -> EC LIV VI Deep Multipolar Principal -> LEC LVI Multipolar Pyramidal -> EC LIII V Bipolar Pyramidal -> LEC LIII Multipolar Principal -> LEC LIII Complex Pyramidal -> EC LIII Pyramidal Stellate -> EC LIII Pyramidal -> MEC LV Pyramidal -> DG Granule -> DG Mossy -> DG Semilunar Granule -> DG Hilar Ectopic Granule,,,,,,Optimal,241747.34760305565,241747.34760305568,30.0,,,,
milp_subtour_elimination,EC LIII Pyramidal,28,29,241759.0694505681,241759.0694505681,CA3 Granule,EC LIII Pyramidal -> MEC LV Pyramidal -> DG Granule -> DG Mossy -> DG Semilunar Granule -> DG Hilar Ectopic Granule -> CA3 Pyramidal -> CA2 Pyramidal -> CA3c Pyramidal -> CA1 Pyramidal -> MEC LV VI Pyramidal Polymorphic -> EC LV Deep Pyramidal -> EC LIV VI Deep Multipolar Principal -> LEC LVI Multipolar Pyramidal -> EC LIII V Bipolar Pyramidal -> LEC LIII Multipolar Principal -> LEC LIII Complex Pyramidal -> EC LIII Pyramidal Stellate -> EC LII III Pyramidal Tripolar -> EC LIII Stellate -> MEC LII III Pyramidal Multiform -> MEC LV Multipolar Pyramidal -> MEC LV Superficial Pyramidal -> EC LI II Pyramidal Fan -> EC LI II Multipolar Pyramidal -> MEC LIII Bipolar Complex Pyramidal -> MEC LIII Complex Pyramidal -> MEC LII Stellate -> CA3 Granule,,,,,,Optimal,241759.0694505681,241759.0694505681,30.0,,,,
milp_subtour_elimination,EC LIII Pyramidal Stellate,28,29,241576.43295081673,241576.43295081673,DG Hilar Ectopic Granule,EC LIII Pyramidal Stellate -> MEC LII III Pyramidal Multiform -> MEC LV Multipolar Pyramidal -> MEC LV Superficial Pyramidal -> EC LI II Pyramidal Fan -> EC LI II Multipolar Pyramidal -> MEC LIII Bipolar Complex Pyramidal -> MEC LIII Complex Pyramidal -> MEC LII Stellate -> CA3 Granule -> CA3 Pyramidal -> CA2 Pyramidal -> CA3c Pyramidal -> CA1 Pyramidal -> MEC LV VI Pyramidal Polymorphic -> EC LV Deep Pyramidal -> EC LIV VI Deep Multipolar Principal -> LEC LVI Multipolar Pyramidal -> EC LIII V Bipolar Pyramidal -> LEC LIII Multipolar Principal -> LEC LIII Complex Pyramidal -> EC LII III Pyramidal Tripolar -> EC LIII Stellate -> EC LIII Pyramidal -> MEC LV Pyramidal -> DG Granule -> DG Mossy -> DG Semilunar Granule -> DG Hilar Ectopic Granule,,,,,,Optimal,241576.43295081673,241576.43295081676,30.0,,,,
milp_subtour_elimination,EC LIII Stellate,29,30,241581.7907107547,241581.7907107547,CA3 Granule,EC LIII Stellate -> EC LIII Pyramidal -> MEC LV Superficial Pyramidal -> EC LI II Pyramidal Fan -> EC LI II Multipolar Pyramidal -> MEC LIII Bipolar Complex Pyramidal -> MEC LIII Complex Pyramidal -> MEC LII Oblique Pyramidal -> MEC LII III Pyramidal Multiform -> MEC LV Multipolar Pyramidal -> MEC LV Pyramidal -> DG Granule -> DG Mossy -> DG Semilunar Granule -> DG Hilar Ectopic Granule -> CA3 Pyramidal -> CA2 Pyramidal -> CA3c Pyramidal -> CA1 Pyramidal -> MEC LV VI Pyramidal Polymorphic -> EC LV Deep Pyramidal -> EC LIV VI Deep Multipolar Principal -> LEC LVI Multipolar Pyramidal -> EC LIII V Bipolar Pyramidal -> LEC LIII Multipolar Principal -> LEC LIII Complex Pyramidal -> EC LIII Pyramidal Stellate -> EC LII III Pyramidal Tripolar -> MEC LII Stellate -> CA3 Granule,,,,,,Optimal,241581.7907107547,241581.79071075475,30.0,,,,
milp_subtour_elimination,EC LIII V Bipolar Pyramidal,28,29,241705.05042960646,241705.05042960646,DG Hilar Ectopic Granule,EC LIII V Bipolar Pyramidal -> LEC LIII Multipolar Principal -> LEC LIII Complex Pyramidal -> EC LIII Pyramidal Stellate -> EC LII III Pyramidal Tripolar -> EC LIII Stellate -> MEC LII III Pyramidal Multiform -> MEC LV Multipolar Pyramidal -> MEC LV Superficial Pyramidal -> EC LI II Pyramidal Fan -> EC LI II Multipolar Pyramidal -> MEC LIII Bipolar Complex Pyramidal -> MEC LIII Complex Pyramidal -> MEC LII Stellate -> CA3 Granule -> CA3 Pyramidal -> CA2 Pyramidal -> CA3c Pyramidal -> CA1 Pyramidal -> MEC LV VI Pyramidal Polymorphic -> EC LV Deep Pyramidal -> EC LIV VI Deep Multipolar Principal -> LEC LVI Multipolar Pyramidal -> EC LIII Pyramidal -> MEC LV Pyramidal -> DG Granule -> DG Mossy -> DG Semilunar Granule -> DG Hilar Ectopic Granule,,,,,,Optimal,241705.05042960646,241705.0504296065,30.0,,,,
milp_subtour_elimination,EC LIV VI Deep Multipolar Principal,28,29,241611.76813426102,241611.76813426102,DG Hilar Ectopic Granule,EC LIV VI Deep Multipolar Principal -> LEC LVI Multipolar Pyramidal -> EC LIII V Bipolar Pyramidal -> LEC LIII Multipolar Principal -> LEC LIII Complex Pyramidal -> EC LIII Pyramidal Stellate -> EC LII III Pyramidal Tripolar -> EC LIII Stellate -> EC LIII Pyramidal -> MEC LII III Pyramidal Multiform -> MEC LV Multipolar Pyramidal -> MEC LV Superficial Pyramidal -> EC LI II Pyramidal Fan -> EC LI II Multipolar Pyramidal -> MEC LIII Bipolar Complex Pyramidal -> MEC LIII Complex Pyramidal -> MEC LII Stellate -> CA3 Granule -> CA3 Pyramidal -> CA2 Pyramidal -> CA3c Pyramidal -> CA1 Pyramidal -> MEC LV VI Pyramidal Polymorphic -> EC LV Deep Pyramidal -> MEC LV Pyramidal -> DG Granule -> DG Mossy -> DG Semilunar Granule -> DG Hilar Ectopic Granule,,,,,,Optimal,241611.76813426102,241611.76813426102,30.0,,,,
milp_subtour_elimination,EC LV Deep Pyramidal,28,29,241619.38687743832,241619.38687743832,CA3 Granule,EC LV Deep Pyramidal -> MEC LV Pyramidal -> DG Granule -> DG Mossy -> DG Semilunar Granule -> DG Hilar Ectopic Granule -> CA3 Pyramidal -> CA2 Pyramidal -> CA3c Pyramidal -> CA1 Pyramidal -> MEC LV VI Pyramidal Polymorphic -> EC LIV VI Deep Multipolar Principal -> LEC LVI Multipolar Pyramidal -> EC LIII V Bipolar Pyramidal -> LEC LIII Multipolar Principal -> LEC LIII Complex Pyramidal -> EC LIII Pyramidal Stellate -> EC LII III Pyramidal Tripolar -> EC LIII Stellate -> EC LIII Pyramidal -> MEC LII III Pyramidal Multiform -> MEC LV Multipolar Pyramidal -> MEC LV Superficial Pyramidal -> EC LI II Pyramidal Fan -> EC LI II Multipolar Pyramidal -> MEC LIII Bipolar Complex Pyramidal -> MEC LIII Complex Pyramidal -> MEC LII Stellate -> CA3 Granule,,,,,,Optimal,241619.38687743832,241619.38687743832,30.0,,,,
milp_subtour_elimination,LEC LIII Complex Pyramidal,28,29,241504.75943869192,241504.75943869192,DG Hilar Ectopic Granule,LEC LIII Complex Pyramidal -> EC LIII Pyramidal Stellate -> MEC LII III Pyramidal Multiform -> MEC LV Multipolar Pyramidal -> MEC LV Superficial Pyramidal -> EC LI II Pyramidal Fan -> EC LI II Multipolar Pyramidal -> MEC LIII Bipolar Complex Pyramidal -> MEC LIII Complex Pyramidal -> MEC LII Stellate -> CA3 Granule -> CA3 Pyramidal -> CA2 Pyramidal -> CA3c Pyramidal -> CA1 Pyramidal -> MEC LV VI Pyramidal Polymorphic -> EC LV Deep Pyramidal -> EC LIV VI Deep Multipolar Principal -> LEC LVI Multipolar Pyramidal -> EC LIII V Bipolar Pyramidal -> LEC LIII Multipolar Principal -> EC LII III Pyramidal Tripolar -> EC LIII Stellate -> EC LIII Pyramidal -> MEC LV Pyramidal -> DG Granule -> DG Mossy -> DG Semilunar Granule -> DG Hilar Ectopic Granule,,,,,,Optimal,241504.75943869192,241504.75943869195,30.0,,,,
milp_subtour_elimination,LEC LIII Multipolar Principal,28,29,241084.32799945504,241084.32799945504,DG Hilar Ectopic Granule,LEC LIII Multipolar Principal -> LEC LIII Complex Pyramidal -> EC LII III Pyramidal Tripolar -> EC LIII Stellate -> MEC LII III Pyramidal Multiform -> MEC LV Multipolar Pyramidal -> MEC LV Superficial Pyramidal -> EC LI II Pyramidal Fan -> EC LI II Multipolar Pyramidal -> MEC LIII Bipolar Complex Pyramidal -> MEC LIII Complex Pyramidal -> MEC LII Stellate -> CA3 Granule -> CA3 Pyramidal -> CA2 Pyramidal -> CA3c Pyramidal -> CA1 Pyramidal -> MEC LV VI Pyramidal Polymorphic -> EC LV Deep Pyramidal -> EC LIV VI Deep Multipolar Principal -> LEC LVI Multipolar Pyramidal -> EC LIII V Bipolar Pyramidal -> EC LIII Pyramidal Stellate -> EC LIII Pyramidal -> MEC LV Pyramidal -> DG Granule -> DG Mossy -> DG Semilunar Granule -> DG Hilar Ectopic Granule,,,,,,Optimal,241084.32799945504,241084.32799945507,30.0,,,,
milp_subtour_elimination,LEC LVI Multipolar Pyramidal,28,29,240726.4740533644,240726.4740533644,DG Hilar Ectopic Granule,LEC LVI Multipolar Pyramidal -> EC LIII V Bipolar Pyramidal -> EC LIII Pyramidal Stellate -> MEC LII III Pyramidal Multiform -> MEC LV Multipolar Pyramidal -> MEC LV Superficial Pyramidal -> EC LI II Pyramidal Fan -> EC LI II Multipolar Pyramidal -> MEC LIII Bipolar Complex Pyramidal -> MEC LIII Complex Pyramidal -> MEC LII Stellate -> CA3 Granule -> CA3 Pyramidal -> CA2 Pyramidal -> CA3c Pyramidal -> CA1 Pyramidal -> MEC LV VI Pyramidal Polymorphic -> EC LV Deep Pyramidal -> EC LIV VI Deep Multipolar Principal -> LEC LIII Multipolar Principal -> LEC LIII Complex Pyramidal -> EC LII III Pyramidal Tripolar -> EC LIII Stellate -> EC LIII Pyramidal -> MEC LV Pyramidal -> DG Granule -> DG Mossy -> DG Semilunar Granule -> DG Hilar Ectopic Granule,,,,,,Optimal,240726.4740533644,240726.47405336442,30.0,,,,
milp_subtour_elimination,MEC LII III Pyramidal Multiform,28,29,241761.20648552285,241761.20648552285,DG Hilar Ectopic Granule,MEC LII III Pyramidal Multiform -> MEC LV Multipolar Pyramidal -> MEC LV Superficial Pyramidal -> EC LI II Pyramidal Fan -> EC LI II Multipolar Pyramidal -> MEC LIII Bipolar Complex Pyramidal -> MEC LIII Complex Pyramidal -> MEC LII Stellate -> CA3 Granule -> CA3 Pyramidal -> CA2 Pyramidal -> CA3c Pyramidal -> CA1 Pyramidal -> MEC LV VI Pyramidal Polymorphic -> EC LV Deep Pyramidal -> EC LIV VI Deep Multipolar Principal -> LEC LVI Multipolar Pyramidal -> EC LIII V Bipolar Pyramidal -> LEC LIII Multipolar Principal -> LEC LIII Complex Pyramidal -> EC LIII Pyramidal Stellate -> EC LII III Pyramidal Tripolar -> EC LIII Stellate -> EC LIII Pyramidal -> MEC LV Pyramidal -> DG Granule -> DG Mossy -> DG Semilunar Granule -> DG Hilar Ectopic Granule,,,,,,Optimal,241761.20648552285,241761.20648552288,30.0,,,,
milp_subtour_elimination,MEC LII Oblique Pyramidal,29,30,241816.87624811297,241816.87624811297,DG Hilar Ectopic Granule,MEC LII Oblique Pyramidal -> MEC LV Superficial Pyramidal -> EC LI II Pyramidal Fan -> EC LI II Multipolar Pyramidal -> MEC LIII Bipolar Complex Pyramidal -> MEC LIII Complex Pyramidal -> MEC LII Stellate -> CA3 Granule -> CA3 Pyramidal -> CA2 Pyramidal -> CA3c Pyramidal -> CA1 Pyramidal -> MEC LV VI Pyramidal Polymorphic -> EC LV Deep Pyramidal -> EC LIV VI Deep Multipolar Principal -> LEC LVI Multipolar Pyramidal -> EC LIII V Bipolar Pyramidal -> LEC LIII Multipolar Principal -> LEC LIII Complex Pyramidal -> EC LIII Pyramidal Stellate -> EC LII III Pyramidal Tripolar -> EC LIII Stellate -> EC LIII Pyramidal -> MEC LII III Pyramidal Multiform -> MEC LV Multipolar Pyramidal -> MEC LV Pyramidal -> DG Granule -> DG Mossy -> DG Semilunar Granule -> DG Hilar Ectopic Granule,,,,,,Optimal,241816.87624811297,241816.876248113,30.0,,,,
milp_subtour_elimination,MEC LII Stellate,29,30,241153.68357201904,241153.68357201904,DG Hilar Ectopic Granule,MEC LII Stellate -> CA3 Granule -> CA3 Pyramidal -> CA2 Pyramidal -> CA3c Pyramidal -> CA1 Pyramidal -> MEC LV VI Pyramidal Polymorphic -> EC LV Deep Pyramidal -> EC LIV VI Deep Multipolar Principal -> LEC LVI Multipolar Pyramidal -> EC LIII V Bipolar Pyramidal -> LEC LIII Multipolar Principal -> LEC LIII Complex Pyramidal -> EC LIII Pyramidal Stellate -> EC LII III Pyramidal Tripolar -> EC LIII Stellate -> EC LIII Pyramidal -> MEC LV Superficial Pyramidal -> EC LI II Pyramidal Fan -> EC LI II Multipolar Pyramidal -> MEC LIII Bipolar Complex Pyramidal -> MEC LIII Complex Pyramidal -> MEC LII Oblique Pyramidal -> MEC LII III Pyramidal Multiform -> MEC LV Multipolar Pyramidal -> MEC LV Pyramidal -> DG Granule -> DG Mossy -> DG Semilunar Granule -> DG Hilar Ectopic Granule,,,,,,Optimal,241153.68357201904,241153.683572019,30.0,,,,
milp_subtour_elimination,MEC LIII Bipolar Complex Pyramidal,29,30,240272.97196340648,240272.97196340648,CA3 Granule,MEC LIII Bipolar Complex Pyramidal -> MEC LIII Complex Pyramidal -> MEC LII Oblique Pyramidal -> MEC LV Superficial Pyramidal -> EC LI II Pyramidal Fan -> EC LI II Multipolar Pyramidal -> EC LIII Stellate -> EC LIII Pyramidal -> MEC LII III Pyramidal Multiform -> MEC LV Multipolar Pyramidal -> MEC LV Pyramidal -> DG Granule -> DG Mossy -> DG Semilunar Granule -> DG Hilar Ectopic Granule -> CA3 Pyramidal -> CA2 Pyramidal -> CA3c Pyramidal -> CA1 Pyramidal -> MEC LV VI Pyramidal Polymorphic -> EC LV Deep Pyramidal -> EC LIV VI Deep Multipolar Principal -> LEC LVI Multipolar Pyramidal -> EC LIII V Bipolar Pyramidal -> LEC LIII Multipolar Principal -> LEC LIII Complex Pyramidal -> EC LIII Pyramidal Stellate -> EC LII III Pyramidal Tripolar -> MEC LII Stellate -> CA3 Granule,,,,,,Optimal,240272.97196340648,240272.97196340654,30.0,,,,
milp_subtour_elimination,MEC LIII Complex Pyramidal,29,30,241045.75609427708,241045.75609427708,DG Hilar Ectopic Granule,MEC LIII Complex Pyramidal -> MEC LII Stellate -> CA3 Granule -> CA3 Pyramidal -> CA2 Pyramidal -> CA3c Pyramidal -> CA1 Pyramidal -> MEC LV VI Pyramidal Polymorphic -> EC LV Deep Pyramidal -> EC LIV VI Deep Multipolar Principal -> LEC LVI Multipolar Pyramidal -> EC LIII V Bipolar Pyramidal -> LEC LIII Multipolar Principal -> LEC LIII Complex Pyramidal -> EC LIII Pyramidal Stellate -> EC LII III Pyramidal Tripolar -> EC LIII Stellate -> EC LIII Pyramidal -> MEC LV Superficial Pyramidal -> EC LI II Pyramidal Fan -> EC LI II Multipolar Pyramidal -> MEC LIII Bipolar Complex Pyramidal -> MEC LII Oblique Pyramidal -> MEC LII III Pyramidal Multiform -> MEC LV Multipolar Pyramidal -> MEC LV Pyramidal -> DG Granule -> DG Mossy -> DG Semilunar Granule -> DG Hilar Ectopic Granule,,,,,,Optimal,241045.75609427708,241045.75609427705,30.0,,,,
milp_subtour_elimination,MEC LV Multipolar Pyramidal,29,30,241597.86679536878,241597.86679536878,DG Hilar Ectopic Granule,MEC LV Multipolar Pyramidal -> MEC LV Superficial Pyramidal -> EC LI II Pyramidal Fan -> EC LI II Multipolar Pyramidal -> MEC LIII Bipolar Complex Pyramidal -> MEC LII Oblique Pyramidal -> MEC LII III Pyramidal Multiform -> MEC LIII Complex Pyramidal -> MEC LII Stellate -> CA3 Granule -> CA3 Pyramidal -> CA2 Pyramidal -> CA3c Pyramidal -> CA1 Pyramidal -> MEC LV VI Pyramidal Polymorphic -> EC LV Deep Pyramidal -> EC LIV VI Deep Multipolar Principal -> LEC LVI Multipolar Pyramidal -> EC LIII V Bipolar Pyramidal -> LEC LIII Multipolar Principal -> LEC LIII Complex Pyramidal -> EC LIII Pyramidal Stellate -> EC LII III Pyramidal Tripolar -> EC LIII Stellate -> EC LIII Pyramidal -> MEC LV Pyramidal -> DG Granule -> DG Mossy -> DG Semilunar Granule -> DG Hilar Ectopic Granule,,,,,,Optimal,241597.86679536878,241597.86679536878,30.0,,,,
milp_subtour_elimination,MEC LV Pyramidal,28,29,241765.05146223312,241765.05146223312,CA3 Granule,MEC LV Pyramidal -> DG Granule -> DG Mossy -> DG Semilunar Granule -> DG Hilar Ectopic Granule -> CA3 Pyramidal -> CA2 Pyramidal -> CA3c Pyramidal -> CA1 Pyramidal -> MEC LV VI Pyramidal Polymorphic -> EC LV Deep Pyramidal -> EC LIV VI Deep Multipolar Principal -> LEC LVI Multipolar Pyramidal -> EC LIII V Bipolar Pyramidal -> LEC LIII Multipolar Principal -> LEC LIII Complex Pyramidal -> EC LIII Pyramidal Stellate -> EC LII III Pyramidal Tripolar -> EC LIII Stellate -> EC LIII Pyramidal -> MEC LII III Pyramidal Multiform -> MEC LV Multipolar Pyramidal -> MEC LV Superficial Pyramidal -> EC LI II Pyramidal Fan -> EC LI II Multipolar Pyramidal -> MEC LIII Bipolar Complex Pyramidal -> MEC LIII Complex Pyramidal -> MEC LII Stellate -> CA3 Granule,,,,,,Optimal,241765.05146223312,241765.05146223315,30.0,,,,
milp_subtour_elimination,MEC LV Superficial Pyramidal,28,29,241743.24111451756,241743.24111451756,DG Hilar Ectopic Granule,MEC LV Superficial Pyramidal -> EC LI II Pyramidal Fan -> EC LI II Multipolar Pyramidal -> MEC LIII Bipolar Complex Pyramidal -> MEC LIII Complex Pyramidal -> MEC LII Stellate -> CA3 Granule -> CA3 Pyramidal -> CA2 Pyramidal -> CA3c Pyramidal -> CA1 Pyramidal -> MEC LV VI Pyramidal Polymorphic -> EC LV Deep Pyramidal -> EC LIV VI Deep Multipolar Principal -> LEC LVI Multipolar Pyramidal -> EC LIII V Bipolar Pyramidal -> LEC LIII Multipolar Principal -> LEC LIII Complex Pyramidal -> EC LIII Pyramidal Stellate -> EC LII III Pyramidal Tripolar -> EC LIII Stellate -> EC LIII Pyramidal -> MEC LII III Pyramidal Multiform -> MEC LV Multipolar Pyramidal -> MEC LV Pyramidal -> DG Granule -> DG Mossy -> DG Semilunar Granule -> DG Hilar Ectopic Granule,,,,,,Optimal,241743.24111451756,241743.24111451756,30.0,,,,
milp_subtour_elimination,MEC LV VI Pyramidal Polymorphic,28,29,237730.01588219294,237730.01588219294,DG Hilar Ectopic Granule,MEC LV VI Pyramidal Polymorphic -> EC LV Deep Pyramidal -> EC LIV VI Deep Multipolar Principal -> LEC LIII Multipolar Principal -> LEC LIII Complex Pyramidal -> EC LII III Pyramidal Tripolar -> EC LIII Stellate -> MEC LII III Pyramidal Multiform -> MEC LV Multipolar Pyramidal -> MEC LV Superficial Pyramidal -> EC LI II Pyramidal Fan -> EC LI II Multipolar Pyramidal -> MEC LIII Bipolar Complex Pyramidal -> MEC LIII Complex Pyramidal -> MEC LII Stellate -> CA3 Granule -> CA3 Pyramidal -> CA2 Pyramidal -> CA3c Pyramidal -> CA1 Pyramidal -> LEC LVI Multipolar Pyramidal -> EC LIII V Bipolar Pyramidal -> EC LIII Pyramidal Stellate -> EC LIII Pyramidal -> MEC LV Pyramidal -> DG Granule -> DG Mossy -> DG Semilunar Granule -> DG Hilar Ectopic Granule,,,,,,Optimal,237730.01588219294,237730.01588219302,30.0,,,,
milp_subtour_elimination,SUB CA1 Projecting Pyramidal,30,31,141695.85883682192,141695.85883682192,CA1 Radiatum Giant,SUB CA1 Projecting Pyramidal -> CA1 Pyramidal -> MEC LV VI Pyramidal Polymorphic -> EC LIV VI Deep Multipolar Principal -> EC LV Deep Pyramidal -> LEC LVI Multipolar Pyramidal -> EC LII III Pyramidal Tripolar -> MEC LII Stellate -> MEC LIII Complex Pyramidal -> MEC LII Oblique Pyramidal -> EC LIII V Bipolar Pyramidal -> LEC LIII Multipolar Principal -> LEC LIII Complex Pyramidal -> EC LI II Pyramidal Fan -> EC LI II Multipolar Pyramidal -> MEC LIII Bipolar Complex Pyramidal -> MEC LV Superficial Pyramidal -> MEC LV Multipolar Pyramidal -> EC LIII Pyramidal -> EC LIII Stellate -> EC LIII Pyramidal Stellate -> MEC LII III Pyramidal Multiform -> MEC LV Pyramidal -> DG Granule -> DG Mossy -> DG Semilunar Granule -> DG Hilar Ectopic Granule -> CA3 Pyramidal -> CA2 Pyramidal -> CA3c Pyramidal -> CA1 Radiatum Giant,,,,,,Optimal,141695.85883682192,141695.8588368219,30.0,,,,
maximum_weight_asymmetric_hamiltonian_path,CA1 Pyramidal,31,32,138363.44205473232,138363.44205473232,CA1 Radiatum Giant,CA1 Pyramidal -> MEC LV VI Pyramidal Polymorphic -> EC LV Deep Pyramidal -> EC LIV VI Deep Multipolar Principal -> LEC LVI Multipolar Pyramidal -> EC LIII V Bipolar Pyramidal -> LEC LIII Multipolar Principal -> LEC LIII Complex Pyramidal -> EC LIII Pyramidal Stellate -> EC LIII Pyramidal -> EC LIII Stellate -> EC LII III Pyramidal Tripolar -> MEC LII Stellate -> MEC LIII Complex Pyramidal -> MEC LII Oblique Pyramidal -> MEC LV Superficial Pyramidal -> EC LI II Pyramidal Fan -> EC LI II Multipolar Pyramidal -> MEC LIII Bipolar Complex Pyramidal -> MEC LII III Pyramidal Multiform -> MEC LV Multipolar Pyramidal -> MEC LV Pyramidal -> DG Granule -> DG Mossy -> DG Semilunar Granule -> DG Hilar Ectopic Granule -> CA3 Pyramidal -> CA2 Pyramidal -> CA3 Granule -> CA3c Pyramidal -> SUB CA1 Projecting Pyramidal -> CA1 Radiatum Giant,,,,,,,,,,Optimal,138363.44205473232,138363.44205473232,30.0
maximum_weight_asymmetric_hamiltonian_path,CA1 Radiatum Giant,31,32,138407.68039697158,138407.68039697158,SUB CA1 Projecting Pyramidal,CA1 Radiatum Giant -> CA1 Pyramidal -> MEC LV VI Pyramidal Polymorphic -> EC LV Deep Pyramidal -> EC LIV VI Deep Multipolar Principal -> LEC LVI Multipolar Pyramidal -> EC LIII V Bipolar Pyramidal -> LEC LIII Multipolar Principal -> LEC LIII Complex Pyramidal -> EC LIII Pyramidal Stellate -> EC LIII Pyramidal -> EC LIII Stellate -> EC LII III Pyramidal Tripolar -> MEC LII Stellate -> MEC LIII Complex Pyramidal -> MEC LII Oblique Pyramidal -> MEC LV Superficial Pyramidal -> EC LI II Pyramidal Fan -> EC LI II Multipolar Pyramidal -> MEC LIII Bipolar Complex Pyramidal -> MEC LII III Pyramidal Multiform -> MEC LV Multipolar Pyramidal -> MEC LV Pyramidal -> DG Granule -> DG Mossy -> DG Semilunar Granule -> DG Hilar Ectopic Granule -> CA3 Pyramidal -> CA2 Pyramidal -> CA3 Granule -> CA3c Pyramidal -> SUB CA1 Projecting Pyramidal,,,,,,,,,,Optimal,138407.68039697158,138407.6803969716,30.0
maximum_weight_asymmetric_hamiltonian_path,CA2 Pyramidal,31,32,184864.16885884324,184864.16885884324,CA1 Radiatum Giant,CA2 Pyramidal -> DG Mossy -> DG Semilunar Granule -> DG Granule -> DG Hilar Ectopic Granule -> CA3 Pyramidal -> CA3 Granule -> CA3c Pyramidal -> CA1 Pyramidal -> MEC LV VI Pyramidal Polymorphic -> EC LV Deep Pyramidal -> EC LIV VI Deep Multipolar Principal -> LEC LVI Multipolar Pyramidal -> EC LII III Pyramidal Tripolar -> EC LIII Stellate -> EC LIII Pyramidal -> MEC LV Pyramidal -> MEC LIII Complex Pyramidal -> MEC LII Stellate -> MEC LII III Pyramidal Multiform -> MEC LV Multipolar Pyramidal -> MEC LV Superficial Pyramidal -> EC LI II Pyramidal Fan -> EC LI II Multipolar Pyramidal -> MEC LIII Bipolar Complex Pyramidal -> MEC LII Oblique Pyramidal -> EC LIII V Bipolar Pyramidal -> LEC LIII Multipolar Principal -> LEC LIII Complex Pyramidal -> EC LIII Pyramidal Stellate -> SUB CA1 Projecting Pyramidal -> CA1 Radiatum Giant,,,,,,,,,,Optimal,184864.16885884324,184864.16885884327,30.0
maximum_weight_asymmetric_hamiltonian_path,CA3 Granule,31,32,194266.4705787545,194266.4705787545,CA1 Radiatum Giant,CA3 Granule -> CA3 Pyramidal -> CA2 Pyramidal -> DG Mossy -> DG Semilunar Granule -> DG Granule -> DG Hilar Ectopic Granule -> CA3c Pyramidal -> CA1 Pyramidal -> MEC LV VI Pyramidal Polymorphic -> EC LV Deep Pyramidal -> EC LIV VI Deep Multipolar Principal -> LEC LVI Multipolar Pyramidal -> EC LII III Pyramidal Tripolar -> EC LIII Stellate -> EC LIII Pyramidal -> MEC LV Pyramidal -> MEC LIII Complex Pyramidal -> MEC LII Stellate -> MEC LII III Pyramidal Multiform -> MEC LV Multipolar Pyramidal -> MEC LV Superficial Pyramidal -> EC LI II Pyramidal Fan -> EC LI II Multipolar Pyramidal -> MEC LIII Bipolar Complex Pyramidal -> MEC LII Oblique Pyramidal -> EC LIII V Bipolar Pyramidal -> LEC LIII Multipolar Principal -> LEC LIII Complex Pyramidal -> EC LIII Pyramidal Stellate -> SUB CA1 Projecting Pyramidal -> CA1 Radiatum Giant,,,,,,,,,,Optimal,194266.4705787545,194266.47057875452,30.0
maximum_weight_asymmetric_hamiltonian_path,CA3 Pyramidal,31,32,138415.95481947047,138415.95481947047,DG Hilar Ectopic Granule,CA3 Pyramidal -> CA2 Pyramidal -> CA3 Granule -> CA3c Pyramidal -> SUB CA1 Projecting Pyramidal -> CA1 Radiatum Giant -> CA1 Pyramidal -> MEC LV VI Pyramidal Polymorphic -> EC LV Deep Pyramidal -> EC LIV VI Deep Multipolar Principal -> LEC LVI Multipolar Pyramidal -> EC LIII V Bipolar Pyramidal -> LEC LIII Multipolar Principal -> LEC LIII Complex Pyramidal -> EC LIII Pyramidal Stellate -> EC LIII Pyramidal -> EC LIII Stellate -> EC LII III Pyramidal Tripolar -> MEC LII Stellate -> MEC LIII Complex Pyramidal -> MEC LII Oblique Pyramidal -> MEC LV Superficial Pyramidal -> EC LI II Pyramidal Fan -> EC LI II Multipolar Pyramidal -> MEC LIII Bipolar Complex Pyramidal -> MEC LII III Pyramidal Multiform -> MEC LV Multipolar Pyramidal -> MEC LV Pyramidal -> DG Granule -> DG Mossy -> DG Semilunar Granule -> DG Hilar Ectopic Granule,,,,,,,,,,Optimal,138415.95481947047,138415.9548194705,30.0
maximum_weight_asymmetric_hamiltonian_path,CA3c Pyramidal,31,32,138413.68731172703,138413.68731172703,CA3 Granule,CA3c Pyramidal -> SUB CA1 Projecting Pyramidal -> CA1 Radiatum Giant -> CA1 Pyramidal -> MEC LV VI Pyramidal Polymorphic -> EC LV Deep Pyramidal -> EC LIV VI Deep Multipolar Principal -> LEC LVI Multipolar Pyramidal -> EC LIII V Bipolar Pyramidal -> LEC LIII Multipolar Principal -> LEC LIII Complex Pyramidal -> EC LIII Pyramidal Stellate -> EC LIII Pyramidal -> EC LIII Stellate -> EC LII III Pyramidal Tripolar -> MEC LII Stellate -> MEC LIII Complex Pyramidal -> MEC LII Oblique Pyramidal -> MEC LV Superficial Pyramidal -> EC LI II Pyramidal Fan -> EC LI II Multipolar Pyramidal -> MEC LIII Bipolar Complex Pyramidal -> MEC LII III Pyramidal Multiform -> MEC LV Multipolar Pyramidal -> MEC LV Pyramidal -> DG Granule -> DG Mossy -> DG Semilunar Granule -> DG Hilar Ectopic Granule -> CA3 Pyramidal -> CA2 Pyramidal -> CA3 Granule,,,,,,,,,,Optimal,138413.68731172703,138413.6873117271,30.0
maximum_weight_asymmetric_hamiltonian_path,DG Granule,31,32,213918.94930939205,213918.94930939205,CA1 Radiatum Giant,DG Granule -> DG Mossy -> DG Semilunar Granule -> DG Hilar Ectopic Granule -> CA3 Pyramidal -> CA2 Pyramidal -> CA3 Granule -> CA3c Pyramidal -> CA1 Pyramidal -> MEC LV VI Pyramidal Polymorphic -> EC LV Deep Pyramidal -> EC LIV VI Deep Multipolar Principal -> LEC LVI Multipolar Pyramidal -> EC LII III Pyramidal Tripolar -> EC LIII Stellate -> EC LIII Pyramidal -> MEC LV Pyramidal -> MEC LIII Complex Pyramidal -> MEC LII Stellate -> MEC LII III Pyramidal Multiform -> MEC LV Multipolar Pyramidal -> MEC LV Superficial Pyramidal -> EC LI II Pyramidal Fan -> EC LI II Multipolar Pyramidal -> MEC LIII Bipolar Complex Pyramidal -> MEC LII Oblique Pyramidal -> EC LIII V Bipolar Pyramidal -> LEC LIII Multipolar Principal -> LEC LIII Complex Pyramidal -> EC LIII Pyramidal Stellate -> SUB CA1 Projecting Pyramidal -> CA1 Radiatum Giant,,,,,,,,,,Optimal,213918.94930939205,213918.94930939205,30.0
maximum_weight_asymmetric_hamiltonian_path,DG Hilar Ectopic Granule,31,32,165146.09065013603,165146.09065013603,CA1 Radiatum Giant,DG Hilar Ectopic Granule -> DG Mossy -> DG Semilunar Granule -> DG Granule -> CA3 Pyramidal -> CA2 Pyramidal -> CA3 Granule -> CA3c Pyramidal -> CA1 Pyramidal -> MEC LV VI Pyramidal Polymorphic -> EC LV Deep Pyramidal -> EC LIV VI Deep Multipolar Principal -> LEC LVI Multipolar Pyramidal -> EC LII III Pyramidal Tripolar -> EC LIII Stellate -> EC LIII Pyramidal -> MEC LV Pyramidal -> MEC LIII Complex Pyramidal -> MEC LII Stellate -> MEC LII III Pyramidal Multiform -> MEC LV Multipolar Pyramidal -> MEC LV Superficial Pyramidal -> EC LI II Pyramidal Fan -> EC LI II Multipolar Pyramidal -> MEC LIII Bipolar Complex Pyramidal -> MEC LII Oblique Pyramidal -> EC LIII V Bipolar Pyramidal -> LEC LIII Multipolar Principal -> LEC LIII Complex Pyramidal -> EC LIII Pyramidal Stellate -> SUB CA1 Projecting Pyramidal -> CA1 Radiatum Giant,,,,,,,,,,Optimal,165146.09065013603,165146.090650136,30.0
maximum_weight_asymmetric_hamiltonian_path,DG Mossy,31,32,190024.34007684488,190024.34007684488,CA1 Radiatum Giant,DG Mossy -> DG Semilunar Granule -> DG Granule -> DG Hilar Ectopic Granule -> CA3 Pyramidal -> CA2 Pyramidal -> CA3 Granule -> CA3c Pyramidal -> CA1 Pyramidal -> MEC LV VI Pyramidal Polymorphic -> EC LV Deep Pyramidal -> EC LIV VI Deep Multipolar Principal -> LEC LVI Multipolar Pyramidal -> EC LII III Pyramidal Tripolar -> EC LIII Stellate -> EC LIII Pyramidal -> MEC LV Pyramidal -> MEC LIII Complex Pyramidal -> MEC LII Stellate -> MEC LII III Pyramidal Multiform -> MEC LV Multipolar Pyramidal -> MEC LV Superficial Pyramidal -> EC LI II Pyramidal Fan -> EC LI II Multipolar Pyramidal -> MEC LIII Bipolar Complex Pyramidal -> MEC LII Oblique Pyramidal -> EC LIII V Bipolar Pyramidal -> LEC LIII Multipolar Principal -> LEC LIII Complex Pyramidal -> EC LIII Pyramidal Stellate -> SUB CA1 Projecting Pyramidal -> CA1 Radiatum Giant,,,,,,,,,,Optimal,190024.34007684488,190024.3400768449,30.0
maximum_weight_asymmetric_hamiltonian_path,DG Semilunar Granule,31,32,211887.44138517848,211887.44138517848,CA1 Radiatum Giant,DG Semilunar Granule -> DG Granule -> DG Mossy -> DG Hilar Ectopic Granule -> CA3 Pyramidal -> CA2 Pyramidal -> CA3 Granule -> CA3c Pyramidal -> CA1 Pyramidal -> MEC LV VI Pyramidal Polymorphic -> EC LV Deep Pyramidal -> EC LIV VI Deep Multipolar Principal -> LEC LVI Multipolar Pyramidal -> EC LII III Pyramidal Tripolar -> EC LIII Stellate -> EC LIII Pyramidal -> MEC LV Pyramidal -> MEC LIII Complex Pyramidal -> MEC LII Stellate -> MEC LII III Pyramidal Multiform -> MEC LV Multipolar Pyramidal -> MEC LV Superficial Pyramidal -> EC LI II Pyramidal Fan -> EC LI II Multipolar Pyramidal -> MEC LIII Bipolar Complex Pyramidal -> MEC LII Oblique Pyramidal -> EC LIII V Bipolar Pyramidal -> LEC LIII Multipolar Principal -> LEC LIII Complex Pyramidal -> EC LIII Pyramidal Stellate -> SUB CA1 Projecting Pyramidal -> CA1 Radiatum Giant,,,,,,,,,,Optimal,211887.44138517848,211887.4413851785,30.0
maximum_weight_asymmetric_hamiltonian_path,EC LI II Multipolar Pyramidal,31,32,219942.73768209846,219942.73768209846,CA1 Radiatum Giant,EC LI II Multipolar Pyramidal -> MEC LIII Bipolar Complex Pyramidal -> MEC LII III Pyramidal Multiform -> MEC LV Multipolar Pyramidal -> MEC LV Superficial Pyramidal -> EC LI II Pyramidal Fan -> MEC LII Stellate -> MEC LIII Complex Pyramidal -> MEC LII Oblique Pyramidal -> EC LII III Pyramidal Tripolar -> EC LIII Stellate -> EC LIII Pyramidal -> MEC LV Pyramidal -> DG Granule -> DG Mossy -> DG Semilunar Granule -> DG Hilar Ectopic Granule -> CA3 Pyramidal -> CA2 Pyramidal -> CA3 Granule -> CA3c Pyramidal -> CA1 Pyramidal -> MEC LV VI Pyramidal Polymorphic -> EC LV Deep Pyramidal -> EC LIV VI Deep Multipolar Principal -> LEC LVI Multipolar Pyramidal -> EC LIII V Bipolar Pyramidal -> LEC LIII Multipolar Principal -> LEC LIII Complex Pyramidal -> EC LIII Pyramidal Stellate -> SUB CA1 Projecting Pyramidal -> CA1 Radiatum Giant,,,,,,,,,,Optimal,219942.73768209846,219942.7376820985,30.0
maximum_weight_asymmetric_hamiltonian_path,EC LI II Pyramidal Fan,31,32,223058.6184528637,223058.6184528637,CA1 Radiatum Giant,EC LI II Pyramidal Fan -> EC LI II Multipolar Pyramidal -> MEC LIII Bipolar Complex Pyramidal -> MEC LII III Pyramidal Multiform -> MEC LV Multipolar Pyramidal -> MEC LV Superficial Pyramidal -> MEC LV Pyramidal -> DG Granule -> DG Mossy -> DG Semilunar Granule -> DG Hilar Ectopic Granule -> CA3 Pyramidal -> CA2 Pyramidal -> CA3 Granule -> CA3c Pyramidal -> CA1 Pyramidal -> MEC LV VI Pyramidal Polymorphic -> EC LV Deep Pyramidal -> EC LIV VI Deep Multipolar Principal -> LEC LVI Multipolar Pyramidal -> EC LIII Stellate -> EC LII III Pyramidal Tripolar -> MEC LII Stellate -> MEC LIII Complex Pyramidal -> MEC LII Oblique Pyramidal -> EC LIII Pyramidal -> EC LIII V Bipolar Pyramidal -> LEC LIII Multipolar Principal -> LEC LIII Complex Pyramidal -> EC LIII Pyramidal Stellate -> SUB CA1 Projecting Pyramidal -> CA1 Radiatum Giant,,,,,,,,,,Optimal,223058.6184528637,223058.61845286374,30.0
maximum_weight_asymmetric_hamiltonian_path,EC LII III Pyramidal Tripolar,31,32,222957.69183759412,222957.69183759412,CA1 Radiatum Giant,EC LII III Pyramidal Tripolar -> MEC LII Stellate -> MEC LIII Complex Pyramidal -> MEC LII Oblique Pyramidal -> MEC LV Superficial Pyramidal -> EC LI II Pyramidal Fan -> EC LI II Multipolar Pyramidal -> MEC LIII Bipolar Complex Pyramidal -> MEC LII III Pyramidal Multiform -> MEC LV Multipolar Pyramidal -> MEC LV Pyramidal -> DG Granule -> DG Mossy -> DG Semilunar Granule -> DG Hilar Ectopic Granule -> CA3 Pyramidal -> CA2 Pyramidal -> CA3 Granule -> CA3c Pyramidal -> CA1 Pyramidal -> MEC LV VI Pyramidal Polymorphic -> EC LV Deep Pyramidal -> EC LIV VI Deep Multipolar Principal -> LEC LVI Multipolar Pyramidal -> EC LIII Stellate -> EC LIII Pyramidal -> EC LIII V Bipolar Pyramidal -> LEC LIII Multipolar Principal -> LEC LIII Complex Pyramidal -> EC LIII Pyramidal Stellate -> SUB CA1 Projecting Pyramidal -> CA1 Radiatum Giant,,,,,,,,,,Optimal,222957.69183759412,222957.69183759418,30.0
maximum_weight_asymmetric_hamiltonian_path,EC LIII Pyramidal,31,32,223001.4159637535,223001.4159637535,CA1 Radiatum Giant,EC LIII Pyramidal -> EC LIII Stellate -> EC LII III Pyramidal Tripolar -> MEC LII Stellate -> MEC LIII Complex Pyramidal -> MEC LII Oblique Pyramidal -> MEC LV Superficial Pyramidal -> EC LI II Pyramidal Fan -> EC LI II Multipolar Pyramidal -> MEC LIII Bipolar Complex Pyramidal -> MEC LII III Pyramidal Multiform -> MEC LV Multipolar Pyramidal -> MEC LV Pyramidal -> DG Granule -> DG Mossy -> DG Semilunar Granule -> DG Hilar Ectopic Granule -> CA3 Pyramidal -> CA2 Pyramidal -> CA3 Granule -> CA3c Pyramidal -> CA1 Pyramidal -> MEC LV VI Pyramidal Polymorphic -> EC LV Deep Pyramidal -> EC LIV VI Deep Multipolar Principal -> LEC LVI Multipolar Pyramidal -> EC LIII V Bipolar Pyramidal -> LEC LIII Multipolar Principal -> LEC LIII Complex Pyramidal -> EC LIII Pyramidal Stellate -> SUB CA1 Projecting Pyramidal -> CA1 Radiatum Giant,,,,,,,,,,Optimal,223001.4159637535,223001.41596375356,30.0
maximum_weight_asymmetric_hamiltonian_path,EC LIII Pyramidal Stellate,31,32,222758.68625479582,222758.68625479582,CA1 Radiatum Giant,EC LIII Pyramidal Stellate -> EC LII III Pyramidal Tripolar -> MEC LII Stellate -> MEC LIII Complex Pyramidal -> MEC LII Oblique Pyramidal -> MEC LV Superficial Pyramidal -> EC LI II Pyramidal Fan -> EC LI II Multipolar Pyramidal -> MEC LIII Bipolar Complex Pyramidal -> MEC LII III Pyramidal Multiform -> MEC LV Multipolar Pyramidal -> MEC LV Pyramidal -> DG Granule -> DG Mossy -> DG Semilunar Granule -> DG Hilar Ectopic Granule -> CA3 Pyramidal -> CA2 Pyramidal -> CA3 Granule -> CA3c Pyramidal -> CA1 Pyramidal -> MEC LV VI Pyramidal Polymorphic -> EC LV Deep Pyramidal -> EC LIV VI Deep Multipolar Principal -> LEC LVI Multipolar Pyramidal -> EC LIII V Bipolar Pyramidal -> LEC LIII Multipolar Principal -> LEC LIII Complex Pyramidal -> EC LIII Stellate -> EC LIII Pyramidal -> SUB CA1 Projecting Pyramidal -> CA1 Radiatum Giant,,,,,,,,,,Optimal,222758.68625479582,222758.68625479587,30.0
maximum_weight_asymmetric_hamiltonian_path,EC LIII Stellate,31,32,222999.5050939138,222999.5050939138,CA1 Radiatum Giant,EC LIII Stellate -> EC LIII Pyramidal -> EC LII III Pyramidal Tripolar -> MEC LII Stellate -> MEC LIII Complex Pyramidal -> MEC LII Oblique Pyramidal -> MEC LV Superficial Pyramidal -> EC LI II Pyramidal Fan -> EC LI II Multipolar Pyramidal -> MEC LIII Bipolar Complex Pyramidal -> MEC LII III Pyramidal Multiform -> MEC LV Multipolar Pyramidal -> MEC LV Pyramidal -> DG Granule -> DG Mossy -> DG Semilunar Granule -> DG Hilar Ectopic Granule -> CA3 Pyramidal -> CA2 Pyramidal -> CA3 Granule -> CA3c Pyramidal -> CA1 Pyramidal -> MEC LV VI Pyramidal Polymorphic -> EC LV Deep Pyramidal -> EC LIV VI Deep Multipolar Principal -> LEC LVI Multipolar Pyramidal -> EC LIII V Bipolar Pyramidal -> LEC LIII Multipolar Principal -> LEC LIII Complex Pyramidal -> EC LIII Pyramidal Stellate -> SUB CA1 Projecting Pyramidal -> CA1 Radiatum Giant,,,,,,,,,,Optimal,222999.5050939138,222999.50509391385,30.0
maximum_weight_asymmetric_hamiltonian_path,EC LIII V Bipolar Pyramidal,31,32,222925.53129916138,222925.53129916138,CA1 Radiatum Giant,EC LIII V Bipolar Pyramidal -> LEC LIII Multipolar Principal -> EC LIII Stellate -> EC LIII Pyramidal -> EC LII III Pyramidal Tripolar -> MEC LII Stellate -> MEC LIII Complex Pyramidal -> MEC LII Oblique Pyramidal -> MEC LV Superficial Pyramidal -> EC LI II Pyramidal Fan -> EC LI II Multipolar Pyramidal -> MEC LIII Bipolar Complex Pyramidal -> MEC LII III Pyramidal Multiform -> MEC LV Multipolar Pyramidal -> MEC LV Pyramidal -> DG Granule -> DG Mossy -> DG Semilunar Granule -> DG Hilar Ectopic Granule -> CA3 Pyramidal -> CA2 Pyramidal -> CA3 Granule -> CA3c Pyramidal -> CA1 Pyramidal -> MEC LV VI Pyramidal Polymorphic -> EC LV Deep Pyramidal -> EC LIV VI Deep Multipolar Principal -> LEC LVI Multipolar Pyramidal -> LEC LIII Complex Pyramidal -> EC LIII Pyramidal Stellate -> SUB CA1 Projecting Pyramidal -> CA1 Radiatum Giant,,,,,,,,,,Optimal,222925.53129916138,222925.53129916146,30.0
maximum_weight_asymmetric_hamiltonian_path,EC LIV VI Deep Multipolar Principal,31,32,222800.26063472958,222800.26063472958,CA1 Radiatum Giant,EC LIV VI Deep Multipolar Principal -> LEC LVI Multipolar Pyramidal -> EC LIII Pyramidal -> EC LIII Stellate -> EC LII III Pyramidal Tripolar -> MEC LII Stellate -> MEC LIII Complex Pyramidal -> MEC LII Oblique Pyramidal -> MEC LV Superficial Pyramidal -> EC LI II Pyramidal Fan -> EC LI II Multipolar Pyramidal -> MEC LIII Bipolar Complex Pyramidal -> MEC LII III Pyramidal Multiform -> MEC LV Multipolar Pyramidal -> MEC LV Pyramidal -> DG Granule -> DG Mossy -> DG Semilunar Granule -> DG Hilar Ectopic Granule -> CA3 Pyramidal -> CA2 Pyramidal -> CA3 Granule -> CA3c Pyramidal -> CA1 Pyramidal -> MEC LV VI Pyramidal Polymorphic -> EC LV Deep Pyramidal -> EC LIII V Bipolar Pyramidal -> LEC LIII Multipolar Principal -> LEC LIII Complex Pyramidal -> EC LIII Pyramidal Stellate -> SUB CA1 Projecting Pyramidal -> CA1 Radiatum Giant,,,,,,,,,,Optimal,222800.26063472958,222800.26063472964,30.0
maximum_weight_asymmetric_hamiltonian_path,EC LV Deep Pyramidal,31,32,222787.87116496585,222787.87116496585,CA1 Radiatum Giant,EC LV Deep Pyramidal -> EC LIII V Bipolar Pyramidal -> LEC LIII Multipolar Principal -> EC LIII Stellate -> EC LIII Pyramidal -> EC LII III Pyramidal Tripolar -> MEC LII Stellate -> MEC LIII Complex Pyramidal -> MEC LII Oblique Pyramidal -> MEC LV Superficial Pyramidal -> EC LI II Pyramidal Fan -> EC LI II Multipolar Pyramidal -> MEC LIII Bipolar Complex Pyramidal -> MEC LII III Pyramidal Multiform -> MEC LV Multipolar Pyramidal -> MEC LV Pyramidal -> DG Granule -> DG Mossy -> DG Semilunar Granule -> DG Hilar Ectopic Granule -> CA3 Pyramidal -> CA2 Pyramidal -> CA3 Granule -> CA3c Pyramidal -> CA1 Pyramidal -> MEC LV VI Pyramidal Polymorphic -> EC LIV VI Deep Multipolar Principal -> LEC LVI Multipolar Pyramidal -> LEC LIII Complex Pyramidal -> EC LIII Pyramidal Stellate -> SUB CA1 Projecting Pyramidal -> CA1 Radiatum Giant,,,,,,,,,,Optimal,222787.87116496585,222787.87116496594,30.0
maximum_weight_asymmetric_hamiltonian_path,LEC LIII Complex Pyramidal,31,32,222733.4748220167,222733.4748220167,CA1 Radiatum Giant,LEC LIII Complex Pyramidal -> EC LIII Stellate -> EC LIII Pyramidal -> EC LII III Pyramidal Tripolar -> MEC LII Stellate -> MEC LIII Complex Pyramidal -> MEC LII Oblique Pyramidal -> MEC LV Superficial Pyramidal -> EC LI II Pyramidal Fan -> EC LI II Multipolar Pyramidal -> MEC LIII Bipolar Complex Pyramidal -> MEC LII III Pyramidal Multiform -> MEC LV Multipolar Pyramidal -> MEC LV Pyramidal -> DG Granule -> DG Mossy -> DG Semilunar Granule -> DG Hilar Ectopic Granule -> CA3 Pyramidal -> CA2 Pyramidal -> CA3 Granule -> CA3c Pyramidal -> CA1 Pyramidal -> MEC LV VI Pyramidal Polymorphic -> EC LV Deep Pyramidal -> EC LIV VI Deep Multipolar Principal -> LEC LVI Multipolar Pyramidal -> EC LIII V Bipolar Pyramidal -> LEC LIII Multipolar Principal -> EC LIII Pyramidal Stellate -> SUB CA1 Projecting Pyramidal -> CA1 Radiatum Giant,,,,,,,,,,Optimal,222733.4748220167,222733.47482201678,30.0
maximum_weight_asymmetric_hamiltonian_path,LEC LIII Multipolar Principal,31,32,222392.20248380917,222392.20248380917,CA1 Radiatum Giant,LEC LIII Multipolar Principal -> LEC LIII Complex Pyramidal -> EC LIII Stellate -> EC LIII Pyramidal -> EC LII III Pyramidal Tripolar -> MEC LII Stellate -> MEC LIII Complex Pyramidal -> MEC LII Oblique Pyramidal -> MEC LV Superficial Pyramidal -> EC LI II Pyramidal Fan -> EC LI II Multipolar Pyramidal -> MEC LIII Bipolar Complex Pyramidal -> MEC LII III Pyramidal Multiform -> MEC LV Multipolar Pyramidal -> MEC LV Pyramidal -> DG Granule -> DG Mossy -> DG Semilunar Granule -> DG Hilar Ectopic Granule -> CA3 Pyramidal -> CA2 Pyramidal -> CA3 Granule -> CA3c Pyramidal -> CA1 Pyramidal -> MEC LV VI Pyramidal Polymorphic -> EC LV Deep Pyramidal -> EC LIV VI Deep Multipolar Principal -> LEC LVI Multipolar Pyramidal -> EC LIII V Bipolar Pyramidal -> EC LIII Pyramidal Stellate -> SUB CA1 Projecting Pyramidal -> CA1 Radiatum Giant,,,,,,,,,,Optimal,222392.20248380917,222392.20248380923,30.0
maximum_weight_asymmetric_hamiltonian_path,LEC LVI Multipolar Pyramidal,31,32,221997.26081653853,221997.26081653853,CA1 Radiatum Giant,LEC LVI Multipolar Pyramidal -> EC LII III Pyramidal Tripolar -> MEC LII Stellate -> MEC LIII Complex Pyramidal -> MEC LII Oblique Pyramidal -> MEC LV Superficial Pyramidal -> EC LI II Pyramidal Fan -> EC LI II Multipolar Pyramidal -> MEC LIII Bipolar Complex Pyramidal -> MEC LII III Pyramidal Multiform -> MEC LV Multipolar Pyramidal -> MEC LV Pyramidal -> DG Granule -> DG Mossy -> DG Semilunar Granule -> DG Hilar Ectopic Granule -> CA3 Pyramidal -> CA2 Pyramidal -> CA3 Granule -> CA3c Pyramidal -> CA1 Pyramidal -> MEC LV VI Pyramidal Polymorphic -> EC LV Deep Pyramidal -> EC LIV VI Deep Multipolar Principal -> LEC LIII Multipolar Principal -> LEC LIII Complex Pyramidal -> EC LIII Stellate -> EC LIII Pyramidal -> EC LIII V Bipolar Pyramidal -> EC LIII Pyramidal Stellate -> SUB CA1 Projecting Pyramidal -> CA1 Radiatum Giant,,,,,,,,,,Optimal,221997.26081653853,221997.2608165386,30.0
maximum_weight_asymmetric_hamiltonian_path,MEC LII III Pyramidal Multiform,31,32,222873.10186593278,222873.10186593278,CA1 Radiatum Giant,MEC LII III Pyramidal Multiform -> MEC LV Multipolar Pyramidal -> MEC LV Pyramidal -> DG Granule -> DG Mossy -> DG Semilunar Granule -> DG Hilar Ectopic Granule -> CA3 Pyramidal -> CA2 Pyramidal -> CA3 Granule -> CA3c Pyramidal -> CA1 Pyramidal -> MEC LV VI Pyramidal Polymorphic -> EC LV Deep Pyramidal -> EC LIV VI Deep Multipolar Principal -> LEC LVI Multipolar Pyramidal -> EC LII III Pyramidal Tripolar -> MEC LII Stellate -> MEC LIII Complex Pyramidal -> MEC LII Oblique Pyramidal -> MEC LV Superficial Pyramidal -> EC LI II Pyramidal Fan -> EC LI II Multipolar Pyramidal -> MEC LIII Bipolar Complex Pyramidal -> EC LIII Stellate -> EC LIII Pyramidal -> EC LIII V Bipolar Pyramidal -> LEC LIII Multipolar Principal -> LEC LIII Complex Pyramidal -> EC LIII Pyramidal Stellate -> SUB CA1 Projecting Pyramidal -> CA1 Radiatum Giant,,,,,,,,,,Optimal,222873.10186593278,222873.10186593278,30.0
maximum_weight_asymmetric_hamiltonian_path,MEC LII Oblique Pyramidal,31,32,222838.94807573286,222838.94807573286,CA1 Radiatum Giant,MEC LII Oblique Pyramidal -> MEC LV Superficial Pyramidal -> EC LI II Pyramidal Fan -> EC LI II Multipolar Pyramidal -> MEC LIII Bipolar Complex Pyramidal -> MEC LIII Complex Pyramidal -> MEC LII Stellate -> MEC LII III Pyramidal Multiform -> MEC LV Multipolar Pyramidal -> MEC LV Pyramidal -> DG Granule -> DG Mossy -> DG Semilunar Granule -> DG Hilar Ectopic Granule -> CA3 Pyramidal -> CA2 Pyramidal -> CA3 Granule -> CA3c Pyramidal -> CA1 Pyramidal -> MEC LV VI Pyramidal Polymorphic -> EC LV Deep Pyramidal -> EC LIV VI Deep Multipolar Principal -> LEC LVI Multipolar Pyramidal -> EC LII III Pyramidal Tripolar -> EC LIII Stellate -> EC LIII Pyramidal -> EC LIII V Bipolar Pyramidal -> LEC LIII Multipolar Principal -> LEC LIII Complex Pyramidal -> EC LIII Pyramidal Stellate -> SUB CA1 Projecting Pyramidal -> CA1 Radiatum Giant,,,,,,,,,,Optimal,222838.94807573286,222838.94807573294,30.0
maximum_weight_asymmetric_hamiltonian_path,MEC LII Stellate,31,32,222534.20415766205,222534.20415766205,CA1 Radiatum Giant,MEC LII Stellate -> MEC LIII Complex Pyramidal -> MEC LII Oblique Pyramidal -> MEC LV Superficial Pyramidal -> EC LI II Pyramidal Fan -> EC LI II Multipolar Pyramidal -> MEC LIII Bipolar Complex Pyramidal -> MEC LII III Pyramidal Multiform -> MEC LV Multipolar Pyramidal -> MEC LV Pyramidal -> DG Granule -> DG Mossy -> DG Semilunar Granule -> DG Hilar Ectopic Granule -> CA3 Pyramidal -> CA2 Pyramidal -> CA3 Granule -> CA3c Pyramidal -> CA1 Pyramidal -> MEC LV VI Pyramidal Polymorphic -> EC LV Deep Pyramidal -> EC LIV VI Deep Multipolar Principal -> LEC LVI Multipolar Pyramidal -> EC LII III Pyramidal Tripolar -> EC LIII Stellate -> EC LIII Pyramidal -> EC LIII V Bipolar Pyramidal -> LEC LIII Multipolar Principal -> LEC LIII Complex Pyramidal -> EC LIII Pyramidal Stellate -> SUB CA1 Projecting Pyramidal -> CA1 Radiatum Giant,,,,,,,,,,Optimal,222534.20415766205,222534.2041576621,30.0
maximum_weight_asymmetric_hamiltonian_path,MEC LIII Bipolar Complex Pyramidal,31,32,221620.52690329414,221620.52690329414,CA1 Radiatum Giant,MEC LIII Bipolar Complex Pyramidal -> EC LI II Pyramidal Fan -> EC LI II Multipolar Pyramidal -> EC LIII Stellate -> EC LIII Pyramidal -> EC LII III Pyramidal Tripolar -> MEC LII Stellate -> MEC LIII Complex Pyramidal -> MEC LII Oblique Pyramidal -> MEC LII III Pyramidal Multiform -> MEC LV Multipolar Pyramidal -> MEC LV Superficial Pyramidal -> MEC LV Pyramidal -> DG Granule -> DG Mossy -> DG Semilunar Granule -> DG Hilar Ectopic Granule -> CA3 Pyramidal -> CA2 Pyramidal -> CA3 Granule -> CA3c Pyramidal -> CA1 Pyramidal -> MEC LV VI Pyramidal Polymorphic -> EC LV Deep Pyramidal -> EC LIV VI Deep Multipolar Principal -> LEC LVI Multipolar Pyramidal -> EC LIII V Bipolar Pyramidal -> LEC LIII Multipolar Principal -> LEC LIII Complex Pyramidal -> EC LIII Pyramidal Stellate -> SUB CA1 Projecting Pyramidal -> CA1 Radiatum Giant,,,,,,,,,,Optimal,221620.52690329414,221620.5269032942,30.0
maximum_weight_asymmetric_hamiltonian_path,MEC LIII Complex Pyramidal,31,32,222106.2391398325,222106.2391398325,CA1 Radiatum Giant,MEC LIII Complex Pyramidal -> MEC LII Stellate -> MEC LII Oblique Pyramidal -> MEC LV Superficial Pyramidal -> EC LI II Pyramidal Fan -> EC LI II Multipolar Pyramidal -> MEC LIII Bipolar Complex Pyramidal -> MEC LII III Pyramidal Multiform -> MEC LV Multipolar Pyramidal -> MEC LV Pyramidal -> DG Granule -> DG Mossy -> DG Semilunar Granule -> DG Hilar Ectopic Granule -> CA3 Pyramidal -> CA2 Pyramidal -> CA3 Granule -> CA3c Pyramidal -> CA1 Pyramidal -> MEC LV VI Pyramidal Polymorphic -> EC LV Deep Pyramidal -> EC LIV VI Deep Multipolar Principal -> LEC LVI Multipolar Pyramidal -> EC LII III Pyramidal Tripolar -> EC LIII Stellate -> EC LIII Pyramidal -> EC LIII V Bipolar Pyramidal -> LEC LIII Multipolar Principal -> LEC LIII Complex Pyramidal -> EC LIII Pyramidal Stellate -> SUB CA1 Projecting Pyramidal -> CA1 Radiatum Giant,,,,,,,,,,Optimal,222106.2391398325,222106.23913983253,30.0
maximum_weight_asymmetric_hamiltonian_path,MEC LV Multipolar Pyramidal,31,32,222721.24105271135,222721.24105271135,CA1 Radiatum Giant,MEC LV Multipolar Pyramidal -> MEC LV Superficial Pyramidal -> EC LI II Pyramidal Fan -> EC LI II Multipolar Pyramidal -> MEC LIII Bipolar Complex Pyramidal -> MEC LII III Pyramidal Multiform -> MEC LV Pyramidal -> DG Granule -> DG Mossy -> DG Semilunar Granule -> DG Hilar Ectopic Granule -> CA3 Pyramidal -> CA2 Pyramidal -> CA3 Granule -> CA3c Pyramidal -> CA1 Pyramidal -> MEC LV VI Pyramidal Polymorphic -> EC LV Deep Pyramidal -> EC LIV VI Deep Multipolar Principal -> LEC LVI Multipolar Pyramidal -> EC LIII Stellate -> EC LII III Pyramidal Tripolar -> MEC LII Stellate -> MEC LIII Complex Pyramidal -> MEC LII Oblique Pyramidal -> EC LIII Pyramidal -> EC LIII V Bipolar Pyramidal -> LEC LIII Multipolar Principal -> LEC LIII Complex Pyramidal -> EC LIII Pyramidal Stellate -> SUB CA1 Projecting Pyramidal -> CA1 Radiatum Giant,,,,,,,,,,Optimal,222721.24105271135,222721.24105271138,30.0
maximum_weight_asymmetric_hamiltonian_path,MEC LV Pyramidal,31,32,222879.74263891645,222879.74263891645,CA1 Radiatum Giant,MEC LV Pyramidal -> DG Granule -> DG Mossy -> DG Semilunar Granule -> DG Hilar Ectopic Granule -> CA3 Pyramidal -> CA2 Pyramidal -> CA3 Granule -> CA3c Pyramidal -> CA1 Pyramidal -> MEC LV VI Pyramidal Polymorphic -> EC LV Deep Pyramidal -> EC LIV VI Deep Multipolar Principal -> LEC LVI Multipolar Pyramidal -> EC LII III Pyramidal Tripolar -> MEC LII Stellate -> MEC LIII Complex Pyramidal -> MEC LII Oblique Pyramidal -> MEC LV Superficial Pyramidal -> EC LI II Pyramidal Fan -> EC LI II Multipolar Pyramidal -> MEC LIII Bipolar Complex Pyramidal -> MEC LII III Pyramidal Multiform -> MEC LV Multipolar Pyramidal -> EC LIII Stellate -> EC LIII Pyramidal -> EC LIII V Bipolar Pyramidal -> LEC LIII Multipolar Principal -> LEC LIII Complex Pyramidal -> EC LIII Pyramidal Stellate -> SUB CA1 Projecting Pyramidal -> CA1 Radiatum Giant,,,,,,,,,,Optimal,222879.74263891645,222879.74263891645,30.0
maximum_weight_asymmetric_hamiltonian_path,MEC LV Superficial Pyramidal,31,32,222900.43939921146,222900.43939921146,CA1 Radiatum Giant,MEC LV Superficial Pyramidal -> EC LI II Pyramidal Fan -> EC LI II Multipolar Pyramidal -> MEC LIII Bipolar Complex Pyramidal -> MEC LII III Pyramidal Multiform -> MEC LV Multipolar Pyramidal -> MEC LV Pyramidal -> DG Granule -> DG Mossy -> DG Semilunar Granule -> DG Hilar Ectopic Granule -> CA3 Pyramidal -> CA2 Pyramidal -> CA3 Granule -> CA3c Pyramidal -> CA1 Pyramidal -> MEC LV VI Pyramidal Polymorphic -> EC LV Deep Pyramidal -> EC LIV VI Deep Multipolar Principal -> LEC LVI Multipolar Pyramidal -> EC LIII Stellate -> EC LII III Pyramidal Tripolar -> MEC LII Stellate -> MEC LIII Complex Pyramidal -> MEC LII Oblique Pyramidal -> EC LIII Pyramidal -> EC LIII V Bipolar Pyramidal -> LEC LIII Multipolar Principal -> LEC LIII Complex Pyramidal -> EC LIII Pyramidal Stellate -> SUB CA1 Projecting Pyramidal -> CA1 Radiatum Giant,,,,,,,,,,Optimal,222900.43939921146,222900.4393992115,30.0
maximum_weight_asymmetric_hamiltonian_path,MEC LV VI Pyramidal Polymorphic,31,32,219037.89036654704,219037.89036654704,CA1 Radiatum Giant,MEC LV VI Pyramidal Polymorphic -> EC LV Deep Pyramidal -> EC LIV VI Deep Multipolar Principal -> LEC LIII Multipolar Principal -> LEC LIII Complex Pyramidal -> EC LIII Stellate -> EC LIII Pyramidal -> EC LII III Pyramidal Tripolar -> MEC LII Stellate -> MEC LIII Complex Pyramidal -> MEC LII Oblique Pyramidal -> MEC LV Superficial Pyramidal -> EC LI II Pyramidal Fan -> EC LI II Multipolar Pyramidal -> MEC LIII Bipolar Complex Pyramidal -> MEC LII III Pyramidal Multiform -> MEC LV Multipolar Pyramidal -> MEC LV Pyramidal -> DG Granule -> DG Mossy -> DG Semilunar Granule -> DG Hilar Ectopic Granule -> CA3 Pyramidal -> CA2 Pyramidal -> CA3 Granule -> CA3c Pyramidal -> CA1 Pyramidal -> LEC LVI Multipolar Pyramidal -> EC LIII V Bipolar Pyramidal -> EC LIII Pyramidal Stellate -> SUB CA1 Projecting Pyramidal -> CA1 Radiatum Giant,,,,,,,,,,Optimal,219037.89036654704,219037.89036654716,30.0
maximum_weight_asymmetric_hamiltonian_path,SUB CA1 Projecting Pyramidal,31,32,150476.12575723822,150476.12575723822,CA3 Granule,SUB CA1 Projecting Pyramidal -> CA1 Radiatum Giant -> CA1 Pyramidal -> MEC LV VI Pyramidal Polymorphic -> EC LV Deep Pyramidal -> MEC LV Superficial Pyramidal -> MEC LIII Bipolar Complex Pyramidal -> MEC LII III Pyramidal Multiform -> MEC LII Oblique Pyramidal -> MEC LV Multipolar Pyramidal -> EC LIII Pyramidal -> MEC LIII Complex Pyramidal -> EC LIV VI Deep Multipolar Principal -> LEC LVI Multipolar Pyramidal -> EC LIII Stellate -> EC LIII V Bipolar Pyramidal -> LEC LIII Multipolar Principal -> EC LIII Pyramidal Stellate -> LEC LIII Complex Pyramidal -> EC LI II Pyramidal Fan -> EC LI II Multipolar Pyramidal -> EC LII III Pyramidal Tripolar -> MEC LII Stellate -> MEC LV Pyramidal -> DG Granule -> DG Mossy -> DG Semilunar Granule -> DG Hilar Ectopic Granule -> CA3 Pyramidal -> CA3c Pyramidal -> CA2 Pyramidal -> CA3 Granule,,,,,,,,,,Optimal,150476.12575723822,150476.12575723825,30.0
