method,seed,length_edges,n_nodes_visited,transition_weight_sum,summed_weight,terminus,path,bb_states_seen,bb_status,bb_score,best_sample_score,mean_sample_score,median_sample_score,sample_score_std,terminal_entropy_bits,top_edge_visit_probability,n_unique_terminals_sampled,n_unique_edges_sampled,n_walks,weight_power,stop_probability,mcts_iterations,mcts_exploration_weight,mcts_rollout_temperature,mcts_states_visited,mcts_best_score,n_samples,temperature
greedy_tree_path,CA1 Pyramidal,15,16,70463.83456151624,70463.83456151624,CA1 Radiatum Giant,CA1 Pyramidal -> MEC LV VI Pyramidal Polymorphic -> EC LIV VI Deep Multipolar Principal -> LEC LVI Multipolar Pyramidal -> LEC LIII Multipolar Principal -> LEC LIII Complex Pyramidal -> EC LIII Pyramidal Stellate -> MEC LIII Complex Pyramidal -> MEC LII Stellate -> CA3 Granule -> CA3c Pyramidal -> CA2 Pyramidal -> DG Mossy -> DG Hilar Ectopic Granule -> CA3 Pyramidal -> CA1 Radiatum Giant,,,,,,,,,,,,,,,,,,,,,
greedy_tree_path,CA1 Radiatum Giant,15,16,70212.69767993434,70212.69767993434,CA3 Pyramidal,CA1 Radiatum Giant -> CA1 Pyramidal -> MEC LV VI Pyramidal Polymorphic -> EC LIV VI Deep Multipolar Principal -> LEC LVI Multipolar Pyramidal -> LEC LIII Multipolar Principal -> LEC LIII Complex Pyramidal -> EC LIII Pyramidal Stellate -> MEC LIII Complex Pyramidal -> MEC LII Stellate -> CA3 Granule -> CA3c Pyramidal -> CA2 Pyramidal -> DG Mossy -> DG Hilar Ectopic Granule -> CA3 Pyramidal,,,,,,,,,,,,,,,,,,,,,
greedy_tree_path,CA2 Pyramidal,16,17,98803.64714458957,98803.64714458957,CA1 Radiatum Giant,CA2 Pyramidal -> CA1 Pyramidal -> MEC LV VI Pyramidal Polymorphic -> EC LIV VI Deep Multipolar Principal -> LEC LVI Multipolar Pyramidal -> LEC LIII Multipolar Principal -> LEC LIII Complex Pyramidal -> EC LIII Pyramidal Stellate -> MEC LIII Complex Pyramidal -> MEC LII Stellate -> CA3 Granule -> CA3c Pyramidal -> DG Granule -> DG Mossy -> DG Hilar Ectopic Granule -> CA3 Pyramidal -> CA1 Radiatum Giant,,,,,,,,,,,,,,,,,,,,,
greedy_tree_path,CA3 Granule,15,16,118053.76242369786,118053.76242369786,CA1 Radiatum Giant,CA3 Granule -> CA3c Pyramidal -> CA1 Pyramidal -> MEC LV VI Pyramidal Polymorphic -> EC LIV VI Deep Multipolar Principal -> LEC LVI Multipolar Pyramidal -> LEC LIII Multipolar Principal -> LEC LIII Complex Pyramidal -> EC LIII Pyramidal Stellate -> MEC LIII Complex Pyramidal -> MEC LII Stellate -> CA2 Pyramidal -> DG Mossy -> DG Hilar Ectopic Granule -> CA3 Pyramidal -> CA1 Radiatum Giant,,,,,,,,,,,,,,,,,,,,,
greedy_tree_path,CA3 Pyramidal,15,16,110967.27295280102,110967.27295280102,DG Hilar Ectopic Granule,CA3 Pyramidal -> CA2 Pyramidal -> CA1 Pyramidal -> MEC LV VI Pyramidal Polymorphic -> EC LIV VI Deep Multipolar Principal -> LEC LVI Multipolar Pyramidal -> LEC LIII Multipolar Principal -> LEC LIII Complex Pyramidal -> EC LIII Pyramidal Stellate -> MEC LIII Complex Pyramidal -> MEC LII Stellate -> CA3 Granule -> CA3c Pyramidal -> DG Granule -> DG Mossy -> DG Hilar Ectopic Granule,,,,,,,,,,,,,,,,,,,,,
greedy_tree_path,CA3c Pyramidal,14,15,143811.1955212624,143811.1955212624,DG Hilar Ectopic Granule,CA3c Pyramidal -> CA1 Pyramidal -> MEC LV VI Pyramidal Polymorphic -> EC LIV VI Deep Multipolar Principal -> LEC LVI Multipolar Pyramidal -> LEC LIII Multipolar Principal -> LEC LIII Complex Pyramidal -> EC LIII Pyramidal Stellate -> MEC LIII Complex Pyramidal -> MEC LII Stellate -> CA3 Granule -> CA3 Pyramidal -> CA2 Pyramidal -> DG Mossy -> DG Hilar Ectopic Granule,,,,,,,,,,,,,,,,,,,,,
greedy_tree_path,DG Granule,16,17,184146.61118735807,184146.61118735807,CA1 Radiatum Giant,DG Granule -> DG Mossy -> DG Hilar Ectopic Granule -> CA3c Pyramidal -> CA1 Pyramidal -> MEC LV VI Pyramidal Polymorphic -> EC LIV VI Deep Multipolar Principal -> LEC LVI Multipolar Pyramidal -> LEC LIII Multipolar Principal -> LEC LIII Complex Pyramidal -> EC LIII Pyramidal Stellate -> MEC LIII Complex Pyramidal -> MEC LII Stellate -> CA3 Granule -> CA3 Pyramidal -> CA2 Pyramidal -> CA1 Radiatum Giant,,,,,,,,,,,,,,,,,,,,,
greedy_tree_path,DG Hilar Ectopic Granule,15,16,52707.12536318414,52707.12536318414,CA1 Radiatum Giant,DG Hilar Ectopic Granule -> DG Mossy -> DG Granule -> CA2 Pyramidal -> CA1 Pyramidal -> MEC LV VI Pyramidal Polymorphic -> EC LIV VI Deep Multipolar Principal -> LEC LVI Multipolar Pyramidal -> LEC LIII Multipolar Principal -> LEC LIII Complex Pyramidal -> EC LIII Pyramidal Stellate -> MEC LIII Complex Pyramidal -> MEC LII Stellate -> CA3 Granule -> CA3c Pyramidal -> CA1 Radiatum Giant,,,,,,,,,,,,,,,,,,,,,
greedy_tree_path,DG Mossy,15,16,139237.90120878708,139237.90120878708,CA1 Radiatum Giant,DG Mossy -> DG Hilar Ectopic Granule -> CA3c Pyramidal -> CA1 Pyramidal -> MEC LV VI Pyramidal Polymorphic -> EC LIV VI Deep Multipolar Principal -> LEC LVI Multipolar Pyramidal -> LEC LIII Multipolar Principal -> LEC LIII Complex Pyramidal -> EC LIII Pyramidal Stellate -> MEC LIII Complex Pyramidal -> MEC LII Stellate -> CA3 Granule -> CA3 Pyramidal -> CA2 Pyramidal -> CA1 Radiatum Giant,,,,,,,,,,,,,,,,,,,,,
greedy_tree_path,DG Semilunar Granule,16,17,144393.00700757426,144393.00700757426,CA1 Radiatum Giant,DG Semilunar Granule -> DG Mossy -> DG Hilar Ectopic Granule -> CA3c Pyramidal -> CA1 Pyramidal -> MEC LV VI Pyramidal Polymorphic -> EC LIV VI Deep Multipolar Principal -> LEC LVI Multipolar Pyramidal -> LEC LIII Multipolar Principal -> LEC LIII Complex Pyramidal -> EC LIII Pyramidal Stellate -> MEC LIII Complex Pyramidal -> MEC LII Stellate -> CA3 Granule -> CA3 Pyramidal -> CA2 Pyramidal -> CA1 Radiatum Giant,,,,,,,,,,,,,,,,,,,,,
greedy_tree_path,EC LI II Multipolar Pyramidal,14,15,155698.90674238442,155698.90674238442,CA1 Radiatum Giant,EC LI II Multipolar Pyramidal -> MEC LIII Bipolar Complex Pyramidal -> MEC LIII Complex Pyramidal -> MEC LII Stellate -> CA3 Granule -> CA3c Pyramidal -> CA1 Pyramidal -> MEC LV VI Pyramidal Polymorphic -> EC LIV VI Deep Multipolar Principal -> LEC LVI Multipolar Pyramidal -> LEC LIII Multipolar Principal -> LEC LIII Complex Pyramidal -> EC LIII Pyramidal Stellate -> SUB CA1 Projecting Pyramidal -> CA1 Radiatum Giant,,,,,,,,,,,,,,,,,,,,,
greedy_tree_path,EC LI II Pyramidal Fan,15,16,163171.34384923204,163171.34384923204,CA1 Radiatum Giant,EC LI II Pyramidal Fan -> EC LI II Multipolar Pyramidal -> MEC LIII Bipolar Complex Pyramidal -> MEC LIII Complex Pyramidal -> MEC LII Stellate -> CA3 Granule -> CA3c Pyramidal -> CA1 Pyramidal -> MEC LV VI Pyramidal Polymorphic -> EC LIV VI Deep Multipolar Principal -> LEC LVI Multipolar Pyramidal -> LEC LIII Multipolar Principal -> LEC LIII Complex Pyramidal -> EC LIII Pyramidal Stellate -> SUB CA1 Projecting Pyramidal -> CA1 Radiatum Giant,,,,,,,,,,,,,,,,,,,,,
greedy_tree_path,EC LII III Pyramidal Tripolar,15,16,159915.302446034,159915.302446034,CA1 Radiatum Giant,EC LII III Pyramidal Tripolar -> EC LI II Multipolar Pyramidal -> MEC LIII Bipolar Complex Pyramidal -> MEC LIII Complex Pyramidal -> MEC LII Stellate -> CA3 Granule -> CA3c Pyramidal -> CA1 Pyramidal -> MEC LV VI Pyramidal Polymorphic -> EC LIV VI Deep Multipolar Principal -> LEC LVI Multipolar Pyramidal -> LEC LIII Multipolar Principal -> LEC LIII Complex Pyramidal -> EC LIII Pyramidal Stellate -> SUB CA1 Projecting Pyramidal -> CA1 Radiatum Giant,,,,,,,,,,,,,,,,,,,,,
greedy_tree_path,EC LIII Pyramidal,16,17,70863.65275640332,70863.65275640332,CA1 Radiatum Giant,EC LIII Pyramidal -> CA1 Pyramidal -> MEC LV VI Pyramidal Polymorphic -> EC LIV VI Deep Multipolar Principal -> LEC LVI Multipolar Pyramidal -> LEC LIII Multipolar Principal -> LEC LIII Complex Pyramidal -> EC LIII Pyramidal Stellate -> MEC LIII Complex Pyramidal -> MEC LII Stellate -> CA3 Granule -> CA3c Pyramidal -> CA2 Pyramidal -> DG Mossy -> DG Hilar Ectopic Granule -> CA3 Pyramidal -> CA1 Radiatum Giant,,,,,,,,,,,,,,,,,,,,,
greedy_tree_path,EC LIII Pyramidal Stellate,16,17,75217.68818495833,75217.68818495833,CA1 Radiatum Giant,EC LIII Pyramidal Stellate -> CA1 Pyramidal -> MEC LV VI Pyramidal Polymorphic -> EC LIV VI Deep Multipolar Principal -> LEC LVI Multipolar Pyramidal -> LEC LIII Multipolar Principal -> LEC LIII Complex Pyramidal -> EC LIII Stellate -> MEC LIII Complex Pyramidal -> MEC LII Stellate -> CA3 Granule -> CA3c Pyramidal -> CA2 Pyramidal -> DG Mossy -> DG Hilar Ectopic Granule -> CA3 Pyramidal -> CA1 Radiatum Giant,,,,,,,,,,,,,,,,,,,,,
greedy_tree_path,EC LIII Stellate,22,23,194837.7148272929,194837.7148272929,CA1 Radiatum Giant,EC LIII Stellate -> MEC LIII Complex Pyramidal -> MEC LII Stellate -> CA3 Granule -> CA3c Pyramidal -> CA1 Pyramidal -> MEC LV VI Pyramidal Polymorphic -> EC LIV VI Deep Multipolar Principal -> LEC LVI Multipolar Pyramidal -> LEC LIII Multipolar Principal -> LEC LIII Complex Pyramidal -> EC LIII Pyramidal Stellate -> MEC LIII Bipolar Complex Pyramidal -> MEC LII III Pyramidal Multiform -> MEC LV Multipolar Pyramidal -> MEC LV Superficial Pyramidal -> MEC LV Pyramidal -> DG Granule -> DG Mossy -> DG Hilar Ectopic Granule -> CA3 Pyramidal -> CA2 Pyramidal -> CA1 Radiatum Giant,,,,,,,,,,,,,,,,,,,,,
greedy_tree_path,EC LIII V Bipolar Pyramidal,16,17,108993.79474688401,108993.79474688401,CA3 Granule,EC LIII V Bipolar Pyramidal -> LEC LIII Multipolar Principal -> LEC LIII Complex Pyramidal -> EC LIII Pyramidal Stellate -> CA1 Pyramidal -> MEC LV VI Pyramidal Polymorphic -> EC LIV VI Deep Multipolar Principal -> LEC LVI Multipolar Pyramidal -> EC LV Deep Pyramidal -> MEC LV Pyramidal -> DG Granule -> DG Mossy -> DG Hilar Ectopic Granule -> CA3c Pyramidal -> CA2 Pyramidal -> CA3 Pyramidal -> CA3 Granule,,,,,,,,,,,,,,,,,,,,,
greedy_tree_path,EC LIV VI Deep Multipolar Principal,17,18,69254.61751614326,69254.61751614326,CA1 Radiatum Giant,EC LIV VI Deep Multipolar Principal -> MEC LV VI Pyramidal Polymorphic -> EC LV Deep Pyramidal -> LEC LVI Multipolar Pyramidal -> LEC LIII Multipolar Principal -> LEC LIII Complex Pyramidal -> EC LIII Pyramidal Stellate -> CA1 Pyramidal -> EC LIII V Bipolar Pyramidal -> MEC LIII Complex Pyramidal -> MEC LII Stellate -> CA3 Granule -> CA3c Pyramidal -> CA2 Pyramidal -> DG Mossy -> DG Hilar Ectopic Granule -> CA3 Pyramidal -> CA1 Radiatum Giant,,,,,,,,,,,,,,,,,,,,,
greedy_tree_path,EC LV Deep Pyramidal,17,18,68952.1721771052,68952.1721771052,CA1 Radiatum Giant,EC LV Deep Pyramidal -> MEC LV VI Pyramidal Polymorphic -> EC LIV VI Deep Multipolar Principal -> LEC LVI Multipolar Pyramidal -> LEC LIII Multipolar Principal -> LEC LIII Complex Pyramidal -> EC LIII Pyramidal Stellate -> CA1 Pyramidal -> EC LIII V Bipolar Pyramidal -> MEC LIII Complex Pyramidal -> MEC LII Stellate -> CA3 Granule -> CA3c Pyramidal -> CA2 Pyramidal -> DG Mossy -> DG Hilar Ectopic Granule -> CA3 Pyramidal -> CA1 Radiatum Giant,,,,,,,,,,,,,,,,,,,,,
greedy_tree_path,LEC LIII Complex Pyramidal,14,15,155794.07654363938,155794.07654363938,CA1 Radiatum Giant,LEC LIII Complex Pyramidal -> LEC LIII Multipolar Principal -> EC LI II Multipolar Pyramidal -> MEC LIII Bipolar Complex Pyramidal -> MEC LIII Complex Pyramidal -> MEC LII Stellate -> CA3 Granule -> CA3c Pyramidal -> CA1 Pyramidal -> MEC LV VI Pyramidal Polymorphic -> EC LIV VI Deep Multipolar Principal -> LEC LVI Multipolar Pyramidal -> EC LIII Pyramidal Stellate -> SUB CA1 Projecting Pyramidal -> CA1 Radiatum Giant,,,,,,,,,,,,,,,,,,,,,
greedy_tree_path,LEC LIII Multipolar Principal,17,18,76211.23364568492,76211.23364568492,CA1 Radiatum Giant,LEC LIII Multipolar Principal -> LEC LIII Complex Pyramidal -> EC LIII Pyramidal Stellate -> CA1 Pyramidal -> MEC LV VI Pyramidal Polymorphic -> EC LIV VI Deep Multipolar Principal -> LEC LVI Multipolar Pyramidal -> EC LV Deep Pyramidal -> EC LIII V Bipolar Pyramidal -> MEC LIII Complex Pyramidal -> MEC LII Stellate -> CA3 Granule -> CA3c Pyramidal -> CA2 Pyramidal -> DG Mossy -> DG Hilar Ectopic Granule -> CA3 Pyramidal -> CA1 Radiatum Giant,,,,,,,,,,,,,,,,,,,,,
greedy_tree_path,LEC LVI Multipolar Pyramidal,15,16,74349.04896581652,74349.04896581652,CA1 Radiatum Giant,LEC LVI Multipolar Pyramidal -> LEC LIII Multipolar Principal -> LEC LIII Complex Pyramidal -> EC LIII Pyramidal Stellate -> CA1 Pyramidal -> MEC LV VI Pyramidal Polymorphic -> EC LIV VI Deep Multipolar Principal -> MEC LIII Complex Pyramidal -> MEC LII Stellate -> CA3 Granule -> CA3c Pyramidal -> CA2 Pyramidal -> DG Mossy -> DG Hilar Ectopic Granule -> CA3 Pyramidal -> CA1 Radiatum Giant,,,,,,,,,,,,,,,,,,,,,
greedy_tree_path,MEC LII III Pyramidal Multiform,18,19,71071.14371673469,71071.14371673469,CA1 Radiatum Giant,MEC LII III Pyramidal Multiform -> MEC LV VI Pyramidal Polymorphic -> EC LIV VI Deep Multipolar Principal -> LEC LVI Multipolar Pyramidal -> LEC LIII Multipolar Principal -> LEC LIII Complex Pyramidal -> EC LIII Pyramidal Stellate -> CA1 Pyramidal -> EC LV Deep Pyramidal -> EC LIII V Bipolar Pyramidal -> MEC LIII Complex Pyramidal -> MEC LII Stellate -> CA3 Granule -> CA3c Pyramidal -> CA2 Pyramidal -> DG Mossy -> DG Hilar Ectopic Granule -> CA3 Pyramidal -> CA1 Radiatum Giant,,,,,,,,,,,,,,,,,,,,,
greedy_tree_path,MEC LII Oblique Pyramidal,22,23,195127.34249268565,195127.34249268565,CA1 Radiatum Giant,MEC LII Oblique Pyramidal -> MEC LIII Complex Pyramidal -> MEC LII Stellate -> CA3 Granule -> CA3c Pyramidal -> CA1 Pyramidal -> MEC LV VI Pyramidal Polymorphic -> EC LIV VI Deep Multipolar Principal -> LEC LVI Multipolar Pyramidal -> LEC LIII Multipolar Principal -> LEC LIII Complex Pyramidal -> EC LIII Pyramidal Stellate -> MEC LIII Bipolar Complex Pyramidal -> MEC LII III Pyramidal Multiform -> MEC LV Multipolar Pyramidal -> MEC LV Superficial Pyramidal -> MEC LV Pyramidal -> DG Granule -> DG Mossy -> DG Hilar Ectopic Granule -> CA3 Pyramidal -> CA2 Pyramidal -> CA1 Radiatum Giant,,,,,,,,,,,,,,,,,,,,,
greedy_tree_path,MEC LII Stellate,22,23,194238.90435129302,194238.90435129302,CA1 Radiatum Giant,MEC LII Stellate -> CA3 Granule -> CA3c Pyramidal -> CA1 Pyramidal -> MEC LV VI Pyramidal Polymorphic -> EC LIV VI Deep Multipolar Principal -> LEC LVI Multipolar Pyramidal -> LEC LIII Multipolar Principal -> LEC LIII Complex Pyramidal -> EC LIII Pyramidal Stellate -> MEC LIII Complex Pyramidal -> MEC LII Oblique Pyramidal -> MEC LV Superficial Pyramidal -> MEC LV Multipolar Pyramidal -> MEC LIII Bipolar Complex Pyramidal -> MEC LII III Pyramidal Multiform -> MEC LV Pyramidal -> DG Granule -> DG Mossy -> DG Hilar Ectopic Granule -> CA3 Pyramidal -> CA2 Pyramidal -> CA1 Radiatum Giant,,,,,,,,,,,,,,,,,,,,,
greedy_tree_path,MEC LIII Bipolar Complex Pyramidal,13,14,125000.90537671298,125000.90537671298,CA1 Radiatum Giant,MEC LIII Bipolar Complex Pyramidal -> MEC LIII Complex Pyramidal -> MEC LII Stellate -> CA3 Granule -> CA3c Pyramidal -> CA1 Pyramidal -> MEC LV VI Pyramidal Polymorphic -> EC LIV VI Deep Multipolar Principal -> LEC LVI Multipolar Pyramidal -> LEC LIII Multipolar Principal -> LEC LIII Complex Pyramidal -> EC LIII Pyramidal Stellate -> SUB CA1 Projecting Pyramidal -> CA1 Radiatum Giant,,,,,,,,,,,,,,,,,,,,,
greedy_tree_path,MEC LIII Complex Pyramidal,21,22,194671.9025982207,194671.9025982207,CA1 Radiatum Giant,MEC LIII Complex Pyramidal -> MEC LII Stellate -> CA3 Granule -> CA3c Pyramidal -> CA1 Pyramidal -> MEC LV VI Pyramidal Polymorphic -> EC LIV VI Deep Multipolar Principal -> LEC LVI Multipolar Pyramidal -> LEC LIII Multipolar Principal -> LEC LIII Complex Pyramidal -> EC LIII Pyramidal Stellate -> MEC LIII Bipolar Complex Pyramidal -> MEC LII III Pyramidal Multiform -> MEC LV Multipolar Pyramidal -> MEC LV Superficial Pyramidal -> MEC LV Pyramidal -> DG Granule -> DG Mossy -> DG Hilar Ectopic Granule -> CA3 Pyramidal -> CA2 Pyramidal -> CA1 Radiatum Giant,,,,,,,,,,,,,,,,,,,,,
greedy_tree_path,MEC LV Multipolar Pyramidal,21,22,194829.73796220415,194829.73796220415,CA1 Radiatum Giant,MEC LV Multipolar Pyramidal -> MEC LIII Complex Pyramidal -> MEC LII Stellate -> CA3 Granule -> CA3c Pyramidal -> CA1 Pyramidal -> MEC LV VI Pyramidal Polymorphic -> EC LIV VI Deep Multipolar Principal -> LEC LVI Multipolar Pyramidal -> LEC LIII Multipolar Principal -> LEC LIII Complex Pyramidal -> EC LIII Pyramidal Stellate -> MEC LIII Bipolar Complex Pyramidal -> MEC LII III Pyramidal Multiform -> MEC LV Superficial Pyramidal -> MEC LV Pyramidal -> DG Granule -> DG Mossy -> DG Hilar Ectopic Granule -> CA3 Pyramidal -> CA2 Pyramidal -> CA1 Radiatum Giant,,,,,,,,,,,,,,,,,,,,,
greedy_tree_path,MEC LV Pyramidal,17,18,193715.34808400166,193715.34808400166,CA1 Radiatum Giant,MEC LV Pyramidal -> DG Granule -> DG Mossy -> DG Hilar Ectopic Granule -> CA3c Pyramidal -> CA1 Pyramidal -> MEC LV VI Pyramidal Polymorphic -> EC LIV VI Deep Multipolar Principal -> LEC LVI Multipolar Pyramidal -> LEC LIII Multipolar Principal -> LEC LIII Complex Pyramidal -> EC LIII Pyramidal Stellate -> MEC LIII Complex Pyramidal -> MEC LII Stellate -> CA3 Granule -> CA3 Pyramidal -> CA2 Pyramidal -> CA1 Radiatum Giant,,,,,,,,,,,,,,,,,,,,,
greedy_tree_path,MEC LV Superficial Pyramidal,21,22,195006.64800196647,195006.64800196647,CA1 Radiatum Giant,MEC LV Superficial Pyramidal -> MEC LIII Complex Pyramidal -> MEC LII Stellate -> CA3 Granule -> CA3c Pyramidal -> CA1 Pyramidal -> MEC LV VI Pyramidal Polymorphic -> EC LIV VI Deep Multipolar Principal -> LEC LVI Multipolar Pyramidal -> LEC LIII Multipolar Principal -> LEC LIII Complex Pyramidal -> EC LIII Pyramidal Stellate -> MEC LIII Bipolar Complex Pyramidal -> MEC LII III Pyramidal Multiform -> MEC LV Multipolar Pyramidal -> MEC LV Pyramidal -> DG Granule -> DG Mossy -> DG Hilar Ectopic Granule -> CA3 Pyramidal -> CA2 Pyramidal -> CA1 Radiatum Giant,,,,,,,,,,,,,,,,,,,,,
greedy_tree_path,MEC LV VI Pyramidal Polymorphic,17,18,69767.13232928966,69767.13232928966,CA1 Radiatum Giant,MEC LV VI Pyramidal Polymorphic -> EC LIV VI Deep Multipolar Principal -> LEC LVI Multipolar Pyramidal -> LEC LIII Multipolar Principal -> LEC LIII Complex Pyramidal -> EC LIII Pyramidal Stellate -> CA1 Pyramidal -> EC LV Deep Pyramidal -> EC LIII V Bipolar Pyramidal -> MEC LIII Complex Pyramidal -> MEC LII Stellate -> CA3 Granule -> CA3c Pyramidal -> CA2 Pyramidal -> DG Mossy -> DG Hilar Ectopic Granule -> CA3 Pyramidal -> CA1 Radiatum Giant,,,,,,,,,,,,,,,,,,,,,
greedy_tree_path,SUB CA1 Projecting Pyramidal,16,17,70570.04312511656,70570.04312511656,CA1 Radiatum Giant,SUB CA1 Projecting Pyramidal -> CA1 Pyramidal -> MEC LV VI Pyramidal Polymorphic -> EC LIV VI Deep Multipolar Principal -> LEC LVI Multipolar Pyramidal -> LEC LIII Multipolar Principal -> LEC LIII Complex Pyramidal -> EC LIII Pyramidal Stellate -> MEC LIII Complex Pyramidal -> MEC LII Stellate -> CA3 Granule -> CA3c Pyramidal -> CA2 Pyramidal -> DG Mossy -> DG Hilar Ectopic Granule -> CA3 Pyramidal -> CA1 Radiatum Giant,,,,,,,,,,,,,,,,,,,,,
maximum_spanning_tree,CA1 Pyramidal,6,7,58407.13279806113,58407.13279806113,CA3 Granule,CA1 Pyramidal -> CA3c Pyramidal -> DG Granule -> EC LI II Pyramidal Fan -> EC LI II Multipolar Pyramidal -> MEC LII Stellate -> CA3 Granule,,,,,,,,,,,,,,,,,,,,,
maximum_spanning_tree,CA1 Radiatum Giant,3,4,99174.25456563932,99174.25456563932,MEC LV VI Pyramidal Polymorphic,CA1 Radiatum Giant -> CA3c Pyramidal -> CA1 Pyramidal -> MEC LV VI Pyramidal Polymorphic,,,,,,,,,,,,,,,,,,,,,
maximum_spanning_tree,CA2 Pyramidal,3,4,101386.52098062955,101386.52098062955,MEC LV VI Pyramidal Polymorphic,CA2 Pyramidal -> CA3c Pyramidal -> CA1 Pyramidal -> MEC LV VI Pyramidal Polymorphic,,,,,,,,,,,,,,,,,,,,,
maximum_spanning_tree,CA3 Granule,7,8,111573.68975652223,111573.68975652223,MEC LV VI Pyramidal Polymorphic,CA3 Granule -> MEC LII Stellate -> EC LI II Multipolar Pyramidal -> EC LI II Pyramidal Fan -> DG Granule -> CA3c Pyramidal -> CA1 Pyramidal -> MEC LV VI Pyramidal Polymorphic,,,,,,,,,,,,,,,,,,,,,
maximum_spanning_tree,CA3 Pyramidal,4,5,113853.82304223813,113853.82304223813,MEC LV VI Pyramidal Polymorphic,CA3 Pyramidal -> CA2 Pyramidal -> CA3c Pyramidal -> CA1 Pyramidal -> MEC LV VI Pyramidal Polymorphic,,,,,,,,,,,,,,,,,,,,,
maximum_spanning_tree,CA3c Pyramidal,2,3,99174.25456563932,99174.25456563932,MEC LV VI Pyramidal Polymorphic,CA3c Pyramidal -> CA1 Pyramidal -> MEC LV VI Pyramidal Polymorphic,,,,,,,,,,,,,,,,,,,,,
maximum_spanning_tree,DG Granule,3,4,100976.7660440129,100976.7660440129,MEC LV VI Pyramidal Polymorphic,DG Granule -> CA3c Pyramidal -> CA1 Pyramidal -> MEC LV VI Pyramidal Polymorphic,,,,,,,,,,,,,,,,,,,,,
maximum_spanning_tree,DG Hilar Ectopic Granule,4,5,100976.7660440129,100976.7660440129,MEC LV VI Pyramidal Polymorphic,DG Hilar Ectopic Granule -> DG Granule -> CA3c Pyramidal -> CA1 Pyramidal -> MEC LV VI Pyramidal Polymorphic,,,,,,,,,,,,,,,,,,,,,
maximum_spanning_tree,DG Mossy,4,5,101945.01634302066,101945.01634302066,MEC LV VI Pyramidal Polymorphic,DG Mossy -> DG Granule -> CA3c Pyramidal -> CA1 Pyramidal -> MEC LV VI Pyramidal Polymorphic,,,,,,,,,,,,,,,,,,,,,
maximum_spanning_tree,DG Semilunar Granule,5,6,107100.12214180779,107100.12214180779,MEC LV VI Pyramidal Polymorphic,DG Semilunar Granule -> DG Mossy -> DG Granule -> CA3c Pyramidal -> CA1 Pyramidal -> MEC LV VI Pyramidal Polymorphic,,,,,,,,,,,,,,,,,,,,,
maximum_spanning_tree,EC LI II Multipolar Pyramidal,5,6,110393.82015762746,110393.82015762746,MEC LV VI Pyramidal Polymorphic,EC LI II Multipolar Pyramidal -> EC LI II Pyramidal Fan -> DG Granule -> CA3c Pyramidal -> CA1 Pyramidal -> MEC LV VI Pyramidal Polymorphic,,,,,,,,,,,,,,,,,,,,,
maximum_spanning_tree,EC LI II Pyramidal Fan,4,5,107708.62026478983,107708.62026478983,MEC LV VI Pyramidal Polymorphic,EC LI II Pyramidal Fan -> DG Granule -> CA3c Pyramidal -> CA1 Pyramidal -> MEC LV VI Pyramidal Polymorphic,,,,,,,,,,,,,,,,,,,,,
maximum_spanning_tree,EC LII III Pyramidal Tripolar,6,7,114610.21586127703,114610.21586127703,MEC LV VI Pyramidal Polymorphic,EC LII III Pyramidal Tripolar -> EC LI II Multipolar Pyramidal -> EC LI II Pyramidal Fan -> DG Granule -> CA3c Pyramidal -> CA1 Pyramidal -> MEC LV VI Pyramidal Polymorphic,,,,,,,,,,,,,,,,,,,,,
maximum_spanning_tree,EC LIII Pyramidal,6,7,110393.82015762746,110393.82015762746,MEC LV VI Pyramidal Polymorphic,EC LIII Pyramidal -> EC LI II Multipolar Pyramidal -> EC LI II Pyramidal Fan -> DG Granule -> CA3c Pyramidal -> CA1 Pyramidal -> MEC LV VI Pyramidal Polymorphic,,,,,,,,,,,,,,,,,,,,,
maximum_spanning_tree,EC LIII Pyramidal Stellate,6,7,110393.82015762746,110393.82015762746,MEC LV VI Pyramidal Polymorphic,EC LIII Pyramidal Stellate -> EC LI II Multipolar Pyramidal -> EC LI II Pyramidal Fan -> DG Granule -> CA3c Pyramidal -> CA1 Pyramidal -> MEC LV VI Pyramidal Polymorphic,,,,,,,,,,,,,,,,,,,,,
maximum_spanning_tree,EC LIII Stellate,6,7,110393.82015762746,110393.82015762746,MEC LV VI Pyramidal Polymorphic,EC LIII Stellate -> EC LI II Multipolar Pyramidal -> EC LI II Pyramidal Fan -> DG Granule -> CA3c Pyramidal -> CA1 Pyramidal -> MEC LV VI Pyramidal Polymorphic,,,,,,,,,,,,,,,,,,,,,
maximum_spanning_tree,EC LIII V Bipolar Pyramidal,6,7,110393.82015762746,110393.82015762746,MEC LV VI Pyramidal Polymorphic,EC LIII V Bipolar Pyramidal -> EC LI II Multipolar Pyramidal -> EC LI II Pyramidal Fan -> DG Granule -> CA3c Pyramidal -> CA1 Pyramidal -> MEC LV VI Pyramidal Polymorphic,,,,,,,,,,,,,,,,,,,,,
maximum_spanning_tree,EC LIV VI Deep Multipolar Principal,7,8,58407.13279806113,58407.13279806113,CA3 Granule,EC LIV VI Deep Multipolar Principal -> CA1 Pyramidal -> CA3c Pyramidal -> DG Granule -> EC LI II Pyramidal Fan -> EC LI II Multipolar Pyramidal -> MEC LII Stellate -> CA3 Granule,,,,,,,,,,,,,,,,,,,,,
maximum_spanning_tree,EC LV Deep Pyramidal,7,8,58407.13279806113,58407.13279806113,CA3 Granule,EC LV Deep Pyramidal -> CA1 Pyramidal -> CA3c Pyramidal -> DG Granule -> EC LI II Pyramidal Fan -> EC LI II Multipolar Pyramidal -> MEC LII Stellate -> CA3 Granule,,,,,,,,,,,,,,,,,,,,,
maximum_spanning_tree,LEC LIII Complex Pyramidal,6,7,110638.43602772972,110638.43602772972,MEC LV VI Pyramidal Polymorphic,LEC LIII Complex Pyramidal -> EC LI II Multipolar Pyramidal -> EC LI II Pyramidal Fan -> DG Granule -> CA3c Pyramidal -> CA1 Pyramidal -> MEC LV VI Pyramidal Polymorphic,,,,,,,,,,,,,,,,,,,,,
maximum_spanning_tree,LEC LIII Multipolar Principal,6,7,110933.27198527945,110933.27198527945,MEC LV VI Pyramidal Polymorphic,LEC LIII Multipolar Principal -> EC LI II Multipolar Pyramidal -> EC LI II Pyramidal Fan -> DG Granule -> CA3c Pyramidal -> CA1 Pyramidal -> MEC LV VI Pyramidal Polymorphic,,,,,,,,,,,,,,,,,,,,,
maximum_spanning_tree,LEC LVI Multipolar Pyramidal,7,8,58407.13279806113,58407.13279806113,CA3 Granule,LEC LVI Multipolar Pyramidal -> CA1 Pyramidal -> CA3c Pyramidal -> DG Granule -> EC LI II Pyramidal Fan -> EC LI II Multipolar Pyramidal -> MEC LII Stellate -> CA3 Granule,,,,,,,,,,,,,,,,,,,,,
maximum_spanning_tree,MEC LII III Pyramidal Multiform,6,7,110497.64468019406,110497.64468019406,MEC LV VI Pyramidal Polymorphic,MEC LII III Pyramidal Multiform -> EC LI II Multipolar Pyramidal -> EC LI II Pyramidal Fan -> DG Granule -> CA3c Pyramidal -> CA1 Pyramidal -> MEC LV VI Pyramidal Polymorphic,,,,,,,,,,,,,,,,,,,,,
maximum_spanning_tree,MEC LII Oblique Pyramidal,6,7,110393.82015762746,110393.82015762746,MEC LV VI Pyramidal Polymorphic,MEC LII Oblique Pyramidal -> EC LI II Multipolar Pyramidal -> EC LI II Pyramidal Fan -> DG Granule -> CA3c Pyramidal -> CA1 Pyramidal -> MEC LV VI Pyramidal Polymorphic,,,,,,,,,,,,,,,,,,,,,
maximum_spanning_tree,MEC LII Stellate,6,7,111573.68975652223,111573.68975652223,MEC LV VI Pyramidal Polymorphic,MEC LII Stellate -> EC LI II Multipolar Pyramidal -> EC LI II Pyramidal Fan -> DG Granule -> CA3c Pyramidal -> CA1 Pyramidal -> MEC LV VI Pyramidal Polymorphic,,,,,,,,,,,,,,,,,,,,,
maximum_spanning_tree,MEC LIII Bipolar Complex Pyramidal,6,7,110504.660577025,110504.660577025,MEC LV VI Pyramidal Polymorphic,MEC LIII Bipolar Complex Pyramidal -> EC LI II Multipolar Pyramidal -> EC LI II Pyramidal Fan -> DG Granule -> CA3c Pyramidal -> CA1 Pyramidal -> MEC LV VI Pyramidal Polymorphic,,,,,,,,,,,,,,,,,,,,,
maximum_spanning_tree,MEC LIII Complex Pyramidal,6,7,110945.87340362713,110945.87340362713,MEC LV VI Pyramidal Polymorphic,MEC LIII Complex Pyramidal -> EC LI II Multipolar Pyramidal -> EC LI II Pyramidal Fan -> DG Granule -> CA3c Pyramidal -> CA1 Pyramidal -> MEC LV VI Pyramidal Polymorphic,,,,,,,,,,,,,,,,,,,,,
maximum_spanning_tree,MEC LV Multipolar Pyramidal,7,8,58407.13279806113,58407.13279806113,CA3 Granule,MEC LV Multipolar Pyramidal -> CA1 Pyramidal -> CA3c Pyramidal -> DG Granule -> EC LI II Pyramidal Fan -> EC LI II Multipolar Pyramidal -> MEC LII Stellate -> CA3 Granule,,,,,,,,,,,,,,,,,,,,,
maximum_spanning_tree,MEC LV Pyramidal,4,5,110545.50294065647,110545.50294065647,MEC LV VI Pyramidal Polymorphic,MEC LV Pyramidal -> DG Granule -> CA3c Pyramidal -> CA1 Pyramidal -> MEC LV VI Pyramidal Polymorphic,,,,,,,,,,,,,,,,,,,,,
maximum_spanning_tree,MEC LV Superficial Pyramidal,7,8,58407.13279806113,58407.13279806113,CA3 Granule,MEC LV Superficial Pyramidal -> CA1 Pyramidal -> CA3c Pyramidal -> DG Granule -> EC LI II Pyramidal Fan -> EC LI II Multipolar Pyramidal -> MEC LII Stellate -> CA3 Granule,,,,,,,,,,,,,,,,,,,,,
maximum_spanning_tree,MEC LV VI Pyramidal Polymorphic,7,8,58407.13279806113,58407.13279806113,CA3 Granule,MEC LV VI Pyramidal Polymorphic -> CA1 Pyramidal -> CA3c Pyramidal -> DG Granule -> EC LI II Pyramidal Fan -> EC LI II Multipolar Pyramidal -> MEC LII Stellate -> CA3 Granule,,,,,,,,,,,,,,,,,,,,,
maximum_spanning_tree,SUB CA1 Projecting Pyramidal,7,8,58513.34136166145,58513.34136166145,CA3 Granule,SUB CA1 Projecting Pyramidal -> CA1 Pyramidal -> CA3c Pyramidal -> DG Granule -> EC LI II Pyramidal Fan -> EC LI II Multipolar Pyramidal -> MEC LII Stellate -> CA3 Granule,,,,,,,,,,,,,,,,,,,,,
branch_and_bound,CA1 Pyramidal,24,25,133423.0292978634,133423.0292978634,CA3 Granule,CA1 Pyramidal -> MEC LV VI Pyramidal Polymorphic -> EC LIV VI Deep Multipolar Principal -> LEC LVI Multipolar Pyramidal -> LEC LIII Multipolar Principal -> LEC LIII Complex Pyramidal -> EC LIII Pyramidal Stellate -> MEC LIII Complex Pyramidal -> MEC LII Stellate -> MEC LIII Bipolar Complex Pyramidal -> MEC LII III Pyramidal Multiform -> MEC LV Multipolar Pyramidal -> MEC LV Superficial Pyramidal -> MEC LV Pyramidal -> EC LI II Multipolar Pyramidal -> EC LIII Stellate -> EC LII III Pyramidal Tripolar -> DG Granule -> DG Mossy -> DG Semilunar Granule -> DG Hilar Ectopic Granule -> CA3c Pyramidal -> CA2 Pyramidal -> CA3 Pyramidal -> CA3 Granule,50000.0,node_limit,133423.0292978634,,,,,,,,,,,,,,,,,,
branch_and_bound,CA1 Radiatum Giant,25,26,133475.55536614006,133475.55536614006,CA3 Granule,CA1 Radiatum Giant -> CA1 Pyramidal -> MEC LV VI Pyramidal Polymorphic -> EC LIV VI Deep Multipolar Principal -> LEC LVI Multipolar Pyramidal -> LEC LIII Multipolar Principal -> LEC LIII Complex Pyramidal -> EC LIII Pyramidal Stellate -> MEC LIII Complex Pyramidal -> MEC LII Stellate -> MEC LIII Bipolar Complex Pyramidal -> MEC LII III Pyramidal Multiform -> MEC LV Multipolar Pyramidal -> MEC LV Superficial Pyramidal -> MEC LV Pyramidal -> EC LI II Multipolar Pyramidal -> EC LIII Stellate -> EC LII III Pyramidal Tripolar -> DG Granule -> DG Mossy -> DG Semilunar Granule -> DG Hilar Ectopic Granule -> CA3c Pyramidal -> CA2 Pyramidal -> CA3 Pyramidal -> CA3 Granule,50000.0,node_limit,133475.55536614006,,,,,,,,,,,,,,,,,,
branch_and_bound,CA2 Pyramidal,25,26,128210.21142468057,128210.21142468057,CA1 Radiatum Giant,CA2 Pyramidal -> CA1 Pyramidal -> MEC LV VI Pyramidal Polymorphic -> EC LIV VI Deep Multipolar Principal -> LEC LVI Multipolar Pyramidal -> LEC LIII Multipolar Principal -> LEC LIII Complex Pyramidal -> EC LIII Pyramidal Stellate -> MEC LIII Complex Pyramidal -> MEC LII Stellate -> MEC LIII Bipolar Complex Pyramidal -> MEC LII III Pyramidal Multiform -> MEC LV Multipolar Pyramidal -> MEC LV Superficial Pyramidal -> MEC LV Pyramidal -> EC LI II Pyramidal Fan -> EC LI II Multipolar Pyramidal -> EC LIII Stellate -> EC LII III Pyramidal Tripolar -> DG Granule -> DG Mossy -> DG Semilunar Granule -> DG Hilar Ectopic Granule -> CA3 Pyramidal -> CA3c Pyramidal -> CA1 Radiatum Giant,50000.0,node_limit,128210.21142468057,,,,,,,,,,,,,,,,,,
branch_and_bound,CA3 Granule,29,30,214153.05860028183,214153.05860028183,CA1 Radiatum Giant,CA3 Granule -> CA3c Pyramidal -> CA1 Pyramidal -> MEC LV VI Pyramidal Polymorphic -> EC LIV VI Deep Multipolar Principal -> LEC LVI Multipolar Pyramidal -> LEC LIII Multipolar Principal -> LEC LIII Complex Pyramidal -> EC LIII Pyramidal Stellate -> MEC LIII Complex Pyramidal -> MEC LII Stellate -> MEC LIII Bipolar Complex Pyramidal -> MEC LII III Pyramidal Multiform -> MEC LV Multipolar Pyramidal -> MEC LV Superficial Pyramidal -> MEC LII Oblique Pyramidal -> EC LIII V Bipolar Pyramidal -> EC LII III Pyramidal Tripolar -> EC LI II Multipolar Pyramidal -> EC LIII Stellate -> EC LIII Pyramidal -> EC LV Deep Pyramidal -> MEC LV Pyramidal -> DG Granule -> DG Mossy -> DG Semilunar Granule -> DG Hilar Ectopic Granule -> CA3 Pyramidal -> CA2 Pyramidal -> CA1 Radiatum Giant,50000.0,node_limit,214153.05860028183,,,,,,,,,,,,,,,,,,
branch_and_bound,CA3 Pyramidal,28,29,139012.46732972658,139012.46732972658,CA1 Radiatum Giant,CA3 Pyramidal -> CA2 Pyramidal -> CA1 Pyramidal -> MEC LV VI Pyramidal Polymorphic -> EC LIV VI Deep Multipolar Principal -> LEC LVI Multipolar Pyramidal -> LEC LIII Multipolar Principal -> LEC LIII Complex Pyramidal -> EC LIII Pyramidal Stellate -> MEC LIII Complex Pyramidal -> MEC LII Stellate -> MEC LIII Bipolar Complex Pyramidal -> MEC LII III Pyramidal Multiform -> MEC LV Multipolar Pyramidal -> MEC LV Superficial Pyramidal -> MEC LII Oblique Pyramidal -> EC LIII Pyramidal -> EC LII III Pyramidal Tripolar -> EC LI II Pyramidal Fan -> EC LI II Multipolar Pyramidal -> EC LIII Stellate -> EC LIII V Bipolar Pyramidal -> EC LV Deep Pyramidal -> MEC LV Pyramidal -> DG Granule -> DG Mossy -> DG Hilar Ectopic Granule -> CA3c Pyramidal -> CA1 Radiatum Giant,50000.0,node_limit,139012.46732972658,,,,,,,,,,,,,,,,,,
branch_and_bound,CA3c Pyramidal,28,29,214480.6996172044,214480.6996172044,CA3 Granule,CA3c Pyramidal -> CA1 Pyramidal -> MEC LV VI Pyramidal Polymorphic -> EC LIV VI Deep Multipolar Principal -> LEC LVI Multipolar Pyramidal -> LEC LIII Multipolar Principal -> LEC LIII Complex Pyramidal -> EC LIII Pyramidal Stellate -> MEC LIII Complex Pyramidal -> MEC LII Stellate -> MEC LIII Bipolar Complex Pyramidal -> MEC LII III Pyramidal Multiform -> MEC LV Multipolar Pyramidal -> MEC LV Superficial Pyramidal -> MEC LII Oblique Pyramidal -> EC LIII V Bipolar Pyramidal -> EC LII III Pyramidal Tripolar -> EC LI II Multipolar Pyramidal -> EC LIII Stellate -> EC LIII Pyramidal -> EC LV Deep Pyramidal -> MEC LV Pyramidal -> DG Granule -> DG Mossy -> DG Semilunar Granule -> DG Hilar Ectopic Granule -> CA3 Pyramidal -> CA2 Pyramidal -> CA3 Granule,50000.0,node_limit,214480.6996172044,,,,,,,,,,,,,,,,,,
branch_and_bound,DG Granule,28,29,202981.9206122129,202981.9206122129,CA3 Granule,DG Granule -> DG Mossy -> DG Hilar Ectopic Granule -> CA3c Pyramidal -> CA1 Pyramidal -> MEC LV VI Pyramidal Polymorphic -> EC LIV VI Deep Multipolar Principal -> LEC LVI Multipolar Pyramidal -> LEC LIII Multipolar Principal -> LEC LIII Complex Pyramidal -> EC LIII Pyramidal Stellate -> MEC LIII Complex Pyramidal -> MEC LII Stellate -> MEC LIII Bipolar Complex Pyramidal -> MEC LII III Pyramidal Multiform -> MEC LV Multipolar Pyramidal -> MEC LV Superficial Pyramidal -> MEC LII Oblique Pyramidal -> EC LIII V Bipolar Pyramidal -> EC LII III Pyramidal Tripolar -> EC LI II Multipolar Pyramidal -> EC LIII Stellate -> EC LIII Pyramidal -> EC LV Deep Pyramidal -> MEC LV Pyramidal -> DG Semilunar Granule -> CA3 Pyramidal -> CA2 Pyramidal -> CA3 Granule,50000.0,node_limit,202981.9206122129,,,,,,,,,,,,,,,,,,
branch_and_bound,DG Hilar Ectopic Granule,25,26,80485.66591266615,80485.66591266615,CA1 Radiatum Giant,DG Hilar Ectopic Granule -> DG Mossy -> DG Granule -> CA2 Pyramidal -> CA1 Pyramidal -> MEC LV VI Pyramidal Polymorphic -> EC LIV VI Deep Multipolar Principal -> LEC LVI Multipolar Pyramidal -> LEC LIII Multipolar Principal -> LEC LIII Complex Pyramidal -> EC LIII Pyramidal Stellate -> MEC LIII Complex Pyramidal -> MEC LII Stellate -> MEC LIII Bipolar Complex Pyramidal -> MEC LII III Pyramidal Multiform -> MEC LV Multipolar Pyramidal -> MEC LV Superficial Pyramidal -> MEC LV Pyramidal -> EC LI II Pyramidal Fan -> EC LI II Multipolar Pyramidal -> EC LIII Stellate -> EC LII III Pyramidal Tripolar -> DG Semilunar Granule -> CA3 Pyramidal -> CA3c Pyramidal -> CA1 Radiatum Giant,50000.0,node_limit,80485.66591266615,,,,,,,,,,,,,,,,,,
branch_and_bound,DG Mossy,28,29,170915.23658289076,170915.23658289076,CA3 Granule,DG Mossy -> DG Hilar Ectopic Granule -> CA3c Pyramidal -> CA1 Pyramidal -> MEC LV VI Pyramidal Polymorphic -> EC LIV VI Deep Multipolar Principal -> LEC LVI Multipolar Pyramidal -> LEC LIII Multipolar Principal -> LEC LIII Complex Pyramidal -> EC LIII Pyramidal Stellate -> MEC LIII Complex Pyramidal -> MEC LII Stellate -> MEC LIII Bipolar Complex Pyramidal -> MEC LII III Pyramidal Multiform -> MEC LV Multipolar Pyramidal -> MEC LV Superficial Pyramidal -> MEC LII Oblique Pyramidal -> EC LIII V Bipolar Pyramidal -> EC LII III Pyramidal Tripolar -> EC LI II Pyramidal Fan -> EC LI II Multipolar Pyramidal -> EC LIII Stellate -> EC LIII Pyramidal -> EC LV Deep Pyramidal -> MEC LV Pyramidal -> DG Granule -> CA3 Pyramidal -> CA2 Pyramidal -> CA3 Granule,50000.0,node_limit,170915.23658289076,,,,,,,,,,,,,,,,,,
branch_and_bound,DG Semilunar Granule,28,29,172535.17238795164,172535.17238795164,CA3 Granule,DG Semilunar Granule -> DG Mossy -> DG Hilar Ectopic Granule -> CA3c Pyramidal -> CA1 Pyramidal -> MEC LV VI Pyramidal Polymorphic -> EC LIV VI Deep Multipolar Principal -> LEC LVI Multipolar Pyramidal -> LEC LIII Multipolar Principal -> LEC LIII Complex Pyramidal -> EC LIII Pyramidal Stellate -> MEC LIII Complex Pyramidal -> MEC LII Stellate -> MEC LIII Bipolar Complex Pyramidal -> MEC LII III Pyramidal Multiform -> MEC LV Multipolar Pyramidal -> MEC LV Superficial Pyramidal -> MEC LII Oblique Pyramidal -> EC LII III Pyramidal Tripolar -> EC LI II Multipolar Pyramidal -> EC LIII Stellate -> EC LIII Pyramidal -> EC LIII V Bipolar Pyramidal -> EC LV Deep Pyramidal -> MEC LV Pyramidal -> DG Granule -> CA3 Pyramidal -> CA2 Pyramidal -> CA3 Granule,50000.0,node_limit,172535.17238795164,,,,,,,,,,,,,,,,,,
branch_and_bound,EC LI II Multipolar Pyramidal,20,21,220641.58049510556,220641.58049510556,CA1 Radiatum Giant,EC LI II Multipolar Pyramidal -> MEC LIII Bipolar Complex Pyramidal -> MEC LIII Complex Pyramidal -> MEC LII Stellate -> CA3 Granule -> CA3c Pyramidal -> CA1 Pyramidal -> MEC LV VI Pyramidal Polymorphic -> EC LIV VI Deep Multipolar Principal -> LEC LVI Multipolar Pyramidal -> LEC LIII Multipolar Principal -> LEC LIII Complex Pyramidal -> EC LIII Pyramidal Stellate -> EC LII III Pyramidal Tripolar -> DG Granule -> DG Mossy -> DG Semilunar Granule -> DG Hilar Ectopic Granule -> CA3 Pyramidal -> CA2 Pyramidal -> CA1 Radiatum Giant,50000.0,node_limit,220641.58049510556,,,,,,,,,,,,,,,,,,
branch_and_bound,EC LI II Pyramidal Fan,21,22,228114.01760195318,228114.01760195318,CA1 Radiatum Giant,EC LI II Pyramidal Fan -> EC LI II Multipolar Pyramidal -> MEC LIII Bipolar Complex Pyramidal -> MEC LIII Complex Pyramidal -> MEC LII Stellate -> CA3 Granule -> CA3c Pyramidal -> CA1 Pyramidal -> MEC LV VI Pyramidal Polymorphic -> EC LIV VI Deep Multipolar Principal -> LEC LVI Multipolar Pyramidal -> LEC LIII Multipolar Principal -> LEC LIII Complex Pyramidal -> EC LIII Pyramidal Stellate -> EC LII III Pyramidal Tripolar -> DG Granule -> DG Mossy -> DG Semilunar Granule -> DG Hilar Ectopic Granule -> CA3 Pyramidal -> CA2 Pyramidal -> CA1 Radiatum Giant,45409.0,time_limit,228114.01760195318,,,,,,,,,,,,,,,,,,
branch_and_bound,EC LII III Pyramidal Tripolar,24,25,232244.06169885187,232244.06169885187,CA1 Radiatum Giant,EC LII III Pyramidal Tripolar -> EC LI II Multipolar Pyramidal -> MEC LIII Bipolar Complex Pyramidal -> MEC LIII Complex Pyramidal -> MEC LII Stellate -> CA3 Granule -> CA3c Pyramidal -> CA1 Pyramidal -> MEC LV VI Pyramidal Polymorphic -> EC LIV VI Deep Multipolar Principal -> LEC LVI Multipolar Pyramidal -> LEC LIII Multipolar Principal -> LEC LIII Complex Pyramidal -> EC LIII Pyramidal Stellate -> EC LIII Pyramidal -> EC LIII V Bipolar Pyramidal -> EC LV Deep Pyramidal -> MEC LV Pyramidal -> DG Granule -> DG Mossy -> DG Semilunar Granule -> DG Hilar Ectopic Granule -> CA3 Pyramidal -> CA2 Pyramidal -> CA1 Radiatum Giant,43675.0,time_limit,232244.06169885187,,,,,,,,,,,,,,,,,,
branch_and_bound,EC LIII Pyramidal,25,26,138395.67995068483,138395.67995068483,CA3 Granule,EC LIII Pyramidal -> CA1 Pyramidal -> MEC LV VI Pyramidal Polymorphic -> EC LIV VI Deep Multipolar Principal -> LEC LVI Multipolar Pyramidal -> LEC LIII Multipolar Principal -> LEC LIII Complex Pyramidal -> EC LIII Pyramidal Stellate -> MEC LIII Complex Pyramidal -> MEC LII Stellate -> MEC LIII Bipolar Complex Pyramidal -> MEC LII III Pyramidal Multiform -> MEC LV Multipolar Pyramidal -> MEC LV Superficial Pyramidal -> MEC LV Pyramidal -> EC LI II Pyramidal Fan -> EC LI II Multipolar Pyramidal -> EC LIII Stellate -> EC LII III Pyramidal Tripolar -> DG Granule -> DG Mossy -> DG Hilar Ectopic Granule -> CA3c Pyramidal -> CA2 Pyramidal -> CA3 Pyramidal -> CA3 Granule,40746.0,time_limit,138395.67995068483,,,,,,,,,,,,,,,,,,
branch_and_bound,EC LIII Pyramidal Stellate,24,25,142184.53192520654,142184.53192520654,CA3 Granule,EC LIII Pyramidal Stellate -> CA1 Pyramidal -> MEC LV VI Pyramidal Polymorphic -> EC LIV VI Deep Multipolar Principal -> LEC LVI Multipolar Pyramidal -> LEC LIII Multipolar Principal -> LEC LIII Complex Pyramidal -> EC LIII Stellate -> MEC LIII Complex Pyramidal -> MEC LII Stellate -> MEC LIII Bipolar Complex Pyramidal -> MEC LII III Pyramidal Multiform -> MEC LV Multipolar Pyramidal -> MEC LV Superficial Pyramidal -> MEC LV Pyramidal -> EC LI II Pyramidal Fan -> EC LI II Multipolar Pyramidal -> EC LII III Pyramidal Tripolar -> DG Granule -> DG Mossy -> DG Hilar Ectopic Granule -> CA3c Pyramidal -> CA2 Pyramidal -> CA3 Pyramidal -> CA3 Granule,40686.0,time_limit,142184.53192520654,,,,,,,,,,,,,,,,,,
branch_and_bound,EC LIII Stellate,24,25,219353.1364135805,219353.1364135805,CA1 Radiatum Giant,EC LIII Stellate -> MEC LIII Complex Pyramidal -> MEC LII Stellate -> CA3 Granule -> CA3c Pyramidal -> CA1 Pyramidal -> MEC LV VI Pyramidal Polymorphic -> EC LIV VI Deep Multipolar Principal -> LEC LVI Multipolar Pyramidal -> LEC LIII Multipolar Principal -> LEC LIII Complex Pyramidal -> EC LIII Pyramidal Stellate -> MEC LIII Bipolar Complex Pyramidal -> MEC LII III Pyramidal Multiform -> MEC LV Multipolar Pyramidal -> MEC LV Superficial Pyramidal -> EC LI II Multipolar Pyramidal -> EC LII III Pyramidal Tripolar -> DG Granule -> DG Mossy -> DG Semilunar Granule -> DG Hilar Ectopic Granule -> CA3 Pyramidal -> CA2 Pyramidal -> CA1 Radiatum Giant,42894.0,time_limit,219353.1364135805,,,,,,,,,,,,,,,,,,
branch_and_bound,EC LIII V Bipolar Pyramidal,26,27,145060.1756774032,145060.1756774032,CA3 Granule,EC LIII V Bipolar Pyramidal -> LEC LIII Multipolar Principal -> LEC LIII Complex Pyramidal -> EC LIII Pyramidal Stellate -> CA1 Pyramidal -> MEC LV VI Pyramidal Polymorphic -> EC LIV VI Deep Multipolar Principal -> LEC LVI Multipolar Pyramidal -> EC LV Deep Pyramidal -> MEC LV Pyramidal -> MEC LIII Complex Pyramidal -> MEC LII Stellate -> MEC LIII Bipolar Complex Pyramidal -> MEC LII III Pyramidal Multiform -> MEC LV Multipolar Pyramidal -> MEC LV Superficial Pyramidal -> EC LI II Pyramidal Fan -> EC LI II Multipolar Pyramidal -> EC LIII Stellate -> EC LII III Pyramidal Tripolar -> DG Granule -> DG Mossy -> DG Hilar Ectopic Granule -> CA3c Pyramidal -> CA2 Pyramidal -> CA3 Pyramidal -> CA3 Granule,45832.0,time_limit,145060.1756774032,,,,,,,,,,,,,,,,,,
branch_and_bound,EC LIV VI Deep Multipolar Principal,26,27,136786.64471042476,136786.64471042476,CA3 Granule,EC LIV VI Deep Multipolar Principal -> MEC LV VI Pyramidal Polymorphic -> EC LV Deep Pyramidal -> LEC LVI Multipolar Pyramidal -> LEC LIII Multipolar Principal -> LEC LIII Complex Pyramidal -> EC LIII Pyramidal Stellate -> CA1 Pyramidal -> EC LIII V Bipolar Pyramidal -> MEC LIII Complex Pyramidal -> MEC LII Stellate -> MEC LIII Bipolar Complex Pyramidal -> MEC LII III Pyramidal Multiform -> MEC LV Multipolar Pyramidal -> MEC LV Superficial Pyramidal -> MEC LV Pyramidal -> EC LI II Pyramidal Fan -> EC LI II Multipolar Pyramidal -> EC LIII Stellate -> EC LII III Pyramidal Tripolar -> DG Granule -> DG Mossy -> DG Hilar Ectopic Granule -> CA3c Pyramidal -> CA2 Pyramidal -> CA3 Pyramidal -> CA3 Granule,45124.0,time_limit,136786.64471042476,,,,,,,,,,,,,,,,,,
branch_and_bound,EC LV Deep Pyramidal,26,27,136484.19937138673,136484.19937138673,CA3 Granule,EC LV Deep Pyramidal -> MEC LV VI Pyramidal Polymorphic -> EC LIV VI Deep Multipolar Principal -> LEC LVI Multipolar Pyramidal -> LEC LIII Multipolar Principal -> LEC LIII Complex Pyramidal -> EC LIII Pyramidal Stellate -> CA1 Pyramidal -> EC LIII V Bipolar Pyramidal -> MEC LIII Complex Pyramidal -> MEC LII Stellate -> MEC LIII Bipolar Complex Pyramidal -> MEC LII III Pyramidal Multiform -> MEC LV Multipolar Pyramidal -> MEC LV Superficial Pyramidal -> MEC LV Pyramidal -> EC LI II Pyramidal Fan -> EC LI II Multipolar Pyramidal -> EC LIII Stellate -> EC LII III Pyramidal Tripolar -> DG Granule -> DG Mossy -> DG Hilar Ectopic Granule -> CA3c Pyramidal -> CA2 Pyramidal -> CA3 Pyramidal -> CA3 Granule,46922.0,time_limit,136484.19937138673,,,,,,,,,,,,,,,,,,
branch_and_bound,LEC LIII Complex Pyramidal,20,21,220736.75029636052,220736.75029636052,CA1 Radiatum Giant,LEC LIII Complex Pyramidal -> LEC LIII Multipolar Principal -> EC LI II Multipolar Pyramidal -> MEC LIII Bipolar Complex Pyramidal -> MEC LIII Complex Pyramidal -> MEC LII Stellate -> CA3 Granule -> CA3c Pyramidal -> CA1 Pyramidal -> MEC LV VI Pyramidal Polymorphic -> EC LIV VI Deep Multipolar Principal -> LEC LVI Multipolar Pyramidal -> EC LIII Pyramidal Stellate -> EC LII III Pyramidal Tripolar -> DG Granule -> DG Mossy -> DG Semilunar Granule -> DG Hilar Ectopic Granule -> CA3 Pyramidal -> CA2 Pyramidal -> CA1 Radiatum Giant,43023.0,time_limit,220736.75029636052,,,,,,,,,,,,,,,,,,
branch_and_bound,LEC LIII Multipolar Principal,26,27,143743.26083996645,143743.26083996645,CA3 Granule,LEC LIII Multipolar Principal -> LEC LIII Complex Pyramidal -> EC LIII Pyramidal Stellate -> CA1 Pyramidal -> MEC LV VI Pyramidal Polymorphic -> EC LIV VI Deep Multipolar Principal -> LEC LVI Multipolar Pyramidal -> EC LV Deep Pyramidal -> EC LIII V Bipolar Pyramidal -> MEC LIII Complex Pyramidal -> MEC LII Stellate -> MEC LIII Bipolar Complex Pyramidal -> MEC LII III Pyramidal Multiform -> MEC LV Multipolar Pyramidal -> MEC LV Superficial Pyramidal -> MEC LV Pyramidal -> EC LI II Pyramidal Fan -> EC LI II Multipolar Pyramidal -> EC LIII Stellate -> EC LII III Pyramidal Tripolar -> DG Granule -> DG Mossy -> DG Hilar Ectopic Granule -> CA3c Pyramidal -> CA2 Pyramidal -> CA3 Pyramidal -> CA3 Granule,36527.0,time_limit,143743.26083996645,,,,,,,,,,,,,,,,,,
branch_and_bound,LEC LVI Multipolar Pyramidal,24,25,137308.2437021637,137308.2437021637,CA3 Granule,LEC LVI Multipolar Pyramidal -> LEC LIII Multipolar Principal -> LEC LIII Complex Pyramidal -> EC LIII Pyramidal Stellate -> CA1 Pyramidal -> MEC LV VI Pyramidal Polymorphic -> EC LIV VI Deep Multipolar Principal -> MEC LIII Complex Pyramidal -> MEC LII Stellate -> MEC LIII Bipolar Complex Pyramidal -> MEC LII III Pyramidal Multiform -> MEC LV Multipolar Pyramidal -> MEC LV Superficial Pyramidal -> MEC LV Pyramidal -> EC LI II Multipolar Pyramidal -> EC LIII Stellate -> EC LII III Pyramidal Tripolar -> DG Granule -> DG Mossy -> DG Semilunar Granule -> DG Hilar Ectopic Granule -> CA3c Pyramidal -> CA2 Pyramidal -> CA3 Pyramidal -> CA3 Granule,40244.0,time_limit,137308.2437021637,,,,,,,,,,,,,,,,,,
branch_and_bound,MEC LII III Pyramidal Multiform,26,27,137899.99787034604,137899.99787034604,CA3 Granule,MEC LII III Pyramidal Multiform -> MEC LV VI Pyramidal Polymorphic -> EC LIV VI Deep Multipolar Principal -> LEC LVI Multipolar Pyramidal -> LEC LIII Multipolar Principal -> LEC LIII Complex Pyramidal -> EC LIII Pyramidal Stellate -> CA1 Pyramidal -> EC LV Deep Pyramidal -> EC LIII V Bipolar Pyramidal -> MEC LIII Complex Pyramidal -> MEC LII Stellate -> MEC LIII Bipolar Complex Pyramidal -> MEC LV Superficial Pyramidal -> MEC LV Multipolar Pyramidal -> MEC LV Pyramidal -> EC LI II Pyramidal Fan -> EC LI II Multipolar Pyramidal -> EC LIII Stellate -> EC LII III Pyramidal Tripolar -> DG Granule -> DG Mossy -> DG Hilar Ectopic Granule -> CA3c Pyramidal -> CA2 Pyramidal -> CA3 Pyramidal -> CA3 Granule,40312.0,time_limit,137899.99787034604,,,,,,,,,,,,,,,,,,
branch_and_bound,MEC LII Oblique Pyramidal,28,29,226106.23716999684,226106.23716999684,CA1 Radiatum Giant,MEC LII Oblique Pyramidal -> MEC LIII Complex Pyramidal -> MEC LII Stellate -> CA3 Granule -> CA3c Pyramidal -> CA1 Pyramidal -> MEC LV VI Pyramidal Polymorphic -> EC LIV VI Deep Multipolar Principal -> LEC LVI Multipolar Pyramidal -> LEC LIII Multipolar Principal -> LEC LIII Complex Pyramidal -> EC LIII Pyramidal Stellate -> MEC LIII Bipolar Complex Pyramidal -> MEC LII III Pyramidal Multiform -> MEC LV Multipolar Pyramidal -> MEC LV Superficial Pyramidal -> EC LIII Stellate -> EC LII III Pyramidal Tripolar -> EC LI II Multipolar Pyramidal -> EC LIII Pyramidal -> EC LV Deep Pyramidal -> MEC LV Pyramidal -> DG Granule -> DG Mossy -> DG Semilunar Granule -> DG Hilar Ectopic Granule -> CA3 Pyramidal -> CA2 Pyramidal -> CA1 Radiatum Giant,50000.0,node_limit,226106.23716999684,,,,,,,,,,,,,,,,,,
branch_and_bound,MEC LII Stellate,29,30,230528.89843912577,230528.89843912577,CA1 Radiatum Giant,MEC LII Stellate -> CA3 Granule -> CA3c Pyramidal -> CA1 Pyramidal -> MEC LV VI Pyramidal Polymorphic -> EC LIV VI Deep Multipolar Principal -> LEC LVI Multipolar Pyramidal -> LEC LIII Multipolar Principal -> LEC LIII Complex Pyramidal -> EC LIII Pyramidal Stellate -> MEC LIII Complex Pyramidal -> MEC LII Oblique Pyramidal -> MEC LV Superficial Pyramidal -> MEC LV Multipolar Pyramidal -> MEC LIII Bipolar Complex Pyramidal -> MEC LII III Pyramidal Multiform -> EC LIII V Bipolar Pyramidal -> EC LII III Pyramidal Tripolar -> EC LI II Multipolar Pyramidal -> EC LIII Stellate -> EC LIII Pyramidal -> EC LV Deep Pyramidal -> MEC LV Pyramidal -> DG Granule -> DG Mossy -> DG Semilunar Granule -> DG Hilar Ectopic Granule -> CA3 Pyramidal -> CA2 Pyramidal -> CA1 Radiatum Giant,50000.0,node_limit,230528.89843912577,,,,,,,,,,,,,,,,,,
branch_and_bound,MEC LIII Bipolar Complex Pyramidal,25,26,230973.9907462514,230973.9907462514,CA1 Radiatum Giant,MEC LIII Bipolar Complex Pyramidal -> MEC LIII Complex Pyramidal -> MEC LII Stellate -> CA3 Granule -> CA3c Pyramidal -> CA1 Pyramidal -> MEC LV VI Pyramidal Polymorphic -> EC LIV VI Deep Multipolar Principal -> LEC LVI Multipolar Pyramidal -> LEC LIII Multipolar Principal -> LEC LIII Complex Pyramidal -> EC LIII Pyramidal Stellate -> EC LII III Pyramidal Tripolar -> EC LI II Multipolar Pyramidal -> EC LIII Stellate -> EC LIII Pyramidal -> EC LIII V Bipolar Pyramidal -> EC LV Deep Pyramidal -> MEC LV Pyramidal -> DG Granule -> DG Mossy -> DG Semilunar Granule -> DG Hilar Ectopic Granule -> CA3 Pyramidal -> CA2 Pyramidal -> CA1 Radiatum Giant,48607.0,time_limit,230973.9907462514,,,,,,,,,,,,,,,,,,
branch_and_bound,MEC LIII Complex Pyramidal,29,30,231311.95628027228,231311.95628027228,CA1 Radiatum Giant,MEC LIII Complex Pyramidal -> MEC LII Stellate -> CA3 Granule -> CA3c Pyramidal -> CA1 Pyramidal -> MEC LV VI Pyramidal Polymorphic -> EC LIV VI Deep Multipolar Principal -> LEC LVI Multipolar Pyramidal -> LEC LIII Multipolar Principal -> LEC LIII Complex Pyramidal -> EC LIII Pyramidal Stellate -> MEC LIII Bipolar Complex Pyramidal -> MEC LII III Pyramidal Multiform -> MEC LV Multipolar Pyramidal -> MEC LV Superficial Pyramidal -> MEC LII Oblique Pyramidal -> EC LIII V Bipolar Pyramidal -> EC LII III Pyramidal Tripolar -> EC LI II Multipolar Pyramidal -> EC LIII Stellate -> EC LIII Pyramidal -> EC LV Deep Pyramidal -> MEC LV Pyramidal -> DG Granule -> DG Mossy -> DG Semilunar Granule -> DG Hilar Ectopic Granule -> CA3 Pyramidal -> CA2 Pyramidal -> CA1 Radiatum Giant,40327.0,time_limit,231311.95628027228,,,,,,,,,,,,,,,,,,
branch_and_bound,MEC LV Multipolar Pyramidal,29,30,231469.79164425572,231469.79164425572,CA1 Radiatum Giant,MEC LV Multipolar Pyramidal -> MEC LIII Complex Pyramidal -> MEC LII Stellate -> CA3 Granule -> CA3c Pyramidal -> CA1 Pyramidal -> MEC LV VI Pyramidal Polymorphic -> EC LIV VI Deep Multipolar Principal -> LEC LVI Multipolar Pyramidal -> LEC LIII Multipolar Principal -> LEC LIII Complex Pyramidal -> EC LIII Pyramidal Stellate -> MEC LIII Bipolar Complex Pyramidal -> MEC LII III Pyramidal Multiform -> MEC LV Superficial Pyramidal -> MEC LII Oblique Pyramidal -> EC LIII V Bipolar Pyramidal -> EC LII III Pyramidal Tripolar -> EC LI II Multipolar Pyramidal -> EC LIII Stellate -> EC LIII Pyramidal -> EC LV Deep Pyramidal -> MEC LV Pyramidal -> DG Granule -> DG Mossy -> DG Semilunar Granule -> DG Hilar Ectopic Granule -> CA3 Pyramidal -> CA2 Pyramidal -> CA1 Radiatum Giant,36103.0,time_limit,231469.79164425572,,,,,,,,,,,,,,,,,,
branch_and_bound,MEC LV Pyramidal,25,26,208179.92328274035,208179.92328274035,CA3 Granule,MEC LV Pyramidal -> DG Granule -> DG Mossy -> DG Hilar Ectopic Granule -> CA3c Pyramidal -> CA1 Pyramidal -> MEC LV VI Pyramidal Polymorphic -> EC LIV VI Deep Multipolar Principal -> LEC LVI Multipolar Pyramidal -> LEC LIII Multipolar Principal -> LEC LIII Complex Pyramidal -> EC LIII Pyramidal Stellate -> MEC LIII Complex Pyramidal -> MEC LII Stellate -> MEC LIII Bipolar Complex Pyramidal -> MEC LII III Pyramidal Multiform -> MEC LV Multipolar Pyramidal -> MEC LV Superficial Pyramidal -> EC LI II Multipolar Pyramidal -> EC LIII Stellate -> EC LII III Pyramidal Tripolar -> EC LI II Pyramidal Fan -> DG Semilunar Granule -> CA3 Pyramidal -> CA2 Pyramidal -> CA3 Granule,41300.0,time_limit,208179.92328274035,,,,,,,,,,,,,,,,,,
branch_and_bound,MEC LV Superficial Pyramidal,27,28,226053.46580290186,226053.46580290186,CA1 Radiatum Giant,MEC LV Superficial Pyramidal -> MEC LIII Complex Pyramidal -> MEC LII Stellate -> CA3 Granule -> CA3c Pyramidal -> CA1 Pyramidal -> MEC LV VI Pyramidal Polymorphic -> EC LIV VI Deep Multipolar Principal -> LEC LVI Multipolar Pyramidal -> LEC LIII Multipolar Principal -> LEC LIII Complex Pyramidal -> EC LIII Pyramidal Stellate -> MEC LIII Bipolar Complex Pyramidal -> MEC LII III Pyramidal Multiform -> MEC LV Multipolar Pyramidal -> EC LIII Stellate -> EC LII III Pyramidal Tripolar -> EC LI II Multipolar Pyramidal -> EC LIII Pyramidal -> EC LIII V Bipolar Pyramidal -> MEC LV Pyramidal -> DG Granule -> DG Mossy -> DG Semilunar Granule -> DG Hilar Ectopic Granule -> CA3 Pyramidal -> CA2 Pyramidal -> CA1 Radiatum Giant,36632.0,time_limit,226053.46580290186,,,,,,,,,,,,,,,,,,
branch_and_bound,MEC LV VI Pyramidal Polymorphic,26,27,137299.15952357117,137299.15952357117,CA3 Granule,MEC LV VI Pyramidal Polymorphic -> EC LIV VI Deep Multipolar Principal -> LEC LVI Multipolar Pyramidal -> LEC LIII Multipolar Principal -> LEC LIII Complex Pyramidal -> EC LIII Pyramidal Stellate -> CA1 Pyramidal -> EC LV Deep Pyramidal -> EC LIII V Bipolar Pyramidal -> MEC LIII Complex Pyramidal -> MEC LII Stellate -> MEC LIII Bipolar Complex Pyramidal -> MEC LII III Pyramidal Multiform -> MEC LV Multipolar Pyramidal -> MEC LV Superficial Pyramidal -> MEC LV Pyramidal -> EC LI II Pyramidal Fan -> EC LI II Multipolar Pyramidal -> EC LIII Stellate -> EC LII III Pyramidal Tripolar -> DG Granule -> DG Mossy -> DG Hilar Ectopic Granule -> CA3c Pyramidal -> CA2 Pyramidal -> CA3 Pyramidal -> CA3 Granule,41224.0,time_limit,137299.15952357117,,,,,,,,,,,,,,,,,,
branch_and_bound,SUB CA1 Projecting Pyramidal,25,26,133529.2378614637,133529.2378614637,CA3 Granule,SUB CA1 Projecting Pyramidal -> CA1 Pyramidal -> MEC LV VI Pyramidal Polymorphic -> EC LIV VI Deep Multipolar Principal -> LEC LVI Multipolar Pyramidal -> LEC LIII Multipolar Principal -> LEC LIII Complex Pyramidal -> EC LIII Pyramidal Stellate -> MEC LIII Complex Pyramidal -> MEC LII Stellate -> MEC LIII Bipolar Complex Pyramidal -> MEC LII III Pyramidal Multiform -> MEC LV Multipolar Pyramidal -> MEC LV Superficial Pyramidal -> MEC LV Pyramidal -> EC LI II Multipolar Pyramidal -> EC LIII Stellate -> EC LII III Pyramidal Tripolar -> DG Granule -> DG Mossy -> DG Semilunar Granule -> DG Hilar Ectopic Granule -> CA3c Pyramidal -> CA2 Pyramidal -> CA3 Pyramidal -> CA3 Granule,43958.0,time_limit,133529.2378614637,,,,,,,,,,,,,,,,,,
weighted_random_walk_ensemble,CA1 Pyramidal,22,23,134815.91633967584,134815.91633967584,CA3 Granule,CA1 Pyramidal -> MEC LV VI Pyramidal Polymorphic -> EC LIV VI Deep Multipolar Principal -> EC LIII V Bipolar Pyramidal -> MEC LV Multipolar Pyramidal -> MEC LIII Bipolar Complex Pyramidal -> MEC LII Stellate -> EC LI II Multipolar Pyramidal -> EC LII III Pyramidal Tripolar -> MEC LII III Pyramidal Multiform -> MEC LIII Complex Pyramidal -> EC LIII Pyramidal -> LEC LVI Multipolar Pyramidal -> LEC LIII Multipolar Principal -> EC LV Deep Pyramidal -> MEC LV Pyramidal -> DG Granule -> DG Mossy -> DG Hilar Ectopic Granule -> CA3c Pyramidal -> CA2 Pyramidal -> CA3 Pyramidal -> CA3 Granule,,,,134815.91633967584,34800.0201938094,19348.89198932523,31835.039179119518,3.577781934729799,0.2325,31.0,335.0,2000.0,1.0,0.05,,,,,,,
weighted_random_walk_ensemble,CA1 Radiatum Giant,24,25,137057.59337688825,137057.59337688825,CA3 Pyramidal,CA1 Radiatum Giant -> CA1 Pyramidal -> MEC LV VI Pyramidal Polymorphic -> EC LV Deep Pyramidal -> MEC LV Multipolar Pyramidal -> MEC LIII Complex Pyramidal -> MEC LII III Pyramidal Multiform -> MEC LV Superficial Pyramidal -> EC LIII Stellate -> EC LII III Pyramidal Tripolar -> MEC LII Oblique Pyramidal -> EC LIII Pyramidal Stellate -> LEC LIII Multipolar Principal -> EC LI II Multipolar Pyramidal -> MEC LIII Bipolar Complex Pyramidal -> EC LI II Pyramidal Fan -> MEC LII Stellate -> MEC LV Pyramidal -> DG Granule -> DG Mossy -> DG Hilar Ectopic Granule -> CA3c Pyramidal -> CA2 Pyramidal -> CA3 Granule -> CA3 Pyramidal,,,,137057.59337688825,33758.68159191983,17380.52321396955,31901.59044065063,4.090830742923452,1.0,31.0,335.0,2000.0,1.0,0.05,,,,,,,
weighted_random_walk_ensemble,CA2 Pyramidal,20,21,196150.41541654145,196150.41541654145,CA3 Granule,CA2 Pyramidal -> CA3c Pyramidal -> CA1 Pyramidal -> MEC LV VI Pyramidal Polymorphic -> EC LIV VI Deep Multipolar Principal -> EC LIII Pyramidal Stellate -> EC LIII Stellate -> MEC LIII Complex Pyramidal -> EC LI II Multipolar Pyramidal -> MEC LIII Bipolar Complex Pyramidal -> MEC LII Stellate -> EC LIII Pyramidal -> EC LIII V Bipolar Pyramidal -> LEC LIII Multipolar Principal -> EC LV Deep Pyramidal -> MEC LV Pyramidal -> DG Granule -> DG Mossy -> DG Hilar Ectopic Granule -> CA3 Pyramidal -> CA3 Granule,,,,196150.41541654145,67223.95726235065,65589.65477371044,48312.42526641895,3.8603006380079465,0.4235,31.0,341.0,2000.0,1.0,0.05,,,,,,,
weighted_random_walk_ensemble,CA3 Granule,25,26,206408.98665908218,206408.98665908218,CA1 Radiatum Giant,CA3 Granule -> CA3c Pyramidal -> CA1 Pyramidal -> MEC LV VI Pyramidal Polymorphic -> EC LIV VI Deep Multipolar Principal -> LEC LIII Multipolar Principal -> EC LIII Stellate -> EC LIII Pyramidal -> LEC LVI Multipolar Pyramidal -> EC LV Deep Pyramidal -> EC LIII V Bipolar Pyramidal -> LEC LIII Complex Pyramidal -> EC LI II Multipolar Pyramidal -> MEC LIII Bipolar Complex Pyramidal -> MEC LV Superficial Pyramidal -> MEC LIII Complex Pyramidal -> MEC LII Stellate -> MEC LV Multipolar Pyramidal -> MEC LII III Pyramidal Multiform -> MEC LV Pyramidal -> DG Granule -> DG Mossy -> DG Hilar Ectopic Granule -> CA3 Pyramidal -> CA2 Pyramidal -> CA1 Radiatum Giant,,,,206408.98665908218,79193.89265444904,89938.50415827424,45512.75560272921,3.9178949774710143,0.687,31.0,345.0,2000.0,1.0,0.05,,,,,,,
weighted_random_walk_ensemble,CA3 Pyramidal,21,22,196426.95350456488,196426.95350456488,CA3 Granule,CA3 Pyramidal -> CA2 Pyramidal -> DG Mossy -> DG Granule -> DG Hilar Ectopic Granule -> CA3c Pyramidal -> CA1 Pyramidal -> LEC LVI Multipolar Pyramidal -> LEC LIII Multipolar Principal -> EC LV Deep Pyramidal -> EC LIV VI Deep Multipolar Principal -> EC LIII V Bipolar Pyramidal -> MEC LV Multipolar Pyramidal -> MEC LIII Complex Pyramidal -> EC LIII Pyramidal Stellate -> MEC LIII Bipolar Complex Pyramidal -> EC LII III Pyramidal Tripolar -> EC LI II Multipolar Pyramidal -> EC LIII Stellate -> MEC LII III Pyramidal Multiform -> MEC LII Stellate -> CA3 Granule,,,,196426.95350456488,69980.9993628472,60962.23201863142,47054.405308768866,4.066636594029851,0.3805,30.0,333.0,2000.0,1.0,0.05,,,,,,,
weighted_random_walk_ensemble,CA3c Pyramidal,21,22,199699.25495017477,199699.25495017477,CA3 Granule,CA3c Pyramidal -> CA1 Pyramidal -> MEC LV VI Pyramidal Polymorphic -> EC LIV VI Deep Multipolar Principal -> LEC LIII Multipolar Principal -> LEC LIII Complex Pyramidal -> EC LIII Pyramidal -> EC LIII Pyramidal Stellate -> EC LII III Pyramidal Tripolar -> EC LI II Multipolar Pyramidal -> MEC LII III Pyramidal Multiform -> MEC LIII Complex Pyramidal -> MEC LIII Bipolar Complex Pyramidal -> EC LIII Stellate -> EC LIII V Bipolar Pyramidal -> MEC LV Pyramidal -> DG Granule -> DG Mossy -> DG Hilar Ectopic Granule -> CA3 Pyramidal -> CA2 Pyramidal -> CA3 Granule,,,,199699.25495017477,92163.31459886167,94297.63960274745,41509.01477267449,3.9294480254800344,0.666,31.0,338.0,2000.0,1.0,0.05,,,,,,,
weighted_random_walk_ensemble,DG Granule,27,28,209438.1984829873,209438.1984829873,CA1 Radiatum Giant,DG Granule -> DG Mossy -> DG Hilar Ectopic Granule -> CA3c Pyramidal -> CA1 Pyramidal -> EC LIII V Bipolar Pyramidal -> MEC LV VI Pyramidal Polymorphic -> EC LV Deep Pyramidal -> LEC LVI Multipolar Pyramidal -> LEC LIII Multipolar Principal -> EC LI II Pyramidal Fan -> EC LIII Pyramidal Stellate -> LEC LIII Complex Pyramidal -> EC LI II Multipolar Pyramidal -> EC LII III Pyramidal Tripolar -> MEC LII III Pyramidal Multiform -> MEC LV Multipolar Pyramidal -> MEC LV Pyramidal -> MEC LV Superficial Pyramidal -> EC LIII Pyramidal -> EC LIV VI Deep Multipolar Principal -> MEC LIII Complex Pyramidal -> MEC LIII Bipolar Complex Pyramidal -> MEC LII Stellate -> CA3 Granule -> CA3 Pyramidal -> CA2 Pyramidal -> CA1 Radiatum Giant,,,,209438.1984829873,107081.31894580556,116971.59968430662,48145.60360615584,3.9297150999332167,0.6055,31.0,337.0,2000.0,1.0,0.05,,,,,,,
weighted_random_walk_ensemble,DG Hilar Ectopic Granule,23,24,182992.31644566118,182992.31644566118,CA3 Granule,DG Hilar Ectopic Granule -> CA3c Pyramidal -> CA1 Pyramidal -> LEC LIII Multipolar Principal -> EC LI II Multipolar Pyramidal -> EC LIII Stellate -> MEC LII III Pyramidal Multiform -> MEC LIII Complex Pyramidal -> MEC LIII Bipolar Complex Pyramidal -> MEC LII Oblique Pyramidal -> MEC LV Multipolar Pyramidal -> MEC LV Superficial Pyramidal -> MEC LV Pyramidal -> EC LIII V Bipolar Pyramidal -> EC LIII Pyramidal Stellate -> LEC LIII Complex Pyramidal -> EC LIII Pyramidal -> EC LII III Pyramidal Tripolar -> DG Granule -> DG Mossy -> DG Semilunar Granule -> CA3 Pyramidal -> CA2 Pyramidal -> CA3 Granule,,,,182992.31644566118,59662.26961369581,49098.16499265689,45840.61278932877,3.907469122570101,0.959,31.0,340.0,2000.0,1.0,0.05,,,,,,,
weighted_random_walk_ensemble,DG Mossy,18,19,190771.7053018985,190771.7053018985,CA3 Granule,DG Mossy -> DG Granule -> DG Hilar Ectopic Granule -> CA3 Pyramidal -> CA2 Pyramidal -> CA3c Pyramidal -> CA1 Pyramidal -> LEC LVI Multipolar Pyramidal -> EC LIII Pyramidal Stellate -> LEC LIII Complex Pyramidal -> EC LII III Pyramidal Tripolar -> EC LIII Pyramidal -> MEC LIII Complex Pyramidal -> EC LI II Multipolar Pyramidal -> MEC LIII Bipolar Complex Pyramidal -> MEC LII Oblique Pyramidal -> MEC LII III Pyramidal Multiform -> MEC LII Stellate -> CA3 Granule,,,,190771.7053018985,81255.6786662839,93179.79650067675,45713.51137710147,3.8124023410540437,0.7325,31.0,338.0,2000.0,1.0,0.05,,,,,,,
weighted_random_walk_ensemble,DG Semilunar Granule,18,19,207652.63671567774,207652.63671567774,CA1 Radiatum Giant,DG Semilunar Granule -> DG Granule -> DG Mossy -> DG Hilar Ectopic Granule -> CA3c Pyramidal -> CA1 Pyramidal -> LEC LVI Multipolar Pyramidal -> EC LIII V Bipolar Pyramidal -> MEC LII III Pyramidal Multiform -> MEC LV Multipolar Pyramidal -> MEC LIII Complex Pyramidal -> EC LI II Multipolar Pyramidal -> EC LII III Pyramidal Tripolar -> MEC LV Superficial Pyramidal -> MEC LII Stellate -> CA3 Granule -> CA3 Pyramidal -> CA2 Pyramidal -> CA1 Radiatum Giant,,,,207652.63671567774,74453.80569329594,78371.09735967402,50032.33442016929,4.046330589973925,0.5205,31.0,339.0,2000.0,1.0,0.05,,,,,,,
weighted_random_walk_ensemble,EC LI II Multipolar Pyramidal,26,27,222968.89419973144,222968.89419973144,CA3 Granule,EC LI II Multipolar Pyramidal -> EC LII III Pyramidal Tripolar -> EC LIII Stellate -> LEC LIII Complex Pyramidal -> EC LIII Pyramidal Stellate -> LEC LIII Multipolar Principal -> EC LV Deep Pyramidal -> MEC LV VI Pyramidal Polymorphic -> EC LIV VI Deep Multipolar Principal -> EC LIII V Bipolar Pyramidal -> MEC LV Pyramidal -> DG Granule -> DG Mossy -> DG Hilar Ectopic Granule -> CA3 Pyramidal -> CA2 Pyramidal -> CA3c Pyramidal -> CA1 Pyramidal -> LEC LVI Multipolar Pyramidal -> EC LIII Pyramidal -> MEC LIII Complex Pyramidal -> MEC LII III Pyramidal Multiform -> MEC LII Oblique Pyramidal -> MEC LV Multipolar Pyramidal -> MEC LV Superficial Pyramidal -> MEC LII Stellate -> CA3 Granule,,,,222968.89419973144,68639.73382539322,46684.471520493484,51180.0796719765,4.250101189989738,0.2215,31.0,343.0,2000.0,1.0,0.05,,,,,,,
weighted_random_walk_ensemble,EC LI II Pyramidal Fan,23,24,229399.79272312662,229399.79272312662,CA1 Radiatum Giant,EC LI II Pyramidal Fan -> EC LI II Multipolar Pyramidal -> MEC LIII Bipolar Complex Pyramidal -> MEC LIII Complex Pyramidal -> MEC LII Stellate -> CA3 Granule -> CA3c Pyramidal -> CA1 Pyramidal -> LEC LVI Multipolar Pyramidal -> LEC LIII Complex Pyramidal -> EC LIII Pyramidal Stellate -> LEC LIII Multipolar Principal -> EC LIV VI Deep Multipolar Principal -> MEC LV Multipolar Pyramidal -> MEC LII III Pyramidal Multiform -> MEC LV VI Pyramidal Polymorphic -> EC LV Deep Pyramidal -> MEC LV Pyramidal -> DG Granule -> DG Mossy -> DG Hilar Ectopic Granule -> CA3 Pyramidal -> CA2 Pyramidal -> CA1 Radiatum Giant,,,,229399.79272312662,65720.24433486736,50068.42070653952,54545.73001277319,4.222585594305061,0.257,31.0,344.0,2000.0,1.0,0.05,,,,,,,
weighted_random_walk_ensemble,EC LII III Pyramidal Tripolar,25,26,228194.76161051332,228194.76161051332,CA1 Radiatum Giant,EC LII III Pyramidal Tripolar -> EC LI II Multipolar Pyramidal -> EC LIII Stellate -> LEC LIII Multipolar Principal -> EC LIII Pyramidal -> EC LV Deep Pyramidal -> EC LIII V Bipolar Pyramidal -> MEC LV Pyramidal -> DG Granule -> DG Mossy -> DG Hilar Ectopic Granule -> CA3c Pyramidal -> CA1 Pyramidal -> MEC LV VI Pyramidal Polymorphic -> EC LIV VI Deep Multipolar Principal -> LEC LVI Multipolar Pyramidal -> LEC LIII Complex Pyramidal -> EC LIII Pyramidal Stellate -> MEC LII III Pyramidal Multiform -> MEC LV Multipolar Pyramidal -> MEC LIII Complex Pyramidal -> MEC LII Stellate -> CA3 Granule -> CA3 Pyramidal -> CA2 Pyramidal -> CA1 Radiatum Giant,,,,228194.76161051332,56478.33155705716,39340.76055436851,50969.27738930096,4.2130584210170055,0.22,31.0,337.0,2000.0,1.0,0.05,,,,,,,
weighted_random_walk_ensemble,EC LIII Pyramidal,18,19,224567.34348365333,224567.34348365333,DG Hilar Ectopic Granule,EC LIII Pyramidal -> MEC LIII Complex Pyramidal -> MEC LII Stellate -> CA3 Granule -> CA3 Pyramidal -> CA2 Pyramidal -> CA3c Pyramidal -> CA1 Pyramidal -> LEC LVI Multipolar Pyramidal -> LEC LIII Multipolar Principal -> EC LII III Pyramidal Tripolar -> EC LI II Multipolar Pyramidal -> MEC LIII Bipolar Complex Pyramidal -> MEC LV Superficial Pyramidal -> EC LIV VI Deep Multipolar Principal -> MEC LV Pyramidal -> DG Granule -> DG Mossy -> DG Hilar Ectopic Granule,,,,224567.34348365333,45386.76081561927,27220.536848335185,46867.25004878161,4.077259298272101,0.363,31.0,334.0,2000.0,1.0,0.05,,,,,,,
weighted_random_walk_ensemble,EC LIII Pyramidal Stellate,19,20,217629.9882142983,217629.9882142983,CA1 Radiatum Giant,EC LIII Pyramidal Stellate -> MEC LII III Pyramidal Multiform -> MEC LV VI Pyramidal Polymorphic -> EC LIV VI Deep Multipolar Principal -> LEC LIII Multipolar Principal -> LEC LIII Complex Pyramidal -> EC LII III Pyramidal Tripolar -> EC LI II Multipolar Pyramidal -> MEC LIII Bipolar Complex Pyramidal -> MEC LII Stellate -> CA3 Granule -> CA3c Pyramidal -> CA1 Pyramidal -> MEC LV Pyramidal -> DG Granule -> DG Mossy -> DG Hilar Ectopic Granule -> CA3 Pyramidal -> CA2 Pyramidal -> CA1 Radiatum Giant,,,,217629.9882142983,46361.31336914924,31449.743034895953,43077.13865373813,4.065347041949073,0.6095,31.0,333.0,2000.0,1.0,0.05,,,,,,,
weighted_random_walk_ensemble,EC LIII Stellate,25,26,223904.27462583053,223904.27462583053,CA1 Radiatum Giant,EC LIII Stellate -> MEC LIII Complex Pyramidal -> MEC LII Oblique Pyramidal -> MEC LV Superficial Pyramidal -> MEC LV Pyramidal -> DG Granule -> DG Mossy -> DG Hilar Ectopic Granule -> CA3c Pyramidal -> CA1 Pyramidal -> LEC LVI Multipolar Pyramidal -> LEC LIII Complex Pyramidal -> EC LIV VI Deep Multipolar Principal -> MEC LV Multipolar Pyramidal -> MEC LV VI Pyramidal Polymorphic -> EC LV Deep Pyramidal -> LEC LIII Multipolar Principal -> EC LII III Pyramidal Tripolar -> EC LI II Multipolar Pyramidal -> MEC LIII Bipolar Complex Pyramidal -> MEC LII III Pyramidal Multiform -> MEC LII Stellate -> CA3 Granule -> CA3 Pyramidal -> CA2 Pyramidal -> CA1 Radiatum Giant,,,,223904.27462583053,52699.4417872954,35601.84976982093,51253.728220665034,4.173995418806561,0.2585,31.0,337.0,2000.0,1.0,0.05,,,,,,,
weighted_random_walk_ensemble,EC LIII V Bipolar Pyramidal,24,25,222298.63928917292,222298.63928917292,CA1 Radiatum Giant,EC LIII V Bipolar Pyramidal -> MEC LIII Complex Pyramidal -> MEC LII Oblique Pyramidal -> MEC LV Superficial Pyramidal -> MEC LIII Bipolar Complex Pyramidal -> MEC LV Multipolar Pyramidal -> MEC LII III Pyramidal Multiform -> MEC LV Pyramidal -> DG Granule -> DG Mossy -> DG Hilar Ectopic Granule -> CA3c Pyramidal -> CA1 Pyramidal -> MEC LV VI Pyramidal Polymorphic -> EC LV Deep Pyramidal -> EC LIV VI Deep Multipolar Principal -> LEC LVI Multipolar Pyramidal -> LEC LIII Complex Pyramidal -> EC LII III Pyramidal Tripolar -> EC LI II Multipolar Pyramidal -> MEC LII Stellate -> CA3 Granule -> CA3 Pyramidal -> CA2 Pyramidal -> CA1 Radiatum Giant,,,,222298.63928917292,48565.61663785392,31503.729157548885,49911.71175718726,4.174683655132417,0.254,31.0,326.0,2000.0,1.0,0.05,,,,,,,
weighted_random_walk_ensemble,EC LIV VI Deep Multipolar Principal,22,23,227804.6737021582,227804.6737021582,CA1 Radiatum Giant,EC LIV VI Deep Multipolar Principal -> LEC LVI Multipolar Pyramidal -> LEC LIII Complex Pyramidal -> EC LIII Stellate -> MEC LIII Complex Pyramidal -> EC LI II Multipolar Pyramidal -> MEC LIII Bipolar Complex Pyramidal -> MEC LV Multipolar Pyramidal -> MEC LV Pyramidal -> DG Granule -> DG Mossy -> DG Hilar Ectopic Granule -> CA3c Pyramidal -> CA1 Pyramidal -> MEC LV VI Pyramidal Polymorphic -> EC LV Deep Pyramidal -> LEC LIII Multipolar Principal -> EC LI II Pyramidal Fan -> MEC LII Stellate -> CA3 Granule -> CA3 Pyramidal -> CA2 Pyramidal -> CA1 Radiatum Giant,,,,227804.6737021582,46042.152007644305,26931.730221278103,49313.68117383832,4.08230692320754,0.4085,31.0,335.0,2000.0,1.0,0.05,,,,,,,
weighted_random_walk_ensemble,EC LV Deep Pyramidal,22,23,219952.70092312136,219952.70092312136,CA1 Radiatum Giant,EC LV Deep Pyramidal -> LEC LVI Multipolar Pyramidal -> LEC LIII Complex Pyramidal -> EC LIII V Bipolar Pyramidal -> MEC LIII Complex Pyramidal -> EC LII III Pyramidal Tripolar -> EC LIII Stellate -> EC LIII Pyramidal -> MEC LV Pyramidal -> DG Granule -> DG Mossy -> DG Hilar Ectopic Granule -> CA3c Pyramidal -> CA1 Pyramidal -> MEC LV VI Pyramidal Polymorphic -> EC LIV VI Deep Multipolar Principal -> LEC LIII Multipolar Principal -> EC LI II Multipolar Pyramidal -> MEC LII Stellate -> CA3 Granule -> CA3 Pyramidal -> CA2 Pyramidal -> CA1 Radiatum Giant,,,,219952.70092312136,46659.56421727477,25495.86812425604,51107.05036798722,4.058851210447913,0.4665,31.0,334.0,2000.0,1.0,0.05,,,,,,,
weighted_random_walk_ensemble,LEC LIII Complex Pyramidal,21,22,226848.880794946,226848.880794946,CA1 Radiatum Giant,LEC LIII Complex Pyramidal -> EC LIII Stellate -> MEC LIII Complex Pyramidal -> MEC LII Stellate -> CA3 Granule -> CA3c Pyramidal -> CA1 Pyramidal -> MEC LV VI Pyramidal Polymorphic -> EC LV Deep Pyramidal -> LEC LVI Multipolar Pyramidal -> LEC LIII Multipolar Principal -> EC LII III Pyramidal Tripolar -> EC LI II Multipolar Pyramidal -> MEC LIII Bipolar Complex Pyramidal -> MEC LII III Pyramidal Multiform -> MEC LV Pyramidal -> DG Granule -> DG Mossy -> DG Hilar Ectopic Granule -> CA3 Pyramidal -> CA2 Pyramidal -> CA1 Radiatum Giant,,,,226848.880794946,48546.97098599418,32052.37238950341,48911.22543490678,4.2508476252553145,0.281,31.0,342.0,2000.0,1.0,0.05,,,,,,,
weighted_random_walk_ensemble,LEC LIII Multipolar Principal,25,26,220529.7699849495,220529.7699849495,CA1 Radiatum Giant,LEC LIII Multipolar Principal -> EC LIII Pyramidal -> MEC LIII Bipolar Complex Pyramidal -> MEC LII III Pyramidal Multiform -> MEC LV Multipolar Pyramidal -> MEC LV Pyramidal -> DG Granule -> DG Mossy -> DG Hilar Ectopic Granule -> CA3c Pyramidal -> CA1 Pyramidal -> MEC LV VI Pyramidal Polymorphic -> EC LV Deep Pyramidal -> EC LIII V Bipolar Pyramidal -> EC LIV VI Deep Multipolar Principal -> MEC LIII Complex Pyramidal -> MEC LV Superficial Pyramidal -> MEC LII Oblique Pyramidal -> EC LIII Pyramidal Stellate -> EC LII III Pyramidal Tripolar -> EC LI II Multipolar Pyramidal -> MEC LII Stellate -> CA3 Granule -> CA3 Pyramidal -> CA2 Pyramidal -> CA1 Radiatum Giant,,,,220529.7699849495,48862.57079259862,31253.85481200448,49548.85089892958,4.125149467531381,0.2735,31.0,339.0,2000.0,1.0,0.05,,,,,,,
weighted_random_walk_ensemble,LEC LVI Multipolar Pyramidal,17,18,216939.22240732957,216939.22240732957,CA3 Granule,LEC LVI Multipolar Pyramidal -> EC LV Deep Pyramidal -> MEC LV Pyramidal -> DG Granule -> DG Mossy -> DG Hilar Ectopic Granule -> CA3 Pyramidal -> CA2 Pyramidal -> CA3c Pyramidal -> CA1 Pyramidal -> EC LIII V Bipolar Pyramidal -> LEC LIII Complex Pyramidal -> LEC LIII Multipolar Principal -> EC LI II Multipolar Pyramidal -> EC LII III Pyramidal Tripolar -> MEC LIII Complex Pyramidal -> MEC LII Stellate -> CA3 Granule,,,,216939.22240732957,47253.90583141642,29411.42555225933,49456.3415757149,4.198420190959776,0.266,31.0,344.0,2000.0,1.0,0.05,,,,,,,
weighted_random_walk_ensemble,MEC LII III Pyramidal Multiform,26,27,229039.79864331058,229039.79864331058,CA1 Radiatum Giant,MEC LII III Pyramidal Multiform -> MEC LV Multipolar Pyramidal -> MEC LIII Complex Pyramidal -> MEC LII Stellate -> CA3 Granule -> CA3c Pyramidal -> CA1 Pyramidal -> MEC LV VI Pyramidal Polymorphic -> EC LIV VI Deep Multipolar Principal -> LEC LIII Complex Pyramidal -> EC LIII V Bipolar Pyramidal -> LEC LVI Multipolar Pyramidal -> LEC LIII Multipolar Principal -> EC LII III Pyramidal Tripolar -> EC LI II Multipolar Pyramidal -> MEC LIII Bipolar Complex Pyramidal -> EC LIII Pyramidal Stellate -> EC LIII Stellate -> EC LIII Pyramidal -> MEC LV Superficial Pyramidal -> MEC LV Pyramidal -> DG Granule -> DG Mossy -> DG Hilar Ectopic Granule -> CA3 Pyramidal -> CA2 Pyramidal -> CA1 Radiatum Giant,,,,229039.79864331058,55958.51472793932,37640.77941950272,53402.89891655213,4.199326698319043,0.2705,31.0,338.0,2000.0,1.0,0.05,,,,,,,
weighted_random_walk_ensemble,MEC LII Oblique Pyramidal,25,26,222140.40921088302,222140.40921088302,CA1 Radiatum Giant,MEC LII Oblique Pyramidal -> MEC LIII Complex Pyramidal -> EC LII III Pyramidal Tripolar -> EC LI II Multipolar Pyramidal -> EC LIII Stellate -> EC LIII Pyramidal -> EC LIV VI Deep Multipolar Principal -> MEC LV Superficial Pyramidal -> MEC LV Multipolar Pyramidal -> MEC LV VI Pyramidal Polymorphic -> EC LV Deep Pyramidal -> MEC LV Pyramidal -> DG Granule -> DG Mossy -> DG Hilar Ectopic Granule -> CA3c Pyramidal -> CA1 Pyramidal -> LEC LVI Multipolar Pyramidal -> LEC LIII Complex Pyramidal -> EC LIII Pyramidal Stellate -> MEC LII III Pyramidal Multiform -> MEC LII Stellate -> CA3 Granule -> CA3 Pyramidal -> CA2 Pyramidal -> CA1 Radiatum Giant,,,,222140.40921088302,56266.34115389439,39920.08013189852,53245.750138760275,4.1984205465294,0.607,31.0,343.0,2000.0,1.0,0.05,,,,,,,
weighted_random_walk_ensemble,MEC LII Stellate,26,27,222679.3717103615,222679.3717103615,CA1 Radiatum Giant,MEC LII Stellate -> CA3 Granule -> CA3c Pyramidal -> CA1 Pyramidal -> EC LIII V Bipolar Pyramidal -> LEC LIII Multipolar Principal -> EC LIII Pyramidal Stellate -> LEC LIII Complex Pyramidal -> EC LII III Pyramidal Tripolar -> EC LI II Multipolar Pyramidal -> MEC LIII Bipolar Complex Pyramidal -> MEC LIII Complex Pyramidal -> MEC LII Oblique Pyramidal -> MEC LV Multipolar Pyramidal -> EC LIV VI Deep Multipolar Principal -> MEC LV VI Pyramidal Polymorphic -> EC LV Deep Pyramidal -> LEC LVI Multipolar Pyramidal -> EC LIII Stellate -> MEC LII III Pyramidal Multiform -> MEC LV Pyramidal -> DG Granule -> DG Mossy -> DG Hilar Ectopic Granule -> CA3 Pyramidal -> CA2 Pyramidal -> CA1 Radiatum Giant,,,,222679.3717103615,69209.79390628447,55706.387509703345,52942.717658969654,4.175682396428633,0.3685,31.0,344.0,2000.0,1.0,0.05,,,,,,,
weighted_random_walk_ensemble,MEC LIII Bipolar Complex Pyramidal,25,26,218398.51622203318,218398.51622203318,CA1 Radiatum Giant,MEC LIII Bipolar Complex Pyramidal -> MEC LIII Complex Pyramidal -> MEC LII Stellate -> CA3 Granule -> CA3c Pyramidal -> CA1 Pyramidal -> MEC LV VI Pyramidal Polymorphic -> EC LV Deep Pyramidal -> EC LIII V Bipolar Pyramidal -> EC LIV VI Deep Multipolar Principal -> LEC LVI Multipolar Pyramidal -> EC LIII Stellate -> EC LII III Pyramidal Tripolar -> MEC LII Oblique Pyramidal -> EC LIII Pyramidal Stellate -> LEC LIII Multipolar Principal -> EC LI II Multipolar Pyramidal -> MEC LII III Pyramidal Multiform -> MEC LV Multipolar Pyramidal -> MEC LV Pyramidal -> DG Granule -> DG Mossy -> DG Hilar Ectopic Granule -> CA3 Pyramidal -> CA2 Pyramidal -> CA1 Radiatum Giant,,,,218398.51622203318,54085.061881413814,35429.61415734,51828.37428659649,4.248918577703078,0.3935,31.0,336.0,2000.0,1.0,0.05,,,,,,,
weighted_random_walk_ensemble,MEC LIII Complex Pyramidal,27,28,226704.96934323042,226704.96934323042,CA1 Radiatum Giant,MEC LIII Complex Pyramidal -> MEC LII Stellate -> CA3 Granule -> CA3c Pyramidal -> CA1 Pyramidal -> LEC LVI Multipolar Pyramidal -> EC LII III Pyramidal Tripolar -> EC LI II Multipolar Pyramidal -> MEC LIII Bipolar Complex Pyramidal -> EC LIII Pyramidal Stellate -> MEC LII III Pyramidal Multiform -> MEC LV VI Pyramidal Polymorphic -> EC LIV VI Deep Multipolar Principal -> MEC LV Multipolar Pyramidal -> MEC LV Superficial Pyramidal -> EC LV Deep Pyramidal -> EC LIII V Bipolar Pyramidal -> LEC LIII Multipolar Principal -> LEC LIII Complex Pyramidal -> EC LIII Stellate -> EC LIII Pyramidal -> MEC LV Pyramidal -> DG Granule -> DG Mossy -> DG Hilar Ectopic Granule -> CA3 Pyramidal -> CA2 Pyramidal -> CA1 Radiatum Giant,,,,226704.96934323042,55834.909181203904,38143.045504253096,52023.94430713733,4.183056037252595,0.256,31.0,336.0,2000.0,1.0,0.05,,,,,,,
weighted_random_walk_ensemble,MEC LV Multipolar Pyramidal,23,24,217576.97907283265,217576.97907283265,CA1 Radiatum Giant,MEC LV Multipolar Pyramidal -> MEC LIII Complex Pyramidal -> MEC LII Stellate -> CA3 Granule -> CA3c Pyramidal -> CA1 Pyramidal -> MEC LV VI Pyramidal Polymorphic -> EC LIV VI Deep Multipolar Principal -> MEC LV Superficial Pyramidal -> MEC LIII Bipolar Complex Pyramidal -> EC LI II Multipolar Pyramidal -> EC LIII Pyramidal -> LEC LIII Complex Pyramidal -> EC LIII V Bipolar Pyramidal -> LEC LIII Multipolar Principal -> EC LIII Pyramidal Stellate -> MEC LII III Pyramidal Multiform -> MEC LV Pyramidal -> DG Granule -> DG Mossy -> DG Hilar Ectopic Granule -> CA3 Pyramidal -> CA2 Pyramidal -> CA1 Radiatum Giant,,,,217576.97907283265,53424.55725539042,35387.39903067604,52760.8167281044,4.155597260684603,0.299,31.0,340.0,2000.0,1.0,0.05,,,,,,,
weighted_random_walk_ensemble,MEC LV Pyramidal,18,19,229227.71678336713,229227.71678336713,CA2 Pyramidal,MEC LV Pyramidal -> DG Granule -> DG Mossy -> DG Hilar Ectopic Granule -> CA3c Pyramidal -> CA1 Pyramidal -> MEC LV VI Pyramidal Polymorphic -> EC LIV VI Deep Multipolar Principal -> LEC LVI Multipolar Pyramidal -> EC LIII V Bipolar Pyramidal -> EC LII III Pyramidal Tripolar -> EC LI II Multipolar Pyramidal -> EC LIII Stellate -> MEC LIII Bipolar Complex Pyramidal -> EC LI II Pyramidal Fan -> MEC LII Stellate -> CA3 Granule -> CA3 Pyramidal -> CA2 Pyramidal,,,,229227.71678336713,78196.75874409395,68999.24099136438,58056.16719792123,4.224235966815584,0.4675,31.0,337.0,2000.0,1.0,0.05,,,,,,,
weighted_random_walk_ensemble,MEC LV Superficial Pyramidal,19,20,221208.153248548,221208.153248548,CA1 Radiatum Giant,MEC LV Superficial Pyramidal -> MEC LV Pyramidal -> DG Granule -> DG Mossy -> DG Hilar Ectopic Granule -> CA3c Pyramidal -> CA1 Pyramidal -> MEC LV VI Pyramidal Polymorphic -> EC LV Deep Pyramidal -> LEC LVI Multipolar Pyramidal -> LEC LIII Complex Pyramidal -> LEC LIII Multipolar Principal -> EC LI II Multipolar Pyramidal -> EC LIII Stellate -> MEC LIII Complex Pyramidal -> MEC LII Stellate -> CA3 Granule -> CA3 Pyramidal -> CA2 Pyramidal -> CA1 Radiatum Giant,,,,221208.153248548,54466.57057729745,37150.63801107275,52530.0504741375,4.20028517830502,0.2885,31.0,333.0,2000.0,1.0,0.05,,,,,,,
weighted_random_walk_ensemble,MEC LV VI Pyramidal Polymorphic,24,25,213646.22954581876,213646.22954581876,CA1 Radiatum Giant,MEC LV VI Pyramidal Polymorphic -> EC LV Deep Pyramidal -> MEC LV Pyramidal -> DG Granule -> DG Mossy -> DG Hilar Ectopic Granule -> CA3c Pyramidal -> CA1 Pyramidal -> MEC LV Superficial Pyramidal -> MEC LII III Pyramidal Multiform -> EC LIV VI Deep Multipolar Principal -> LEC LIII Multipolar Principal -> EC LII III Pyramidal Tripolar -> MEC LIII Complex Pyramidal -> MEC LII Oblique Pyramidal -> EC LIII Pyramidal Stellate -> EC LIII Stellate -> MEC LIII Bipolar Complex Pyramidal -> EC LI II Pyramidal Fan -> EC LI II Multipolar Pyramidal -> MEC LII Stellate -> CA3 Granule -> CA3 Pyramidal -> CA2 Pyramidal -> CA1 Radiatum Giant,,,,213646.22954581876,51372.45672323795,34953.11457844573,51180.73495805196,4.083413434635856,0.529,31.0,338.0,2000.0,1.0,0.05,,,,,,,
weighted_random_walk_ensemble,SUB CA1 Projecting Pyramidal,27,28,134024.47978253866,134024.47978253866,CA3 Granule,SUB CA1 Projecting Pyramidal -> CA1 Pyramidal -> LEC LVI Multipolar Pyramidal -> EC LIII V Bipolar Pyramidal -> MEC LV Superficial Pyramidal -> MEC LV Multipolar Pyramidal -> MEC LIII Complex Pyramidal -> MEC LIII Bipolar Complex Pyramidal -> MEC LII Stellate -> MEC LV VI Pyramidal Polymorphic -> EC LV Deep Pyramidal -> LEC LIII Multipolar Principal -> EC LIII Pyramidal Stellate -> LEC LIII Complex Pyramidal -> EC LIII Stellate -> MEC LII III Pyramidal Multiform -> MEC LII Oblique Pyramidal -> EC LII III Pyramidal Tripolar -> EC LI II Multipolar Pyramidal -> EC LIII Pyramidal -> MEC LV Pyramidal -> DG Granule -> DG Mossy -> DG Hilar Ectopic Granule -> CA3 Pyramidal -> CA3c Pyramidal -> CA2 Pyramidal -> CA3 Granule,,,,134024.47978253866,38790.04685957729,31008.027843161995,32948.78037710267,4.159812364888749,0.9285,31.0,332.0,2000.0,1.0,0.05,,,,,,,
monte_carlo_tree_search,CA1 Pyramidal,20,21,135092.4687868105,135092.4687868105,CA3 Granule,CA1 Pyramidal -> MEC LV VI Pyramidal Polymorphic -> EC LV Deep Pyramidal -> LEC LVI Multipolar Pyramidal -> EC LIV VI Deep Multipolar Principal -> LEC LIII Multipolar Principal -> EC LI II Multipolar Pyramidal -> EC LII III Pyramidal Tripolar -> MEC LII Stellate -> EC LIII Pyramidal -> MEC LIII Complex Pyramidal -> MEC LII III Pyramidal Multiform -> EC LI II Pyramidal Fan -> DG Granule -> DG Mossy -> DG Semilunar Granule -> DG Hilar Ectopic Granule -> CA3c Pyramidal -> CA2 Pyramidal -> CA3 Pyramidal -> CA3 Granule,,,,,,,,,,,,,,,1500.0,1.4,0.35,1477.0,135092.4687868105,,
monte_carlo_tree_search,CA1 Radiatum Giant,28,29,139525.16402544404,139525.16402544404,CA3 Granule,CA1 Radiatum Giant -> CA1 Pyramidal -> LEC LVI Multipolar Pyramidal -> EC LIII Pyramidal Stellate -> LEC LIII Multipolar Principal -> EC LI II Multipolar Pyramidal -> MEC LIII Bipolar Complex Pyramidal -> MEC LIII Complex Pyramidal -> MEC LII Oblique Pyramidal -> EC LIV VI Deep Multipolar Principal -> MEC LV VI Pyramidal Polymorphic -> EC LV Deep Pyramidal -> EC LIII V Bipolar Pyramidal -> LEC LIII Complex Pyramidal -> EC LIII Stellate -> EC LII III Pyramidal Tripolar -> MEC LII Stellate -> EC LI II Pyramidal Fan -> MEC LII III Pyramidal Multiform -> MEC LV Multipolar Pyramidal -> MEC LV Superficial Pyramidal -> MEC LV Pyramidal -> DG Granule -> DG Mossy -> DG Hilar Ectopic Granule -> CA3c Pyramidal -> CA2 Pyramidal -> CA3 Pyramidal -> CA3 Granule,,,,,,,,,,,,,,,1500.0,1.4,0.35,1471.0,139525.16402544404,,
monte_carlo_tree_search,CA2 Pyramidal,26,27,201723.26644167711,201723.26644167711,CA3 Granule,CA2 Pyramidal -> CA3c Pyramidal -> CA1 Pyramidal -> MEC LV VI Pyramidal Polymorphic -> EC LIV VI Deep Multipolar Principal -> EC LIII Pyramidal Stellate -> MEC LIII Bipolar Complex Pyramidal -> MEC LIII Complex Pyramidal -> MEC LII Stellate -> EC LIII Pyramidal -> LEC LIII Multipolar Principal -> LEC LIII Complex Pyramidal -> EC LV Deep Pyramidal -> LEC LVI Multipolar Pyramidal -> EC LIII V Bipolar Pyramidal -> EC LII III Pyramidal Tripolar -> EC LI II Multipolar Pyramidal -> EC LIII Stellate -> MEC LII III Pyramidal Multiform -> MEC LV Superficial Pyramidal -> MEC LV Multipolar Pyramidal -> MEC LV Pyramidal -> DG Granule -> DG Mossy -> DG Hilar Ectopic Granule -> CA3 Pyramidal -> CA3 Granule,,,,,,,,,,,,,,,1500.0,1.4,0.35,1470.0,201723.26644167711,,
monte_carlo_tree_search,CA3 Granule,25,26,211418.7995984235,211418.7995984235,CA1 Radiatum Giant,CA3 Granule -> CA3c Pyramidal -> CA1 Pyramidal -> EC LV Deep Pyramidal -> LEC LIII Multipolar Principal -> EC LI II Pyramidal Fan -> EC LI II Multipolar Pyramidal -> MEC LIII Bipolar Complex Pyramidal -> EC LIII Pyramidal -> EC LIII Stellate -> EC LII III Pyramidal Tripolar -> MEC LII Stellate -> MEC LIII Complex Pyramidal -> MEC LII Oblique Pyramidal -> MEC LV Superficial Pyramidal -> MEC LV VI Pyramidal Polymorphic -> EC LIV VI Deep Multipolar Principal -> MEC LV Multipolar Pyramidal -> MEC LV Pyramidal -> DG Granule -> DG Mossy -> DG Semilunar Granule -> DG Hilar Ectopic Granule -> CA3 Pyramidal -> CA2 Pyramidal -> CA1 Radiatum Giant,,,,,,,,,,,,,,,1500.0,1.4,0.35,1470.0,211418.7995984235,,
monte_carlo_tree_search,CA3 Pyramidal,25,26,205742.85366650487,205742.85366650487,DG Hilar Ectopic Granule,CA3 Pyramidal -> CA3c Pyramidal -> CA1 Pyramidal -> MEC LV VI Pyramidal Polymorphic -> EC LIV VI Deep Multipolar Principal -> MEC LV Multipolar Pyramidal -> MEC LV Superficial Pyramidal -> MEC LII III Pyramidal Multiform -> MEC LIII Complex Pyramidal -> MEC LII Stellate -> EC LI II Pyramidal Fan -> EC LIII Pyramidal Stellate -> EC LIII Pyramidal -> LEC LVI Multipolar Pyramidal -> LEC LIII Multipolar Principal -> LEC LIII Complex Pyramidal -> EC LII III Pyramidal Tripolar -> EC LI II Multipolar Pyramidal -> MEC LIII Bipolar Complex Pyramidal -> MEC LII Oblique Pyramidal -> EC LIII V Bipolar Pyramidal -> EC LV Deep Pyramidal -> MEC LV Pyramidal -> DG Granule -> DG Mossy -> DG Hilar Ectopic Granule,,,,,,,,,,,,,,,1500.0,1.4,0.35,1457.0,205742.85366650487,,
monte_carlo_tree_search,CA3c Pyramidal,25,26,212889.62999531787,212889.62999531787,CA3 Granule,CA3c Pyramidal -> CA1 Pyramidal -> MEC LV VI Pyramidal Polymorphic -> EC LIV VI Deep Multipolar Principal -> MEC LV Multipolar Pyramidal -> MEC LIII Bipolar Complex Pyramidal -> EC LIII Pyramidal -> LEC LIII Multipolar Principal -> LEC LIII Complex Pyramidal -> EC LIII Pyramidal Stellate -> MEC LIII Complex Pyramidal -> MEC LII Stellate -> EC LI II Pyramidal Fan -> EC LI II Multipolar Pyramidal -> EC LIII Stellate -> EC LII III Pyramidal Tripolar -> MEC LII Oblique Pyramidal -> MEC LV Superficial Pyramidal -> MEC LII III Pyramidal Multiform -> MEC LV Pyramidal -> DG Granule -> DG Mossy -> DG Hilar Ectopic Granule -> CA3 Pyramidal -> CA2 Pyramidal -> CA3 Granule,,,,,,,,,,,,,,,1500.0,1.4,0.35,1472.0,212889.62999531787,,
monte_carlo_tree_search,DG Granule,25,26,222297.70249503743,222297.70249503743,CA3 Granule,DG Granule -> DG Mossy -> DG Semilunar Granule -> CA3 Pyramidal -> CA2 Pyramidal -> DG Hilar Ectopic Granule -> CA3c Pyramidal -> CA1 Pyramidal -> MEC LV VI Pyramidal Polymorphic -> EC LIV VI Deep Multipolar Principal -> LEC LIII Multipolar Principal -> EC LI II Multipolar Pyramidal -> MEC LIII Bipolar Complex Pyramidal -> MEC LIII Complex Pyramidal -> EC LII III Pyramidal Tripolar -> EC LIII Stellate -> EC LIII Pyramidal Stellate -> EC LIII Pyramidal -> EC LV Deep Pyramidal -> LEC LVI Multipolar Pyramidal -> LEC LIII Complex Pyramidal -> EC LIII V Bipolar Pyramidal -> MEC LV Superficial Pyramidal -> EC LI II Pyramidal Fan -> MEC LII Stellate -> CA3 Granule,,,,,,,,,,,,,,,1500.0,1.4,0.35,1465.0,222297.70249503743,,
monte_carlo_tree_search,DG Hilar Ectopic Granule,24,25,208897.11358025743,208897.11358025743,CA3 Granule,DG Hilar Ectopic Granule -> CA3c Pyramidal -> CA1 Pyramidal -> MEC LV VI Pyramidal Polymorphic -> EC LV Deep Pyramidal -> LEC LVI Multipolar Pyramidal -> EC LIV VI Deep Multipolar Principal -> LEC LIII Complex Pyramidal -> LEC LIII Multipolar Principal -> EC LII III Pyramidal Tripolar -> EC LI II Multipolar Pyramidal -> MEC LIII Bipolar Complex Pyramidal -> MEC LII Stellate -> MEC LII Oblique Pyramidal -> EC LIII Pyramidal -> MEC LIII Complex Pyramidal -> MEC LII III Pyramidal Multiform -> MEC LV Multipolar Pyramidal -> MEC LV Pyramidal -> DG Granule -> DG Mossy -> DG Semilunar Granule -> CA3 Pyramidal -> CA2 Pyramidal -> CA3 Granule,,,,,,,,,,,,,,,1500.0,1.4,0.35,1473.0,208897.11358025743,,
monte_carlo_tree_search,DG Mossy,29,30,200593.9204327239,200593.9204327239,CA1 Radiatum Giant,DG Mossy -> DG Granule -> DG Hilar Ectopic Granule -> CA3c Pyramidal -> CA1 Pyramidal -> MEC LV VI Pyramidal Polymorphic -> EC LV Deep Pyramidal -> EC LIII V Bipolar Pyramidal -> EC LIII Pyramidal Stellate -> LEC LIII Multipolar Principal -> EC LI II Multipolar Pyramidal -> EC LIII Stellate -> MEC LII III Pyramidal Multiform -> MEC LV Pyramidal -> MEC LIII Complex Pyramidal -> MEC LV Multipolar Pyramidal -> MEC LV Superficial Pyramidal -> MEC LIII Bipolar Complex Pyramidal -> EC LII III Pyramidal Tripolar -> MEC LII Oblique Pyramidal -> EC LIII Pyramidal -> EC LIV VI Deep Multipolar Principal -> LEC LVI Multipolar Pyramidal -> LEC LIII Complex Pyramidal -> EC LI II Pyramidal Fan -> MEC LII Stellate -> CA3 Granule -> CA3 Pyramidal -> CA2 Pyramidal -> CA1 Radiatum Giant,,,,,,,,,,,,,,,1500.0,1.4,0.35,1464.0,200593.9204327239,,
monte_carlo_tree_search,DG Semilunar Granule,21,22,222026.45823708366,222026.45823708366,CA1 Radiatum Giant,DG Semilunar Granule -> DG Granule -> DG Mossy -> DG Hilar Ectopic Granule -> CA3c Pyramidal -> CA1 Pyramidal -> MEC LV VI Pyramidal Polymorphic -> EC LV Deep Pyramidal -> LEC LVI Multipolar Pyramidal -> EC LII III Pyramidal Tripolar -> EC LIII Stellate -> MEC LIII Complex Pyramidal -> EC LI II Pyramidal Fan -> EC LI II Multipolar Pyramidal -> MEC LIII Bipolar Complex Pyramidal -> MEC LV Multipolar Pyramidal -> MEC LV Pyramidal -> MEC LII Stellate -> CA3 Granule -> CA3 Pyramidal -> CA2 Pyramidal -> CA1 Radiatum Giant,,,,,,,,,,,,,,,1500.0,1.4,0.35,1462.0,222026.45823708366,,
monte_carlo_tree_search,EC LI II Multipolar Pyramidal,26,27,224459.5274597598,224459.5274597598,CA1 Radiatum Giant,EC LI II Multipolar Pyramidal -> EC LII III Pyramidal Tripolar -> EC LIII Pyramidal -> LEC LVI Multipolar Pyramidal -> EC LIII Pyramidal Stellate -> EC LIII Stellate -> LEC LIII Multipolar Principal -> LEC LIII Complex Pyramidal -> EC LIII V Bipolar Pyramidal -> MEC LIII Bipolar Complex Pyramidal -> MEC LIII Complex Pyramidal -> MEC LII Stellate -> CA3 Granule -> CA3c Pyramidal -> CA1 Pyramidal -> MEC LV VI Pyramidal Polymorphic -> EC LIV VI Deep Multipolar Principal -> EC LV Deep Pyramidal -> MEC LV Multipolar Pyramidal -> MEC LV Superficial Pyramidal -> MEC LV Pyramidal -> DG Granule -> DG Mossy -> DG Hilar Ectopic Granule -> CA3 Pyramidal -> CA2 Pyramidal -> CA1 Radiatum Giant,,,,,,,,,,,,,,,1500.0,1.4,0.35,1501.0,224459.5274597598,,
monte_carlo_tree_search,EC LI II Pyramidal Fan,26,27,224392.81115055885,224392.81115055885,CA1 Radiatum Giant,EC LI II Pyramidal Fan -> EC LIII Pyramidal Stellate -> EC LII III Pyramidal Tripolar -> MEC LII Stellate -> CA3 Granule -> CA3c Pyramidal -> CA1 Pyramidal -> LEC LVI Multipolar Pyramidal -> LEC LIII Complex Pyramidal -> LEC LIII Multipolar Principal -> EC LI II Multipolar Pyramidal -> EC LIII Stellate -> MEC LIII Complex Pyramidal -> MEC LII Oblique Pyramidal -> MEC LV Superficial Pyramidal -> MEC LIII Bipolar Complex Pyramidal -> EC LV Deep Pyramidal -> MEC LV VI Pyramidal Polymorphic -> EC LIV VI Deep Multipolar Principal -> MEC LV Multipolar Pyramidal -> MEC LV Pyramidal -> DG Granule -> DG Mossy -> DG Hilar Ectopic Granule -> CA3 Pyramidal -> CA2 Pyramidal -> CA1 Radiatum Giant,,,,,,,,,,,,,,,1500.0,1.4,0.35,1490.0,224392.81115055885,,
monte_carlo_tree_search,EC LII III Pyramidal Tripolar,27,28,231791.28790411766,231791.28790411766,CA1 Radiatum Giant,EC LII III Pyramidal Tripolar -> LEC LIII Multipolar Principal -> EC LIII Pyramidal Stellate -> MEC LII III Pyramidal Multiform -> MEC LIII Bipolar Complex Pyramidal -> EC LI II Pyramidal Fan -> EC LI II Multipolar Pyramidal -> EC LIII Stellate -> MEC LIII Complex Pyramidal -> MEC LII Stellate -> CA3 Granule -> CA3c Pyramidal -> CA1 Pyramidal -> MEC LV VI Pyramidal Polymorphic -> EC LIV VI Deep Multipolar Principal -> LEC LVI Multipolar Pyramidal -> LEC LIII Complex Pyramidal -> EC LIII V Bipolar Pyramidal -> EC LV Deep Pyramidal -> MEC LV Multipolar Pyramidal -> MEC LV Superficial Pyramidal -> MEC LV Pyramidal -> DG Granule -> DG Mossy -> DG Hilar Ectopic Granule -> CA3 Pyramidal -> CA2 Pyramidal -> CA1 Radiatum Giant,,,,,,,,,,,,,,,1500.0,1.4,0.35,1497.0,231791.28790411766,,
monte_carlo_tree_search,EC LIII Pyramidal,25,26,229078.09123386987,229078.09123386987,CA1 Radiatum Giant,EC LIII Pyramidal -> EC LIII Stellate -> EC LIII V Bipolar Pyramidal -> MEC LV Multipolar Pyramidal -> MEC LIII Complex Pyramidal -> MEC LII Stellate -> CA3 Granule -> CA3c Pyramidal -> CA1 Pyramidal -> MEC LV VI Pyramidal Polymorphic -> EC LIV VI Deep Multipolar Principal -> LEC LVI Multipolar Pyramidal -> LEC LIII Complex Pyramidal -> LEC LIII Multipolar Principal -> EC LII III Pyramidal Tripolar -> EC LI II Multipolar Pyramidal -> MEC LIII Bipolar Complex Pyramidal -> MEC LII Oblique Pyramidal -> MEC LV Superficial Pyramidal -> MEC LV Pyramidal -> DG Granule -> DG Mossy -> DG Hilar Ectopic Granule -> CA3 Pyramidal -> CA2 Pyramidal -> CA1 Radiatum Giant,,,,,,,,,,,,,,,1500.0,1.4,0.35,1501.0,229078.09123386987,,
monte_carlo_tree_search,EC LIII Pyramidal Stellate,25,26,233842.27829407708,233842.27829407708,CA1 Radiatum Giant,EC LIII Pyramidal Stellate -> LEC LIII Complex Pyramidal -> EC LI II Pyramidal Fan -> EC LI II Multipolar Pyramidal -> MEC LIII Bipolar Complex Pyramidal -> EC LII III Pyramidal Tripolar -> MEC LII III Pyramidal Multiform -> MEC LIII Complex Pyramidal -> MEC LII Stellate -> CA3 Granule -> CA3c Pyramidal -> CA1 Pyramidal -> MEC LV VI Pyramidal Polymorphic -> EC LIV VI Deep Multipolar Principal -> LEC LIII Multipolar Principal -> EC LIII Stellate -> EC LIII Pyramidal -> LEC LVI Multipolar Pyramidal -> EC LV Deep Pyramidal -> MEC LV Pyramidal -> DG Granule -> DG Mossy -> DG Hilar Ectopic Granule -> CA3 Pyramidal -> CA2 Pyramidal -> CA1 Radiatum Giant,,,,,,,,,,,,,,,1500.0,1.4,0.35,1501.0,233842.27829407708,,
monte_carlo_tree_search,EC LIII Stellate,25,26,229471.93468122312,229471.93468122312,CA1 Radiatum Giant,EC LIII Stellate -> EC LIII Pyramidal -> MEC LV Multipolar Pyramidal -> MEC LIII Complex Pyramidal -> MEC LII Stellate -> CA3 Granule -> CA3c Pyramidal -> CA1 Pyramidal -> MEC LV VI Pyramidal Polymorphic -> EC LIV VI Deep Multipolar Principal -> LEC LVI Multipolar Pyramidal -> EC LIII V Bipolar Pyramidal -> LEC LIII Complex Pyramidal -> LEC LIII Multipolar Principal -> EC LIII Pyramidal Stellate -> EC LII III Pyramidal Tripolar -> EC LI II Multipolar Pyramidal -> MEC LIII Bipolar Complex Pyramidal -> EC LV Deep Pyramidal -> MEC LV Pyramidal -> DG Granule -> DG Mossy -> DG Hilar Ectopic Granule -> CA3 Pyramidal -> CA2 Pyramidal -> CA1 Radiatum Giant,,,,,,,,,,,,,,,1500.0,1.4,0.35,1501.0,229471.93468122312,,
monte_carlo_tree_search,EC LIII V Bipolar Pyramidal,23,24,230222.54605500627,230222.54605500627,CA1 Radiatum Giant,EC LIII V Bipolar Pyramidal -> MEC LV Multipolar Pyramidal -> MEC LV Superficial Pyramidal -> MEC LII Stellate -> CA3 Granule -> CA3c Pyramidal -> CA1 Pyramidal -> MEC LV VI Pyramidal Polymorphic -> EC LIV VI Deep Multipolar Principal -> LEC LIII Complex Pyramidal -> EC LIII Pyramidal Stellate -> MEC LIII Complex Pyramidal -> MEC LII III Pyramidal Multiform -> EC LI II Pyramidal Fan -> EC LI II Multipolar Pyramidal -> MEC LIII Bipolar Complex Pyramidal -> EC LV Deep Pyramidal -> MEC LV Pyramidal -> DG Granule -> DG Mossy -> DG Hilar Ectopic Granule -> CA3 Pyramidal -> CA2 Pyramidal -> CA1 Radiatum Giant,,,,,,,,,,,,,,,1500.0,1.4,0.35,1501.0,230222.54605500627,,
monte_carlo_tree_search,EC LIV VI Deep Multipolar Principal,28,29,227315.06532144782,227315.06532144782,CA1 Radiatum Giant,EC LIV VI Deep Multipolar Principal -> MEC LV Superficial Pyramidal -> EC LIII Pyramidal -> MEC LII III Pyramidal Multiform -> MEC LIII Complex Pyramidal -> MEC LII Oblique Pyramidal -> EC LIII Pyramidal Stellate -> EC LII III Pyramidal Tripolar -> EC LI II Multipolar Pyramidal -> EC LIII Stellate -> MEC LIII Bipolar Complex Pyramidal -> MEC LII Stellate -> CA3 Granule -> CA3c Pyramidal -> CA1 Pyramidal -> MEC LV VI Pyramidal Polymorphic -> EC LV Deep Pyramidal -> LEC LVI Multipolar Pyramidal -> LEC LIII Complex Pyramidal -> LEC LIII Multipolar Principal -> EC LIII V Bipolar Pyramidal -> MEC LV Multipolar Pyramidal -> MEC LV Pyramidal -> DG Granule -> DG Mossy -> DG Hilar Ectopic Granule -> CA3 Pyramidal -> CA2 Pyramidal -> CA1 Radiatum Giant,,,,,,,,,,,,,,,1500.0,1.4,0.35,1500.0,227315.06532144782,,
monte_carlo_tree_search,EC LV Deep Pyramidal,26,27,226832.02108689965,226832.02108689965,CA1 Radiatum Giant,EC LV Deep Pyramidal -> MEC LV Superficial Pyramidal -> MEC LV Pyramidal -> DG Granule -> DG Mossy -> DG Semilunar Granule -> DG Hilar Ectopic Granule -> CA3c Pyramidal -> CA1 Pyramidal -> MEC LV VI Pyramidal Polymorphic -> EC LIV VI Deep Multipolar Principal -> LEC LVI Multipolar Pyramidal -> LEC LIII Complex Pyramidal -> LEC LIII Multipolar Principal -> EC LIII Pyramidal Stellate -> EC LIII Stellate -> MEC LIII Complex Pyramidal -> EC LI II Multipolar Pyramidal -> MEC LIII Bipolar Complex Pyramidal -> MEC LII Oblique Pyramidal -> MEC LV Multipolar Pyramidal -> MEC LII III Pyramidal Multiform -> MEC LII Stellate -> CA3 Granule -> CA3 Pyramidal -> CA2 Pyramidal -> CA1 Radiatum Giant,,,,,,,,,,,,,,,1500.0,1.4,0.35,1500.0,226832.02108689965,,
monte_carlo_tree_search,LEC LIII Complex Pyramidal,28,29,224957.96827005662,224957.96827005662,CA1 Radiatum Giant,LEC LIII Complex Pyramidal -> EC LV Deep Pyramidal -> LEC LIII Multipolar Principal -> EC LII III Pyramidal Tripolar -> EC LI II Multipolar Pyramidal -> EC LIII Stellate -> MEC LIII Complex Pyramidal -> MEC LII Stellate -> CA3 Granule -> CA3c Pyramidal -> CA1 Pyramidal -> MEC LV VI Pyramidal Polymorphic -> EC LIV VI Deep Multipolar Principal -> LEC LVI Multipolar Pyramidal -> EC LIII Pyramidal Stellate -> MEC LIII Bipolar Complex Pyramidal -> MEC LV Superficial Pyramidal -> MEC LV Pyramidal -> MEC LII Oblique Pyramidal -> EC LIII V Bipolar Pyramidal -> MEC LV Multipolar Pyramidal -> MEC LII III Pyramidal Multiform -> EC LI II Pyramidal Fan -> DG Granule -> DG Mossy -> DG Hilar Ectopic Granule -> CA3 Pyramidal -> CA2 Pyramidal -> CA1 Radiatum Giant,,,,,,,,,,,,,,,1500.0,1.4,0.35,1501.0,224957.96827005662,,
monte_carlo_tree_search,LEC LIII Multipolar Principal,24,25,224062.24250940297,224062.24250940297,CA1 Radiatum Giant,LEC LIII Multipolar Principal -> EC LI II Pyramidal Fan -> EC LI II Multipolar Pyramidal -> MEC LIII Bipolar Complex Pyramidal -> MEC LIII Complex Pyramidal -> EC LIII Stellate -> MEC LII III Pyramidal Multiform -> MEC LV Pyramidal -> DG Granule -> DG Mossy -> DG Hilar Ectopic Granule -> CA3c Pyramidal -> CA1 Pyramidal -> EC LIII V Bipolar Pyramidal -> LEC LVI Multipolar Pyramidal -> EC LIV VI Deep Multipolar Principal -> MEC LV VI Pyramidal Polymorphic -> EC LV Deep Pyramidal -> MEC LV Multipolar Pyramidal -> MEC LV Superficial Pyramidal -> MEC LII Stellate -> CA3 Granule -> CA3 Pyramidal -> CA2 Pyramidal -> CA1 Radiatum Giant,,,,,,,,,,,,,,,1500.0,1.4,0.35,1501.0,224062.24250940297,,
monte_carlo_tree_search,LEC LVI Multipolar Pyramidal,27,28,224690.3114013433,224690.3114013433,CA1 Radiatum Giant,LEC LVI Multipolar Pyramidal -> EC LIII Pyramidal Stellate -> MEC LIII Bipolar Complex Pyramidal -> MEC LII Oblique Pyramidal -> MEC LIII Complex Pyramidal -> MEC LII Stellate -> CA3 Granule -> CA3c Pyramidal -> CA1 Pyramidal -> MEC LV VI Pyramidal Polymorphic -> EC LV Deep Pyramidal -> LEC LIII Multipolar Principal -> EC LI II Multipolar Pyramidal -> EC LII III Pyramidal Tripolar -> EC LIII Pyramidal -> EC LIV VI Deep Multipolar Principal -> EC LIII V Bipolar Pyramidal -> LEC LIII Complex Pyramidal -> EC LIII Stellate -> MEC LII III Pyramidal Multiform -> MEC LV Superficial Pyramidal -> MEC LV Pyramidal -> DG Granule -> DG Mossy -> DG Hilar Ectopic Granule -> CA3 Pyramidal -> CA2 Pyramidal -> CA1 Radiatum Giant,,,,,,,,,,,,,,,1500.0,1.4,0.35,1501.0,224690.3114013433,,
monte_carlo_tree_search,MEC LII III Pyramidal Multiform,27,28,229764.80456539325,229764.80456539325,CA1 Radiatum Giant,MEC LII III Pyramidal Multiform -> MEC LV Multipolar Pyramidal -> EC LII III Pyramidal Tripolar -> EC LI II Multipolar Pyramidal -> MEC LIII Bipolar Complex Pyramidal -> MEC LIII Complex Pyramidal -> MEC LII Oblique Pyramidal -> EC LIII Pyramidal Stellate -> LEC LIII Multipolar Principal -> LEC LIII Complex Pyramidal -> EC LIII Pyramidal -> MEC LV Superficial Pyramidal -> MEC LII Stellate -> CA3 Granule -> CA3c Pyramidal -> CA1 Pyramidal -> MEC LV VI Pyramidal Polymorphic -> EC LIV VI Deep Multipolar Principal -> LEC LVI Multipolar Pyramidal -> EC LIII V Bipolar Pyramidal -> EC LV Deep Pyramidal -> MEC LV Pyramidal -> DG Granule -> DG Mossy -> DG Hilar Ectopic Granule -> CA3 Pyramidal -> CA2 Pyramidal -> CA1 Radiatum Giant,,,,,,,,,,,,,,,1500.0,1.4,0.35,1501.0,229764.80456539325,,
monte_carlo_tree_search,MEC LII Oblique Pyramidal,25,26,229802.22363579078,229802.22363579078,CA1 Radiatum Giant,MEC LII Oblique Pyramidal -> EC LIII Pyramidal Stellate -> EC LIII Stellate -> MEC LII III Pyramidal Multiform -> MEC LV Pyramidal -> DG Granule -> DG Mossy -> DG Hilar Ectopic Granule -> CA3c Pyramidal -> CA1 Pyramidal -> MEC LV VI Pyramidal Polymorphic -> EC LIV VI Deep Multipolar Principal -> LEC LIII Multipolar Principal -> LEC LIII Complex Pyramidal -> EC LII III Pyramidal Tripolar -> EC LI II Multipolar Pyramidal -> MEC LIII Bipolar Complex Pyramidal -> EC LV Deep Pyramidal -> LEC LVI Multipolar Pyramidal -> EC LIII V Bipolar Pyramidal -> MEC LIII Complex Pyramidal -> MEC LII Stellate -> CA3 Granule -> CA3 Pyramidal -> CA2 Pyramidal -> CA1 Radiatum Giant,,,,,,,,,,,,,,,1500.0,1.4,0.35,1501.0,229802.22363579078,,
monte_carlo_tree_search,MEC LII Stellate,20,21,229647.87119522027,229647.87119522027,CA1 Radiatum Giant,MEC LII Stellate -> CA3 Granule -> CA3c Pyramidal -> CA1 Pyramidal -> MEC LV VI Pyramidal Polymorphic -> EC LV Deep Pyramidal -> LEC LVI Multipolar Pyramidal -> EC LII III Pyramidal Tripolar -> EC LI II Pyramidal Fan -> EC LI II Multipolar Pyramidal -> MEC LIII Bipolar Complex Pyramidal -> MEC LIII Complex Pyramidal -> MEC LII III Pyramidal Multiform -> MEC LV Multipolar Pyramidal -> MEC LV Pyramidal -> DG Granule -> DG Mossy -> DG Hilar Ectopic Granule -> CA3 Pyramidal -> CA2 Pyramidal -> CA1 Radiatum Giant,,,,,,,,,,,,,,,1500.0,1.4,0.35,1492.0,229647.87119522027,,
monte_carlo_tree_search,MEC LIII Bipolar Complex Pyramidal,28,29,230697.27404470168,230697.27404470168,CA1 Radiatum Giant,MEC LIII Bipolar Complex Pyramidal -> MEC LV Multipolar Pyramidal -> EC LIII Pyramidal -> MEC LII III Pyramidal Multiform -> MEC LII Stellate -> CA3 Granule -> CA3c Pyramidal -> CA1 Pyramidal -> MEC LV VI Pyramidal Polymorphic -> EC LIV VI Deep Multipolar Principal -> LEC LVI Multipolar Pyramidal -> LEC LIII Complex Pyramidal -> EC LIII Pyramidal Stellate -> MEC LIII Complex Pyramidal -> MEC LII Oblique Pyramidal -> MEC LV Superficial Pyramidal -> EC LII III Pyramidal Tripolar -> EC LI II Pyramidal Fan -> EC LI II Multipolar Pyramidal -> EC LIII Stellate -> LEC LIII Multipolar Principal -> EC LIII V Bipolar Pyramidal -> MEC LV Pyramidal -> DG Granule -> DG Mossy -> DG Hilar Ectopic Granule -> CA3 Pyramidal -> CA2 Pyramidal -> CA1 Radiatum Giant,,,,,,,,,,,,,,,1500.0,1.4,0.35,1501.0,230697.27404470168,,
monte_carlo_tree_search,MEC LIII Complex Pyramidal,26,27,228818.78485755145,228818.78485755145,CA1 Radiatum Giant,MEC LIII Complex Pyramidal -> EC LI II Multipolar Pyramidal -> EC LIII Stellate -> EC LIII Pyramidal Stellate -> LEC LIII Complex Pyramidal -> LEC LIII Multipolar Principal -> EC LII III Pyramidal Tripolar -> MEC LII Stellate -> CA3 Granule -> CA3c Pyramidal -> CA1 Pyramidal -> MEC LV VI Pyramidal Polymorphic -> EC LIV VI Deep Multipolar Principal -> LEC LVI Multipolar Pyramidal -> EC LIII V Bipolar Pyramidal -> MEC LIII Bipolar Complex Pyramidal -> EC LIII Pyramidal -> MEC LV Multipolar Pyramidal -> MEC LII III Pyramidal Multiform -> MEC LV Pyramidal -> DG Granule -> DG Mossy -> DG Semilunar Granule -> DG Hilar Ectopic Granule -> CA3 Pyramidal -> CA2 Pyramidal -> CA1 Radiatum Giant,,,,,,,,,,,,,,,1500.0,1.4,0.35,1501.0,228818.78485755145,,
monte_carlo_tree_search,MEC LV Multipolar Pyramidal,25,26,230969.7907725893,230969.7907725893,CA1 Radiatum Giant,MEC LV Multipolar Pyramidal -> EC LIII V Bipolar Pyramidal -> EC LII III Pyramidal Tripolar -> EC LI II Multipolar Pyramidal -> MEC LIII Bipolar Complex Pyramidal -> MEC LV Superficial Pyramidal -> MEC LII Stellate -> CA3 Granule -> CA3c Pyramidal -> CA1 Pyramidal -> MEC LV VI Pyramidal Polymorphic -> EC LIV VI Deep Multipolar Principal -> LEC LIII Multipolar Principal -> LEC LIII Complex Pyramidal -> EC LIII Stellate -> EC LIII Pyramidal Stellate -> MEC LIII Complex Pyramidal -> MEC LII III Pyramidal Multiform -> MEC LV Pyramidal -> DG Granule -> DG Mossy -> DG Semilunar Granule -> DG Hilar Ectopic Granule -> CA3 Pyramidal -> CA2 Pyramidal -> CA1 Radiatum Giant,,,,,,,,,,,,,,,1500.0,1.4,0.35,1501.0,230969.7907725893,,
monte_carlo_tree_search,MEC LV Pyramidal,25,26,230074.50820576545,230074.50820576545,CA1 Radiatum Giant,MEC LV Pyramidal -> DG Granule -> DG Mossy -> DG Semilunar Granule -> DG Hilar Ectopic Granule -> CA3c Pyramidal -> CA1 Pyramidal -> MEC LV VI Pyramidal Polymorphic -> EC LIV VI Deep Multipolar Principal -> LEC LIII Multipolar Principal -> EC LI II Multipolar Pyramidal -> EC LIII Stellate -> MEC LIII Complex Pyramidal -> EC LII III Pyramidal Tripolar -> LEC LIII Complex Pyramidal -> EC LIII Pyramidal -> EC LIII Pyramidal Stellate -> MEC LIII Bipolar Complex Pyramidal -> EC LV Deep Pyramidal -> MEC LV Superficial Pyramidal -> EC LI II Pyramidal Fan -> MEC LII Stellate -> CA3 Granule -> CA3 Pyramidal -> CA2 Pyramidal -> CA1 Radiatum Giant,,,,,,,,,,,,,,,1500.0,1.4,0.35,1478.0,230074.50820576545,,
monte_carlo_tree_search,MEC LV Superficial Pyramidal,27,28,223018.50504047764,223018.50504047764,CA1 Radiatum Giant,MEC LV Superficial Pyramidal -> EC LIII Pyramidal Stellate -> MEC LIII Complex Pyramidal -> EC LI II Multipolar Pyramidal -> EC LIII Stellate -> MEC LIII Bipolar Complex Pyramidal -> MEC LII III Pyramidal Multiform -> EC LII III Pyramidal Tripolar -> MEC LII Stellate -> CA3 Granule -> CA3c Pyramidal -> CA1 Pyramidal -> MEC LV VI Pyramidal Polymorphic -> EC LIV VI Deep Multipolar Principal -> LEC LVI Multipolar Pyramidal -> LEC LIII Complex Pyramidal -> EC LIII V Bipolar Pyramidal -> EC LIII Pyramidal -> LEC LIII Multipolar Principal -> EC LV Deep Pyramidal -> MEC LV Pyramidal -> EC LI II Pyramidal Fan -> DG Granule -> DG Mossy -> DG Hilar Ectopic Granule -> CA3 Pyramidal -> CA2 Pyramidal -> CA1 Radiatum Giant,,,,,,,,,,,,,,,1500.0,1.4,0.35,1501.0,223018.50504047764,,
monte_carlo_tree_search,MEC LV VI Pyramidal Polymorphic,26,27,224365.91925727495,224365.91925727495,CA1 Radiatum Giant,MEC LV VI Pyramidal Polymorphic -> EC LV Deep Pyramidal -> MEC LV Pyramidal -> DG Granule -> DG Mossy -> DG Hilar Ectopic Granule -> CA3c Pyramidal -> CA1 Pyramidal -> LEC LVI Multipolar Pyramidal -> EC LIII V Bipolar Pyramidal -> LEC LIII Multipolar Principal -> EC LI II Multipolar Pyramidal -> EC LII III Pyramidal Tripolar -> EC LIII Pyramidal -> EC LIII Pyramidal Stellate -> MEC LIII Complex Pyramidal -> MEC LII Oblique Pyramidal -> MEC LV Multipolar Pyramidal -> MEC LV Superficial Pyramidal -> MEC LIII Bipolar Complex Pyramidal -> MEC LII III Pyramidal Multiform -> EC LI II Pyramidal Fan -> MEC LII Stellate -> CA3 Granule -> CA3 Pyramidal -> CA2 Pyramidal -> CA1 Radiatum Giant,,,,,,,,,,,,,,,1500.0,1.4,0.35,1501.0,224365.91925727495,,
monte_carlo_tree_search,SUB CA1 Projecting Pyramidal,29,30,147180.0797594274,147180.0797594274,CA3 Granule,SUB CA1 Projecting Pyramidal -> CA1 Pyramidal -> MEC LV VI Pyramidal Polymorphic -> EC LIV VI Deep Multipolar Principal -> EC LV Deep Pyramidal -> LEC LIII Multipolar Principal -> EC LIII V Bipolar Pyramidal -> MEC LIII Complex Pyramidal -> MEC LII Stellate -> MEC LV Multipolar Pyramidal -> MEC LIII Bipolar Complex Pyramidal -> MEC LII Oblique Pyramidal -> EC LIII Pyramidal Stellate -> EC LIII Pyramidal -> LEC LIII Complex Pyramidal -> EC LI II Pyramidal Fan -> EC LI II Multipolar Pyramidal -> EC LII III Pyramidal Tripolar -> EC LIII Stellate -> MEC LII III Pyramidal Multiform -> MEC LV Superficial Pyramidal -> MEC LV Pyramidal -> DG Granule -> DG Mossy -> DG Semilunar Granule -> DG Hilar Ectopic Granule -> CA3c Pyramidal -> CA2 Pyramidal -> CA3 Pyramidal -> CA3 Granule,,,,,,,,,,,,,,,1500.0,1.4,0.35,1501.0,147180.0797594274,,
boltzmann_path_sampling,CA1 Pyramidal,21,22,142391.57466517514,142391.57466517514,CA3 Granule,CA1 Pyramidal -> MEC LV VI Pyramidal Polymorphic -> EC LIV VI Deep Multipolar Principal -> LEC LVI Multipolar Pyramidal -> LEC LIII Multipolar Principal -> EC LIII Pyramidal -> MEC LIII Complex Pyramidal -> MEC LII Stellate -> EC LI II Pyramidal Fan -> EC LI II Multipolar Pyramidal -> MEC LIII Bipolar Complex Pyramidal -> MEC LII III Pyramidal Multiform -> MEC LV Superficial Pyramidal -> MEC LV Multipolar Pyramidal -> MEC LV Pyramidal -> DG Granule -> DG Mossy -> DG Hilar Ectopic Granule -> CA3c Pyramidal -> CA2 Pyramidal -> CA3 Pyramidal -> CA3 Granule,,,,142391.57466517514,59915.26530983161,63943.520113442064,36269.746761639166,2.569245230164448,0.6705,31.0,337.0,,,0.02,,,,,,2000.0,0.25
boltzmann_path_sampling,CA1 Radiatum Giant,21,22,140081.01505946854,140081.01505946854,CA3 Granule,CA1 Radiatum Giant -> CA1 Pyramidal -> MEC LV VI Pyramidal Polymorphic -> EC LIV VI Deep Multipolar Principal -> LEC LVI Multipolar Pyramidal -> EC LIII Pyramidal Stellate -> MEC LIII Complex Pyramidal -> MEC LII Stellate -> EC LII III Pyramidal Tripolar -> EC LI II Multipolar Pyramidal -> MEC LIII Bipolar Complex Pyramidal -> MEC LII III Pyramidal Multiform -> MEC LV Multipolar Pyramidal -> MEC LV Superficial Pyramidal -> MEC LV Pyramidal -> DG Granule -> DG Mossy -> DG Hilar Ectopic Granule -> CA3c Pyramidal -> CA2 Pyramidal -> CA3 Pyramidal -> CA3 Granule,,,,140081.01505946854,59832.483204349664,64118.13635121872,35888.41473455351,3.2193782354055913,1.0,31.0,332.0,,,0.02,,,,,,2000.0,0.25
boltzmann_path_sampling,CA2 Pyramidal,19,20,196634.8970374558,196634.8970374558,CA3 Granule,CA2 Pyramidal -> CA3c Pyramidal -> CA1 Pyramidal -> MEC LV VI Pyramidal Polymorphic -> EC LIV VI Deep Multipolar Principal -> LEC LVI Multipolar Pyramidal -> LEC LIII Multipolar Principal -> EC LIII Stellate -> EC LIII Pyramidal Stellate -> MEC LIII Complex Pyramidal -> MEC LII Stellate -> EC LI II Multipolar Pyramidal -> EC LII III Pyramidal Tripolar -> MEC LV Superficial Pyramidal -> MEC LV Pyramidal -> DG Granule -> DG Mossy -> DG Hilar Ectopic Granule -> CA3 Pyramidal -> CA3 Granule,,,,196634.8970374558,84001.1109288943,92565.83298614742,46611.29774006089,2.4900762806675405,0.62,30.0,341.0,,,0.02,,,,,,2000.0,0.25
boltzmann_path_sampling,CA3 Granule,21,22,210108.59701448394,210108.59701448394,CA1 Radiatum Giant,CA3 Granule -> CA3c Pyramidal -> CA1 Pyramidal -> MEC LV VI Pyramidal Polymorphic -> EC LIV VI Deep Multipolar Principal -> MEC LV Multipolar Pyramidal -> EC LV Deep Pyramidal -> LEC LVI Multipolar Pyramidal -> LEC LIII Multipolar Principal -> LEC LIII Complex Pyramidal -> EC LII III Pyramidal Tripolar -> EC LI II Multipolar Pyramidal -> MEC LIII Bipolar Complex Pyramidal -> MEC LIII Complex Pyramidal -> MEC LII Stellate -> MEC LV Pyramidal -> DG Granule -> DG Mossy -> DG Hilar Ectopic Granule -> CA3 Pyramidal -> CA2 Pyramidal -> CA1 Radiatum Giant,,,,210108.59701448394,115782.43789772752,115189.28729223207,42694.64548111356,2.5222632006108534,0.9855,31.0,342.0,,,0.02,,,,,,2000.0,0.25
boltzmann_path_sampling,CA3 Pyramidal,21,22,211265.64131510752,211265.64131510752,DG Hilar Ectopic Granule,CA3 Pyramidal -> CA2 Pyramidal -> CA3 Granule -> CA3c Pyramidal -> CA1 Pyramidal -> MEC LV VI Pyramidal Polymorphic -> EC LIV VI Deep Multipolar Principal -> LEC LVI Multipolar Pyramidal -> LEC LIII Multipolar Principal -> EC LIII Pyramidal -> EC LII III Pyramidal Tripolar -> EC LI II Multipolar Pyramidal -> MEC LIII Bipolar Complex Pyramidal -> MEC LIII Complex Pyramidal -> MEC LII Stellate -> MEC LII Oblique Pyramidal -> MEC LV Superficial Pyramidal -> MEC LV Multipolar Pyramidal -> MEC LV Pyramidal -> DG Granule -> DG Mossy -> DG Hilar Ectopic Granule,,,,211265.64131510752,87458.97680447114,91145.73867689661,45648.069350827405,3.278138685000507,0.5875,30.0,336.0,,,0.02,,,,,,2000.0,0.25
boltzmann_path_sampling,CA3c Pyramidal,21,22,207789.59334826714,207789.59334826714,CA3 Granule,CA3c Pyramidal -> CA1 Pyramidal -> MEC LV VI Pyramidal Polymorphic -> EC LIV VI Deep Multipolar Principal -> LEC LIII Multipolar Principal -> EC LIII Pyramidal -> MEC LIII Complex Pyramidal -> MEC LII Oblique Pyramidal -> EC LIII Pyramidal Stellate -> EC LII III Pyramidal Tripolar -> MEC LII Stellate -> MEC LV Superficial Pyramidal -> EC LI II Multipolar Pyramidal -> MEC LIII Bipolar Complex Pyramidal -> MEC LII III Pyramidal Multiform -> MEC LV Pyramidal -> DG Granule -> DG Mossy -> DG Hilar Ectopic Granule -> CA3 Pyramidal -> CA2 Pyramidal -> CA3 Granule,,,,207789.59334826714,121861.08053867039,130392.92806427713,43437.257032422924,3.1924979539022647,0.818,31.0,339.0,,,0.02,,,,,,2000.0,0.25
boltzmann_path_sampling,DG Granule,23,24,222173.804721568,222173.804721568,CA1 Radiatum Giant,DG Granule -> DG Mossy -> DG Hilar Ectopic Granule -> CA3c Pyramidal -> CA1 Pyramidal -> MEC LV VI Pyramidal Polymorphic -> EC LIV VI Deep Multipolar Principal -> MEC LIII Complex Pyramidal -> EC LIII Pyramidal -> EC LIII Pyramidal Stellate -> MEC LII III Pyramidal Multiform -> MEC LIII Bipolar Complex Pyramidal -> MEC LV Superficial Pyramidal -> EC LI II Pyramidal Fan -> EC LI II Multipolar Pyramidal -> EC LIII Stellate -> LEC LIII Multipolar Principal -> LEC LIII Complex Pyramidal -> EC LII III Pyramidal Tripolar -> MEC LII Stellate -> CA3 Granule -> CA3 Pyramidal -> CA2 Pyramidal -> CA1 Radiatum Giant,,,,222173.804721568,149513.32790052646,162061.32090018713,48336.32558411856,2.7799013389884752,0.8105,31.0,336.0,,,0.02,,,,,,2000.0,0.25
boltzmann_path_sampling,DG Hilar Ectopic Granule,21,22,193667.63833302035,193667.63833302035,DG Semilunar Granule,DG Hilar Ectopic Granule -> CA3c Pyramidal -> CA1 Pyramidal -> LEC LVI Multipolar Pyramidal -> LEC LIII Multipolar Principal -> EC LIII Pyramidal Stellate -> MEC LIII Complex Pyramidal -> MEC LII Stellate -> EC LIV VI Deep Multipolar Principal -> MEC LV VI Pyramidal Polymorphic -> EC LV Deep Pyramidal -> MEC LV Multipolar Pyramidal -> MEC LII III Pyramidal Multiform -> EC LI II Pyramidal Fan -> EC LI II Multipolar Pyramidal -> EC LIII Stellate -> MEC LIII Bipolar Complex Pyramidal -> MEC LV Superficial Pyramidal -> MEC LV Pyramidal -> DG Granule -> DG Mossy -> DG Semilunar Granule,,,,193667.63833302035,59072.715680649686,51221.53266540881,40484.50147683041,2.4923294482547766,0.96,30.0,335.0,,,0.02,,,,,,2000.0,0.25
boltzmann_path_sampling,DG Mossy,17,18,197547.75670058595,197547.75670058595,CA1 Radiatum Giant,DG Mossy -> DG Granule -> DG Hilar Ectopic Granule -> CA3c Pyramidal -> CA1 Pyramidal -> MEC LV VI Pyramidal Polymorphic -> EC LIV VI Deep Multipolar Principal -> LEC LVI Multipolar Pyramidal -> LEC LIII Multipolar Principal -> EC LII III Pyramidal Tripolar -> EC LI II Multipolar Pyramidal -> MEC LIII Bipolar Complex Pyramidal -> MEC LIII Complex Pyramidal -> MEC LII Stellate -> CA3 Granule -> CA3 Pyramidal -> CA2 Pyramidal -> CA1 Radiatum Giant,,,,197547.75670058595,113456.71535620847,122506.48455860025,41460.443668788954,2.7108433562807734,0.9575,30.0,332.0,,,0.02,,,,,,2000.0,0.25
boltzmann_path_sampling,DG Semilunar Granule,16,17,214283.14954410758,214283.14954410758,CA1 Radiatum Giant,DG Semilunar Granule -> DG Granule -> DG Mossy -> DG Hilar Ectopic Granule -> CA3c Pyramidal -> CA1 Pyramidal -> MEC LV VI Pyramidal Polymorphic -> EC LIV VI Deep Multipolar Principal -> LEC LVI Multipolar Pyramidal -> LEC LIII Multipolar Principal -> EC LI II Multipolar Pyramidal -> EC LII III Pyramidal Tripolar -> MEC LII Stellate -> CA3 Granule -> CA3 Pyramidal -> CA2 Pyramidal -> CA1 Radiatum Giant,,,,214283.14954410758,95916.40918098697,106449.1697115348,49998.65672775212,2.859498376391275,0.605,31.0,335.0,,,0.02,,,,,,2000.0,0.25
boltzmann_path_sampling,EC LI II Multipolar Pyramidal,23,24,230443.99498126697,230443.99498126697,CA1 Radiatum Giant,EC LI II Multipolar Pyramidal -> MEC LIII Bipolar Complex Pyramidal -> EC LI II Pyramidal Fan -> MEC LII Stellate -> CA3 Granule -> CA3c Pyramidal -> CA1 Pyramidal -> MEC LV VI Pyramidal Polymorphic -> EC LIV VI Deep Multipolar Principal -> LEC LIII Multipolar Principal -> EC LIII Stellate -> EC LII III Pyramidal Tripolar -> MEC LII III Pyramidal Multiform -> MEC LIII Complex Pyramidal -> MEC LII Oblique Pyramidal -> MEC LV Superficial Pyramidal -> MEC LV Multipolar Pyramidal -> MEC LV Pyramidal -> DG Granule -> DG Mossy -> DG Hilar Ectopic Granule -> CA3 Pyramidal -> CA2 Pyramidal -> CA1 Radiatum Giant,,,,230443.99498126697,110794.2214779549,111985.17992482611,58135.72409124269,3.046536843139152,0.642,31.0,339.0,,,0.02,,,,,,2000.0,0.25
boltzmann_path_sampling,EC LI II Pyramidal Fan,28,29,236690.44493721254,236690.44493721254,CA1 Radiatum Giant,EC LI II Pyramidal Fan -> EC LI II Multipolar Pyramidal -> MEC LIII Bipolar Complex Pyramidal -> MEC LIII Complex Pyramidal -> MEC LII Stellate -> CA3 Granule -> CA3c Pyramidal -> CA1 Pyramidal -> MEC LV VI Pyramidal Polymorphic -> EC LIV VI Deep Multipolar Principal -> LEC LVI Multipolar Pyramidal -> LEC LIII Multipolar Principal -> LEC LIII Complex Pyramidal -> EC LIII V Bipolar Pyramidal -> EC LIII Pyramidal Stellate -> MEC LII III Pyramidal Multiform -> MEC LV Multipolar Pyramidal -> MEC LV Superficial Pyramidal -> EC LII III Pyramidal Tripolar -> EC LIII Stellate -> EC LIII Pyramidal -> EC LV Deep Pyramidal -> MEC LV Pyramidal -> DG Granule -> DG Mossy -> DG Hilar Ectopic Granule -> CA3 Pyramidal -> CA2 Pyramidal -> CA1 Radiatum Giant,,,,236690.44493721254,122474.03883713209,129608.99035483139,62315.57517329676,3.029852377785434,0.6285,31.0,343.0,,,0.02,,,,,,2000.0,0.25
boltzmann_path_sampling,EC LII III Pyramidal Tripolar,25,26,229997.88352585846,229997.88352585846,CA1 Radiatum Giant,EC LII III Pyramidal Tripolar -> EC LI II Multipolar Pyramidal -> MEC LIII Bipolar Complex Pyramidal -> MEC LIII Complex Pyramidal -> MEC LII Stellate -> CA3 Granule -> CA3c Pyramidal -> CA1 Pyramidal -> MEC LV VI Pyramidal Polymorphic -> EC LIV VI Deep Multipolar Principal -> LEC LVI Multipolar Pyramidal -> LEC LIII Multipolar Principal -> LEC LIII Complex Pyramidal -> EC LIII Pyramidal Stellate -> EC LIII Pyramidal -> EC LIII V Bipolar Pyramidal -> EC LV Deep Pyramidal -> MEC LV Multipolar Pyramidal -> MEC LV Superficial Pyramidal -> MEC LV Pyramidal -> DG Granule -> DG Mossy -> DG Hilar Ectopic Granule -> CA3 Pyramidal -> CA2 Pyramidal -> CA1 Radiatum Giant,,,,229997.88352585846,105341.57682201429,108741.96370986327,60588.90411121384,3.0824486241943534,0.642,31.0,334.0,,,0.02,,,,,,2000.0,0.25
boltzmann_path_sampling,EC LIII Pyramidal,24,25,233250.78349071162,233250.78349071162,CA1 Radiatum Giant,EC LIII Pyramidal -> EC LII III Pyramidal Tripolar -> MEC LII Oblique Pyramidal -> MEC LIII Complex Pyramidal -> MEC LII Stellate -> CA3 Granule -> CA3c Pyramidal -> CA1 Pyramidal -> MEC LV VI Pyramidal Polymorphic -> EC LIV VI Deep Multipolar Principal -> EC LIII V Bipolar Pyramidal -> LEC LIII Multipolar Principal -> EC LI II Pyramidal Fan -> EC LI II Multipolar Pyramidal -> MEC LIII Bipolar Complex Pyramidal -> MEC LII III Pyramidal Multiform -> MEC LV Multipolar Pyramidal -> MEC LV Superficial Pyramidal -> MEC LV Pyramidal -> DG Granule -> DG Mossy -> DG Hilar Ectopic Granule -> CA3 Pyramidal -> CA2 Pyramidal -> CA1 Radiatum Giant,,,,233250.78349071162,71250.14065074136,68031.75543225728,49811.51763180801,2.897185645319427,0.682,31.0,332.0,,,0.02,,,,,,2000.0,0.25
boltzmann_path_sampling,EC LIII Pyramidal Stellate,25,26,230083.4855942047,230083.4855942047,CA1 Radiatum Giant,EC LIII Pyramidal Stellate -> LEC LIII Multipolar Principal -> EC LII III Pyramidal Tripolar -> EC LI II Multipolar Pyramidal -> MEC LIII Bipolar Complex Pyramidal -> MEC LIII Complex Pyramidal -> MEC LII Stellate -> CA3 Granule -> CA3c Pyramidal -> CA1 Pyramidal -> MEC LV VI Pyramidal Polymorphic -> EC LIV VI Deep Multipolar Principal -> LEC LVI Multipolar Pyramidal -> EC LV Deep Pyramidal -> EC LIII V Bipolar Pyramidal -> LEC LIII Complex Pyramidal -> EC LIII Stellate -> EC LIII Pyramidal -> MEC LII III Pyramidal Multiform -> MEC LV Pyramidal -> DG Granule -> DG Mossy -> DG Hilar Ectopic Granule -> CA3 Pyramidal -> CA2 Pyramidal -> CA1 Radiatum Giant,,,,230083.4855942047,75976.220281465,73339.69244201729,47308.924422842116,2.8723970902647964,0.7815,31.0,328.0,,,0.02,,,,,,2000.0,0.25
boltzmann_path_sampling,EC LIII Stellate,22,23,230408.71261575096,230408.71261575096,CA1 Radiatum Giant,EC LIII Stellate -> MEC LIII Complex Pyramidal -> MEC LII Stellate -> CA3 Granule -> CA3c Pyramidal -> CA1 Pyramidal -> MEC LV VI Pyramidal Polymorphic -> EC LIV VI Deep Multipolar Principal -> LEC LIII Multipolar Principal -> EC LII III Pyramidal Tripolar -> EC LI II Multipolar Pyramidal -> MEC LIII Bipolar Complex Pyramidal -> MEC LII III Pyramidal Multiform -> MEC LV Multipolar Pyramidal -> MEC LV Superficial Pyramidal -> MEC LV Pyramidal -> DG Granule -> DG Mossy -> DG Semilunar Granule -> DG Hilar Ectopic Granule -> CA3 Pyramidal -> CA2 Pyramidal -> CA1 Radiatum Giant,,,,230408.71261575096,99294.35656995507,103811.41199950408,63486.721105010714,2.9258647006959304,0.651,31.0,336.0,,,0.02,,,,,,2000.0,0.25
boltzmann_path_sampling,EC LIII V Bipolar Pyramidal,23,24,230822.15640101416,230822.15640101416,CA1 Radiatum Giant,EC LIII V Bipolar Pyramidal -> LEC LIII Multipolar Principal -> EC LI II Pyramidal Fan -> EC LI II Multipolar Pyramidal -> EC LIII Stellate -> MEC LIII Complex Pyramidal -> MEC LII Stellate -> CA3 Granule -> CA3c Pyramidal -> CA1 Pyramidal -> MEC LV VI Pyramidal Polymorphic -> EC LIV VI Deep Multipolar Principal -> LEC LVI Multipolar Pyramidal -> EC LIII Pyramidal Stellate -> MEC LIII Bipolar Complex Pyramidal -> MEC LV Superficial Pyramidal -> MEC LV Multipolar Pyramidal -> MEC LV Pyramidal -> DG Granule -> DG Mossy -> DG Hilar Ectopic Granule -> CA3 Pyramidal -> CA2 Pyramidal -> CA1 Radiatum Giant,,,,230822.15640101416,93780.60960347745,93362.45021077707,63472.483090862785,3.074774360955439,0.6745,31.0,330.0,,,0.02,,,,,,2000.0,0.25
boltzmann_path_sampling,EC LIV VI Deep Multipolar Principal,25,26,230578.2055241371,230578.2055241371,CA1 Radiatum Giant,EC LIV VI Deep Multipolar Principal -> LEC LVI Multipolar Pyramidal -> LEC LIII Complex Pyramidal -> EC LI II Pyramidal Fan -> EC LI II Multipolar Pyramidal -> EC LIII Stellate -> MEC LIII Complex Pyramidal -> MEC LII Stellate -> CA3 Granule -> CA3c Pyramidal -> CA1 Pyramidal -> MEC LV VI Pyramidal Polymorphic -> EC LV Deep Pyramidal -> LEC LIII Multipolar Principal -> EC LIII Pyramidal Stellate -> EC LIII Pyramidal -> MEC LV Multipolar Pyramidal -> MEC LIII Bipolar Complex Pyramidal -> MEC LII III Pyramidal Multiform -> MEC LV Pyramidal -> DG Granule -> DG Mossy -> DG Hilar Ectopic Granule -> CA3 Pyramidal -> CA2 Pyramidal -> CA1 Radiatum Giant,,,,230578.2055241371,82985.8723962942,74936.32350619195,62387.30130974154,3.088153458050264,0.765,31.0,332.0,,,0.02,,,,,,2000.0,0.25
boltzmann_path_sampling,EC LV Deep Pyramidal,23,24,229314.4802525722,229314.4802525722,CA1 Radiatum Giant,EC LV Deep Pyramidal -> MEC LV Multipolar Pyramidal -> MEC LV Pyramidal -> DG Granule -> DG Mossy -> DG Hilar Ectopic Granule -> CA3c Pyramidal -> CA1 Pyramidal -> MEC LV VI Pyramidal Polymorphic -> EC LIV VI Deep Multipolar Principal -> LEC LVI Multipolar Pyramidal -> LEC LIII Multipolar Principal -> EC LIII Pyramidal Stellate -> EC LIII Stellate -> EC LII III Pyramidal Tripolar -> EC LI II Multipolar Pyramidal -> MEC LIII Bipolar Complex Pyramidal -> MEC LII III Pyramidal Multiform -> MEC LIII Complex Pyramidal -> MEC LII Stellate -> CA3 Granule -> CA3 Pyramidal -> CA2 Pyramidal -> CA1 Radiatum Giant,,,,229314.4802525722,83155.81285041044,73764.97083513677,63172.808415530395,2.9510651257027942,0.7795,31.0,332.0,,,0.02,,,,,,2000.0,0.25
boltzmann_path_sampling,LEC LIII Complex Pyramidal,29,30,229381.56216298672,229381.56216298672,CA1 Radiatum Giant,LEC LIII Complex Pyramidal -> LEC LIII Multipolar Principal -> EC LI II Pyramidal Fan -> EC LI II Multipolar Pyramidal -> EC LIII Stellate -> MEC LII III Pyramidal Multiform -> MEC LII Oblique Pyramidal -> MEC LIII Complex Pyramidal -> MEC LII Stellate -> CA3 Granule -> CA3c Pyramidal -> CA1 Pyramidal -> LEC LVI Multipolar Pyramidal -> EC LIII Pyramidal Stellate -> EC LII III Pyramidal Tripolar -> EC LIII Pyramidal -> MEC LV VI Pyramidal Polymorphic -> EC LIV VI Deep Multipolar Principal -> EC LV Deep Pyramidal -> EC LIII V Bipolar Pyramidal -> MEC LIII Bipolar Complex Pyramidal -> MEC LV Superficial Pyramidal -> MEC LV Multipolar Pyramidal -> MEC LV Pyramidal -> DG Granule -> DG Mossy -> DG Hilar Ectopic Granule -> CA3 Pyramidal -> CA2 Pyramidal -> CA1 Radiatum Giant,,,,229381.56216298672,92563.11546659593,88100.94363312502,62292.07699668691,2.977742997498963,0.6045,31.0,342.0,,,0.02,,,,,,2000.0,0.25
boltzmann_path_sampling,LEC LIII Multipolar Principal,25,26,231991.45187484106,231991.45187484106,CA1 Radiatum Giant,LEC LIII Multipolar Principal -> LEC LIII Complex Pyramidal -> EC LIII Pyramidal Stellate -> MEC LII III Pyramidal Multiform -> MEC LIII Bipolar Complex Pyramidal -> EC LI II Pyramidal Fan -> EC LI II Multipolar Pyramidal -> EC LII III Pyramidal Tripolar -> MEC LIII Complex Pyramidal -> EC LIII V Bipolar Pyramidal -> MEC LV Superficial Pyramidal -> MEC LII Stellate -> CA3 Granule -> CA3c Pyramidal -> CA1 Pyramidal -> MEC LV VI Pyramidal Polymorphic -> EC LIV VI Deep Multipolar Principal -> LEC LVI Multipolar Pyramidal -> EC LV Deep Pyramidal -> MEC LV Pyramidal -> DG Granule -> DG Mossy -> DG Hilar Ectopic Granule -> CA3 Pyramidal -> CA2 Pyramidal -> CA1 Radiatum Giant,,,,231991.45187484106,89615.1433678026,81141.92787057383,60101.79443644744,2.9489649215173768,0.629,30.0,339.0,,,0.02,,,,,,2000.0,0.25
boltzmann_path_sampling,LEC LVI Multipolar Pyramidal,26,27,229158.10249319152,229158.10249319152,CA1 Radiatum Giant,LEC LVI Multipolar Pyramidal -> LEC LIII Complex Pyramidal -> EC LIII Stellate -> MEC LIII Complex Pyramidal -> MEC LII Stellate -> CA3 Granule -> CA3c Pyramidal -> CA1 Pyramidal -> MEC LV VI Pyramidal Polymorphic -> EC LV Deep Pyramidal -> EC LIV VI Deep Multipolar Principal -> LEC LIII Multipolar Principal -> EC LIII Pyramidal Stellate -> EC LII III Pyramidal Tripolar -> EC LI II Multipolar Pyramidal -> MEC LIII Bipolar Complex Pyramidal -> MEC LII Oblique Pyramidal -> MEC LV Superficial Pyramidal -> MEC LII III Pyramidal Multiform -> MEC LV Multipolar Pyramidal -> MEC LV Pyramidal -> DG Granule -> DG Mossy -> DG Hilar Ectopic Granule -> CA3 Pyramidal -> CA2 Pyramidal -> CA1 Radiatum Giant,,,,229158.10249319152,87578.08021793197,80155.51878941471,60407.399994195795,3.031513621938745,0.6825,31.0,345.0,,,0.02,,,,,,2000.0,0.25
boltzmann_path_sampling,MEC LII III Pyramidal Multiform,27,28,229225.67409035243,229225.67409035243,CA1 Radiatum Giant,MEC LII III Pyramidal Multiform -> MEC LV Superficial Pyramidal -> MEC LIII Complex Pyramidal -> MEC LII Stellate -> CA3 Granule -> CA3c Pyramidal -> CA1 Pyramidal -> MEC LV VI Pyramidal Polymorphic -> EC LIV VI Deep Multipolar Principal -> LEC LIII Multipolar Principal -> EC LII III Pyramidal Tripolar -> EC LI II Multipolar Pyramidal -> MEC LIII Bipolar Complex Pyramidal -> EC LIII Pyramidal Stellate -> LEC LIII Complex Pyramidal -> EC LIII Stellate -> EC LIII Pyramidal -> LEC LVI Multipolar Pyramidal -> EC LV Deep Pyramidal -> EC LIII V Bipolar Pyramidal -> MEC LV Multipolar Pyramidal -> MEC LV Pyramidal -> DG Granule -> DG Mossy -> DG Hilar Ectopic Granule -> CA3 Pyramidal -> CA2 Pyramidal -> CA1 Radiatum Giant,,,,229225.67409035243,101265.11341455096,104895.74202793674,65153.39247244329,2.978664215976183,0.7565,30.0,338.0,,,0.02,,,,,,2000.0,0.25
boltzmann_path_sampling,MEC LII Oblique Pyramidal,26,27,229426.8562197683,229426.8562197683,CA1 Radiatum Giant,MEC LII Oblique Pyramidal -> MEC LIII Complex Pyramidal -> MEC LII Stellate -> CA3 Granule -> CA3c Pyramidal -> CA1 Pyramidal -> MEC LV VI Pyramidal Polymorphic -> EC LIV VI Deep Multipolar Principal -> LEC LVI Multipolar Pyramidal -> LEC LIII Multipolar Principal -> LEC LIII Complex Pyramidal -> EC LIII Stellate -> EC LIII Pyramidal Stellate -> EC LIII Pyramidal -> MEC LV Multipolar Pyramidal -> MEC LII III Pyramidal Multiform -> MEC LV Superficial Pyramidal -> EC LII III Pyramidal Tripolar -> EC LI II Multipolar Pyramidal -> MEC LIII Bipolar Complex Pyramidal -> MEC LV Pyramidal -> DG Granule -> DG Mossy -> DG Hilar Ectopic Granule -> CA3 Pyramidal -> CA2 Pyramidal -> CA1 Radiatum Giant,,,,229426.8562197683,107737.42098002076,116385.65210467472,62984.4697582429,2.9035535350774206,0.806,31.0,339.0,,,0.02,,,,,,2000.0,0.25
boltzmann_path_sampling,MEC LII Stellate,26,27,231788.15078045626,231788.15078045626,CA1 Radiatum Giant,MEC LII Stellate -> CA3 Granule -> CA3c Pyramidal -> CA1 Pyramidal -> MEC LV VI Pyramidal Polymorphic -> EC LIV VI Deep Multipolar Principal -> LEC LIII Multipolar Principal -> EC LIII Stellate -> MEC LIII Bipolar Complex Pyramidal -> EC LI II Pyramidal Fan -> EC LI II Multipolar Pyramidal -> EC LII III Pyramidal Tripolar -> MEC LII III Pyramidal Multiform -> EC LV Deep Pyramidal -> EC LIII V Bipolar Pyramidal -> LEC LIII Complex Pyramidal -> EC LIII Pyramidal Stellate -> MEC LIII Complex Pyramidal -> MEC LII Oblique Pyramidal -> MEC LV Multipolar Pyramidal -> MEC LV Pyramidal -> DG Granule -> DG Mossy -> DG Hilar Ectopic Granule -> CA3 Pyramidal -> CA2 Pyramidal -> CA1 Radiatum Giant,,,,231788.15078045626,121084.46668300027,124138.9572751078,61920.17702574896,3.107103522289939,0.7045,30.0,340.0,,,0.02,,,,,,2000.0,0.25
boltzmann_path_sampling,MEC LIII Bipolar Complex Pyramidal,28,29,228073.06292943584,228073.06292943584,CA1 Radiatum Giant,MEC LIII Bipolar Complex Pyramidal -> MEC LIII Complex Pyramidal -> MEC LII Stellate -> CA3 Granule -> CA3c Pyramidal -> CA1 Pyramidal -> MEC LV VI Pyramidal Polymorphic -> EC LIV VI Deep Multipolar Principal -> EC LIII Pyramidal Stellate -> MEC LII III Pyramidal Multiform -> MEC LV Multipolar Pyramidal -> MEC LV Superficial Pyramidal -> MEC LII Oblique Pyramidal -> EC LIII Pyramidal -> LEC LIII Multipolar Principal -> LEC LIII Complex Pyramidal -> EC LII III Pyramidal Tripolar -> EC LI II Multipolar Pyramidal -> EC LIII Stellate -> EC LIII V Bipolar Pyramidal -> LEC LVI Multipolar Pyramidal -> EC LV Deep Pyramidal -> MEC LV Pyramidal -> DG Granule -> DG Mossy -> DG Hilar Ectopic Granule -> CA3 Pyramidal -> CA2 Pyramidal -> CA1 Radiatum Giant,,,,228073.06292943584,97544.43370683165,109366.21671776906,60964.44173848176,3.0297226172078364,0.719,31.0,338.0,,,0.02,,,,,,2000.0,0.25
boltzmann_path_sampling,MEC LIII Complex Pyramidal,26,27,232404.99227050928,232404.99227050928,CA1 Radiatum Giant,MEC LIII Complex Pyramidal -> MEC LII Stellate -> CA3 Granule -> CA3c Pyramidal -> CA1 Pyramidal -> MEC LV VI Pyramidal Polymorphic -> EC LIV VI Deep Multipolar Principal -> LEC LVI Multipolar Pyramidal -> LEC LIII Complex Pyramidal -> LEC LIII Multipolar Principal -> EC LIII Pyramidal Stellate -> MEC LII III Pyramidal Multiform -> EC LI II Pyramidal Fan -> EC LI II Multipolar Pyramidal -> MEC LIII Bipolar Complex Pyramidal -> MEC LV Superficial Pyramidal -> MEC LII Oblique Pyramidal -> MEC LV Multipolar Pyramidal -> EC LIII V Bipolar Pyramidal -> EC LV Deep Pyramidal -> MEC LV Pyramidal -> DG Granule -> DG Mossy -> DG Hilar Ectopic Granule -> CA3 Pyramidal -> CA2 Pyramidal -> CA1 Radiatum Giant,,,,232404.99227050928,106583.83968810686,116017.93068557183,63361.988103538504,2.97713557928324,0.6865,31.0,338.0,,,0.02,,,,,,2000.0,0.25
boltzmann_path_sampling,MEC LV Multipolar Pyramidal,24,25,232591.82164337015,232591.82164337015,CA1 Radiatum Giant,MEC LV Multipolar Pyramidal -> MEC LIII Complex Pyramidal -> EC LI II Pyramidal Fan -> EC LI II Multipolar Pyramidal -> EC LII III Pyramidal Tripolar -> MEC LII Stellate -> CA3 Granule -> CA3c Pyramidal -> CA1 Pyramidal -> MEC LV VI Pyramidal Polymorphic -> EC LIV VI Deep Multipolar Principal -> LEC LVI Multipolar Pyramidal -> LEC LIII Multipolar Principal -> LEC LIII Complex Pyramidal -> EC LIII Stellate -> MEC LII III Pyramidal Multiform -> MEC LIII Bipolar Complex Pyramidal -> MEC LV Superficial Pyramidal -> MEC LV Pyramidal -> DG Granule -> DG Mossy -> DG Hilar Ectopic Granule -> CA3 Pyramidal -> CA2 Pyramidal -> CA1 Radiatum Giant,,,,232591.82164337015,103623.38218845864,111229.50572327021,64064.282607074,3.0365048480914916,0.692,31.0,336.0,,,0.02,,,,,,2000.0,0.25
boltzmann_path_sampling,MEC LV Pyramidal,20,21,231903.17784851734,231903.17784851734,CA1 Radiatum Giant,MEC LV Pyramidal -> DG Granule -> DG Mossy -> DG Semilunar Granule -> DG Hilar Ectopic Granule -> CA3c Pyramidal -> CA1 Pyramidal -> MEC LV VI Pyramidal Polymorphic -> EC LIV VI Deep Multipolar Principal -> EC LIII V Bipolar Pyramidal -> LEC LIII Multipolar Principal -> EC LI II Pyramidal Fan -> EC LI II Multipolar Pyramidal -> EC LIII Stellate -> MEC LIII Bipolar Complex Pyramidal -> MEC LIII Complex Pyramidal -> MEC LII Stellate -> CA3 Granule -> CA3 Pyramidal -> CA2 Pyramidal -> CA1 Radiatum Giant,,,,231903.17784851734,130809.71393392369,150289.50321569975,63895.24391498266,2.9608896641081377,0.6645,31.0,334.0,,,0.02,,,,,,2000.0,0.25
boltzmann_path_sampling,MEC LV Superficial Pyramidal,21,22,228667.6825536405,228667.6825536405,CA1 Radiatum Giant,MEC LV Superficial Pyramidal -> MEC LIII Complex Pyramidal -> MEC LII Stellate -> CA3 Granule -> CA3c Pyramidal -> CA1 Pyramidal -> MEC LV VI Pyramidal Polymorphic -> EC LIV VI Deep Multipolar Principal -> LEC LIII Multipolar Principal -> LEC LIII Complex Pyramidal -> EC LII III Pyramidal Tripolar -> EC LI II Multipolar Pyramidal -> MEC LIII Bipolar Complex Pyramidal -> MEC LII III Pyramidal Multiform -> MEC LV Multipolar Pyramidal -> MEC LV Pyramidal -> DG Granule -> DG Mossy -> DG Hilar Ectopic Granule -> CA3 Pyramidal -> CA2 Pyramidal -> CA1 Radiatum Giant,,,,228667.6825536405,103756.6981685771,111070.4271200381,63962.73440069731,3.099360092484486,0.685,31.0,335.0,,,0.02,,,,,,2000.0,0.25
boltzmann_path_sampling,MEC LV VI Pyramidal Polymorphic,26,27,227552.32123978078,227552.32123978078,CA1 Radiatum Giant,MEC LV VI Pyramidal Polymorphic -> EC LIV VI Deep Multipolar Principal -> MEC LV Multipolar Pyramidal -> MEC LIII Complex Pyramidal -> MEC LII Stellate -> CA3 Granule -> CA3c Pyramidal -> CA1 Pyramidal -> LEC LVI Multipolar Pyramidal -> LEC LIII Multipolar Principal -> LEC LIII Complex Pyramidal -> EC LIII Pyramidal Stellate -> MEC LIII Bipolar Complex Pyramidal -> MEC LV Superficial Pyramidal -> EC LI II Pyramidal Fan -> EC LI II Multipolar Pyramidal -> EC LIII Stellate -> EC LIII Pyramidal -> EC LIII V Bipolar Pyramidal -> EC LV Deep Pyramidal -> MEC LV Pyramidal -> DG Granule -> DG Mossy -> DG Hilar Ectopic Granule -> CA3 Pyramidal -> CA2 Pyramidal -> CA1 Radiatum Giant,,,,227552.32123978078,90295.66073782778,86516.45565623867,62699.160852517176,2.9281029485560097,0.983,31.0,334.0,,,0.02,,,,,,2000.0,0.25
boltzmann_path_sampling,SUB CA1 Projecting Pyramidal,21,22,140824.45183423354,140824.45183423354,CA3 Granule,SUB CA1 Projecting Pyramidal -> CA1 Pyramidal -> LEC LVI Multipolar Pyramidal -> LEC LIII Multipolar Principal -> EC LIII V Bipolar Pyramidal -> MEC LIII Complex Pyramidal -> EC LI II Pyramidal Fan -> EC LI II Multipolar Pyramidal -> MEC LIII Bipolar Complex Pyramidal -> MEC LII Stellate -> MEC LV VI Pyramidal Polymorphic -> EC LIV VI Deep Multipolar Principal -> EC LV Deep Pyramidal -> MEC LV Multipolar Pyramidal -> MEC LV Pyramidal -> DG Granule -> DG Mossy -> DG Hilar Ectopic Granule -> CA3c Pyramidal -> CA2 Pyramidal -> CA3 Pyramidal -> CA3 Granule,,,,140824.45183423354,65711.18784522636,67909.57395120857,35051.15355283599,2.8598380001904,0.9835,31.0,326.0,,,0.02,,,,,,2000.0,0.25
