table_type,method,seed,terminal,count,probability
terminal_distribution,weighted_random_walk_ensemble,CA1 Pyramidal,CA1 Radiatum Giant,878,0.439
terminal_distribution,weighted_random_walk_ensemble,CA1 Pyramidal,CA3 Granule,155,0.0775
terminal_distribution,weighted_random_walk_ensemble,CA1 Pyramidal,LEC LIII Complex Pyramidal,23,0.0115
terminal_distribution,weighted_random_walk_ensemble,CA1 Pyramidal,MEC LV VI Pyramidal Polymorphic,97,0.0485
terminal_distribution,weighted_random_walk_ensemble,CA1 Pyramidal,MEC LIII Complex Pyramidal,38,0.019
terminal_distribution,weighted_random_walk_ensemble,CA1 Pyramidal,LEC LIII Multipolar Principal,44,0.022
terminal_distribution,weighted_random_walk_ensemble,CA1 Pyramidal,CA2 Pyramidal,35,0.0175
terminal_distribution,weighted_random_walk_ensemble,CA1 Pyramidal,DG Mossy,29,0.0145
terminal_distribution,weighted_random_walk_ensemble,CA1 Pyramidal,MEC LIII Bipolar Complex Pyramidal,34,0.017
terminal_distribution,weighted_random_walk_ensemble,CA1 Pyramidal,DG Hilar Ectopic Granule,63,0.0315
terminal_distribution,weighted_random_walk_ensemble,CA1 Pyramidal,EC LIV VI Deep Multipolar Principal,54,0.027
terminal_distribution,weighted_random_walk_ensemble,CA1 Pyramidal,DG Granule,54,0.027
terminal_distribution,weighted_random_walk_ensemble,CA1 Pyramidal,SUB CA1 Projecting Pyramidal,22,0.011
terminal_distribution,weighted_random_walk_ensemble,CA1 Pyramidal,EC LII III Pyramidal Tripolar,37,0.0185
terminal_distribution,weighted_random_walk_ensemble,CA1 Pyramidal,MEC LV Multipolar Pyramidal,27,0.0135
terminal_distribution,weighted_random_walk_ensemble,CA1 Pyramidal,EC LIII Pyramidal Stellate,34,0.017
terminal_distribution,weighted_random_walk_ensemble,CA1 Pyramidal,CA3 Pyramidal,28,0.014
terminal_distribution,weighted_random_walk_ensemble,CA1 Pyramidal,EC LI II Multipolar Pyramidal,17,0.0085
terminal_distribution,weighted_random_walk_ensemble,CA1 Pyramidal,DG Semilunar Granule,21,0.0105
terminal_distribution,weighted_random_walk_ensemble,CA1 Pyramidal,EC LIII V Bipolar Pyramidal,25,0.0125
terminal_distribution,weighted_random_walk_ensemble,CA1 Pyramidal,EC LV Deep Pyramidal,36,0.018
terminal_distribution,weighted_random_walk_ensemble,CA1 Pyramidal,CA3c Pyramidal,36,0.018
terminal_distribution,weighted_random_walk_ensemble,CA1 Pyramidal,MEC LII Stellate,33,0.0165
terminal_distribution,weighted_random_walk_ensemble,CA1 Pyramidal,EC LIII Pyramidal,15,0.0075
terminal_distribution,weighted_random_walk_ensemble,CA1 Pyramidal,MEC LII III Pyramidal Multiform,23,0.0115
terminal_distribution,weighted_random_walk_ensemble,CA1 Pyramidal,EC LIII Stellate,22,0.011
terminal_distribution,weighted_random_walk_ensemble,CA1 Pyramidal,MEC LII Oblique Pyramidal,27,0.0135
terminal_distribution,weighted_random_walk_ensemble,CA1 Pyramidal,MEC LV Pyramidal,32,0.016
terminal_distribution,weighted_random_walk_ensemble,CA1 Pyramidal,LEC LVI Multipolar Pyramidal,42,0.021
terminal_distribution,weighted_random_walk_ensemble,CA1 Pyramidal,EC LI II Pyramidal Fan,3,0.0015
terminal_distribution,weighted_random_walk_ensemble,CA1 Pyramidal,MEC LV Superficial Pyramidal,16,0.008
terminal_distribution,weighted_random_walk_ensemble,CA1 Radiatum Giant,EC LII III Pyramidal Tripolar,22,0.011
terminal_distribution,weighted_random_walk_ensemble,CA1 Radiatum Giant,EC LI II Multipolar Pyramidal,23,0.0115
terminal_distribution,weighted_random_walk_ensemble,CA1 Radiatum Giant,SUB CA1 Projecting Pyramidal,531,0.2655
terminal_distribution,weighted_random_walk_ensemble,CA1 Radiatum Giant,DG Semilunar Granule,27,0.0135
terminal_distribution,weighted_random_walk_ensemble,CA1 Radiatum Giant,CA3 Pyramidal,201,0.1005
terminal_distribution,weighted_random_walk_ensemble,CA1 Radiatum Giant,LEC LIII Multipolar Principal,27,0.0135
terminal_distribution,weighted_random_walk_ensemble,CA1 Radiatum Giant,MEC LV Multipolar Pyramidal,27,0.0135
terminal_distribution,weighted_random_walk_ensemble,CA1 Radiatum Giant,CA3 Granule,211,0.1055
terminal_distribution,weighted_random_walk_ensemble,CA1 Radiatum Giant,LEC LVI Multipolar Pyramidal,48,0.024
terminal_distribution,weighted_random_walk_ensemble,CA1 Radiatum Giant,EC LIII Pyramidal Stellate,40,0.02
terminal_distribution,weighted_random_walk_ensemble,CA1 Radiatum Giant,MEC LII III Pyramidal Multiform,24,0.012
terminal_distribution,weighted_random_walk_ensemble,CA1 Radiatum Giant,DG Granule,67,0.0335
terminal_distribution,weighted_random_walk_ensemble,CA1 Radiatum Giant,CA1 Pyramidal,88,0.044
terminal_distribution,weighted_random_walk_ensemble,CA1 Radiatum Giant,CA3c Pyramidal,31,0.0155
terminal_distribution,weighted_random_walk_ensemble,CA1 Radiatum Giant,MEC LV Superficial Pyramidal,16,0.008
terminal_distribution,weighted_random_walk_ensemble,CA1 Radiatum Giant,MEC LV VI Pyramidal Polymorphic,100,0.05
terminal_distribution,weighted_random_walk_ensemble,CA1 Radiatum Giant,EC LIV VI Deep Multipolar Principal,48,0.024
terminal_distribution,weighted_random_walk_ensemble,CA1 Radiatum Giant,MEC LIII Complex Pyramidal,55,0.0275
terminal_distribution,weighted_random_walk_ensemble,CA1 Radiatum Giant,DG Mossy,40,0.02
terminal_distribution,weighted_random_walk_ensemble,CA1 Radiatum Giant,EC LV Deep Pyramidal,41,0.0205
terminal_distribution,weighted_random_walk_ensemble,CA1 Radiatum Giant,EC LIII V Bipolar Pyramidal,36,0.018
terminal_distribution,weighted_random_walk_ensemble,CA1 Radiatum Giant,CA2 Pyramidal,62,0.031
terminal_distribution,weighted_random_walk_ensemble,CA1 Radiatum Giant,LEC LIII Complex Pyramidal,21,0.0105
terminal_distribution,weighted_random_walk_ensemble,CA1 Radiatum Giant,MEC LIII Bipolar Complex Pyramidal,29,0.0145
terminal_distribution,weighted_random_walk_ensemble,CA1 Radiatum Giant,MEC LV Pyramidal,25,0.0125
terminal_distribution,weighted_random_walk_ensemble,CA1 Radiatum Giant,MEC LII Oblique Pyramidal,19,0.0095
terminal_distribution,weighted_random_walk_ensemble,CA1 Radiatum Giant,MEC LII Stellate,17,0.0085
terminal_distribution,weighted_random_walk_ensemble,CA1 Radiatum Giant,DG Hilar Ectopic Granule,68,0.034
terminal_distribution,weighted_random_walk_ensemble,CA1 Radiatum Giant,EC LIII Stellate,35,0.0175
terminal_distribution,weighted_random_walk_ensemble,CA1 Radiatum Giant,EC LIII Pyramidal,15,0.0075
terminal_distribution,weighted_random_walk_ensemble,CA1 Radiatum Giant,EC LI II Pyramidal Fan,6,0.003
terminal_distribution,weighted_random_walk_ensemble,CA2 Pyramidal,LEC LIII Multipolar Principal,32,0.016
terminal_distribution,weighted_random_walk_ensemble,CA2 Pyramidal,CA1 Radiatum Giant,717,0.3585
terminal_distribution,weighted_random_walk_ensemble,CA2 Pyramidal,EC LIII V Bipolar Pyramidal,23,0.0115
terminal_distribution,weighted_random_walk_ensemble,CA2 Pyramidal,DG Mossy,64,0.032
terminal_distribution,weighted_random_walk_ensemble,CA2 Pyramidal,MEC LIII Complex Pyramidal,43,0.0215
terminal_distribution,weighted_random_walk_ensemble,CA2 Pyramidal,EC LIII Stellate,26,0.013
terminal_distribution,weighted_random_walk_ensemble,CA2 Pyramidal,CA1 Pyramidal,81,0.0405
terminal_distribution,weighted_random_walk_ensemble,CA2 Pyramidal,EC LV Deep Pyramidal,37,0.0185
terminal_distribution,weighted_random_walk_ensemble,CA2 Pyramidal,LEC LVI Multipolar Pyramidal,33,0.0165
terminal_distribution,weighted_random_walk_ensemble,CA2 Pyramidal,CA3c Pyramidal,69,0.0345
terminal_distribution,weighted_random_walk_ensemble,CA2 Pyramidal,MEC LV VI Pyramidal Polymorphic,106,0.053
terminal_distribution,weighted_random_walk_ensemble,CA2 Pyramidal,EC LIII Pyramidal,29,0.0145
terminal_distribution,weighted_random_walk_ensemble,CA2 Pyramidal,MEC LII Oblique Pyramidal,13,0.0065
terminal_distribution,weighted_random_walk_ensemble,CA2 Pyramidal,MEC LV Multipolar Pyramidal,27,0.0135
terminal_distribution,weighted_random_walk_ensemble,CA2 Pyramidal,DG Hilar Ectopic Granule,79,0.0395
terminal_distribution,weighted_random_walk_ensemble,CA2 Pyramidal,MEC LII III Pyramidal Multiform,26,0.013
terminal_distribution,weighted_random_walk_ensemble,CA2 Pyramidal,CA3 Granule,176,0.088
terminal_distribution,weighted_random_walk_ensemble,CA2 Pyramidal,MEC LII Stellate,20,0.01
terminal_distribution,weighted_random_walk_ensemble,CA2 Pyramidal,DG Granule,72,0.036
terminal_distribution,weighted_random_walk_ensemble,CA2 Pyramidal,CA3 Pyramidal,49,0.0245
terminal_distribution,weighted_random_walk_ensemble,CA2 Pyramidal,EC LII III Pyramidal Tripolar,21,0.0105
terminal_distribution,weighted_random_walk_ensemble,CA2 Pyramidal,MEC LV Superficial Pyramidal,21,0.0105
terminal_distribution,weighted_random_walk_ensemble,CA2 Pyramidal,MEC LV Pyramidal,30,0.015
terminal_distribution,weighted_random_walk_ensemble,CA2 Pyramidal,SUB CA1 Projecting Pyramidal,44,0.022
terminal_distribution,weighted_random_walk_ensemble,CA2 Pyramidal,EC LIV VI Deep Multipolar Principal,38,0.019
terminal_distribution,weighted_random_walk_ensemble,CA2 Pyramidal,EC LI II Multipolar Pyramidal,20,0.01
terminal_distribution,weighted_random_walk_ensemble,CA2 Pyramidal,MEC LIII Bipolar Complex Pyramidal,32,0.016
terminal_distribution,weighted_random_walk_ensemble,CA2 Pyramidal,DG Semilunar Granule,27,0.0135
terminal_distribution,weighted_random_walk_ensemble,CA2 Pyramidal,LEC LIII Complex Pyramidal,21,0.0105
terminal_distribution,weighted_random_walk_ensemble,CA2 Pyramidal,EC LIII Pyramidal Stellate,23,0.0115
terminal_distribution,weighted_random_walk_ensemble,CA2 Pyramidal,EC LI II Pyramidal Fan,1,0.0005
terminal_distribution,weighted_random_walk_ensemble,CA3 Granule,CA3 Pyramidal,78,0.039
terminal_distribution,weighted_random_walk_ensemble,CA3 Granule,MEC LV VI Pyramidal Polymorphic,126,0.063
terminal_distribution,weighted_random_walk_ensemble,CA3 Granule,CA2 Pyramidal,48,0.024
terminal_distribution,weighted_random_walk_ensemble,CA3 Granule,EC LIII Pyramidal,23,0.0115
terminal_distribution,weighted_random_walk_ensemble,CA3 Granule,DG Granule,88,0.044
terminal_distribution,weighted_random_walk_ensemble,CA3 Granule,CA1 Radiatum Giant,726,0.363
terminal_distribution,weighted_random_walk_ensemble,CA3 Granule,EC LIII Pyramidal Stellate,33,0.0165
terminal_distribution,weighted_random_walk_ensemble,CA3 Granule,LEC LIII Complex Pyramidal,33,0.0165
terminal_distribution,weighted_random_walk_ensemble,CA3 Granule,DG Hilar Ectopic Granule,76,0.038
terminal_distribution,weighted_random_walk_ensemble,CA3 Granule,MEC LV Pyramidal,30,0.015
terminal_distribution,weighted_random_walk_ensemble,CA3 Granule,MEC LIII Complex Pyramidal,42,0.021
terminal_distribution,weighted_random_walk_ensemble,CA3 Granule,MEC LV Multipolar Pyramidal,38,0.019
terminal_distribution,weighted_random_walk_ensemble,CA3 Granule,CA3c Pyramidal,75,0.0375
terminal_distribution,weighted_random_walk_ensemble,CA3 Granule,EC LI II Multipolar Pyramidal,25,0.0125
terminal_distribution,weighted_random_walk_ensemble,CA3 Granule,EC LV Deep Pyramidal,44,0.022
terminal_distribution,weighted_random_walk_ensemble,CA3 Granule,SUB CA1 Projecting Pyramidal,27,0.0135
terminal_distribution,weighted_random_walk_ensemble,CA3 Granule,LEC LIII Multipolar Principal,36,0.018
terminal_distribution,weighted_random_walk_ensemble,CA3 Granule,CA1 Pyramidal,88,0.044
terminal_distribution,weighted_random_walk_ensemble,CA3 Granule,MEC LIII Bipolar Complex Pyramidal,34,0.017
terminal_distribution,weighted_random_walk_ensemble,CA3 Granule,EC LIII Stellate,24,0.012
terminal_distribution,weighted_random_walk_ensemble,CA3 Granule,EC LIV VI Deep Multipolar Principal,43,0.0215
terminal_distribution,weighted_random_walk_ensemble,CA3 Granule,MEC LII III Pyramidal Multiform,20,0.01
terminal_distribution,weighted_random_walk_ensemble,CA3 Granule,LEC LVI Multipolar Pyramidal,36,0.018
terminal_distribution,weighted_random_walk_ensemble,CA3 Granule,DG Semilunar Granule,34,0.017
terminal_distribution,weighted_random_walk_ensemble,CA3 Granule,EC LII III Pyramidal Tripolar,24,0.012
terminal_distribution,weighted_random_walk_ensemble,CA3 Granule,DG Mossy,44,0.022
terminal_distribution,weighted_random_walk_ensemble,CA3 Granule,EC LIII V Bipolar Pyramidal,35,0.0175
terminal_distribution,weighted_random_walk_ensemble,CA3 Granule,MEC LII Oblique Pyramidal,21,0.0105
terminal_distribution,weighted_random_walk_ensemble,CA3 Granule,MEC LII Stellate,31,0.0155
terminal_distribution,weighted_random_walk_ensemble,CA3 Granule,MEC LV Superficial Pyramidal,14,0.007
terminal_distribution,weighted_random_walk_ensemble,CA3 Granule,EC LI II Pyramidal Fan,4,0.002
terminal_distribution,weighted_random_walk_ensemble,CA3 Pyramidal,MEC LII Stellate,23,0.0115
terminal_distribution,weighted_random_walk_ensemble,CA3 Pyramidal,DG Hilar Ectopic Granule,200,0.1
terminal_distribution,weighted_random_walk_ensemble,CA3 Pyramidal,EC LIII V Bipolar Pyramidal,20,0.01
terminal_distribution,weighted_random_walk_ensemble,CA3 Pyramidal,CA1 Radiatum Giant,520,0.26
terminal_distribution,weighted_random_walk_ensemble,CA3 Pyramidal,DG Semilunar Granule,82,0.041
terminal_distribution,weighted_random_walk_ensemble,CA3 Pyramidal,CA1 Pyramidal,92,0.046
terminal_distribution,weighted_random_walk_ensemble,CA3 Pyramidal,LEC LIII Multipolar Principal,30,0.015
terminal_distribution,weighted_random_walk_ensemble,CA3 Pyramidal,MEC LIII Complex Pyramidal,37,0.0185
terminal_distribution,weighted_random_walk_ensemble,CA3 Pyramidal,CA3c Pyramidal,63,0.0315
terminal_distribution,weighted_random_walk_ensemble,CA3 Pyramidal,CA3 Granule,211,0.1055
terminal_distribution,weighted_random_walk_ensemble,CA3 Pyramidal,MEC LV VI Pyramidal Polymorphic,99,0.0495
terminal_distribution,weighted_random_walk_ensemble,CA3 Pyramidal,EC LIII Pyramidal Stellate,31,0.0155
terminal_distribution,weighted_random_walk_ensemble,CA3 Pyramidal,MEC LV Pyramidal,27,0.0135
terminal_distribution,weighted_random_walk_ensemble,CA3 Pyramidal,MEC LV Multipolar Pyramidal,27,0.0135
terminal_distribution,weighted_random_walk_ensemble,CA3 Pyramidal,CA2 Pyramidal,48,0.024
terminal_distribution,weighted_random_walk_ensemble,CA3 Pyramidal,EC LV Deep Pyramidal,45,0.0225
terminal_distribution,weighted_random_walk_ensemble,CA3 Pyramidal,SUB CA1 Projecting Pyramidal,35,0.0175
terminal_distribution,weighted_random_walk_ensemble,CA3 Pyramidal,MEC LIII Bipolar Complex Pyramidal,30,0.015
terminal_distribution,weighted_random_walk_ensemble,CA3 Pyramidal,DG Granule,105,0.0525
terminal_distribution,weighted_random_walk_ensemble,CA3 Pyramidal,LEC LIII Complex Pyramidal,18,0.009
terminal_distribution,weighted_random_walk_ensemble,CA3 Pyramidal,EC LIV VI Deep Multipolar Principal,35,0.0175
terminal_distribution,weighted_random_walk_ensemble,CA3 Pyramidal,MEC LV Superficial Pyramidal,25,0.0125
terminal_distribution,weighted_random_walk_ensemble,CA3 Pyramidal,EC LIII Pyramidal,18,0.009
terminal_distribution,weighted_random_walk_ensemble,CA3 Pyramidal,LEC LVI Multipolar Pyramidal,39,0.0195
terminal_distribution,weighted_random_walk_ensemble,CA3 Pyramidal,EC LI II Multipolar Pyramidal,12,0.006
terminal_distribution,weighted_random_walk_ensemble,CA3 Pyramidal,EC LIII Stellate,19,0.0095
terminal_distribution,weighted_random_walk_ensemble,CA3 Pyramidal,MEC LII Oblique Pyramidal,16,0.008
terminal_distribution,weighted_random_walk_ensemble,CA3 Pyramidal,DG Mossy,44,0.022
terminal_distribution,weighted_random_walk_ensemble,CA3 Pyramidal,EC LII III Pyramidal Tripolar,21,0.0105
terminal_distribution,weighted_random_walk_ensemble,CA3 Pyramidal,MEC LII III Pyramidal Multiform,28,0.014
terminal_distribution,weighted_random_walk_ensemble,CA3c Pyramidal,CA1 Radiatum Giant,520,0.26
terminal_distribution,weighted_random_walk_ensemble,CA3c Pyramidal,DG Granule,94,0.047
terminal_distribution,weighted_random_walk_ensemble,CA3c Pyramidal,MEC LII Oblique Pyramidal,17,0.0085
terminal_distribution,weighted_random_walk_ensemble,CA3c Pyramidal,DG Mossy,51,0.0255
terminal_distribution,weighted_random_walk_ensemble,CA3c Pyramidal,DG Hilar Ectopic Granule,147,0.0735
terminal_distribution,weighted_random_walk_ensemble,CA3c Pyramidal,CA3 Granule,358,0.179
terminal_distribution,weighted_random_walk_ensemble,CA3c Pyramidal,MEC LV VI Pyramidal Polymorphic,94,0.047
terminal_distribution,weighted_random_walk_ensemble,CA3c Pyramidal,LEC LVI Multipolar Pyramidal,38,0.019
terminal_distribution,weighted_random_walk_ensemble,CA3c Pyramidal,CA1 Pyramidal,105,0.0525
terminal_distribution,weighted_random_walk_ensemble,CA3c Pyramidal,LEC LIII Complex Pyramidal,26,0.013
terminal_distribution,weighted_random_walk_ensemble,CA3c Pyramidal,EC LIV VI Deep Multipolar Principal,32,0.016
terminal_distribution,weighted_random_walk_ensemble,CA3c Pyramidal,MEC LIII Complex Pyramidal,44,0.022
terminal_distribution,weighted_random_walk_ensemble,CA3c Pyramidal,CA2 Pyramidal,38,0.019
terminal_distribution,weighted_random_walk_ensemble,CA3c Pyramidal,CA3 Pyramidal,42,0.021
terminal_distribution,weighted_random_walk_ensemble,CA3c Pyramidal,LEC LIII Multipolar Principal,36,0.018
terminal_distribution,weighted_random_walk_ensemble,CA3c Pyramidal,EC LIII V Bipolar Pyramidal,32,0.016
terminal_distribution,weighted_random_walk_ensemble,CA3c Pyramidal,EC LIII Stellate,21,0.0105
terminal_distribution,weighted_random_walk_ensemble,CA3c Pyramidal,EC LIII Pyramidal,17,0.0085
terminal_distribution,weighted_random_walk_ensemble,CA3c Pyramidal,SUB CA1 Projecting Pyramidal,27,0.0135
terminal_distribution,weighted_random_walk_ensemble,CA3c Pyramidal,MEC LV Multipolar Pyramidal,28,0.014
terminal_distribution,weighted_random_walk_ensemble,CA3c Pyramidal,MEC LV Superficial Pyramidal,20,0.01
terminal_distribution,weighted_random_walk_ensemble,CA3c Pyramidal,EC LII III Pyramidal Tripolar,20,0.01
terminal_distribution,weighted_random_walk_ensemble,CA3c Pyramidal,EC LI II Multipolar Pyramidal,20,0.01
terminal_distribution,weighted_random_walk_ensemble,CA3c Pyramidal,EC LV Deep Pyramidal,40,0.02
terminal_distribution,weighted_random_walk_ensemble,CA3c Pyramidal,MEC LII Stellate,21,0.0105
terminal_distribution,weighted_random_walk_ensemble,CA3c Pyramidal,MEC LIII Bipolar Complex Pyramidal,19,0.0095
terminal_distribution,weighted_random_walk_ensemble,CA3c Pyramidal,MEC LV Pyramidal,22,0.011
terminal_distribution,weighted_random_walk_ensemble,CA3c Pyramidal,MEC LII III Pyramidal Multiform,24,0.012
terminal_distribution,weighted_random_walk_ensemble,CA3c Pyramidal,EC LIII Pyramidal Stellate,35,0.0175
terminal_distribution,weighted_random_walk_ensemble,CA3c Pyramidal,DG Semilunar Granule,11,0.0055
terminal_distribution,weighted_random_walk_ensemble,CA3c Pyramidal,EC LI II Pyramidal Fan,1,0.0005
terminal_distribution,weighted_random_walk_ensemble,DG Granule,CA1 Radiatum Giant,699,0.3495
terminal_distribution,weighted_random_walk_ensemble,DG Granule,DG Mossy,101,0.0505
terminal_distribution,weighted_random_walk_ensemble,DG Granule,DG Hilar Ectopic Granule,104,0.052
terminal_distribution,weighted_random_walk_ensemble,DG Granule,EC LV Deep Pyramidal,45,0.0225
terminal_distribution,weighted_random_walk_ensemble,DG Granule,MEC LV VI Pyramidal Polymorphic,105,0.0525
terminal_distribution,weighted_random_walk_ensemble,DG Granule,MEC LII III Pyramidal Multiform,26,0.013
terminal_distribution,weighted_random_walk_ensemble,DG Granule,SUB CA1 Projecting Pyramidal,37,0.0185
terminal_distribution,weighted_random_walk_ensemble,DG Granule,LEC LVI Multipolar Pyramidal,47,0.0235
terminal_distribution,weighted_random_walk_ensemble,DG Granule,MEC LII Oblique Pyramidal,15,0.0075
terminal_distribution,weighted_random_walk_ensemble,DG Granule,CA3c Pyramidal,80,0.04
terminal_distribution,weighted_random_walk_ensemble,DG Granule,MEC LV Pyramidal,18,0.009
terminal_distribution,weighted_random_walk_ensemble,DG Granule,EC LII III Pyramidal Tripolar,24,0.012
terminal_distribution,weighted_random_walk_ensemble,DG Granule,LEC LIII Complex Pyramidal,24,0.012
terminal_distribution,weighted_random_walk_ensemble,DG Granule,EC LIII Stellate,33,0.0165
terminal_distribution,weighted_random_walk_ensemble,DG Granule,CA3 Granule,116,0.058
terminal_distribution,weighted_random_walk_ensemble,DG Granule,MEC LIII Complex Pyramidal,35,0.0175
terminal_distribution,weighted_random_walk_ensemble,DG Granule,EC LIII V Bipolar Pyramidal,34,0.017
terminal_distribution,weighted_random_walk_ensemble,DG Granule,CA1 Pyramidal,86,0.043
terminal_distribution,weighted_random_walk_ensemble,DG Granule,MEC LV Multipolar Pyramidal,29,0.0145
terminal_distribution,weighted_random_walk_ensemble,DG Granule,LEC LIII Multipolar Principal,39,0.0195
terminal_distribution,weighted_random_walk_ensemble,DG Granule,CA2 Pyramidal,43,0.0215
terminal_distribution,weighted_random_walk_ensemble,DG Granule,MEC LIII Bipolar Complex Pyramidal,30,0.015
terminal_distribution,weighted_random_walk_ensemble,DG Granule,MEC LII Stellate,28,0.014
terminal_distribution,weighted_random_walk_ensemble,DG Granule,CA3 Pyramidal,43,0.0215
terminal_distribution,weighted_random_walk_ensemble,DG Granule,DG Semilunar Granule,29,0.0145
terminal_distribution,weighted_random_walk_ensemble,DG Granule,EC LIII Pyramidal Stellate,33,0.0165
terminal_distribution,weighted_random_walk_ensemble,DG Granule,EC LI II Multipolar Pyramidal,17,0.0085
terminal_distribution,weighted_random_walk_ensemble,DG Granule,EC LIV VI Deep Multipolar Principal,33,0.0165
terminal_distribution,weighted_random_walk_ensemble,DG Granule,MEC LV Superficial Pyramidal,24,0.012
terminal_distribution,weighted_random_walk_ensemble,DG Granule,EC LIII Pyramidal,21,0.0105
terminal_distribution,weighted_random_walk_ensemble,DG Granule,EC LI II Pyramidal Fan,2,0.001
terminal_distribution,weighted_random_walk_ensemble,DG Hilar Ectopic Granule,MEC LII III Pyramidal Multiform,24,0.012
terminal_distribution,weighted_random_walk_ensemble,DG Hilar Ectopic Granule,LEC LIII Multipolar Principal,34,0.017
terminal_distribution,weighted_random_walk_ensemble,DG Hilar Ectopic Granule,EC LIII Stellate,32,0.016
terminal_distribution,weighted_random_walk_ensemble,DG Hilar Ectopic Granule,CA1 Pyramidal,83,0.0415
terminal_distribution,weighted_random_walk_ensemble,DG Hilar Ectopic Granule,DG Mossy,96,0.048
terminal_distribution,weighted_random_walk_ensemble,DG Hilar Ectopic Granule,CA1 Radiatum Giant,724,0.362
terminal_distribution,weighted_random_walk_ensemble,DG Hilar Ectopic Granule,DG Granule,94,0.047
terminal_distribution,weighted_random_walk_ensemble,DG Hilar Ectopic Granule,MEC LV VI Pyramidal Polymorphic,99,0.0495
terminal_distribution,weighted_random_walk_ensemble,DG Hilar Ectopic Granule,EC LI II Multipolar Pyramidal,23,0.0115
terminal_distribution,weighted_random_walk_ensemble,DG Hilar Ectopic Granule,EC LIII V Bipolar Pyramidal,36,0.018
terminal_distribution,weighted_random_walk_ensemble,DG Hilar Ectopic Granule,SUB CA1 Projecting Pyramidal,39,0.0195
terminal_distribution,weighted_random_walk_ensemble,DG Hilar Ectopic Granule,CA3 Granule,105,0.0525
terminal_distribution,weighted_random_walk_ensemble,DG Hilar Ectopic Granule,MEC LV Multipolar Pyramidal,34,0.017
terminal_distribution,weighted_random_walk_ensemble,DG Hilar Ectopic Granule,CA3 Pyramidal,34,0.017
terminal_distribution,weighted_random_walk_ensemble,DG Hilar Ectopic Granule,EC LII III Pyramidal Tripolar,30,0.015
terminal_distribution,weighted_random_walk_ensemble,DG Hilar Ectopic Granule,CA2 Pyramidal,79,0.0395
terminal_distribution,weighted_random_walk_ensemble,DG Hilar Ectopic Granule,CA3c Pyramidal,56,0.028
terminal_distribution,weighted_random_walk_ensemble,DG Hilar Ectopic Granule,MEC LII Oblique Pyramidal,24,0.012
terminal_distribution,weighted_random_walk_ensemble,DG Hilar Ectopic Granule,LEC LVI Multipolar Pyramidal,34,0.017
terminal_distribution,weighted_random_walk_ensemble,DG Hilar Ectopic Granule,MEC LV Superficial Pyramidal,25,0.0125
terminal_distribution,weighted_random_walk_ensemble,DG Hilar Ectopic Granule,EC LIV VI Deep Multipolar Principal,32,0.016
terminal_distribution,weighted_random_walk_ensemble,DG Hilar Ectopic Granule,DG Semilunar Granule,27,0.0135
terminal_distribution,weighted_random_walk_ensemble,DG Hilar Ectopic Granule,EC LIII Pyramidal Stellate,33,0.0165
terminal_distribution,weighted_random_walk_ensemble,DG Hilar Ectopic Granule,LEC LIII Complex Pyramidal,29,0.0145
terminal_distribution,weighted_random_walk_ensemble,DG Hilar Ectopic Granule,MEC LIII Bipolar Complex Pyramidal,22,0.011
terminal_distribution,weighted_random_walk_ensemble,DG Hilar Ectopic Granule,MEC LV Pyramidal,19,0.0095
terminal_distribution,weighted_random_walk_ensemble,DG Hilar Ectopic Granule,EC LV Deep Pyramidal,34,0.017
terminal_distribution,weighted_random_walk_ensemble,DG Hilar Ectopic Granule,EC LIII Pyramidal,27,0.0135
terminal_distribution,weighted_random_walk_ensemble,DG Hilar Ectopic Granule,MEC LII Stellate,26,0.013
terminal_distribution,weighted_random_walk_ensemble,DG Hilar Ectopic Granule,MEC LIII Complex Pyramidal,45,0.0225
terminal_distribution,weighted_random_walk_ensemble,DG Hilar Ectopic Granule,EC LI II Pyramidal Fan,1,0.0005
terminal_distribution,weighted_random_walk_ensemble,DG Mossy,CA3c Pyramidal,80,0.04
terminal_distribution,weighted_random_walk_ensemble,DG Mossy,CA1 Radiatum Giant,686,0.343
terminal_distribution,weighted_random_walk_ensemble,DG Mossy,MEC LIII Complex Pyramidal,37,0.0185
terminal_distribution,weighted_random_walk_ensemble,DG Mossy,DG Hilar Ectopic Granule,89,0.0445
terminal_distribution,weighted_random_walk_ensemble,DG Mossy,MEC LII Stellate,21,0.0105
terminal_distribution,weighted_random_walk_ensemble,DG Mossy,LEC LIII Complex Pyramidal,24,0.012
terminal_distribution,weighted_random_walk_ensemble,DG Mossy,MEC LII III Pyramidal Multiform,26,0.013
terminal_distribution,weighted_random_walk_ensemble,DG Mossy,CA3 Pyramidal,46,0.023
terminal_distribution,weighted_random_walk_ensemble,DG Mossy,CA2 Pyramidal,68,0.034
terminal_distribution,weighted_random_walk_ensemble,DG Mossy,MEC LV VI Pyramidal Polymorphic,110,0.055
terminal_distribution,weighted_random_walk_ensemble,DG Mossy,SUB CA1 Projecting Pyramidal,30,0.015
terminal_distribution,weighted_random_walk_ensemble,DG Mossy,MEC LV Pyramidal,24,0.012
terminal_distribution,weighted_random_walk_ensemble,DG Mossy,DG Granule,76,0.038
terminal_distribution,weighted_random_walk_ensemble,DG Mossy,CA3 Granule,222,0.111
terminal_distribution,weighted_random_walk_ensemble,DG Mossy,EC LII III Pyramidal Tripolar,32,0.016
terminal_distribution,weighted_random_walk_ensemble,DG Mossy,EC LIII V Bipolar Pyramidal,35,0.0175
terminal_distribution,weighted_random_walk_ensemble,DG Mossy,EC LIII Pyramidal Stellate,23,0.0115
terminal_distribution,weighted_random_walk_ensemble,DG Mossy,CA1 Pyramidal,104,0.052
terminal_distribution,weighted_random_walk_ensemble,DG Mossy,LEC LIII Multipolar Principal,24,0.012
terminal_distribution,weighted_random_walk_ensemble,DG Mossy,LEC LVI Multipolar Pyramidal,25,0.0125
terminal_distribution,weighted_random_walk_ensemble,DG Mossy,EC LV Deep Pyramidal,42,0.021
terminal_distribution,weighted_random_walk_ensemble,DG Mossy,MEC LIII Bipolar Complex Pyramidal,26,0.013
terminal_distribution,weighted_random_walk_ensemble,DG Mossy,MEC LV Multipolar Pyramidal,26,0.013
terminal_distribution,weighted_random_walk_ensemble,DG Mossy,EC LIV VI Deep Multipolar Principal,37,0.0185
terminal_distribution,weighted_random_walk_ensemble,DG Mossy,DG Semilunar Granule,6,0.003
terminal_distribution,weighted_random_walk_ensemble,DG Mossy,MEC LV Superficial Pyramidal,14,0.007
terminal_distribution,weighted_random_walk_ensemble,DG Mossy,EC LIII Pyramidal,21,0.0105
terminal_distribution,weighted_random_walk_ensemble,DG Mossy,EC LIII Stellate,22,0.011
terminal_distribution,weighted_random_walk_ensemble,DG Mossy,EC LI II Multipolar Pyramidal,11,0.0055
terminal_distribution,weighted_random_walk_ensemble,DG Mossy,EC LI II Pyramidal Fan,2,0.001
terminal_distribution,weighted_random_walk_ensemble,DG Mossy,MEC LII Oblique Pyramidal,11,0.0055
terminal_distribution,weighted_random_walk_ensemble,DG Semilunar Granule,EC LI II Multipolar Pyramidal,26,0.013
terminal_distribution,weighted_random_walk_ensemble,DG Semilunar Granule,EC LIV VI Deep Multipolar Principal,48,0.024
terminal_distribution,weighted_random_walk_ensemble,DG Semilunar Granule,EC LV Deep Pyramidal,29,0.0145
terminal_distribution,weighted_random_walk_ensemble,DG Semilunar Granule,CA3c Pyramidal,67,0.0335
terminal_distribution,weighted_random_walk_ensemble,DG Semilunar Granule,MEC LV VI Pyramidal Polymorphic,101,0.0505
terminal_distribution,weighted_random_walk_ensemble,DG Semilunar Granule,CA1 Radiatum Giant,612,0.306
terminal_distribution,weighted_random_walk_ensemble,DG Semilunar Granule,CA3 Granule,145,0.0725
terminal_distribution,weighted_random_walk_ensemble,DG Semilunar Granule,EC LIII V Bipolar Pyramidal,35,0.0175
terminal_distribution,weighted_random_walk_ensemble,DG Semilunar Granule,DG Granule,89,0.0445
terminal_distribution,weighted_random_walk_ensemble,DG Semilunar Granule,CA1 Pyramidal,81,0.0405
terminal_distribution,weighted_random_walk_ensemble,DG Semilunar Granule,DG Mossy,136,0.068
terminal_distribution,weighted_random_walk_ensemble,DG Semilunar Granule,EC LIII Pyramidal,20,0.01
terminal_distribution,weighted_random_walk_ensemble,DG Semilunar Granule,DG Hilar Ectopic Granule,98,0.049
terminal_distribution,weighted_random_walk_ensemble,DG Semilunar Granule,MEC LV Superficial Pyramidal,25,0.0125
terminal_distribution,weighted_random_walk_ensemble,DG Semilunar Granule,LEC LIII Complex Pyramidal,23,0.0115
terminal_distribution,weighted_random_walk_ensemble,DG Semilunar Granule,CA3 Pyramidal,46,0.023
terminal_distribution,weighted_random_walk_ensemble,DG Semilunar Granule,MEC LV Multipolar Pyramidal,34,0.017
terminal_distribution,weighted_random_walk_ensemble,DG Semilunar Granule,MEC LV Pyramidal,14,0.007
terminal_distribution,weighted_random_walk_ensemble,DG Semilunar Granule,LEC LIII Multipolar Principal,28,0.014
terminal_distribution,weighted_random_walk_ensemble,DG Semilunar Granule,EC LII III Pyramidal Tripolar,16,0.008
terminal_distribution,weighted_random_walk_ensemble,DG Semilunar Granule,MEC LII Stellate,31,0.0155
terminal_distribution,weighted_random_walk_ensemble,DG Semilunar Granule,LEC LVI Multipolar Pyramidal,37,0.0185
terminal_distribution,weighted_random_walk_ensemble,DG Semilunar Granule,SUB CA1 Projecting Pyramidal,41,0.0205
terminal_distribution,weighted_random_walk_ensemble,DG Semilunar Granule,EC LIII Stellate,32,0.016
terminal_distribution,weighted_random_walk_ensemble,DG Semilunar Granule,MEC LIII Bipolar Complex Pyramidal,24,0.012
terminal_distribution,weighted_random_walk_ensemble,DG Semilunar Granule,EC LIII Pyramidal Stellate,38,0.019
terminal_distribution,weighted_random_walk_ensemble,DG Semilunar Granule,MEC LIII Complex Pyramidal,43,0.0215
terminal_distribution,weighted_random_walk_ensemble,DG Semilunar Granule,MEC LII Oblique Pyramidal,14,0.007
terminal_distribution,weighted_random_walk_ensemble,DG Semilunar Granule,CA2 Pyramidal,47,0.0235
terminal_distribution,weighted_random_walk_ensemble,DG Semilunar Granule,MEC LII III Pyramidal Multiform,16,0.008
terminal_distribution,weighted_random_walk_ensemble,DG Semilunar Granule,EC LI II Pyramidal Fan,4,0.002
terminal_distribution,weighted_random_walk_ensemble,EC LI II Multipolar Pyramidal,DG Semilunar Granule,22,0.011
terminal_distribution,weighted_random_walk_ensemble,EC LI II Multipolar Pyramidal,MEC LV Multipolar Pyramidal,46,0.023
terminal_distribution,weighted_random_walk_ensemble,EC LI II Multipolar Pyramidal,CA2 Pyramidal,37,0.0185
terminal_distribution,weighted_random_walk_ensemble,EC LI II Multipolar Pyramidal,CA1 Radiatum Giant,568,0.284
terminal_distribution,weighted_random_walk_ensemble,EC LI II Multipolar Pyramidal,MEC LII III Pyramidal Multiform,31,0.0155
terminal_distribution,weighted_random_walk_ensemble,EC LI II Multipolar Pyramidal,MEC LV VI Pyramidal Polymorphic,142,0.071
terminal_distribution,weighted_random_walk_ensemble,EC LI II Multipolar Pyramidal,MEC LIII Bipolar Complex Pyramidal,43,0.0215
terminal_distribution,weighted_random_walk_ensemble,EC LI II Multipolar Pyramidal,CA1 Pyramidal,83,0.0415
terminal_distribution,weighted_random_walk_ensemble,EC LI II Multipolar Pyramidal,LEC LIII Multipolar Principal,46,0.023
terminal_distribution,weighted_random_walk_ensemble,EC LI II Multipolar Pyramidal,DG Granule,68,0.034
terminal_distribution,weighted_random_walk_ensemble,EC LI II Multipolar Pyramidal,MEC LII Oblique Pyramidal,44,0.022
terminal_distribution,weighted_random_walk_ensemble,EC LI II Multipolar Pyramidal,EC LIV VI Deep Multipolar Principal,64,0.032
terminal_distribution,weighted_random_walk_ensemble,EC LI II Multipolar Pyramidal,MEC LV Superficial Pyramidal,38,0.019
terminal_distribution,weighted_random_walk_ensemble,EC LI II Multipolar Pyramidal,CA3 Pyramidal,42,0.021
terminal_distribution,weighted_random_walk_ensemble,EC LI II Multipolar Pyramidal,MEC LII Stellate,45,0.0225
terminal_distribution,weighted_random_walk_ensemble,EC LI II Multipolar Pyramidal,CA3 Granule,106,0.053
terminal_distribution,weighted_random_walk_ensemble,EC LI II Multipolar Pyramidal,LEC LVI Multipolar Pyramidal,39,0.0195
terminal_distribution,weighted_random_walk_ensemble,EC LI II Multipolar Pyramidal,EC LII III Pyramidal Tripolar,37,0.0185
terminal_distribution,weighted_random_walk_ensemble,EC LI II Multipolar Pyramidal,EC LIII Pyramidal,33,0.0165
terminal_distribution,weighted_random_walk_ensemble,EC LI II Multipolar Pyramidal,CA3c Pyramidal,34,0.017
terminal_distribution,weighted_random_walk_ensemble,EC LI II Multipolar Pyramidal,MEC LV Pyramidal,30,0.015
terminal_distribution,weighted_random_walk_ensemble,EC LI II Multipolar Pyramidal,DG Hilar Ectopic Granule,49,0.0245
terminal_distribution,weighted_random_walk_ensemble,EC LI II Multipolar Pyramidal,EC LIII Pyramidal Stellate,53,0.0265
terminal_distribution,weighted_random_walk_ensemble,EC LI II Multipolar Pyramidal,EC LIII Stellate,53,0.0265
terminal_distribution,weighted_random_walk_ensemble,EC LI II Multipolar Pyramidal,EC LIII V Bipolar Pyramidal,27,0.0135
terminal_distribution,weighted_random_walk_ensemble,EC LI II Multipolar Pyramidal,MEC LIII Complex Pyramidal,54,0.027
terminal_distribution,weighted_random_walk_ensemble,EC LI II Multipolar Pyramidal,LEC LIII Complex Pyramidal,41,0.0205
terminal_distribution,weighted_random_walk_ensemble,EC LI II Multipolar Pyramidal,EC LV Deep Pyramidal,50,0.025
terminal_distribution,weighted_random_walk_ensemble,EC LI II Multipolar Pyramidal,SUB CA1 Projecting Pyramidal,37,0.0185
terminal_distribution,weighted_random_walk_ensemble,EC LI II Multipolar Pyramidal,EC LI II Pyramidal Fan,5,0.0025
terminal_distribution,weighted_random_walk_ensemble,EC LI II Multipolar Pyramidal,DG Mossy,33,0.0165
terminal_distribution,weighted_random_walk_ensemble,EC LI II Pyramidal Fan,SUB CA1 Projecting Pyramidal,30,0.015
terminal_distribution,weighted_random_walk_ensemble,EC LI II Pyramidal Fan,CA1 Radiatum Giant,599,0.2995
terminal_distribution,weighted_random_walk_ensemble,EC LI II Pyramidal Fan,LEC LIII Multipolar Principal,57,0.0285
terminal_distribution,weighted_random_walk_ensemble,EC LI II Pyramidal Fan,EC LIII Pyramidal,32,0.016
terminal_distribution,weighted_random_walk_ensemble,EC LI II Pyramidal Fan,EC LV Deep Pyramidal,46,0.023
terminal_distribution,weighted_random_walk_ensemble,EC LI II Pyramidal Fan,LEC LIII Complex Pyramidal,33,0.0165
terminal_distribution,weighted_random_walk_ensemble,EC LI II Pyramidal Fan,CA3 Granule,106,0.053
terminal_distribution,weighted_random_walk_ensemble,EC LI II Pyramidal Fan,DG Mossy,49,0.0245
terminal_distribution,weighted_random_walk_ensemble,EC LI II Pyramidal Fan,MEC LIII Complex Pyramidal,57,0.0285
terminal_distribution,weighted_random_walk_ensemble,EC LI II Pyramidal Fan,CA3c Pyramidal,57,0.0285
terminal_distribution,weighted_random_walk_ensemble,EC LI II Pyramidal Fan,CA3 Pyramidal,28,0.014
terminal_distribution,weighted_random_walk_ensemble,EC LI II Pyramidal Fan,EC LIII Stellate,43,0.0215
terminal_distribution,weighted_random_walk_ensemble,EC LI II Pyramidal Fan,DG Semilunar Granule,37,0.0185
terminal_distribution,weighted_random_walk_ensemble,EC LI II Pyramidal Fan,MEC LV Superficial Pyramidal,36,0.018
terminal_distribution,weighted_random_walk_ensemble,EC LI II Pyramidal Fan,LEC LVI Multipolar Pyramidal,38,0.019
terminal_distribution,weighted_random_walk_ensemble,EC LI II Pyramidal Fan,EC LIII V Bipolar Pyramidal,42,0.021
terminal_distribution,weighted_random_walk_ensemble,EC LI II Pyramidal Fan,EC LIV VI Deep Multipolar Principal,53,0.0265
terminal_distribution,weighted_random_walk_ensemble,EC LI II Pyramidal Fan,DG Hilar Ectopic Granule,57,0.0285
terminal_distribution,weighted_random_walk_ensemble,EC LI II Pyramidal Fan,MEC LV VI Pyramidal Polymorphic,125,0.0625
terminal_distribution,weighted_random_walk_ensemble,EC LI II Pyramidal Fan,DG Granule,58,0.029
terminal_distribution,weighted_random_walk_ensemble,EC LI II Pyramidal Fan,CA1 Pyramidal,75,0.0375
terminal_distribution,weighted_random_walk_ensemble,EC LI II Pyramidal Fan,MEC LV Pyramidal,22,0.011
terminal_distribution,weighted_random_walk_ensemble,EC LI II Pyramidal Fan,EC LIII Pyramidal Stellate,40,0.02
terminal_distribution,weighted_random_walk_ensemble,EC LI II Pyramidal Fan,MEC LIII Bipolar Complex Pyramidal,34,0.017
terminal_distribution,weighted_random_walk_ensemble,EC LI II Pyramidal Fan,MEC LV Multipolar Pyramidal,37,0.0185
terminal_distribution,weighted_random_walk_ensemble,EC LI II Pyramidal Fan,EC LI II Multipolar Pyramidal,45,0.0225
terminal_distribution,weighted_random_walk_ensemble,EC LI II Pyramidal Fan,EC LII III Pyramidal Tripolar,29,0.0145
terminal_distribution,weighted_random_walk_ensemble,EC LI II Pyramidal Fan,CA2 Pyramidal,49,0.0245
terminal_distribution,weighted_random_walk_ensemble,EC LI II Pyramidal Fan,MEC LII Oblique Pyramidal,20,0.01
terminal_distribution,weighted_random_walk_ensemble,EC LI II Pyramidal Fan,MEC LII III Pyramidal Multiform,29,0.0145
terminal_distribution,weighted_random_walk_ensemble,EC LI II Pyramidal Fan,MEC LII Stellate,37,0.0185
terminal_distribution,weighted_random_walk_ensemble,EC LII III Pyramidal Tripolar,CA1 Pyramidal,76,0.038
terminal_distribution,weighted_random_walk_ensemble,EC LII III Pyramidal Tripolar,DG Granule,63,0.0315
terminal_distribution,weighted_random_walk_ensemble,EC LII III Pyramidal Tripolar,CA1 Radiatum Giant,589,0.2945
terminal_distribution,weighted_random_walk_ensemble,EC LII III Pyramidal Tripolar,MEC LIII Complex Pyramidal,61,0.0305
terminal_distribution,weighted_random_walk_ensemble,EC LII III Pyramidal Tripolar,MEC LV Multipolar Pyramidal,36,0.018
terminal_distribution,weighted_random_walk_ensemble,EC LII III Pyramidal Tripolar,CA3c Pyramidal,47,0.0235
terminal_distribution,weighted_random_walk_ensemble,EC LII III Pyramidal Tripolar,MEC LV Pyramidal,38,0.019
terminal_distribution,weighted_random_walk_ensemble,EC LII III Pyramidal Tripolar,EC LI II Pyramidal Fan,4,0.002
terminal_distribution,weighted_random_walk_ensemble,EC LII III Pyramidal Tripolar,CA2 Pyramidal,30,0.015
terminal_distribution,weighted_random_walk_ensemble,EC LII III Pyramidal Tripolar,MEC LV VI Pyramidal Polymorphic,135,0.0675
terminal_distribution,weighted_random_walk_ensemble,EC LII III Pyramidal Tripolar,EC LIII Stellate,55,0.0275
terminal_distribution,weighted_random_walk_ensemble,EC LII III Pyramidal Tripolar,EC LIII V Bipolar Pyramidal,43,0.0215
terminal_distribution,weighted_random_walk_ensemble,EC LII III Pyramidal Tripolar,CA3 Granule,111,0.0555
terminal_distribution,weighted_random_walk_ensemble,EC LII III Pyramidal Tripolar,LEC LIII Complex Pyramidal,33,0.0165
terminal_distribution,weighted_random_walk_ensemble,EC LII III Pyramidal Tripolar,DG Mossy,51,0.0255
terminal_distribution,weighted_random_walk_ensemble,EC LII III Pyramidal Tripolar,LEC LVI Multipolar Pyramidal,36,0.018
terminal_distribution,weighted_random_walk_ensemble,EC LII III Pyramidal Tripolar,MEC LII Stellate,51,0.0255
terminal_distribution,weighted_random_walk_ensemble,EC LII III Pyramidal Tripolar,DG Hilar Ectopic Granule,55,0.0275
terminal_distribution,weighted_random_walk_ensemble,EC LII III Pyramidal Tripolar,MEC LIII Bipolar Complex Pyramidal,33,0.0165
terminal_distribution,weighted_random_walk_ensemble,EC LII III Pyramidal Tripolar,EC LV Deep Pyramidal,47,0.0235
terminal_distribution,weighted_random_walk_ensemble,EC LII III Pyramidal Tripolar,LEC LIII Multipolar Principal,47,0.0235
terminal_distribution,weighted_random_walk_ensemble,EC LII III Pyramidal Tripolar,MEC LII III Pyramidal Multiform,45,0.0225
terminal_distribution,weighted_random_walk_ensemble,EC LII III Pyramidal Tripolar,EC LIV VI Deep Multipolar Principal,46,0.023
terminal_distribution,weighted_random_walk_ensemble,EC LII III Pyramidal Tripolar,EC LIII Pyramidal,40,0.02
terminal_distribution,weighted_random_walk_ensemble,EC LII III Pyramidal Tripolar,MEC LII Oblique Pyramidal,25,0.0125
terminal_distribution,weighted_random_walk_ensemble,EC LII III Pyramidal Tripolar,EC LIII Pyramidal Stellate,51,0.0255
terminal_distribution,weighted_random_walk_ensemble,EC LII III Pyramidal Tripolar,MEC LV Superficial Pyramidal,31,0.0155
terminal_distribution,weighted_random_walk_ensemble,EC LII III Pyramidal Tripolar,DG Semilunar Granule,25,0.0125
terminal_distribution,weighted_random_walk_ensemble,EC LII III Pyramidal Tripolar,EC LI II Multipolar Pyramidal,41,0.0205
terminal_distribution,weighted_random_walk_ensemble,EC LII III Pyramidal Tripolar,SUB CA1 Projecting Pyramidal,28,0.014
terminal_distribution,weighted_random_walk_ensemble,EC LII III Pyramidal Tripolar,CA3 Pyramidal,27,0.0135
terminal_distribution,weighted_random_walk_ensemble,EC LIII Pyramidal,CA1 Radiatum Giant,660,0.33
terminal_distribution,weighted_random_walk_ensemble,EC LIII Pyramidal,MEC LV VI Pyramidal Polymorphic,118,0.059
terminal_distribution,weighted_random_walk_ensemble,EC LIII Pyramidal,MEC LIII Complex Pyramidal,45,0.0225
terminal_distribution,weighted_random_walk_ensemble,EC LIII Pyramidal,SUB CA1 Projecting Pyramidal,33,0.0165
terminal_distribution,weighted_random_walk_ensemble,EC LIII Pyramidal,LEC LIII Complex Pyramidal,44,0.022
terminal_distribution,weighted_random_walk_ensemble,EC LIII Pyramidal,DG Mossy,36,0.018
terminal_distribution,weighted_random_walk_ensemble,EC LIII Pyramidal,EC LIV VI Deep Multipolar Principal,49,0.0245
terminal_distribution,weighted_random_walk_ensemble,EC LIII Pyramidal,EC LIII Stellate,45,0.0225
terminal_distribution,weighted_random_walk_ensemble,EC LIII Pyramidal,LEC LVI Multipolar Pyramidal,50,0.025
terminal_distribution,weighted_random_walk_ensemble,EC LIII Pyramidal,EC LV Deep Pyramidal,55,0.0275
terminal_distribution,weighted_random_walk_ensemble,EC LIII Pyramidal,MEC LV Superficial Pyramidal,31,0.0155
terminal_distribution,weighted_random_walk_ensemble,EC LIII Pyramidal,DG Hilar Ectopic Granule,57,0.0285
terminal_distribution,weighted_random_walk_ensemble,EC LIII Pyramidal,DG Granule,64,0.032
terminal_distribution,weighted_random_walk_ensemble,EC LIII Pyramidal,MEC LIII Bipolar Complex Pyramidal,36,0.018
terminal_distribution,weighted_random_walk_ensemble,EC LIII Pyramidal,MEC LII Stellate,31,0.0155
terminal_distribution,weighted_random_walk_ensemble,EC LIII Pyramidal,MEC LII Oblique Pyramidal,24,0.012
terminal_distribution,weighted_random_walk_ensemble,EC LIII Pyramidal,MEC LII III Pyramidal Multiform,36,0.018
terminal_distribution,weighted_random_walk_ensemble,EC LIII Pyramidal,EC LIII V Bipolar Pyramidal,47,0.0235
terminal_distribution,weighted_random_walk_ensemble,EC LIII Pyramidal,CA3 Granule,121,0.0605
terminal_distribution,weighted_random_walk_ensemble,EC LIII Pyramidal,CA3c Pyramidal,31,0.0155
terminal_distribution,weighted_random_walk_ensemble,EC LIII Pyramidal,DG Semilunar Granule,19,0.0095
terminal_distribution,weighted_random_walk_ensemble,EC LIII Pyramidal,MEC LV Pyramidal,33,0.0165
terminal_distribution,weighted_random_walk_ensemble,EC LIII Pyramidal,MEC LV Multipolar Pyramidal,42,0.021
terminal_distribution,weighted_random_walk_ensemble,EC LIII Pyramidal,LEC LIII Multipolar Principal,39,0.0195
terminal_distribution,weighted_random_walk_ensemble,EC LIII Pyramidal,CA1 Pyramidal,73,0.0365
terminal_distribution,weighted_random_walk_ensemble,EC LIII Pyramidal,EC LI II Multipolar Pyramidal,29,0.0145
terminal_distribution,weighted_random_walk_ensemble,EC LIII Pyramidal,EC LIII Pyramidal Stellate,52,0.026
terminal_distribution,weighted_random_walk_ensemble,EC LIII Pyramidal,CA2 Pyramidal,31,0.0155
terminal_distribution,weighted_random_walk_ensemble,EC LIII Pyramidal,CA3 Pyramidal,25,0.0125
terminal_distribution,weighted_random_walk_ensemble,EC LIII Pyramidal,EC LII III Pyramidal Tripolar,41,0.0205
terminal_distribution,weighted_random_walk_ensemble,EC LIII Pyramidal,EC LI II Pyramidal Fan,3,0.0015
terminal_distribution,weighted_random_walk_ensemble,EC LIII Pyramidal Stellate,MEC LV VI Pyramidal Polymorphic,134,0.067
terminal_distribution,weighted_random_walk_ensemble,EC LIII Pyramidal Stellate,CA1 Radiatum Giant,633,0.3165
terminal_distribution,weighted_random_walk_ensemble,EC LIII Pyramidal Stellate,DG Granule,58,0.029
terminal_distribution,weighted_random_walk_ensemble,EC LIII Pyramidal Stellate,SUB CA1 Projecting Pyramidal,44,0.022
terminal_distribution,weighted_random_walk_ensemble,EC LIII Pyramidal Stellate,EC LII III Pyramidal Tripolar,37,0.0185
terminal_distribution,weighted_random_walk_ensemble,EC LIII Pyramidal Stellate,CA3 Granule,159,0.0795
terminal_distribution,weighted_random_walk_ensemble,EC LIII Pyramidal Stellate,LEC LVI Multipolar Pyramidal,59,0.0295
terminal_distribution,weighted_random_walk_ensemble,EC LIII Pyramidal Stellate,CA3 Pyramidal,38,0.019
terminal_distribution,weighted_random_walk_ensemble,EC LIII Pyramidal Stellate,DG Mossy,40,0.02
terminal_distribution,weighted_random_walk_ensemble,EC LIII Pyramidal Stellate,EC LIII Stellate,32,0.016
terminal_distribution,weighted_random_walk_ensemble,EC LIII Pyramidal Stellate,CA1 Pyramidal,74,0.037
terminal_distribution,weighted_random_walk_ensemble,EC LIII Pyramidal Stellate,LEC LIII Multipolar Principal,53,0.0265
terminal_distribution,weighted_random_walk_ensemble,EC LIII Pyramidal Stellate,EC LV Deep Pyramidal,49,0.0245
terminal_distribution,weighted_random_walk_ensemble,EC LIII Pyramidal Stellate,EC LIV VI Deep Multipolar Principal,54,0.027
terminal_distribution,weighted_random_walk_ensemble,EC LIII Pyramidal Stellate,MEC LV Pyramidal,22,0.011
terminal_distribution,weighted_random_walk_ensemble,EC LIII Pyramidal Stellate,LEC LIII Complex Pyramidal,25,0.0125
terminal_distribution,weighted_random_walk_ensemble,EC LIII Pyramidal Stellate,DG Hilar Ectopic Granule,64,0.032
terminal_distribution,weighted_random_walk_ensemble,EC LIII Pyramidal Stellate,MEC LV Multipolar Pyramidal,37,0.0185
terminal_distribution,weighted_random_walk_ensemble,EC LIII Pyramidal Stellate,MEC LII Oblique Pyramidal,21,0.0105
terminal_distribution,weighted_random_walk_ensemble,EC LIII Pyramidal Stellate,MEC LV Superficial Pyramidal,22,0.011
terminal_distribution,weighted_random_walk_ensemble,EC LIII Pyramidal Stellate,MEC LII Stellate,32,0.016
terminal_distribution,weighted_random_walk_ensemble,EC LIII Pyramidal Stellate,CA2 Pyramidal,28,0.014
terminal_distribution,weighted_random_walk_ensemble,EC LIII Pyramidal Stellate,EC LIII Pyramidal,40,0.02
terminal_distribution,weighted_random_walk_ensemble,EC LIII Pyramidal Stellate,EC LI II Multipolar Pyramidal,26,0.013
terminal_distribution,weighted_random_walk_ensemble,EC LIII Pyramidal Stellate,MEC LIII Bipolar Complex Pyramidal,33,0.0165
terminal_distribution,weighted_random_walk_ensemble,EC LIII Pyramidal Stellate,MEC LII III Pyramidal Multiform,29,0.0145
terminal_distribution,weighted_random_walk_ensemble,EC LIII Pyramidal Stellate,DG Semilunar Granule,19,0.0095
terminal_distribution,weighted_random_walk_ensemble,EC LIII Pyramidal Stellate,CA3c Pyramidal,35,0.0175
terminal_distribution,weighted_random_walk_ensemble,EC LIII Pyramidal Stellate,MEC LIII Complex Pyramidal,60,0.03
terminal_distribution,weighted_random_walk_ensemble,EC LIII Pyramidal Stellate,EC LIII V Bipolar Pyramidal,42,0.021
terminal_distribution,weighted_random_walk_ensemble,EC LIII Pyramidal Stellate,EC LI II Pyramidal Fan,1,0.0005
terminal_distribution,weighted_random_walk_ensemble,EC LIII Stellate,CA3 Granule,110,0.055
terminal_distribution,weighted_random_walk_ensemble,EC LIII Stellate,EC LIII Pyramidal,40,0.02
terminal_distribution,weighted_random_walk_ensemble,EC LIII Stellate,CA1 Radiatum Giant,623,0.3115
terminal_distribution,weighted_random_walk_ensemble,EC LIII Stellate,EC LI II Pyramidal Fan,6,0.003
terminal_distribution,weighted_random_walk_ensemble,EC LIII Stellate,SUB CA1 Projecting Pyramidal,35,0.0175
terminal_distribution,weighted_random_walk_ensemble,EC LIII Stellate,CA3c Pyramidal,44,0.022
terminal_distribution,weighted_random_walk_ensemble,EC LIII Stellate,EC LV Deep Pyramidal,49,0.0245
terminal_distribution,weighted_random_walk_ensemble,EC LIII Stellate,MEC LV Superficial Pyramidal,39,0.0195
terminal_distribution,weighted_random_walk_ensemble,EC LIII Stellate,DG Hilar Ectopic Granule,53,0.0265
terminal_distribution,weighted_random_walk_ensemble,EC LIII Stellate,CA3 Pyramidal,39,0.0195
terminal_distribution,weighted_random_walk_ensemble,EC LIII Stellate,EC LIII Pyramidal Stellate,47,0.0235
terminal_distribution,weighted_random_walk_ensemble,EC LIII Stellate,LEC LVI Multipolar Pyramidal,48,0.024
terminal_distribution,weighted_random_walk_ensemble,EC LIII Stellate,EC LIII V Bipolar Pyramidal,43,0.0215
terminal_distribution,weighted_random_walk_ensemble,EC LIII Stellate,MEC LII Stellate,46,0.023
terminal_distribution,weighted_random_walk_ensemble,EC LIII Stellate,MEC LV VI Pyramidal Polymorphic,123,0.0615
terminal_distribution,weighted_random_walk_ensemble,EC LIII Stellate,EC LIV VI Deep Multipolar Principal,50,0.025
terminal_distribution,weighted_random_walk_ensemble,EC LIII Stellate,DG Semilunar Granule,24,0.012
terminal_distribution,weighted_random_walk_ensemble,EC LIII Stellate,LEC LIII Complex Pyramidal,42,0.021
terminal_distribution,weighted_random_walk_ensemble,EC LIII Stellate,CA2 Pyramidal,38,0.019
terminal_distribution,weighted_random_walk_ensemble,EC LIII Stellate,EC LI II Multipolar Pyramidal,27,0.0135
terminal_distribution,weighted_random_walk_ensemble,EC LIII Stellate,MEC LIII Bipolar Complex Pyramidal,40,0.02
terminal_distribution,weighted_random_walk_ensemble,EC LIII Stellate,DG Granule,49,0.0245
terminal_distribution,weighted_random_walk_ensemble,EC LIII Stellate,EC LII III Pyramidal Tripolar,34,0.017
terminal_distribution,weighted_random_walk_ensemble,EC LIII Stellate,MEC LII III Pyramidal Multiform,37,0.0185
terminal_distribution,weighted_random_walk_ensemble,EC LIII Stellate,LEC LIII Multipolar Principal,39,0.0195
terminal_distribution,weighted_random_walk_ensemble,EC LIII Stellate,CA1 Pyramidal,59,0.0295
terminal_distribution,weighted_random_walk_ensemble,EC LIII Stellate,MEC LV Multipolar Pyramidal,32,0.016
terminal_distribution,weighted_random_walk_ensemble,EC LIII Stellate,DG Mossy,45,0.0225
terminal_distribution,weighted_random_walk_ensemble,EC LIII Stellate,MEC LIII Complex Pyramidal,71,0.0355
terminal_distribution,weighted_random_walk_ensemble,EC LIII Stellate,MEC LV Pyramidal,40,0.02
terminal_distribution,weighted_random_walk_ensemble,EC LIII Stellate,MEC LII Oblique Pyramidal,28,0.014
terminal_distribution,weighted_random_walk_ensemble,EC LIII V Bipolar Pyramidal,CA1 Radiatum Giant,617,0.3085
terminal_distribution,weighted_random_walk_ensemble,EC LIII V Bipolar Pyramidal,DG Hilar Ectopic Granule,47,0.0235
terminal_distribution,weighted_random_walk_ensemble,EC LIII V Bipolar Pyramidal,LEC LIII Complex Pyramidal,42,0.021
terminal_distribution,weighted_random_walk_ensemble,EC LIII V Bipolar Pyramidal,DG Granule,51,0.0255
terminal_distribution,weighted_random_walk_ensemble,EC LIII V Bipolar Pyramidal,EC LIII Pyramidal Stellate,68,0.034
terminal_distribution,weighted_random_walk_ensemble,EC LIII V Bipolar Pyramidal,EC LIII Pyramidal,42,0.021
terminal_distribution,weighted_random_walk_ensemble,EC LIII V Bipolar Pyramidal,MEC LII Stellate,41,0.0205
terminal_distribution,weighted_random_walk_ensemble,EC LIII V Bipolar Pyramidal,MEC LV Superficial Pyramidal,37,0.0185
terminal_distribution,weighted_random_walk_ensemble,EC LIII V Bipolar Pyramidal,CA3 Granule,94,0.047
terminal_distribution,weighted_random_walk_ensemble,EC LIII V Bipolar Pyramidal,CA3c Pyramidal,36,0.018
terminal_distribution,weighted_random_walk_ensemble,EC LIII V Bipolar Pyramidal,MEC LV VI Pyramidal Polymorphic,119,0.0595
terminal_distribution,weighted_random_walk_ensemble,EC LIII V Bipolar Pyramidal,EC LIII Stellate,48,0.024
terminal_distribution,weighted_random_walk_ensemble,EC LIII V Bipolar Pyramidal,MEC LV Pyramidal,28,0.014
terminal_distribution,weighted_random_walk_ensemble,EC LIII V Bipolar Pyramidal,DG Semilunar Granule,20,0.01
terminal_distribution,weighted_random_walk_ensemble,EC LIII V Bipolar Pyramidal,EC LV Deep Pyramidal,62,0.031
terminal_distribution,weighted_random_walk_ensemble,EC LIII V Bipolar Pyramidal,DG Mossy,45,0.0225
terminal_distribution,weighted_random_walk_ensemble,EC LIII V Bipolar Pyramidal,CA3 Pyramidal,21,0.0105
terminal_distribution,weighted_random_walk_ensemble,EC LIII V Bipolar Pyramidal,SUB CA1 Projecting Pyramidal,38,0.019
terminal_distribution,weighted_random_walk_ensemble,EC LIII V Bipolar Pyramidal,MEC LII III Pyramidal Multiform,44,0.022
terminal_distribution,weighted_random_walk_ensemble,EC LIII V Bipolar Pyramidal,LEC LIII Multipolar Principal,58,0.029
terminal_distribution,weighted_random_walk_ensemble,EC LIII V Bipolar Pyramidal,EC LIV VI Deep Multipolar Principal,57,0.0285
terminal_distribution,weighted_random_walk_ensemble,EC LIII V Bipolar Pyramidal,LEC LVI Multipolar Pyramidal,59,0.0295
terminal_distribution,weighted_random_walk_ensemble,EC LIII V Bipolar Pyramidal,MEC LIII Complex Pyramidal,56,0.028
terminal_distribution,weighted_random_walk_ensemble,EC LIII V Bipolar Pyramidal,EC LI II Multipolar Pyramidal,29,0.0145
terminal_distribution,weighted_random_walk_ensemble,EC LIII V Bipolar Pyramidal,MEC LV Multipolar Pyramidal,40,0.02
terminal_distribution,weighted_random_walk_ensemble,EC LIII V Bipolar Pyramidal,MEC LII Oblique Pyramidal,26,0.013
terminal_distribution,weighted_random_walk_ensemble,EC LIII V Bipolar Pyramidal,MEC LIII Bipolar Complex Pyramidal,43,0.0215
terminal_distribution,weighted_random_walk_ensemble,EC LIII V Bipolar Pyramidal,CA1 Pyramidal,64,0.032
terminal_distribution,weighted_random_walk_ensemble,EC LIII V Bipolar Pyramidal,CA2 Pyramidal,29,0.0145
terminal_distribution,weighted_random_walk_ensemble,EC LIII V Bipolar Pyramidal,EC LII III Pyramidal Tripolar,37,0.0185
terminal_distribution,weighted_random_walk_ensemble,EC LIII V Bipolar Pyramidal,EC LI II Pyramidal Fan,2,0.001
terminal_distribution,weighted_random_walk_ensemble,EC LIV VI Deep Multipolar Principal,CA1 Pyramidal,71,0.0355
terminal_distribution,weighted_random_walk_ensemble,EC LIV VI Deep Multipolar Principal,MEC LV VI Pyramidal Polymorphic,364,0.182
terminal_distribution,weighted_random_walk_ensemble,EC LIV VI Deep Multipolar Principal,EC LIII Pyramidal,36,0.018
terminal_distribution,weighted_random_walk_ensemble,EC LIV VI Deep Multipolar Principal,CA2 Pyramidal,31,0.0155
terminal_distribution,weighted_random_walk_ensemble,EC LIV VI Deep Multipolar Principal,EC LIII V Bipolar Pyramidal,43,0.0215
terminal_distribution,weighted_random_walk_ensemble,EC LIV VI Deep Multipolar Principal,EC LIII Pyramidal Stellate,55,0.0275
terminal_distribution,weighted_random_walk_ensemble,EC LIV VI Deep Multipolar Principal,DG Semilunar Granule,16,0.008
terminal_distribution,weighted_random_walk_ensemble,EC LIV VI Deep Multipolar Principal,EC LI II Multipolar Pyramidal,28,0.014
terminal_distribution,weighted_random_walk_ensemble,EC LIV VI Deep Multipolar Principal,EC LIII Stellate,27,0.0135
terminal_distribution,weighted_random_walk_ensemble,EC LIV VI Deep Multipolar Principal,CA1 Radiatum Giant,504,0.252
terminal_distribution,weighted_random_walk_ensemble,EC LIV VI Deep Multipolar Principal,LEC LIII Complex Pyramidal,37,0.0185
terminal_distribution,weighted_random_walk_ensemble,EC LIV VI Deep Multipolar Principal,MEC LV Superficial Pyramidal,29,0.0145
terminal_distribution,weighted_random_walk_ensemble,EC LIV VI Deep Multipolar Principal,MEC LIII Complex Pyramidal,55,0.0275
terminal_distribution,weighted_random_walk_ensemble,EC LIV VI Deep Multipolar Principal,EC LV Deep Pyramidal,68,0.034
terminal_distribution,weighted_random_walk_ensemble,EC LIV VI Deep Multipolar Principal,CA3 Granule,87,0.0435
terminal_distribution,weighted_random_walk_ensemble,EC LIV VI Deep Multipolar Principal,DG Hilar Ectopic Granule,45,0.0225
terminal_distribution,weighted_random_walk_ensemble,EC LIV VI Deep Multipolar Principal,EC LII III Pyramidal Tripolar,38,0.019
terminal_distribution,weighted_random_walk_ensemble,EC LIV VI Deep Multipolar Principal,DG Granule,48,0.024
terminal_distribution,weighted_random_walk_ensemble,EC LIV VI Deep Multipolar Principal,LEC LIII Multipolar Principal,47,0.0235
terminal_distribution,weighted_random_walk_ensemble,EC LIV VI Deep Multipolar Principal,MEC LIII Bipolar Complex Pyramidal,38,0.019
terminal_distribution,weighted_random_walk_ensemble,EC LIV VI Deep Multipolar Principal,LEC LVI Multipolar Pyramidal,69,0.0345
terminal_distribution,weighted_random_walk_ensemble,EC LIV VI Deep Multipolar Principal,CA3 Pyramidal,25,0.0125
terminal_distribution,weighted_random_walk_ensemble,EC LIV VI Deep Multipolar Principal,MEC LII Oblique Pyramidal,26,0.013
terminal_distribution,weighted_random_walk_ensemble,EC LIV VI Deep Multipolar Principal,SUB CA1 Projecting Pyramidal,26,0.013
terminal_distribution,weighted_random_walk_ensemble,EC LIV VI Deep Multipolar Principal,DG Mossy,30,0.015
terminal_distribution,weighted_random_walk_ensemble,EC LIV VI Deep Multipolar Principal,MEC LV Multipolar Pyramidal,38,0.019
terminal_distribution,weighted_random_walk_ensemble,EC LIV VI Deep Multipolar Principal,MEC LII III Pyramidal Multiform,22,0.011
terminal_distribution,weighted_random_walk_ensemble,EC LIV VI Deep Multipolar Principal,CA3c Pyramidal,26,0.013
terminal_distribution,weighted_random_walk_ensemble,EC LIV VI Deep Multipolar Principal,MEC LII Stellate,27,0.0135
terminal_distribution,weighted_random_walk_ensemble,EC LIV VI Deep Multipolar Principal,MEC LV Pyramidal,37,0.0185
terminal_distribution,weighted_random_walk_ensemble,EC LIV VI Deep Multipolar Principal,EC LI II Pyramidal Fan,7,0.0035
terminal_distribution,weighted_random_walk_ensemble,EC LV Deep Pyramidal,CA1 Pyramidal,65,0.0325
terminal_distribution,weighted_random_walk_ensemble,EC LV Deep Pyramidal,CA3 Granule,95,0.0475
terminal_distribution,weighted_random_walk_ensemble,EC LV Deep Pyramidal,EC LIV VI Deep Multipolar Principal,67,0.0335
terminal_distribution,weighted_random_walk_ensemble,EC LV Deep Pyramidal,CA1 Radiatum Giant,518,0.259
terminal_distribution,weighted_random_walk_ensemble,EC LV Deep Pyramidal,EC LIII Stellate,36,0.018
terminal_distribution,weighted_random_walk_ensemble,EC LV Deep Pyramidal,MEC LV VI Pyramidal Polymorphic,357,0.1785
terminal_distribution,weighted_random_walk_ensemble,EC LV Deep Pyramidal,MEC LV Superficial Pyramidal,44,0.022
terminal_distribution,weighted_random_walk_ensemble,EC LV Deep Pyramidal,MEC LIII Complex Pyramidal,44,0.022
terminal_distribution,weighted_random_walk_ensemble,EC LV Deep Pyramidal,EC LIII Pyramidal Stellate,48,0.024
terminal_distribution,weighted_random_walk_ensemble,EC LV Deep Pyramidal,CA3 Pyramidal,34,0.017
terminal_distribution,weighted_random_walk_ensemble,EC LV Deep Pyramidal,LEC LVI Multipolar Pyramidal,65,0.0325
terminal_distribution,weighted_random_walk_ensemble,EC LV Deep Pyramidal,LEC LIII Complex Pyramidal,40,0.02
terminal_distribution,weighted_random_walk_ensemble,EC LV Deep Pyramidal,MEC LV Multipolar Pyramidal,40,0.02
terminal_distribution,weighted_random_walk_ensemble,EC LV Deep Pyramidal,EC LI II Multipolar Pyramidal,26,0.013
terminal_distribution,weighted_random_walk_ensemble,EC LV Deep Pyramidal,CA2 Pyramidal,30,0.015
terminal_distribution,weighted_random_walk_ensemble,EC LV Deep Pyramidal,MEC LII Stellate,35,0.0175
terminal_distribution,weighted_random_walk_ensemble,EC LV Deep Pyramidal,MEC LIII Bipolar Complex Pyramidal,40,0.02
terminal_distribution,weighted_random_walk_ensemble,EC LV Deep Pyramidal,EC LIII Pyramidal,23,0.0115
terminal_distribution,weighted_random_walk_ensemble,EC LV Deep Pyramidal,EC LIII V Bipolar Pyramidal,42,0.021
terminal_distribution,weighted_random_walk_ensemble,EC LV Deep Pyramidal,MEC LII III Pyramidal Multiform,22,0.011
terminal_distribution,weighted_random_walk_ensemble,EC LV Deep Pyramidal,EC LII III Pyramidal Tripolar,31,0.0155
terminal_distribution,weighted_random_walk_ensemble,EC LV Deep Pyramidal,DG Mossy,25,0.0125
terminal_distribution,weighted_random_walk_ensemble,EC LV Deep Pyramidal,MEC LV Pyramidal,35,0.0175
terminal_distribution,weighted_random_walk_ensemble,EC LV Deep Pyramidal,SUB CA1 Projecting Pyramidal,32,0.016
terminal_distribution,weighted_random_walk_ensemble,EC LV Deep Pyramidal,DG Hilar Ectopic Granule,44,0.022
terminal_distribution,weighted_random_walk_ensemble,EC LV Deep Pyramidal,LEC LIII Multipolar Principal,55,0.0275
terminal_distribution,weighted_random_walk_ensemble,EC LV Deep Pyramidal,DG Granule,39,0.0195
terminal_distribution,weighted_random_walk_ensemble,EC LV Deep Pyramidal,MEC LII Oblique Pyramidal,25,0.0125
terminal_distribution,weighted_random_walk_ensemble,EC LV Deep Pyramidal,CA3c Pyramidal,29,0.0145
terminal_distribution,weighted_random_walk_ensemble,EC LV Deep Pyramidal,DG Semilunar Granule,13,0.0065
terminal_distribution,weighted_random_walk_ensemble,EC LV Deep Pyramidal,EC LI II Pyramidal Fan,1,0.0005
terminal_distribution,weighted_random_walk_ensemble,LEC LIII Complex Pyramidal,MEC LV VI Pyramidal Polymorphic,152,0.076
terminal_distribution,weighted_random_walk_ensemble,LEC LIII Complex Pyramidal,LEC LIII Multipolar Principal,61,0.0305
terminal_distribution,weighted_random_walk_ensemble,LEC LIII Complex Pyramidal,EC LI II Multipolar Pyramidal,39,0.0195
terminal_distribution,weighted_random_walk_ensemble,LEC LIII Complex Pyramidal,CA1 Pyramidal,74,0.037
terminal_distribution,weighted_random_walk_ensemble,LEC LIII Complex Pyramidal,EC LV Deep Pyramidal,51,0.0255
terminal_distribution,weighted_random_walk_ensemble,LEC LIII Complex Pyramidal,EC LIII Stellate,45,0.0225
terminal_distribution,weighted_random_walk_ensemble,LEC LIII Complex Pyramidal,MEC LIII Bipolar Complex Pyramidal,48,0.024
terminal_distribution,weighted_random_walk_ensemble,LEC LIII Complex Pyramidal,MEC LV Pyramidal,37,0.0185
terminal_distribution,weighted_random_walk_ensemble,LEC LIII Complex Pyramidal,CA3 Granule,124,0.062
terminal_distribution,weighted_random_walk_ensemble,LEC LIII Complex Pyramidal,CA1 Radiatum Giant,555,0.2775
terminal_distribution,weighted_random_walk_ensemble,LEC LIII Complex Pyramidal,DG Hilar Ectopic Granule,42,0.021
terminal_distribution,weighted_random_walk_ensemble,LEC LIII Complex Pyramidal,EC LIII Pyramidal,36,0.018
terminal_distribution,weighted_random_walk_ensemble,LEC LIII Complex Pyramidal,EC LIII Pyramidal Stellate,69,0.0345
terminal_distribution,weighted_random_walk_ensemble,LEC LIII Complex Pyramidal,MEC LV Superficial Pyramidal,40,0.02
terminal_distribution,weighted_random_walk_ensemble,LEC LIII Complex Pyramidal,LEC LVI Multipolar Pyramidal,51,0.0255
terminal_distribution,weighted_random_walk_ensemble,LEC LIII Complex Pyramidal,CA3c Pyramidal,30,0.015
terminal_distribution,weighted_random_walk_ensemble,LEC LIII Complex Pyramidal,EC LIV VI Deep Multipolar Principal,42,0.021
terminal_distribution,weighted_random_walk_ensemble,LEC LIII Complex Pyramidal,MEC LV Multipolar Pyramidal,40,0.02
terminal_distribution,weighted_random_walk_ensemble,LEC LIII Complex Pyramidal,DG Granule,52,0.026
terminal_distribution,weighted_random_walk_ensemble,LEC LIII Complex Pyramidal,MEC LII Oblique Pyramidal,27,0.0135
terminal_distribution,weighted_random_walk_ensemble,LEC LIII Complex Pyramidal,MEC LII III Pyramidal Multiform,40,0.02
terminal_distribution,weighted_random_walk_ensemble,LEC LIII Complex Pyramidal,EC LII III Pyramidal Tripolar,40,0.02
terminal_distribution,weighted_random_walk_ensemble,LEC LIII Complex Pyramidal,EC LI II Pyramidal Fan,4,0.002
terminal_distribution,weighted_random_walk_ensemble,LEC LIII Complex Pyramidal,SUB CA1 Projecting Pyramidal,36,0.018
terminal_distribution,weighted_random_walk_ensemble,LEC LIII Complex Pyramidal,MEC LIII Complex Pyramidal,65,0.0325
terminal_distribution,weighted_random_walk_ensemble,LEC LIII Complex Pyramidal,EC LIII V Bipolar Pyramidal,47,0.0235
terminal_distribution,weighted_random_walk_ensemble,LEC LIII Complex Pyramidal,CA2 Pyramidal,37,0.0185
terminal_distribution,weighted_random_walk_ensemble,LEC LIII Complex Pyramidal,DG Mossy,39,0.0195
terminal_distribution,weighted_random_walk_ensemble,LEC LIII Complex Pyramidal,DG Semilunar Granule,21,0.0105
terminal_distribution,weighted_random_walk_ensemble,LEC LIII Complex Pyramidal,MEC LII Stellate,23,0.0115
terminal_distribution,weighted_random_walk_ensemble,LEC LIII Complex Pyramidal,CA3 Pyramidal,33,0.0165
terminal_distribution,weighted_random_walk_ensemble,LEC LIII Multipolar Principal,EC LIII Stellate,54,0.027
terminal_distribution,weighted_random_walk_ensemble,LEC LIII Multipolar Principal,MEC LIII Complex Pyramidal,60,0.03
terminal_distribution,weighted_random_walk_ensemble,LEC LIII Multipolar Principal,EC LIII V Bipolar Pyramidal,51,0.0255
terminal_distribution,weighted_random_walk_ensemble,LEC LIII Multipolar Principal,LEC LIII Complex Pyramidal,52,0.026
terminal_distribution,weighted_random_walk_ensemble,LEC LIII Multipolar Principal,MEC LV Multipolar Pyramidal,45,0.0225
terminal_distribution,weighted_random_walk_ensemble,LEC LIII Multipolar Principal,CA1 Radiatum Giant,628,0.314
terminal_distribution,weighted_random_walk_ensemble,LEC LIII Multipolar Principal,MEC LIII Bipolar Complex Pyramidal,41,0.0205
terminal_distribution,weighted_random_walk_ensemble,LEC LIII Multipolar Principal,MEC LV Superficial Pyramidal,24,0.012
terminal_distribution,weighted_random_walk_ensemble,LEC LIII Multipolar Principal,LEC LVI Multipolar Pyramidal,54,0.027
terminal_distribution,weighted_random_walk_ensemble,LEC LIII Multipolar Principal,CA3 Granule,94,0.047
terminal_distribution,weighted_random_walk_ensemble,LEC LIII Multipolar Principal,MEC LII Stellate,40,0.02
terminal_distribution,weighted_random_walk_ensemble,LEC LIII Multipolar Principal,EC LIV VI Deep Multipolar Principal,49,0.0245
terminal_distribution,weighted_random_walk_ensemble,LEC LIII Multipolar Principal,EC LII III Pyramidal Tripolar,41,0.0205
terminal_distribution,weighted_random_walk_ensemble,LEC LIII Multipolar Principal,EC LIII Pyramidal Stellate,52,0.026
terminal_distribution,weighted_random_walk_ensemble,LEC LIII Multipolar Principal,CA1 Pyramidal,72,0.036
terminal_distribution,weighted_random_walk_ensemble,LEC LIII Multipolar Principal,MEC LV Pyramidal,21,0.0105
terminal_distribution,weighted_random_walk_ensemble,LEC LIII Multipolar Principal,CA3c Pyramidal,38,0.019
terminal_distribution,weighted_random_walk_ensemble,LEC LIII Multipolar Principal,MEC LV VI Pyramidal Polymorphic,147,0.0735
terminal_distribution,weighted_random_walk_ensemble,LEC LIII Multipolar Principal,DG Granule,56,0.028
terminal_distribution,weighted_random_walk_ensemble,LEC LIII Multipolar Principal,CA3 Pyramidal,24,0.012
terminal_distribution,weighted_random_walk_ensemble,LEC LIII Multipolar Principal,MEC LII Oblique Pyramidal,17,0.0085
terminal_distribution,weighted_random_walk_ensemble,LEC LIII Multipolar Principal,DG Hilar Ectopic Granule,52,0.026
terminal_distribution,weighted_random_walk_ensemble,LEC LIII Multipolar Principal,EC LV Deep Pyramidal,57,0.0285
terminal_distribution,weighted_random_walk_ensemble,LEC LIII Multipolar Principal,CA2 Pyramidal,29,0.0145
terminal_distribution,weighted_random_walk_ensemble,LEC LIII Multipolar Principal,SUB CA1 Projecting Pyramidal,31,0.0155
terminal_distribution,weighted_random_walk_ensemble,LEC LIII Multipolar Principal,EC LI II Multipolar Pyramidal,46,0.023
terminal_distribution,weighted_random_walk_ensemble,LEC LIII Multipolar Principal,MEC LII III Pyramidal Multiform,35,0.0175
terminal_distribution,weighted_random_walk_ensemble,LEC LIII Multipolar Principal,DG Mossy,30,0.015
terminal_distribution,weighted_random_walk_ensemble,LEC LIII Multipolar Principal,DG Semilunar Granule,22,0.011
terminal_distribution,weighted_random_walk_ensemble,LEC LIII Multipolar Principal,EC LIII Pyramidal,35,0.0175
terminal_distribution,weighted_random_walk_ensemble,LEC LIII Multipolar Principal,EC LI II Pyramidal Fan,3,0.0015
terminal_distribution,weighted_random_walk_ensemble,LEC LVI Multipolar Pyramidal,MEC LV Superficial Pyramidal,30,0.015
terminal_distribution,weighted_random_walk_ensemble,LEC LVI Multipolar Pyramidal,CA3 Granule,118,0.059
terminal_distribution,weighted_random_walk_ensemble,LEC LVI Multipolar Pyramidal,MEC LII Oblique Pyramidal,23,0.0115
terminal_distribution,weighted_random_walk_ensemble,LEC LVI Multipolar Pyramidal,MEC LII Stellate,35,0.0175
terminal_distribution,weighted_random_walk_ensemble,LEC LVI Multipolar Pyramidal,MEC LV VI Pyramidal Polymorphic,162,0.081
terminal_distribution,weighted_random_walk_ensemble,LEC LVI Multipolar Pyramidal,EC LIII V Bipolar Pyramidal,54,0.027
terminal_distribution,weighted_random_walk_ensemble,LEC LVI Multipolar Pyramidal,CA1 Radiatum Giant,580,0.29
terminal_distribution,weighted_random_walk_ensemble,LEC LVI Multipolar Pyramidal,MEC LIII Bipolar Complex Pyramidal,36,0.018
terminal_distribution,weighted_random_walk_ensemble,LEC LVI Multipolar Pyramidal,MEC LII III Pyramidal Multiform,37,0.0185
terminal_distribution,weighted_random_walk_ensemble,LEC LVI Multipolar Pyramidal,CA2 Pyramidal,35,0.0175
terminal_distribution,weighted_random_walk_ensemble,LEC LVI Multipolar Pyramidal,EC LI II Pyramidal Fan,3,0.0015
terminal_distribution,weighted_random_walk_ensemble,LEC LVI Multipolar Pyramidal,EC LI II Multipolar Pyramidal,29,0.0145
terminal_distribution,weighted_random_walk_ensemble,LEC LVI Multipolar Pyramidal,EC LII III Pyramidal Tripolar,41,0.0205
terminal_distribution,weighted_random_walk_ensemble,LEC LVI Multipolar Pyramidal,MEC LIII Complex Pyramidal,50,0.025
terminal_distribution,weighted_random_walk_ensemble,LEC LVI Multipolar Pyramidal,LEC LIII Multipolar Principal,59,0.0295
terminal_distribution,weighted_random_walk_ensemble,LEC LVI Multipolar Pyramidal,DG Granule,51,0.0255
terminal_distribution,weighted_random_walk_ensemble,LEC LVI Multipolar Pyramidal,LEC LIII Complex Pyramidal,52,0.026
terminal_distribution,weighted_random_walk_ensemble,LEC LVI Multipolar Pyramidal,CA1 Pyramidal,64,0.032
terminal_distribution,weighted_random_walk_ensemble,LEC LVI Multipolar Pyramidal,DG Mossy,48,0.024
terminal_distribution,weighted_random_walk_ensemble,LEC LVI Multipolar Pyramidal,SUB CA1 Projecting Pyramidal,31,0.0155
terminal_distribution,weighted_random_walk_ensemble,LEC LVI Multipolar Pyramidal,DG Hilar Ectopic Granule,46,0.023
terminal_distribution,weighted_random_walk_ensemble,LEC LVI Multipolar Pyramidal,EC LV Deep Pyramidal,59,0.0295
terminal_distribution,weighted_random_walk_ensemble,LEC LVI Multipolar Pyramidal,EC LIII Pyramidal,28,0.014
terminal_distribution,weighted_random_walk_ensemble,LEC LVI Multipolar Pyramidal,EC LIII Pyramidal Stellate,48,0.024
terminal_distribution,weighted_random_walk_ensemble,LEC LVI Multipolar Pyramidal,MEC LV Pyramidal,33,0.0165
terminal_distribution,weighted_random_walk_ensemble,LEC LVI Multipolar Pyramidal,EC LIII Stellate,42,0.021
terminal_distribution,weighted_random_walk_ensemble,LEC LVI Multipolar Pyramidal,CA3c Pyramidal,44,0.022
terminal_distribution,weighted_random_walk_ensemble,LEC LVI Multipolar Pyramidal,EC LIV VI Deep Multipolar Principal,58,0.029
terminal_distribution,weighted_random_walk_ensemble,LEC LVI Multipolar Pyramidal,MEC LV Multipolar Pyramidal,52,0.026
terminal_distribution,weighted_random_walk_ensemble,LEC LVI Multipolar Pyramidal,DG Semilunar Granule,16,0.008
terminal_distribution,weighted_random_walk_ensemble,LEC LVI Multipolar Pyramidal,CA3 Pyramidal,36,0.018
terminal_distribution,weighted_random_walk_ensemble,MEC LII III Pyramidal Multiform,CA3 Granule,104,0.052
terminal_distribution,weighted_random_walk_ensemble,MEC LII III Pyramidal Multiform,CA1 Radiatum Giant,602,0.301
terminal_distribution,weighted_random_walk_ensemble,MEC LII III Pyramidal Multiform,MEC LIII Complex Pyramidal,61,0.0305
terminal_distribution,weighted_random_walk_ensemble,MEC LII III Pyramidal Multiform,DG Hilar Ectopic Granule,58,0.029
terminal_distribution,weighted_random_walk_ensemble,MEC LII III Pyramidal Multiform,MEC LV Pyramidal,31,0.0155
terminal_distribution,weighted_random_walk_ensemble,MEC LII III Pyramidal Multiform,MEC LII Oblique Pyramidal,35,0.0175
terminal_distribution,weighted_random_walk_ensemble,MEC LII III Pyramidal Multiform,SUB CA1 Projecting Pyramidal,44,0.022
terminal_distribution,weighted_random_walk_ensemble,MEC LII III Pyramidal Multiform,LEC LIII Multipolar Principal,43,0.0215
terminal_distribution,weighted_random_walk_ensemble,MEC LII III Pyramidal Multiform,MEC LII Stellate,41,0.0205
terminal_distribution,weighted_random_walk_ensemble,MEC LII III Pyramidal Multiform,LEC LVI Multipolar Pyramidal,49,0.0245
terminal_distribution,weighted_random_walk_ensemble,MEC LII III Pyramidal Multiform,EC LIII Pyramidal Stellate,54,0.027
terminal_distribution,weighted_random_walk_ensemble,MEC LII III Pyramidal Multiform,EC LIV VI Deep Multipolar Principal,51,0.0255
terminal_distribution,weighted_random_walk_ensemble,MEC LII III Pyramidal Multiform,EC LV Deep Pyramidal,66,0.033
terminal_distribution,weighted_random_walk_ensemble,MEC LII III Pyramidal Multiform,DG Semilunar Granule,25,0.0125
terminal_distribution,weighted_random_walk_ensemble,MEC LII III Pyramidal Multiform,CA2 Pyramidal,39,0.0195
terminal_distribution,weighted_random_walk_ensemble,MEC LII III Pyramidal Multiform,MEC LIII Bipolar Complex Pyramidal,62,0.031
terminal_distribution,weighted_random_walk_ensemble,MEC LII III Pyramidal Multiform,MEC LV VI Pyramidal Polymorphic,136,0.068
terminal_distribution,weighted_random_walk_ensemble,MEC LII III Pyramidal Multiform,CA3 Pyramidal,23,0.0115
terminal_distribution,weighted_random_walk_ensemble,MEC LII III Pyramidal Multiform,MEC LV Multipolar Pyramidal,39,0.0195
terminal_distribution,weighted_random_walk_ensemble,MEC LII III Pyramidal Multiform,MEC LV Superficial Pyramidal,34,0.017
terminal_distribution,weighted_random_walk_ensemble,MEC LII III Pyramidal Multiform,CA3c Pyramidal,38,0.019
terminal_distribution,weighted_random_walk_ensemble,MEC LII III Pyramidal Multiform,DG Mossy,38,0.019
terminal_distribution,weighted_random_walk_ensemble,MEC LII III Pyramidal Multiform,DG Granule,50,0.025
terminal_distribution,weighted_random_walk_ensemble,MEC LII III Pyramidal Multiform,EC LIII V Bipolar Pyramidal,29,0.0145
terminal_distribution,weighted_random_walk_ensemble,MEC LII III Pyramidal Multiform,LEC LIII Complex Pyramidal,41,0.0205
terminal_distribution,weighted_random_walk_ensemble,MEC LII III Pyramidal Multiform,EC LII III Pyramidal Tripolar,38,0.019
terminal_distribution,weighted_random_walk_ensemble,MEC LII III Pyramidal Multiform,CA1 Pyramidal,57,0.0285
terminal_distribution,weighted_random_walk_ensemble,MEC LII III Pyramidal Multiform,EC LIII Stellate,37,0.0185
terminal_distribution,weighted_random_walk_ensemble,MEC LII III Pyramidal Multiform,EC LI II Multipolar Pyramidal,33,0.0165
terminal_distribution,weighted_random_walk_ensemble,MEC LII III Pyramidal Multiform,EC LIII Pyramidal,37,0.0185
terminal_distribution,weighted_random_walk_ensemble,MEC LII III Pyramidal Multiform,EC LI II Pyramidal Fan,5,0.0025
terminal_distribution,weighted_random_walk_ensemble,MEC LII Oblique Pyramidal,EC LI II Multipolar Pyramidal,28,0.014
terminal_distribution,weighted_random_walk_ensemble,MEC LII Oblique Pyramidal,CA1 Radiatum Giant,586,0.293
terminal_distribution,weighted_random_walk_ensemble,MEC LII Oblique Pyramidal,MEC LIII Bipolar Complex Pyramidal,36,0.018
terminal_distribution,weighted_random_walk_ensemble,MEC LII Oblique Pyramidal,SUB CA1 Projecting Pyramidal,38,0.019
terminal_distribution,weighted_random_walk_ensemble,MEC LII Oblique Pyramidal,EC LIII V Bipolar Pyramidal,38,0.019
terminal_distribution,weighted_random_walk_ensemble,MEC LII Oblique Pyramidal,CA1 Pyramidal,60,0.03
terminal_distribution,weighted_random_walk_ensemble,MEC LII Oblique Pyramidal,EC LII III Pyramidal Tripolar,27,0.0135
terminal_distribution,weighted_random_walk_ensemble,MEC LII Oblique Pyramidal,MEC LIII Complex Pyramidal,88,0.044
terminal_distribution,weighted_random_walk_ensemble,MEC LII Oblique Pyramidal,MEC LII Stellate,55,0.0275
terminal_distribution,weighted_random_walk_ensemble,MEC LII Oblique Pyramidal,MEC LV Multipolar Pyramidal,38,0.019
terminal_distribution,weighted_random_walk_ensemble,MEC LII Oblique Pyramidal,CA3 Granule,126,0.063
terminal_distribution,weighted_random_walk_ensemble,MEC LII Oblique Pyramidal,EC LV Deep Pyramidal,47,0.0235
terminal_distribution,weighted_random_walk_ensemble,MEC LII Oblique Pyramidal,LEC LIII Multipolar Principal,40,0.02
terminal_distribution,weighted_random_walk_ensemble,MEC LII Oblique Pyramidal,DG Hilar Ectopic Granule,63,0.0315
terminal_distribution,weighted_random_walk_ensemble,MEC LII Oblique Pyramidal,LEC LVI Multipolar Pyramidal,52,0.026
terminal_distribution,weighted_random_walk_ensemble,MEC LII Oblique Pyramidal,MEC LV VI Pyramidal Polymorphic,136,0.068
terminal_distribution,weighted_random_walk_ensemble,MEC LII Oblique Pyramidal,EC LIII Pyramidal Stellate,54,0.027
terminal_distribution,weighted_random_walk_ensemble,MEC LII Oblique Pyramidal,DG Semilunar Granule,22,0.011
terminal_distribution,weighted_random_walk_ensemble,MEC LII Oblique Pyramidal,EC LIV VI Deep Multipolar Principal,56,0.028
terminal_distribution,weighted_random_walk_ensemble,MEC LII Oblique Pyramidal,LEC LIII Complex Pyramidal,36,0.018
terminal_distribution,weighted_random_walk_ensemble,MEC LII Oblique Pyramidal,CA3 Pyramidal,42,0.021
terminal_distribution,weighted_random_walk_ensemble,MEC LII Oblique Pyramidal,CA2 Pyramidal,24,0.012
terminal_distribution,weighted_random_walk_ensemble,MEC LII Oblique Pyramidal,DG Mossy,44,0.022
terminal_distribution,weighted_random_walk_ensemble,MEC LII Oblique Pyramidal,MEC LV Superficial Pyramidal,33,0.0165
terminal_distribution,weighted_random_walk_ensemble,MEC LII Oblique Pyramidal,MEC LV Pyramidal,38,0.019
terminal_distribution,weighted_random_walk_ensemble,MEC LII Oblique Pyramidal,CA3c Pyramidal,39,0.0195
terminal_distribution,weighted_random_walk_ensemble,MEC LII Oblique Pyramidal,DG Granule,45,0.0225
terminal_distribution,weighted_random_walk_ensemble,MEC LII Oblique Pyramidal,EC LIII Pyramidal,27,0.0135
terminal_distribution,weighted_random_walk_ensemble,MEC LII Oblique Pyramidal,MEC LII III Pyramidal Multiform,37,0.0185
terminal_distribution,weighted_random_walk_ensemble,MEC LII Oblique Pyramidal,EC LIII Stellate,42,0.021
terminal_distribution,weighted_random_walk_ensemble,MEC LII Oblique Pyramidal,EC LI II Pyramidal Fan,3,0.0015
terminal_distribution,weighted_random_walk_ensemble,MEC LII Stellate,MEC LIII Bipolar Complex Pyramidal,46,0.023
terminal_distribution,weighted_random_walk_ensemble,MEC LII Stellate,MEC LII III Pyramidal Multiform,26,0.013
terminal_distribution,weighted_random_walk_ensemble,MEC LII Stellate,CA1 Radiatum Giant,605,0.3025
terminal_distribution,weighted_random_walk_ensemble,MEC LII Stellate,EC LV Deep Pyramidal,48,0.024
terminal_distribution,weighted_random_walk_ensemble,MEC LII Stellate,CA2 Pyramidal,43,0.0215
terminal_distribution,weighted_random_walk_ensemble,MEC LII Stellate,DG Hilar Ectopic Granule,53,0.0265
terminal_distribution,weighted_random_walk_ensemble,MEC LII Stellate,CA1 Pyramidal,91,0.0455
terminal_distribution,weighted_random_walk_ensemble,MEC LII Stellate,CA3 Granule,111,0.0555
terminal_distribution,weighted_random_walk_ensemble,MEC LII Stellate,EC LIII Stellate,38,0.019
terminal_distribution,weighted_random_walk_ensemble,MEC LII Stellate,DG Semilunar Granule,30,0.015
terminal_distribution,weighted_random_walk_ensemble,MEC LII Stellate,MEC LV VI Pyramidal Polymorphic,134,0.067
terminal_distribution,weighted_random_walk_ensemble,MEC LII Stellate,MEC LV Superficial Pyramidal,27,0.0135
terminal_distribution,weighted_random_walk_ensemble,MEC LII Stellate,MEC LIII Complex Pyramidal,56,0.028
terminal_distribution,weighted_random_walk_ensemble,MEC LII Stellate,DG Granule,70,0.035
terminal_distribution,weighted_random_walk_ensemble,MEC LII Stellate,CA3c Pyramidal,62,0.031
terminal_distribution,weighted_random_walk_ensemble,MEC LII Stellate,EC LIII V Bipolar Pyramidal,45,0.0225
terminal_distribution,weighted_random_walk_ensemble,MEC LII Stellate,EC LII III Pyramidal Tripolar,37,0.0185
terminal_distribution,weighted_random_walk_ensemble,MEC LII Stellate,MEC LII Oblique Pyramidal,38,0.019
terminal_distribution,weighted_random_walk_ensemble,MEC LII Stellate,EC LIV VI Deep Multipolar Principal,39,0.0195
terminal_distribution,weighted_random_walk_ensemble,MEC LII Stellate,MEC LV Multipolar Pyramidal,31,0.0155
terminal_distribution,weighted_random_walk_ensemble,MEC LII Stellate,LEC LIII Complex Pyramidal,30,0.015
terminal_distribution,weighted_random_walk_ensemble,MEC LII Stellate,LEC LIII Multipolar Principal,54,0.027
terminal_distribution,weighted_random_walk_ensemble,MEC LII Stellate,CA3 Pyramidal,33,0.0165
terminal_distribution,weighted_random_walk_ensemble,MEC LII Stellate,EC LI II Multipolar Pyramidal,26,0.013
terminal_distribution,weighted_random_walk_ensemble,MEC LII Stellate,LEC LVI Multipolar Pyramidal,40,0.02
terminal_distribution,weighted_random_walk_ensemble,MEC LII Stellate,SUB CA1 Projecting Pyramidal,36,0.018
terminal_distribution,weighted_random_walk_ensemble,MEC LII Stellate,DG Mossy,44,0.022
terminal_distribution,weighted_random_walk_ensemble,MEC LII Stellate,EC LIII Pyramidal,30,0.015
terminal_distribution,weighted_random_walk_ensemble,MEC LII Stellate,EC LI II Pyramidal Fan,5,0.0025
terminal_distribution,weighted_random_walk_ensemble,MEC LII Stellate,MEC LV Pyramidal,32,0.016
terminal_distribution,weighted_random_walk_ensemble,MEC LII Stellate,EC LIII Pyramidal Stellate,40,0.02
terminal_distribution,weighted_random_walk_ensemble,MEC LIII Bipolar Complex Pyramidal,EC LIII V Bipolar Pyramidal,40,0.02
terminal_distribution,weighted_random_walk_ensemble,MEC LIII Bipolar Complex Pyramidal,SUB CA1 Projecting Pyramidal,44,0.022
terminal_distribution,weighted_random_walk_ensemble,MEC LIII Bipolar Complex Pyramidal,CA1 Radiatum Giant,578,0.289
terminal_distribution,weighted_random_walk_ensemble,MEC LIII Bipolar Complex Pyramidal,MEC LV VI Pyramidal Polymorphic,137,0.0685
terminal_distribution,weighted_random_walk_ensemble,MEC LIII Bipolar Complex Pyramidal,DG Mossy,39,0.0195
terminal_distribution,weighted_random_walk_ensemble,MEC LIII Bipolar Complex Pyramidal,CA3 Granule,102,0.051
terminal_distribution,weighted_random_walk_ensemble,MEC LIII Bipolar Complex Pyramidal,MEC LV Superficial Pyramidal,41,0.0205
terminal_distribution,weighted_random_walk_ensemble,MEC LIII Bipolar Complex Pyramidal,EC LIV VI Deep Multipolar Principal,50,0.025
terminal_distribution,weighted_random_walk_ensemble,MEC LIII Bipolar Complex Pyramidal,MEC LII III Pyramidal Multiform,45,0.0225
terminal_distribution,weighted_random_walk_ensemble,MEC LIII Bipolar Complex Pyramidal,CA2 Pyramidal,32,0.016
terminal_distribution,weighted_random_walk_ensemble,MEC LIII Bipolar Complex Pyramidal,EC LV Deep Pyramidal,48,0.024
terminal_distribution,weighted_random_walk_ensemble,MEC LIII Bipolar Complex Pyramidal,EC LIII Pyramidal Stellate,52,0.026
terminal_distribution,weighted_random_walk_ensemble,MEC LIII Bipolar Complex Pyramidal,MEC LII Stellate,46,0.023
terminal_distribution,weighted_random_walk_ensemble,MEC LIII Bipolar Complex Pyramidal,MEC LV Multipolar Pyramidal,43,0.0215
terminal_distribution,weighted_random_walk_ensemble,MEC LIII Bipolar Complex Pyramidal,EC LI II Multipolar Pyramidal,37,0.0185
terminal_distribution,weighted_random_walk_ensemble,MEC LIII Bipolar Complex Pyramidal,CA3 Pyramidal,36,0.018
terminal_distribution,weighted_random_walk_ensemble,MEC LIII Bipolar Complex Pyramidal,CA3c Pyramidal,39,0.0195
terminal_distribution,weighted_random_walk_ensemble,MEC LIII Bipolar Complex Pyramidal,EC LII III Pyramidal Tripolar,32,0.016
terminal_distribution,weighted_random_walk_ensemble,MEC LIII Bipolar Complex Pyramidal,LEC LVI Multipolar Pyramidal,63,0.0315
terminal_distribution,weighted_random_walk_ensemble,MEC LIII Bipolar Complex Pyramidal,EC LIII Stellate,44,0.022
terminal_distribution,weighted_random_walk_ensemble,MEC LIII Bipolar Complex Pyramidal,DG Hilar Ectopic Granule,47,0.0235
terminal_distribution,weighted_random_walk_ensemble,MEC LIII Bipolar Complex Pyramidal,CA1 Pyramidal,63,0.0315
terminal_distribution,weighted_random_walk_ensemble,MEC LIII Bipolar Complex Pyramidal,LEC LIII Multipolar Principal,43,0.0215
terminal_distribution,weighted_random_walk_ensemble,MEC LIII Bipolar Complex Pyramidal,MEC LIII Complex Pyramidal,74,0.037
terminal_distribution,weighted_random_walk_ensemble,MEC LIII Bipolar Complex Pyramidal,MEC LV Pyramidal,40,0.02
terminal_distribution,weighted_random_walk_ensemble,MEC LIII Bipolar Complex Pyramidal,DG Granule,52,0.026
terminal_distribution,weighted_random_walk_ensemble,MEC LIII Bipolar Complex Pyramidal,MEC LII Oblique Pyramidal,34,0.017
terminal_distribution,weighted_random_walk_ensemble,MEC LIII Bipolar Complex Pyramidal,DG Semilunar Granule,16,0.008
terminal_distribution,weighted_random_walk_ensemble,MEC LIII Bipolar Complex Pyramidal,EC LIII Pyramidal,29,0.0145
terminal_distribution,weighted_random_walk_ensemble,MEC LIII Bipolar Complex Pyramidal,LEC LIII Complex Pyramidal,46,0.023
terminal_distribution,weighted_random_walk_ensemble,MEC LIII Bipolar Complex Pyramidal,EC LI II Pyramidal Fan,8,0.004
terminal_distribution,weighted_random_walk_ensemble,MEC LIII Complex Pyramidal,EC LIII Pyramidal,37,0.0185
terminal_distribution,weighted_random_walk_ensemble,MEC LIII Complex Pyramidal,DG Mossy,39,0.0195
terminal_distribution,weighted_random_walk_ensemble,MEC LIII Complex Pyramidal,CA3c Pyramidal,43,0.0215
terminal_distribution,weighted_random_walk_ensemble,MEC LIII Complex Pyramidal,LEC LIII Complex Pyramidal,37,0.0185
terminal_distribution,weighted_random_walk_ensemble,MEC LIII Complex Pyramidal,CA1 Pyramidal,86,0.043
terminal_distribution,weighted_random_walk_ensemble,MEC LIII Complex Pyramidal,CA1 Radiatum Giant,607,0.3035
terminal_distribution,weighted_random_walk_ensemble,MEC LIII Complex Pyramidal,EC LIII Stellate,44,0.022
terminal_distribution,weighted_random_walk_ensemble,MEC LIII Complex Pyramidal,EC LII III Pyramidal Tripolar,27,0.0135
terminal_distribution,weighted_random_walk_ensemble,MEC LIII Complex Pyramidal,DG Granule,61,0.0305
terminal_distribution,weighted_random_walk_ensemble,MEC LIII Complex Pyramidal,MEC LV Superficial Pyramidal,43,0.0215
terminal_distribution,weighted_random_walk_ensemble,MEC LIII Complex Pyramidal,CA3 Pyramidal,23,0.0115
terminal_distribution,weighted_random_walk_ensemble,MEC LIII Complex Pyramidal,CA2 Pyramidal,33,0.0165
terminal_distribution,weighted_random_walk_ensemble,MEC LIII Complex Pyramidal,EC LIV VI Deep Multipolar Principal,53,0.0265
terminal_distribution,weighted_random_walk_ensemble,MEC LIII Complex Pyramidal,EC LV Deep Pyramidal,53,0.0265
terminal_distribution,weighted_random_walk_ensemble,MEC LIII Complex Pyramidal,CA3 Granule,122,0.061
terminal_distribution,weighted_random_walk_ensemble,MEC LIII Complex Pyramidal,MEC LV VI Pyramidal Polymorphic,125,0.0625
terminal_distribution,weighted_random_walk_ensemble,MEC LIII Complex Pyramidal,EC LIII Pyramidal Stellate,48,0.024
terminal_distribution,weighted_random_walk_ensemble,MEC LIII Complex Pyramidal,MEC LV Multipolar Pyramidal,32,0.016
terminal_distribution,weighted_random_walk_ensemble,MEC LIII Complex Pyramidal,LEC LIII Multipolar Principal,36,0.018
terminal_distribution,weighted_random_walk_ensemble,MEC LIII Complex Pyramidal,LEC LVI Multipolar Pyramidal,51,0.0255
terminal_distribution,weighted_random_walk_ensemble,MEC LIII Complex Pyramidal,DG Hilar Ectopic Granule,44,0.022
terminal_distribution,weighted_random_walk_ensemble,MEC LIII Complex Pyramidal,MEC LII Oblique Pyramidal,32,0.016
terminal_distribution,weighted_random_walk_ensemble,MEC LIII Complex Pyramidal,MEC LIII Bipolar Complex Pyramidal,52,0.026
terminal_distribution,weighted_random_walk_ensemble,MEC LIII Complex Pyramidal,EC LIII V Bipolar Pyramidal,31,0.0155
terminal_distribution,weighted_random_walk_ensemble,MEC LIII Complex Pyramidal,MEC LII Stellate,50,0.025
terminal_distribution,weighted_random_walk_ensemble,MEC LIII Complex Pyramidal,SUB CA1 Projecting Pyramidal,45,0.0225
terminal_distribution,weighted_random_walk_ensemble,MEC LIII Complex Pyramidal,MEC LV Pyramidal,39,0.0195
terminal_distribution,weighted_random_walk_ensemble,MEC LIII Complex Pyramidal,EC LI II Multipolar Pyramidal,36,0.018
terminal_distribution,weighted_random_walk_ensemble,MEC LIII Complex Pyramidal,MEC LII III Pyramidal Multiform,37,0.0185
terminal_distribution,weighted_random_walk_ensemble,MEC LIII Complex Pyramidal,DG Semilunar Granule,28,0.014
terminal_distribution,weighted_random_walk_ensemble,MEC LIII Complex Pyramidal,EC LI II Pyramidal Fan,6,0.003
terminal_distribution,weighted_random_walk_ensemble,MEC LV Multipolar Pyramidal,CA1 Radiatum Giant,618,0.309
terminal_distribution,weighted_random_walk_ensemble,MEC LV Multipolar Pyramidal,CA1 Pyramidal,73,0.0365
terminal_distribution,weighted_random_walk_ensemble,MEC LV Multipolar Pyramidal,LEC LVI Multipolar Pyramidal,62,0.031
terminal_distribution,weighted_random_walk_ensemble,MEC LV Multipolar Pyramidal,SUB CA1 Projecting Pyramidal,30,0.015
terminal_distribution,weighted_random_walk_ensemble,MEC LV Multipolar Pyramidal,EC LV Deep Pyramidal,42,0.021
terminal_distribution,weighted_random_walk_ensemble,MEC LV Multipolar Pyramidal,DG Semilunar Granule,19,0.0095
terminal_distribution,weighted_random_walk_ensemble,MEC LV Multipolar Pyramidal,LEC LIII Multipolar Principal,57,0.0285
terminal_distribution,weighted_random_walk_ensemble,MEC LV Multipolar Pyramidal,CA3c Pyramidal,44,0.022
terminal_distribution,weighted_random_walk_ensemble,MEC LV Multipolar Pyramidal,EC LI II Multipolar Pyramidal,33,0.0165
terminal_distribution,weighted_random_walk_ensemble,MEC LV Multipolar Pyramidal,DG Mossy,41,0.0205
terminal_distribution,weighted_random_walk_ensemble,MEC LV Multipolar Pyramidal,EC LIII Pyramidal Stellate,46,0.023
terminal_distribution,weighted_random_walk_ensemble,MEC LV Multipolar Pyramidal,MEC LV VI Pyramidal Polymorphic,139,0.0695
terminal_distribution,weighted_random_walk_ensemble,MEC LV Multipolar Pyramidal,MEC LV Pyramidal,40,0.02
terminal_distribution,weighted_random_walk_ensemble,MEC LV Multipolar Pyramidal,MEC LII Stellate,48,0.024
terminal_distribution,weighted_random_walk_ensemble,MEC LV Multipolar Pyramidal,DG Granule,42,0.021
terminal_distribution,weighted_random_walk_ensemble,MEC LV Multipolar Pyramidal,EC LIII Pyramidal,32,0.016
terminal_distribution,weighted_random_walk_ensemble,MEC LV Multipolar Pyramidal,LEC LIII Complex Pyramidal,35,0.0175
terminal_distribution,weighted_random_walk_ensemble,MEC LV Multipolar Pyramidal,EC LIII V Bipolar Pyramidal,48,0.024
terminal_distribution,weighted_random_walk_ensemble,MEC LV Multipolar Pyramidal,CA2 Pyramidal,38,0.019
terminal_distribution,weighted_random_walk_ensemble,MEC LV Multipolar Pyramidal,MEC LIII Complex Pyramidal,73,0.0365
terminal_distribution,weighted_random_walk_ensemble,MEC LV Multipolar Pyramidal,CA3 Granule,105,0.0525
terminal_distribution,weighted_random_walk_ensemble,MEC LV Multipolar Pyramidal,MEC LII Oblique Pyramidal,26,0.013
terminal_distribution,weighted_random_walk_ensemble,MEC LV Multipolar Pyramidal,MEC LV Superficial Pyramidal,38,0.019
terminal_distribution,weighted_random_walk_ensemble,MEC LV Multipolar Pyramidal,MEC LII III Pyramidal Multiform,31,0.0155
terminal_distribution,weighted_random_walk_ensemble,MEC LV Multipolar Pyramidal,EC LII III Pyramidal Tripolar,38,0.019
terminal_distribution,weighted_random_walk_ensemble,MEC LV Multipolar Pyramidal,EC LIV VI Deep Multipolar Principal,53,0.0265
terminal_distribution,weighted_random_walk_ensemble,MEC LV Multipolar Pyramidal,DG Hilar Ectopic Granule,45,0.0225
terminal_distribution,weighted_random_walk_ensemble,MEC LV Multipolar Pyramidal,MEC LIII Bipolar Complex Pyramidal,39,0.0195
terminal_distribution,weighted_random_walk_ensemble,MEC LV Multipolar Pyramidal,EC LIII Stellate,39,0.0195
terminal_distribution,weighted_random_walk_ensemble,MEC LV Multipolar Pyramidal,CA3 Pyramidal,21,0.0105
terminal_distribution,weighted_random_walk_ensemble,MEC LV Multipolar Pyramidal,EC LI II Pyramidal Fan,5,0.0025
terminal_distribution,weighted_random_walk_ensemble,MEC LV Pyramidal,CA2 Pyramidal,49,0.0245
terminal_distribution,weighted_random_walk_ensemble,MEC LV Pyramidal,EC LIII Stellate,39,0.0195
terminal_distribution,weighted_random_walk_ensemble,MEC LV Pyramidal,CA3c Pyramidal,60,0.03
terminal_distribution,weighted_random_walk_ensemble,MEC LV Pyramidal,MEC LV VI Pyramidal Polymorphic,112,0.056
terminal_distribution,weighted_random_walk_ensemble,MEC LV Pyramidal,DG Hilar Ectopic Granule,74,0.037
terminal_distribution,weighted_random_walk_ensemble,MEC LV Pyramidal,EC LIV VI Deep Multipolar Principal,42,0.021
terminal_distribution,weighted_random_walk_ensemble,MEC LV Pyramidal,CA1 Radiatum Giant,584,0.292
terminal_distribution,weighted_random_walk_ensemble,MEC LV Pyramidal,SUB CA1 Projecting Pyramidal,46,0.023
terminal_distribution,weighted_random_walk_ensemble,MEC LV Pyramidal,EC LIII V Bipolar Pyramidal,39,0.0195
terminal_distribution,weighted_random_walk_ensemble,MEC LV Pyramidal,MEC LIII Complex Pyramidal,52,0.026
terminal_distribution,weighted_random_walk_ensemble,MEC LV Pyramidal,CA1 Pyramidal,76,0.038
terminal_distribution,weighted_random_walk_ensemble,MEC LV Pyramidal,DG Granule,93,0.0465
terminal_distribution,weighted_random_walk_ensemble,MEC LV Pyramidal,DG Mossy,69,0.0345
terminal_distribution,weighted_random_walk_ensemble,MEC LV Pyramidal,EC LII III Pyramidal Tripolar,31,0.0155
terminal_distribution,weighted_random_walk_ensemble,MEC LV Pyramidal,CA3 Granule,83,0.0415
terminal_distribution,weighted_random_walk_ensemble,MEC LV Pyramidal,LEC LVI Multipolar Pyramidal,65,0.0325
terminal_distribution,weighted_random_walk_ensemble,MEC LV Pyramidal,MEC LII Stellate,39,0.0195
terminal_distribution,weighted_random_walk_ensemble,MEC LV Pyramidal,LEC LIII Complex Pyramidal,25,0.0125
terminal_distribution,weighted_random_walk_ensemble,MEC LV Pyramidal,MEC LII Oblique Pyramidal,37,0.0185
terminal_distribution,weighted_random_walk_ensemble,MEC LV Pyramidal,EC LIII Pyramidal Stellate,40,0.02
terminal_distribution,weighted_random_walk_ensemble,MEC LV Pyramidal,LEC LIII Multipolar Principal,32,0.016
terminal_distribution,weighted_random_walk_ensemble,MEC LV Pyramidal,EC LI II Multipolar Pyramidal,29,0.0145
terminal_distribution,weighted_random_walk_ensemble,MEC LV Pyramidal,DG Semilunar Granule,26,0.013
terminal_distribution,weighted_random_walk_ensemble,MEC LV Pyramidal,EC LIII Pyramidal,30,0.015
terminal_distribution,weighted_random_walk_ensemble,MEC LV Pyramidal,MEC LIII Bipolar Complex Pyramidal,27,0.0135
terminal_distribution,weighted_random_walk_ensemble,MEC LV Pyramidal,EC LV Deep Pyramidal,54,0.027
terminal_distribution,weighted_random_walk_ensemble,MEC LV Pyramidal,MEC LV Multipolar Pyramidal,46,0.023
terminal_distribution,weighted_random_walk_ensemble,MEC LV Pyramidal,MEC LV Superficial Pyramidal,25,0.0125
terminal_distribution,weighted_random_walk_ensemble,MEC LV Pyramidal,CA3 Pyramidal,44,0.022
terminal_distribution,weighted_random_walk_ensemble,MEC LV Pyramidal,MEC LII III Pyramidal Multiform,30,0.015
terminal_distribution,weighted_random_walk_ensemble,MEC LV Pyramidal,EC LI II Pyramidal Fan,2,0.001
terminal_distribution,weighted_random_walk_ensemble,MEC LV Superficial Pyramidal,EC LIII Pyramidal Stellate,63,0.0315
terminal_distribution,weighted_random_walk_ensemble,MEC LV Superficial Pyramidal,MEC LII III Pyramidal Multiform,47,0.0235
terminal_distribution,weighted_random_walk_ensemble,MEC LV Superficial Pyramidal,LEC LIII Complex Pyramidal,24,0.012
terminal_distribution,weighted_random_walk_ensemble,MEC LV Superficial Pyramidal,MEC LII Oblique Pyramidal,36,0.018
terminal_distribution,weighted_random_walk_ensemble,MEC LV Superficial Pyramidal,MEC LII Stellate,52,0.026
terminal_distribution,weighted_random_walk_ensemble,MEC LV Superficial Pyramidal,EC LI II Multipolar Pyramidal,33,0.0165
terminal_distribution,weighted_random_walk_ensemble,MEC LV Superficial Pyramidal,DG Hilar Ectopic Granule,42,0.021
terminal_distribution,weighted_random_walk_ensemble,MEC LV Superficial Pyramidal,CA1 Radiatum Giant,589,0.2945
terminal_distribution,weighted_random_walk_ensemble,MEC LV Superficial Pyramidal,DG Semilunar Granule,24,0.012
terminal_distribution,weighted_random_walk_ensemble,MEC LV Superficial Pyramidal,MEC LIII Bipolar Complex Pyramidal,48,0.024
terminal_distribution,weighted_random_walk_ensemble,MEC LV Superficial Pyramidal,EC LIII V Bipolar Pyramidal,32,0.016
terminal_distribution,weighted_random_walk_ensemble,MEC LV Superficial Pyramidal,CA2 Pyramidal,37,0.0185
terminal_distribution,weighted_random_walk_ensemble,MEC LV Superficial Pyramidal,EC LIII Pyramidal,44,0.022
terminal_distribution,weighted_random_walk_ensemble,MEC LV Superficial Pyramidal,MEC LV VI Pyramidal Polymorphic,129,0.0645
terminal_distribution,weighted_random_walk_ensemble,MEC LV Superficial Pyramidal,DG Granule,61,0.0305
terminal_distribution,weighted_random_walk_ensemble,MEC LV Superficial Pyramidal,CA3 Granule,127,0.0635
terminal_distribution,weighted_random_walk_ensemble,MEC LV Superficial Pyramidal,CA1 Pyramidal,65,0.0325
terminal_distribution,weighted_random_walk_ensemble,MEC LV Superficial Pyramidal,EC LIV VI Deep Multipolar Principal,47,0.0235
terminal_distribution,weighted_random_walk_ensemble,MEC LV Superficial Pyramidal,EC LII III Pyramidal Tripolar,40,0.02
terminal_distribution,weighted_random_walk_ensemble,MEC LV Superficial Pyramidal,SUB CA1 Projecting Pyramidal,37,0.0185
terminal_distribution,weighted_random_walk_ensemble,MEC LV Superficial Pyramidal,EC LIII Stellate,25,0.0125
terminal_distribution,weighted_random_walk_ensemble,MEC LV Superficial Pyramidal,CA3c Pyramidal,40,0.02
terminal_distribution,weighted_random_walk_ensemble,MEC LV Superficial Pyramidal,MEC LV Multipolar Pyramidal,43,0.0215
terminal_distribution,weighted_random_walk_ensemble,MEC LV Superficial Pyramidal,DG Mossy,39,0.0195
terminal_distribution,weighted_random_walk_ensemble,MEC LV Superficial Pyramidal,LEC LVI Multipolar Pyramidal,56,0.028
terminal_distribution,weighted_random_walk_ensemble,MEC LV Superficial Pyramidal,MEC LIII Complex Pyramidal,59,0.0295
terminal_distribution,weighted_random_walk_ensemble,MEC LV Superficial Pyramidal,LEC LIII Multipolar Principal,41,0.0205
terminal_distribution,weighted_random_walk_ensemble,MEC LV Superficial Pyramidal,EC LV Deep Pyramidal,66,0.033
terminal_distribution,weighted_random_walk_ensemble,MEC LV Superficial Pyramidal,MEC LV Pyramidal,32,0.016
terminal_distribution,weighted_random_walk_ensemble,MEC LV Superficial Pyramidal,CA3 Pyramidal,19,0.0095
terminal_distribution,weighted_random_walk_ensemble,MEC LV Superficial Pyramidal,EC LI II Pyramidal Fan,3,0.0015
terminal_distribution,weighted_random_walk_ensemble,MEC LV VI Pyramidal Polymorphic,CA3 Granule,118,0.059
terminal_distribution,weighted_random_walk_ensemble,MEC LV VI Pyramidal Polymorphic,CA1 Radiatum Giant,669,0.3345
terminal_distribution,weighted_random_walk_ensemble,MEC LV VI Pyramidal Polymorphic,EC LV Deep Pyramidal,73,0.0365
terminal_distribution,weighted_random_walk_ensemble,MEC LV VI Pyramidal Polymorphic,MEC LV Superficial Pyramidal,40,0.02
terminal_distribution,weighted_random_walk_ensemble,MEC LV VI Pyramidal Polymorphic,CA1 Pyramidal,75,0.0375
terminal_distribution,weighted_random_walk_ensemble,MEC LV VI Pyramidal Polymorphic,CA3c Pyramidal,32,0.016
terminal_distribution,weighted_random_walk_ensemble,MEC LV VI Pyramidal Polymorphic,MEC LII Oblique Pyramidal,22,0.011
terminal_distribution,weighted_random_walk_ensemble,MEC LV VI Pyramidal Polymorphic,DG Granule,46,0.023
terminal_distribution,weighted_random_walk_ensemble,MEC LV VI Pyramidal Polymorphic,DG Mossy,32,0.016
terminal_distribution,weighted_random_walk_ensemble,MEC LV VI Pyramidal Polymorphic,MEC LIII Bipolar Complex Pyramidal,30,0.015
terminal_distribution,weighted_random_walk_ensemble,MEC LV VI Pyramidal Polymorphic,EC LIV VI Deep Multipolar Principal,72,0.036
terminal_distribution,weighted_random_walk_ensemble,MEC LV VI Pyramidal Polymorphic,MEC LV Multipolar Pyramidal,33,0.0165
terminal_distribution,weighted_random_walk_ensemble,MEC LV VI Pyramidal Polymorphic,EC LIII Pyramidal Stellate,48,0.024
terminal_distribution,weighted_random_walk_ensemble,MEC LV VI Pyramidal Polymorphic,EC LII III Pyramidal Tripolar,28,0.014
terminal_distribution,weighted_random_walk_ensemble,MEC LV VI Pyramidal Polymorphic,DG Hilar Ectopic Granule,61,0.0305
terminal_distribution,weighted_random_walk_ensemble,MEC LV VI Pyramidal Polymorphic,EC LI II Multipolar Pyramidal,28,0.014
terminal_distribution,weighted_random_walk_ensemble,MEC LV VI Pyramidal Polymorphic,MEC LV Pyramidal,40,0.02
terminal_distribution,weighted_random_walk_ensemble,MEC LV VI Pyramidal Polymorphic,CA3 Pyramidal,29,0.0145
terminal_distribution,weighted_random_walk_ensemble,MEC LV VI Pyramidal Polymorphic,LEC LIII Complex Pyramidal,49,0.0245
terminal_distribution,weighted_random_walk_ensemble,MEC LV VI Pyramidal Polymorphic,SUB CA1 Projecting Pyramidal,41,0.0205
terminal_distribution,weighted_random_walk_ensemble,MEC LV VI Pyramidal Polymorphic,EC LIII Stellate,40,0.02
terminal_distribution,weighted_random_walk_ensemble,MEC LV VI Pyramidal Polymorphic,LEC LVI Multipolar Pyramidal,55,0.0275
terminal_distribution,weighted_random_walk_ensemble,MEC LV VI Pyramidal Polymorphic,LEC LIII Multipolar Principal,62,0.031
terminal_distribution,weighted_random_walk_ensemble,MEC LV VI Pyramidal Polymorphic,EC LIII V Bipolar Pyramidal,37,0.0185
terminal_distribution,weighted_random_walk_ensemble,MEC LV VI Pyramidal Polymorphic,MEC LII III Pyramidal Multiform,37,0.0185
terminal_distribution,weighted_random_walk_ensemble,MEC LV VI Pyramidal Polymorphic,MEC LIII Complex Pyramidal,52,0.026
terminal_distribution,weighted_random_walk_ensemble,MEC LV VI Pyramidal Polymorphic,MEC LII Stellate,49,0.0245
terminal_distribution,weighted_random_walk_ensemble,MEC LV VI Pyramidal Polymorphic,CA2 Pyramidal,50,0.025
terminal_distribution,weighted_random_walk_ensemble,MEC LV VI Pyramidal Polymorphic,EC LIII Pyramidal,27,0.0135
terminal_distribution,weighted_random_walk_ensemble,MEC LV VI Pyramidal Polymorphic,DG Semilunar Granule,19,0.0095
terminal_distribution,weighted_random_walk_ensemble,MEC LV VI Pyramidal Polymorphic,EC LI II Pyramidal Fan,6,0.003
terminal_distribution,weighted_random_walk_ensemble,SUB CA1 Projecting Pyramidal,CA3c Pyramidal,51,0.0255
terminal_distribution,weighted_random_walk_ensemble,SUB CA1 Projecting Pyramidal,DG Granule,76,0.038
terminal_distribution,weighted_random_walk_ensemble,SUB CA1 Projecting Pyramidal,DG Hilar Ectopic Granule,77,0.0385
terminal_distribution,weighted_random_walk_ensemble,SUB CA1 Projecting Pyramidal,CA1 Radiatum Giant,552,0.276
terminal_distribution,weighted_random_walk_ensemble,SUB CA1 Projecting Pyramidal,MEC LII Stellate,24,0.012
terminal_distribution,weighted_random_walk_ensemble,SUB CA1 Projecting Pyramidal,MEC LV Multipolar Pyramidal,26,0.013
terminal_distribution,weighted_random_walk_ensemble,SUB CA1 Projecting Pyramidal,EC LIII Pyramidal Stellate,35,0.0175
terminal_distribution,weighted_random_walk_ensemble,SUB CA1 Projecting Pyramidal,EC LV Deep Pyramidal,60,0.03
terminal_distribution,weighted_random_walk_ensemble,SUB CA1 Projecting Pyramidal,CA1 Pyramidal,104,0.052
terminal_distribution,weighted_random_walk_ensemble,SUB CA1 Projecting Pyramidal,EC LII III Pyramidal Tripolar,32,0.016
terminal_distribution,weighted_random_walk_ensemble,SUB CA1 Projecting Pyramidal,CA3 Granule,202,0.101
terminal_distribution,weighted_random_walk_ensemble,SUB CA1 Projecting Pyramidal,MEC LIII Complex Pyramidal,47,0.0235
terminal_distribution,weighted_random_walk_ensemble,SUB CA1 Projecting Pyramidal,LEC LVI Multipolar Pyramidal,46,0.023
terminal_distribution,weighted_random_walk_ensemble,SUB CA1 Projecting Pyramidal,MEC LV VI Pyramidal Polymorphic,125,0.0625
terminal_distribution,weighted_random_walk_ensemble,SUB CA1 Projecting Pyramidal,LEC LIII Complex Pyramidal,27,0.0135
terminal_distribution,weighted_random_walk_ensemble,SUB CA1 Projecting Pyramidal,EC LIII Pyramidal,34,0.017
terminal_distribution,weighted_random_walk_ensemble,SUB CA1 Projecting Pyramidal,MEC LIII Bipolar Complex Pyramidal,34,0.017
terminal_distribution,weighted_random_walk_ensemble,SUB CA1 Projecting Pyramidal,EC LI II Multipolar Pyramidal,26,0.013
terminal_distribution,weighted_random_walk_ensemble,SUB CA1 Projecting Pyramidal,MEC LII Oblique Pyramidal,18,0.009
terminal_distribution,weighted_random_walk_ensemble,SUB CA1 Projecting Pyramidal,EC LIII V Bipolar Pyramidal,37,0.0185
terminal_distribution,weighted_random_walk_ensemble,SUB CA1 Projecting Pyramidal,MEC LII III Pyramidal Multiform,42,0.021
terminal_distribution,weighted_random_walk_ensemble,SUB CA1 Projecting Pyramidal,MEC LV Pyramidal,33,0.0165
terminal_distribution,weighted_random_walk_ensemble,SUB CA1 Projecting Pyramidal,CA2 Pyramidal,46,0.023
terminal_distribution,weighted_random_walk_ensemble,SUB CA1 Projecting Pyramidal,LEC LIII Multipolar Principal,45,0.0225
terminal_distribution,weighted_random_walk_ensemble,SUB CA1 Projecting Pyramidal,CA3 Pyramidal,48,0.024
terminal_distribution,weighted_random_walk_ensemble,SUB CA1 Projecting Pyramidal,EC LIII Stellate,30,0.015
terminal_distribution,weighted_random_walk_ensemble,SUB CA1 Projecting Pyramidal,DG Semilunar Granule,21,0.0105
terminal_distribution,weighted_random_walk_ensemble,SUB CA1 Projecting Pyramidal,DG Mossy,38,0.019
terminal_distribution,weighted_random_walk_ensemble,SUB CA1 Projecting Pyramidal,EC LIV VI Deep Multipolar Principal,43,0.0215
terminal_distribution,weighted_random_walk_ensemble,SUB CA1 Projecting Pyramidal,MEC LV Superficial Pyramidal,19,0.0095
terminal_distribution,weighted_random_walk_ensemble,SUB CA1 Projecting Pyramidal,EC LI II Pyramidal Fan,2,0.001
terminal_distribution,boltzmann_path_sampling,CA1 Pyramidal,CA3 Granule,332,0.166
terminal_distribution,boltzmann_path_sampling,CA1 Pyramidal,MEC LII Stellate,28,0.014
terminal_distribution,boltzmann_path_sampling,CA1 Pyramidal,CA3 Pyramidal,23,0.0115
terminal_distribution,boltzmann_path_sampling,CA1 Pyramidal,CA1 Radiatum Giant,1138,0.569
terminal_distribution,boltzmann_path_sampling,CA1 Pyramidal,LEC LIII Multipolar Principal,27,0.0135
terminal_distribution,boltzmann_path_sampling,CA1 Pyramidal,EC LI II Multipolar Pyramidal,23,0.0115
terminal_distribution,boltzmann_path_sampling,CA1 Pyramidal,EC LIII Pyramidal Stellate,18,0.009
terminal_distribution,boltzmann_path_sampling,CA1 Pyramidal,EC LIV VI Deep Multipolar Principal,40,0.02
terminal_distribution,boltzmann_path_sampling,CA1 Pyramidal,EC LIII V Bipolar Pyramidal,3,0.0015
terminal_distribution,boltzmann_path_sampling,CA1 Pyramidal,LEC LIII Complex Pyramidal,12,0.006
terminal_distribution,boltzmann_path_sampling,CA1 Pyramidal,CA2 Pyramidal,32,0.016
terminal_distribution,boltzmann_path_sampling,CA1 Pyramidal,MEC LV VI Pyramidal Polymorphic,52,0.026
terminal_distribution,boltzmann_path_sampling,CA1 Pyramidal,MEC LV Multipolar Pyramidal,8,0.004
terminal_distribution,boltzmann_path_sampling,CA1 Pyramidal,EC LII III Pyramidal Tripolar,9,0.0045
terminal_distribution,boltzmann_path_sampling,CA1 Pyramidal,MEC LIII Complex Pyramidal,27,0.0135
terminal_distribution,boltzmann_path_sampling,CA1 Pyramidal,LEC LVI Multipolar Pyramidal,26,0.013
terminal_distribution,boltzmann_path_sampling,CA1 Pyramidal,DG Hilar Ectopic Granule,36,0.018
terminal_distribution,boltzmann_path_sampling,CA1 Pyramidal,EC LI II Pyramidal Fan,2,0.001
terminal_distribution,boltzmann_path_sampling,CA1 Pyramidal,DG Granule,39,0.0195
terminal_distribution,boltzmann_path_sampling,CA1 Pyramidal,EC LIII Stellate,16,0.008
terminal_distribution,boltzmann_path_sampling,CA1 Pyramidal,DG Mossy,29,0.0145
terminal_distribution,boltzmann_path_sampling,CA1 Pyramidal,MEC LV Pyramidal,8,0.004
terminal_distribution,boltzmann_path_sampling,CA1 Pyramidal,CA3c Pyramidal,36,0.018
terminal_distribution,boltzmann_path_sampling,CA1 Pyramidal,SUB CA1 Projecting Pyramidal,3,0.0015
terminal_distribution,boltzmann_path_sampling,CA1 Pyramidal,EC LIII Pyramidal,7,0.0035
terminal_distribution,boltzmann_path_sampling,CA1 Pyramidal,MEC LII Oblique Pyramidal,6,0.003
terminal_distribution,boltzmann_path_sampling,CA1 Pyramidal,EC LV Deep Pyramidal,6,0.003
terminal_distribution,boltzmann_path_sampling,CA1 Pyramidal,MEC LIII Bipolar Complex Pyramidal,6,0.003
terminal_distribution,boltzmann_path_sampling,CA1 Pyramidal,MEC LV Superficial Pyramidal,3,0.0015
terminal_distribution,boltzmann_path_sampling,CA1 Pyramidal,MEC LII III Pyramidal Multiform,4,0.002
terminal_distribution,boltzmann_path_sampling,CA1 Pyramidal,DG Semilunar Granule,1,0.0005
terminal_distribution,boltzmann_path_sampling,CA1 Radiatum Giant,CA3 Granule,359,0.1795
terminal_distribution,boltzmann_path_sampling,CA1 Radiatum Giant,CA3 Pyramidal,687,0.3435
terminal_distribution,boltzmann_path_sampling,CA1 Radiatum Giant,SUB CA1 Projecting Pyramidal,368,0.184
terminal_distribution,boltzmann_path_sampling,CA1 Radiatum Giant,CA1 Pyramidal,36,0.018
terminal_distribution,boltzmann_path_sampling,CA1 Radiatum Giant,CA2 Pyramidal,91,0.0455
terminal_distribution,boltzmann_path_sampling,CA1 Radiatum Giant,LEC LVI Multipolar Pyramidal,29,0.0145
terminal_distribution,boltzmann_path_sampling,CA1 Radiatum Giant,DG Granule,41,0.0205
terminal_distribution,boltzmann_path_sampling,CA1 Radiatum Giant,LEC LIII Complex Pyramidal,8,0.004
terminal_distribution,boltzmann_path_sampling,CA1 Radiatum Giant,EC LIV VI Deep Multipolar Principal,31,0.0155
terminal_distribution,boltzmann_path_sampling,CA1 Radiatum Giant,LEC LIII Multipolar Principal,31,0.0155
terminal_distribution,boltzmann_path_sampling,CA1 Radiatum Giant,DG Hilar Ectopic Granule,43,0.0215
terminal_distribution,boltzmann_path_sampling,CA1 Radiatum Giant,MEC LIII Complex Pyramidal,28,0.014
terminal_distribution,boltzmann_path_sampling,CA1 Radiatum Giant,EC LI II Multipolar Pyramidal,13,0.0065
terminal_distribution,boltzmann_path_sampling,CA1 Radiatum Giant,MEC LII Stellate,27,0.0135
terminal_distribution,boltzmann_path_sampling,CA1 Radiatum Giant,MEC LV Pyramidal,11,0.0055
terminal_distribution,boltzmann_path_sampling,CA1 Radiatum Giant,MEC LII III Pyramidal Multiform,5,0.0025
terminal_distribution,boltzmann_path_sampling,CA1 Radiatum Giant,MEC LIII Bipolar Complex Pyramidal,14,0.007
terminal_distribution,boltzmann_path_sampling,CA1 Radiatum Giant,EC LIII Stellate,10,0.005
terminal_distribution,boltzmann_path_sampling,CA1 Radiatum Giant,CA3c Pyramidal,19,0.0095
terminal_distribution,boltzmann_path_sampling,CA1 Radiatum Giant,DG Mossy,22,0.011
terminal_distribution,boltzmann_path_sampling,CA1 Radiatum Giant,EC LV Deep Pyramidal,11,0.0055
terminal_distribution,boltzmann_path_sampling,CA1 Radiatum Giant,MEC LV VI Pyramidal Polymorphic,44,0.022
terminal_distribution,boltzmann_path_sampling,CA1 Radiatum Giant,EC LIII Pyramidal Stellate,14,0.007
terminal_distribution,boltzmann_path_sampling,CA1 Radiatum Giant,EC LIII Pyramidal,7,0.0035
terminal_distribution,boltzmann_path_sampling,CA1 Radiatum Giant,EC LII III Pyramidal Tripolar,15,0.0075
terminal_distribution,boltzmann_path_sampling,CA1 Radiatum Giant,EC LIII V Bipolar Pyramidal,6,0.003
terminal_distribution,boltzmann_path_sampling,CA1 Radiatum Giant,MEC LV Multipolar Pyramidal,9,0.0045
terminal_distribution,boltzmann_path_sampling,CA1 Radiatum Giant,DG Semilunar Granule,6,0.003
terminal_distribution,boltzmann_path_sampling,CA1 Radiatum Giant,EC LI II Pyramidal Fan,3,0.0015
terminal_distribution,boltzmann_path_sampling,CA1 Radiatum Giant,MEC LII Oblique Pyramidal,6,0.003
terminal_distribution,boltzmann_path_sampling,CA1 Radiatum Giant,MEC LV Superficial Pyramidal,6,0.003
terminal_distribution,boltzmann_path_sampling,CA2 Pyramidal,CA1 Radiatum Giant,1244,0.622
terminal_distribution,boltzmann_path_sampling,CA2 Pyramidal,CA3c Pyramidal,34,0.017
terminal_distribution,boltzmann_path_sampling,CA2 Pyramidal,DG Hilar Ectopic Granule,50,0.025
terminal_distribution,boltzmann_path_sampling,CA2 Pyramidal,DG Mossy,32,0.016
terminal_distribution,boltzmann_path_sampling,CA2 Pyramidal,CA1 Pyramidal,40,0.02
terminal_distribution,boltzmann_path_sampling,CA2 Pyramidal,MEC LIII Complex Pyramidal,24,0.012
terminal_distribution,boltzmann_path_sampling,CA2 Pyramidal,CA3 Granule,216,0.108
terminal_distribution,boltzmann_path_sampling,CA2 Pyramidal,EC LV Deep Pyramidal,10,0.005
terminal_distribution,boltzmann_path_sampling,CA2 Pyramidal,MEC LV Multipolar Pyramidal,9,0.0045
terminal_distribution,boltzmann_path_sampling,CA2 Pyramidal,MEC LV VI Pyramidal Polymorphic,39,0.0195
terminal_distribution,boltzmann_path_sampling,CA2 Pyramidal,EC LII III Pyramidal Tripolar,9,0.0045
terminal_distribution,boltzmann_path_sampling,CA2 Pyramidal,EC LIV VI Deep Multipolar Principal,34,0.017
terminal_distribution,boltzmann_path_sampling,CA2 Pyramidal,SUB CA1 Projecting Pyramidal,15,0.0075
terminal_distribution,boltzmann_path_sampling,CA2 Pyramidal,CA3 Pyramidal,31,0.0155
terminal_distribution,boltzmann_path_sampling,CA2 Pyramidal,MEC LIII Bipolar Complex Pyramidal,9,0.0045
terminal_distribution,boltzmann_path_sampling,CA2 Pyramidal,LEC LIII Complex Pyramidal,12,0.006
terminal_distribution,boltzmann_path_sampling,CA2 Pyramidal,MEC LII III Pyramidal Multiform,5,0.0025
terminal_distribution,boltzmann_path_sampling,CA2 Pyramidal,MEC LII Stellate,18,0.009
terminal_distribution,boltzmann_path_sampling,CA2 Pyramidal,LEC LIII Multipolar Principal,22,0.011
terminal_distribution,boltzmann_path_sampling,CA2 Pyramidal,LEC LVI Multipolar Pyramidal,28,0.014
terminal_distribution,boltzmann_path_sampling,CA2 Pyramidal,EC LIII Pyramidal Stellate,6,0.003
terminal_distribution,boltzmann_path_sampling,CA2 Pyramidal,DG Granule,42,0.021
terminal_distribution,boltzmann_path_sampling,CA2 Pyramidal,EC LIII V Bipolar Pyramidal,12,0.006
terminal_distribution,boltzmann_path_sampling,CA2 Pyramidal,MEC LV Superficial Pyramidal,13,0.0065
terminal_distribution,boltzmann_path_sampling,CA2 Pyramidal,DG Semilunar Granule,8,0.004
terminal_distribution,boltzmann_path_sampling,CA2 Pyramidal,EC LI II Multipolar Pyramidal,13,0.0065
terminal_distribution,boltzmann_path_sampling,CA2 Pyramidal,MEC LII Oblique Pyramidal,6,0.003
terminal_distribution,boltzmann_path_sampling,CA2 Pyramidal,EC LIII Stellate,12,0.006
terminal_distribution,boltzmann_path_sampling,CA2 Pyramidal,MEC LV Pyramidal,3,0.0015
terminal_distribution,boltzmann_path_sampling,CA2 Pyramidal,EC LIII Pyramidal,4,0.002
terminal_distribution,boltzmann_path_sampling,CA3 Granule,MEC LII Stellate,30,0.015
terminal_distribution,boltzmann_path_sampling,CA3 Granule,CA1 Radiatum Giant,1281,0.6405
terminal_distribution,boltzmann_path_sampling,CA3 Granule,EC LIII V Bipolar Pyramidal,17,0.0085
terminal_distribution,boltzmann_path_sampling,CA3 Granule,CA3c Pyramidal,32,0.016
terminal_distribution,boltzmann_path_sampling,CA3 Granule,DG Mossy,24,0.012
terminal_distribution,boltzmann_path_sampling,CA3 Granule,DG Granule,54,0.027
terminal_distribution,boltzmann_path_sampling,CA3 Granule,DG Hilar Ectopic Granule,138,0.069
terminal_distribution,boltzmann_path_sampling,CA3 Granule,EC LIV VI Deep Multipolar Principal,31,0.0155
terminal_distribution,boltzmann_path_sampling,CA3 Granule,MEC LV VI Pyramidal Polymorphic,48,0.024
terminal_distribution,boltzmann_path_sampling,CA3 Granule,MEC LIII Complex Pyramidal,38,0.019
terminal_distribution,boltzmann_path_sampling,CA3 Granule,LEC LIII Multipolar Principal,26,0.013
terminal_distribution,boltzmann_path_sampling,CA3 Granule,SUB CA1 Projecting Pyramidal,12,0.006
terminal_distribution,boltzmann_path_sampling,CA3 Granule,EC LV Deep Pyramidal,20,0.01
terminal_distribution,boltzmann_path_sampling,CA3 Granule,MEC LII III Pyramidal Multiform,5,0.0025
terminal_distribution,boltzmann_path_sampling,CA3 Granule,EC LIII Stellate,10,0.005
terminal_distribution,boltzmann_path_sampling,CA3 Granule,EC LIII Pyramidal Stellate,13,0.0065
terminal_distribution,boltzmann_path_sampling,CA3 Granule,CA1 Pyramidal,29,0.0145
terminal_distribution,boltzmann_path_sampling,CA3 Granule,MEC LIII Bipolar Complex Pyramidal,16,0.008
terminal_distribution,boltzmann_path_sampling,CA3 Granule,MEC LII Oblique Pyramidal,8,0.004
terminal_distribution,boltzmann_path_sampling,CA3 Granule,DG Semilunar Granule,14,0.007
terminal_distribution,boltzmann_path_sampling,CA3 Granule,LEC LVI Multipolar Pyramidal,24,0.012
terminal_distribution,boltzmann_path_sampling,CA3 Granule,CA2 Pyramidal,30,0.015
terminal_distribution,boltzmann_path_sampling,CA3 Granule,EC LI II Multipolar Pyramidal,14,0.007
terminal_distribution,boltzmann_path_sampling,CA3 Granule,EC LII III Pyramidal Tripolar,8,0.004
terminal_distribution,boltzmann_path_sampling,CA3 Granule,CA3 Pyramidal,30,0.015
terminal_distribution,boltzmann_path_sampling,CA3 Granule,EC LIII Pyramidal,6,0.003
terminal_distribution,boltzmann_path_sampling,CA3 Granule,MEC LV Pyramidal,12,0.006
terminal_distribution,boltzmann_path_sampling,CA3 Granule,LEC LIII Complex Pyramidal,11,0.0055
terminal_distribution,boltzmann_path_sampling,CA3 Granule,MEC LV Multipolar Pyramidal,12,0.006
terminal_distribution,boltzmann_path_sampling,CA3 Granule,MEC LV Superficial Pyramidal,6,0.003
terminal_distribution,boltzmann_path_sampling,CA3 Granule,EC LI II Pyramidal Fan,1,0.0005
terminal_distribution,boltzmann_path_sampling,CA3 Pyramidal,CA1 Radiatum Giant,530,0.265
terminal_distribution,boltzmann_path_sampling,CA3 Pyramidal,MEC LV Superficial Pyramidal,10,0.005
terminal_distribution,boltzmann_path_sampling,CA3 Pyramidal,EC LIII Stellate,12,0.006
terminal_distribution,boltzmann_path_sampling,CA3 Pyramidal,MEC LV VI Pyramidal Polymorphic,49,0.0245
terminal_distribution,boltzmann_path_sampling,CA3 Pyramidal,CA3 Granule,392,0.196
terminal_distribution,boltzmann_path_sampling,CA3 Pyramidal,DG Hilar Ectopic Granule,455,0.2275
terminal_distribution,boltzmann_path_sampling,CA3 Pyramidal,DG Granule,154,0.077
terminal_distribution,boltzmann_path_sampling,CA3 Pyramidal,CA2 Pyramidal,34,0.017
terminal_distribution,boltzmann_path_sampling,CA3 Pyramidal,CA1 Pyramidal,38,0.019
terminal_distribution,boltzmann_path_sampling,CA3 Pyramidal,LEC LVI Multipolar Pyramidal,19,0.0095
terminal_distribution,boltzmann_path_sampling,CA3 Pyramidal,EC LIII Pyramidal,7,0.0035
terminal_distribution,boltzmann_path_sampling,CA3 Pyramidal,DG Mossy,28,0.014
terminal_distribution,boltzmann_path_sampling,CA3 Pyramidal,SUB CA1 Projecting Pyramidal,18,0.009
terminal_distribution,boltzmann_path_sampling,CA3 Pyramidal,EC LIII V Bipolar Pyramidal,5,0.0025
terminal_distribution,boltzmann_path_sampling,CA3 Pyramidal,EC LIII Pyramidal Stellate,17,0.0085
terminal_distribution,boltzmann_path_sampling,CA3 Pyramidal,DG Semilunar Granule,21,0.0105
terminal_distribution,boltzmann_path_sampling,CA3 Pyramidal,EC LI II Multipolar Pyramidal,12,0.006
terminal_distribution,boltzmann_path_sampling,CA3 Pyramidal,CA3c Pyramidal,17,0.0085
terminal_distribution,boltzmann_path_sampling,CA3 Pyramidal,LEC LIII Multipolar Principal,25,0.0125
terminal_distribution,boltzmann_path_sampling,CA3 Pyramidal,MEC LIII Bipolar Complex Pyramidal,8,0.004
terminal_distribution,boltzmann_path_sampling,CA3 Pyramidal,MEC LII Stellate,26,0.013
terminal_distribution,boltzmann_path_sampling,CA3 Pyramidal,EC LIV VI Deep Multipolar Principal,29,0.0145
terminal_distribution,boltzmann_path_sampling,CA3 Pyramidal,MEC LII III Pyramidal Multiform,13,0.0065
terminal_distribution,boltzmann_path_sampling,CA3 Pyramidal,LEC LIII Complex Pyramidal,10,0.005
terminal_distribution,boltzmann_path_sampling,CA3 Pyramidal,EC LII III Pyramidal Tripolar,10,0.005
terminal_distribution,boltzmann_path_sampling,CA3 Pyramidal,MEC LIII Complex Pyramidal,22,0.011
terminal_distribution,boltzmann_path_sampling,CA3 Pyramidal,EC LV Deep Pyramidal,9,0.0045
terminal_distribution,boltzmann_path_sampling,CA3 Pyramidal,MEC LV Pyramidal,8,0.004
terminal_distribution,boltzmann_path_sampling,CA3 Pyramidal,MEC LV Multipolar Pyramidal,14,0.007
terminal_distribution,boltzmann_path_sampling,CA3 Pyramidal,MEC LII Oblique Pyramidal,8,0.004
terminal_distribution,boltzmann_path_sampling,CA3c Pyramidal,CA1 Radiatum Giant,373,0.1865
terminal_distribution,boltzmann_path_sampling,CA3c Pyramidal,DG Hilar Ectopic Granule,593,0.2965
terminal_distribution,boltzmann_path_sampling,CA3c Pyramidal,LEC LIII Multipolar Principal,26,0.013
terminal_distribution,boltzmann_path_sampling,CA3c Pyramidal,MEC LII Stellate,31,0.0155
terminal_distribution,boltzmann_path_sampling,CA3c Pyramidal,EC LIII Pyramidal,5,0.0025
terminal_distribution,boltzmann_path_sampling,CA3c Pyramidal,CA3 Granule,480,0.24
terminal_distribution,boltzmann_path_sampling,CA3c Pyramidal,DG Granule,83,0.0415
terminal_distribution,boltzmann_path_sampling,CA3c Pyramidal,EC LIII V Bipolar Pyramidal,13,0.0065
terminal_distribution,boltzmann_path_sampling,CA3c Pyramidal,EC LI II Multipolar Pyramidal,15,0.0075
terminal_distribution,boltzmann_path_sampling,CA3c Pyramidal,SUB CA1 Projecting Pyramidal,11,0.0055
terminal_distribution,boltzmann_path_sampling,CA3c Pyramidal,EC LIV VI Deep Multipolar Principal,33,0.0165
terminal_distribution,boltzmann_path_sampling,CA3c Pyramidal,MEC LII III Pyramidal Multiform,8,0.004
terminal_distribution,boltzmann_path_sampling,CA3c Pyramidal,CA3 Pyramidal,21,0.0105
terminal_distribution,boltzmann_path_sampling,CA3c Pyramidal,LEC LVI Multipolar Pyramidal,24,0.012
terminal_distribution,boltzmann_path_sampling,CA3c Pyramidal,EC LIII Pyramidal Stellate,11,0.0055
terminal_distribution,boltzmann_path_sampling,CA3c Pyramidal,MEC LV VI Pyramidal Polymorphic,42,0.021
terminal_distribution,boltzmann_path_sampling,CA3c Pyramidal,CA2 Pyramidal,31,0.0155
terminal_distribution,boltzmann_path_sampling,CA3c Pyramidal,MEC LIII Complex Pyramidal,38,0.019
terminal_distribution,boltzmann_path_sampling,CA3c Pyramidal,DG Mossy,28,0.014
terminal_distribution,boltzmann_path_sampling,CA3c Pyramidal,MEC LIII Bipolar Complex Pyramidal,11,0.0055
terminal_distribution,boltzmann_path_sampling,CA3c Pyramidal,CA1 Pyramidal,38,0.019
terminal_distribution,boltzmann_path_sampling,CA3c Pyramidal,MEC LV Pyramidal,7,0.0035
terminal_distribution,boltzmann_path_sampling,CA3c Pyramidal,LEC LIII Complex Pyramidal,15,0.0075
terminal_distribution,boltzmann_path_sampling,CA3c Pyramidal,EC LII III Pyramidal Tripolar,10,0.005
terminal_distribution,boltzmann_path_sampling,CA3c Pyramidal,EC LIII Stellate,10,0.005
terminal_distribution,boltzmann_path_sampling,CA3c Pyramidal,DG Semilunar Granule,5,0.0025
terminal_distribution,boltzmann_path_sampling,CA3c Pyramidal,EC LV Deep Pyramidal,15,0.0075
terminal_distribution,boltzmann_path_sampling,CA3c Pyramidal,MEC LV Multipolar Pyramidal,8,0.004
terminal_distribution,boltzmann_path_sampling,CA3c Pyramidal,MEC LII Oblique Pyramidal,8,0.004
terminal_distribution,boltzmann_path_sampling,CA3c Pyramidal,MEC LV Superficial Pyramidal,6,0.003
terminal_distribution,boltzmann_path_sampling,CA3c Pyramidal,EC LI II Pyramidal Fan,1,0.0005
terminal_distribution,boltzmann_path_sampling,DG Granule,CA1 Radiatum Giant,1162,0.581
terminal_distribution,boltzmann_path_sampling,DG Granule,CA3 Pyramidal,24,0.012
terminal_distribution,boltzmann_path_sampling,DG Granule,CA3 Granule,194,0.097
terminal_distribution,boltzmann_path_sampling,DG Granule,CA3c Pyramidal,37,0.0185
terminal_distribution,boltzmann_path_sampling,DG Granule,SUB CA1 Projecting Pyramidal,26,0.013
terminal_distribution,boltzmann_path_sampling,DG Granule,EC LII III Pyramidal Tripolar,9,0.0045
terminal_distribution,boltzmann_path_sampling,DG Granule,EC LIII Pyramidal,8,0.004
terminal_distribution,boltzmann_path_sampling,DG Granule,DG Semilunar Granule,21,0.0105
terminal_distribution,boltzmann_path_sampling,DG Granule,CA1 Pyramidal,36,0.018
terminal_distribution,boltzmann_path_sampling,DG Granule,MEC LV VI Pyramidal Polymorphic,51,0.0255
terminal_distribution,boltzmann_path_sampling,DG Granule,CA2 Pyramidal,48,0.024
terminal_distribution,boltzmann_path_sampling,DG Granule,EC LIII Stellate,19,0.0095
terminal_distribution,boltzmann_path_sampling,DG Granule,EC LIII Pyramidal Stellate,18,0.009
terminal_distribution,boltzmann_path_sampling,DG Granule,MEC LII III Pyramidal Multiform,10,0.005
terminal_distribution,boltzmann_path_sampling,DG Granule,DG Hilar Ectopic Granule,56,0.028
terminal_distribution,boltzmann_path_sampling,DG Granule,DG Mossy,40,0.02
terminal_distribution,boltzmann_path_sampling,DG Granule,MEC LII Oblique Pyramidal,12,0.006
terminal_distribution,boltzmann_path_sampling,DG Granule,LEC LIII Multipolar Principal,35,0.0175
terminal_distribution,boltzmann_path_sampling,DG Granule,LEC LIII Complex Pyramidal,17,0.0085
terminal_distribution,boltzmann_path_sampling,DG Granule,EC LI II Multipolar Pyramidal,15,0.0075
terminal_distribution,boltzmann_path_sampling,DG Granule,LEC LVI Multipolar Pyramidal,15,0.0075
terminal_distribution,boltzmann_path_sampling,DG Granule,MEC LIII Complex Pyramidal,29,0.0145
terminal_distribution,boltzmann_path_sampling,DG Granule,MEC LII Stellate,20,0.01
terminal_distribution,boltzmann_path_sampling,DG Granule,EC LV Deep Pyramidal,27,0.0135
terminal_distribution,boltzmann_path_sampling,DG Granule,EC LIII V Bipolar Pyramidal,20,0.01
terminal_distribution,boltzmann_path_sampling,DG Granule,EC LIV VI Deep Multipolar Principal,18,0.009
terminal_distribution,boltzmann_path_sampling,DG Granule,MEC LV Multipolar Pyramidal,9,0.0045
terminal_distribution,boltzmann_path_sampling,DG Granule,MEC LIII Bipolar Complex Pyramidal,6,0.003
terminal_distribution,boltzmann_path_sampling,DG Granule,MEC LV Pyramidal,5,0.0025
terminal_distribution,boltzmann_path_sampling,DG Granule,MEC LV Superficial Pyramidal,12,0.006
terminal_distribution,boltzmann_path_sampling,DG Granule,EC LI II Pyramidal Fan,1,0.0005
terminal_distribution,boltzmann_path_sampling,DG Hilar Ectopic Granule,MEC LIII Bipolar Complex Pyramidal,14,0.007
terminal_distribution,boltzmann_path_sampling,DG Hilar Ectopic Granule,CA1 Radiatum Giant,1313,0.6565
terminal_distribution,boltzmann_path_sampling,DG Hilar Ectopic Granule,CA2 Pyramidal,47,0.0235
terminal_distribution,boltzmann_path_sampling,DG Hilar Ectopic Granule,EC LIII Stellate,19,0.0095
terminal_distribution,boltzmann_path_sampling,DG Hilar Ectopic Granule,DG Granule,55,0.0275
terminal_distribution,boltzmann_path_sampling,DG Hilar Ectopic Granule,EC LV Deep Pyramidal,23,0.0115
terminal_distribution,boltzmann_path_sampling,DG Hilar Ectopic Granule,MEC LV Multipolar Pyramidal,11,0.0055
terminal_distribution,boltzmann_path_sampling,DG Hilar Ectopic Granule,DG Mossy,45,0.0225
terminal_distribution,boltzmann_path_sampling,DG Hilar Ectopic Granule,MEC LIII Complex Pyramidal,31,0.0155
terminal_distribution,boltzmann_path_sampling,DG Hilar Ectopic Granule,MEC LV Pyramidal,6,0.003
terminal_distribution,boltzmann_path_sampling,DG Hilar Ectopic Granule,MEC LII Stellate,22,0.011
terminal_distribution,boltzmann_path_sampling,DG Hilar Ectopic Granule,CA3c Pyramidal,22,0.011
terminal_distribution,boltzmann_path_sampling,DG Hilar Ectopic Granule,CA3 Granule,71,0.0355
terminal_distribution,boltzmann_path_sampling,DG Hilar Ectopic Granule,MEC LV VI Pyramidal Polymorphic,48,0.024
terminal_distribution,boltzmann_path_sampling,DG Hilar Ectopic Granule,LEC LVI Multipolar Pyramidal,20,0.01
terminal_distribution,boltzmann_path_sampling,DG Hilar Ectopic Granule,EC LIII Pyramidal Stellate,20,0.01
terminal_distribution,boltzmann_path_sampling,DG Hilar Ectopic Granule,LEC LIII Complex Pyramidal,13,0.0065
terminal_distribution,boltzmann_path_sampling,DG Hilar Ectopic Granule,CA1 Pyramidal,44,0.022
terminal_distribution,boltzmann_path_sampling,DG Hilar Ectopic Granule,LEC LIII Multipolar Principal,31,0.0155
terminal_distribution,boltzmann_path_sampling,DG Hilar Ectopic Granule,MEC LV Superficial Pyramidal,12,0.006
terminal_distribution,boltzmann_path_sampling,DG Hilar Ectopic Granule,EC LII III Pyramidal Tripolar,10,0.005
terminal_distribution,boltzmann_path_sampling,DG Hilar Ectopic Granule,EC LIII Pyramidal,16,0.008
terminal_distribution,boltzmann_path_sampling,DG Hilar Ectopic Granule,SUB CA1 Projecting Pyramidal,25,0.0125
terminal_distribution,boltzmann_path_sampling,DG Hilar Ectopic Granule,MEC LII Oblique Pyramidal,21,0.0105
terminal_distribution,boltzmann_path_sampling,DG Hilar Ectopic Granule,EC LI II Multipolar Pyramidal,12,0.006
terminal_distribution,boltzmann_path_sampling,DG Hilar Ectopic Granule,MEC LII III Pyramidal Multiform,9,0.0045
terminal_distribution,boltzmann_path_sampling,DG Hilar Ectopic Granule,EC LIII V Bipolar Pyramidal,5,0.0025
terminal_distribution,boltzmann_path_sampling,DG Hilar Ectopic Granule,EC LIV VI Deep Multipolar Principal,17,0.0085
terminal_distribution,boltzmann_path_sampling,DG Hilar Ectopic Granule,CA3 Pyramidal,7,0.0035
terminal_distribution,boltzmann_path_sampling,DG Hilar Ectopic Granule,DG Semilunar Granule,11,0.0055
terminal_distribution,boltzmann_path_sampling,DG Mossy,CA3c Pyramidal,42,0.021
terminal_distribution,boltzmann_path_sampling,DG Mossy,CA1 Radiatum Giant,1040,0.52
terminal_distribution,boltzmann_path_sampling,DG Mossy,EC LIV VI Deep Multipolar Principal,25,0.0125
terminal_distribution,boltzmann_path_sampling,DG Mossy,MEC LV Superficial Pyramidal,12,0.006
terminal_distribution,boltzmann_path_sampling,DG Mossy,MEC LII III Pyramidal Multiform,7,0.0035
terminal_distribution,boltzmann_path_sampling,DG Mossy,CA3 Granule,409,0.2045
terminal_distribution,boltzmann_path_sampling,DG Mossy,LEC LIII Complex Pyramidal,18,0.009
terminal_distribution,boltzmann_path_sampling,DG Mossy,EC LII III Pyramidal Tripolar,11,0.0055
terminal_distribution,boltzmann_path_sampling,DG Mossy,DG Granule,36,0.018
terminal_distribution,boltzmann_path_sampling,DG Mossy,MEC LV Multipolar Pyramidal,4,0.002
terminal_distribution,boltzmann_path_sampling,DG Mossy,EC LIII Pyramidal Stellate,19,0.0095
terminal_distribution,boltzmann_path_sampling,DG Mossy,DG Hilar Ectopic Granule,41,0.0205
terminal_distribution,boltzmann_path_sampling,DG Mossy,MEC LV Pyramidal,9,0.0045
terminal_distribution,boltzmann_path_sampling,DG Mossy,LEC LVI Multipolar Pyramidal,21,0.0105
terminal_distribution,boltzmann_path_sampling,DG Mossy,CA1 Pyramidal,34,0.017
terminal_distribution,boltzmann_path_sampling,DG Mossy,EC LI II Multipolar Pyramidal,15,0.0075
terminal_distribution,boltzmann_path_sampling,DG Mossy,MEC LII Oblique Pyramidal,10,0.005
terminal_distribution,boltzmann_path_sampling,DG Mossy,CA3 Pyramidal,20,0.01
terminal_distribution,boltzmann_path_sampling,DG Mossy,CA2 Pyramidal,52,0.026
terminal_distribution,boltzmann_path_sampling,DG Mossy,MEC LIII Complex Pyramidal,17,0.0085
terminal_distribution,boltzmann_path_sampling,DG Mossy,MEC LII Stellate,27,0.0135
terminal_distribution,boltzmann_path_sampling,DG Mossy,MEC LIII Bipolar Complex Pyramidal,12,0.006
terminal_distribution,boltzmann_path_sampling,DG Mossy,MEC LV VI Pyramidal Polymorphic,42,0.021
terminal_distribution,boltzmann_path_sampling,DG Mossy,EC LV Deep Pyramidal,18,0.009
terminal_distribution,boltzmann_path_sampling,DG Mossy,LEC LIII Multipolar Principal,25,0.0125
terminal_distribution,boltzmann_path_sampling,DG Mossy,EC LIII Stellate,9,0.0045
terminal_distribution,boltzmann_path_sampling,DG Mossy,EC LIII V Bipolar Pyramidal,9,0.0045
terminal_distribution,boltzmann_path_sampling,DG Mossy,DG Semilunar Granule,2,0.001
terminal_distribution,boltzmann_path_sampling,DG Mossy,EC LIII Pyramidal,7,0.0035
terminal_distribution,boltzmann_path_sampling,DG Mossy,SUB CA1 Projecting Pyramidal,7,0.0035
terminal_distribution,boltzmann_path_sampling,DG Semilunar Granule,CA1 Radiatum Giant,1097,0.5485
terminal_distribution,boltzmann_path_sampling,DG Semilunar Granule,CA3 Granule,250,0.125
terminal_distribution,boltzmann_path_sampling,DG Semilunar Granule,DG Granule,62,0.031
terminal_distribution,boltzmann_path_sampling,DG Semilunar Granule,MEC LII Stellate,31,0.0155
terminal_distribution,boltzmann_path_sampling,DG Semilunar Granule,CA3c Pyramidal,40,0.02
terminal_distribution,boltzmann_path_sampling,DG Semilunar Granule,DG Hilar Ectopic Granule,51,0.0255
terminal_distribution,boltzmann_path_sampling,DG Semilunar Granule,EC LIV VI Deep Multipolar Principal,35,0.0175
terminal_distribution,boltzmann_path_sampling,DG Semilunar Granule,MEC LIII Complex Pyramidal,32,0.016
terminal_distribution,boltzmann_path_sampling,DG Semilunar Granule,EC LI II Pyramidal Fan,1,0.0005
terminal_distribution,boltzmann_path_sampling,DG Semilunar Granule,EC LIII V Bipolar Pyramidal,15,0.0075
terminal_distribution,boltzmann_path_sampling,DG Semilunar Granule,MEC LV VI Pyramidal Polymorphic,40,0.02
terminal_distribution,boltzmann_path_sampling,DG Semilunar Granule,EC LIII Pyramidal Stellate,15,0.0075
terminal_distribution,boltzmann_path_sampling,DG Semilunar Granule,EC LIII Stellate,17,0.0085
terminal_distribution,boltzmann_path_sampling,DG Semilunar Granule,SUB CA1 Projecting Pyramidal,18,0.009
terminal_distribution,boltzmann_path_sampling,DG Semilunar Granule,DG Mossy,42,0.021
terminal_distribution,boltzmann_path_sampling,DG Semilunar Granule,LEC LIII Multipolar Principal,27,0.0135
terminal_distribution,boltzmann_path_sampling,DG Semilunar Granule,LEC LIII Complex Pyramidal,13,0.0065
terminal_distribution,boltzmann_path_sampling,DG Semilunar Granule,EC LV Deep Pyramidal,22,0.011
terminal_distribution,boltzmann_path_sampling,DG Semilunar Granule,MEC LII Oblique Pyramidal,9,0.0045
terminal_distribution,boltzmann_path_sampling,DG Semilunar Granule,LEC LVI Multipolar Pyramidal,28,0.014
terminal_distribution,boltzmann_path_sampling,DG Semilunar Granule,CA1 Pyramidal,23,0.0115
terminal_distribution,boltzmann_path_sampling,DG Semilunar Granule,EC LI II Multipolar Pyramidal,16,0.008
terminal_distribution,boltzmann_path_sampling,DG Semilunar Granule,CA2 Pyramidal,38,0.019
terminal_distribution,boltzmann_path_sampling,DG Semilunar Granule,MEC LV Pyramidal,5,0.0025
terminal_distribution,boltzmann_path_sampling,DG Semilunar Granule,MEC LIII Bipolar Complex Pyramidal,16,0.008
terminal_distribution,boltzmann_path_sampling,DG Semilunar Granule,CA3 Pyramidal,20,0.01
terminal_distribution,boltzmann_path_sampling,DG Semilunar Granule,MEC LII III Pyramidal Multiform,7,0.0035
terminal_distribution,boltzmann_path_sampling,DG Semilunar Granule,EC LIII Pyramidal,8,0.004
terminal_distribution,boltzmann_path_sampling,DG Semilunar Granule,MEC LV Superficial Pyramidal,7,0.0035
terminal_distribution,boltzmann_path_sampling,DG Semilunar Granule,MEC LV Multipolar Pyramidal,4,0.002
terminal_distribution,boltzmann_path_sampling,DG Semilunar Granule,EC LII III Pyramidal Tripolar,11,0.0055
terminal_distribution,boltzmann_path_sampling,EC LI II Multipolar Pyramidal,CA1 Radiatum Giant,1044,0.522
terminal_distribution,boltzmann_path_sampling,EC LI II Multipolar Pyramidal,CA3 Granule,251,0.1255
terminal_distribution,boltzmann_path_sampling,EC LI II Multipolar Pyramidal,MEC LV Multipolar Pyramidal,14,0.007
terminal_distribution,boltzmann_path_sampling,EC LI II Multipolar Pyramidal,CA1 Pyramidal,34,0.017
terminal_distribution,boltzmann_path_sampling,EC LI II Multipolar Pyramidal,LEC LIII Multipolar Principal,24,0.012
terminal_distribution,boltzmann_path_sampling,EC LI II Multipolar Pyramidal,CA3 Pyramidal,23,0.0115
terminal_distribution,boltzmann_path_sampling,EC LI II Multipolar Pyramidal,MEC LII Stellate,29,0.0145
terminal_distribution,boltzmann_path_sampling,EC LI II Multipolar Pyramidal,CA3c Pyramidal,30,0.015
terminal_distribution,boltzmann_path_sampling,EC LI II Multipolar Pyramidal,SUB CA1 Projecting Pyramidal,23,0.0115
terminal_distribution,boltzmann_path_sampling,EC LI II Multipolar Pyramidal,EC LIII V Bipolar Pyramidal,11,0.0055
terminal_distribution,boltzmann_path_sampling,EC LI II Multipolar Pyramidal,MEC LV Pyramidal,15,0.0075
terminal_distribution,boltzmann_path_sampling,EC LI II Multipolar Pyramidal,DG Semilunar Granule,9,0.0045
terminal_distribution,boltzmann_path_sampling,EC LI II Multipolar Pyramidal,EC LIV VI Deep Multipolar Principal,37,0.0185
terminal_distribution,boltzmann_path_sampling,EC LI II Multipolar Pyramidal,MEC LIII Bipolar Complex Pyramidal,25,0.0125
terminal_distribution,boltzmann_path_sampling,EC LI II Multipolar Pyramidal,EC LII III Pyramidal Tripolar,15,0.0075
terminal_distribution,boltzmann_path_sampling,EC LI II Multipolar Pyramidal,EC LIII Stellate,27,0.0135
terminal_distribution,boltzmann_path_sampling,EC LI II Multipolar Pyramidal,EC LV Deep Pyramidal,29,0.0145
terminal_distribution,boltzmann_path_sampling,EC LI II Multipolar Pyramidal,MEC LV VI Pyramidal Polymorphic,60,0.03
terminal_distribution,boltzmann_path_sampling,EC LI II Multipolar Pyramidal,DG Hilar Ectopic Granule,43,0.0215
terminal_distribution,boltzmann_path_sampling,EC LI II Multipolar Pyramidal,LEC LIII Complex Pyramidal,22,0.011
terminal_distribution,boltzmann_path_sampling,EC LI II Multipolar Pyramidal,CA2 Pyramidal,32,0.016
terminal_distribution,boltzmann_path_sampling,EC LI II Multipolar Pyramidal,MEC LII III Pyramidal Multiform,20,0.01
terminal_distribution,boltzmann_path_sampling,EC LI II Multipolar Pyramidal,DG Granule,45,0.0225
terminal_distribution,boltzmann_path_sampling,EC LI II Multipolar Pyramidal,MEC LIII Complex Pyramidal,24,0.012
terminal_distribution,boltzmann_path_sampling,EC LI II Multipolar Pyramidal,DG Mossy,15,0.0075
terminal_distribution,boltzmann_path_sampling,EC LI II Multipolar Pyramidal,EC LIII Pyramidal,14,0.007
terminal_distribution,boltzmann_path_sampling,EC LI II Multipolar Pyramidal,EC LIII Pyramidal Stellate,26,0.013
terminal_distribution,boltzmann_path_sampling,EC LI II Multipolar Pyramidal,LEC LVI Multipolar Pyramidal,34,0.017
terminal_distribution,boltzmann_path_sampling,EC LI II Multipolar Pyramidal,MEC LII Oblique Pyramidal,11,0.0055
terminal_distribution,boltzmann_path_sampling,EC LI II Multipolar Pyramidal,MEC LV Superficial Pyramidal,8,0.004
terminal_distribution,boltzmann_path_sampling,EC LI II Multipolar Pyramidal,EC LI II Pyramidal Fan,6,0.003
terminal_distribution,boltzmann_path_sampling,EC LI II Pyramidal Fan,DG Hilar Ectopic Granule,42,0.021
terminal_distribution,boltzmann_path_sampling,EC LI II Pyramidal Fan,CA3 Granule,207,0.1035
terminal_distribution,boltzmann_path_sampling,EC LI II Pyramidal Fan,CA1 Radiatum Giant,1080,0.54
terminal_distribution,boltzmann_path_sampling,EC LI II Pyramidal Fan,DG Mossy,33,0.0165
terminal_distribution,boltzmann_path_sampling,EC LI II Pyramidal Fan,MEC LII III Pyramidal Multiform,13,0.0065
terminal_distribution,boltzmann_path_sampling,EC LI II Pyramidal Fan,CA3 Pyramidal,21,0.0105
terminal_distribution,boltzmann_path_sampling,EC LI II Pyramidal Fan,EC LV Deep Pyramidal,33,0.0165
terminal_distribution,boltzmann_path_sampling,EC LI II Pyramidal Fan,CA1 Pyramidal,39,0.0195
terminal_distribution,boltzmann_path_sampling,EC LI II Pyramidal Fan,DG Granule,39,0.0195
terminal_distribution,boltzmann_path_sampling,EC LI II Pyramidal Fan,MEC LV VI Pyramidal Polymorphic,50,0.025
terminal_distribution,boltzmann_path_sampling,EC LI II Pyramidal Fan,CA3c Pyramidal,27,0.0135
terminal_distribution,boltzmann_path_sampling,EC LI II Pyramidal Fan,DG Semilunar Granule,19,0.0095
terminal_distribution,boltzmann_path_sampling,EC LI II Pyramidal Fan,MEC LIII Bipolar Complex Pyramidal,16,0.008
terminal_distribution,boltzmann_path_sampling,EC LI II Pyramidal Fan,CA2 Pyramidal,22,0.011
terminal_distribution,boltzmann_path_sampling,EC LI II Pyramidal Fan,MEC LV Pyramidal,8,0.004
terminal_distribution,boltzmann_path_sampling,EC LI II Pyramidal Fan,LEC LVI Multipolar Pyramidal,20,0.01
terminal_distribution,boltzmann_path_sampling,EC LI II Pyramidal Fan,MEC LII Stellate,38,0.019
terminal_distribution,boltzmann_path_sampling,EC LI II Pyramidal Fan,EC LI II Multipolar Pyramidal,20,0.01
terminal_distribution,boltzmann_path_sampling,EC LI II Pyramidal Fan,EC LIII Stellate,27,0.0135
terminal_distribution,boltzmann_path_sampling,EC LI II Pyramidal Fan,MEC LIII Complex Pyramidal,41,0.0205
terminal_distribution,boltzmann_path_sampling,EC LI II Pyramidal Fan,LEC LIII Multipolar Principal,26,0.013
terminal_distribution,boltzmann_path_sampling,EC LI II Pyramidal Fan,LEC LIII Complex Pyramidal,25,0.0125
terminal_distribution,boltzmann_path_sampling,EC LI II Pyramidal Fan,EC LIV VI Deep Multipolar Principal,35,0.0175
terminal_distribution,boltzmann_path_sampling,EC LI II Pyramidal Fan,MEC LII Oblique Pyramidal,15,0.0075
terminal_distribution,boltzmann_path_sampling,EC LI II Pyramidal Fan,MEC LV Superficial Pyramidal,13,0.0065
terminal_distribution,boltzmann_path_sampling,EC LI II Pyramidal Fan,MEC LV Multipolar Pyramidal,19,0.0095
terminal_distribution,boltzmann_path_sampling,EC LI II Pyramidal Fan,EC LIII Pyramidal,9,0.0045
terminal_distribution,boltzmann_path_sampling,EC LI II Pyramidal Fan,SUB CA1 Projecting Pyramidal,18,0.009
terminal_distribution,boltzmann_path_sampling,EC LI II Pyramidal Fan,EC LIII Pyramidal Stellate,18,0.009
terminal_distribution,boltzmann_path_sampling,EC LI II Pyramidal Fan,EC LIII V Bipolar Pyramidal,17,0.0085
terminal_distribution,boltzmann_path_sampling,EC LI II Pyramidal Fan,EC LII III Pyramidal Tripolar,10,0.005
terminal_distribution,boltzmann_path_sampling,EC LII III Pyramidal Tripolar,MEC LIII Complex Pyramidal,35,0.0175
terminal_distribution,boltzmann_path_sampling,EC LII III Pyramidal Tripolar,EC LI II Multipolar Pyramidal,32,0.016
terminal_distribution,boltzmann_path_sampling,EC LII III Pyramidal Tripolar,CA1 Radiatum Giant,1031,0.5155
terminal_distribution,boltzmann_path_sampling,EC LII III Pyramidal Tripolar,MEC LII Oblique Pyramidal,14,0.007
terminal_distribution,boltzmann_path_sampling,EC LII III Pyramidal Tripolar,MEC LV VI Pyramidal Polymorphic,73,0.0365
terminal_distribution,boltzmann_path_sampling,EC LII III Pyramidal Tripolar,EC LV Deep Pyramidal,32,0.016
terminal_distribution,boltzmann_path_sampling,EC LII III Pyramidal Tripolar,CA3 Granule,244,0.122
terminal_distribution,boltzmann_path_sampling,EC LII III Pyramidal Tripolar,MEC LII Stellate,24,0.012
terminal_distribution,boltzmann_path_sampling,EC LII III Pyramidal Tripolar,LEC LIII Multipolar Principal,32,0.016
terminal_distribution,boltzmann_path_sampling,EC LII III Pyramidal Tripolar,MEC LV Multipolar Pyramidal,30,0.015
terminal_distribution,boltzmann_path_sampling,EC LII III Pyramidal Tripolar,LEC LVI Multipolar Pyramidal,32,0.016
terminal_distribution,boltzmann_path_sampling,EC LII III Pyramidal Tripolar,DG Hilar Ectopic Granule,39,0.0195
terminal_distribution,boltzmann_path_sampling,EC LII III Pyramidal Tripolar,EC LIV VI Deep Multipolar Principal,32,0.016
terminal_distribution,boltzmann_path_sampling,EC LII III Pyramidal Tripolar,DG Granule,36,0.018
terminal_distribution,boltzmann_path_sampling,EC LII III Pyramidal Tripolar,CA1 Pyramidal,40,0.02
terminal_distribution,boltzmann_path_sampling,EC LII III Pyramidal Tripolar,EC LIII Pyramidal Stellate,25,0.0125
terminal_distribution,boltzmann_path_sampling,EC LII III Pyramidal Tripolar,EC LIII Pyramidal,15,0.0075
terminal_distribution,boltzmann_path_sampling,EC LII III Pyramidal Tripolar,EC LIII Stellate,35,0.0175
terminal_distribution,boltzmann_path_sampling,EC LII III Pyramidal Tripolar,SUB CA1 Projecting Pyramidal,17,0.0085
terminal_distribution,boltzmann_path_sampling,EC LII III Pyramidal Tripolar,CA3c Pyramidal,24,0.012
terminal_distribution,boltzmann_path_sampling,EC LII III Pyramidal Tripolar,LEC LIII Complex Pyramidal,22,0.011
terminal_distribution,boltzmann_path_sampling,EC LII III Pyramidal Tripolar,MEC LV Superficial Pyramidal,10,0.005
terminal_distribution,boltzmann_path_sampling,EC LII III Pyramidal Tripolar,DG Mossy,15,0.0075
terminal_distribution,boltzmann_path_sampling,EC LII III Pyramidal Tripolar,EC LIII V Bipolar Pyramidal,21,0.0105
terminal_distribution,boltzmann_path_sampling,EC LII III Pyramidal Tripolar,MEC LII III Pyramidal Multiform,11,0.0055
terminal_distribution,boltzmann_path_sampling,EC LII III Pyramidal Tripolar,CA3 Pyramidal,17,0.0085
terminal_distribution,boltzmann_path_sampling,EC LII III Pyramidal Tripolar,MEC LIII Bipolar Complex Pyramidal,16,0.008
terminal_distribution,boltzmann_path_sampling,EC LII III Pyramidal Tripolar,CA2 Pyramidal,19,0.0095
terminal_distribution,boltzmann_path_sampling,EC LII III Pyramidal Tripolar,DG Semilunar Granule,13,0.0065
terminal_distribution,boltzmann_path_sampling,EC LII III Pyramidal Tripolar,MEC LV Pyramidal,13,0.0065
terminal_distribution,boltzmann_path_sampling,EC LII III Pyramidal Tripolar,EC LI II Pyramidal Fan,1,0.0005
terminal_distribution,boltzmann_path_sampling,EC LIII Pyramidal,CA3 Granule,329,0.1645
terminal_distribution,boltzmann_path_sampling,EC LIII Pyramidal,EC LV Deep Pyramidal,14,0.007
terminal_distribution,boltzmann_path_sampling,EC LIII Pyramidal,CA1 Radiatum Giant,1039,0.5195
terminal_distribution,boltzmann_path_sampling,EC LIII Pyramidal,EC LII III Pyramidal Tripolar,15,0.0075
terminal_distribution,boltzmann_path_sampling,EC LIII Pyramidal,MEC LIII Complex Pyramidal,44,0.022
terminal_distribution,boltzmann_path_sampling,EC LIII Pyramidal,MEC LII Stellate,36,0.018
terminal_distribution,boltzmann_path_sampling,EC LIII Pyramidal,CA1 Pyramidal,46,0.023
terminal_distribution,boltzmann_path_sampling,EC LIII Pyramidal,MEC LII III Pyramidal Multiform,9,0.0045
terminal_distribution,boltzmann_path_sampling,EC LIII Pyramidal,CA3 Pyramidal,25,0.0125
terminal_distribution,boltzmann_path_sampling,EC LIII Pyramidal,DG Hilar Ectopic Granule,44,0.022
terminal_distribution,boltzmann_path_sampling,EC LIII Pyramidal,LEC LVI Multipolar Pyramidal,25,0.0125
terminal_distribution,boltzmann_path_sampling,EC LIII Pyramidal,EC LIV VI Deep Multipolar Principal,23,0.0115
terminal_distribution,boltzmann_path_sampling,EC LIII Pyramidal,EC LIII Pyramidal Stellate,16,0.008
terminal_distribution,boltzmann_path_sampling,EC LIII Pyramidal,MEC LV VI Pyramidal Polymorphic,56,0.028
terminal_distribution,boltzmann_path_sampling,EC LIII Pyramidal,SUB CA1 Projecting Pyramidal,13,0.0065
terminal_distribution,boltzmann_path_sampling,EC LIII Pyramidal,EC LI II Multipolar Pyramidal,15,0.0075
terminal_distribution,boltzmann_path_sampling,EC LIII Pyramidal,DG Granule,45,0.0225
terminal_distribution,boltzmann_path_sampling,EC LIII Pyramidal,MEC LIII Bipolar Complex Pyramidal,16,0.008
terminal_distribution,boltzmann_path_sampling,EC LIII Pyramidal,EC LIII V Bipolar Pyramidal,16,0.008
terminal_distribution,boltzmann_path_sampling,EC LIII Pyramidal,DG Semilunar Granule,7,0.0035
terminal_distribution,boltzmann_path_sampling,EC LIII Pyramidal,CA2 Pyramidal,29,0.0145
terminal_distribution,boltzmann_path_sampling,EC LIII Pyramidal,LEC LIII Multipolar Principal,22,0.011
terminal_distribution,boltzmann_path_sampling,EC LIII Pyramidal,DG Mossy,17,0.0085
terminal_distribution,boltzmann_path_sampling,EC LIII Pyramidal,MEC LV Pyramidal,9,0.0045
terminal_distribution,boltzmann_path_sampling,EC LIII Pyramidal,LEC LIII Complex Pyramidal,20,0.01
terminal_distribution,boltzmann_path_sampling,EC LIII Pyramidal,MEC LV Multipolar Pyramidal,14,0.007
terminal_distribution,boltzmann_path_sampling,EC LIII Pyramidal,EC LIII Stellate,12,0.006
terminal_distribution,boltzmann_path_sampling,EC LIII Pyramidal,CA3c Pyramidal,22,0.011
terminal_distribution,boltzmann_path_sampling,EC LIII Pyramidal,MEC LII Oblique Pyramidal,10,0.005
terminal_distribution,boltzmann_path_sampling,EC LIII Pyramidal,MEC LV Superficial Pyramidal,10,0.005
terminal_distribution,boltzmann_path_sampling,EC LIII Pyramidal,EC LI II Pyramidal Fan,2,0.001
terminal_distribution,boltzmann_path_sampling,EC LIII Pyramidal Stellate,CA1 Radiatum Giant,1047,0.5235
terminal_distribution,boltzmann_path_sampling,EC LIII Pyramidal Stellate,MEC LV VI Pyramidal Polymorphic,74,0.037
terminal_distribution,boltzmann_path_sampling,EC LIII Pyramidal Stellate,LEC LVI Multipolar Pyramidal,24,0.012
terminal_distribution,boltzmann_path_sampling,EC LIII Pyramidal Stellate,CA3 Granule,317,0.1585
terminal_distribution,boltzmann_path_sampling,EC LIII Pyramidal Stellate,DG Granule,54,0.027
terminal_distribution,boltzmann_path_sampling,EC LIII Pyramidal Stellate,MEC LII Oblique Pyramidal,7,0.0035
terminal_distribution,boltzmann_path_sampling,EC LIII Pyramidal Stellate,MEC LII III Pyramidal Multiform,13,0.0065
terminal_distribution,boltzmann_path_sampling,EC LIII Pyramidal Stellate,CA3 Pyramidal,36,0.018
terminal_distribution,boltzmann_path_sampling,EC LIII Pyramidal Stellate,MEC LIII Bipolar Complex Pyramidal,13,0.0065
terminal_distribution,boltzmann_path_sampling,EC LIII Pyramidal Stellate,DG Hilar Ectopic Granule,53,0.0265
terminal_distribution,boltzmann_path_sampling,EC LIII Pyramidal Stellate,LEC LIII Multipolar Principal,29,0.0145
terminal_distribution,boltzmann_path_sampling,EC LIII Pyramidal Stellate,MEC LII Stellate,21,0.0105
terminal_distribution,boltzmann_path_sampling,EC LIII Pyramidal Stellate,EC LIV VI Deep Multipolar Principal,14,0.007
terminal_distribution,boltzmann_path_sampling,EC LIII Pyramidal Stellate,CA1 Pyramidal,30,0.015
terminal_distribution,boltzmann_path_sampling,EC LIII Pyramidal Stellate,EC LV Deep Pyramidal,17,0.0085
terminal_distribution,boltzmann_path_sampling,EC LIII Pyramidal Stellate,DG Mossy,22,0.011
terminal_distribution,boltzmann_path_sampling,EC LIII Pyramidal Stellate,EC LI II Multipolar Pyramidal,15,0.0075
terminal_distribution,boltzmann_path_sampling,EC LIII Pyramidal Stellate,MEC LIII Complex Pyramidal,31,0.0155
terminal_distribution,boltzmann_path_sampling,EC LIII Pyramidal Stellate,LEC LIII Complex Pyramidal,21,0.0105
terminal_distribution,boltzmann_path_sampling,EC LIII Pyramidal Stellate,EC LIII Stellate,25,0.0125
terminal_distribution,boltzmann_path_sampling,EC LIII Pyramidal Stellate,EC LIII V Bipolar Pyramidal,15,0.0075
terminal_distribution,boltzmann_path_sampling,EC LIII Pyramidal Stellate,EC LII III Pyramidal Tripolar,15,0.0075
terminal_distribution,boltzmann_path_sampling,EC LIII Pyramidal Stellate,SUB CA1 Projecting Pyramidal,8,0.004
terminal_distribution,boltzmann_path_sampling,EC LIII Pyramidal Stellate,CA2 Pyramidal,32,0.016
terminal_distribution,boltzmann_path_sampling,EC LIII Pyramidal Stellate,EC LIII Pyramidal,7,0.0035
terminal_distribution,boltzmann_path_sampling,EC LIII Pyramidal Stellate,CA3c Pyramidal,24,0.012
terminal_distribution,boltzmann_path_sampling,EC LIII Pyramidal Stellate,MEC LV Superficial Pyramidal,7,0.0035
terminal_distribution,boltzmann_path_sampling,EC LIII Pyramidal Stellate,MEC LV Multipolar Pyramidal,13,0.0065
terminal_distribution,boltzmann_path_sampling,EC LIII Pyramidal Stellate,DG Semilunar Granule,4,0.002
terminal_distribution,boltzmann_path_sampling,EC LIII Pyramidal Stellate,MEC LV Pyramidal,10,0.005
terminal_distribution,boltzmann_path_sampling,EC LIII Pyramidal Stellate,EC LI II Pyramidal Fan,2,0.001
terminal_distribution,boltzmann_path_sampling,EC LIII Stellate,DG Hilar Ectopic Granule,45,0.0225
terminal_distribution,boltzmann_path_sampling,EC LIII Stellate,DG Granule,40,0.02
terminal_distribution,boltzmann_path_sampling,EC LIII Stellate,CA1 Radiatum Giant,1109,0.5545
terminal_distribution,boltzmann_path_sampling,EC LIII Stellate,SUB CA1 Projecting Pyramidal,20,0.01
terminal_distribution,boltzmann_path_sampling,EC LIII Stellate,MEC LV Pyramidal,19,0.0095
terminal_distribution,boltzmann_path_sampling,EC LIII Stellate,MEC LIII Complex Pyramidal,40,0.02
terminal_distribution,boltzmann_path_sampling,EC LIII Stellate,EC LIV VI Deep Multipolar Principal,25,0.0125
terminal_distribution,boltzmann_path_sampling,EC LIII Stellate,MEC LV VI Pyramidal Polymorphic,70,0.035
terminal_distribution,boltzmann_path_sampling,EC LIII Stellate,DG Semilunar Granule,5,0.0025
terminal_distribution,boltzmann_path_sampling,EC LIII Stellate,CA3 Granule,205,0.1025
terminal_distribution,boltzmann_path_sampling,EC LIII Stellate,EC LI II Multipolar Pyramidal,15,0.0075
terminal_distribution,boltzmann_path_sampling,EC LIII Stellate,CA2 Pyramidal,31,0.0155
terminal_distribution,boltzmann_path_sampling,EC LIII Stellate,EC LV Deep Pyramidal,29,0.0145
terminal_distribution,boltzmann_path_sampling,EC LIII Stellate,CA1 Pyramidal,22,0.011
terminal_distribution,boltzmann_path_sampling,EC LIII Stellate,CA3c Pyramidal,33,0.0165
terminal_distribution,boltzmann_path_sampling,EC LIII Stellate,CA3 Pyramidal,15,0.0075
terminal_distribution,boltzmann_path_sampling,EC LIII Stellate,EC LIII Pyramidal Stellate,22,0.011
terminal_distribution,boltzmann_path_sampling,EC LIII Stellate,MEC LII Stellate,33,0.0165
terminal_distribution,boltzmann_path_sampling,EC LIII Stellate,MEC LII Oblique Pyramidal,15,0.0075
terminal_distribution,boltzmann_path_sampling,EC LIII Stellate,LEC LIII Complex Pyramidal,19,0.0095
terminal_distribution,boltzmann_path_sampling,EC LIII Stellate,EC LII III Pyramidal Tripolar,19,0.0095
terminal_distribution,boltzmann_path_sampling,EC LIII Stellate,LEC LIII Multipolar Principal,35,0.0175
terminal_distribution,boltzmann_path_sampling,EC LIII Stellate,DG Mossy,24,0.012
terminal_distribution,boltzmann_path_sampling,EC LIII Stellate,MEC LV Superficial Pyramidal,14,0.007
terminal_distribution,boltzmann_path_sampling,EC LIII Stellate,LEC LVI Multipolar Pyramidal,29,0.0145
terminal_distribution,boltzmann_path_sampling,EC LIII Stellate,MEC LIII Bipolar Complex Pyramidal,12,0.006
terminal_distribution,boltzmann_path_sampling,EC LIII Stellate,MEC LV Multipolar Pyramidal,12,0.006
terminal_distribution,boltzmann_path_sampling,EC LIII Stellate,EC LIII V Bipolar Pyramidal,20,0.01
terminal_distribution,boltzmann_path_sampling,EC LIII Stellate,MEC LII III Pyramidal Multiform,13,0.0065
terminal_distribution,boltzmann_path_sampling,EC LIII Stellate,EC LIII Pyramidal,8,0.004
terminal_distribution,boltzmann_path_sampling,EC LIII Stellate,EC LI II Pyramidal Fan,2,0.001
terminal_distribution,boltzmann_path_sampling,EC LIII V Bipolar Pyramidal,CA1 Radiatum Giant,1016,0.508
terminal_distribution,boltzmann_path_sampling,EC LIII V Bipolar Pyramidal,CA3 Granule,257,0.1285
terminal_distribution,boltzmann_path_sampling,EC LIII V Bipolar Pyramidal,LEC LIII Multipolar Principal,32,0.016
terminal_distribution,boltzmann_path_sampling,EC LIII V Bipolar Pyramidal,DG Mossy,24,0.012
terminal_distribution,boltzmann_path_sampling,EC LIII V Bipolar Pyramidal,CA3c Pyramidal,31,0.0155
terminal_distribution,boltzmann_path_sampling,EC LIII V Bipolar Pyramidal,DG Hilar Ectopic Granule,41,0.0205
terminal_distribution,boltzmann_path_sampling,EC LIII V Bipolar Pyramidal,EC LIII Stellate,22,0.011
terminal_distribution,boltzmann_path_sampling,EC LIII V Bipolar Pyramidal,EC LI II Multipolar Pyramidal,27,0.0135
terminal_distribution,boltzmann_path_sampling,EC LIII V Bipolar Pyramidal,MEC LIII Bipolar Complex Pyramidal,15,0.0075
terminal_distribution,boltzmann_path_sampling,EC LIII V Bipolar Pyramidal,MEC LV VI Pyramidal Polymorphic,93,0.0465
terminal_distribution,boltzmann_path_sampling,EC LIII V Bipolar Pyramidal,MEC LV Pyramidal,14,0.007
terminal_distribution,boltzmann_path_sampling,EC LIII V Bipolar Pyramidal,MEC LIII Complex Pyramidal,33,0.0165
terminal_distribution,boltzmann_path_sampling,EC LIII V Bipolar Pyramidal,EC LV Deep Pyramidal,30,0.015
terminal_distribution,boltzmann_path_sampling,EC LIII V Bipolar Pyramidal,MEC LII Oblique Pyramidal,9,0.0045
terminal_distribution,boltzmann_path_sampling,EC LIII V Bipolar Pyramidal,MEC LV Multipolar Pyramidal,17,0.0085
terminal_distribution,boltzmann_path_sampling,EC LIII V Bipolar Pyramidal,CA3 Pyramidal,24,0.012
terminal_distribution,boltzmann_path_sampling,EC LIII V Bipolar Pyramidal,EC LI II Pyramidal Fan,2,0.001
terminal_distribution,boltzmann_path_sampling,EC LIII V Bipolar Pyramidal,SUB CA1 Projecting Pyramidal,19,0.0095
terminal_distribution,boltzmann_path_sampling,EC LIII V Bipolar Pyramidal,LEC LIII Complex Pyramidal,27,0.0135
terminal_distribution,boltzmann_path_sampling,EC LIII V Bipolar Pyramidal,DG Granule,47,0.0235
terminal_distribution,boltzmann_path_sampling,EC LIII V Bipolar Pyramidal,MEC LII Stellate,27,0.0135
terminal_distribution,boltzmann_path_sampling,EC LIII V Bipolar Pyramidal,LEC LVI Multipolar Pyramidal,31,0.0155
terminal_distribution,boltzmann_path_sampling,EC LIII V Bipolar Pyramidal,CA2 Pyramidal,30,0.015
terminal_distribution,boltzmann_path_sampling,EC LIII V Bipolar Pyramidal,EC LIV VI Deep Multipolar Principal,23,0.0115
terminal_distribution,boltzmann_path_sampling,EC LIII V Bipolar Pyramidal,CA1 Pyramidal,40,0.02
terminal_distribution,boltzmann_path_sampling,EC LIII V Bipolar Pyramidal,EC LIII Pyramidal Stellate,16,0.008
terminal_distribution,boltzmann_path_sampling,EC LIII V Bipolar Pyramidal,EC LII III Pyramidal Tripolar,14,0.007
terminal_distribution,boltzmann_path_sampling,EC LIII V Bipolar Pyramidal,EC LIII Pyramidal,7,0.0035
terminal_distribution,boltzmann_path_sampling,EC LIII V Bipolar Pyramidal,MEC LII III Pyramidal Multiform,11,0.0055
terminal_distribution,boltzmann_path_sampling,EC LIII V Bipolar Pyramidal,MEC LV Superficial Pyramidal,10,0.005
terminal_distribution,boltzmann_path_sampling,EC LIII V Bipolar Pyramidal,DG Semilunar Granule,11,0.0055
terminal_distribution,boltzmann_path_sampling,EC LIV VI Deep Multipolar Principal,MEC LV VI Pyramidal Polymorphic,186,0.093
terminal_distribution,boltzmann_path_sampling,EC LIV VI Deep Multipolar Principal,CA1 Radiatum Giant,993,0.4965
terminal_distribution,boltzmann_path_sampling,EC LIV VI Deep Multipolar Principal,EC LV Deep Pyramidal,41,0.0205
terminal_distribution,boltzmann_path_sampling,EC LIV VI Deep Multipolar Principal,EC LIII V Bipolar Pyramidal,21,0.0105
terminal_distribution,boltzmann_path_sampling,EC LIV VI Deep Multipolar Principal,LEC LIII Multipolar Principal,37,0.0185
terminal_distribution,boltzmann_path_sampling,EC LIV VI Deep Multipolar Principal,CA3 Granule,207,0.1035
terminal_distribution,boltzmann_path_sampling,EC LIV VI Deep Multipolar Principal,MEC LII Stellate,29,0.0145
terminal_distribution,boltzmann_path_sampling,EC LIV VI Deep Multipolar Principal,DG Granule,43,0.0215
terminal_distribution,boltzmann_path_sampling,EC LIV VI Deep Multipolar Principal,EC LIII Pyramidal Stellate,27,0.0135
terminal_distribution,boltzmann_path_sampling,EC LIV VI Deep Multipolar Principal,DG Hilar Ectopic Granule,48,0.024
terminal_distribution,boltzmann_path_sampling,EC LIV VI Deep Multipolar Principal,MEC LV Pyramidal,14,0.007
terminal_distribution,boltzmann_path_sampling,EC LIV VI Deep Multipolar Principal,CA1 Pyramidal,35,0.0175
terminal_distribution,boltzmann_path_sampling,EC LIV VI Deep Multipolar Principal,MEC LV Multipolar Pyramidal,17,0.0085
terminal_distribution,boltzmann_path_sampling,EC LIV VI Deep Multipolar Principal,MEC LII III Pyramidal Multiform,5,0.0025
terminal_distribution,boltzmann_path_sampling,EC LIV VI Deep Multipolar Principal,DG Semilunar Granule,6,0.003
terminal_distribution,boltzmann_path_sampling,EC LIV VI Deep Multipolar Principal,LEC LVI Multipolar Pyramidal,38,0.019
terminal_distribution,boltzmann_path_sampling,EC LIV VI Deep Multipolar Principal,DG Mossy,17,0.0085
terminal_distribution,boltzmann_path_sampling,EC LIV VI Deep Multipolar Principal,MEC LIII Complex Pyramidal,34,0.017
terminal_distribution,boltzmann_path_sampling,EC LIV VI Deep Multipolar Principal,CA2 Pyramidal,24,0.012
terminal_distribution,boltzmann_path_sampling,EC LIV VI Deep Multipolar Principal,SUB CA1 Projecting Pyramidal,26,0.013
terminal_distribution,boltzmann_path_sampling,EC LIV VI Deep Multipolar Principal,EC LI II Multipolar Pyramidal,14,0.007
terminal_distribution,boltzmann_path_sampling,EC LIV VI Deep Multipolar Principal,EC LIII Pyramidal,11,0.0055
terminal_distribution,boltzmann_path_sampling,EC LIV VI Deep Multipolar Principal,CA3 Pyramidal,17,0.0085
terminal_distribution,boltzmann_path_sampling,EC LIV VI Deep Multipolar Principal,MEC LII Oblique Pyramidal,10,0.005
terminal_distribution,boltzmann_path_sampling,EC LIV VI Deep Multipolar Principal,MEC LV Superficial Pyramidal,13,0.0065
terminal_distribution,boltzmann_path_sampling,EC LIV VI Deep Multipolar Principal,CA3c Pyramidal,20,0.01
terminal_distribution,boltzmann_path_sampling,EC LIV VI Deep Multipolar Principal,MEC LIII Bipolar Complex Pyramidal,17,0.0085
terminal_distribution,boltzmann_path_sampling,EC LIV VI Deep Multipolar Principal,LEC LIII Complex Pyramidal,25,0.0125
terminal_distribution,boltzmann_path_sampling,EC LIV VI Deep Multipolar Principal,EC LII III Pyramidal Tripolar,9,0.0045
terminal_distribution,boltzmann_path_sampling,EC LIV VI Deep Multipolar Principal,EC LIII Stellate,13,0.0065
terminal_distribution,boltzmann_path_sampling,EC LIV VI Deep Multipolar Principal,EC LI II Pyramidal Fan,3,0.0015
terminal_distribution,boltzmann_path_sampling,EC LV Deep Pyramidal,CA1 Radiatum Giant,1032,0.516
terminal_distribution,boltzmann_path_sampling,EC LV Deep Pyramidal,CA1 Pyramidal,29,0.0145
terminal_distribution,boltzmann_path_sampling,EC LV Deep Pyramidal,LEC LIII Multipolar Principal,28,0.014
terminal_distribution,boltzmann_path_sampling,EC LV Deep Pyramidal,CA2 Pyramidal,25,0.0125
terminal_distribution,boltzmann_path_sampling,EC LV Deep Pyramidal,CA3 Granule,189,0.0945
terminal_distribution,boltzmann_path_sampling,EC LV Deep Pyramidal,MEC LV VI Pyramidal Polymorphic,230,0.115
terminal_distribution,boltzmann_path_sampling,EC LV Deep Pyramidal,CA3c Pyramidal,21,0.0105
terminal_distribution,boltzmann_path_sampling,EC LV Deep Pyramidal,MEC LIII Bipolar Complex Pyramidal,16,0.008
terminal_distribution,boltzmann_path_sampling,EC LV Deep Pyramidal,CA3 Pyramidal,22,0.011
terminal_distribution,boltzmann_path_sampling,EC LV Deep Pyramidal,DG Granule,24,0.012
terminal_distribution,boltzmann_path_sampling,EC LV Deep Pyramidal,LEC LVI Multipolar Pyramidal,45,0.0225
terminal_distribution,boltzmann_path_sampling,EC LV Deep Pyramidal,DG Hilar Ectopic Granule,33,0.0165
terminal_distribution,boltzmann_path_sampling,EC LV Deep Pyramidal,DG Mossy,21,0.0105
terminal_distribution,boltzmann_path_sampling,EC LV Deep Pyramidal,EC LIV VI Deep Multipolar Principal,37,0.0185
terminal_distribution,boltzmann_path_sampling,EC LV Deep Pyramidal,DG Semilunar Granule,10,0.005
terminal_distribution,boltzmann_path_sampling,EC LV Deep Pyramidal,EC LII III Pyramidal Tripolar,10,0.005
terminal_distribution,boltzmann_path_sampling,EC LV Deep Pyramidal,MEC LII Oblique Pyramidal,13,0.0065
terminal_distribution,boltzmann_path_sampling,EC LV Deep Pyramidal,EC LIII Pyramidal Stellate,21,0.0105
terminal_distribution,boltzmann_path_sampling,EC LV Deep Pyramidal,MEC LIII Complex Pyramidal,25,0.0125
terminal_distribution,boltzmann_path_sampling,EC LV Deep Pyramidal,LEC LIII Complex Pyramidal,23,0.0115
terminal_distribution,boltzmann_path_sampling,EC LV Deep Pyramidal,MEC LII Stellate,27,0.0135
terminal_distribution,boltzmann_path_sampling,EC LV Deep Pyramidal,EC LIII V Bipolar Pyramidal,18,0.009
terminal_distribution,boltzmann_path_sampling,EC LV Deep Pyramidal,EC LI II Multipolar Pyramidal,14,0.007
terminal_distribution,boltzmann_path_sampling,EC LV Deep Pyramidal,EC LIII Stellate,22,0.011
terminal_distribution,boltzmann_path_sampling,EC LV Deep Pyramidal,SUB CA1 Projecting Pyramidal,22,0.011
terminal_distribution,boltzmann_path_sampling,EC LV Deep Pyramidal,EC LIII Pyramidal,4,0.002
terminal_distribution,boltzmann_path_sampling,EC LV Deep Pyramidal,MEC LV Pyramidal,13,0.0065
terminal_distribution,boltzmann_path_sampling,EC LV Deep Pyramidal,MEC LV Multipolar Pyramidal,8,0.004
terminal_distribution,boltzmann_path_sampling,EC LV Deep Pyramidal,MEC LV Superficial Pyramidal,10,0.005
terminal_distribution,boltzmann_path_sampling,EC LV Deep Pyramidal,MEC LII III Pyramidal Multiform,5,0.0025
terminal_distribution,boltzmann_path_sampling,EC LV Deep Pyramidal,EC LI II Pyramidal Fan,3,0.0015
terminal_distribution,boltzmann_path_sampling,LEC LIII Complex Pyramidal,CA1 Radiatum Giant,1052,0.526
terminal_distribution,boltzmann_path_sampling,LEC LIII Complex Pyramidal,CA1 Pyramidal,33,0.0165
terminal_distribution,boltzmann_path_sampling,LEC LIII Complex Pyramidal,MEC LV VI Pyramidal Polymorphic,96,0.048
terminal_distribution,boltzmann_path_sampling,LEC LIII Complex Pyramidal,CA3 Granule,253,0.1265
terminal_distribution,boltzmann_path_sampling,LEC LIII Complex Pyramidal,EC LV Deep Pyramidal,28,0.014
terminal_distribution,boltzmann_path_sampling,LEC LIII Complex Pyramidal,MEC LIII Complex Pyramidal,34,0.017
terminal_distribution,boltzmann_path_sampling,LEC LIII Complex Pyramidal,DG Granule,37,0.0185
terminal_distribution,boltzmann_path_sampling,LEC LIII Complex Pyramidal,CA3c Pyramidal,25,0.0125
terminal_distribution,boltzmann_path_sampling,LEC LIII Complex Pyramidal,EC LIII Pyramidal Stellate,28,0.014
terminal_distribution,boltzmann_path_sampling,LEC LIII Complex Pyramidal,EC LI II Multipolar Pyramidal,28,0.014
terminal_distribution,boltzmann_path_sampling,LEC LIII Complex Pyramidal,CA2 Pyramidal,21,0.0105
terminal_distribution,boltzmann_path_sampling,LEC LIII Complex Pyramidal,CA3 Pyramidal,12,0.006
terminal_distribution,boltzmann_path_sampling,LEC LIII Complex Pyramidal,LEC LIII Multipolar Principal,37,0.0185
terminal_distribution,boltzmann_path_sampling,LEC LIII Complex Pyramidal,MEC LII Oblique Pyramidal,14,0.007
terminal_distribution,boltzmann_path_sampling,LEC LIII Complex Pyramidal,LEC LVI Multipolar Pyramidal,40,0.02
terminal_distribution,boltzmann_path_sampling,LEC LIII Complex Pyramidal,MEC LV Superficial Pyramidal,10,0.005
terminal_distribution,boltzmann_path_sampling,LEC LIII Complex Pyramidal,SUB CA1 Projecting Pyramidal,20,0.01
terminal_distribution,boltzmann_path_sampling,LEC LIII Complex Pyramidal,MEC LII III Pyramidal Multiform,15,0.0075
terminal_distribution,boltzmann_path_sampling,LEC LIII Complex Pyramidal,DG Mossy,26,0.013
terminal_distribution,boltzmann_path_sampling,LEC LIII Complex Pyramidal,EC LIII Stellate,23,0.0115
terminal_distribution,boltzmann_path_sampling,LEC LIII Complex Pyramidal,MEC LV Pyramidal,10,0.005
terminal_distribution,boltzmann_path_sampling,LEC LIII Complex Pyramidal,MEC LII Stellate,24,0.012
terminal_distribution,boltzmann_path_sampling,LEC LIII Complex Pyramidal,MEC LIII Bipolar Complex Pyramidal,19,0.0095
terminal_distribution,boltzmann_path_sampling,LEC LIII Complex Pyramidal,EC LIII Pyramidal,6,0.003
terminal_distribution,boltzmann_path_sampling,LEC LIII Complex Pyramidal,DG Hilar Ectopic Granule,32,0.016
terminal_distribution,boltzmann_path_sampling,LEC LIII Complex Pyramidal,EC LIII V Bipolar Pyramidal,22,0.011
terminal_distribution,boltzmann_path_sampling,LEC LIII Complex Pyramidal,EC LIV VI Deep Multipolar Principal,26,0.013
terminal_distribution,boltzmann_path_sampling,LEC LIII Complex Pyramidal,DG Semilunar Granule,5,0.0025
terminal_distribution,boltzmann_path_sampling,LEC LIII Complex Pyramidal,MEC LV Multipolar Pyramidal,12,0.006
terminal_distribution,boltzmann_path_sampling,LEC LIII Complex Pyramidal,EC LII III Pyramidal Tripolar,11,0.0055
terminal_distribution,boltzmann_path_sampling,LEC LIII Complex Pyramidal,EC LI II Pyramidal Fan,1,0.0005
terminal_distribution,boltzmann_path_sampling,LEC LIII Multipolar Principal,CA1 Radiatum Giant,1053,0.5265
terminal_distribution,boltzmann_path_sampling,LEC LIII Multipolar Principal,DG Semilunar Granule,4,0.002
terminal_distribution,boltzmann_path_sampling,LEC LIII Multipolar Principal,MEC LV VI Pyramidal Polymorphic,91,0.0455
terminal_distribution,boltzmann_path_sampling,LEC LIII Multipolar Principal,CA3 Granule,271,0.1355
terminal_distribution,boltzmann_path_sampling,LEC LIII Multipolar Principal,MEC LII Stellate,28,0.014
terminal_distribution,boltzmann_path_sampling,LEC LIII Multipolar Principal,MEC LV Superficial Pyramidal,13,0.0065
terminal_distribution,boltzmann_path_sampling,LEC LIII Multipolar Principal,DG Hilar Ectopic Granule,41,0.0205
terminal_distribution,boltzmann_path_sampling,LEC LIII Multipolar Principal,DG Granule,32,0.016
terminal_distribution,boltzmann_path_sampling,LEC LIII Multipolar Principal,EC LIII Stellate,17,0.0085
terminal_distribution,boltzmann_path_sampling,LEC LIII Multipolar Principal,LEC LIII Complex Pyramidal,20,0.01
terminal_distribution,boltzmann_path_sampling,LEC LIII Multipolar Principal,EC LIII Pyramidal,15,0.0075
terminal_distribution,boltzmann_path_sampling,LEC LIII Multipolar Principal,CA3c Pyramidal,39,0.0195
terminal_distribution,boltzmann_path_sampling,LEC LIII Multipolar Principal,EC LII III Pyramidal Tripolar,18,0.009
terminal_distribution,boltzmann_path_sampling,LEC LIII Multipolar Principal,MEC LV Pyramidal,14,0.007
terminal_distribution,boltzmann_path_sampling,LEC LIII Multipolar Principal,CA2 Pyramidal,17,0.0085
terminal_distribution,boltzmann_path_sampling,LEC LIII Multipolar Principal,EC LI II Multipolar Pyramidal,18,0.009
terminal_distribution,boltzmann_path_sampling,LEC LIII Multipolar Principal,MEC LIII Bipolar Complex Pyramidal,24,0.012
terminal_distribution,boltzmann_path_sampling,LEC LIII Multipolar Principal,EC LV Deep Pyramidal,25,0.0125
terminal_distribution,boltzmann_path_sampling,LEC LIII Multipolar Principal,CA3 Pyramidal,20,0.01
terminal_distribution,boltzmann_path_sampling,LEC LIII Multipolar Principal,CA1 Pyramidal,44,0.022
terminal_distribution,boltzmann_path_sampling,LEC LIII Multipolar Principal,EC LIII Pyramidal Stellate,26,0.013
terminal_distribution,boltzmann_path_sampling,LEC LIII Multipolar Principal,MEC LV Multipolar Pyramidal,14,0.007
terminal_distribution,boltzmann_path_sampling,LEC LIII Multipolar Principal,SUB CA1 Projecting Pyramidal,17,0.0085
terminal_distribution,boltzmann_path_sampling,LEC LIII Multipolar Principal,MEC LII Oblique Pyramidal,8,0.004
terminal_distribution,boltzmann_path_sampling,LEC LIII Multipolar Principal,LEC LVI Multipolar Pyramidal,30,0.015
terminal_distribution,boltzmann_path_sampling,LEC LIII Multipolar Principal,EC LIII V Bipolar Pyramidal,14,0.007
terminal_distribution,boltzmann_path_sampling,LEC LIII Multipolar Principal,MEC LIII Complex Pyramidal,24,0.012
terminal_distribution,boltzmann_path_sampling,LEC LIII Multipolar Principal,MEC LII III Pyramidal Multiform,12,0.006
terminal_distribution,boltzmann_path_sampling,LEC LIII Multipolar Principal,EC LIV VI Deep Multipolar Principal,30,0.015
terminal_distribution,boltzmann_path_sampling,LEC LIII Multipolar Principal,DG Mossy,21,0.0105
terminal_distribution,boltzmann_path_sampling,LEC LVI Multipolar Pyramidal,CA1 Radiatum Giant,1046,0.523
terminal_distribution,boltzmann_path_sampling,LEC LVI Multipolar Pyramidal,CA3 Granule,238,0.119
terminal_distribution,boltzmann_path_sampling,LEC LVI Multipolar Pyramidal,EC LIV VI Deep Multipolar Principal,37,0.0185
terminal_distribution,boltzmann_path_sampling,LEC LVI Multipolar Pyramidal,DG Hilar Ectopic Granule,46,0.023
terminal_distribution,boltzmann_path_sampling,LEC LVI Multipolar Pyramidal,MEC LV Pyramidal,13,0.0065
terminal_distribution,boltzmann_path_sampling,LEC LVI Multipolar Pyramidal,MEC LII III Pyramidal Multiform,17,0.0085
terminal_distribution,boltzmann_path_sampling,LEC LVI Multipolar Pyramidal,EC LIII V Bipolar Pyramidal,21,0.0105
terminal_distribution,boltzmann_path_sampling,LEC LVI Multipolar Pyramidal,EC LIII Pyramidal,9,0.0045
terminal_distribution,boltzmann_path_sampling,LEC LVI Multipolar Pyramidal,DG Granule,39,0.0195
terminal_distribution,boltzmann_path_sampling,LEC LVI Multipolar Pyramidal,MEC LII Stellate,29,0.0145
terminal_distribution,boltzmann_path_sampling,LEC LVI Multipolar Pyramidal,MEC LIII Complex Pyramidal,32,0.016
terminal_distribution,boltzmann_path_sampling,LEC LVI Multipolar Pyramidal,EC LV Deep Pyramidal,34,0.017
terminal_distribution,boltzmann_path_sampling,LEC LVI Multipolar Pyramidal,MEC LV Multipolar Pyramidal,16,0.008
terminal_distribution,boltzmann_path_sampling,LEC LVI Multipolar Pyramidal,MEC LV Superficial Pyramidal,18,0.009
terminal_distribution,boltzmann_path_sampling,LEC LVI Multipolar Pyramidal,EC LI II Multipolar Pyramidal,21,0.0105
terminal_distribution,boltzmann_path_sampling,LEC LVI Multipolar Pyramidal,CA1 Pyramidal,53,0.0265
terminal_distribution,boltzmann_path_sampling,LEC LVI Multipolar Pyramidal,MEC LV VI Pyramidal Polymorphic,76,0.038
terminal_distribution,boltzmann_path_sampling,LEC LVI Multipolar Pyramidal,CA3c Pyramidal,23,0.0115
terminal_distribution,boltzmann_path_sampling,LEC LVI Multipolar Pyramidal,CA2 Pyramidal,26,0.013
terminal_distribution,boltzmann_path_sampling,LEC LVI Multipolar Pyramidal,EC LIII Pyramidal Stellate,27,0.0135
terminal_distribution,boltzmann_path_sampling,LEC LVI Multipolar Pyramidal,CA3 Pyramidal,23,0.0115
terminal_distribution,boltzmann_path_sampling,LEC LVI Multipolar Pyramidal,MEC LIII Bipolar Complex Pyramidal,17,0.0085
terminal_distribution,boltzmann_path_sampling,LEC LVI Multipolar Pyramidal,EC LIII Stellate,28,0.014
terminal_distribution,boltzmann_path_sampling,LEC LVI Multipolar Pyramidal,DG Mossy,26,0.013
terminal_distribution,boltzmann_path_sampling,LEC LVI Multipolar Pyramidal,LEC LIII Complex Pyramidal,24,0.012
terminal_distribution,boltzmann_path_sampling,LEC LVI Multipolar Pyramidal,EC LI II Pyramidal Fan,1,0.0005
terminal_distribution,boltzmann_path_sampling,LEC LVI Multipolar Pyramidal,SUB CA1 Projecting Pyramidal,21,0.0105
terminal_distribution,boltzmann_path_sampling,LEC LVI Multipolar Pyramidal,LEC LIII Multipolar Principal,16,0.008
terminal_distribution,boltzmann_path_sampling,LEC LVI Multipolar Pyramidal,MEC LII Oblique Pyramidal,9,0.0045
terminal_distribution,boltzmann_path_sampling,LEC LVI Multipolar Pyramidal,EC LII III Pyramidal Tripolar,11,0.0055
terminal_distribution,boltzmann_path_sampling,LEC LVI Multipolar Pyramidal,DG Semilunar Granule,3,0.0015
terminal_distribution,boltzmann_path_sampling,MEC LII III Pyramidal Multiform,CA3 Granule,210,0.105
terminal_distribution,boltzmann_path_sampling,MEC LII III Pyramidal Multiform,CA1 Radiatum Giant,1089,0.5445
terminal_distribution,boltzmann_path_sampling,MEC LII III Pyramidal Multiform,MEC LIII Complex Pyramidal,35,0.0175
terminal_distribution,boltzmann_path_sampling,MEC LII III Pyramidal Multiform,EC LV Deep Pyramidal,42,0.021
terminal_distribution,boltzmann_path_sampling,MEC LII III Pyramidal Multiform,CA3c Pyramidal,21,0.0105
terminal_distribution,boltzmann_path_sampling,MEC LII III Pyramidal Multiform,SUB CA1 Projecting Pyramidal,22,0.011
terminal_distribution,boltzmann_path_sampling,MEC LII III Pyramidal Multiform,EC LIII Stellate,35,0.0175
terminal_distribution,boltzmann_path_sampling,MEC LII III Pyramidal Multiform,MEC LII Oblique Pyramidal,15,0.0075
terminal_distribution,boltzmann_path_sampling,MEC LII III Pyramidal Multiform,CA1 Pyramidal,31,0.0155
terminal_distribution,boltzmann_path_sampling,MEC LII III Pyramidal Multiform,MEC LV VI Pyramidal Polymorphic,62,0.031
terminal_distribution,boltzmann_path_sampling,MEC LII III Pyramidal Multiform,DG Hilar Ectopic Granule,37,0.0185
terminal_distribution,boltzmann_path_sampling,MEC LII III Pyramidal Multiform,DG Granule,38,0.019
terminal_distribution,boltzmann_path_sampling,MEC LII III Pyramidal Multiform,MEC LIII Bipolar Complex Pyramidal,24,0.012
terminal_distribution,boltzmann_path_sampling,MEC LII III Pyramidal Multiform,LEC LIII Multipolar Principal,36,0.018
terminal_distribution,boltzmann_path_sampling,MEC LII III Pyramidal Multiform,EC LIII Pyramidal Stellate,20,0.01
terminal_distribution,boltzmann_path_sampling,MEC LII III Pyramidal Multiform,MEC LII Stellate,32,0.016
terminal_distribution,boltzmann_path_sampling,MEC LII III Pyramidal Multiform,EC LIV VI Deep Multipolar Principal,28,0.014
terminal_distribution,boltzmann_path_sampling,MEC LII III Pyramidal Multiform,CA2 Pyramidal,21,0.0105
terminal_distribution,boltzmann_path_sampling,MEC LII III Pyramidal Multiform,LEC LIII Complex Pyramidal,22,0.011
terminal_distribution,boltzmann_path_sampling,MEC LII III Pyramidal Multiform,LEC LVI Multipolar Pyramidal,29,0.0145
terminal_distribution,boltzmann_path_sampling,MEC LII III Pyramidal Multiform,DG Semilunar Granule,11,0.0055
terminal_distribution,boltzmann_path_sampling,MEC LII III Pyramidal Multiform,EC LII III Pyramidal Tripolar,9,0.0045
terminal_distribution,boltzmann_path_sampling,MEC LII III Pyramidal Multiform,CA3 Pyramidal,13,0.0065
terminal_distribution,boltzmann_path_sampling,MEC LII III Pyramidal Multiform,MEC LV Multipolar Pyramidal,18,0.009
terminal_distribution,boltzmann_path_sampling,MEC LII III Pyramidal Multiform,DG Mossy,26,0.013
terminal_distribution,boltzmann_path_sampling,MEC LII III Pyramidal Multiform,EC LI II Multipolar Pyramidal,19,0.0095
terminal_distribution,boltzmann_path_sampling,MEC LII III Pyramidal Multiform,EC LIII V Bipolar Pyramidal,18,0.009
terminal_distribution,boltzmann_path_sampling,MEC LII III Pyramidal Multiform,MEC LV Superficial Pyramidal,19,0.0095
terminal_distribution,boltzmann_path_sampling,MEC LII III Pyramidal Multiform,MEC LV Pyramidal,14,0.007
terminal_distribution,boltzmann_path_sampling,MEC LII III Pyramidal Multiform,EC LIII Pyramidal,4,0.002
terminal_distribution,boltzmann_path_sampling,MEC LII Oblique Pyramidal,MEC LII Stellate,20,0.01
terminal_distribution,boltzmann_path_sampling,MEC LII Oblique Pyramidal,CA3 Granule,210,0.105
terminal_distribution,boltzmann_path_sampling,MEC LII Oblique Pyramidal,CA3 Pyramidal,17,0.0085
terminal_distribution,boltzmann_path_sampling,MEC LII Oblique Pyramidal,CA1 Radiatum Giant,1125,0.5625
terminal_distribution,boltzmann_path_sampling,MEC LII Oblique Pyramidal,MEC LV VI Pyramidal Polymorphic,55,0.0275
terminal_distribution,boltzmann_path_sampling,MEC LII Oblique Pyramidal,CA3c Pyramidal,31,0.0155
terminal_distribution,boltzmann_path_sampling,MEC LII Oblique Pyramidal,EC LIII V Bipolar Pyramidal,14,0.007
terminal_distribution,boltzmann_path_sampling,MEC LII Oblique Pyramidal,CA2 Pyramidal,26,0.013
terminal_distribution,boltzmann_path_sampling,MEC LII Oblique Pyramidal,MEC LIII Complex Pyramidal,33,0.0165
terminal_distribution,boltzmann_path_sampling,MEC LII Oblique Pyramidal,LEC LIII Complex Pyramidal,20,0.01
terminal_distribution,boltzmann_path_sampling,MEC LII Oblique Pyramidal,EC LIII Pyramidal,15,0.0075
terminal_distribution,boltzmann_path_sampling,MEC LII Oblique Pyramidal,CA1 Pyramidal,28,0.014
terminal_distribution,boltzmann_path_sampling,MEC LII Oblique Pyramidal,DG Hilar Ectopic Granule,41,0.0205
terminal_distribution,boltzmann_path_sampling,MEC LII Oblique Pyramidal,MEC LIII Bipolar Complex Pyramidal,21,0.0105
terminal_distribution,boltzmann_path_sampling,MEC LII Oblique Pyramidal,EC LIII Pyramidal Stellate,28,0.014
terminal_distribution,boltzmann_path_sampling,MEC LII Oblique Pyramidal,SUB CA1 Projecting Pyramidal,18,0.009
terminal_distribution,boltzmann_path_sampling,MEC LII Oblique Pyramidal,DG Granule,31,0.0155
terminal_distribution,boltzmann_path_sampling,MEC LII Oblique Pyramidal,MEC LII III Pyramidal Multiform,17,0.0085
terminal_distribution,boltzmann_path_sampling,MEC LII Oblique Pyramidal,LEC LVI Multipolar Pyramidal,36,0.018
terminal_distribution,boltzmann_path_sampling,MEC LII Oblique Pyramidal,MEC LV Superficial Pyramidal,20,0.01
terminal_distribution,boltzmann_path_sampling,MEC LII Oblique Pyramidal,EC LV Deep Pyramidal,31,0.0155
terminal_distribution,boltzmann_path_sampling,MEC LII Oblique Pyramidal,MEC LV Multipolar Pyramidal,18,0.009
terminal_distribution,boltzmann_path_sampling,MEC LII Oblique Pyramidal,EC LII III Pyramidal Tripolar,11,0.0055
terminal_distribution,boltzmann_path_sampling,MEC LII Oblique Pyramidal,DG Mossy,17,0.0085
terminal_distribution,boltzmann_path_sampling,MEC LII Oblique Pyramidal,EC LIV VI Deep Multipolar Principal,25,0.0125
terminal_distribution,boltzmann_path_sampling,MEC LII Oblique Pyramidal,EC LIII Stellate,14,0.007
terminal_distribution,boltzmann_path_sampling,MEC LII Oblique Pyramidal,EC LI II Multipolar Pyramidal,23,0.0115
terminal_distribution,boltzmann_path_sampling,MEC LII Oblique Pyramidal,DG Semilunar Granule,14,0.007
terminal_distribution,boltzmann_path_sampling,MEC LII Oblique Pyramidal,LEC LIII Multipolar Principal,28,0.014
terminal_distribution,boltzmann_path_sampling,MEC LII Oblique Pyramidal,MEC LV Pyramidal,10,0.005
terminal_distribution,boltzmann_path_sampling,MEC LII Oblique Pyramidal,EC LI II Pyramidal Fan,3,0.0015
terminal_distribution,boltzmann_path_sampling,MEC LII Stellate,CA1 Radiatum Giant,1068,0.534
terminal_distribution,boltzmann_path_sampling,MEC LII Stellate,DG Hilar Ectopic Granule,35,0.0175
terminal_distribution,boltzmann_path_sampling,MEC LII Stellate,CA3c Pyramidal,29,0.0145
terminal_distribution,boltzmann_path_sampling,MEC LII Stellate,EC LI II Multipolar Pyramidal,23,0.0115
terminal_distribution,boltzmann_path_sampling,MEC LII Stellate,CA1 Pyramidal,34,0.017
terminal_distribution,boltzmann_path_sampling,MEC LII Stellate,LEC LIII Complex Pyramidal,18,0.009
terminal_distribution,boltzmann_path_sampling,MEC LII Stellate,DG Granule,51,0.0255
terminal_distribution,boltzmann_path_sampling,MEC LII Stellate,CA2 Pyramidal,23,0.0115
terminal_distribution,boltzmann_path_sampling,MEC LII Stellate,MEC LIII Complex Pyramidal,32,0.016
terminal_distribution,boltzmann_path_sampling,MEC LII Stellate,CA3 Granule,177,0.0885
terminal_distribution,boltzmann_path_sampling,MEC LII Stellate,MEC LV Multipolar Pyramidal,23,0.0115
terminal_distribution,boltzmann_path_sampling,MEC LII Stellate,DG Mossy,34,0.017
terminal_distribution,boltzmann_path_sampling,MEC LII Stellate,MEC LV VI Pyramidal Polymorphic,52,0.026
terminal_distribution,boltzmann_path_sampling,MEC LII Stellate,EC LIV VI Deep Multipolar Principal,30,0.015
terminal_distribution,boltzmann_path_sampling,MEC LII Stellate,EC LII III Pyramidal Tripolar,18,0.009
terminal_distribution,boltzmann_path_sampling,MEC LII Stellate,SUB CA1 Projecting Pyramidal,27,0.0135
terminal_distribution,boltzmann_path_sampling,MEC LII Stellate,EC LV Deep Pyramidal,35,0.0175
terminal_distribution,boltzmann_path_sampling,MEC LII Stellate,LEC LIII Multipolar Principal,33,0.0165
terminal_distribution,boltzmann_path_sampling,MEC LII Stellate,EC LIII V Bipolar Pyramidal,19,0.0095
terminal_distribution,boltzmann_path_sampling,MEC LII Stellate,MEC LII III Pyramidal Multiform,24,0.012
terminal_distribution,boltzmann_path_sampling,MEC LII Stellate,MEC LIII Bipolar Complex Pyramidal,21,0.0105
terminal_distribution,boltzmann_path_sampling,MEC LII Stellate,LEC LVI Multipolar Pyramidal,28,0.014
terminal_distribution,boltzmann_path_sampling,MEC LII Stellate,MEC LV Superficial Pyramidal,22,0.011
terminal_distribution,boltzmann_path_sampling,MEC LII Stellate,EC LIII Pyramidal,15,0.0075
terminal_distribution,boltzmann_path_sampling,MEC LII Stellate,EC LIII Stellate,33,0.0165
terminal_distribution,boltzmann_path_sampling,MEC LII Stellate,CA3 Pyramidal,17,0.0085
terminal_distribution,boltzmann_path_sampling,MEC LII Stellate,MEC LII Oblique Pyramidal,29,0.0145
terminal_distribution,boltzmann_path_sampling,MEC LII Stellate,MEC LV Pyramidal,16,0.008
terminal_distribution,boltzmann_path_sampling,MEC LII Stellate,EC LIII Pyramidal Stellate,20,0.01
terminal_distribution,boltzmann_path_sampling,MEC LII Stellate,DG Semilunar Granule,14,0.007
terminal_distribution,boltzmann_path_sampling,MEC LIII Bipolar Complex Pyramidal,CA1 Radiatum Giant,1066,0.533
terminal_distribution,boltzmann_path_sampling,MEC LIII Bipolar Complex Pyramidal,DG Granule,35,0.0175
terminal_distribution,boltzmann_path_sampling,MEC LIII Bipolar Complex Pyramidal,SUB CA1 Projecting Pyramidal,22,0.011
terminal_distribution,boltzmann_path_sampling,MEC LIII Bipolar Complex Pyramidal,MEC LIII Complex Pyramidal,39,0.0195
terminal_distribution,boltzmann_path_sampling,MEC LIII Bipolar Complex Pyramidal,DG Mossy,18,0.009
terminal_distribution,boltzmann_path_sampling,MEC LIII Bipolar Complex Pyramidal,CA2 Pyramidal,32,0.016
terminal_distribution,boltzmann_path_sampling,MEC LIII Bipolar Complex Pyramidal,MEC LV Multipolar Pyramidal,20,0.01
terminal_distribution,boltzmann_path_sampling,MEC LIII Bipolar Complex Pyramidal,EC LIII Pyramidal Stellate,30,0.015
terminal_distribution,boltzmann_path_sampling,MEC LIII Bipolar Complex Pyramidal,CA3 Granule,234,0.117
terminal_distribution,boltzmann_path_sampling,MEC LIII Bipolar Complex Pyramidal,DG Hilar Ectopic Granule,25,0.0125
terminal_distribution,boltzmann_path_sampling,MEC LIII Bipolar Complex Pyramidal,DG Semilunar Granule,11,0.0055
terminal_distribution,boltzmann_path_sampling,MEC LIII Bipolar Complex Pyramidal,MEC LII Oblique Pyramidal,11,0.0055
terminal_distribution,boltzmann_path_sampling,MEC LIII Bipolar Complex Pyramidal,CA1 Pyramidal,34,0.017
terminal_distribution,boltzmann_path_sampling,MEC LIII Bipolar Complex Pyramidal,LEC LIII Multipolar Principal,33,0.0165
terminal_distribution,boltzmann_path_sampling,MEC LIII Bipolar Complex Pyramidal,MEC LV VI Pyramidal Polymorphic,53,0.0265
terminal_distribution,boltzmann_path_sampling,MEC LIII Bipolar Complex Pyramidal,LEC LVI Multipolar Pyramidal,40,0.02
terminal_distribution,boltzmann_path_sampling,MEC LIII Bipolar Complex Pyramidal,EC LI II Multipolar Pyramidal,22,0.011
terminal_distribution,boltzmann_path_sampling,MEC LIII Bipolar Complex Pyramidal,EC LIII Stellate,21,0.0105
terminal_distribution,boltzmann_path_sampling,MEC LIII Bipolar Complex Pyramidal,EC LII III Pyramidal Tripolar,16,0.008
terminal_distribution,boltzmann_path_sampling,MEC LIII Bipolar Complex Pyramidal,LEC LIII Complex Pyramidal,18,0.009
terminal_distribution,boltzmann_path_sampling,MEC LIII Bipolar Complex Pyramidal,EC LV Deep Pyramidal,32,0.016
terminal_distribution,boltzmann_path_sampling,MEC LIII Bipolar Complex Pyramidal,MEC LV Pyramidal,19,0.0095
terminal_distribution,boltzmann_path_sampling,MEC LIII Bipolar Complex Pyramidal,EC LIV VI Deep Multipolar Principal,31,0.0155
terminal_distribution,boltzmann_path_sampling,MEC LIII Bipolar Complex Pyramidal,MEC LV Superficial Pyramidal,12,0.006
terminal_distribution,boltzmann_path_sampling,MEC LIII Bipolar Complex Pyramidal,MEC LII Stellate,25,0.0125
terminal_distribution,boltzmann_path_sampling,MEC LIII Bipolar Complex Pyramidal,CA3c Pyramidal,30,0.015
terminal_distribution,boltzmann_path_sampling,MEC LIII Bipolar Complex Pyramidal,CA3 Pyramidal,16,0.008
terminal_distribution,boltzmann_path_sampling,MEC LIII Bipolar Complex Pyramidal,EC LIII Pyramidal,13,0.0065
terminal_distribution,boltzmann_path_sampling,MEC LIII Bipolar Complex Pyramidal,MEC LII III Pyramidal Multiform,16,0.008
terminal_distribution,boltzmann_path_sampling,MEC LIII Bipolar Complex Pyramidal,EC LIII V Bipolar Pyramidal,20,0.01
terminal_distribution,boltzmann_path_sampling,MEC LIII Bipolar Complex Pyramidal,EC LI II Pyramidal Fan,6,0.003
terminal_distribution,boltzmann_path_sampling,MEC LIII Complex Pyramidal,CA3c Pyramidal,35,0.0175
terminal_distribution,boltzmann_path_sampling,MEC LIII Complex Pyramidal,MEC LII III Pyramidal Multiform,18,0.009
terminal_distribution,boltzmann_path_sampling,MEC LIII Complex Pyramidal,MEC LIII Bipolar Complex Pyramidal,25,0.0125
terminal_distribution,boltzmann_path_sampling,MEC LIII Complex Pyramidal,CA1 Radiatum Giant,1098,0.549
terminal_distribution,boltzmann_path_sampling,MEC LIII Complex Pyramidal,EC LIII Stellate,22,0.011
terminal_distribution,boltzmann_path_sampling,MEC LIII Complex Pyramidal,MEC LV VI Pyramidal Polymorphic,53,0.0265
terminal_distribution,boltzmann_path_sampling,MEC LIII Complex Pyramidal,LEC LIII Complex Pyramidal,19,0.0095
terminal_distribution,boltzmann_path_sampling,MEC LIII Complex Pyramidal,EC LIV VI Deep Multipolar Principal,37,0.0185
terminal_distribution,boltzmann_path_sampling,MEC LIII Complex Pyramidal,LEC LVI Multipolar Pyramidal,31,0.0155
terminal_distribution,boltzmann_path_sampling,MEC LIII Complex Pyramidal,MEC LV Pyramidal,14,0.007
terminal_distribution,boltzmann_path_sampling,MEC LIII Complex Pyramidal,MEC LII Stellate,33,0.0165
terminal_distribution,boltzmann_path_sampling,MEC LIII Complex Pyramidal,CA3 Granule,208,0.104
terminal_distribution,boltzmann_path_sampling,MEC LIII Complex Pyramidal,EC LIII V Bipolar Pyramidal,22,0.011
terminal_distribution,boltzmann_path_sampling,MEC LIII Complex Pyramidal,LEC LIII Multipolar Principal,24,0.012
terminal_distribution,boltzmann_path_sampling,MEC LIII Complex Pyramidal,MEC LV Multipolar Pyramidal,29,0.0145
terminal_distribution,boltzmann_path_sampling,MEC LIII Complex Pyramidal,DG Hilar Ectopic Granule,29,0.0145
terminal_distribution,boltzmann_path_sampling,MEC LIII Complex Pyramidal,EC LII III Pyramidal Tripolar,11,0.0055
terminal_distribution,boltzmann_path_sampling,MEC LIII Complex Pyramidal,MEC LV Superficial Pyramidal,18,0.009
terminal_distribution,boltzmann_path_sampling,MEC LIII Complex Pyramidal,CA2 Pyramidal,21,0.0105
terminal_distribution,boltzmann_path_sampling,MEC LIII Complex Pyramidal,DG Semilunar Granule,15,0.0075
terminal_distribution,boltzmann_path_sampling,MEC LIII Complex Pyramidal,SUB CA1 Projecting Pyramidal,21,0.0105
terminal_distribution,boltzmann_path_sampling,MEC LIII Complex Pyramidal,MEC LII Oblique Pyramidal,17,0.0085
terminal_distribution,boltzmann_path_sampling,MEC LIII Complex Pyramidal,EC LV Deep Pyramidal,40,0.02
terminal_distribution,boltzmann_path_sampling,MEC LIII Complex Pyramidal,EC LIII Pyramidal Stellate,21,0.0105
terminal_distribution,boltzmann_path_sampling,MEC LIII Complex Pyramidal,CA1 Pyramidal,38,0.019
terminal_distribution,boltzmann_path_sampling,MEC LIII Complex Pyramidal,EC LIII Pyramidal,9,0.0045
terminal_distribution,boltzmann_path_sampling,MEC LIII Complex Pyramidal,CA3 Pyramidal,12,0.006
terminal_distribution,boltzmann_path_sampling,MEC LIII Complex Pyramidal,DG Granule,39,0.0195
terminal_distribution,boltzmann_path_sampling,MEC LIII Complex Pyramidal,DG Mossy,24,0.012
terminal_distribution,boltzmann_path_sampling,MEC LIII Complex Pyramidal,EC LI II Multipolar Pyramidal,14,0.007
terminal_distribution,boltzmann_path_sampling,MEC LIII Complex Pyramidal,EC LI II Pyramidal Fan,3,0.0015
terminal_distribution,boltzmann_path_sampling,MEC LV Multipolar Pyramidal,CA1 Radiatum Giant,1073,0.5365
terminal_distribution,boltzmann_path_sampling,MEC LV Multipolar Pyramidal,EC LIII Pyramidal Stellate,25,0.0125
terminal_distribution,boltzmann_path_sampling,MEC LV Multipolar Pyramidal,DG Hilar Ectopic Granule,36,0.018
terminal_distribution,boltzmann_path_sampling,MEC LV Multipolar Pyramidal,DG Mossy,26,0.013
terminal_distribution,boltzmann_path_sampling,MEC LV Multipolar Pyramidal,MEC LIII Bipolar Complex Pyramidal,13,0.0065
terminal_distribution,boltzmann_path_sampling,MEC LV Multipolar Pyramidal,CA1 Pyramidal,40,0.02
terminal_distribution,boltzmann_path_sampling,MEC LV Multipolar Pyramidal,MEC LII III Pyramidal Multiform,20,0.01
terminal_distribution,boltzmann_path_sampling,MEC LV Multipolar Pyramidal,CA3 Granule,207,0.1035
terminal_distribution,boltzmann_path_sampling,MEC LV Multipolar Pyramidal,MEC LV Superficial Pyramidal,16,0.008
terminal_distribution,boltzmann_path_sampling,MEC LV Multipolar Pyramidal,CA3c Pyramidal,33,0.0165
terminal_distribution,boltzmann_path_sampling,MEC LV Multipolar Pyramidal,EC LI II Multipolar Pyramidal,18,0.009
terminal_distribution,boltzmann_path_sampling,MEC LV Multipolar Pyramidal,EC LIV VI Deep Multipolar Principal,36,0.018
terminal_distribution,boltzmann_path_sampling,MEC LV Multipolar Pyramidal,LEC LIII Multipolar Principal,43,0.0215
terminal_distribution,boltzmann_path_sampling,MEC LV Multipolar Pyramidal,EC LIII Stellate,25,0.0125
terminal_distribution,boltzmann_path_sampling,MEC LV Multipolar Pyramidal,EC LII III Pyramidal Tripolar,5,0.0025
terminal_distribution,boltzmann_path_sampling,MEC LV Multipolar Pyramidal,SUB CA1 Projecting Pyramidal,26,0.013
terminal_distribution,boltzmann_path_sampling,MEC LV Multipolar Pyramidal,MEC LII Stellate,27,0.0135
terminal_distribution,boltzmann_path_sampling,MEC LV Multipolar Pyramidal,LEC LIII Complex Pyramidal,14,0.007
terminal_distribution,boltzmann_path_sampling,MEC LV Multipolar Pyramidal,EC LV Deep Pyramidal,38,0.019
terminal_distribution,boltzmann_path_sampling,MEC LV Multipolar Pyramidal,CA2 Pyramidal,31,0.0155
terminal_distribution,boltzmann_path_sampling,MEC LV Multipolar Pyramidal,MEC LV VI Pyramidal Polymorphic,57,0.0285
terminal_distribution,boltzmann_path_sampling,MEC LV Multipolar Pyramidal,DG Semilunar Granule,11,0.0055
terminal_distribution,boltzmann_path_sampling,MEC LV Multipolar Pyramidal,MEC LIII Complex Pyramidal,26,0.013
terminal_distribution,boltzmann_path_sampling,MEC LV Multipolar Pyramidal,EC LIII V Bipolar Pyramidal,21,0.0105
terminal_distribution,boltzmann_path_sampling,MEC LV Multipolar Pyramidal,MEC LII Oblique Pyramidal,24,0.012
terminal_distribution,boltzmann_path_sampling,MEC LV Multipolar Pyramidal,EC LIII Pyramidal,9,0.0045
terminal_distribution,boltzmann_path_sampling,MEC LV Multipolar Pyramidal,MEC LV Pyramidal,18,0.009
terminal_distribution,boltzmann_path_sampling,MEC LV Multipolar Pyramidal,CA3 Pyramidal,20,0.01
terminal_distribution,boltzmann_path_sampling,MEC LV Multipolar Pyramidal,DG Granule,34,0.017
terminal_distribution,boltzmann_path_sampling,MEC LV Multipolar Pyramidal,LEC LVI Multipolar Pyramidal,26,0.013
terminal_distribution,boltzmann_path_sampling,MEC LV Multipolar Pyramidal,EC LI II Pyramidal Fan,2,0.001
terminal_distribution,boltzmann_path_sampling,MEC LV Pyramidal,CA3c Pyramidal,27,0.0135
terminal_distribution,boltzmann_path_sampling,MEC LV Pyramidal,CA1 Radiatum Giant,1130,0.565
terminal_distribution,boltzmann_path_sampling,MEC LV Pyramidal,MEC LII Oblique Pyramidal,17,0.0085
terminal_distribution,boltzmann_path_sampling,MEC LV Pyramidal,DG Granule,39,0.0195
terminal_distribution,boltzmann_path_sampling,MEC LV Pyramidal,CA3 Granule,135,0.0675
terminal_distribution,boltzmann_path_sampling,MEC LV Pyramidal,MEC LIII Complex Pyramidal,29,0.0145
terminal_distribution,boltzmann_path_sampling,MEC LV Pyramidal,LEC LIII Complex Pyramidal,12,0.006
terminal_distribution,boltzmann_path_sampling,MEC LV Pyramidal,MEC LV VI Pyramidal Polymorphic,62,0.031
terminal_distribution,boltzmann_path_sampling,MEC LV Pyramidal,EC LV Deep Pyramidal,63,0.0315
terminal_distribution,boltzmann_path_sampling,MEC LV Pyramidal,EC LII III Pyramidal Tripolar,10,0.005
terminal_distribution,boltzmann_path_sampling,MEC LV Pyramidal,MEC LV Superficial Pyramidal,11,0.0055
terminal_distribution,boltzmann_path_sampling,MEC LV Pyramidal,DG Hilar Ectopic Granule,48,0.024
terminal_distribution,boltzmann_path_sampling,MEC LV Pyramidal,EC LIV VI Deep Multipolar Principal,33,0.0165
terminal_distribution,boltzmann_path_sampling,MEC LV Pyramidal,CA1 Pyramidal,37,0.0185
terminal_distribution,boltzmann_path_sampling,MEC LV Pyramidal,EC LI II Multipolar Pyramidal,27,0.0135
terminal_distribution,boltzmann_path_sampling,MEC LV Pyramidal,EC LIII Stellate,24,0.012
terminal_distribution,boltzmann_path_sampling,MEC LV Pyramidal,SUB CA1 Projecting Pyramidal,24,0.012
terminal_distribution,boltzmann_path_sampling,MEC LV Pyramidal,MEC LV Multipolar Pyramidal,12,0.006
terminal_distribution,boltzmann_path_sampling,MEC LV Pyramidal,MEC LII Stellate,28,0.014
terminal_distribution,boltzmann_path_sampling,MEC LV Pyramidal,LEC LIII Multipolar Principal,32,0.016
terminal_distribution,boltzmann_path_sampling,MEC LV Pyramidal,CA3 Pyramidal,16,0.008
terminal_distribution,boltzmann_path_sampling,MEC LV Pyramidal,DG Mossy,28,0.014
terminal_distribution,boltzmann_path_sampling,MEC LV Pyramidal,EC LIII V Bipolar Pyramidal,20,0.01
terminal_distribution,boltzmann_path_sampling,MEC LV Pyramidal,MEC LIII Bipolar Complex Pyramidal,15,0.0075
terminal_distribution,boltzmann_path_sampling,MEC LV Pyramidal,EC LIII Pyramidal Stellate,24,0.012
terminal_distribution,boltzmann_path_sampling,MEC LV Pyramidal,DG Semilunar Granule,13,0.0065
terminal_distribution,boltzmann_path_sampling,MEC LV Pyramidal,EC LIII Pyramidal,8,0.004
terminal_distribution,boltzmann_path_sampling,MEC LV Pyramidal,LEC LVI Multipolar Pyramidal,29,0.0145
terminal_distribution,boltzmann_path_sampling,MEC LV Pyramidal,CA2 Pyramidal,31,0.0155
terminal_distribution,boltzmann_path_sampling,MEC LV Pyramidal,EC LI II Pyramidal Fan,2,0.001
terminal_distribution,boltzmann_path_sampling,MEC LV Pyramidal,MEC LII III Pyramidal Multiform,14,0.007
terminal_distribution,boltzmann_path_sampling,MEC LV Superficial Pyramidal,CA1 Radiatum Giant,1041,0.5205
terminal_distribution,boltzmann_path_sampling,MEC LV Superficial Pyramidal,EC LV Deep Pyramidal,35,0.0175
terminal_distribution,boltzmann_path_sampling,MEC LV Superficial Pyramidal,MEC LV Pyramidal,12,0.006
terminal_distribution,boltzmann_path_sampling,MEC LV Superficial Pyramidal,EC LIII Stellate,21,0.0105
terminal_distribution,boltzmann_path_sampling,MEC LV Superficial Pyramidal,CA2 Pyramidal,20,0.01
terminal_distribution,boltzmann_path_sampling,MEC LV Superficial Pyramidal,CA3 Granule,220,0.11
terminal_distribution,boltzmann_path_sampling,MEC LV Superficial Pyramidal,EC LIV VI Deep Multipolar Principal,30,0.015
terminal_distribution,boltzmann_path_sampling,MEC LV Superficial Pyramidal,LEC LVI Multipolar Pyramidal,29,0.0145
terminal_distribution,boltzmann_path_sampling,MEC LV Superficial Pyramidal,MEC LV Multipolar Pyramidal,18,0.009
terminal_distribution,boltzmann_path_sampling,MEC LV Superficial Pyramidal,MEC LII III Pyramidal Multiform,18,0.009
terminal_distribution,boltzmann_path_sampling,MEC LV Superficial Pyramidal,DG Hilar Ectopic Granule,42,0.021
terminal_distribution,boltzmann_path_sampling,MEC LV Superficial Pyramidal,LEC LIII Complex Pyramidal,29,0.0145
terminal_distribution,boltzmann_path_sampling,MEC LV Superficial Pyramidal,MEC LIII Bipolar Complex Pyramidal,23,0.0115
terminal_distribution,boltzmann_path_sampling,MEC LV Superficial Pyramidal,EC LIII Pyramidal Stellate,22,0.011
terminal_distribution,boltzmann_path_sampling,MEC LV Superficial Pyramidal,MEC LV VI Pyramidal Polymorphic,70,0.035
terminal_distribution,boltzmann_path_sampling,MEC LV Superficial Pyramidal,EC LIII Pyramidal,10,0.005
terminal_distribution,boltzmann_path_sampling,MEC LV Superficial Pyramidal,EC LI II Multipolar Pyramidal,15,0.0075
terminal_distribution,boltzmann_path_sampling,MEC LV Superficial Pyramidal,DG Semilunar Granule,11,0.0055
terminal_distribution,boltzmann_path_sampling,MEC LV Superficial Pyramidal,DG Granule,28,0.014
terminal_distribution,boltzmann_path_sampling,MEC LV Superficial Pyramidal,EC LIII V Bipolar Pyramidal,14,0.007
terminal_distribution,boltzmann_path_sampling,MEC LV Superficial Pyramidal,LEC LIII Multipolar Principal,41,0.0205
terminal_distribution,boltzmann_path_sampling,MEC LV Superficial Pyramidal,MEC LIII Complex Pyramidal,34,0.017
terminal_distribution,boltzmann_path_sampling,MEC LV Superficial Pyramidal,CA3c Pyramidal,28,0.014
terminal_distribution,boltzmann_path_sampling,MEC LV Superficial Pyramidal,MEC LII Stellate,42,0.021
terminal_distribution,boltzmann_path_sampling,MEC LV Superficial Pyramidal,SUB CA1 Projecting Pyramidal,26,0.013
terminal_distribution,boltzmann_path_sampling,MEC LV Superficial Pyramidal,CA1 Pyramidal,39,0.0195
terminal_distribution,boltzmann_path_sampling,MEC LV Superficial Pyramidal,CA3 Pyramidal,19,0.0095
terminal_distribution,boltzmann_path_sampling,MEC LV Superficial Pyramidal,DG Mossy,27,0.0135
terminal_distribution,boltzmann_path_sampling,MEC LV Superficial Pyramidal,EC LII III Pyramidal Tripolar,20,0.01
terminal_distribution,boltzmann_path_sampling,MEC LV Superficial Pyramidal,MEC LII Oblique Pyramidal,13,0.0065
terminal_distribution,boltzmann_path_sampling,MEC LV Superficial Pyramidal,EC LI II Pyramidal Fan,3,0.0015
terminal_distribution,boltzmann_path_sampling,MEC LV VI Pyramidal Polymorphic,CA3 Granule,244,0.122
terminal_distribution,boltzmann_path_sampling,MEC LV VI Pyramidal Polymorphic,CA1 Radiatum Giant,1091,0.5455
terminal_distribution,boltzmann_path_sampling,MEC LV VI Pyramidal Polymorphic,DG Hilar Ectopic Granule,44,0.022
terminal_distribution,boltzmann_path_sampling,MEC LV VI Pyramidal Polymorphic,EC LIV VI Deep Multipolar Principal,34,0.017
terminal_distribution,boltzmann_path_sampling,MEC LV VI Pyramidal Polymorphic,LEC LIII Multipolar Principal,33,0.0165
terminal_distribution,boltzmann_path_sampling,MEC LV VI Pyramidal Polymorphic,LEC LVI Multipolar Pyramidal,28,0.014
terminal_distribution,boltzmann_path_sampling,MEC LV VI Pyramidal Polymorphic,MEC LII Stellate,31,0.0155
terminal_distribution,boltzmann_path_sampling,MEC LV VI Pyramidal Polymorphic,DG Semilunar Granule,9,0.0045
terminal_distribution,boltzmann_path_sampling,MEC LV VI Pyramidal Polymorphic,MEC LV Superficial Pyramidal,14,0.007
terminal_distribution,boltzmann_path_sampling,MEC LV VI Pyramidal Polymorphic,CA3 Pyramidal,32,0.016
terminal_distribution,boltzmann_path_sampling,MEC LV VI Pyramidal Polymorphic,EC LII III Pyramidal Tripolar,11,0.0055
terminal_distribution,boltzmann_path_sampling,MEC LV VI Pyramidal Polymorphic,MEC LIII Bipolar Complex Pyramidal,16,0.008
terminal_distribution,boltzmann_path_sampling,MEC LV VI Pyramidal Polymorphic,EC LIII Pyramidal Stellate,24,0.012
terminal_distribution,boltzmann_path_sampling,MEC LV VI Pyramidal Polymorphic,MEC LIII Complex Pyramidal,31,0.0155
terminal_distribution,boltzmann_path_sampling,MEC LV VI Pyramidal Polymorphic,SUB CA1 Projecting Pyramidal,16,0.008
terminal_distribution,boltzmann_path_sampling,MEC LV VI Pyramidal Polymorphic,EC LIII Pyramidal,13,0.0065
terminal_distribution,boltzmann_path_sampling,MEC LV VI Pyramidal Polymorphic,DG Mossy,25,0.0125
terminal_distribution,boltzmann_path_sampling,MEC LV VI Pyramidal Polymorphic,LEC LIII Complex Pyramidal,20,0.01
terminal_distribution,boltzmann_path_sampling,MEC LV VI Pyramidal Polymorphic,EC LV Deep Pyramidal,33,0.0165
terminal_distribution,boltzmann_path_sampling,MEC LV VI Pyramidal Polymorphic,DG Granule,48,0.024
terminal_distribution,boltzmann_path_sampling,MEC LV VI Pyramidal Polymorphic,CA2 Pyramidal,23,0.0115
terminal_distribution,boltzmann_path_sampling,MEC LV VI Pyramidal Polymorphic,MEC LII III Pyramidal Multiform,9,0.0045
terminal_distribution,boltzmann_path_sampling,MEC LV VI Pyramidal Polymorphic,CA1 Pyramidal,45,0.0225
terminal_distribution,boltzmann_path_sampling,MEC LV VI Pyramidal Polymorphic,CA3c Pyramidal,28,0.014
terminal_distribution,boltzmann_path_sampling,MEC LV VI Pyramidal Polymorphic,EC LI II Multipolar Pyramidal,13,0.0065
terminal_distribution,boltzmann_path_sampling,MEC LV VI Pyramidal Polymorphic,MEC LV Multipolar Pyramidal,19,0.0095
terminal_distribution,boltzmann_path_sampling,MEC LV VI Pyramidal Polymorphic,MEC LII Oblique Pyramidal,10,0.005
terminal_distribution,boltzmann_path_sampling,MEC LV VI Pyramidal Polymorphic,MEC LV Pyramidal,13,0.0065
terminal_distribution,boltzmann_path_sampling,MEC LV VI Pyramidal Polymorphic,EC LIII Stellate,17,0.0085
terminal_distribution,boltzmann_path_sampling,MEC LV VI Pyramidal Polymorphic,EC LIII V Bipolar Pyramidal,24,0.012
terminal_distribution,boltzmann_path_sampling,MEC LV VI Pyramidal Polymorphic,EC LI II Pyramidal Fan,2,0.001
terminal_distribution,boltzmann_path_sampling,SUB CA1 Projecting Pyramidal,CA1 Radiatum Giant,994,0.497
terminal_distribution,boltzmann_path_sampling,SUB CA1 Projecting Pyramidal,CA3 Granule,402,0.201
terminal_distribution,boltzmann_path_sampling,SUB CA1 Projecting Pyramidal,DG Hilar Ectopic Granule,51,0.0255
terminal_distribution,boltzmann_path_sampling,SUB CA1 Projecting Pyramidal,LEC LIII Complex Pyramidal,13,0.0065
terminal_distribution,boltzmann_path_sampling,SUB CA1 Projecting Pyramidal,DG Mossy,27,0.0135
terminal_distribution,boltzmann_path_sampling,SUB CA1 Projecting Pyramidal,MEC LV Multipolar Pyramidal,13,0.0065
terminal_distribution,boltzmann_path_sampling,SUB CA1 Projecting Pyramidal,MEC LII Stellate,24,0.012
terminal_distribution,boltzmann_path_sampling,SUB CA1 Projecting Pyramidal,MEC LV Superficial Pyramidal,10,0.005
terminal_distribution,boltzmann_path_sampling,SUB CA1 Projecting Pyramidal,MEC LV VI Pyramidal Polymorphic,43,0.0215
terminal_distribution,boltzmann_path_sampling,SUB CA1 Projecting Pyramidal,CA2 Pyramidal,29,0.0145
terminal_distribution,boltzmann_path_sampling,SUB CA1 Projecting Pyramidal,EC LII III Pyramidal Tripolar,12,0.006
terminal_distribution,boltzmann_path_sampling,SUB CA1 Projecting Pyramidal,MEC LII III Pyramidal Multiform,9,0.0045
terminal_distribution,boltzmann_path_sampling,SUB CA1 Projecting Pyramidal,EC LIII Pyramidal Stellate,17,0.0085
terminal_distribution,boltzmann_path_sampling,SUB CA1 Projecting Pyramidal,CA1 Pyramidal,48,0.024
terminal_distribution,boltzmann_path_sampling,SUB CA1 Projecting Pyramidal,DG Granule,38,0.019
terminal_distribution,boltzmann_path_sampling,SUB CA1 Projecting Pyramidal,CA3 Pyramidal,44,0.022
terminal_distribution,boltzmann_path_sampling,SUB CA1 Projecting Pyramidal,LEC LVI Multipolar Pyramidal,26,0.013
terminal_distribution,boltzmann_path_sampling,SUB CA1 Projecting Pyramidal,LEC LIII Multipolar Principal,25,0.0125
terminal_distribution,boltzmann_path_sampling,SUB CA1 Projecting Pyramidal,EC LIII V Bipolar Pyramidal,12,0.006
terminal_distribution,boltzmann_path_sampling,SUB CA1 Projecting Pyramidal,EC LI II Multipolar Pyramidal,19,0.0095
terminal_distribution,boltzmann_path_sampling,SUB CA1 Projecting Pyramidal,EC LIV VI Deep Multipolar Principal,30,0.015
terminal_distribution,boltzmann_path_sampling,SUB CA1 Projecting Pyramidal,MEC LV Pyramidal,11,0.0055
terminal_distribution,boltzmann_path_sampling,SUB CA1 Projecting Pyramidal,MEC LIII Complex Pyramidal,28,0.014
terminal_distribution,boltzmann_path_sampling,SUB CA1 Projecting Pyramidal,EC LIII Stellate,14,0.007
terminal_distribution,boltzmann_path_sampling,SUB CA1 Projecting Pyramidal,MEC LII Oblique Pyramidal,7,0.0035
terminal_distribution,boltzmann_path_sampling,SUB CA1 Projecting Pyramidal,MEC LIII Bipolar Complex Pyramidal,10,0.005
terminal_distribution,boltzmann_path_sampling,SUB CA1 Projecting Pyramidal,EC LI II Pyramidal Fan,3,0.0015
terminal_distribution,boltzmann_path_sampling,SUB CA1 Projecting Pyramidal,CA3c Pyramidal,25,0.0125
terminal_distribution,boltzmann_path_sampling,SUB CA1 Projecting Pyramidal,EC LV Deep Pyramidal,12,0.006
terminal_distribution,boltzmann_path_sampling,SUB CA1 Projecting Pyramidal,DG Semilunar Granule,1,0.0005
terminal_distribution,boltzmann_path_sampling,SUB CA1 Projecting Pyramidal,EC LIII Pyramidal,3,0.0015
