edge_label,source_node,target_node,source_idx,target_idx,original_weight
DG Granule→DG Mossy,DG Granule,DG Mossy,0,2,1548576.206
DG Granule→DG AIPRIM,DG Granule,DG AIPRIM,0,3,896639.199
DG Granule→DG Axo Axonic,DG Granule,DG Axo Axonic,0,4,708529.9461
DG Granule→DG Basket,DG Granule,DG Basket,0,5,381384.7396
DG Granule→DG HICAP,DG Granule,DG HICAP,0,6,418316.0675
DG Granule→DG HIPP,DG Granule,DG HIPP,0,7,826561.1954
DG Granule→DG HIPROM,DG Granule,DG HIPROM,0,8,1008478.407
DG Granule→DG MOLAX,DG Granule,DG MOLAX,0,9,627179.0249
DG Granule→DG Total Molecular Layer,DG Granule,DG Total Molecular Layer,0,12,601011.362
DG Granule→CA3 Pyramidal,DG Granule,CA3 Pyramidal,0,13,19094.65916
DG Granule→CA3c Pyramidal,DG Granule,CA3c Pyramidal,0,14,105286.8854
DG Granule→CA3 Axo Axonic,DG Granule,CA3 Axo Axonic,0,16,84424.968
DG Granule→CA3 Basket,DG Granule,CA3 Basket,0,17,93333.19129
DG Granule→CA3 LMR Targeting,DG Granule,CA3 LMR Targeting,0,18,31784.51386
DG Granule→CA3 Lucidum ORAX,DG Granule,CA3 Lucidum ORAX,0,19,30282.85445
DG Granule→CA3 Spiny Lucidum,DG Granule,CA3 Spiny Lucidum,0,20,176486.3056
DG Granule→CA3 Mossy Fiber Associated ORDEN,DG Granule,CA3 Mossy Fiber Associated ORDEN,0,21,57172.64004
DG Granule→CA2 Basket,DG Granule,CA2 Basket,0,23,520440.6142
DG Granule→CA2 Wide Arbor Basket,DG Granule,CA2 Wide Arbor Basket,0,24,228861.1305
DG Granule→CA2 Bistratified,DG Granule,CA2 Bistratified,0,25,234548.9368
DG Semilunar Granule→DG Granule,DG Semilunar Granule,DG Granule,1,0,10939.47786
DG Semilunar Granule→DG Mossy,DG Semilunar Granule,DG Mossy,1,2,177762.2689
DG Semilunar Granule→DG AIPRIM,DG Semilunar Granule,DG AIPRIM,1,3,175502.8501
DG Semilunar Granule→DG Axo Axonic,DG Semilunar Granule,DG Axo Axonic,1,4,128067.623
DG Semilunar Granule→DG Basket,DG Semilunar Granule,DG Basket,1,5,90708.45106
DG Semilunar Granule→DG HICAP,DG Semilunar Granule,DG HICAP,1,6,98020.43648
DG Semilunar Granule→DG HIPP,DG Semilunar Granule,DG HIPP,1,7,92711.44971
DG Semilunar Granule→DG HIPROM,DG Semilunar Granule,DG HIPROM,1,8,245668.8032
DG Semilunar Granule→DG MOLAX,DG Semilunar Granule,DG MOLAX,1,9,118054.7648
DG Semilunar Granule→DG Total Molecular Layer,DG Semilunar Granule,DG Total Molecular Layer,1,12,68942.98489
DG Semilunar Granule→CA3 Pyramidal,DG Semilunar Granule,CA3 Pyramidal,1,13,5221.038912
DG Semilunar Granule→CA3c Pyramidal,DG Semilunar Granule,CA3c Pyramidal,1,14,11545.9177
DG Semilunar Granule→CA3 Axo Axonic,DG Semilunar Granule,CA3 Axo Axonic,1,16,10268.82631
DG Semilunar Granule→CA3 Basket,DG Semilunar Granule,CA3 Basket,1,17,8954.535216
DG Semilunar Granule→CA3 LMR Targeting,DG Semilunar Granule,CA3 LMR Targeting,1,18,3374.756006
DG Semilunar Granule→CA3 Lucidum ORAX,DG Semilunar Granule,CA3 Lucidum ORAX,1,19,11783.98657
DG Semilunar Granule→CA3 Spiny Lucidum,DG Semilunar Granule,CA3 Spiny Lucidum,1,20,39516.72579
DG Semilunar Granule→CA3 Mossy Fiber Associated ORDEN,DG Semilunar Granule,CA3 Mossy Fiber Associated ORDEN,1,21,5552.233678
DG Mossy→DG Granule,DG Mossy,DG Granule,2,0,21695.05487
DG Mossy→DG Semilunar Granule,DG Mossy,DG Semilunar Granule,2,1,12630.59149
DG Mossy→DG AIPRIM,DG Mossy,DG AIPRIM,2,3,63309.34563
DG Mossy→DG Axo Axonic,DG Mossy,DG Axo Axonic,2,4,65354.97376
DG Mossy→DG Basket,DG Mossy,DG Basket,2,5,44703.71673
DG Mossy→DG HICAP,DG Mossy,DG HICAP,2,6,37769.10544
DG Mossy→DG HIPP,DG Mossy,DG HIPP,2,7,35791.76709
DG Mossy→DG HIPROM,DG Mossy,DG HIPROM,2,8,82589.59285
DG Mossy→DG MOLAX,DG Mossy,DG MOLAX,2,9,54425.65315
DG Mossy→DG Total Molecular Layer,DG Mossy,DG Total Molecular Layer,2,12,48730.41805
DG AIPRIM→DG Granule,DG AIPRIM,DG Granule,3,0,-5198.707572
DG AIPRIM→DG Semilunar Granule,DG AIPRIM,DG Semilunar Granule,3,1,-4221.690277
DG AIPRIM→DG Mossy,DG AIPRIM,DG Mossy,3,2,-8299.567273
DG AIPRIM→DG Axo Axonic,DG AIPRIM,DG Axo Axonic,3,4,-7725.744949
DG AIPRIM→DG Basket,DG AIPRIM,DG Basket,3,5,-8921.306259
DG AIPRIM→DG HICAP,DG AIPRIM,DG HICAP,3,6,-8982.620821
DG AIPRIM→DG HIPP,DG AIPRIM,DG HIPP,3,7,-4647.590781
DG AIPRIM→DG HIPROM,DG AIPRIM,DG HIPROM,3,8,-21429.71714
DG AIPRIM→DG MOLAX,DG AIPRIM,DG MOLAX,3,9,-12163.42821
DG AIPRIM→DG Total Molecular Layer,DG AIPRIM,DG Total Molecular Layer,3,12,-9047.04745
DG Axo Axonic→DG Granule,DG Axo Axonic,DG Granule,4,0,-39.86754258
DG Axo Axonic→DG Mossy,DG Axo Axonic,DG Mossy,4,2,-1589.322659
DG Basket→DG Granule,DG Basket,DG Granule,5,0,-30832.19148
DG Basket→DG Axo Axonic,DG Basket,DG Axo Axonic,5,4,-16791.6531
DG Basket→DG HICAP,DG Basket,DG HICAP,5,6,-21886.27747
DG Basket→DG HIPP,DG Basket,DG HIPP,5,7,-23172.68805
DG Basket→DG MOLAX,DG Basket,DG MOLAX,5,9,-28949.94488
DG Basket→DG Total Molecular Layer,DG Basket,DG Total Molecular Layer,5,12,-31424.09244
DG HICAP→DG Granule,DG HICAP,DG Granule,6,0,-125.9601445
DG HICAP→DG Semilunar Granule,DG HICAP,DG Semilunar Granule,6,1,-103.0100622
DG HICAP→DG AIPRIM,DG HICAP,DG AIPRIM,6,3,-70.6828635
DG HICAP→DG Axo Axonic,DG HICAP,DG Axo Axonic,6,4,-67.32888292
DG HICAP→DG Basket,DG HICAP,DG Basket,6,5,-74.92934952
DG HICAP→DG HIPROM,DG HICAP,DG HIPROM,6,8,-198.4055371
DG HICAP→DG MOLAX,DG HICAP,DG MOLAX,6,9,-157.5078307
DG HICAP→DG Total Molecular Layer,DG HICAP,DG Total Molecular Layer,6,12,-86.26670516
DG HIPP→DG Granule,DG HIPP,DG Granule,7,0,-4519.965682
DG HIPP→DG Semilunar Granule,DG HIPP,DG Semilunar Granule,7,1,-4421.758813
DG HIPP→DG AIPRIM,DG HIPP,DG AIPRIM,7,3,-2244.483387
DG HIPP→DG Axo Axonic,DG HIPP,DG Axo Axonic,7,4,-3199.135215
DG HIPP→DG Basket,DG HIPP,DG Basket,7,5,-3295.452961
DG HIPP→DG HICAP,DG HIPP,DG HICAP,7,6,-2376.60981
DG HIPP→DG MOLAX,DG HIPP,DG MOLAX,7,9,-3142.627402
DG HIPP→DG MOPP,DG HIPP,DG MOPP,7,10,-5264.097257
DG HIPP→DG Neurogliaform,DG HIPP,DG Neurogliaform,7,11,-3892.431416
DG HIPP→DG Total Molecular Layer,DG HIPP,DG Total Molecular Layer,7,12,-2415.954003
DG HIPP→CA1 Neurogliaform Projecting,DG HIPP,CA1 Neurogliaform Projecting,7,37,-5463.381349
DG HIPROM→DG Granule,DG HIPROM,DG Granule,8,0,-7.197889979
DG HIPROM→DG Semilunar Granule,DG HIPROM,DG Semilunar Granule,8,1,-7.083911848
DG HIPROM→DG Mossy,DG HIPROM,DG Mossy,8,2,-10.87005829
DG HIPROM→DG AIPRIM,DG HIPROM,DG AIPRIM,8,3,-16.43796539
DG HIPROM→DG Axo Axonic,DG HIPROM,DG Axo Axonic,8,4,-12.12859923
DG HIPROM→DG Basket,DG HIPROM,DG Basket,8,5,-13.70280371
DG HIPROM→DG HICAP,DG HIPROM,DG HICAP,8,6,-13.40606855
DG HIPROM→DG HIPP,DG HIPROM,DG HIPP,8,7,-6.480757406
DG HIPROM→DG MOLAX,DG HIPROM,DG MOLAX,8,9,-16.76995865
DG HIPROM→DG MOPP,DG HIPROM,DG MOPP,8,10,-3.530191984
DG HIPROM→DG Neurogliaform,DG HIPROM,DG Neurogliaform,8,11,-2.564272067
DG HIPROM→DG Total Molecular Layer,DG HIPROM,DG Total Molecular Layer,8,12,-12.9948577
DG HIPROM→CA3 Pyramidal,DG HIPROM,CA3 Pyramidal,8,13,-8.449511821
DG HIPROM→CA3c Pyramidal,DG HIPROM,CA3c Pyramidal,8,14,-7.819844383
DG HIPROM→CA3 Granule,DG HIPROM,CA3 Granule,8,15,-0.182094239
DG HIPROM→CA3 Axo Axonic,DG HIPROM,CA3 Axo Axonic,8,16,-4.732231259
DG HIPROM→CA3 Basket,DG HIPROM,CA3 Basket,8,17,-4.023225259
DG HIPROM→CA3 LMR Targeting,DG HIPROM,CA3 LMR Targeting,8,18,-1.405551099
DG HIPROM→CA3 Lucidum ORAX,DG HIPROM,CA3 Lucidum ORAX,8,19,-2.613670653
DG HIPROM→CA3 Spiny Lucidum,DG HIPROM,CA3 Spiny Lucidum,8,20,-13.41277192
DG HIPROM→CA3 Mossy Fiber Associated ORDEN,DG HIPROM,CA3 Mossy Fiber Associated ORDEN,8,21,-7.843745093
DG HIPROM→CA3 Trilaminar,DG HIPROM,CA3 Trilaminar,8,22,-3.543581723
DG HIPROM→CA2 Wide Arbor Basket,DG HIPROM,CA2 Wide Arbor Basket,8,24,-0.710758099
DG HIPROM→CA1 Neurogliaform Projecting,DG HIPROM,CA1 Neurogliaform Projecting,8,37,-3.580912371
DG MOLAX→DG Granule,DG MOLAX,DG Granule,9,0,-3449.792253
DG MOLAX→DG Semilunar Granule,DG MOLAX,DG Semilunar Granule,9,1,-3165.375504
DG MOLAX→DG AIPRIM,DG MOLAX,DG AIPRIM,9,3,-1899.055877
DG MOLAX→DG Axo Axonic,DG MOLAX,DG Axo Axonic,9,4,-2035.04661
DG MOLAX→DG Basket,DG MOLAX,DG Basket,9,5,-2118.6821
DG MOLAX→DG HICAP,DG MOLAX,DG HICAP,9,6,-2023.699037
DG MOLAX→DG HIPROM,DG MOLAX,DG HIPROM,9,8,-1657.586868
DG MOLAX→DG MOPP,DG MOLAX,DG MOPP,9,10,-1795.936044
DG MOLAX→DG Neurogliaform,DG MOLAX,DG Neurogliaform,9,11,-1340.953477
DG MOLAX→DG Total Molecular Layer,DG MOLAX,DG Total Molecular Layer,9,12,-1995.546035
DG MOLAX→CA1 Neurogliaform Projecting,DG MOLAX,CA1 Neurogliaform Projecting,9,37,-1904.106606
DG MOPP→DG Granule,DG MOPP,DG Granule,10,0,-141.225297
DG MOPP→DG Semilunar Granule,DG MOPP,DG Semilunar Granule,10,1,-130.0950272
DG MOPP→DG AIPRIM,DG MOPP,DG AIPRIM,10,3,-76.56289324
DG MOPP→DG Axo Axonic,DG MOPP,DG Axo Axonic,10,4,-87.67444964
DG MOPP→DG Basket,DG MOPP,DG Basket,10,5,-89.7931889
DG MOPP→DG HICAP,DG MOPP,DG HICAP,10,6,-74.88297667
DG MOPP→DG MOLAX,DG MOPP,DG MOLAX,10,9,-119.1670812
DG MOPP→DG Neurogliaform,DG MOPP,DG Neurogliaform,10,11,-119.8869153
DG MOPP→DG Total Molecular Layer,DG MOPP,DG Total Molecular Layer,10,12,-90.38432397
DG MOPP→CA1 Neurogliaform Projecting,DG MOPP,CA1 Neurogliaform Projecting,10,37,-184.7396436
DG Neurogliaform→DG Granule,DG Neurogliaform,DG Granule,11,0,-48.70676802
DG Neurogliaform→DG Semilunar Granule,DG Neurogliaform,DG Semilunar Granule,11,1,-52.29438009
DG Neurogliaform→DG AIPRIM,DG Neurogliaform,DG AIPRIM,11,3,-16.48470015
DG Neurogliaform→DG Axo Axonic,DG Neurogliaform,DG Axo Axonic,11,4,-39.49972998
DG Neurogliaform→DG Basket,DG Neurogliaform,DG Basket,11,5,-19.15346085
DG Neurogliaform→DG HICAP,DG Neurogliaform,DG HICAP,11,6,-16.75227523
DG Neurogliaform→DG MOLAX,DG Neurogliaform,DG MOLAX,11,9,-42.37004596
DG Neurogliaform→DG MOPP,DG Neurogliaform,DG MOPP,11,10,-12.59870291
DG Neurogliaform→DG Total Molecular Layer,DG Neurogliaform,DG Total Molecular Layer,11,12,-15.68517814
DG Neurogliaform→CA1 Neurogliaform Projecting,DG Neurogliaform,CA1 Neurogliaform Projecting,11,37,-32.1361705
DG Total Molecular Layer→DG Granule,DG Total Molecular Layer,DG Granule,12,0,-4088.47068
DG Total Molecular Layer→DG Semilunar Granule,DG Total Molecular Layer,DG Semilunar Granule,12,1,-3909.870445
DG Total Molecular Layer→DG Mossy,DG Total Molecular Layer,DG Mossy,12,2,-5027.841134
DG Total Molecular Layer→DG AIPRIM,DG Total Molecular Layer,DG AIPRIM,12,3,-4666.196837
DG Total Molecular Layer→DG Axo Axonic,DG Total Molecular Layer,DG Axo Axonic,12,4,-3496.86551
DG Total Molecular Layer→DG Basket,DG Total Molecular Layer,DG Basket,12,5,-3556.482476
DG Total Molecular Layer→DG HICAP,DG Total Molecular Layer,DG HICAP,12,6,-3940.760581
DG Total Molecular Layer→DG HIPP,DG Total Molecular Layer,DG HIPP,12,7,-2498.027912
DG Total Molecular Layer→DG HIPROM,DG Total Molecular Layer,DG HIPROM,12,8,-6450.7415
DG Total Molecular Layer→DG MOLAX,DG Total Molecular Layer,DG MOLAX,12,9,-7452.518615
DG Total Molecular Layer→DG MOPP,DG Total Molecular Layer,DG MOPP,12,10,-1769.660126
DG Total Molecular Layer→DG Neurogliaform,DG Total Molecular Layer,DG Neurogliaform,12,11,-1405.900723
DG Total Molecular Layer→CA1 Neurogliaform Projecting,DG Total Molecular Layer,CA1 Neurogliaform Projecting,12,37,-2118.724267
CA3 Pyramidal→CA3c Pyramidal,CA3 Pyramidal,CA3c Pyramidal,13,14,395693.8458
CA3 Pyramidal→CA3 Granule,CA3 Pyramidal,CA3 Granule,13,15,41592.49664
CA3 Pyramidal→CA3 Axo Axonic,CA3 Pyramidal,CA3 Axo Axonic,13,16,175688.468
CA3 Pyramidal→CA3 Basket,CA3 Pyramidal,CA3 Basket,13,17,229695.88
CA3 Pyramidal→CA3 LMR Targeting,CA3 Pyramidal,CA3 LMR Targeting,13,18,29902.14385
CA3 Pyramidal→CA3 Lucidum ORAX,CA3 Pyramidal,CA3 Lucidum ORAX,13,19,96208.96061
CA3 Pyramidal→CA3 Mossy Fiber Associated ORDEN,CA3 Pyramidal,CA3 Mossy Fiber Associated ORDEN,13,21,203028.4106
CA3 Pyramidal→CA3 Trilaminar,CA3 Pyramidal,CA3 Trilaminar,13,22,185716.6009
CA3 Pyramidal→CA2 Basket,CA3 Pyramidal,CA2 Basket,13,23,485909.8258
CA3 Pyramidal→CA2 Wide Arbor Basket,CA3 Pyramidal,CA2 Wide Arbor Basket,13,24,196409.1927
CA3 Pyramidal→CA2 Bistratified,CA3 Pyramidal,CA2 Bistratified,13,25,468952.7398
CA3 Pyramidal→CA2 SP SR,CA3 Pyramidal,CA2 SP SR,13,26,278151.1629
CA3 Pyramidal→CA1 Pyramidal,CA3 Pyramidal,CA1 Pyramidal,13,27,380827.9828
CA3 Pyramidal→CA1 Radiatum Giant,CA3 Pyramidal,CA1 Radiatum Giant,13,28,165936.0382
CA3 Pyramidal→CA1 Axo Axonic,CA3 Pyramidal,CA1 Axo Axonic,13,29,159502.0083
CA3 Pyramidal→CA1 Horizontal Axo Axonic,CA3 Pyramidal,CA1 Horizontal Axo Axonic,13,30,330795.0048
CA3 Pyramidal→CA1 Basket,CA3 Pyramidal,CA1 Basket,13,31,228141.6357
CA3 Pyramidal→CA1 Basket CCK+,CA3 Pyramidal,CA1 Basket CCK+,13,32,156057.7545
CA3 Pyramidal→CA1 Horizontal Basket,CA3 Pyramidal,CA1 Horizontal Basket,13,33,755237.5847
CA3 Pyramidal→CA1 Ivy,CA3 Pyramidal,CA1 Ivy,13,34,69076.63515
CA3 Pyramidal→CA1 LMR,CA3 Pyramidal,CA1 LMR,13,35,32725.76193
CA3 Pyramidal→CA1 Recurrent O LM,CA3 Pyramidal,CA1 Recurrent O LM,13,38,2081164.348
CA3 Pyramidal→CA1 O LMR,CA3 Pyramidal,CA1 O LMR,13,39,673425.8315
CA3 Pyramidal→CA1 Oriens Alveus,CA3 Pyramidal,CA1 Oriens Alveus,13,40,124756.4419
CA3 Pyramidal→CA1 Oriens Bistratified,CA3 Pyramidal,CA1 Oriens Bistratified,13,41,476142.3705
CA3 Pyramidal→CA1 OR LM,CA3 Pyramidal,CA1 OR LM,13,42,530494.5778
CA3 Pyramidal→CA1 Perforant Path Associated,CA3 Pyramidal,CA1 Perforant Path Associated,13,43,78833.56183
CA3 Pyramidal→CA1 Perforant Path Associated QuadD,CA3 Pyramidal,CA1 Perforant Path Associated QuadD,13,44,584453.5674
CA3 Pyramidal→CA1 Radiatum,CA3 Pyramidal,CA1 Radiatum,13,45,77702.49045
CA3 Pyramidal→CA1 R Receiving Apical Targeting,CA3 Pyramidal,CA1 R Receiving Apical Targeting,13,46,212463.5636
CA3 Pyramidal→CA1 Schaffer Collateral Associated,CA3 Pyramidal,CA1 Schaffer Collateral Associated,13,47,405597.7514
CA3 Pyramidal→CA1 SO SO,CA3 Pyramidal,CA1 SO SO,13,48,1082066.721
CA3 Pyramidal→CA1 Trilaminar,CA3 Pyramidal,CA1 Trilaminar,13,49,2030611.127
CA3 Pyramidal→CA1 Radial Trilaminar,CA3 Pyramidal,CA1 Radial Trilaminar,13,50,48612.11039
CA3c Pyramidal→DG Granule,CA3c Pyramidal,DG Granule,14,0,160418.7567
CA3c Pyramidal→DG Semilunar Granule,CA3c Pyramidal,DG Semilunar Granule,14,1,87352.46675
CA3c Pyramidal→DG Mossy,CA3c Pyramidal,DG Mossy,14,2,33393.42822
CA3c Pyramidal→DG AIPRIM,CA3c Pyramidal,DG AIPRIM,14,3,108136.7762
CA3c Pyramidal→DG Axo Axonic,CA3c Pyramidal,DG Axo Axonic,14,4,143794.6172
CA3c Pyramidal→DG Basket,CA3c Pyramidal,DG Basket,14,5,96808.27901
CA3c Pyramidal→DG HICAP,CA3c Pyramidal,DG HICAP,14,6,82111.44265
CA3c Pyramidal→DG HIPP,CA3c Pyramidal,DG HIPP,14,7,18549.9662
CA3c Pyramidal→DG HIPROM,CA3c Pyramidal,DG HIPROM,14,8,164558.2794
CA3c Pyramidal→DG MOLAX,CA3c Pyramidal,DG MOLAX,14,9,108931.5881
CA3c Pyramidal→DG Total Molecular Layer,CA3c Pyramidal,DG Total Molecular Layer,14,12,72103.63782
CA3c Pyramidal→CA3 Pyramidal,CA3c Pyramidal,CA3 Pyramidal,14,13,31089.11555
CA3c Pyramidal→CA3 Granule,CA3c Pyramidal,CA3 Granule,14,15,5108.886819
CA3c Pyramidal→CA3 Axo Axonic,CA3c Pyramidal,CA3 Axo Axonic,14,16,19320.76491
CA3c Pyramidal→CA3 Basket,CA3c Pyramidal,CA3 Basket,14,17,25171.51724
CA3c Pyramidal→CA3 LMR Targeting,CA3c Pyramidal,CA3 LMR Targeting,14,18,4152.834731
CA3c Pyramidal→CA3 Lucidum ORAX,CA3c Pyramidal,CA3 Lucidum ORAX,14,19,12467.06147
CA3c Pyramidal→CA3 Mossy Fiber Associated ORDEN,CA3c Pyramidal,CA3 Mossy Fiber Associated ORDEN,14,21,19935.28605
CA3c Pyramidal→CA3 Trilaminar,CA3c Pyramidal,CA3 Trilaminar,14,22,40886.40713
CA3c Pyramidal→CA2 Basket,CA3c Pyramidal,CA2 Basket,14,23,1119782.669
CA3c Pyramidal→CA2 Wide Arbor Basket,CA3c Pyramidal,CA2 Wide Arbor Basket,14,24,541851.3914
CA3c Pyramidal→CA2 Bistratified,CA3c Pyramidal,CA2 Bistratified,14,25,1005433.811
CA3c Pyramidal→CA2 SP SR,CA3c Pyramidal,CA2 SP SR,14,26,636442.6318
CA3c Pyramidal→CA1 Pyramidal,CA3c Pyramidal,CA1 Pyramidal,14,27,2946974.519
CA3c Pyramidal→CA1 Radiatum Giant,CA3c Pyramidal,CA1 Radiatum Giant,14,28,2221043.972
CA3c Pyramidal→CA1 Axo Axonic,CA3c Pyramidal,CA1 Axo Axonic,14,29,2006266.478
CA3c Pyramidal→CA1 Horizontal Axo Axonic,CA3c Pyramidal,CA1 Horizontal Axo Axonic,14,30,52687.91822
CA3c Pyramidal→CA1 Basket,CA3c Pyramidal,CA1 Basket,14,31,2116029.98
CA3c Pyramidal→CA1 Basket CCK+,CA3c Pyramidal,CA1 Basket CCK+,14,32,2795834.075
CA3c Pyramidal→CA1 Horizontal Basket,CA3c Pyramidal,CA1 Horizontal Basket,14,33,111868.5427
CA3c Pyramidal→CA1 Ivy,CA3c Pyramidal,CA1 Ivy,14,34,1842331.582
CA3c Pyramidal→CA1 LMR,CA3c Pyramidal,CA1 LMR,14,35,826291.8396
CA3c Pyramidal→CA1 Recurrent O LM,CA3c Pyramidal,CA1 Recurrent O LM,14,38,274726.7905
CA3c Pyramidal→CA1 O LMR,CA3c Pyramidal,CA1 O LMR,14,39,115467.0882
CA3c Pyramidal→CA1 Oriens Alveus,CA3c Pyramidal,CA1 Oriens Alveus,14,40,1743888.309
CA3c Pyramidal→CA1 Oriens Bistratified,CA3c Pyramidal,CA1 Oriens Bistratified,14,41,81403.51345
CA3c Pyramidal→CA1 OR LM,CA3c Pyramidal,CA1 OR LM,14,42,2982732.151
CA3c Pyramidal→CA1 Perforant Path Associated,CA3c Pyramidal,CA1 Perforant Path Associated,14,43,1334059.612
CA3c Pyramidal→CA1 Perforant Path Associated QuadD,CA3c Pyramidal,CA1 Perforant Path Associated QuadD,14,44,2795497.155
CA3c Pyramidal→CA1 Radiatum,CA3c Pyramidal,CA1 Radiatum,14,45,1362763.212
CA3c Pyramidal→CA1 R Receiving Apical Targeting,CA3c Pyramidal,CA1 R Receiving Apical Targeting,14,46,2023667.388
CA3c Pyramidal→CA1 SO SO,CA3c Pyramidal,CA1 SO SO,14,48,154057.071
CA3c Pyramidal→CA1 Trilaminar,CA3c Pyramidal,CA1 Trilaminar,14,49,274426.1153
CA3c Pyramidal→CA1 Radial Trilaminar,CA3c Pyramidal,CA1 Radial Trilaminar,14,50,1107880.821
CA3 Granule→CA3 Pyramidal,CA3 Granule,CA3 Pyramidal,15,13,76.58690108
CA3 Granule→CA3c Pyramidal,CA3 Granule,CA3c Pyramidal,15,14,133.2249581
CA3 Granule→CA3 Axo Axonic,CA3 Granule,CA3 Axo Axonic,15,16,68.72718369
CA3 Granule→CA3 Basket,CA3 Granule,CA3 Basket,15,17,75.53845131
CA3 Granule→CA3 LMR Targeting,CA3 Granule,CA3 LMR Targeting,15,18,53.25509613
CA3 Granule→CA3 Lucidum ORAX,CA3 Granule,CA3 Lucidum ORAX,15,19,80.26403534
CA3 Granule→CA3 Spiny Lucidum,CA3 Granule,CA3 Spiny Lucidum,15,20,240.6769874
CA3 Granule→CA3 Mossy Fiber Associated ORDEN,CA3 Granule,CA3 Mossy Fiber Associated ORDEN,15,21,57.56240378
CA3 Axo Axonic→CA3 Pyramidal,CA3 Axo Axonic,CA3 Pyramidal,16,13,-393.0578362
CA3 Axo Axonic→CA3c Pyramidal,CA3 Axo Axonic,CA3c Pyramidal,16,14,-1201.911623
CA3 Basket→CA3 Pyramidal,CA3 Basket,CA3 Pyramidal,17,13,-13694.30406
CA3 Basket→CA3c Pyramidal,CA3 Basket,CA3c Pyramidal,17,14,-12332.37145
CA3 Basket→CA3 Axo Axonic,CA3 Basket,CA3 Axo Axonic,17,16,-5265.150496
CA3 Basket→CA3 Mossy Fiber Associated ORDEN,CA3 Basket,CA3 Mossy Fiber Associated ORDEN,17,21,-9496.353522
CA3 LMR Targeting→CA3 Pyramidal,CA3 LMR Targeting,CA3 Pyramidal,18,13,-6333.728912
CA3 LMR Targeting→CA3c Pyramidal,CA3 LMR Targeting,CA3c Pyramidal,18,14,-440.68837
CA3 LMR Targeting→CA3 Granule,CA3 LMR Targeting,CA3 Granule,18,15,-2862.115677
CA3 LMR Targeting→CA3 Axo Axonic,CA3 LMR Targeting,CA3 Axo Axonic,18,16,-2438.593873
CA3 LMR Targeting→CA3 Basket,CA3 LMR Targeting,CA3 Basket,18,17,-2658.769866
CA3 LMR Targeting→CA3 Lucidum ORAX,CA3 LMR Targeting,CA3 Lucidum ORAX,18,19,-466.1186612
CA3 LMR Targeting→CA3 Mossy Fiber Associated ORDEN,CA3 LMR Targeting,CA3 Mossy Fiber Associated ORDEN,18,21,-377.582895
CA3 Lucidum ORAX→CA3 Pyramidal,CA3 Lucidum ORAX,CA3 Pyramidal,19,13,-9.745853616
CA3 Lucidum ORAX→CA3c Pyramidal,CA3 Lucidum ORAX,CA3c Pyramidal,19,14,-8.741902847
CA3 Lucidum ORAX→CA3 Granule,CA3 Lucidum ORAX,CA3 Granule,19,15,-0.504755192
CA3 Lucidum ORAX→CA3 Axo Axonic,CA3 Lucidum ORAX,CA3 Axo Axonic,19,16,-4.951628409
CA3 Lucidum ORAX→CA3 Basket,CA3 Lucidum ORAX,CA3 Basket,19,17,-4.693148994
CA3 Lucidum ORAX→CA3 LMR Targeting,CA3 Lucidum ORAX,CA3 LMR Targeting,19,18,-1.526711639
CA3 Lucidum ORAX→CA3 Spiny Lucidum,CA3 Lucidum ORAX,CA3 Spiny Lucidum,19,20,-11.4227317
CA3 Lucidum ORAX→CA3 Mossy Fiber Associated ORDEN,CA3 Lucidum ORAX,CA3 Mossy Fiber Associated ORDEN,19,21,-8.659663626
CA3 Lucidum ORAX→CA3 Trilaminar,CA3 Lucidum ORAX,CA3 Trilaminar,19,22,-3.772921935
CA3 Lucidum ORAX→CA2 Wide Arbor Basket,CA3 Lucidum ORAX,CA2 Wide Arbor Basket,19,24,-0.800572704
CA3 Spiny Lucidum→DG Granule,CA3 Spiny Lucidum,DG Granule,20,0,-598.6907983
CA3 Spiny Lucidum→DG Semilunar Granule,CA3 Spiny Lucidum,DG Semilunar Granule,20,1,-758.9987819
CA3 Spiny Lucidum→DG AIPRIM,CA3 Spiny Lucidum,DG AIPRIM,20,3,-300.8673248
CA3 Spiny Lucidum→DG Axo Axonic,CA3 Spiny Lucidum,DG Axo Axonic,20,4,-537.707866
CA3 Spiny Lucidum→DG Basket,CA3 Spiny Lucidum,DG Basket,20,5,-689.8718978
CA3 Spiny Lucidum→DG HICAP,CA3 Spiny Lucidum,DG HICAP,20,6,-396.4168161
CA3 Spiny Lucidum→DG HIPROM,CA3 Spiny Lucidum,DG HIPROM,20,8,-70.77830968
CA3 Spiny Lucidum→DG MOLAX,CA3 Spiny Lucidum,DG MOLAX,20,9,-411.3566062
CA3 Spiny Lucidum→DG MOPP,CA3 Spiny Lucidum,DG MOPP,20,10,-673.3246295
CA3 Spiny Lucidum→DG Neurogliaform,CA3 Spiny Lucidum,DG Neurogliaform,20,11,-250.6976545
CA3 Spiny Lucidum→DG Total Molecular Layer,CA3 Spiny Lucidum,DG Total Molecular Layer,20,12,-246.1158009
CA3 Spiny Lucidum→CA3 Pyramidal,CA3 Spiny Lucidum,CA3 Pyramidal,20,13,-471.9910301
CA3 Spiny Lucidum→CA3c Pyramidal,CA3 Spiny Lucidum,CA3c Pyramidal,20,14,-278.5529166
CA3 Spiny Lucidum→CA3 Granule,CA3 Spiny Lucidum,CA3 Granule,20,15,-54.83127441
CA3 Spiny Lucidum→CA3 Axo Axonic,CA3 Spiny Lucidum,CA3 Axo Axonic,20,16,-248.2556705
CA3 Spiny Lucidum→CA3 Basket,CA3 Spiny Lucidum,CA3 Basket,20,17,-254.3644038
CA3 Spiny Lucidum→CA3 LMR Targeting,CA3 Spiny Lucidum,CA3 LMR Targeting,20,18,-124.4571427
CA3 Spiny Lucidum→CA3 Lucidum ORAX,CA3 Spiny Lucidum,CA3 Lucidum ORAX,20,19,-459.4739318
CA3 Spiny Lucidum→CA3 Mossy Fiber Associated ORDEN,CA3 Spiny Lucidum,CA3 Mossy Fiber Associated ORDEN,20,21,-387.6990947
CA3 Spiny Lucidum→CA1 Neurogliaform Projecting,CA3 Spiny Lucidum,CA1 Neurogliaform Projecting,20,37,-310.609146
CA3 Mossy Fiber Associated ORDEN→DG Mossy,CA3 Mossy Fiber Associated ORDEN,DG Mossy,21,2,-44.50986956
CA3 Mossy Fiber Associated ORDEN→DG AIPRIM,CA3 Mossy Fiber Associated ORDEN,DG AIPRIM,21,3,-18.01965599
CA3 Mossy Fiber Associated ORDEN→DG Axo Axonic,CA3 Mossy Fiber Associated ORDEN,DG Axo Axonic,21,4,-8.877043565
CA3 Mossy Fiber Associated ORDEN→DG Basket,CA3 Mossy Fiber Associated ORDEN,DG Basket,21,5,-9.718445081
CA3 Mossy Fiber Associated ORDEN→DG HICAP,CA3 Mossy Fiber Associated ORDEN,DG HICAP,21,6,-10.35144037
CA3 Mossy Fiber Associated ORDEN→DG HIPP,CA3 Mossy Fiber Associated ORDEN,DG HIPP,21,7,-24.28758531
CA3 Mossy Fiber Associated ORDEN→DG HIPROM,CA3 Mossy Fiber Associated ORDEN,DG HIPROM,21,8,-26.71898328
CA3 Mossy Fiber Associated ORDEN→DG MOLAX,CA3 Mossy Fiber Associated ORDEN,DG MOLAX,21,9,-22.97037825
CA3 Mossy Fiber Associated ORDEN→DG Total Molecular Layer,CA3 Mossy Fiber Associated ORDEN,DG Total Molecular Layer,21,12,-18.93312299
CA3 Mossy Fiber Associated ORDEN→CA3 Pyramidal,CA3 Mossy Fiber Associated ORDEN,CA3 Pyramidal,21,13,-144.9645624
CA3 Mossy Fiber Associated ORDEN→CA3c Pyramidal,CA3 Mossy Fiber Associated ORDEN,CA3c Pyramidal,21,14,-149.2337836
CA3 Mossy Fiber Associated ORDEN→CA3 Axo Axonic,CA3 Mossy Fiber Associated ORDEN,CA3 Axo Axonic,21,16,-87.08670653
CA3 Mossy Fiber Associated ORDEN→CA3 Basket,CA3 Mossy Fiber Associated ORDEN,CA3 Basket,21,17,-81.71283984
CA3 Mossy Fiber Associated ORDEN→CA3 LMR Targeting,CA3 Mossy Fiber Associated ORDEN,CA3 LMR Targeting,21,18,-32.58919175
CA3 Mossy Fiber Associated ORDEN→CA3 Lucidum ORAX,CA3 Mossy Fiber Associated ORDEN,CA3 Lucidum ORAX,21,19,-56.55274499
CA3 Mossy Fiber Associated ORDEN→CA3 Spiny Lucidum,CA3 Mossy Fiber Associated ORDEN,CA3 Spiny Lucidum,21,20,-350.6777641
CA3 Mossy Fiber Associated ORDEN→CA2 Wide Arbor Basket,CA3 Mossy Fiber Associated ORDEN,CA2 Wide Arbor Basket,21,24,-23.68286695
CA3 Trilaminar→CA3 Pyramidal,CA3 Trilaminar,CA3 Pyramidal,22,13,-2136.473064
CA3 Trilaminar→CA3c Pyramidal,CA3 Trilaminar,CA3c Pyramidal,22,14,-1777.695478
CA3 Trilaminar→CA3 Granule,CA3 Trilaminar,CA3 Granule,22,15,-201.8507867
CA3 Trilaminar→CA3 Axo Axonic,CA3 Trilaminar,CA3 Axo Axonic,22,16,-1040.625325
CA3 Trilaminar→CA3 Basket,CA3 Trilaminar,CA3 Basket,22,17,-990.5080531
CA3 Trilaminar→CA3 LMR Targeting,CA3 Trilaminar,CA3 LMR Targeting,22,18,-401.3989688
CA3 Trilaminar→CA3 Lucidum ORAX,CA3 Trilaminar,CA3 Lucidum ORAX,22,19,-941.35884
CA3 Trilaminar→CA3 Spiny Lucidum,CA3 Trilaminar,CA3 Spiny Lucidum,22,20,-2320.313864
CA3 Trilaminar→CA3 Mossy Fiber Associated ORDEN,CA3 Trilaminar,CA3 Mossy Fiber Associated ORDEN,22,21,-2236.154941
CA3 Trilaminar→CA2 Wide Arbor Basket,CA3 Trilaminar,CA2 Wide Arbor Basket,22,24,-171.0361928
CA3 Trilaminar→CA1 Pyramidal,CA3 Trilaminar,CA1 Pyramidal,22,27,-969.1136206
CA3 Trilaminar→CA1 Radiatum Giant,CA3 Trilaminar,CA1 Radiatum Giant,22,28,-313.6163273
CA3 Trilaminar→CA1 Axo Axonic,CA3 Trilaminar,CA1 Axo Axonic,22,29,-704.3595132
CA3 Trilaminar→CA1 Horizontal Axo Axonic,CA3 Trilaminar,CA1 Horizontal Axo Axonic,22,30,-317.0559049
CA3 Trilaminar→CA1 Basket,CA3 Trilaminar,CA1 Basket,22,31,-801.2179109
CA3 Trilaminar→CA1 Basket CCK+,CA3 Trilaminar,CA1 Basket CCK+,22,32,-999.3735315
CA3 Trilaminar→CA1 Horizontal Basket,CA3 Trilaminar,CA1 Horizontal Basket,22,33,-1205.381116
CA3 Trilaminar→CA1 Ivy,CA3 Trilaminar,CA1 Ivy,22,34,-1050.964334
CA3 Trilaminar→CA1 LMR,CA3 Trilaminar,CA1 LMR,22,35,-158.7025178
CA3 Trilaminar→CA1 Recurrent O LM,CA3 Trilaminar,CA1 Recurrent O LM,22,38,-533.4412237
CA3 Trilaminar→CA1 O LMR,CA3 Trilaminar,CA1 O LMR,22,39,-497.6728461
CA3 Trilaminar→CA1 Oriens Alveus,CA3 Trilaminar,CA1 Oriens Alveus,22,40,-833.3650759
CA3 Trilaminar→CA1 Oriens Bistratified,CA3 Trilaminar,CA1 Oriens Bistratified,22,41,-342.3900395
CA3 Trilaminar→CA1 OR LM,CA3 Trilaminar,CA1 OR LM,22,42,-528.7711222
CA3 Trilaminar→CA1 Perforant Path Associated,CA3 Trilaminar,CA1 Perforant Path Associated,22,43,-122.6980578
CA3 Trilaminar→CA1 Perforant Path Associated QuadD,CA3 Trilaminar,CA1 Perforant Path Associated QuadD,22,44,-1637.045385
CA3 Trilaminar→CA1 Radiatum,CA3 Trilaminar,CA1 Radiatum,22,45,-233.8953891
CA3 Trilaminar→CA1 R Receiving Apical Targeting,CA3 Trilaminar,CA1 R Receiving Apical Targeting,22,46,-354.3182666
CA3 Trilaminar→CA1 Schaffer Collateral Associated,CA3 Trilaminar,CA1 Schaffer Collateral Associated,22,47,-601.7736217
CA3 Trilaminar→CA1 SO SO,CA3 Trilaminar,CA1 SO SO,22,48,-611.5928072
CA3 Trilaminar→CA1 Trilaminar,CA3 Trilaminar,CA1 Trilaminar,22,49,-709.7553592
CA3 Trilaminar→CA1 Radial Trilaminar,CA3 Trilaminar,CA1 Radial Trilaminar,22,50,-1162.135946
CA2 Basket→CA2 Wide Arbor Basket,CA2 Basket,CA2 Wide Arbor Basket,23,24,-4425.022201
CA2 Basket→CA2 Bistratified,CA2 Basket,CA2 Bistratified,23,25,-8982.065676
CA2 Basket→CA2 SP SR,CA2 Basket,CA2 SP SR,23,26,-2453.760382
CA2 Wide Arbor Basket→CA3 Pyramidal,CA2 Wide Arbor Basket,CA3 Pyramidal,24,13,-15248.68322
CA2 Wide Arbor Basket→CA3c Pyramidal,CA2 Wide Arbor Basket,CA3c Pyramidal,24,14,-12050.8236
CA2 Wide Arbor Basket→CA3 Axo Axonic,CA2 Wide Arbor Basket,CA3 Axo Axonic,24,16,-6434.414178
CA2 Wide Arbor Basket→CA3 Basket,CA2 Wide Arbor Basket,CA3 Basket,24,17,-5965.263939
CA2 Wide Arbor Basket→CA3 Mossy Fiber Associated ORDEN,CA2 Wide Arbor Basket,CA3 Mossy Fiber Associated ORDEN,24,21,-11098.20101
CA2 Wide Arbor Basket→CA2 Basket,CA2 Wide Arbor Basket,CA2 Basket,24,23,-5778.399772
CA2 Wide Arbor Basket→CA2 Bistratified,CA2 Wide Arbor Basket,CA2 Bistratified,24,25,-9875.045781
CA2 Wide Arbor Basket→CA2 SP SR,CA2 Wide Arbor Basket,CA2 SP SR,24,26,-2735.036449
CA2 Wide Arbor Basket→CA1 Pyramidal,CA2 Wide Arbor Basket,CA1 Pyramidal,24,27,-3863.998119
CA2 Wide Arbor Basket→CA1 Radiatum Giant,CA2 Wide Arbor Basket,CA1 Radiatum Giant,24,28,-5490.969402
CA2 Wide Arbor Basket→CA1 Axo Axonic,CA2 Wide Arbor Basket,CA1 Axo Axonic,24,29,-3165.019439
CA2 Wide Arbor Basket→CA1 Basket,CA2 Wide Arbor Basket,CA1 Basket,24,31,-3320.059957
CA2 Wide Arbor Basket→CA1 Basket CCK+,CA2 Wide Arbor Basket,CA1 Basket CCK+,24,32,-11428.70911
CA2 Wide Arbor Basket→CA1 Horizontal Basket,CA2 Wide Arbor Basket,CA1 Horizontal Basket,24,33,-4067.732241
CA2 Wide Arbor Basket→CA1 Ivy,CA2 Wide Arbor Basket,CA1 Ivy,24,34,-4552.783056
CA2 Wide Arbor Basket→CA1 OR LM,CA2 Wide Arbor Basket,CA1 OR LM,24,42,-2350.132005
CA2 Wide Arbor Basket→CA1 Radial Trilaminar,CA2 Wide Arbor Basket,CA1 Radial Trilaminar,24,50,-4892.897857
CA2 Bistratified→CA2 Basket,CA2 Bistratified,CA2 Basket,25,23,-701.2677084
CA2 Bistratified→CA2 Wide Arbor Basket,CA2 Bistratified,CA2 Wide Arbor Basket,25,24,-544.702408
CA2 Bistratified→CA2 SP SR,CA2 Bistratified,CA2 SP SR,25,26,-317.24337
CA2 Bistratified→CA1 Pyramidal,CA2 Bistratified,CA1 Pyramidal,25,27,-11.39667447
CA2 Bistratified→CA1 Radiatum Giant,CA2 Bistratified,CA1 Radiatum Giant,25,28,-7.341343386
CA2 Bistratified→CA1 Axo Axonic,CA2 Bistratified,CA1 Axo Axonic,25,29,-6.865304196
CA2 Bistratified→CA1 Horizontal Axo Axonic,CA2 Bistratified,CA1 Horizontal Axo Axonic,25,30,-3.451405356
CA2 Bistratified→CA1 Basket,CA2 Bistratified,CA1 Basket,25,31,-13.24449342
CA2 Bistratified→CA1 Basket CCK+,CA2 Bistratified,CA1 Basket CCK+,25,32,-14.45453502
CA2 Bistratified→CA1 Horizontal Basket,CA2 Bistratified,CA1 Horizontal Basket,25,33,-32.37213636
CA2 Bistratified→CA1 Ivy,CA2 Bistratified,CA1 Ivy,25,34,-5.66983591
CA2 Bistratified→CA1 LMR,CA2 Bistratified,CA1 LMR,25,35,-2.634804802
CA2 Bistratified→CA1 Recurrent O LM,CA2 Bistratified,CA1 Recurrent O LM,25,38,-15.65555933
CA2 Bistratified→CA1 O LMR,CA2 Bistratified,CA1 O LMR,25,39,-5.183377198
CA2 Bistratified→CA1 Oriens Alveus,CA2 Bistratified,CA1 Oriens Alveus,25,40,-8.599398498
CA2 Bistratified→CA1 Oriens Bistratified,CA2 Bistratified,CA1 Oriens Bistratified,25,41,-4.72981463
CA2 Bistratified→CA1 OR LM,CA2 Bistratified,CA1 OR LM,25,42,-12.46588635
CA2 Bistratified→CA1 Perforant Path Associated,CA2 Bistratified,CA1 Perforant Path Associated,25,43,-2.700157144
CA2 Bistratified→CA1 Perforant Path Associated QuadD,CA2 Bistratified,CA1 Perforant Path Associated QuadD,25,44,-29.96979309
CA2 Bistratified→CA1 Radiatum,CA2 Bistratified,CA1 Radiatum,25,45,-4.749411118
CA2 Bistratified→CA1 R Receiving Apical Targeting,CA2 Bistratified,CA1 R Receiving Apical Targeting,25,46,-9.506003523
CA2 Bistratified→CA1 SO SO,CA2 Bistratified,CA1 SO SO,25,48,-16.85952644
CA2 Bistratified→CA1 Trilaminar,CA2 Bistratified,CA1 Trilaminar,25,49,-16.90605707
CA2 Bistratified→CA1 Radial Trilaminar,CA2 Bistratified,CA1 Radial Trilaminar,25,50,-12.43369949
CA2 SP SR→CA2 Basket,CA2 SP SR,CA2 Basket,26,23,-156.6722243
CA2 SP SR→CA2 Wide Arbor Basket,CA2 SP SR,CA2 Wide Arbor Basket,26,24,-106.0852023
CA2 SP SR→CA2 Bistratified,CA2 SP SR,CA2 Bistratified,26,25,-378.2645885
CA1 Pyramidal→CA1 Axo Axonic,CA1 Pyramidal,CA1 Axo Axonic,27,29,50979.62873
CA1 Pyramidal→CA1 Horizontal Axo Axonic,CA1 Pyramidal,CA1 Horizontal Axo Axonic,27,30,34139.20669
CA1 Pyramidal→CA1 Basket,CA1 Pyramidal,CA1 Basket,27,31,42387.40709
CA1 Pyramidal→CA1 Basket CCK+,CA1 Pyramidal,CA1 Basket CCK+,27,32,52663.47034
CA1 Pyramidal→CA1 Horizontal Basket,CA1 Pyramidal,CA1 Horizontal Basket,27,33,111130.9434
CA1 Pyramidal→CA1 Ivy,CA1 Pyramidal,CA1 Ivy,27,34,78455.60289
CA1 Pyramidal→CA1 Recurrent O LM,CA1 Pyramidal,CA1 Recurrent O LM,27,38,172923.8142
CA1 Pyramidal→CA1 O LMR,CA1 Pyramidal,CA1 O LMR,27,39,45331.42552
CA1 Pyramidal→CA1 Oriens Alveus,CA1 Pyramidal,CA1 Oriens Alveus,27,40,48773.83945
CA1 Pyramidal→CA1 Oriens Bistratified,CA1 Pyramidal,CA1 Oriens Bistratified,27,41,54313.14416
CA1 Pyramidal→CA1 OR LM,CA1 Pyramidal,CA1 OR LM,27,42,76314.98469
CA1 Pyramidal→CA1 Perforant Path Associated QuadD,CA1 Pyramidal,CA1 Perforant Path Associated QuadD,27,44,50774.80379
CA1 Pyramidal→CA1 SO SO,CA1 Pyramidal,CA1 SO SO,27,48,92632.40647
CA1 Pyramidal→CA1 Trilaminar,CA1 Pyramidal,CA1 Trilaminar,27,49,133386.2001
CA1 Pyramidal→CA1 Radial Trilaminar,CA1 Pyramidal,CA1 Radial Trilaminar,27,50,35009.97556
CA1 Pyramidal→LEC LIII Multipolar Principal,CA1 Pyramidal,LEC LIII Multipolar Principal,27,57,82548.25544
CA1 Pyramidal→EC LIII V Bipolar Pyramidal,CA1 Pyramidal,EC LIII V Bipolar Pyramidal,27,63,309145.2458
CA1 Pyramidal→EC LIV VI Deep Multipolar Principal,CA1 Pyramidal,EC LIV VI Deep Multipolar Principal,27,64,280911.9093
CA1 Pyramidal→EC LV Deep Pyramidal,CA1 Pyramidal,EC LV Deep Pyramidal,27,65,347496.0963
CA1 Pyramidal→MEC LV Multipolar Pyramidal,CA1 Pyramidal,MEC LV Multipolar Pyramidal,27,66,183361.2451
CA1 Pyramidal→MEC LV Pyramidal,CA1 Pyramidal,MEC LV Pyramidal,27,67,156562.7262
CA1 Pyramidal→MEC LV Superficial Pyramidal,CA1 Pyramidal,MEC LV Superficial Pyramidal,27,68,68085.2758
CA1 Pyramidal→MEC LV VI Pyramidal Polymorphic,CA1 Pyramidal,MEC LV VI Pyramidal Polymorphic,27,69,234917.3183
CA1 Pyramidal→LEC LVI Multipolar Pyramidal,CA1 Pyramidal,LEC LVI Multipolar Pyramidal,27,70,282246.3869
CA1 Radiatum Giant→CA1 Pyramidal,CA1 Radiatum Giant,CA1 Pyramidal,28,27,1808.126275
CA1 Radiatum Giant→CA1 Axo Axonic,CA1 Radiatum Giant,CA1 Axo Axonic,28,29,1022.707709
CA1 Radiatum Giant→CA1 Horizontal Axo Axonic,CA1 Radiatum Giant,CA1 Horizontal Axo Axonic,28,30,430.4094116
CA1 Radiatum Giant→CA1 Basket,CA1 Radiatum Giant,CA1 Basket,28,31,702.4871956
CA1 Radiatum Giant→CA1 Basket CCK+,CA1 Radiatum Giant,CA1 Basket CCK+,28,32,842.7368119
CA1 Radiatum Giant→CA1 Horizontal Basket,CA1 Radiatum Giant,CA1 Horizontal Basket,28,33,1168.90138
CA1 Radiatum Giant→CA1 Ivy,CA1 Radiatum Giant,CA1 Ivy,28,34,1110.750523
CA1 Radiatum Giant→CA1 Recurrent O LM,CA1 Radiatum Giant,CA1 Recurrent O LM,28,38,2623.701668
CA1 Radiatum Giant→CA1 O LMR,CA1 Radiatum Giant,CA1 O LMR,28,39,846.0242332
CA1 Radiatum Giant→CA1 Oriens Alveus,CA1 Radiatum Giant,CA1 Oriens Alveus,28,40,549.5984968
CA1 Radiatum Giant→CA1 Oriens Bistratified,CA1 Radiatum Giant,CA1 Oriens Bistratified,28,41,666.6998045
CA1 Radiatum Giant→CA1 OR LM,CA1 Radiatum Giant,CA1 OR LM,28,42,1217.970273
CA1 Radiatum Giant→CA1 Perforant Path Associated QuadD,CA1 Radiatum Giant,CA1 Perforant Path Associated QuadD,28,44,596.7808386
CA1 Radiatum Giant→CA1 SO SO,CA1 Radiatum Giant,CA1 SO SO,28,48,1478.028078
CA1 Radiatum Giant→CA1 Trilaminar,CA1 Radiatum Giant,CA1 Trilaminar,28,49,2390.546346
CA1 Radiatum Giant→CA1 Radial Trilaminar,CA1 Radiatum Giant,CA1 Radial Trilaminar,28,50,392.7735947
CA1 Axo Axonic→CA1 Pyramidal,CA1 Axo Axonic,CA1 Pyramidal,29,27,-288.4969942
CA1 Axo Axonic→CA1 Radiatum Giant,CA1 Axo Axonic,CA1 Radiatum Giant,29,28,-25257.26217
CA1 Horizontal Axo Axonic→CA1 Pyramidal,CA1 Horizontal Axo Axonic,CA1 Pyramidal,30,27,-145.0420219
CA1 Horizontal Axo Axonic→CA1 Radiatum Giant,CA1 Horizontal Axo Axonic,CA1 Radiatum Giant,30,28,-16914.85888
CA1 Basket→CA1 Pyramidal,CA1 Basket,CA1 Pyramidal,31,27,-6486.070905
CA1 Basket→CA1 Radiatum Giant,CA1 Basket,CA1 Radiatum Giant,31,28,-5897.135275
CA1 Basket→CA1 Axo Axonic,CA1 Basket,CA1 Axo Axonic,31,29,-3684.105879
CA1 Basket→CA1 Basket CCK+,CA1 Basket,CA1 Basket CCK+,31,32,-12244.72984
CA1 Basket→CA1 Horizontal Basket,CA1 Basket,CA1 Horizontal Basket,31,33,-4629.172015
CA1 Basket→CA1 Ivy,CA1 Basket,CA1 Ivy,31,34,-4705.46469
CA1 Basket→CA1 OR LM,CA1 Basket,CA1 OR LM,31,42,-2633.577996
CA1 Basket→CA1 Radial Trilaminar,CA1 Basket,CA1 Radial Trilaminar,31,50,-5058.244394
CA1 Basket CCK+→CA1 Pyramidal,CA1 Basket CCK+,CA1 Pyramidal,32,27,-3609.064098
CA1 Basket CCK+→CA1 Radiatum Giant,CA1 Basket CCK+,CA1 Radiatum Giant,32,28,-4191.79469
CA1 Basket CCK+→CA1 Axo Axonic,CA1 Basket CCK+,CA1 Axo Axonic,32,29,-2652.374075
CA1 Basket CCK+→CA1 Basket,CA1 Basket CCK+,CA1 Basket,32,31,-2685.065619
CA1 Basket CCK+→CA1 Horizontal Basket,CA1 Basket CCK+,CA1 Horizontal Basket,32,33,-3235.689969
CA1 Basket CCK+→CA1 Ivy,CA1 Basket CCK+,CA1 Ivy,32,34,-3693.971156
CA1 Basket CCK+→CA1 OR LM,CA1 Basket CCK+,CA1 OR LM,32,42,-1872.984363
CA1 Basket CCK+→CA1 Radial Trilaminar,CA1 Basket CCK+,CA1 Radial Trilaminar,32,50,-4055.257007
CA1 Horizontal Basket→CA1 Pyramidal,CA1 Horizontal Basket,CA1 Pyramidal,33,27,-2941.988765
CA1 Horizontal Basket→CA1 Radiatum Giant,CA1 Horizontal Basket,CA1 Radiatum Giant,33,28,-4464.09032
CA1 Horizontal Basket→CA1 Axo Axonic,CA1 Horizontal Basket,CA1 Axo Axonic,33,29,-2745.978179
CA1 Horizontal Basket→CA1 Basket,CA1 Horizontal Basket,CA1 Basket,33,31,-2902.329525
CA1 Horizontal Basket→CA1 Basket CCK+,CA1 Horizontal Basket,CA1 Basket CCK+,33,32,-9988.91611
CA1 Horizontal Basket→CA1 Ivy,CA1 Horizontal Basket,CA1 Ivy,33,34,-4893.405686
CA1 Horizontal Basket→CA1 OR LM,CA1 Horizontal Basket,CA1 OR LM,33,42,-1981.976524
CA1 Horizontal Basket→CA1 Radial Trilaminar,CA1 Horizontal Basket,CA1 Radial Trilaminar,33,50,-5525.324154
CA1 Ivy→CA2 Wide Arbor Basket,CA1 Ivy,CA2 Wide Arbor Basket,34,24,-198.3027302
CA1 Ivy→CA1 Pyramidal,CA1 Ivy,CA1 Pyramidal,34,27,-1319.094372
CA1 Ivy→CA1 Radiatum Giant,CA1 Ivy,CA1 Radiatum Giant,34,28,-410.0397489
CA1 Ivy→CA1 Axo Axonic,CA1 Ivy,CA1 Axo Axonic,34,29,-988.8233425
CA1 Ivy→CA1 Horizontal Axo Axonic,CA1 Ivy,CA1 Horizontal Axo Axonic,34,30,-469.6637354
CA1 Ivy→CA1 Basket,CA1 Ivy,CA1 Basket,34,31,-1159.115877
CA1 Ivy→CA1 Basket CCK+,CA1 Ivy,CA1 Basket CCK+,34,32,-1365.561801
CA1 Ivy→CA1 Horizontal Basket,CA1 Ivy,CA1 Horizontal Basket,34,33,-1660.841787
CA1 Ivy→CA1 LMR,CA1 Ivy,CA1 LMR,34,35,-227.8120531
CA1 Ivy→CA1 Recurrent O LM,CA1 Ivy,CA1 Recurrent O LM,34,38,-633.4016482
CA1 Ivy→CA1 O LMR,CA1 Ivy,CA1 O LMR,34,39,-687.9370463
CA1 Ivy→CA1 Oriens Alveus,CA1 Ivy,CA1 Oriens Alveus,34,40,-1161.075719
CA1 Ivy→CA1 Oriens Bistratified,CA1 Ivy,CA1 Oriens Bistratified,34,41,-473.4750614
CA1 Ivy→CA1 OR LM,CA1 Ivy,CA1 OR LM,34,42,-685.331667
CA1 Ivy→CA1 Perforant Path Associated,CA1 Ivy,CA1 Perforant Path Associated,34,43,-165.1833972
CA1 Ivy→CA1 Perforant Path Associated QuadD,CA1 Ivy,CA1 Perforant Path Associated QuadD,34,44,-2052.308601
CA1 Ivy→CA1 Radiatum,CA1 Ivy,CA1 Radiatum,34,45,-273.0193758
CA1 Ivy→CA1 R Receiving Apical Targeting,CA1 Ivy,CA1 R Receiving Apical Targeting,34,46,-448.9042364
CA1 Ivy→CA1 Schaffer Collateral Associated,CA1 Ivy,CA1 Schaffer Collateral Associated,34,47,-569.3715301
CA1 Ivy→CA1 SO SO,CA1 Ivy,CA1 SO SO,34,48,-777.7708167
CA1 Ivy→CA1 Trilaminar,CA1 Ivy,CA1 Trilaminar,34,49,-844.7123803
CA1 Ivy→CA1 Radial Trilaminar,CA1 Ivy,CA1 Radial Trilaminar,34,50,-1679.646855
CA1 LMR→CA1 Pyramidal,CA1 LMR,CA1 Pyramidal,35,27,-162.25475
CA1 LMR→CA1 Radiatum Giant,CA1 LMR,CA1 Radiatum Giant,35,28,-228.1051864
CA1 LMR→CA1 Axo Axonic,CA1 LMR,CA1 Axo Axonic,35,29,-118.969554
CA1 LMR→CA1 Basket,CA1 LMR,CA1 Basket,35,31,-120.7203895
CA1 LMR→CA1 Basket CCK+,CA1 LMR,CA1 Basket CCK+,35,32,-147.633337
CA1 LMR→CA1 Ivy,CA1 LMR,CA1 Ivy,35,34,-78.1434659
CA1 LMR→CA1 Neurogliaform,CA1 LMR,CA1 Neurogliaform,35,36,-78.78266554
CA1 LMR→CA1 Neurogliaform Projecting,CA1 LMR,CA1 Neurogliaform Projecting,35,37,-79.92915441
CA1 LMR→CA1 Oriens Alveus,CA1 LMR,CA1 Oriens Alveus,35,40,-134.2605777
CA1 LMR→CA1 OR LM,CA1 LMR,CA1 OR LM,35,42,-90.20864494
CA1 LMR→CA1 Perforant Path Associated,CA1 LMR,CA1 Perforant Path Associated,35,43,-113.4400001
CA1 LMR→CA1 Perforant Path Associated QuadD,CA1 LMR,CA1 Perforant Path Associated QuadD,35,44,-313.8827613
CA1 LMR→CA1 Radiatum,CA1 LMR,CA1 Radiatum,35,45,-112.4405205
CA1 LMR→CA1 R Receiving Apical Targeting,CA1 LMR,CA1 R Receiving Apical Targeting,35,46,-155.5140632
CA1 LMR→CA1 Schaffer Collateral Associated,CA1 LMR,CA1 Schaffer Collateral Associated,35,47,-291.7967002
CA1 LMR→CA1 Radial Trilaminar,CA1 LMR,CA1 Radial Trilaminar,35,50,-179.985205
CA1 Neurogliaform→CA1 Pyramidal,CA1 Neurogliaform,CA1 Pyramidal,36,27,-498.7138342
CA1 Neurogliaform→CA1 Radiatum Giant,CA1 Neurogliaform,CA1 Radiatum Giant,36,28,-678.0620351
CA1 Neurogliaform→CA1 Axo Axonic,CA1 Neurogliaform,CA1 Axo Axonic,36,29,-416.7982948
CA1 Neurogliaform→CA1 Basket,CA1 Neurogliaform,CA1 Basket,36,31,-338.9754617
CA1 Neurogliaform→CA1 Basket CCK+,CA1 Neurogliaform,CA1 Basket CCK+,36,32,-486.2117792
CA1 Neurogliaform→CA1 LMR,CA1 Neurogliaform,CA1 LMR,36,35,-661.6301293
CA1 Neurogliaform→CA1 Neurogliaform Projecting,CA1 Neurogliaform,CA1 Neurogliaform Projecting,36,37,-967.0348573
CA1 Neurogliaform→CA1 Oriens Alveus,CA1 Neurogliaform,CA1 Oriens Alveus,36,40,-429.8353025
CA1 Neurogliaform→CA1 Perforant Path Associated,CA1 Neurogliaform,CA1 Perforant Path Associated,36,43,-372.3887003
CA1 Neurogliaform→CA1 Perforant Path Associated QuadD,CA1 Neurogliaform,CA1 Perforant Path Associated QuadD,36,44,-759.6526149
CA1 Neurogliaform→CA1 Schaffer Collateral Associated,CA1 Neurogliaform,CA1 Schaffer Collateral Associated,36,47,-991.2138351
CA1 Neurogliaform→CA1 Radial Trilaminar,CA1 Neurogliaform,CA1 Radial Trilaminar,36,50,-539.1641101
CA1 Neurogliaform Projecting→DG Granule,CA1 Neurogliaform Projecting,DG Granule,37,0,-34.78227829
CA1 Neurogliaform Projecting→DG Semilunar Granule,CA1 Neurogliaform Projecting,DG Semilunar Granule,37,1,-37.1852773
CA1 Neurogliaform Projecting→DG AIPRIM,CA1 Neurogliaform Projecting,DG AIPRIM,37,3,-17.24014423
CA1 Neurogliaform Projecting→DG Axo Axonic,CA1 Neurogliaform Projecting,DG Axo Axonic,37,4,-25.946011
CA1 Neurogliaform Projecting→DG Basket,CA1 Neurogliaform Projecting,DG Basket,37,5,-19.07069952
CA1 Neurogliaform Projecting→DG HICAP,CA1 Neurogliaform Projecting,DG HICAP,37,6,-17.44243466
CA1 Neurogliaform Projecting→DG MOLAX,CA1 Neurogliaform Projecting,DG MOLAX,37,9,-36.06490635
CA1 Neurogliaform Projecting→DG MOPP,CA1 Neurogliaform Projecting,DG MOPP,37,10,-25.39607685
CA1 Neurogliaform Projecting→DG Neurogliaform,CA1 Neurogliaform Projecting,DG Neurogliaform,37,11,-20.96544693
CA1 Neurogliaform Projecting→DG Total Molecular Layer,CA1 Neurogliaform Projecting,DG Total Molecular Layer,37,12,-19.66967276
CA1 Neurogliaform Projecting→CA1 Pyramidal,CA1 Neurogliaform Projecting,CA1 Pyramidal,37,27,-37.25878288
CA1 Neurogliaform Projecting→CA1 Radiatum Giant,CA1 Neurogliaform Projecting,CA1 Radiatum Giant,37,28,-48.36111875
CA1 Neurogliaform Projecting→CA1 Axo Axonic,CA1 Neurogliaform Projecting,CA1 Axo Axonic,37,29,-31.38250077
CA1 Neurogliaform Projecting→CA1 Basket,CA1 Neurogliaform Projecting,CA1 Basket,37,31,-23.96606684
CA1 Neurogliaform Projecting→CA1 Basket CCK+,CA1 Neurogliaform Projecting,CA1 Basket CCK+,37,32,-35.86428952
CA1 Neurogliaform Projecting→CA1 LMR,CA1 Neurogliaform Projecting,CA1 LMR,37,35,-46.10614966
CA1 Neurogliaform Projecting→CA1 Neurogliaform,CA1 Neurogliaform Projecting,CA1 Neurogliaform,37,36,-63.80739579
CA1 Neurogliaform Projecting→CA1 Oriens Alveus,CA1 Neurogliaform Projecting,CA1 Oriens Alveus,37,40,-30.71062941
CA1 Neurogliaform Projecting→CA1 Perforant Path Associated,CA1 Neurogliaform Projecting,CA1 Perforant Path Associated,37,43,-26.90824773
CA1 Neurogliaform Projecting→CA1 Perforant Path Associated QuadD,CA1 Neurogliaform Projecting,CA1 Perforant Path Associated QuadD,37,44,-54.343068
CA1 Neurogliaform Projecting→CA1 Schaffer Collateral Associated,CA1 Neurogliaform Projecting,CA1 Schaffer Collateral Associated,37,47,-63.75956616
CA1 Neurogliaform Projecting→CA1 Radial Trilaminar,CA1 Neurogliaform Projecting,CA1 Radial Trilaminar,37,50,-34.79683362
CA1 Recurrent O LM→CA1 Pyramidal,CA1 Recurrent O LM,CA1 Pyramidal,38,27,-176.7963513
CA1 Recurrent O LM→CA1 Radiatum Giant,CA1 Recurrent O LM,CA1 Radiatum Giant,38,28,-135.3720547
CA1 Recurrent O LM→CA1 Axo Axonic,CA1 Recurrent O LM,CA1 Axo Axonic,38,29,-133.1333652
CA1 Recurrent O LM→CA1 Horizontal Axo Axonic,CA1 Recurrent O LM,CA1 Horizontal Axo Axonic,38,30,-32.39290948
CA1 Recurrent O LM→CA1 Basket,CA1 Recurrent O LM,CA1 Basket,38,31,-130.0767926
CA1 Recurrent O LM→CA1 Basket CCK+,CA1 Recurrent O LM,CA1 Basket CCK+,38,32,-158.9363081
CA1 Recurrent O LM→CA1 Horizontal Basket,CA1 Recurrent O LM,CA1 Horizontal Basket,38,33,-112.316614
CA1 Recurrent O LM→CA1 Ivy,CA1 Recurrent O LM,CA1 Ivy,38,34,-37.8707612
CA1 Recurrent O LM→CA1 LMR,CA1 Recurrent O LM,CA1 LMR,38,35,-149.6685929
CA1 Recurrent O LM→CA1 Neurogliaform,CA1 Recurrent O LM,CA1 Neurogliaform,38,36,-173.2930446
CA1 Recurrent O LM→CA1 Neurogliaform Projecting,CA1 Recurrent O LM,CA1 Neurogliaform Projecting,38,37,-181.3731278
CA1 Recurrent O LM→CA1 O LMR,CA1 Recurrent O LM,CA1 O LMR,38,39,-51.93288551
CA1 Recurrent O LM→CA1 Oriens Alveus,CA1 Recurrent O LM,CA1 Oriens Alveus,38,40,-148.9304233
CA1 Recurrent O LM→CA1 Oriens Bistratified,CA1 Recurrent O LM,CA1 Oriens Bistratified,38,41,-33.3172035
CA1 Recurrent O LM→CA1 OR LM,CA1 Recurrent O LM,CA1 OR LM,38,42,-24.01259685
CA1 Recurrent O LM→CA1 Perforant Path Associated,CA1 Recurrent O LM,CA1 Perforant Path Associated,38,43,-75.22675808
CA1 Recurrent O LM→CA1 Perforant Path Associated QuadD,CA1 Recurrent O LM,CA1 Perforant Path Associated QuadD,38,44,-188.7743545
CA1 Recurrent O LM→CA1 Schaffer Collateral Associated,CA1 Recurrent O LM,CA1 Schaffer Collateral Associated,38,47,-153.1458371
CA1 Recurrent O LM→CA1 SO SO,CA1 Recurrent O LM,CA1 SO SO,38,48,-60.10022737
CA1 Recurrent O LM→CA1 Trilaminar,CA1 Recurrent O LM,CA1 Trilaminar,38,49,-66.647624
CA1 Recurrent O LM→CA1 Radial Trilaminar,CA1 Recurrent O LM,CA1 Radial Trilaminar,38,50,-165.0617562
CA1 O LMR→CA1 Pyramidal,CA1 O LMR,CA1 Pyramidal,39,27,-363.7497948
CA1 O LMR→CA1 Radiatum Giant,CA1 O LMR,CA1 Radiatum Giant,39,28,-550.760796
CA1 O LMR→CA1 Axo Axonic,CA1 O LMR,CA1 Axo Axonic,39,29,-269.238096
CA1 O LMR→CA1 Basket,CA1 O LMR,CA1 Basket,39,31,-254.4494014
CA1 O LMR→CA1 Basket CCK+,CA1 O LMR,CA1 Basket CCK+,39,32,-339.6557173
CA1 O LMR→CA1 Ivy,CA1 O LMR,CA1 Ivy,39,34,-90.99277263
CA1 O LMR→CA1 LMR,CA1 O LMR,CA1 LMR,39,35,-413.1850402
CA1 O LMR→CA1 Neurogliaform,CA1 O LMR,CA1 Neurogliaform,39,36,-227.7021322
CA1 O LMR→CA1 Neurogliaform Projecting,CA1 O LMR,CA1 Neurogliaform Projecting,39,37,-235.2231049
CA1 O LMR→CA1 Oriens Alveus,CA1 O LMR,CA1 Oriens Alveus,39,40,-288.6902196
CA1 O LMR→CA1 OR LM,CA1 O LMR,CA1 OR LM,39,42,-197.0286903
CA1 O LMR→CA1 Perforant Path Associated,CA1 O LMR,CA1 Perforant Path Associated,39,43,-269.7636303
CA1 O LMR→CA1 Perforant Path Associated QuadD,CA1 O LMR,CA1 Perforant Path Associated QuadD,39,44,-886.6163946
CA1 O LMR→CA1 Radiatum,CA1 O LMR,CA1 Radiatum,39,45,-199.1876696
CA1 O LMR→CA1 R Receiving Apical Targeting,CA1 O LMR,CA1 R Receiving Apical Targeting,39,46,-316.1295738
CA1 O LMR→CA1 Schaffer Collateral Associated,CA1 O LMR,CA1 Schaffer Collateral Associated,39,47,-786.8639431
CA1 O LMR→CA1 Radial Trilaminar,CA1 O LMR,CA1 Radial Trilaminar,39,50,-370.6145855
CA1 Oriens Alveus→CA2 Wide Arbor Basket,CA1 Oriens Alveus,CA2 Wide Arbor Basket,40,24,-66.54118426
CA1 Oriens Alveus→CA1 Pyramidal,CA1 Oriens Alveus,CA1 Pyramidal,40,27,-377.0064704
CA1 Oriens Alveus→CA1 Axo Axonic,CA1 Oriens Alveus,CA1 Axo Axonic,40,29,-297.6269224
CA1 Oriens Alveus→CA1 Horizontal Axo Axonic,CA1 Oriens Alveus,CA1 Horizontal Axo Axonic,40,30,-191.1229562
CA1 Oriens Alveus→CA1 Basket,CA1 Oriens Alveus,CA1 Basket,40,31,-346.2197249
CA1 Oriens Alveus→CA1 Basket CCK+,CA1 Oriens Alveus,CA1 Basket CCK+,40,32,-410.2988887
CA1 Oriens Alveus→CA1 Horizontal Basket,CA1 Oriens Alveus,CA1 Horizontal Basket,40,33,-827.7800344
CA1 Oriens Alveus→CA1 Ivy,CA1 Oriens Alveus,CA1 Ivy,40,34,-482.0486427
CA1 Oriens Alveus→CA1 Recurrent O LM,CA1 Oriens Alveus,CA1 Recurrent O LM,40,38,-329.9403088
CA1 Oriens Alveus→CA1 O LMR,CA1 Oriens Alveus,CA1 O LMR,40,39,-289.3599744
CA1 Oriens Alveus→CA1 Oriens Bistratified,CA1 Oriens Alveus,CA1 Oriens Bistratified,40,41,-204.9978544
CA1 Oriens Alveus→CA1 OR LM,CA1 Oriens Alveus,CA1 OR LM,40,42,-141.730215
CA1 Oriens Alveus→CA1 Perforant Path Associated QuadD,CA1 Oriens Alveus,CA1 Perforant Path Associated QuadD,40,44,-407.4760713
CA1 Oriens Alveus→CA1 SO SO,CA1 Oriens Alveus,CA1 SO SO,40,48,-401.6285628
CA1 Oriens Alveus→CA1 Trilaminar,CA1 Oriens Alveus,CA1 Trilaminar,40,49,-422.9570484
CA1 Oriens Alveus→CA1 Radial Trilaminar,CA1 Oriens Alveus,CA1 Radial Trilaminar,40,50,-440.7733165
CA1 Oriens Bistratified→CA1 Pyramidal,CA1 Oriens Bistratified,CA1 Pyramidal,41,27,-227.9112319
CA1 Oriens Bistratified→CA1 Radiatum Giant,CA1 Oriens Bistratified,CA1 Radiatum Giant,41,28,-189.7314381
CA1 Oriens Bistratified→CA1 Axo Axonic,CA1 Oriens Bistratified,CA1 Axo Axonic,41,29,-140.1064506
CA1 Oriens Bistratified→CA1 Horizontal Axo Axonic,CA1 Oriens Bistratified,CA1 Horizontal Axo Axonic,41,30,-35.1786164
CA1 Oriens Bistratified→CA1 Basket,CA1 Oriens Bistratified,CA1 Basket,41,31,-185.1820716
CA1 Oriens Bistratified→CA1 Basket CCK+,CA1 Oriens Bistratified,CA1 Basket CCK+,41,32,-189.0889747
CA1 Oriens Bistratified→CA1 Horizontal Basket,CA1 Oriens Bistratified,CA1 Horizontal Basket,41,33,-187.3989169
CA1 Oriens Bistratified→CA1 Ivy,CA1 Oriens Bistratified,CA1 Ivy,41,34,-138.1398737
CA1 Oriens Bistratified→CA1 LMR,CA1 Oriens Bistratified,CA1 LMR,41,35,-114.5641333
CA1 Oriens Bistratified→CA1 Recurrent O LM,CA1 Oriens Bistratified,CA1 Recurrent O LM,41,38,-118.9602084
CA1 Oriens Bistratified→CA1 O LMR,CA1 Oriens Bistratified,CA1 O LMR,41,39,-59.36646573
CA1 Oriens Bistratified→CA1 Oriens Alveus,CA1 Oriens Bistratified,CA1 Oriens Alveus,41,40,-171.5553634
CA1 Oriens Bistratified→CA1 OR LM,CA1 Oriens Bistratified,CA1 OR LM,41,42,-190.6166263
CA1 Oriens Bistratified→CA1 Perforant Path Associated,CA1 Oriens Bistratified,CA1 Perforant Path Associated,41,43,-82.23968589
CA1 Oriens Bistratified→CA1 Perforant Path Associated QuadD,CA1 Oriens Bistratified,CA1 Perforant Path Associated QuadD,41,44,-447.0003148
CA1 Oriens Bistratified→CA1 Radiatum,CA1 Oriens Bistratified,CA1 Radiatum,41,45,-128.3691444
CA1 Oriens Bistratified→CA1 R Receiving Apical Targeting,CA1 Oriens Bistratified,CA1 R Receiving Apical Targeting,41,46,-220.5113778
CA1 Oriens Bistratified→CA1 Schaffer Collateral Associated,CA1 Oriens Bistratified,CA1 Schaffer Collateral Associated,41,47,-294.7570287
CA1 Oriens Bistratified→CA1 SO SO,CA1 Oriens Bistratified,CA1 SO SO,41,48,-131.2496287
CA1 Oriens Bistratified→CA1 Trilaminar,CA1 Oriens Bistratified,CA1 Trilaminar,41,49,-143.1136506
CA1 Oriens Bistratified→CA1 Radial Trilaminar,CA1 Oriens Bistratified,CA1 Radial Trilaminar,41,50,-195.3106546
CA1 OR LM→CA1 Pyramidal,CA1 OR LM,CA1 Pyramidal,42,27,-228.0095751
CA1 OR LM→CA1 Radiatum Giant,CA1 OR LM,CA1 Radiatum Giant,42,28,-325.7455203
CA1 OR LM→CA1 Axo Axonic,CA1 OR LM,CA1 Axo Axonic,42,29,-200.4504151
CA1 OR LM→CA1 Basket,CA1 OR LM,CA1 Basket,42,31,-146.4235324
CA1 OR LM→CA1 Basket CCK+,CA1 OR LM,CA1 Basket CCK+,42,32,-226.1537969
CA1 OR LM→CA1 LMR,CA1 OR LM,CA1 LMR,42,35,-304.4610634
CA1 OR LM→CA1 Neurogliaform,CA1 OR LM,CA1 Neurogliaform,42,36,-354.9286484
CA1 OR LM→CA1 Neurogliaform Projecting,CA1 OR LM,CA1 Neurogliaform Projecting,42,37,-390.1575252
CA1 OR LM→CA1 Oriens Alveus,CA1 OR LM,CA1 Oriens Alveus,42,40,-197.3118682
CA1 OR LM→CA1 Perforant Path Associated,CA1 OR LM,CA1 Perforant Path Associated,42,43,-188.815701
CA1 OR LM→CA1 Perforant Path Associated QuadD,CA1 OR LM,CA1 Perforant Path Associated QuadD,42,44,-382.3909762
CA1 OR LM→CA1 Schaffer Collateral Associated,CA1 OR LM,CA1 Schaffer Collateral Associated,42,47,-365.3103987
CA1 OR LM→CA1 Radial Trilaminar,CA1 OR LM,CA1 Radial Trilaminar,42,50,-242.8571163
CA1 Perforant Path Associated→DG Granule,CA1 Perforant Path Associated,DG Granule,43,0,-410.1623955
CA1 Perforant Path Associated→DG Semilunar Granule,CA1 Perforant Path Associated,DG Semilunar Granule,43,1,-425.6154274
CA1 Perforant Path Associated→DG AIPRIM,CA1 Perforant Path Associated,DG AIPRIM,43,3,-173.0032605
CA1 Perforant Path Associated→DG Axo Axonic,CA1 Perforant Path Associated,DG Axo Axonic,43,4,-321.1879151
CA1 Perforant Path Associated→DG Basket,CA1 Perforant Path Associated,DG Basket,43,5,-302.9150239
CA1 Perforant Path Associated→DG HICAP,CA1 Perforant Path Associated,DG HICAP,43,6,-187.3308473
CA1 Perforant Path Associated→DG MOLAX,CA1 Perforant Path Associated,DG MOLAX,43,9,-235.4898376
CA1 Perforant Path Associated→DG MOPP,CA1 Perforant Path Associated,DG MOPP,43,10,-476.0878666
CA1 Perforant Path Associated→DG Neurogliaform,CA1 Perforant Path Associated,DG Neurogliaform,43,11,-300.6638341
CA1 Perforant Path Associated→DG Total Molecular Layer,CA1 Perforant Path Associated,DG Total Molecular Layer,43,12,-165.0215454
CA1 Perforant Path Associated→CA1 Pyramidal,CA1 Perforant Path Associated,CA1 Pyramidal,43,27,-685.5232628
CA1 Perforant Path Associated→CA1 Radiatum Giant,CA1 Perforant Path Associated,CA1 Radiatum Giant,43,28,-860.1806414
CA1 Perforant Path Associated→CA1 Axo Axonic,CA1 Perforant Path Associated,CA1 Axo Axonic,43,29,-603.8136113
CA1 Perforant Path Associated→CA1 Basket,CA1 Perforant Path Associated,CA1 Basket,43,31,-497.7785786
CA1 Perforant Path Associated→CA1 Basket CCK+,CA1 Perforant Path Associated,CA1 Basket CCK+,43,32,-685.0015288
CA1 Perforant Path Associated→CA1 LMR,CA1 Perforant Path Associated,CA1 LMR,43,35,-946.6298508
CA1 Perforant Path Associated→CA1 Neurogliaform,CA1 Perforant Path Associated,CA1 Neurogliaform,43,36,-1230.775373
CA1 Perforant Path Associated→CA1 Neurogliaform Projecting,CA1 Perforant Path Associated,CA1 Neurogliaform Projecting,43,37,-1228.24523
CA1 Perforant Path Associated→CA1 Oriens Alveus,CA1 Perforant Path Associated,CA1 Oriens Alveus,43,40,-608.0269932
CA1 Perforant Path Associated→CA1 Perforant Path Associated QuadD,CA1 Perforant Path Associated,CA1 Perforant Path Associated QuadD,43,44,-801.9042632
CA1 Perforant Path Associated→CA1 Schaffer Collateral Associated,CA1 Perforant Path Associated,CA1 Schaffer Collateral Associated,43,47,-948.2328836
CA1 Perforant Path Associated→CA1 Radial Trilaminar,CA1 Perforant Path Associated,CA1 Radial Trilaminar,43,50,-553.411284
CA1 Perforant Path Associated QuadD→CA1 Pyramidal,CA1 Perforant Path Associated QuadD,CA1 Pyramidal,44,27,-41.5473279
CA1 Perforant Path Associated QuadD→CA1 Radiatum Giant,CA1 Perforant Path Associated QuadD,CA1 Radiatum Giant,44,28,-51.98031024
CA1 Perforant Path Associated QuadD→CA1 Axo Axonic,CA1 Perforant Path Associated QuadD,CA1 Axo Axonic,44,29,-34.88648646
CA1 Perforant Path Associated QuadD→CA1 Basket,CA1 Perforant Path Associated QuadD,CA1 Basket,44,31,-29.97886329
CA1 Perforant Path Associated QuadD→CA1 Basket CCK+,CA1 Perforant Path Associated QuadD,CA1 Basket CCK+,44,32,-39.87046042
CA1 Perforant Path Associated QuadD→CA1 LMR,CA1 Perforant Path Associated QuadD,CA1 LMR,44,35,-57.32426433
CA1 Perforant Path Associated QuadD→CA1 Neurogliaform,CA1 Perforant Path Associated QuadD,CA1 Neurogliaform,44,36,-69.668196
CA1 Perforant Path Associated QuadD→CA1 Neurogliaform Projecting,CA1 Perforant Path Associated QuadD,CA1 Neurogliaform Projecting,44,37,-71.90973046
CA1 Perforant Path Associated QuadD→CA1 Oriens Alveus,CA1 Perforant Path Associated QuadD,CA1 Oriens Alveus,44,40,-36.75600001
CA1 Perforant Path Associated QuadD→CA1 Perforant Path Associated,CA1 Perforant Path Associated QuadD,CA1 Perforant Path Associated,44,43,-28.47840173
CA1 Perforant Path Associated QuadD→CA1 Schaffer Collateral Associated,CA1 Perforant Path Associated QuadD,CA1 Schaffer Collateral Associated,44,47,-56.07772036
CA1 Perforant Path Associated QuadD→CA1 Radial Trilaminar,CA1 Perforant Path Associated QuadD,CA1 Radial Trilaminar,44,50,-35.02076964
CA1 Radiatum→CA1 Pyramidal,CA1 Radiatum,CA1 Pyramidal,45,27,-53.54274288
CA1 Radiatum→CA1 Radiatum Giant,CA1 Radiatum,CA1 Radiatum Giant,45,28,-92.04617872
CA1 Radiatum→CA1 Axo Axonic,CA1 Radiatum,CA1 Axo Axonic,45,29,-46.49493507
CA1 Radiatum→CA1 Basket,CA1 Radiatum,CA1 Basket,45,31,-55.40466012
CA1 Radiatum→CA1 Basket CCK+,CA1 Radiatum,CA1 Basket CCK+,45,32,-60.22073793
CA1 Radiatum→CA1 Ivy,CA1 Radiatum,CA1 Ivy,45,34,-49.41774056
CA1 Radiatum→CA1 LMR,CA1 Radiatum,CA1 LMR,45,35,-79.28456652
CA1 Radiatum→CA1 Oriens Alveus,CA1 Radiatum,CA1 Oriens Alveus,45,40,-55.27097398
CA1 Radiatum→CA1 OR LM,CA1 Radiatum,CA1 OR LM,45,42,-52.51985281
CA1 Radiatum→CA1 Perforant Path Associated,CA1 Radiatum,CA1 Perforant Path Associated,45,43,-44.05437391
CA1 Radiatum→CA1 Perforant Path Associated QuadD,CA1 Radiatum,CA1 Perforant Path Associated QuadD,45,44,-127.6348814
CA1 Radiatum→CA1 R Receiving Apical Targeting,CA1 Radiatum,CA1 R Receiving Apical Targeting,45,46,-95.85726641
CA1 Radiatum→CA1 Schaffer Collateral Associated,CA1 Radiatum,CA1 Schaffer Collateral Associated,45,47,-187.914491
CA1 Radiatum→CA1 Radial Trilaminar,CA1 Radiatum,CA1 Radial Trilaminar,45,50,-65.74362196
CA1 R Receiving Apical Targeting→CA1 Pyramidal,CA1 R Receiving Apical Targeting,CA1 Pyramidal,46,27,-404.5567742
CA1 R Receiving Apical Targeting→CA1 Radiatum Giant,CA1 R Receiving Apical Targeting,CA1 Radiatum Giant,46,28,-501.1680042
CA1 R Receiving Apical Targeting→CA1 Axo Axonic,CA1 R Receiving Apical Targeting,CA1 Axo Axonic,46,29,-287.6613762
CA1 R Receiving Apical Targeting→CA1 Basket,CA1 R Receiving Apical Targeting,CA1 Basket,46,31,-293.7216113
CA1 R Receiving Apical Targeting→CA1 Basket CCK+,CA1 R Receiving Apical Targeting,CA1 Basket CCK+,46,32,-346.6326679
CA1 R Receiving Apical Targeting→CA1 Ivy,CA1 R Receiving Apical Targeting,CA1 Ivy,46,34,-158.8387052
CA1 R Receiving Apical Targeting→CA1 LMR,CA1 R Receiving Apical Targeting,CA1 LMR,46,35,-514.5635425
CA1 R Receiving Apical Targeting→CA1 Neurogliaform,CA1 R Receiving Apical Targeting,CA1 Neurogliaform,46,36,-196.082512
CA1 R Receiving Apical Targeting→CA1 Neurogliaform Projecting,CA1 R Receiving Apical Targeting,CA1 Neurogliaform Projecting,46,37,-182.1592344
CA1 R Receiving Apical Targeting→CA1 Oriens Alveus,CA1 R Receiving Apical Targeting,CA1 Oriens Alveus,46,40,-335.3059984
CA1 R Receiving Apical Targeting→CA1 OR LM,CA1 R Receiving Apical Targeting,CA1 OR LM,46,42,-162.5291355
CA1 R Receiving Apical Targeting→CA1 Perforant Path Associated,CA1 R Receiving Apical Targeting,CA1 Perforant Path Associated,46,43,-258.7916192
CA1 R Receiving Apical Targeting→CA1 Perforant Path Associated QuadD,CA1 R Receiving Apical Targeting,CA1 Perforant Path Associated QuadD,46,44,-533.8510166
CA1 R Receiving Apical Targeting→CA1 Radiatum,CA1 R Receiving Apical Targeting,CA1 Radiatum,46,45,-205.6718949
CA1 R Receiving Apical Targeting→CA1 Schaffer Collateral Associated,CA1 R Receiving Apical Targeting,CA1 Schaffer Collateral Associated,46,47,-776.8062131
CA1 R Receiving Apical Targeting→CA1 Radial Trilaminar,CA1 R Receiving Apical Targeting,CA1 Radial Trilaminar,46,50,-334.4196654
CA1 Schaffer Collateral Associated→CA2 Wide Arbor Basket,CA1 Schaffer Collateral Associated,CA2 Wide Arbor Basket,47,24,-443.1285121
CA1 Schaffer Collateral Associated→CA1 Pyramidal,CA1 Schaffer Collateral Associated,CA1 Pyramidal,47,27,-3894.845751
CA1 Schaffer Collateral Associated→CA1 Radiatum Giant,CA1 Schaffer Collateral Associated,CA1 Radiatum Giant,47,28,-2068.5043
CA1 Schaffer Collateral Associated→CA1 Axo Axonic,CA1 Schaffer Collateral Associated,CA1 Axo Axonic,47,29,-3486.26687
CA1 Schaffer Collateral Associated→CA1 Horizontal Axo Axonic,CA1 Schaffer Collateral Associated,CA1 Horizontal Axo Axonic,47,30,-479.3159851
CA1 Schaffer Collateral Associated→CA1 Basket,CA1 Schaffer Collateral Associated,CA1 Basket,47,31,-3955.520413
CA1 Schaffer Collateral Associated→CA1 Basket CCK+,CA1 Schaffer Collateral Associated,CA1 Basket CCK+,47,32,-3862.545739
CA1 Schaffer Collateral Associated→CA1 Horizontal Basket,CA1 Schaffer Collateral Associated,CA1 Horizontal Basket,47,33,-1716.658943
CA1 Schaffer Collateral Associated→CA1 Ivy,CA1 Schaffer Collateral Associated,CA1 Ivy,47,34,-4047.230123
CA1 Schaffer Collateral Associated→CA1 LMR,CA1 Schaffer Collateral Associated,CA1 LMR,47,35,-1804.848703
CA1 Schaffer Collateral Associated→CA1 Recurrent O LM,CA1 Schaffer Collateral Associated,CA1 Recurrent O LM,47,38,-1019.818307
CA1 Schaffer Collateral Associated→CA1 O LMR,CA1 Schaffer Collateral Associated,CA1 O LMR,47,39,-976.7291701
CA1 Schaffer Collateral Associated→CA1 Oriens Alveus,CA1 Schaffer Collateral Associated,CA1 Oriens Alveus,47,40,-3289.104325
CA1 Schaffer Collateral Associated→CA1 Oriens Bistratified,CA1 Schaffer Collateral Associated,CA1 Oriens Bistratified,47,41,-374.4270097
CA1 Schaffer Collateral Associated→CA1 OR LM,CA1 Schaffer Collateral Associated,CA1 OR LM,47,42,-1902.307207
CA1 Schaffer Collateral Associated→CA1 Perforant Path Associated,CA1 Schaffer Collateral Associated,CA1 Perforant Path Associated,47,43,-1034.149921
CA1 Schaffer Collateral Associated→CA1 Perforant Path Associated QuadD,CA1 Schaffer Collateral Associated,CA1 Perforant Path Associated QuadD,47,44,-6078.856652
CA1 Schaffer Collateral Associated→CA1 Radiatum,CA1 Schaffer Collateral Associated,CA1 Radiatum,47,45,-1808.216101
CA1 Schaffer Collateral Associated→CA1 R Receiving Apical Targeting,CA1 Schaffer Collateral Associated,CA1 R Receiving Apical Targeting,47,46,-2754.728517
CA1 Schaffer Collateral Associated→CA1 SO SO,CA1 Schaffer Collateral Associated,CA1 SO SO,47,48,-1163.67254
CA1 Schaffer Collateral Associated→CA1 Trilaminar,CA1 Schaffer Collateral Associated,CA1 Trilaminar,47,49,-1235.632097
CA1 Schaffer Collateral Associated→CA1 Radial Trilaminar,CA1 Schaffer Collateral Associated,CA1 Radial Trilaminar,47,50,-4850.984727
CA1 SO SO→CA1 Pyramidal,CA1 SO SO,CA1 Pyramidal,48,27,-346.5687588
CA1 SO SO→CA1 Axo Axonic,CA1 SO SO,CA1 Axo Axonic,48,29,-243.0433345
CA1 SO SO→CA1 Horizontal Axo Axonic,CA1 SO SO,CA1 Horizontal Axo Axonic,48,30,-264.0743927
CA1 SO SO→CA1 Basket,CA1 SO SO,CA1 Basket,48,31,-266.0782447
CA1 SO SO→CA1 Basket CCK+,CA1 SO SO,CA1 Basket CCK+,48,32,-281.1392181
CA1 SO SO→CA1 Horizontal Basket,CA1 SO SO,CA1 Horizontal Basket,48,33,-672.6813269
CA1 SO SO→CA1 Ivy,CA1 SO SO,CA1 Ivy,48,34,-319.1981693
CA1 SO SO→CA1 Recurrent O LM,CA1 SO SO,CA1 Recurrent O LM,48,38,-314.7203896
CA1 SO SO→CA1 O LMR,CA1 SO SO,CA1 O LMR,48,39,-433.5533275
CA1 SO SO→CA1 Oriens Alveus,CA1 SO SO,CA1 Oriens Alveus,48,40,-258.669745
CA1 SO SO→CA1 Oriens Bistratified,CA1 SO SO,CA1 Oriens Bistratified,48,41,-271.3138717
CA1 SO SO→CA1 OR LM,CA1 SO SO,CA1 OR LM,48,42,-189.2637037
CA1 SO SO→CA1 Perforant Path Associated QuadD,CA1 SO SO,CA1 Perforant Path Associated QuadD,48,44,-285.2076875
CA1 SO SO→CA1 Trilaminar,CA1 SO SO,CA1 Trilaminar,48,49,-478.4402722
CA1 SO SO→CA1 Radial Trilaminar,CA1 SO SO,CA1 Radial Trilaminar,48,50,-300.1673762
CA1 Trilaminar→CA2 Wide Arbor Basket,CA1 Trilaminar,CA2 Wide Arbor Basket,49,24,-289.6362162
CA1 Trilaminar→CA1 Pyramidal,CA1 Trilaminar,CA1 Pyramidal,49,27,-1386.795538
CA1 Trilaminar→CA1 Radiatum Giant,CA1 Trilaminar,CA1 Radiatum Giant,49,28,-438.2087403
CA1 Trilaminar→CA1 Axo Axonic,CA1 Trilaminar,CA1 Axo Axonic,49,29,-1090.943252
CA1 Trilaminar→CA1 Horizontal Axo Axonic,CA1 Trilaminar,CA1 Horizontal Axo Axonic,49,30,-287.4419315
CA1 Trilaminar→CA1 Basket,CA1 Trilaminar,CA1 Basket,49,31,-1154.230815
CA1 Trilaminar→CA1 Basket CCK+,CA1 Trilaminar,CA1 Basket CCK+,49,32,-1398.383515
CA1 Trilaminar→CA1 Horizontal Basket,CA1 Trilaminar,CA1 Horizontal Basket,49,33,-938.1924893
CA1 Trilaminar→CA1 Ivy,CA1 Trilaminar,CA1 Ivy,49,34,-1522.398754
CA1 Trilaminar→CA1 LMR,CA1 Trilaminar,CA1 LMR,49,35,-386.5629212
CA1 Trilaminar→CA1 Recurrent O LM,CA1 Trilaminar,CA1 Recurrent O LM,49,38,-332.4078516
CA1 Trilaminar→CA1 O LMR,CA1 Trilaminar,CA1 O LMR,49,39,-387.8934971
CA1 Trilaminar→CA1 Oriens Alveus,CA1 Trilaminar,CA1 Oriens Alveus,49,40,-1232.649303
CA1 Trilaminar→CA1 Oriens Bistratified,CA1 Trilaminar,CA1 Oriens Bistratified,49,41,-292.2285021
CA1 Trilaminar→CA1 OR LM,CA1 Trilaminar,CA1 OR LM,49,42,-450.7104248
CA1 Trilaminar→CA1 Perforant Path Associated,CA1 Trilaminar,CA1 Perforant Path Associated,49,43,-208.1400153
CA1 Trilaminar→CA1 Perforant Path Associated QuadD,CA1 Trilaminar,CA1 Perforant Path Associated QuadD,49,44,-1795.454016
CA1 Trilaminar→CA1 Radiatum,CA1 Trilaminar,CA1 Radiatum,49,45,-333.3007612
CA1 Trilaminar→CA1 R Receiving Apical Targeting,CA1 Trilaminar,CA1 R Receiving Apical Targeting,49,46,-449.8235353
CA1 Trilaminar→CA1 Schaffer Collateral Associated,CA1 Trilaminar,CA1 Schaffer Collateral Associated,49,47,-744.1385414
CA1 Trilaminar→CA1 SO SO,CA1 Trilaminar,CA1 SO SO,49,48,-419.2093893
CA1 Trilaminar→CA1 Radial Trilaminar,CA1 Trilaminar,CA1 Radial Trilaminar,49,50,-1561.780224
CA1 Radial Trilaminar→CA2 Wide Arbor Basket,CA1 Radial Trilaminar,CA2 Wide Arbor Basket,50,24,-10.85107795
CA1 Radial Trilaminar→CA1 Pyramidal,CA1 Radial Trilaminar,CA1 Pyramidal,50,27,-165.9451447
CA1 Radial Trilaminar→CA1 Radiatum Giant,CA1 Radial Trilaminar,CA1 Radiatum Giant,50,28,-67.97182818
CA1 Radial Trilaminar→CA1 Axo Axonic,CA1 Radial Trilaminar,CA1 Axo Axonic,50,29,-112.8749017
CA1 Radial Trilaminar→CA1 Horizontal Axo Axonic,CA1 Radial Trilaminar,CA1 Horizontal Axo Axonic,50,30,-35.48995634
CA1 Radial Trilaminar→CA1 Basket,CA1 Radial Trilaminar,CA1 Basket,50,31,-129.842552
CA1 Radial Trilaminar→CA1 Basket CCK+,CA1 Radial Trilaminar,CA1 Basket CCK+,50,32,-151.4109639
CA1 Radial Trilaminar→CA1 Horizontal Basket,CA1 Radial Trilaminar,CA1 Horizontal Basket,50,33,-109.6984926
CA1 Radial Trilaminar→CA1 Ivy,CA1 Radial Trilaminar,CA1 Ivy,50,34,-154.6752381
CA1 Radial Trilaminar→CA1 LMR,CA1 Radial Trilaminar,CA1 LMR,50,35,-43.27466965
CA1 Radial Trilaminar→CA1 Recurrent O LM,CA1 Radial Trilaminar,CA1 Recurrent O LM,50,38,-65.58008433
CA1 Radial Trilaminar→CA1 O LMR,CA1 Radial Trilaminar,CA1 O LMR,50,39,-71.74620535
CA1 Radial Trilaminar→CA1 Oriens Alveus,CA1 Radial Trilaminar,CA1 Oriens Alveus,50,40,-127.0550594
CA1 Radial Trilaminar→CA1 Oriens Bistratified,CA1 Radial Trilaminar,CA1 Oriens Bistratified,50,41,-37.39440663
CA1 Radial Trilaminar→CA1 OR LM,CA1 Radial Trilaminar,CA1 OR LM,50,42,-89.34415113
CA1 Radial Trilaminar→CA1 Perforant Path Associated,CA1 Radial Trilaminar,CA1 Perforant Path Associated,50,43,-29.25511401
CA1 Radial Trilaminar→CA1 Perforant Path Associated QuadD,CA1 Radial Trilaminar,CA1 Perforant Path Associated QuadD,50,44,-230.4427104
CA1 Radial Trilaminar→CA1 Radiatum,CA1 Radial Trilaminar,CA1 Radiatum,50,45,-47.44399797
CA1 Radial Trilaminar→CA1 R Receiving Apical Targeting,CA1 Radial Trilaminar,CA1 R Receiving Apical Targeting,50,46,-78.59515673
CA1 Radial Trilaminar→CA1 Schaffer Collateral Associated,CA1 Radial Trilaminar,CA1 Schaffer Collateral Associated,50,47,-144.6234077
CA1 Radial Trilaminar→CA1 SO SO,CA1 Radial Trilaminar,CA1 SO SO,50,48,-76.23423341
CA1 Radial Trilaminar→CA1 Trilaminar,CA1 Radial Trilaminar,CA1 Trilaminar,50,49,-94.47194715
EC LI II Multipolar Pyramidal→EC LI II Pyramidal Fan,EC LI II Multipolar Pyramidal,EC LI II Pyramidal Fan,51,52,135890.6828
EC LI II Multipolar Pyramidal→MEC LII III Pyramidal Multiform,EC LI II Multipolar Pyramidal,MEC LII III Pyramidal Multiform,51,53,392297.2757
EC LI II Multipolar Pyramidal→MEC LII Oblique Pyramidal,EC LI II Multipolar Pyramidal,MEC LII Oblique Pyramidal,51,54,160408.487
EC LI II Multipolar Pyramidal→MEC LII Stellate,EC LI II Multipolar Pyramidal,MEC LII Stellate,51,55,241611.0723
EC LI II Multipolar Pyramidal→EC LII III Pyramidal Tripolar,EC LI II Multipolar Pyramidal,EC LII III Pyramidal Tripolar,51,56,495186.0715
EC LI II Multipolar Pyramidal→LEC LIII Multipolar Principal,EC LI II Multipolar Pyramidal,LEC LIII Multipolar Principal,51,57,199992.3132
EC LI II Multipolar Pyramidal→EC LIII Pyramidal,EC LI II Multipolar Pyramidal,EC LIII Pyramidal,51,58,498454.1441
EC LI II Multipolar Pyramidal→LEC LIII Complex Pyramidal,EC LI II Multipolar Pyramidal,LEC LIII Complex Pyramidal,51,59,368742.2195
EC LI II Multipolar Pyramidal→MEC LIII Complex Pyramidal,EC LI II Multipolar Pyramidal,MEC LIII Complex Pyramidal,51,60,145068.7766
EC LI II Multipolar Pyramidal→MEC LIII Bipolar Complex Pyramidal,EC LI II Multipolar Pyramidal,MEC LIII Bipolar Complex Pyramidal,51,61,320940.9448
EC LI II Multipolar Pyramidal→EC LIII Stellate,EC LI II Multipolar Pyramidal,EC LIII Stellate,51,62,306846.4176
EC LI II Multipolar Pyramidal→EC LIII V Bipolar Pyramidal,EC LI II Multipolar Pyramidal,EC LIII V Bipolar Pyramidal,51,63,321940.9837
EC LI II Multipolar Pyramidal→EC LV Deep Pyramidal,EC LI II Multipolar Pyramidal,EC LV Deep Pyramidal,51,65,127246.0526
EC LI II Multipolar Pyramidal→MEC LV Pyramidal,EC LI II Multipolar Pyramidal,MEC LV Pyramidal,51,67,105271.3599
EC LI II Multipolar Pyramidal→MEC LV Superficial Pyramidal,EC LI II Multipolar Pyramidal,MEC LV Superficial Pyramidal,51,68,55913.64716
EC LI II Multipolar Pyramidal→MEC LIII Superficial Trilayered Interneuron,EC LI II Multipolar Pyramidal,MEC LIII Superficial Trilayered Interneuron,51,71,397502.8195
EC LI II Pyramidal Fan→DG Granule,EC LI II Pyramidal Fan,DG Granule,52,0,142125.1931
EC LI II Pyramidal Fan→DG Semilunar Granule,EC LI II Pyramidal Fan,DG Semilunar Granule,52,1,136026.2638
EC LI II Pyramidal Fan→DG AIPRIM,EC LI II Pyramidal Fan,DG AIPRIM,52,3,34801.9822
EC LI II Pyramidal Fan→DG Axo Axonic,EC LI II Pyramidal Fan,DG Axo Axonic,52,4,222073.5687
EC LI II Pyramidal Fan→DG Basket,EC LI II Pyramidal Fan,DG Basket,52,5,94455.78857
EC LI II Pyramidal Fan→DG HICAP,EC LI II Pyramidal Fan,DG HICAP,52,6,31780.3616
EC LI II Pyramidal Fan→DG MOLAX,EC LI II Pyramidal Fan,DG MOLAX,52,9,26447.06764
EC LI II Pyramidal Fan→DG MOPP,EC LI II Pyramidal Fan,DG MOPP,52,10,100491.4275
EC LI II Pyramidal Fan→DG Neurogliaform,EC LI II Pyramidal Fan,DG Neurogliaform,52,11,39929.12723
EC LI II Pyramidal Fan→DG Total Molecular Layer,EC LI II Pyramidal Fan,DG Total Molecular Layer,52,12,16818.39394
EC LI II Pyramidal Fan→CA1 Neurogliaform Projecting,EC LI II Pyramidal Fan,CA1 Neurogliaform Projecting,52,37,32254.53265
EC LI II Pyramidal Fan→EC LI II Multipolar Pyramidal,EC LI II Pyramidal Fan,EC LI II Multipolar Pyramidal,52,51,137058.641
EC LI II Pyramidal Fan→MEC LII III Pyramidal Multiform,EC LI II Pyramidal Fan,MEC LII III Pyramidal Multiform,52,53,39692.19529
EC LI II Pyramidal Fan→MEC LII Oblique Pyramidal,EC LI II Pyramidal Fan,MEC LII Oblique Pyramidal,52,54,24009.68269
EC LI II Pyramidal Fan→MEC LII Stellate,EC LI II Pyramidal Fan,MEC LII Stellate,52,55,48948.58746
EC LI II Pyramidal Fan→EC LII III Pyramidal Tripolar,EC LI II Pyramidal Fan,EC LII III Pyramidal Tripolar,52,56,36616.84396
EC LI II Pyramidal Fan→LEC LIII Multipolar Principal,EC LI II Pyramidal Fan,LEC LIII Multipolar Principal,52,57,22434.36749
EC LI II Pyramidal Fan→EC LIII Pyramidal,EC LI II Pyramidal Fan,EC LIII Pyramidal,52,58,34343.22161
EC LI II Pyramidal Fan→LEC LIII Complex Pyramidal,EC LI II Pyramidal Fan,LEC LIII Complex Pyramidal,52,59,36640.95344
EC LI II Pyramidal Fan→MEC LIII Complex Pyramidal,EC LI II Pyramidal Fan,MEC LIII Complex Pyramidal,52,60,31668.93257
EC LI II Pyramidal Fan→MEC LIII Bipolar Complex Pyramidal,EC LI II Pyramidal Fan,MEC LIII Bipolar Complex Pyramidal,52,61,21473.24633
EC LI II Pyramidal Fan→EC LIII Stellate,EC LI II Pyramidal Fan,EC LIII Stellate,52,62,30940.80849
EC LI II Pyramidal Fan→EC LIII V Bipolar Pyramidal,EC LI II Pyramidal Fan,EC LIII V Bipolar Pyramidal,52,63,34791.03196
EC LI II Pyramidal Fan→EC LV Deep Pyramidal,EC LI II Pyramidal Fan,EC LV Deep Pyramidal,52,65,19250.9001
EC LI II Pyramidal Fan→MEC LV Pyramidal,EC LI II Pyramidal Fan,MEC LV Pyramidal,52,67,31115.86314
EC LI II Pyramidal Fan→MEC LV Superficial Pyramidal,EC LI II Pyramidal Fan,MEC LV Superficial Pyramidal,52,68,17570.49647
EC LI II Pyramidal Fan→MEC LIII Superficial Trilayered Interneuron,EC LI II Pyramidal Fan,MEC LIII Superficial Trilayered Interneuron,52,71,40543.03879
MEC LII III Pyramidal Multiform→EC LI II Multipolar Pyramidal,MEC LII III Pyramidal Multiform,EC LI II Multipolar Pyramidal,53,51,1904.338272
MEC LII III Pyramidal Multiform→EC LI II Pyramidal Fan,MEC LII III Pyramidal Multiform,EC LI II Pyramidal Fan,53,52,451.0219131
MEC LII III Pyramidal Multiform→MEC LII Oblique Pyramidal,MEC LII III Pyramidal Multiform,MEC LII Oblique Pyramidal,53,54,1803.987626
MEC LII III Pyramidal Multiform→MEC LII Stellate,MEC LII III Pyramidal Multiform,MEC LII Stellate,53,55,3084.321829
MEC LII III Pyramidal Multiform→EC LII III Pyramidal Tripolar,MEC LII III Pyramidal Multiform,EC LII III Pyramidal Tripolar,53,56,1734.321078
MEC LII III Pyramidal Multiform→EC LIII Pyramidal,MEC LII III Pyramidal Multiform,EC LIII Pyramidal,53,58,1765.85409
MEC LII III Pyramidal Multiform→MEC LIII Complex Pyramidal,MEC LII III Pyramidal Multiform,MEC LIII Complex Pyramidal,53,60,13433.54615
MEC LII III Pyramidal Multiform→MEC LIII Bipolar Complex Pyramidal,MEC LII III Pyramidal Multiform,MEC LIII Bipolar Complex Pyramidal,53,61,5047.307409
MEC LII III Pyramidal Multiform→EC LIII Stellate,MEC LII III Pyramidal Multiform,EC LIII Stellate,53,62,1348.903647
MEC LII III Pyramidal Multiform→EC LIII V Bipolar Pyramidal,MEC LII III Pyramidal Multiform,EC LIII V Bipolar Pyramidal,53,63,7262.665097
MEC LII III Pyramidal Multiform→EC LIV VI Deep Multipolar Principal,MEC LII III Pyramidal Multiform,EC LIV VI Deep Multipolar Principal,53,64,5838.751829
MEC LII III Pyramidal Multiform→EC LV Deep Pyramidal,MEC LII III Pyramidal Multiform,EC LV Deep Pyramidal,53,65,5981.216397
MEC LII III Pyramidal Multiform→MEC LV Multipolar Pyramidal,MEC LII III Pyramidal Multiform,MEC LV Multipolar Pyramidal,53,66,33908.96009
MEC LII III Pyramidal Multiform→MEC LV Pyramidal,MEC LII III Pyramidal Multiform,MEC LV Pyramidal,53,67,24788.02921
MEC LII III Pyramidal Multiform→MEC LV Superficial Pyramidal,MEC LII III Pyramidal Multiform,MEC LV Superficial Pyramidal,53,68,26638.98261
MEC LII III Pyramidal Multiform→MEC LV VI Pyramidal Polymorphic,MEC LII III Pyramidal Multiform,MEC LV VI Pyramidal Polymorphic,53,69,20148.50722
MEC LII III Pyramidal Multiform→MEC LIII Superficial Trilayered Interneuron,MEC LII III Pyramidal Multiform,MEC LIII Superficial Trilayered Interneuron,53,71,4328.393772
MEC LII Oblique Pyramidal→MEC LII III Pyramidal Multiform,MEC LII Oblique Pyramidal,MEC LII III Pyramidal Multiform,54,53,628.8219653
MEC LII Oblique Pyramidal→EC LII III Pyramidal Tripolar,MEC LII Oblique Pyramidal,EC LII III Pyramidal Tripolar,54,56,205.480954
MEC LII Oblique Pyramidal→EC LIII Pyramidal,MEC LII Oblique Pyramidal,EC LIII Pyramidal,54,58,248.2894188
MEC LII Oblique Pyramidal→MEC LIII Complex Pyramidal,MEC LII Oblique Pyramidal,MEC LIII Complex Pyramidal,54,60,4761.525295
MEC LII Oblique Pyramidal→MEC LIII Bipolar Complex Pyramidal,MEC LII Oblique Pyramidal,MEC LIII Bipolar Complex Pyramidal,54,61,601.5577032
MEC LII Oblique Pyramidal→EC LIII Stellate,MEC LII Oblique Pyramidal,EC LIII Stellate,54,62,107.9520834
MEC LII Oblique Pyramidal→EC LIII V Bipolar Pyramidal,MEC LII Oblique Pyramidal,EC LIII V Bipolar Pyramidal,54,63,623.6028552
MEC LII Oblique Pyramidal→EC LIV VI Deep Multipolar Principal,MEC LII Oblique Pyramidal,EC LIV VI Deep Multipolar Principal,54,64,384.766445
MEC LII Oblique Pyramidal→MEC LV Multipolar Pyramidal,MEC LII Oblique Pyramidal,MEC LV Multipolar Pyramidal,54,66,2899.551279
MEC LII Oblique Pyramidal→MEC LV Superficial Pyramidal,MEC LII Oblique Pyramidal,MEC LV Superficial Pyramidal,54,68,3325.886793
MEC LII Oblique Pyramidal→MEC LIII Superficial Trilayered Interneuron,MEC LII Oblique Pyramidal,MEC LIII Superficial Trilayered Interneuron,54,71,413.987343
MEC LII Stellate→DG Granule,MEC LII Stellate,DG Granule,55,0,15769.82675
MEC LII Stellate→DG Semilunar Granule,MEC LII Stellate,DG Semilunar Granule,55,1,14868.42313
MEC LII Stellate→DG AIPRIM,MEC LII Stellate,DG AIPRIM,55,3,3814.839623
MEC LII Stellate→DG Axo Axonic,MEC LII Stellate,DG Axo Axonic,55,4,24402.1129
MEC LII Stellate→DG Basket,MEC LII Stellate,DG Basket,55,5,10303.38998
MEC LII Stellate→DG HICAP,MEC LII Stellate,DG HICAP,55,6,3572.191624
MEC LII Stellate→DG MOLAX,MEC LII Stellate,DG MOLAX,55,9,2965.984514
MEC LII Stellate→DG MOPP,MEC LII Stellate,DG MOPP,55,10,11013.22595
MEC LII Stellate→DG Neurogliaform,MEC LII Stellate,DG Neurogliaform,55,11,4405.42992
MEC LII Stellate→DG Total Molecular Layer,MEC LII Stellate,DG Total Molecular Layer,55,12,1867.446437
MEC LII Stellate→CA3 Pyramidal,MEC LII Stellate,CA3 Pyramidal,55,13,272974.242
MEC LII Stellate→CA3 Granule,MEC LII Stellate,CA3 Granule,55,15,225689.7189
MEC LII Stellate→CA3 Axo Axonic,MEC LII Stellate,CA3 Axo Axonic,55,16,110217.5931
MEC LII Stellate→CA3 Basket,MEC LII Stellate,CA3 Basket,55,17,175066.742
MEC LII Stellate→CA3 LMR Targeting,MEC LII Stellate,CA3 LMR Targeting,55,18,124132.6094
MEC LII Stellate→CA2 Basket,MEC LII Stellate,CA2 Basket,55,23,159516.2325
MEC LII Stellate→CA2 Wide Arbor Basket,MEC LII Stellate,CA2 Wide Arbor Basket,55,24,103327.4391
MEC LII Stellate→CA1 Neurogliaform Projecting,MEC LII Stellate,CA1 Neurogliaform Projecting,55,37,3582.516889
MEC LII Stellate→EC LI II Multipolar Pyramidal,MEC LII Stellate,EC LI II Multipolar Pyramidal,55,51,21641.0418
MEC LII Stellate→EC LI II Pyramidal Fan,MEC LII Stellate,EC LI II Pyramidal Fan,55,52,6188.429777
MEC LII Stellate→MEC LII III Pyramidal Multiform,MEC LII Stellate,MEC LII III Pyramidal Multiform,55,53,39846.43182
MEC LII Stellate→MEC LII Oblique Pyramidal,MEC LII Stellate,MEC LII Oblique Pyramidal,55,54,21471.68603
MEC LII Stellate→EC LII III Pyramidal Tripolar,MEC LII Stellate,EC LII III Pyramidal Tripolar,55,56,13369.98924
MEC LII Stellate→EC LIII Pyramidal,MEC LII Stellate,EC LIII Pyramidal,55,58,13962.67577
MEC LII Stellate→MEC LIII Complex Pyramidal,MEC LII Stellate,MEC LIII Complex Pyramidal,55,60,33420.19482
MEC LII Stellate→MEC LIII Bipolar Complex Pyramidal,MEC LII Stellate,MEC LIII Bipolar Complex Pyramidal,55,61,23557.37955
MEC LII Stellate→EC LIII Stellate,MEC LII Stellate,EC LIII Stellate,55,62,10627.74699
MEC LII Stellate→EC LIII V Bipolar Pyramidal,MEC LII Stellate,EC LIII V Bipolar Pyramidal,55,63,21451.9253
MEC LII Stellate→EC LIV VI Deep Multipolar Principal,MEC LII Stellate,EC LIV VI Deep Multipolar Principal,55,64,11938.21052
MEC LII Stellate→EC LV Deep Pyramidal,MEC LII Stellate,EC LV Deep Pyramidal,55,65,21732.14951
MEC LII Stellate→MEC LV Multipolar Pyramidal,MEC LII Stellate,MEC LV Multipolar Pyramidal,55,66,50972.30139
MEC LII Stellate→MEC LV Pyramidal,MEC LII Stellate,MEC LV Pyramidal,55,67,68250.30627
MEC LII Stellate→MEC LV Superficial Pyramidal,MEC LII Stellate,MEC LV Superficial Pyramidal,55,68,51171.25715
MEC LII Stellate→MEC LV VI Pyramidal Polymorphic,MEC LII Stellate,MEC LV VI Pyramidal Polymorphic,55,69,48648.55767
MEC LII Stellate→MEC LIII Superficial Trilayered Interneuron,MEC LII Stellate,MEC LIII Superficial Trilayered Interneuron,55,71,40392.24114
EC LII III Pyramidal Tripolar→DG Granule,EC LII III Pyramidal Tripolar,DG Granule,56,0,59273.61832
EC LII III Pyramidal Tripolar→DG Semilunar Granule,EC LII III Pyramidal Tripolar,DG Semilunar Granule,56,1,55352.57052
EC LII III Pyramidal Tripolar→DG AIPRIM,EC LII III Pyramidal Tripolar,DG AIPRIM,56,3,14370.23038
EC LII III Pyramidal Tripolar→DG Axo Axonic,EC LII III Pyramidal Tripolar,DG Axo Axonic,56,4,92369.40096
EC LII III Pyramidal Tripolar→DG Basket,EC LII III Pyramidal Tripolar,DG Basket,56,5,39275.77593
EC LII III Pyramidal Tripolar→DG HICAP,EC LII III Pyramidal Tripolar,DG HICAP,56,6,13201.77092
EC LII III Pyramidal Tripolar→DG MOLAX,EC LII III Pyramidal Tripolar,DG MOLAX,56,9,11010.21372
EC LII III Pyramidal Tripolar→DG MOPP,EC LII III Pyramidal Tripolar,DG MOPP,56,10,41549.67481
EC LII III Pyramidal Tripolar→DG Neurogliaform,EC LII III Pyramidal Tripolar,DG Neurogliaform,56,11,16451.77799
EC LII III Pyramidal Tripolar→DG Total Molecular Layer,EC LII III Pyramidal Tripolar,DG Total Molecular Layer,56,12,6997.990704
EC LII III Pyramidal Tripolar→CA1 Neurogliaform Projecting,EC LII III Pyramidal Tripolar,CA1 Neurogliaform Projecting,56,37,13417.91545
EC LII III Pyramidal Tripolar→EC LI II Multipolar Pyramidal,EC LII III Pyramidal Tripolar,EC LI II Multipolar Pyramidal,56,51,77336.67835
EC LII III Pyramidal Tripolar→EC LI II Pyramidal Fan,EC LII III Pyramidal Tripolar,EC LI II Pyramidal Fan,56,52,18827.74804
EC LII III Pyramidal Tripolar→MEC LII III Pyramidal Multiform,EC LII III Pyramidal Tripolar,MEC LII III Pyramidal Multiform,56,53,36533.61109
EC LII III Pyramidal Tripolar→MEC LII Oblique Pyramidal,EC LII III Pyramidal Tripolar,MEC LII Oblique Pyramidal,56,54,18337.84404
EC LII III Pyramidal Tripolar→MEC LII Stellate,EC LII III Pyramidal Tripolar,MEC LII Stellate,56,55,31925.57868
EC LII III Pyramidal Tripolar→LEC LIII Multipolar Principal,EC LII III Pyramidal Tripolar,LEC LIII Multipolar Principal,56,57,13694.27001
EC LII III Pyramidal Tripolar→EC LIII Pyramidal,EC LII III Pyramidal Tripolar,EC LIII Pyramidal,56,58,34424.72732
EC LII III Pyramidal Tripolar→LEC LIII Complex Pyramidal,EC LII III Pyramidal Tripolar,LEC LIII Complex Pyramidal,56,59,31671.01226
EC LII III Pyramidal Tripolar→MEC LIII Complex Pyramidal,EC LII III Pyramidal Tripolar,MEC LIII Complex Pyramidal,56,60,26013.02714
EC LII III Pyramidal Tripolar→MEC LIII Bipolar Complex Pyramidal,EC LII III Pyramidal Tripolar,MEC LIII Bipolar Complex Pyramidal,56,61,14242.06118
EC LII III Pyramidal Tripolar→EC LIII Stellate,EC LII III Pyramidal Tripolar,EC LIII Stellate,56,62,28855.3079
EC LII III Pyramidal Tripolar→EC LIII V Bipolar Pyramidal,EC LII III Pyramidal Tripolar,EC LIII V Bipolar Pyramidal,56,63,32238.57826
EC LII III Pyramidal Tripolar→EC LV Deep Pyramidal,EC LII III Pyramidal Tripolar,EC LV Deep Pyramidal,56,65,18188.39825
EC LII III Pyramidal Tripolar→MEC LV Pyramidal,EC LII III Pyramidal Tripolar,MEC LV Pyramidal,56,67,21246.86168
EC LII III Pyramidal Tripolar→MEC LV Superficial Pyramidal,EC LII III Pyramidal Tripolar,MEC LV Superficial Pyramidal,56,68,19795.51842
EC LII III Pyramidal Tripolar→MEC LIII Superficial Trilayered Interneuron,EC LII III Pyramidal Tripolar,MEC LIII Superficial Trilayered Interneuron,56,71,35152.77968
LEC LIII Multipolar Principal→EC LI II Multipolar Pyramidal,LEC LIII Multipolar Principal,EC LI II Multipolar Pyramidal,57,51,9894.567639
LEC LIII Multipolar Principal→EC LI II Pyramidal Fan,LEC LIII Multipolar Principal,EC LI II Pyramidal Fan,57,52,1613.420811
LEC LIII Multipolar Principal→EC LII III Pyramidal Tripolar,LEC LIII Multipolar Principal,EC LII III Pyramidal Tripolar,57,56,5365.587708
LEC LIII Multipolar Principal→EC LIII Pyramidal,LEC LIII Multipolar Principal,EC LIII Pyramidal,57,58,5271.7293
LEC LIII Multipolar Principal→LEC LIII Complex Pyramidal,LEC LIII Multipolar Principal,LEC LIII Complex Pyramidal,57,59,11953.2158
LEC LIII Multipolar Principal→EC LIII Stellate,LEC LIII Multipolar Principal,EC LIII Stellate,57,62,4257.262441
LEC LIII Multipolar Principal→EC LIII V Bipolar Pyramidal,LEC LIII Multipolar Principal,EC LIII V Bipolar Pyramidal,57,63,10633.01181
LEC LIII Multipolar Principal→EC LIV VI Deep Multipolar Principal,LEC LIII Multipolar Principal,EC LIV VI Deep Multipolar Principal,57,64,4293.876969
LEC LIII Multipolar Principal→EC LV Deep Pyramidal,LEC LIII Multipolar Principal,EC LV Deep Pyramidal,57,65,5510.142203
LEC LIII Multipolar Principal→LEC LVI Multipolar Pyramidal,LEC LIII Multipolar Principal,LEC LVI Multipolar Pyramidal,57,70,817.2360433
EC LIII Pyramidal→CA1 Pyramidal,EC LIII Pyramidal,CA1 Pyramidal,58,27,191274.3689
EC LIII Pyramidal→CA1 Radiatum Giant,EC LIII Pyramidal,CA1 Radiatum Giant,58,28,143602.0736
EC LIII Pyramidal→CA1 Axo Axonic,EC LIII Pyramidal,CA1 Axo Axonic,58,29,197379.0102
EC LIII Pyramidal→CA1 Basket,EC LIII Pyramidal,CA1 Basket,58,31,68497.02397
EC LIII Pyramidal→CA1 Basket CCK+,EC LIII Pyramidal,CA1 Basket CCK+,58,32,188594.7334
EC LIII Pyramidal→CA1 LMR,EC LIII Pyramidal,CA1 LMR,58,35,68511.93171
EC LIII Pyramidal→CA1 Neurogliaform,EC LIII Pyramidal,CA1 Neurogliaform,58,36,434544.2417
EC LIII Pyramidal→CA1 Neurogliaform Projecting,EC LIII Pyramidal,CA1 Neurogliaform Projecting,58,37,132332.2335
EC LIII Pyramidal→CA1 Oriens Alveus,EC LIII Pyramidal,CA1 Oriens Alveus,58,40,105755.1427
EC LIII Pyramidal→CA1 Perforant Path Associated,EC LIII Pyramidal,CA1 Perforant Path Associated,58,43,103391.1202
EC LIII Pyramidal→CA1 Perforant Path Associated QuadD,EC LIII Pyramidal,CA1 Perforant Path Associated QuadD,58,44,141935.7357
EC LIII Pyramidal→CA1 Radial Trilaminar,EC LIII Pyramidal,CA1 Radial Trilaminar,58,50,40194.08194
EC LIII Pyramidal→MEC LII III Pyramidal Multiform,EC LIII Pyramidal,MEC LII III Pyramidal Multiform,58,53,4277.525527
EC LIII Pyramidal→EC LII III Pyramidal Tripolar,EC LIII Pyramidal,EC LII III Pyramidal Tripolar,58,56,4247.042442
EC LIII Pyramidal→LEC LIII Multipolar Principal,EC LIII Pyramidal,LEC LIII Multipolar Principal,58,57,24584.07993
EC LIII Pyramidal→LEC LIII Complex Pyramidal,EC LIII Pyramidal,LEC LIII Complex Pyramidal,58,59,16367.55171
EC LIII Pyramidal→MEC LIII Complex Pyramidal,EC LIII Pyramidal,MEC LIII Complex Pyramidal,58,60,13263.65553
EC LIII Pyramidal→MEC LIII Bipolar Complex Pyramidal,EC LIII Pyramidal,MEC LIII Bipolar Complex Pyramidal,58,61,4205.822602
EC LIII Pyramidal→EC LIII Stellate,EC LIII Pyramidal,EC LIII Stellate,58,62,2241.729739
EC LIII Pyramidal→EC LIII V Bipolar Pyramidal,EC LIII Pyramidal,EC LIII V Bipolar Pyramidal,58,63,23227.48835
EC LIII Pyramidal→EC LIV VI Deep Multipolar Principal,EC LIII Pyramidal,EC LIV VI Deep Multipolar Principal,58,64,25726.97798
EC LIII Pyramidal→EC LV Deep Pyramidal,EC LIII Pyramidal,EC LV Deep Pyramidal,58,65,18913.09384
EC LIII Pyramidal→MEC LV Multipolar Pyramidal,EC LIII Pyramidal,MEC LV Multipolar Pyramidal,58,66,17444.21917
EC LIII Pyramidal→MEC LV Pyramidal,EC LIII Pyramidal,MEC LV Pyramidal,58,67,7665.6514
EC LIII Pyramidal→MEC LV Superficial Pyramidal,EC LIII Pyramidal,MEC LV Superficial Pyramidal,58,68,10550.86654
EC LIII Pyramidal→MEC LV VI Pyramidal Polymorphic,EC LIII Pyramidal,MEC LV VI Pyramidal Polymorphic,58,69,9844.13498
EC LIII Pyramidal→LEC LVI Multipolar Pyramidal,EC LIII Pyramidal,LEC LVI Multipolar Pyramidal,58,70,15177.49545
EC LIII Pyramidal→MEC LIII Superficial Trilayered Interneuron,EC LIII Pyramidal,MEC LIII Superficial Trilayered Interneuron,58,71,2042.443161
LEC LIII Complex Pyramidal→EC LI II Multipolar Pyramidal,LEC LIII Complex Pyramidal,EC LI II Multipolar Pyramidal,59,51,4486.718087
LEC LIII Complex Pyramidal→EC LI II Pyramidal Fan,LEC LIII Complex Pyramidal,EC LI II Pyramidal Fan,59,52,1170.42896
LEC LIII Complex Pyramidal→EC LII III Pyramidal Tripolar,LEC LIII Complex Pyramidal,EC LII III Pyramidal Tripolar,59,56,6287.331062
LEC LIII Complex Pyramidal→LEC LIII Multipolar Principal,LEC LIII Complex Pyramidal,LEC LIII Multipolar Principal,59,57,18041.15998
LEC LIII Complex Pyramidal→EC LIII Pyramidal,LEC LIII Complex Pyramidal,EC LIII Pyramidal,59,58,6314.932206
LEC LIII Complex Pyramidal→EC LIII Stellate,LEC LIII Complex Pyramidal,EC LIII Stellate,59,62,4412.752478
LEC LIII Complex Pyramidal→EC LIII V Bipolar Pyramidal,LEC LIII Complex Pyramidal,EC LIII V Bipolar Pyramidal,59,63,16451.63989
LEC LIII Complex Pyramidal→EC LIV VI Deep Multipolar Principal,LEC LIII Complex Pyramidal,EC LIV VI Deep Multipolar Principal,59,64,8112.004763
LEC LIII Complex Pyramidal→EC LV Deep Pyramidal,LEC LIII Complex Pyramidal,EC LV Deep Pyramidal,59,65,8393.478745
LEC LIII Complex Pyramidal→LEC LVI Multipolar Pyramidal,LEC LIII Complex Pyramidal,LEC LVI Multipolar Pyramidal,59,70,1549.970562
MEC LIII Complex Pyramidal→EC LI II Multipolar Pyramidal,MEC LIII Complex Pyramidal,EC LI II Multipolar Pyramidal,60,51,10125.7015
MEC LIII Complex Pyramidal→EC LI II Pyramidal Fan,MEC LIII Complex Pyramidal,EC LI II Pyramidal Fan,60,52,1348.857815
MEC LIII Complex Pyramidal→MEC LII III Pyramidal Multiform,MEC LIII Complex Pyramidal,MEC LII III Pyramidal Multiform,60,53,9113.203042
MEC LIII Complex Pyramidal→MEC LII Oblique Pyramidal,MEC LIII Complex Pyramidal,MEC LII Oblique Pyramidal,60,54,5698.41647
MEC LIII Complex Pyramidal→MEC LII Stellate,MEC LIII Complex Pyramidal,MEC LII Stellate,60,55,11943.98559
MEC LIII Complex Pyramidal→EC LII III Pyramidal Tripolar,MEC LIII Complex Pyramidal,EC LII III Pyramidal Tripolar,60,56,2712.29799
MEC LIII Complex Pyramidal→EC LIII Pyramidal,MEC LIII Complex Pyramidal,EC LIII Pyramidal,60,58,2467.523212
MEC LIII Complex Pyramidal→MEC LIII Bipolar Complex Pyramidal,MEC LIII Complex Pyramidal,MEC LIII Bipolar Complex Pyramidal,60,61,5474.179993
MEC LIII Complex Pyramidal→EC LIII Stellate,MEC LIII Complex Pyramidal,EC LIII Stellate,60,62,2270.092509
MEC LIII Complex Pyramidal→EC LIII V Bipolar Pyramidal,MEC LIII Complex Pyramidal,EC LIII V Bipolar Pyramidal,60,63,3587.653486
MEC LIII Complex Pyramidal→EC LIV VI Deep Multipolar Principal,MEC LIII Complex Pyramidal,EC LIV VI Deep Multipolar Principal,60,64,880.8524826
MEC LIII Complex Pyramidal→EC LV Deep Pyramidal,MEC LIII Complex Pyramidal,EC LV Deep Pyramidal,60,65,1382.953671
MEC LIII Complex Pyramidal→MEC LV Multipolar Pyramidal,MEC LIII Complex Pyramidal,MEC LV Multipolar Pyramidal,60,66,7220.592401
MEC LIII Complex Pyramidal→MEC LV Pyramidal,MEC LIII Complex Pyramidal,MEC LV Pyramidal,60,67,6217.956199
MEC LIII Complex Pyramidal→MEC LV Superficial Pyramidal,MEC LIII Complex Pyramidal,MEC LV Superficial Pyramidal,60,68,7287.243515
MEC LIII Complex Pyramidal→MEC LIII Superficial Trilayered Interneuron,MEC LIII Complex Pyramidal,MEC LIII Superficial Trilayered Interneuron,60,71,9253.648531
MEC LIII Bipolar Complex Pyramidal→EC LI II Multipolar Pyramidal,MEC LIII Bipolar Complex Pyramidal,EC LI II Multipolar Pyramidal,61,51,2033.0231
MEC LIII Bipolar Complex Pyramidal→EC LI II Pyramidal Fan,MEC LIII Bipolar Complex Pyramidal,EC LI II Pyramidal Fan,61,52,325.8739338
MEC LIII Bipolar Complex Pyramidal→MEC LII III Pyramidal Multiform,MEC LIII Bipolar Complex Pyramidal,MEC LII III Pyramidal Multiform,61,53,2863.228702
MEC LIII Bipolar Complex Pyramidal→MEC LII Oblique Pyramidal,MEC LIII Bipolar Complex Pyramidal,MEC LII Oblique Pyramidal,61,54,1295.365325
MEC LIII Bipolar Complex Pyramidal→MEC LII Stellate,MEC LIII Bipolar Complex Pyramidal,MEC LII Stellate,61,55,2688.727575
MEC LIII Bipolar Complex Pyramidal→EC LII III Pyramidal Tripolar,MEC LIII Bipolar Complex Pyramidal,EC LII III Pyramidal Tripolar,61,56,897.849819
MEC LIII Bipolar Complex Pyramidal→EC LIII Pyramidal,MEC LIII Bipolar Complex Pyramidal,EC LIII Pyramidal,61,58,862.9948216
MEC LIII Bipolar Complex Pyramidal→MEC LIII Complex Pyramidal,MEC LIII Bipolar Complex Pyramidal,MEC LIII Complex Pyramidal,61,60,9003.569464
MEC LIII Bipolar Complex Pyramidal→EC LIII Stellate,MEC LIII Bipolar Complex Pyramidal,EC LIII Stellate,61,62,689.6506327
MEC LIII Bipolar Complex Pyramidal→EC LIII V Bipolar Pyramidal,MEC LIII Bipolar Complex Pyramidal,EC LIII V Bipolar Pyramidal,61,63,1699.460153
MEC LIII Bipolar Complex Pyramidal→EC LIV VI Deep Multipolar Principal,MEC LIII Bipolar Complex Pyramidal,EC LIV VI Deep Multipolar Principal,61,64,554.4914131
MEC LIII Bipolar Complex Pyramidal→EC LV Deep Pyramidal,MEC LIII Bipolar Complex Pyramidal,EC LV Deep Pyramidal,61,65,326.3117045
MEC LIII Bipolar Complex Pyramidal→MEC LV Multipolar Pyramidal,MEC LIII Bipolar Complex Pyramidal,MEC LV Multipolar Pyramidal,61,66,3981.030559
MEC LIII Bipolar Complex Pyramidal→MEC LV Pyramidal,MEC LIII Bipolar Complex Pyramidal,MEC LV Pyramidal,61,67,1033.622175
MEC LIII Bipolar Complex Pyramidal→MEC LV Superficial Pyramidal,MEC LIII Bipolar Complex Pyramidal,MEC LV Superficial Pyramidal,61,68,6611.574884
MEC LIII Bipolar Complex Pyramidal→MEC LIII Superficial Trilayered Interneuron,MEC LIII Bipolar Complex Pyramidal,MEC LIII Superficial Trilayered Interneuron,61,71,2790.240426
EC LIII Stellate→MEC LII III Pyramidal Multiform,EC LIII Stellate,MEC LII III Pyramidal Multiform,62,53,1177.763926
EC LIII Stellate→EC LII III Pyramidal Tripolar,EC LIII Stellate,EC LII III Pyramidal Tripolar,62,56,1198.146565
EC LIII Stellate→LEC LIII Multipolar Principal,EC LIII Stellate,LEC LIII Multipolar Principal,62,57,2274.860145
EC LIII Stellate→EC LIII Pyramidal,EC LIII Stellate,EC LIII Pyramidal,62,58,1355.092804
EC LIII Stellate→LEC LIII Complex Pyramidal,EC LIII Stellate,LEC LIII Complex Pyramidal,62,59,1160.795324
EC LIII Stellate→MEC LIII Complex Pyramidal,EC LIII Stellate,MEC LIII Complex Pyramidal,62,60,1733.530884
EC LIII Stellate→MEC LIII Bipolar Complex Pyramidal,EC LIII Stellate,MEC LIII Bipolar Complex Pyramidal,62,61,1155.160267
EC LIII Stellate→EC LIII V Bipolar Pyramidal,EC LIII Stellate,EC LIII V Bipolar Pyramidal,62,63,873.2585331
EC LIII Stellate→MEC LV Superficial Pyramidal,EC LIII Stellate,MEC LV Superficial Pyramidal,62,68,578.0810891
EC LIII Stellate→MEC LIII Superficial Trilayered Interneuron,EC LIII Stellate,MEC LIII Superficial Trilayered Interneuron,62,71,617.5361357
EC LIII V Bipolar Pyramidal→MEC LII III Pyramidal Multiform,EC LIII V Bipolar Pyramidal,MEC LII III Pyramidal Multiform,63,53,5436.885143
EC LIII V Bipolar Pyramidal→EC LII III Pyramidal Tripolar,EC LIII V Bipolar Pyramidal,EC LII III Pyramidal Tripolar,63,56,5842.383676
EC LIII V Bipolar Pyramidal→LEC LIII Multipolar Principal,EC LIII V Bipolar Pyramidal,LEC LIII Multipolar Principal,63,57,24189.45525
EC LIII V Bipolar Pyramidal→EC LIII Pyramidal,EC LIII V Bipolar Pyramidal,EC LIII Pyramidal,63,58,6317.040743
EC LIII V Bipolar Pyramidal→LEC LIII Complex Pyramidal,EC LIII V Bipolar Pyramidal,LEC LIII Complex Pyramidal,63,59,12436.34407
EC LIII V Bipolar Pyramidal→MEC LIII Complex Pyramidal,EC LIII V Bipolar Pyramidal,MEC LIII Complex Pyramidal,63,60,11036.10795
EC LIII V Bipolar Pyramidal→MEC LIII Bipolar Complex Pyramidal,EC LIII V Bipolar Pyramidal,MEC LIII Bipolar Complex Pyramidal,63,61,5213.529511
EC LIII V Bipolar Pyramidal→EC LIII Stellate,EC LIII V Bipolar Pyramidal,EC LIII Stellate,63,62,3540.205461
EC LIII V Bipolar Pyramidal→EC LIV VI Deep Multipolar Principal,EC LIII V Bipolar Pyramidal,EC LIV VI Deep Multipolar Principal,63,64,22795.43221
EC LIII V Bipolar Pyramidal→EC LV Deep Pyramidal,EC LIII V Bipolar Pyramidal,EC LV Deep Pyramidal,63,65,19455.0328
EC LIII V Bipolar Pyramidal→MEC LV Multipolar Pyramidal,EC LIII V Bipolar Pyramidal,MEC LV Multipolar Pyramidal,63,66,16129.21828
EC LIII V Bipolar Pyramidal→MEC LV Pyramidal,EC LIII V Bipolar Pyramidal,MEC LV Pyramidal,63,67,10208.75157
EC LIII V Bipolar Pyramidal→MEC LV Superficial Pyramidal,EC LIII V Bipolar Pyramidal,MEC LV Superficial Pyramidal,63,68,17344.67655
EC LIII V Bipolar Pyramidal→MEC LV VI Pyramidal Polymorphic,EC LIII V Bipolar Pyramidal,MEC LV VI Pyramidal Polymorphic,63,69,14337.23868
EC LIII V Bipolar Pyramidal→LEC LVI Multipolar Pyramidal,EC LIII V Bipolar Pyramidal,LEC LVI Multipolar Pyramidal,63,70,17261.04369
EC LIII V Bipolar Pyramidal→MEC LIII Superficial Trilayered Interneuron,EC LIII V Bipolar Pyramidal,MEC LIII Superficial Trilayered Interneuron,63,71,3979.695944
EC LIV VI Deep Multipolar Principal→LEC LIII Multipolar Principal,EC LIV VI Deep Multipolar Principal,LEC LIII Multipolar Principal,64,57,41790.72458
EC LIV VI Deep Multipolar Principal→LEC LIII Complex Pyramidal,EC LIV VI Deep Multipolar Principal,LEC LIII Complex Pyramidal,64,59,28354.69677
EC LIV VI Deep Multipolar Principal→MEC LIII Complex Pyramidal,EC LIV VI Deep Multipolar Principal,MEC LIII Complex Pyramidal,64,60,14924.37351
EC LIV VI Deep Multipolar Principal→EC LIII V Bipolar Pyramidal,EC LIV VI Deep Multipolar Principal,EC LIII V Bipolar Pyramidal,64,63,52872.38912
EC LIV VI Deep Multipolar Principal→EC LV Deep Pyramidal,EC LIV VI Deep Multipolar Principal,EC LV Deep Pyramidal,64,65,59641.23101
EC LIV VI Deep Multipolar Principal→MEC LV Multipolar Pyramidal,EC LIV VI Deep Multipolar Principal,MEC LV Multipolar Pyramidal,64,66,53038.93425
EC LIV VI Deep Multipolar Principal→MEC LV Pyramidal,EC LIV VI Deep Multipolar Principal,MEC LV Pyramidal,64,67,21638.54084
EC LIV VI Deep Multipolar Principal→MEC LV Superficial Pyramidal,EC LIV VI Deep Multipolar Principal,MEC LV Superficial Pyramidal,64,68,29858.52132
EC LIV VI Deep Multipolar Principal→MEC LV VI Pyramidal Polymorphic,EC LIV VI Deep Multipolar Principal,MEC LV VI Pyramidal Polymorphic,64,69,39895.2933
EC LIV VI Deep Multipolar Principal→LEC LVI Multipolar Pyramidal,EC LIV VI Deep Multipolar Principal,LEC LVI Multipolar Pyramidal,64,70,56257.54106
EC LV Deep Pyramidal→LEC LIII Multipolar Principal,EC LV Deep Pyramidal,LEC LIII Multipolar Principal,65,57,4372.424863
EC LV Deep Pyramidal→EC LIII V Bipolar Pyramidal,EC LV Deep Pyramidal,EC LIII V Bipolar Pyramidal,65,63,9157.388272
EC LV Deep Pyramidal→EC LIV VI Deep Multipolar Principal,EC LV Deep Pyramidal,EC LIV VI Deep Multipolar Principal,65,64,14554.73002
EC LV Deep Pyramidal→MEC LV Multipolar Pyramidal,EC LV Deep Pyramidal,MEC LV Multipolar Pyramidal,65,66,7634.568456
EC LV Deep Pyramidal→MEC LV Pyramidal,EC LV Deep Pyramidal,MEC LV Pyramidal,65,67,7786.634975
EC LV Deep Pyramidal→MEC LV Superficial Pyramidal,EC LV Deep Pyramidal,MEC LV Superficial Pyramidal,65,68,3228.585362
EC LV Deep Pyramidal→MEC LV VI Pyramidal Polymorphic,EC LV Deep Pyramidal,MEC LV VI Pyramidal Polymorphic,65,69,9789.211074
EC LV Deep Pyramidal→LEC LVI Multipolar Pyramidal,EC LV Deep Pyramidal,LEC LVI Multipolar Pyramidal,65,70,15248.95493
MEC LV Multipolar Pyramidal→MEC LII III Pyramidal Multiform,MEC LV Multipolar Pyramidal,MEC LII III Pyramidal Multiform,66,53,1587.183118
MEC LV Multipolar Pyramidal→EC LII III Pyramidal Tripolar,MEC LV Multipolar Pyramidal,EC LII III Pyramidal Tripolar,66,56,509.5009709
MEC LV Multipolar Pyramidal→EC LIII Pyramidal,MEC LV Multipolar Pyramidal,EC LIII Pyramidal,66,58,549.6304724
MEC LV Multipolar Pyramidal→MEC LIII Complex Pyramidal,MEC LV Multipolar Pyramidal,MEC LIII Complex Pyramidal,66,60,4780.347933
MEC LV Multipolar Pyramidal→MEC LIII Bipolar Complex Pyramidal,MEC LV Multipolar Pyramidal,MEC LIII Bipolar Complex Pyramidal,66,61,1558.522235
MEC LV Multipolar Pyramidal→EC LIII Stellate,MEC LV Multipolar Pyramidal,EC LIII Stellate,66,62,336.7608824
MEC LV Multipolar Pyramidal→EC LIII V Bipolar Pyramidal,MEC LV Multipolar Pyramidal,EC LIII V Bipolar Pyramidal,66,63,1618.668101
MEC LV Multipolar Pyramidal→EC LIV VI Deep Multipolar Principal,MEC LV Multipolar Pyramidal,EC LIV VI Deep Multipolar Principal,66,64,1534.748045
MEC LV Multipolar Pyramidal→EC LV Deep Pyramidal,MEC LV Multipolar Pyramidal,EC LV Deep Pyramidal,66,65,1279.979055
MEC LV Multipolar Pyramidal→MEC LV Pyramidal,MEC LV Multipolar Pyramidal,MEC LV Pyramidal,66,67,5226.221826
MEC LV Multipolar Pyramidal→MEC LV Superficial Pyramidal,MEC LV Multipolar Pyramidal,MEC LV Superficial Pyramidal,66,68,6253.279778
MEC LV Multipolar Pyramidal→MEC LV VI Pyramidal Polymorphic,MEC LV Multipolar Pyramidal,MEC LV VI Pyramidal Polymorphic,66,69,4790.628658
MEC LV Multipolar Pyramidal→MEC LIII Superficial Trilayered Interneuron,MEC LV Multipolar Pyramidal,MEC LIII Superficial Trilayered Interneuron,66,71,1071.468317
MEC LV Pyramidal→DG Granule,MEC LV Pyramidal,DG Granule,67,0,151026.2976
MEC LV Pyramidal→DG Semilunar Granule,MEC LV Pyramidal,DG Semilunar Granule,67,1,93817.12132
MEC LV Pyramidal→DG AIPRIM,MEC LV Pyramidal,DG AIPRIM,67,3,58876.51135
MEC LV Pyramidal→DG Axo Axonic,MEC LV Pyramidal,DG Axo Axonic,67,4,115184.4097
MEC LV Pyramidal→DG Basket,MEC LV Pyramidal,DG Basket,67,5,68131.85647
MEC LV Pyramidal→DG HICAP,MEC LV Pyramidal,DG HICAP,67,6,49384.62014
MEC LV Pyramidal→DG HIPROM,MEC LV Pyramidal,DG HIPROM,67,8,107091.4589
MEC LV Pyramidal→DG MOLAX,MEC LV Pyramidal,DG MOLAX,67,9,67548.92936
MEC LV Pyramidal→DG MOPP,MEC LV Pyramidal,DG MOPP,67,10,8722.595396
MEC LV Pyramidal→DG Neurogliaform,MEC LV Pyramidal,DG Neurogliaform,67,11,3415.920477
MEC LV Pyramidal→DG Total Molecular Layer,MEC LV Pyramidal,DG Total Molecular Layer,67,12,37522.61183
MEC LV Pyramidal→CA1 Neurogliaform Projecting,MEC LV Pyramidal,CA1 Neurogliaform Projecting,67,37,2776.845283
MEC LV Pyramidal→EC LI II Multipolar Pyramidal,MEC LV Pyramidal,EC LI II Multipolar Pyramidal,67,51,7287.820683
MEC LV Pyramidal→EC LI II Pyramidal Fan,MEC LV Pyramidal,EC LI II Pyramidal Fan,67,52,883.8135548
MEC LV Pyramidal→MEC LII III Pyramidal Multiform,MEC LV Pyramidal,MEC LII III Pyramidal Multiform,67,53,6811.548011
MEC LV Pyramidal→MEC LII Oblique Pyramidal,MEC LV Pyramidal,MEC LII Oblique Pyramidal,67,54,3886.060828
MEC LV Pyramidal→MEC LII Stellate,MEC LV Pyramidal,MEC LII Stellate,67,55,9015.918818
MEC LV Pyramidal→EC LII III Pyramidal Tripolar,MEC LV Pyramidal,EC LII III Pyramidal Tripolar,67,56,2034.479268
MEC LV Pyramidal→EC LIII Pyramidal,MEC LV Pyramidal,EC LIII Pyramidal,67,58,1844.716729
MEC LV Pyramidal→MEC LIII Complex Pyramidal,MEC LV Pyramidal,MEC LIII Complex Pyramidal,67,60,15063.14131
MEC LV Pyramidal→MEC LIII Bipolar Complex Pyramidal,MEC LV Pyramidal,MEC LIII Bipolar Complex Pyramidal,67,61,4056.948539
MEC LV Pyramidal→EC LIII Stellate,MEC LV Pyramidal,EC LIII Stellate,67,62,1579.234101
MEC LV Pyramidal→EC LIII V Bipolar Pyramidal,MEC LV Pyramidal,EC LIII V Bipolar Pyramidal,67,63,6273.280217
MEC LV Pyramidal→EC LIV VI Deep Multipolar Principal,MEC LV Pyramidal,EC LIV VI Deep Multipolar Principal,67,64,5368.495239
MEC LV Pyramidal→EC LV Deep Pyramidal,MEC LV Pyramidal,EC LV Deep Pyramidal,67,65,6085.033809
MEC LV Pyramidal→MEC LV Multipolar Pyramidal,MEC LV Pyramidal,MEC LV Multipolar Pyramidal,67,66,29919.95664
MEC LV Pyramidal→MEC LV Superficial Pyramidal,MEC LV Pyramidal,MEC LV Superficial Pyramidal,67,68,20473.35915
MEC LV Pyramidal→MEC LV VI Pyramidal Polymorphic,MEC LV Pyramidal,MEC LV VI Pyramidal Polymorphic,67,69,16345.02019
MEC LV Pyramidal→MEC LIII Superficial Trilayered Interneuron,MEC LV Pyramidal,MEC LIII Superficial Trilayered Interneuron,67,71,7168.65425
MEC LV Superficial Pyramidal→EC LI II Multipolar Pyramidal,MEC LV Superficial Pyramidal,EC LI II Multipolar Pyramidal,68,51,749.6833818
MEC LV Superficial Pyramidal→EC LI II Pyramidal Fan,MEC LV Superficial Pyramidal,EC LI II Pyramidal Fan,68,52,153.7346155
MEC LV Superficial Pyramidal→MEC LII III Pyramidal Multiform,MEC LV Superficial Pyramidal,MEC LII III Pyramidal Multiform,68,53,2188.245157
MEC LV Superficial Pyramidal→MEC LII Oblique Pyramidal,MEC LV Superficial Pyramidal,MEC LII Oblique Pyramidal,68,54,705.9759753
MEC LV Superficial Pyramidal→MEC LII Stellate,MEC LV Superficial Pyramidal,MEC LII Stellate,68,55,1351.611614
MEC LV Superficial Pyramidal→EC LII III Pyramidal Tripolar,MEC LV Superficial Pyramidal,EC LII III Pyramidal Tripolar,68,56,723.2629239
MEC LV Superficial Pyramidal→EC LIII Pyramidal,MEC LV Superficial Pyramidal,EC LIII Pyramidal,68,58,692.9781612
MEC LV Superficial Pyramidal→MEC LIII Complex Pyramidal,MEC LV Superficial Pyramidal,MEC LIII Complex Pyramidal,68,60,5185.177767
MEC LV Superficial Pyramidal→MEC LIII Bipolar Complex Pyramidal,MEC LV Superficial Pyramidal,MEC LIII Bipolar Complex Pyramidal,68,61,1973.740391
MEC LV Superficial Pyramidal→EC LIII Stellate,MEC LV Superficial Pyramidal,EC LIII Stellate,68,62,455.8654892
MEC LV Superficial Pyramidal→EC LIII V Bipolar Pyramidal,MEC LV Superficial Pyramidal,EC LIII V Bipolar Pyramidal,68,63,2027.89845
MEC LV Superficial Pyramidal→EC LIV VI Deep Multipolar Principal,MEC LV Superficial Pyramidal,EC LIV VI Deep Multipolar Principal,68,64,1128.712474
MEC LV Superficial Pyramidal→EC LV Deep Pyramidal,MEC LV Superficial Pyramidal,EC LV Deep Pyramidal,68,65,1234.58883
MEC LV Superficial Pyramidal→MEC LV Multipolar Pyramidal,MEC LV Superficial Pyramidal,MEC LV Multipolar Pyramidal,68,66,9869.518801
MEC LV Superficial Pyramidal→MEC LV Pyramidal,MEC LV Superficial Pyramidal,MEC LV Pyramidal,68,67,6254.642574
MEC LV Superficial Pyramidal→MEC LV VI Pyramidal Polymorphic,MEC LV Superficial Pyramidal,MEC LV VI Pyramidal Polymorphic,68,69,1529.48452
MEC LV Superficial Pyramidal→MEC LIII Superficial Trilayered Interneuron,MEC LV Superficial Pyramidal,MEC LIII Superficial Trilayered Interneuron,68,71,1553.77469
MEC LV VI Pyramidal Polymorphic→EC LIV VI Deep Multipolar Principal,MEC LV VI Pyramidal Polymorphic,EC LIV VI Deep Multipolar Principal,69,64,3867.021653
MEC LV VI Pyramidal Polymorphic→EC LV Deep Pyramidal,MEC LV VI Pyramidal Polymorphic,EC LV Deep Pyramidal,69,65,3533.356249
LEC LVI Multipolar Pyramidal→EC LII III Pyramidal Tripolar,LEC LVI Multipolar Pyramidal,EC LII III Pyramidal Tripolar,70,56,840.7068499
LEC LVI Multipolar Pyramidal→LEC LIII Multipolar Principal,LEC LVI Multipolar Pyramidal,LEC LIII Multipolar Principal,70,57,6730.833602
LEC LVI Multipolar Pyramidal→EC LIII Pyramidal,LEC LVI Multipolar Pyramidal,EC LIII Pyramidal,70,58,954.9455305
LEC LVI Multipolar Pyramidal→LEC LIII Complex Pyramidal,LEC LVI Multipolar Pyramidal,LEC LIII Complex Pyramidal,70,59,3781.866508
LEC LVI Multipolar Pyramidal→EC LIII Stellate,LEC LVI Multipolar Pyramidal,EC LIII Stellate,70,62,454.1538317
LEC LVI Multipolar Pyramidal→EC LIII V Bipolar Pyramidal,LEC LVI Multipolar Pyramidal,EC LIII V Bipolar Pyramidal,70,63,5129.430361
LEC LVI Multipolar Pyramidal→EC LIV VI Deep Multipolar Principal,LEC LVI Multipolar Pyramidal,EC LIV VI Deep Multipolar Principal,70,64,6149.430146
LEC LVI Multipolar Pyramidal→EC LV Deep Pyramidal,LEC LVI Multipolar Pyramidal,EC LV Deep Pyramidal,70,65,5030.030336
MEC LIII Superficial Trilayered Interneuron→EC LI II Multipolar Pyramidal,MEC LIII Superficial Trilayered Interneuron,EC LI II Multipolar Pyramidal,71,51,-2372.49874
MEC LIII Superficial Trilayered Interneuron→EC LI II Pyramidal Fan,MEC LIII Superficial Trilayered Interneuron,EC LI II Pyramidal Fan,71,52,-643.9387919
MEC LIII Superficial Trilayered Interneuron→MEC LII III Pyramidal Multiform,MEC LIII Superficial Trilayered Interneuron,MEC LII III Pyramidal Multiform,71,53,-1958.989336
MEC LIII Superficial Trilayered Interneuron→MEC LII Oblique Pyramidal,MEC LIII Superficial Trilayered Interneuron,MEC LII Oblique Pyramidal,71,54,-1382.508069
MEC LIII Superficial Trilayered Interneuron→MEC LII Stellate,MEC LIII Superficial Trilayered Interneuron,MEC LII Stellate,71,55,-2324.923514
MEC LIII Superficial Trilayered Interneuron→EC LII III Pyramidal Tripolar,MEC LIII Superficial Trilayered Interneuron,EC LII III Pyramidal Tripolar,71,56,-453.322852
MEC LIII Superficial Trilayered Interneuron→EC LIII Pyramidal,MEC LIII Superficial Trilayered Interneuron,EC LIII Pyramidal,71,58,-603.6496857
MEC LIII Superficial Trilayered Interneuron→MEC LIII Complex Pyramidal,MEC LIII Superficial Trilayered Interneuron,MEC LIII Complex Pyramidal,71,60,-1952.434496
MEC LIII Superficial Trilayered Interneuron→MEC LIII Bipolar Complex Pyramidal,MEC LIII Superficial Trilayered Interneuron,MEC LIII Bipolar Complex Pyramidal,71,61,-855.8579324
MEC LIII Superficial Trilayered Interneuron→EC LIII Stellate,MEC LIII Superficial Trilayered Interneuron,EC LIII Stellate,71,62,-664.3395879
MEC LIII Superficial Trilayered Interneuron→EC LIII V Bipolar Pyramidal,MEC LIII Superficial Trilayered Interneuron,EC LIII V Bipolar Pyramidal,71,63,-520.0073196
MEC LIII Superficial Trilayered Interneuron→EC LV Deep Pyramidal,MEC LIII Superficial Trilayered Interneuron,EC LV Deep Pyramidal,71,65,-632.10737
MEC LIII Superficial Trilayered Interneuron→MEC LV Pyramidal,MEC LIII Superficial Trilayered Interneuron,MEC LV Pyramidal,71,67,-1975.057523
MEC LIII Superficial Trilayered Interneuron→MEC LV Superficial Pyramidal,MEC LIII Superficial Trilayered Interneuron,MEC LV Superficial Pyramidal,71,68,-1374.680935
